case,problem,cores,makespan,added_copy,original_singlecore,source,plan,speedup,verification,plan_base
case_001,1,1,233110,0,233110,round6,A题研究/直接迭代/第六轮成果/方案/p1/n1/case_001_multicore_res.json,1.0,historical_ledger,repository
case_001,1,2,116868,1152,233110,round6,A题研究/直接迭代/第六轮成果/方案/p1/n2/case_001_multicore_res.json,1.9946435294520313,historical_ledger,repository
case_001,1,3,78545,2304,233110,round6,A题研究/直接迭代/第六轮成果/方案/p1/n3/case_001_multicore_res.json,2.9678528232223567,historical_ledger,repository
case_001,1,4,58984,3456,233110,round6,A题研究/直接迭代/第六轮成果/方案/p1/n4/case_001_multicore_res.json,3.952088702020887,historical_ledger,repository
case_001,1,5,47502,4608,233110,round6,A题研究/直接迭代/第六轮成果/方案/p1/n5/case_001_multicore_res.json,4.9073723211654245,historical_ledger,repository
case_001,2,1,233110,0,233110,round6,A题研究/直接迭代/第六轮成果/方案/p2/n1/case_001_multicore_res.json,1.0,historical_ledger,repository
case_001,2,2,116868,1152,233110,round6,A题研究/直接迭代/第六轮成果/方案/p2/n2/case_001_multicore_res.json,1.9946435294520313,historical_ledger,repository
case_001,2,3,78545,2304,233110,round6,A题研究/直接迭代/第六轮成果/方案/p2/n3/case_001_multicore_res.json,2.9678528232223567,historical_ledger,repository
case_001,2,4,58984,3456,233110,round6,A题研究/直接迭代/第六轮成果/方案/p2/n4/case_001_multicore_res.json,3.952088702020887,historical_ledger,repository
case_001,2,5,47502,4608,233110,round6,A题研究/直接迭代/第六轮成果/方案/p2/n5/case_001_multicore_res.json,4.9073723211654245,historical_ledger,repository
case_001,3,1,233110,0,233110,round6,A题研究/直接迭代/第六轮成果/方案/p3/n1/case_001_multicore_res.json,1.0,historical_ledger,repository
case_001,3,2,116868,1152,233110,round6,A题研究/直接迭代/第六轮成果/方案/p3/n2/case_001_multicore_res.json,1.9946435294520313,historical_ledger,repository
case_001,3,3,78545,2304,233110,round6,A题研究/直接迭代/第六轮成果/方案/p3/n3/case_001_multicore_res.json,2.9678528232223567,historical_ledger,repository
case_001,3,4,58984,3456,233110,round6,A题研究/直接迭代/第六轮成果/方案/p3/n4/case_001_multicore_res.json,3.952088702020887,historical_ledger,repository
case_001,3,5,47502,4608,233110,round6,A题研究/直接迭代/第六轮成果/方案/p3/n5/case_001_multicore_res.json,4.9073723211654245,historical_ledger,repository
case_002,1,1,266518,390144,261945,round6,A题研究/直接迭代/第六轮成果/方案/p1/n1/case_002_multicore_res.json,0.9828416842389632,historical_ledger,repository
case_002,1,2,136619,56832,261945,round6,A题研究/直接迭代/第六轮成果/方案/p1/n2/case_002_multicore_res.json,1.9173394623002658,historical_ledger,repository
case_002,1,3,124560,565248,261945,round6,A题研究/直接迭代/第六轮成果/方案/p1/n3/case_002_multicore_res.json,2.102962427745665,historical_ledger,repository
case_002,1,4,88895,1594368,261945,round6,A题研究/直接迭代/第六轮成果/方案/p1/n4/case_002_multicore_res.json,2.9466786658417234,historical_ledger,repository
case_002,1,5,64296,2165760,261945,my_runs/iterative_holdout_b8_v1/case_002/n5/iterative/summary.json,A题研究/直接迭代/闭环验证_20260925/精选方案/case_002_p1_n5.json,4.074048152295632,historical_ledger,repository
case_002,2,1,261945,0,261945,round6,A题研究/直接迭代/第六轮成果/方案/p2/n1/case_002_multicore_res.json,1.0,historical_ledger,repository
case_002,2,2,125561,3975168,261945,round6,A题研究/直接迭代/第六轮成果/方案/p2/n2/case_002_multicore_res.json,2.086197147203351,historical_ledger,repository
case_002,2,3,82013,632832,261945,round6,A题研究/直接迭代/第六轮成果/方案/p2/n3/case_002_multicore_res.json,3.1939448623998636,historical_ledger,repository
case_002,2,4,63304,595968,261945,round6,A题研究/直接迭代/第六轮成果/方案/p2/n4/case_002_multicore_res.json,4.137890180715279,historical_ledger,repository
case_002,2,5,51207,642048,261945,round6,A题研究/直接迭代/第六轮成果/方案/p2/n5/case_002_multicore_res.json,5.115413908254731,historical_ledger,repository
case_002,3,1,261945,0,261945,round6,A题研究/直接迭代/第六轮成果/方案/p3/n1/case_002_multicore_res.json,1.0,historical_ledger,repository
case_002,3,2,125561,3975168,261945,round6,A题研究/直接迭代/第六轮成果/方案/p3/n2/case_002_multicore_res.json,2.086197147203351,historical_ledger,repository
case_002,3,3,82013,632832,261945,round6,A题研究/直接迭代/第六轮成果/方案/p3/n3/case_002_multicore_res.json,3.1939448623998636,historical_ledger,repository
case_002,3,4,63304,595968,261945,round6,A题研究/直接迭代/第六轮成果/方案/p3/n4/case_002_multicore_res.json,4.137890180715279,historical_ledger,repository
case_002,3,5,51207,642048,261945,round6,A题研究/直接迭代/第六轮成果/方案/p3/n5/case_002_multicore_res.json,5.115413908254731,historical_ledger,repository
case_003,1,1,592320,1314672,602212,round6,A题研究/直接迭代/第六轮成果/方案/p1/n1/case_003_multicore_res.json,1.0167004321988113,historical_ledger,repository
case_003,1,2,538381,98304,602212,round6,A题研究/直接迭代/第六轮成果/方案/p1/n2/case_003_multicore_res.json,1.1185610190552786,historical_ledger,repository
case_003,1,3,538381,98304,602212,round6,A题研究/直接迭代/第六轮成果/方案/p1/n3/case_003_multicore_res.json,1.1185610190552786,historical_ledger,repository
case_003,1,4,538381,98304,602212,round6,A题研究/直接迭代/第六轮成果/方案/p1/n4/case_003_multicore_res.json,1.1185610190552786,historical_ledger,repository
case_003,1,5,347627,9733646,602212,unified_v2_best_known_replayed,新增精选方案/p1/n5/case_003_multicore_res.json,1.7323510544347822,independent_official_replay,delivery
case_003,2,1,602212,0,602212,round6,A题研究/直接迭代/第六轮成果/方案/p2/n1/case_003_multicore_res.json,1.0,historical_ledger,repository
case_003,2,2,321883,6032838,602212,round6,A题研究/直接迭代/第六轮成果/方案/p2/n2/case_003_multicore_res.json,1.8709034027892122,historical_ledger,repository
case_003,2,3,201189,3430748,602212,round6,A题研究/直接迭代/第六轮成果/方案/p2/n3/case_003_multicore_res.json,2.993265039341117,historical_ledger,repository
case_003,2,4,173817,4750638,602212,round6,A题研究/直接迭代/第六轮成果/方案/p2/n4/case_003_multicore_res.json,3.4646323432115387,historical_ledger,repository
case_003,2,5,157029,5783280,602212,round6,A题研究/直接迭代/第六轮成果/方案/p2/n5/case_003_multicore_res.json,3.8350368403288564,historical_ledger,repository
case_003,3,1,602212,0,602212,round6,A题研究/直接迭代/第六轮成果/方案/p3/n1/case_003_multicore_res.json,1.0,historical_ledger,repository
case_003,3,2,321549,6032838,602212,round6,A题研究/直接迭代/第六轮成果/方案/p3/n2/case_003_multicore_res.json,1.8728467511949967,historical_ledger,repository
case_003,3,3,200944,3430748,602212,round6,A题研究/直接迭代/第六轮成果/方案/p3/n3/case_003_multicore_res.json,2.9969145632614063,historical_ledger,repository
case_003,3,4,168221,4750638,602212,round6,A题研究/直接迭代/第六轮成果/方案/p3/n4/case_003_multicore_res.json,3.5798859833195618,historical_ledger,repository
case_003,3,5,145137,5783280,602212,round6,A题研究/直接迭代/第六轮成果/方案/p3/n5/case_003_multicore_res.json,4.149265866043807,historical_ledger,repository
case_004,1,1,392357,0,392357,round6,A题研究/直接迭代/第六轮成果/方案/p1/n1/case_004_multicore_res.json,1.0,historical_ledger,repository
case_004,1,2,199074,110592,392357,round6,A题研究/直接迭代/第六轮成果/方案/p1/n2/case_004_multicore_res.json,1.9709103147573264,historical_ledger,repository
case_004,1,3,134043,221184,392357,round6,A题研究/直接迭代/第六轮成果/方案/p1/n3/case_004_multicore_res.json,2.927098020784375,historical_ledger,repository
case_004,1,4,104188,331776,392357,round6,A题研究/直接迭代/第六轮成果/方案/p1/n4/case_004_multicore_res.json,3.765855952700887,historical_ledger,repository
case_004,1,5,88341,442368,392357,round6,A题研究/直接迭代/第六轮成果/方案/p1/n5/case_004_multicore_res.json,4.441391879195391,historical_ledger,repository
case_004,2,1,392357,0,392357,round6,A题研究/直接迭代/第六轮成果/方案/p2/n1/case_004_multicore_res.json,1.0,historical_ledger,repository
case_004,2,2,197916,125952,392357,round6,A题研究/直接迭代/第六轮成果/方案/p2/n2/case_004_multicore_res.json,1.9824420461205765,historical_ledger,repository
case_004,2,3,130725,1474560,392357,round6,A题研究/直接迭代/第六轮成果/方案/p2/n3/case_004_multicore_res.json,3.001392235609103,historical_ledger,repository
case_004,2,4,100636,1474560,392357,round6,A题研究/直接迭代/第六轮成果/方案/p2/n4/case_004_multicore_res.json,3.8987737986406454,historical_ledger,repository
case_004,2,5,81107,2863104,392357,round6,A题研究/直接迭代/第六轮成果/方案/p2/n5/case_004_multicore_res.json,4.837523271727471,historical_ledger,repository
case_004,3,1,392357,0,392357,round6,A题研究/直接迭代/第六轮成果/方案/p3/n1/case_004_multicore_res.json,1.0,historical_ledger,repository
case_004,3,2,197916,125952,392357,round6,A题研究/直接迭代/第六轮成果/方案/p3/n2/case_004_multicore_res.json,1.9824420461205765,historical_ledger,repository
case_004,3,3,130725,1474560,392357,round6,A题研究/直接迭代/第六轮成果/方案/p3/n3/case_004_multicore_res.json,3.001392235609103,historical_ledger,repository
case_004,3,4,100126,1474560,392357,round6,A题研究/直接迭代/第六轮成果/方案/p3/n4/case_004_multicore_res.json,3.9186325230209937,historical_ledger,repository
case_004,3,5,81107,2863104,392357,round6,A题研究/直接迭代/第六轮成果/方案/p3/n5/case_004_multicore_res.json,4.837523271727471,historical_ledger,repository
case_005,1,1,95537,319314,95618,round6,A题研究/直接迭代/第六轮成果/方案/p1/n1/case_005_multicore_res.json,1.0008478390571192,historical_ledger,repository
case_005,1,2,95439,99558,95618,round6,A题研究/直接迭代/第六轮成果/方案/p1/n2/case_005_multicore_res.json,1.0018755435409004,historical_ledger,repository
case_005,1,3,95439,99558,95618,round6,A题研究/直接迭代/第六轮成果/方案/p1/n3/case_005_multicore_res.json,1.0018755435409004,historical_ledger,repository
case_005,1,4,70732,1362706,95618,round6,A题研究/直接迭代/第六轮成果/方案/p1/n4/case_005_multicore_res.json,1.3518350958547758,historical_ledger,repository
case_005,1,5,70732,1362706,95618,round6,A题研究/直接迭代/第六轮成果/方案/p1/n5/case_005_multicore_res.json,1.3518350958547758,historical_ledger,repository
case_005,2,1,95618,0,95618,round6,A题研究/直接迭代/第六轮成果/方案/p2/n1/case_005_multicore_res.json,1.0,historical_ledger,repository
case_005,2,2,51025,690726,95618,round6,A题研究/直接迭代/第六轮成果/方案/p2/n2/case_005_multicore_res.json,1.8739441450269476,historical_ledger,repository
case_005,2,3,39002,1152972,95618,round6,A题研究/直接迭代/第六轮成果/方案/p2/n3/case_005_multicore_res.json,2.451617865750474,historical_ledger,repository
case_005,2,4,37038,1555314,95618,round6,A题研究/直接迭代/第六轮成果/方案/p2/n4/case_005_multicore_res.json,2.5816188779091744,historical_ledger,repository
case_005,2,5,37038,1555314,95618,round6,A题研究/直接迭代/第六轮成果/方案/p2/n5/case_005_multicore_res.json,2.5816188779091744,historical_ledger,repository
case_005,3,1,95618,0,95618,round6,A题研究/直接迭代/第六轮成果/方案/p3/n1/case_005_multicore_res.json,1.0,historical_ledger,repository
case_005,3,2,50990,690726,95618,round6,A题研究/直接迭代/第六轮成果/方案/p3/n2/case_005_multicore_res.json,1.875230437340655,historical_ledger,repository
case_005,3,3,37103,1152972,95618,round6,A题研究/直接迭代/第六轮成果/方案/p3/n3/case_005_multicore_res.json,2.5770961916826134,historical_ledger,repository
case_005,3,4,34188,1555314,95618,round6,A题研究/直接迭代/第六轮成果/方案/p3/n4/case_005_multicore_res.json,2.796829296829297,historical_ledger,repository
case_005,3,5,34188,1555314,95618,round6,A题研究/直接迭代/第六轮成果/方案/p3/n5/case_005_multicore_res.json,2.796829296829297,historical_ledger,repository
case_006,1,1,82837,16400,82837,round6,A题研究/直接迭代/第六轮成果/方案/p1/n1/case_006_multicore_res.json,1.0,historical_ledger,repository
case_006,1,2,45580,91264,82837,round6,A题研究/直接迭代/第六轮成果/方案/p1/n2/case_006_multicore_res.json,1.8173979815708645,historical_ledger,repository
case_006,1,3,31151,13824,82837,round6,A题研究/直接迭代/第六轮成果/方案/p1/n3/case_006_multicore_res.json,2.6592083721228854,historical_ledger,repository
case_006,1,4,31151,13824,82837,round6,A题研究/直接迭代/第六轮成果/方案/p1/n4/case_006_multicore_res.json,2.6592083721228854,historical_ledger,repository
case_006,1,5,31151,13824,82837,round6,A题研究/直接迭代/第六轮成果/方案/p1/n5/case_006_multicore_res.json,2.6592083721228854,historical_ledger,repository
case_006,2,1,82837,16400,82837,round6,A题研究/直接迭代/第六轮成果/方案/p2/n1/case_006_multicore_res.json,1.0,historical_ledger,repository
case_006,2,2,39362,3456,82837,round6,A题研究/直接迭代/第六轮成果/方案/p2/n2/case_006_multicore_res.json,2.1044916416848736,historical_ledger,repository
case_006,2,3,31151,0,82837,round6,A题研究/直接迭代/第六轮成果/方案/p2/n3/case_006_multicore_res.json,2.6592083721228854,historical_ledger,repository
case_006,2,4,31151,0,82837,round6,A题研究/直接迭代/第六轮成果/方案/p2/n4/case_006_multicore_res.json,2.6592083721228854,historical_ledger,repository
case_006,2,5,20866,355106,82837,unified_v2_best_known_replayed,新增精选方案/p2/n5/case_006_multicore_res.json,3.9699511166490944,independent_official_replay,delivery
case_006,3,1,82837,16400,82837,round6,A题研究/直接迭代/第六轮成果/方案/p3/n1/case_006_multicore_res.json,1.0,historical_ledger,repository
case_006,3,2,39362,3456,82837,round6,A题研究/直接迭代/第六轮成果/方案/p3/n2/case_006_multicore_res.json,2.1044916416848736,historical_ledger,repository
case_006,3,3,31151,0,82837,round6,A题研究/直接迭代/第六轮成果/方案/p3/n3/case_006_multicore_res.json,2.6592083721228854,historical_ledger,repository
case_006,3,4,31151,0,82837,round6,A题研究/直接迭代/第六轮成果/方案/p3/n4/case_006_multicore_res.json,2.6592083721228854,historical_ledger,repository
case_006,3,5,20505,355106,82837,unified_v2_best_known_replayed,新增精选方案/p3/n5/case_006_multicore_res.json,4.039843940502316,independent_official_replay,delivery
case_007,1,1,1013588,82944,1012562,round6,A题研究/直接迭代/第六轮成果/方案/p1/n1/case_007_multicore_res.json,0.9989877543933038,historical_ledger,repository
case_007,1,2,507494,27648,1012562,round6,A题研究/直接迭代/第六轮成果/方案/p1/n2/case_007_multicore_res.json,1.9952196479170197,historical_ledger,repository
case_007,1,3,338094,55296,1012562,round6,A题研究/直接迭代/第六轮成果/方案/p1/n3/case_007_multicore_res.json,2.994912657426633,historical_ledger,repository
case_007,1,4,254398,82944,1012562,round6,A题研究/直接迭代/第六轮成果/方案/p1/n4/case_007_multicore_res.json,3.980227831979811,historical_ledger,repository
case_007,1,5,203834,110592,1012562,round6,A题研究/直接迭代/第六轮成果/方案/p1/n5/case_007_multicore_res.json,4.967581463347626,historical_ledger,repository
case_007,2,1,1012562,0,1012562,round6,A题研究/直接迭代/第六轮成果/方案/p2/n1/case_007_multicore_res.json,1.0,historical_ledger,repository
case_007,2,2,506906,35328,1012562,round6,A题研究/直接迭代/第六轮成果/方案/p2/n2/case_007_multicore_res.json,1.9975340595692297,historical_ledger,repository
case_007,2,3,338094,55296,1012562,round6,A题研究/直接迭代/第六轮成果/方案/p2/n3/case_007_multicore_res.json,2.994912657426633,historical_ledger,repository
case_007,2,4,254398,82944,1012562,round6,A题研究/直接迭代/第六轮成果/方案/p2/n4/case_007_multicore_res.json,3.980227831979811,historical_ledger,repository
case_007,2,5,203530,2260992,1012562,unified_v2_best_known_replayed,新增精选方案/p2/n5/case_007_multicore_res.json,4.975001228320149,independent_official_replay,delivery
case_007,3,1,1012562,0,1012562,round6,A题研究/直接迭代/第六轮成果/方案/p3/n1/case_007_multicore_res.json,1.0,historical_ledger,repository
case_007,3,2,506906,35328,1012562,round6,A题研究/直接迭代/第六轮成果/方案/p3/n2/case_007_multicore_res.json,1.9975340595692297,historical_ledger,repository
case_007,3,3,338094,55296,1012562,round6,A题研究/直接迭代/第六轮成果/方案/p3/n3/case_007_multicore_res.json,2.994912657426633,historical_ledger,repository
case_007,3,4,254398,82944,1012562,round6,A题研究/直接迭代/第六轮成果/方案/p3/n4/case_007_multicore_res.json,3.980227831979811,historical_ledger,repository
case_007,3,5,203530,2293248,1012562,unified_v2_best_known_replayed,新增精选方案/p3/n5/case_007_multicore_res.json,4.975001228320149,independent_official_replay,delivery
case_008,1,1,487605,0,487605,round6,A题研究/直接迭代/第六轮成果/方案/p1/n1/case_008_multicore_res.json,1.0,historical_ledger,repository
case_008,1,2,244266,0,487605,round6,A题研究/直接迭代/第六轮成果/方案/p1/n2/case_008_multicore_res.json,1.9962049568912579,historical_ledger,repository
case_008,1,3,163359,0,487605,round6,A题研究/直接迭代/第六轮成果/方案/p1/n3/case_008_multicore_res.json,2.984867684057811,historical_ledger,repository
case_008,1,4,123060,0,487605,round6,A题研究/直接迭代/第六轮成果/方案/p1/n4/case_008_multicore_res.json,3.962335446123842,historical_ledger,repository
case_008,1,5,100603,0,487605,round6,A题研究/直接迭代/第六轮成果/方案/p1/n5/case_008_multicore_res.json,4.846823653370178,historical_ledger,repository
case_008,2,1,487605,0,487605,round6,A题研究/直接迭代/第六轮成果/方案/p2/n1/case_008_multicore_res.json,1.0,historical_ledger,repository
case_008,2,2,244266,0,487605,round6,A题研究/直接迭代/第六轮成果/方案/p2/n2/case_008_multicore_res.json,1.9962049568912579,historical_ledger,repository
case_008,2,3,163359,0,487605,round6,A题研究/直接迭代/第六轮成果/方案/p2/n3/case_008_multicore_res.json,2.984867684057811,historical_ledger,repository
case_008,2,4,123060,0,487605,round6,A题研究/直接迭代/第六轮成果/方案/p2/n4/case_008_multicore_res.json,3.962335446123842,historical_ledger,repository
case_008,2,5,55855,0,487605,round6,A题研究/直接迭代/第六轮成果/方案/p2/n5/case_008_multicore_res.json,8.729836182973772,historical_ledger,repository
case_008,3,1,487605,0,487605,round6,A题研究/直接迭代/第六轮成果/方案/p3/n1/case_008_multicore_res.json,1.0,historical_ledger,repository
case_008,3,2,244266,0,487605,round6,A题研究/直接迭代/第六轮成果/方案/p3/n2/case_008_multicore_res.json,1.9962049568912579,historical_ledger,repository
case_008,3,3,163359,0,487605,round6,A题研究/直接迭代/第六轮成果/方案/p3/n3/case_008_multicore_res.json,2.984867684057811,historical_ledger,repository
case_008,3,4,123060,0,487605,round6,A题研究/直接迭代/第六轮成果/方案/p3/n4/case_008_multicore_res.json,3.962335446123842,historical_ledger,repository
case_008,3,5,55855,0,487605,round6,A题研究/直接迭代/第六轮成果/方案/p3/n5/case_008_multicore_res.json,8.729836182973772,historical_ledger,repository
case_009,1,1,153745,80024,153261,round6,A题研究/直接迭代/第六轮成果/方案/p1/n1/case_009_multicore_res.json,0.9968519301440697,historical_ledger,repository
case_009,1,2,91819,193618,153261,round6,A题研究/直接迭代/第六轮成果/方案/p1/n2/case_009_multicore_res.json,1.6691643341792004,historical_ledger,repository
case_009,1,3,91819,193618,153261,round6,A题研究/直接迭代/第六轮成果/方案/p1/n3/case_009_multicore_res.json,1.6691643341792004,historical_ledger,repository
case_009,1,4,91819,193618,153261,round6,A题研究/直接迭代/第六轮成果/方案/p1/n4/case_009_multicore_res.json,1.6691643341792004,historical_ledger,repository
case_009,1,5,83830,447056,153261,round6,A题研究/直接迭代/第六轮成果/方案/p1/n5/case_009_multicore_res.json,1.8282357151377788,historical_ledger,repository
case_009,2,1,153261,0,153261,round6,A题研究/直接迭代/第六轮成果/方案/p2/n1/case_009_multicore_res.json,1.0,historical_ledger,repository
case_009,2,2,87935,366080,153261,round6,A题研究/直接迭代/第六轮成果/方案/p2/n2/case_009_multicore_res.json,1.7428896343890374,historical_ledger,repository
case_009,2,3,85607,6656,153261,round6,A题研究/直接迭代/第六轮成果/方案/p2/n3/case_009_multicore_res.json,1.790285841111124,historical_ledger,repository
case_009,2,4,58230,1094910,153261,round6,A题研究/直接迭代/第六轮成果/方案/p2/n4/case_009_multicore_res.json,2.6319938176197835,historical_ledger,repository
case_009,2,5,51788,1328826,153261,round6,A题研究/直接迭代/第六轮成果/方案/p2/n5/case_009_multicore_res.json,2.959392137174635,historical_ledger,repository
case_009,3,1,153261,0,153261,round6,A题研究/直接迭代/第六轮成果/方案/p3/n1/case_009_multicore_res.json,1.0,historical_ledger,repository
case_009,3,2,87935,366080,153261,round6,A题研究/直接迭代/第六轮成果/方案/p3/n2/case_009_multicore_res.json,1.7428896343890374,historical_ledger,repository
case_009,3,3,85607,6656,153261,round6,A题研究/直接迭代/第六轮成果/方案/p3/n3/case_009_multicore_res.json,1.790285841111124,historical_ledger,repository
case_009,3,4,56944,1094910,153261,round6,A题研究/直接迭代/第六轮成果/方案/p3/n4/case_009_multicore_res.json,2.69143368923855,historical_ledger,repository
case_009,3,5,47234,1328826,153261,round6,A题研究/直接迭代/第六轮成果/方案/p3/n5/case_009_multicore_res.json,3.2447177880340434,historical_ledger,repository
case_010,1,1,86969,0,86969,round6,A题研究/直接迭代/第六轮成果/方案/p1/n1/case_010_multicore_res.json,1.0,historical_ledger,repository
case_010,1,2,45626,48384,86969,round6,A题研究/直接迭代/第六轮成果/方案/p1/n2/case_010_multicore_res.json,1.9061280848638933,historical_ledger,repository
case_010,1,3,30689,48384,86969,round6,A题研究/直接迭代/第六轮成果/方案/p1/n3/case_010_multicore_res.json,2.833881846915833,historical_ledger,repository
case_010,1,4,29780,362880,86969,round6,A题研究/直接迭代/第六轮成果/方案/p1/n4/case_010_multicore_res.json,2.92038280725319,historical_ledger,repository
case_010,1,5,29780,362880,86969,round6,A题研究/直接迭代/第六轮成果/方案/p1/n5/case_010_multicore_res.json,2.92038280725319,historical_ledger,repository
case_010,2,1,86969,0,86969,round6,A题研究/直接迭代/第六轮成果/方案/p2/n1/case_010_multicore_res.json,1.0,historical_ledger,repository
case_010,2,2,41049,1561020,86969,round6,A题研究/直接迭代/第六轮成果/方案/p2/n2/case_010_multicore_res.json,2.118663061219518,historical_ledger,repository
case_010,2,3,29848,10368,86969,round6,A题研究/直接迭代/第六轮成果/方案/p2/n3/case_010_multicore_res.json,2.9137295631198072,historical_ledger,repository
case_010,2,4,29617,133632,86969,round6,A题研究/直接迭代/第六轮成果/方案/p2/n4/case_010_multicore_res.json,2.936455414120269,historical_ledger,repository
case_010,2,5,19138,554512,86969,round6,A题研究/直接迭代/第六轮成果/方案/p2/n5/case_010_multicore_res.json,4.544309750235135,historical_ledger,repository
case_010,3,1,86969,0,86969,round6,A题研究/直接迭代/第六轮成果/方案/p3/n1/case_010_multicore_res.json,1.0,historical_ledger,repository
case_010,3,2,40461,1561020,86969,round6,A题研究/直接迭代/第六轮成果/方案/p3/n2/case_010_multicore_res.json,2.1494525592545908,historical_ledger,repository
case_010,3,3,29848,10368,86969,round6,A题研究/直接迭代/第六轮成果/方案/p3/n3/case_010_multicore_res.json,2.9137295631198072,historical_ledger,repository
case_010,3,4,29617,133632,86969,round6,A题研究/直接迭代/第六轮成果/方案/p3/n4/case_010_multicore_res.json,2.936455414120269,historical_ledger,repository
case_010,3,5,18544,554512,86969,round6,A题研究/直接迭代/第六轮成果/方案/p3/n5/case_010_multicore_res.json,4.68987273511648,historical_ledger,repository
case_011,1,1,184697,0,184697,round6,A题研究/直接迭代/第六轮成果/方案/p1/n1/case_011_multicore_res.json,1.0,historical_ledger,repository
case_011,1,2,92646,180224,184697,round6,A题研究/直接迭代/第六轮成果/方案/p1/n2/case_011_multicore_res.json,1.9935777043801135,historical_ledger,repository
case_011,1,3,69625,1081344,184697,round6,A题研究/直接迭代/第六轮成果/方案/p1/n3/case_011_multicore_res.json,2.6527396768402154,historical_ledger,repository
case_011,1,4,46880,540672,184697,round6,A题研究/直接迭代/第六轮成果/方案/p1/n4/case_011_multicore_res.json,3.9397824232081913,historical_ledger,repository
case_011,1,5,46880,540672,184697,round6,A题研究/直接迭代/第六轮成果/方案/p1/n5/case_011_multicore_res.json,3.9397824232081913,historical_ledger,repository
case_011,2,1,184697,0,184697,round6,A题研究/直接迭代/第六轮成果/方案/p2/n1/case_011_multicore_res.json,1.0,historical_ledger,repository
case_011,2,2,92646,180224,184697,round6,A题研究/直接迭代/第六轮成果/方案/p2/n2/case_011_multicore_res.json,1.9935777043801135,historical_ledger,repository
case_011,2,3,62289,2535424,184697,round6,A题研究/直接迭代/第六轮成果/方案/p2/n3/case_011_multicore_res.json,2.9651623882226397,historical_ledger,repository
case_011,2,4,46880,540672,184697,round6,A题研究/直接迭代/第六轮成果/方案/p2/n4/case_011_multicore_res.json,3.9397824232081913,historical_ledger,repository
case_011,2,5,46777,811008,184697,unified_v2_best_known_replayed,新增精选方案/p2/n5/case_011_multicore_res.json,3.9484575753041025,independent_official_replay,delivery
case_011,3,1,184697,0,184697,round6,A题研究/直接迭代/第六轮成果/方案/p3/n1/case_011_multicore_res.json,1.0,historical_ledger,repository
case_011,3,2,92646,180224,184697,round6,A题研究/直接迭代/第六轮成果/方案/p3/n2/case_011_multicore_res.json,1.9935777043801135,historical_ledger,repository
case_011,3,3,62289,2535424,184697,round6,A题研究/直接迭代/第六轮成果/方案/p3/n3/case_011_multicore_res.json,2.9651623882226397,historical_ledger,repository
case_011,3,4,46880,540672,184697,round6,A题研究/直接迭代/第六轮成果/方案/p3/n4/case_011_multicore_res.json,3.9397824232081913,historical_ledger,repository
case_011,3,5,38462,1558528,184697,unified_v2_best_known_replayed,新增精选方案/p3/n5/case_011_multicore_res.json,4.802064375227498,independent_official_replay,delivery
case_012,1,1,59088,0,59088,round6,A题研究/直接迭代/第六轮成果/方案/p1/n1/case_012_multicore_res.json,1.0,historical_ledger,repository
case_012,1,2,29964,13248,59088,round6,A题研究/直接迭代/第六轮成果/方案/p1/n2/case_012_multicore_res.json,1.971966359631558,historical_ledger,repository
case_012,1,3,19924,32832,59088,round6,A题研究/直接迭代/第六轮成果/方案/p1/n3/case_012_multicore_res.json,2.965669544268219,historical_ledger,repository
case_012,1,4,17253,39168,59088,round6,A题研究/直接迭代/第六轮成果/方案/p1/n4/case_012_multicore_res.json,3.424795687706486,historical_ledger,repository
case_012,1,5,14139,29376,59088,round6,A题研究/直接迭代/第六轮成果/方案/p1/n5/case_012_multicore_res.json,4.17907914279652,historical_ledger,repository
case_012,2,1,59088,0,59088,round6,A题研究/直接迭代/第六轮成果/方案/p2/n1/case_012_multicore_res.json,1.0,historical_ledger,repository
case_012,2,2,26437,12096,59088,round6,A题研究/直接迭代/第六轮成果/方案/p2/n2/case_012_multicore_res.json,2.2350493626356998,historical_ledger,repository
case_012,2,3,17932,32064,59088,round6,A题研究/直接迭代/第六轮成果/方案/p2/n3/case_012_multicore_res.json,3.295114878429623,historical_ledger,repository
case_012,2,4,14747,3456,59088,round6,A题研究/直接迭代/第六轮成果/方案/p2/n4/case_012_multicore_res.json,4.0067810402115684,historical_ledger,repository
case_012,2,5,12452,0,59088,round6,A题研究/直接迭代/第六轮成果/方案/p2/n5/case_012_multicore_res.json,4.745261805332476,historical_ledger,repository
case_012,3,1,59088,0,59088,round6,A题研究/直接迭代/第六轮成果/方案/p3/n1/case_012_multicore_res.json,1.0,historical_ledger,repository
case_012,3,2,26437,12096,59088,round6,A题研究/直接迭代/第六轮成果/方案/p3/n2/case_012_multicore_res.json,2.2350493626356998,historical_ledger,repository
case_012,3,3,17932,32064,59088,round6,A题研究/直接迭代/第六轮成果/方案/p3/n3/case_012_multicore_res.json,3.295114878429623,historical_ledger,repository
case_012,3,4,14747,3456,59088,round6,A题研究/直接迭代/第六轮成果/方案/p3/n4/case_012_multicore_res.json,4.0067810402115684,historical_ledger,repository
case_012,3,5,12452,0,59088,round6,A题研究/直接迭代/第六轮成果/方案/p3/n5/case_012_multicore_res.json,4.745261805332476,historical_ledger,repository
case_013,1,1,264286,8192,263949,round6,A题研究/直接迭代/第六轮成果/方案/p1/n1/case_013_multicore_res.json,0.9987248662433879,historical_ledger,repository
case_013,1,2,132198,8192,263949,round6,A题研究/直接迭代/第六轮成果/方案/p1/n2/case_013_multicore_res.json,1.9966187083011846,historical_ledger,repository
case_013,1,3,88351,16384,263949,round6,A题研究/直接迭代/第六轮成果/方案/p1/n3/case_013_multicore_res.json,2.98750438591527,historical_ledger,repository
case_013,1,4,66982,24576,263949,round6,A题研究/直接迭代/第六轮成果/方案/p1/n4/case_013_multicore_res.json,3.9405959810098237,historical_ledger,repository
case_013,1,5,54363,32768,263949,round6,A题研究/直接迭代/第六轮成果/方案/p1/n5/case_013_multicore_res.json,4.855305998565201,historical_ledger,repository
case_013,2,1,263949,0,263949,round6,A题研究/直接迭代/第六轮成果/方案/p2/n1/case_013_multicore_res.json,1.0,historical_ledger,repository
case_013,2,2,132198,8192,263949,round6,A题研究/直接迭代/第六轮成果/方案/p2/n2/case_013_multicore_res.json,1.9966187083011846,historical_ledger,repository
case_013,2,3,88351,16384,263949,round6,A题研究/直接迭代/第六轮成果/方案/p2/n3/case_013_multicore_res.json,2.98750438591527,historical_ledger,repository
case_013,2,4,66982,24576,263949,round6,A题研究/直接迭代/第六轮成果/方案/p2/n4/case_013_multicore_res.json,3.9405959810098237,historical_ledger,repository
case_013,2,5,53708,45056,263949,round6,A题研究/直接迭代/第六轮成果/方案/p2/n5/case_013_multicore_res.json,4.914519252252923,historical_ledger,repository
case_013,3,1,263949,0,263949,round6,A题研究/直接迭代/第六轮成果/方案/p3/n1/case_013_multicore_res.json,1.0,historical_ledger,repository
case_013,3,2,132198,8192,263949,round6,A题研究/直接迭代/第六轮成果/方案/p3/n2/case_013_multicore_res.json,1.9966187083011846,historical_ledger,repository
case_013,3,3,88351,16384,263949,round6,A题研究/直接迭代/第六轮成果/方案/p3/n3/case_013_multicore_res.json,2.98750438591527,historical_ledger,repository
case_013,3,4,66958,24576,263949,round6,A题研究/直接迭代/第六轮成果/方案/p3/n4/case_013_multicore_res.json,3.9420084231906567,historical_ledger,repository
case_013,3,5,53418,45056,263949,round6,A题研究/直接迭代/第六轮成果/方案/p3/n5/case_013_multicore_res.json,4.941199595641918,historical_ledger,repository
case_014,1,1,17453918,101137416,17698626,unified_v2_best_known_replayed,新增精选方案/p1/n1/case_014_multicore_res.json,1.01402023316484,independent_official_replay,delivery
case_014,1,2,8809441,100009368,17698626,unified_v2_best_known_replayed,新增精选方案/p1/n2/case_014_multicore_res.json,2.0090521067114246,independent_official_replay,delivery
case_014,1,3,5934863,98997144,17698626,unified_v2_best_known_replayed,新增精选方案/p1/n3/case_014_multicore_res.json,2.982145670422384,independent_official_replay,delivery
case_014,1,4,4513468,101075352,17698626,unified_v2_best_known_replayed,新增精选方案/p1/n4/case_014_multicore_res.json,3.921292008717022,independent_official_replay,delivery
case_014,1,5,3641147,133995816,17698626,round6,A题研究/直接迭代/第六轮成果/方案/p1/n5/case_014_multicore_res.json,4.860728226572561,historical_ledger,repository
case_014,2,1,17662956,56372640,17698626,unified_v2_best_known_replayed,新增精选方案/p2/n1/case_014_multicore_res.json,1.0020194807709424,independent_official_replay,delivery
case_014,2,2,8816332,84413112,17698626,round6,A题研究/直接迭代/第六轮成果/方案/p2/n2/case_014_multicore_res.json,2.0074817962844413,historical_ledger,repository
case_014,2,3,5963301,82715304,17698626,round6,A题研究/直接迭代/第六轮成果/方案/p2/n3/case_014_multicore_res.json,2.96792430903622,historical_ledger,repository
case_014,2,4,4517885,98239944,17698626,round6,A题研究/直接迭代/第六轮成果/方案/p2/n4/case_014_multicore_res.json,3.917458279703888,historical_ledger,repository
case_014,2,5,3674889,91061544,17698626,unified_v2_best_known_replayed,新增精选方案/p2/n5/case_014_multicore_res.json,4.816098118881958,independent_official_replay,delivery
case_014,3,1,17589991,58536768,17698626,unified_v2_best_known_replayed,新增精选方案/p3/n1/case_014_multicore_res.json,1.0061759554055485,independent_official_replay,delivery
case_014,3,2,8799327,84413112,17698626,round6,A题研究/直接迭代/第六轮成果/方案/p3/n2/case_014_multicore_res.json,2.011361323428485,historical_ledger,repository
case_014,3,3,5949209,82715304,17698626,round6,A题研究/直接迭代/第六轮成果/方案/p3/n3/case_014_multicore_res.json,2.9749544855458936,historical_ledger,repository
case_014,3,4,4484616,98239944,17698626,round6,A题研究/直接迭代/第六轮成果/方案/p3/n4/case_014_multicore_res.json,3.9465198358120293,historical_ledger,repository
case_014,3,5,3646327,57797928,17698626,unified_v2_best_known_replayed,新增精选方案/p3/n5/case_014_multicore_res.json,4.8538230389101145,independent_official_replay,delivery
case_015,1,1,177362,180256,177362,round6,A题研究/直接迭代/第六轮成果/方案/p1/n1/case_015_multicore_res.json,1.0,historical_ledger,repository
case_015,1,2,87789,342532,177362,round6,A题研究/直接迭代/第六轮成果/方案/p1/n2/case_015_multicore_res.json,2.0203214525737847,historical_ledger,repository
case_015,1,3,61193,521472,177362,round6,A题研究/直接迭代/第六轮成果/方案/p1/n3/case_015_multicore_res.json,2.898403412154985,historical_ledger,repository
case_015,1,4,50093,532992,177362,round6,A题研究/直接迭代/第六轮成果/方案/p1/n4/case_015_multicore_res.json,3.5406543828479027,historical_ledger,repository
case_015,1,5,43411,321536,177362,round6,A题研究/直接迭代/第六轮成果/方案/p1/n5/case_015_multicore_res.json,4.085646495127963,historical_ledger,repository
case_015,2,1,177362,180256,177362,round6,A题研究/直接迭代/第六轮成果/方案/p2/n1/case_015_multicore_res.json,1.0,historical_ledger,repository
case_015,2,2,82882,109824,177362,round6,A题研究/直接迭代/第六轮成果/方案/p2/n2/case_015_multicore_res.json,2.139933881904394,historical_ledger,repository
case_015,2,3,54594,208128,177362,round6,A题研究/直接迭代/第六轮成果/方案/p2/n3/case_015_multicore_res.json,3.2487452833644723,historical_ledger,repository
case_015,2,4,49885,231168,177362,round6,A题研究/直接迭代/第六轮成果/方案/p2/n4/case_015_multicore_res.json,3.555417460158364,historical_ledger,repository
case_015,2,5,42588,313344,177362,round6,A题研究/直接迭代/第六轮成果/方案/p2/n5/case_015_multicore_res.json,4.164600356908049,historical_ledger,repository
case_015,3,1,177362,180256,177362,round6,A题研究/直接迭代/第六轮成果/方案/p3/n1/case_015_multicore_res.json,1.0,historical_ledger,repository
case_015,3,2,82882,109824,177362,round6,A题研究/直接迭代/第六轮成果/方案/p3/n2/case_015_multicore_res.json,2.139933881904394,historical_ledger,repository
case_015,3,3,54545,208128,177362,round6,A题研究/直接迭代/第六轮成果/方案/p3/n3/case_015_multicore_res.json,3.251663763864699,historical_ledger,repository
case_015,3,4,49853,219648,177362,round6,A题研究/直接迭代/第六轮成果/方案/p3/n4/case_015_multicore_res.json,3.5576996369325817,historical_ledger,repository
case_015,3,5,42588,313344,177362,round6,A题研究/直接迭代/第六轮成果/方案/p3/n5/case_015_multicore_res.json,4.164600356908049,historical_ledger,repository
case_016,1,1,7731302,7274944,7715523,round6,A题研究/直接迭代/第六轮成果/方案/p1/n1/case_016_multicore_res.json,0.9979590759745254,historical_ledger,repository
case_016,1,2,4840474,119556560,7715523,round6,A题研究/直接迭代/第六轮成果/方案/p1/n2/case_016_multicore_res.json,1.5939602195983287,historical_ledger,repository
case_016,1,3,3971606,119556560,7715523,round6,A题研究/直接迭代/第六轮成果/方案/p1/n3/case_016_multicore_res.json,1.9426707986643186,historical_ledger,repository
case_016,1,4,3667614,119557776,7715523,round6,A题研究/直接迭代/第六轮成果/方案/p1/n4/case_016_multicore_res.json,2.1036900284490136,historical_ledger,repository
case_016,1,5,3223183,119555952,7715523,previous_joint_delivery,A题研究/直接迭代/联合推进成果_20260925/方案/case_016_p1_n5.json,2.3937589023024755,historical_ledger,repository
case_016,2,1,7715523,0,7715523,round6,A题研究/直接迭代/第六轮成果/方案/p2/n1/case_016_multicore_res.json,1.0,historical_ledger,repository
case_016,2,2,4027025,404196,7715523,round6,A题研究/直接迭代/第六轮成果/方案/p2/n2/case_016_multicore_res.json,1.9159362060081573,historical_ledger,repository
case_016,2,3,2877801,275564,7715523,round6,A题研究/直接迭代/第六轮成果/方案/p2/n3/case_016_multicore_res.json,2.68104813362703,historical_ledger,repository
case_016,2,4,2240038,212460,7715523,round6,A题研究/直接迭代/第六轮成果/方案/p2/n4/case_016_multicore_res.json,3.444371479412403,historical_ledger,repository
case_016,2,5,1971422,40388464,7715523,round6,A题研究/直接迭代/第六轮成果/方案/p2/n5/case_016_multicore_res.json,3.913684132570297,historical_ledger,repository
case_016,3,1,7715523,0,7715523,round6,A题研究/直接迭代/第六轮成果/方案/p3/n1/case_016_multicore_res.json,1.0,historical_ledger,repository
case_016,3,2,4026193,404196,7715523,round6,A题研究/直接迭代/第六轮成果/方案/p3/n2/case_016_multicore_res.json,1.9163321281418948,historical_ledger,repository
case_016,3,3,2877208,275564,7715523,round6,A题研究/直接迭代/第六轮成果/方案/p3/n3/case_016_multicore_res.json,2.6816007045719323,historical_ledger,repository
case_016,3,4,2239547,212460,7715523,round6,A题研究/直接迭代/第六轮成果/方案/p3/n4/case_016_multicore_res.json,3.4451266260542868,historical_ledger,repository
case_016,3,5,1969193,40388464,7715523,round6,A题研究/直接迭代/第六轮成果/方案/p3/n5/case_016_multicore_res.json,3.9181141716429013,historical_ledger,repository
case_017,1,1,162946,22528,162810,round6,A题研究/直接迭代/第六轮成果/方案/p1/n1/case_017_multicore_res.json,0.9991653676678164,historical_ledger,repository
case_017,1,2,83047,87552,162810,round6,A题研究/直接迭代/第六轮成果/方案/p1/n2/case_017_multicore_res.json,1.9604561272532421,historical_ledger,repository
case_017,1,3,56882,176256,162810,round6,A题研究/直接迭代/第六轮成果/方案/p1/n3/case_017_multicore_res.json,2.862241130761928,historical_ledger,repository
case_017,1,4,42384,259200,162810,round6,A题研究/直接迭代/第六轮成果/方案/p1/n4/case_017_multicore_res.json,3.841308040770102,historical_ledger,repository
case_017,1,5,35340,329472,162810,round6,A题研究/直接迭代/第六轮成果/方案/p1/n5/case_017_multicore_res.json,4.606960950764007,historical_ledger,repository
case_017,2,1,162810,22528,162810,round6,A题研究/直接迭代/第六轮成果/方案/p2/n1/case_017_multicore_res.json,1.0,historical_ledger,repository
case_017,2,2,71999,87552,162810,round6,A题研究/直接迭代/第六轮成果/方案/p2/n2/case_017_multicore_res.json,2.261281406686204,historical_ledger,repository
case_017,2,3,49831,175104,162810,round6,A题研究/直接迭代/第六轮成果/方案/p2/n3/case_017_multicore_res.json,3.2672432822941544,historical_ledger,repository
case_017,2,4,37645,259200,162810,round6,A题研究/直接迭代/第六轮成果/方案/p2/n4/case_017_multicore_res.json,4.324877141718687,historical_ledger,repository
case_017,2,5,32681,340992,162810,round6,A题研究/直接迭代/第六轮成果/方案/p2/n5/case_017_multicore_res.json,4.981793702763073,historical_ledger,repository
case_017,3,1,162810,22528,162810,round6,A题研究/直接迭代/第六轮成果/方案/p3/n1/case_017_multicore_res.json,1.0,historical_ledger,repository
case_017,3,2,71999,87552,162810,round6,A题研究/直接迭代/第六轮成果/方案/p3/n2/case_017_multicore_res.json,2.261281406686204,historical_ledger,repository
case_017,3,3,49831,175104,162810,round6,A题研究/直接迭代/第六轮成果/方案/p3/n3/case_017_multicore_res.json,3.2672432822941544,historical_ledger,repository
case_017,3,4,37645,259200,162810,round6,A题研究/直接迭代/第六轮成果/方案/p3/n4/case_017_multicore_res.json,4.324877141718687,historical_ledger,repository
case_017,3,5,32681,340992,162810,round6,A题研究/直接迭代/第六轮成果/方案/p3/n5/case_017_multicore_res.json,4.981793702763073,historical_ledger,repository
case_018,1,1,1000826,2535424,1004367,round6,A题研究/直接迭代/第六轮成果/方案/p1/n1/case_018_multicore_res.json,1.0035380775479454,historical_ledger,repository
case_018,1,2,504468,3253248,1004367,round6,A题研究/直接迭代/第六轮成果/方案/p1/n2/case_018_multicore_res.json,1.9909429339422917,historical_ledger,repository
case_018,1,3,339838,4075904,1004367,round6,A题研究/直接迭代/第六轮成果/方案/p1/n3/case_018_multicore_res.json,2.9554287631165437,historical_ledger,repository
case_018,1,4,254635,6577920,1004367,round6,A题研究/直接迭代/第六轮成果/方案/p1/n4/case_018_multicore_res.json,3.9443399375576806,historical_ledger,repository
case_018,1,5,205917,5320704,1004367,round6,A题研究/直接迭代/第六轮成果/方案/p1/n5/case_018_multicore_res.json,4.8775331808447095,historical_ledger,repository
case_018,2,1,1004367,1970176,1004367,round6,A题研究/直接迭代/第六轮成果/方案/p2/n1/case_018_multicore_res.json,1.0,historical_ledger,repository
case_018,2,2,502396,3253248,1004367,round6,A题研究/直接迭代/第六轮成果/方案/p2/n2/case_018_multicore_res.json,1.9991540537743135,historical_ledger,repository
case_018,2,3,337775,4075904,1004367,round6,A题研究/直接迭代/第六轮成果/方案/p2/n3/case_018_multicore_res.json,2.973479387166013,historical_ledger,repository
case_018,2,4,254221,4880128,1004367,round6,A题研究/直接迭代/第六轮成果/方案/p2/n4/case_018_multicore_res.json,3.950763312236204,historical_ledger,repository
case_018,2,5,204654,5324800,1004367,round6,A题研究/直接迭代/第六轮成果/方案/p2/n5/case_018_multicore_res.json,4.907634348705621,historical_ledger,repository
case_018,3,1,1003110,1970176,1004367,round6,A题研究/直接迭代/第六轮成果/方案/p3/n1/case_018_multicore_res.json,1.0012531028501361,historical_ledger,repository
case_018,3,2,500499,3253248,1004367,round6,A题研究/直接迭代/第六轮成果/方案/p3/n2/case_018_multicore_res.json,2.0067312821803838,historical_ledger,repository
case_018,3,3,336999,4075904,1004367,round6,A题研究/直接迭代/第六轮成果/方案/p3/n3/case_018_multicore_res.json,2.980326351116769,historical_ledger,repository
case_018,3,4,253930,4880128,1004367,round6,A题研究/直接迭代/第六轮成果/方案/p3/n4/case_018_multicore_res.json,3.9552908281809946,historical_ledger,repository
case_018,3,5,201238,5324800,1004367,round6,A题研究/直接迭代/第六轮成果/方案/p3/n5/case_018_multicore_res.json,4.990941074747314,historical_ledger,repository
case_019,1,1,81144,0,81144,round6,A题研究/直接迭代/第六轮成果/方案/p1/n1/case_019_multicore_res.json,1.0,historical_ledger,repository
case_019,1,2,41238,27168,81144,round6,A题研究/直接迭代/第六轮成果/方案/p1/n2/case_019_multicore_res.json,1.9676996944565692,historical_ledger,repository
case_019,1,3,28986,27168,81144,round6,A题研究/直接迭代/第六轮成果/方案/p1/n3/case_019_multicore_res.json,2.7994204098530324,historical_ledger,repository
case_019,1,4,24099,51744,81144,round6,A题研究/直接迭代/第六轮成果/方案/p1/n4/case_019_multicore_res.json,3.3671106684924688,historical_ledger,repository
case_019,1,5,19414,289924,81144,round6,A题研究/直接迭代/第六轮成果/方案/p1/n5/case_019_multicore_res.json,4.179664159884619,historical_ledger,repository
case_019,2,1,77857,0,81144,round6,A题研究/直接迭代/第六轮成果/方案/p2/n1/case_019_multicore_res.json,1.0422184260888552,historical_ledger,repository
case_019,2,2,31100,1043448,81144,round6,A题研究/直接迭代/第六轮成果/方案/p2/n2/case_019_multicore_res.json,2.6091318327974276,historical_ledger,repository
case_019,2,3,24938,974368,81144,round6,A题研究/直接迭代/第六轮成果/方案/p2/n3/case_019_multicore_res.json,3.2538294971529393,historical_ledger,repository
case_019,2,4,22443,51744,81144,round6,A题研究/直接迭代/第六轮成果/方案/p2/n4/case_019_multicore_res.json,3.615559417190215,historical_ledger,repository
case_019,2,5,16220,379948,81144,unified_v2_best_known_replayed,新增精选方案/p2/n5/case_019_multicore_res.json,5.002712700369914,independent_official_replay,delivery
case_019,3,1,77857,0,81144,round6,A题研究/直接迭代/第六轮成果/方案/p3/n1/case_019_multicore_res.json,1.0422184260888552,historical_ledger,repository
case_019,3,2,30570,1043448,81144,round6,A题研究/直接迭代/第六轮成果/方案/p3/n2/case_019_multicore_res.json,2.654367026496565,historical_ledger,repository
case_019,3,3,23552,974368,81144,round6,A题研究/直接迭代/第六轮成果/方案/p3/n3/case_019_multicore_res.json,3.4453125,historical_ledger,repository
case_019,3,4,22443,51744,81144,round6,A题研究/直接迭代/第六轮成果/方案/p3/n4/case_019_multicore_res.json,3.615559417190215,historical_ledger,repository
case_019,3,5,15396,272468,81144,unified_v2_best_known_replayed,新增精选方案/p3/n5/case_019_multicore_res.json,5.270459859703819,independent_official_replay,delivery
case_020,1,1,534174,0,532746,round6,A题研究/直接迭代/第六轮成果/方案/p1/n1/case_020_multicore_res.json,0.9973267137674241,historical_ledger,repository
case_020,1,2,266580,0,532746,round6,A题研究/直接迭代/第六轮成果/方案/p1/n2/case_020_multicore_res.json,1.9984469952734638,historical_ledger,repository
case_020,1,3,177950,0,532746,round6,A题研究/直接迭代/第六轮成果/方案/p1/n3/case_020_multicore_res.json,2.993796010115201,historical_ledger,repository
case_020,1,4,133704,0,532746,round6,A题研究/直接迭代/第六轮成果/方案/p1/n4/case_020_multicore_res.json,3.984518039849219,historical_ledger,repository
case_020,1,5,107494,0,532746,round6,A题研究/直接迭代/第六轮成果/方案/p1/n5/case_020_multicore_res.json,4.95605336111783,historical_ledger,repository
case_020,2,1,532746,0,532746,round6,A题研究/直接迭代/第六轮成果/方案/p2/n1/case_020_multicore_res.json,1.0,historical_ledger,repository
case_020,2,2,266580,0,532746,round6,A题研究/直接迭代/第六轮成果/方案/p2/n2/case_020_multicore_res.json,1.9984469952734638,historical_ledger,repository
case_020,2,3,177950,0,532746,round6,A题研究/直接迭代/第六轮成果/方案/p2/n3/case_020_multicore_res.json,2.993796010115201,historical_ledger,repository
case_020,2,4,133704,0,532746,round6,A题研究/直接迭代/第六轮成果/方案/p2/n4/case_020_multicore_res.json,3.984518039849219,historical_ledger,repository
case_020,2,5,107187,0,532746,round6,A题研究/直接迭代/第六轮成果/方案/p2/n5/case_020_multicore_res.json,4.97024825771782,historical_ledger,repository
case_020,3,1,532746,0,532746,round6,A题研究/直接迭代/第六轮成果/方案/p3/n1/case_020_multicore_res.json,1.0,historical_ledger,repository
case_020,3,2,266580,0,532746,round6,A题研究/直接迭代/第六轮成果/方案/p3/n2/case_020_multicore_res.json,1.9984469952734638,historical_ledger,repository
case_020,3,3,177950,0,532746,round6,A题研究/直接迭代/第六轮成果/方案/p3/n3/case_020_multicore_res.json,2.993796010115201,historical_ledger,repository
case_020,3,4,133704,0,532746,round6,A题研究/直接迭代/第六轮成果/方案/p3/n4/case_020_multicore_res.json,3.984518039849219,historical_ledger,repository
case_020,3,5,107187,0,532746,round6,A题研究/直接迭代/第六轮成果/方案/p3/n5/case_020_multicore_res.json,4.97024825771782,historical_ledger,repository
case_021,1,1,6484242,5222400,6567937,round6,A题研究/直接迭代/第六轮成果/方案/p1/n1/case_021_multicore_res.json,1.0129074454654838,historical_ledger,repository
case_021,1,2,3102580,6656000,6567937,round6,A题研究/直接迭代/第六轮成果/方案/p1/n2/case_021_multicore_res.json,2.1169275248341703,historical_ledger,repository
case_021,1,3,2118096,5883904,6567937,round6,A题研究/直接迭代/第六轮成果/方案/p1/n3/case_021_multicore_res.json,3.1008684214502082,historical_ledger,repository
case_021,1,4,1550324,4608000,6567937,round6,A题研究/直接迭代/第六轮成果/方案/p1/n4/case_021_multicore_res.json,4.236493145948847,historical_ledger,repository
case_021,1,5,1243902,7372800,6567937,round6,A题研究/直接迭代/第六轮成果/方案/p1/n5/case_021_multicore_res.json,5.280108079253832,historical_ledger,repository
case_021,2,1,6567937,4501504,6567937,round6,A题研究/直接迭代/第六轮成果/方案/p2/n1/case_021_multicore_res.json,1.0,historical_ledger,repository
case_021,2,2,3193754,3174400,6567937,round6,A题研究/直接迭代/第六轮成果/方案/p2/n2/case_021_multicore_res.json,2.0564943323750047,historical_ledger,repository
case_021,2,3,2101778,6299648,6567937,round6,A题研究/直接迭代/第六轮成果/方案/p2/n3/case_021_multicore_res.json,3.1249432623236135,historical_ledger,repository
case_021,2,4,1550324,4608000,6567937,round6,A题研究/直接迭代/第六轮成果/方案/p2/n4/case_021_multicore_res.json,4.236493145948847,historical_ledger,repository
case_021,2,5,1244571,6553600,6567937,unified_v2_best_known_replayed,新增精选方案/p2/n5/case_021_multicore_res.json,5.277269838361974,independent_official_replay,delivery
case_021,3,1,6558837,4501504,6567937,round6,A题研究/直接迭代/第六轮成果/方案/p3/n1/case_021_multicore_res.json,1.0013874410966457,historical_ledger,repository
case_021,3,2,3192818,3174400,6567937,round6,A题研究/直接迭代/第六轮成果/方案/p3/n2/case_021_multicore_res.json,2.0570972100508076,historical_ledger,repository
case_021,3,3,2101648,6299648,6567937,round6,A题研究/直接迭代/第六轮成果/方案/p3/n3/case_021_multicore_res.json,3.1251365594999734,historical_ledger,repository
case_021,3,4,1550324,4608000,6567937,round6,A题研究/直接迭代/第六轮成果/方案/p3/n4/case_021_multicore_res.json,4.236493145948847,historical_ledger,repository
case_021,3,5,1244853,7360512,6567937,unified_v2_best_known_replayed,新增精选方案/p3/n5/case_021_multicore_res.json,5.276074363800385,independent_official_replay,delivery
case_022,1,1,56916,6912,56780,round6,A题研究/直接迭代/第六轮成果/方案/p1/n1/case_022_multicore_res.json,0.997610513739546,historical_ledger,repository
case_022,1,2,28357,13824,56780,round6,A题研究/直接迭代/第六轮成果/方案/p1/n2/case_022_multicore_res.json,2.0023274676446734,historical_ledger,repository
case_022,1,3,19153,20736,56780,round6,A题研究/直接迭代/第六轮成果/方案/p1/n3/case_022_multicore_res.json,2.9645486346786405,historical_ledger,repository
case_022,1,4,14654,13824,56780,round6,A题研究/直接迭代/第六轮成果/方案/p1/n4/case_022_multicore_res.json,3.874709976798144,historical_ledger,repository
case_022,1,5,11828,20736,56780,round6,A题研究/直接迭代/第六轮成果/方案/p1/n5/case_022_multicore_res.json,4.800473452823808,historical_ledger,repository
case_022,2,1,56780,0,56780,round6,A题研究/直接迭代/第六轮成果/方案/p2/n1/case_022_multicore_res.json,1.0,historical_ledger,repository
case_022,2,2,28088,6912,56780,round6,A题研究/直接迭代/第六轮成果/方案/p2/n2/case_022_multicore_res.json,2.0215038450583878,historical_ledger,repository
case_022,2,3,18709,17920,56780,round6,A题研究/直接迭代/第六轮成果/方案/p2/n3/case_022_multicore_res.json,3.034902987866802,historical_ledger,repository
case_022,2,4,14529,13824,56780,round6,A题研究/直接迭代/第六轮成果/方案/p2/n4/case_022_multicore_res.json,3.9080459770114944,historical_ledger,repository
case_022,2,5,11576,13824,56780,round6,A题研究/直接迭代/第六轮成果/方案/p2/n5/case_022_multicore_res.json,4.904975812024879,historical_ledger,repository
case_022,3,1,56780,0,56780,round6,A题研究/直接迭代/第六轮成果/方案/p3/n1/case_022_multicore_res.json,1.0,historical_ledger,repository
case_022,3,2,27982,323328,56780,round6,A题研究/直接迭代/第六轮成果/方案/p3/n2/case_022_multicore_res.json,2.029161603888214,historical_ledger,repository
case_022,3,3,18709,17920,56780,round6,A题研究/直接迭代/第六轮成果/方案/p3/n3/case_022_multicore_res.json,3.034902987866802,historical_ledger,repository
case_022,3,4,14529,13824,56780,round6,A题研究/直接迭代/第六轮成果/方案/p3/n4/case_022_multicore_res.json,3.9080459770114944,historical_ledger,repository
case_022,3,5,11576,13824,56780,round6,A题研究/直接迭代/第六轮成果/方案/p3/n5/case_022_multicore_res.json,4.904975812024879,historical_ledger,repository
case_023,1,1,122614,0,122614,round6,A题研究/直接迭代/第六轮成果/方案/p1/n1/case_023_multicore_res.json,1.0,historical_ledger,repository
case_023,1,2,61829,74016,122614,round6,A题研究/直接迭代/第六轮成果/方案/p1/n2/case_023_multicore_res.json,1.983114719629947,historical_ledger,repository
case_023,1,3,40862,354720,122614,round6,A题研究/直接迭代/第六轮成果/方案/p1/n3/case_023_multicore_res.json,3.000685233224022,historical_ledger,repository
case_023,1,4,30838,281280,122614,round6,A题研究/直接迭代/第六轮成果/方案/p1/n4/case_023_multicore_res.json,3.9760684869317076,historical_ledger,repository
case_023,1,5,23846,355008,122614,round6,A题研究/直接迭代/第六轮成果/方案/p1/n5/case_023_multicore_res.json,5.141910592971567,historical_ledger,repository
case_023,2,1,122614,0,122614,round6,A题研究/直接迭代/第六轮成果/方案/p2/n1/case_023_multicore_res.json,1.0,historical_ledger,repository
case_023,2,2,49177,1908610,122614,round6,A题研究/直接迭代/第六轮成果/方案/p2/n2/case_023_multicore_res.json,2.493320047989914,historical_ledger,repository
case_023,2,3,33592,196896,122614,round6,A题研究/直接迭代/第六轮成果/方案/p2/n3/case_023_multicore_res.json,3.6500952607763755,historical_ledger,repository
case_023,2,4,24223,278208,122614,round6,A题研究/直接迭代/第六轮成果/方案/p2/n4/case_023_multicore_res.json,5.061883334021385,historical_ledger,repository
case_023,2,5,20245,270912,122614,round6,A题研究/直接迭代/第六轮成果/方案/p2/n5/case_023_multicore_res.json,6.056507779698691,historical_ledger,repository
case_023,3,1,122614,0,122614,round6,A题研究/直接迭代/第六轮成果/方案/p3/n1/case_023_multicore_res.json,1.0,historical_ledger,repository
case_023,3,2,47920,1908610,122614,round6,A题研究/直接迭代/第六轮成果/方案/p3/n2/case_023_multicore_res.json,2.558722871452421,historical_ledger,repository
case_023,3,3,33592,196896,122614,round6,A题研究/直接迭代/第六轮成果/方案/p3/n3/case_023_multicore_res.json,3.6500952607763755,historical_ledger,repository
case_023,3,4,24223,278208,122614,round6,A题研究/直接迭代/第六轮成果/方案/p3/n4/case_023_multicore_res.json,5.061883334021385,historical_ledger,repository
case_023,3,5,20159,270912,122614,round6,A题研究/直接迭代/第六轮成果/方案/p3/n5/case_023_multicore_res.json,6.082345354432263,historical_ledger,repository
case_024,1,1,2560775,2228372,2555343,round6,A题研究/直接迭代/第六轮成果/方案/p1/n1/case_024_multicore_res.json,0.9978787671700949,historical_ledger,repository
case_024,1,2,1603810,39327848,2555343,round6,A题研究/直接迭代/第六轮成果/方案/p1/n2/case_024_multicore_res.json,1.5932953404705046,historical_ledger,repository
case_024,1,3,1315118,39327848,2555343,round6,A题研究/直接迭代/第六轮成果/方案/p1/n3/case_024_multicore_res.json,1.9430522584285213,historical_ledger,repository
case_024,1,4,1214514,39328248,2555343,round6,A题研究/直接迭代/第六轮成果/方案/p1/n4/case_024_multicore_res.json,2.1040045647888785,historical_ledger,repository
case_024,1,5,1095114,39328048,2555343,round6,A题研究/直接迭代/第六轮成果/方案/p1/n5/case_024_multicore_res.json,2.3334036456478504,historical_ledger,repository
case_024,2,1,2555343,0,2555343,round6,A题研究/直接迭代/第六轮成果/方案/p2/n1/case_024_multicore_res.json,1.0,historical_ledger,repository
case_024,2,2,1335245,396852,2555343,round6,A题研究/直接迭代/第六轮成果/方案/p2/n2/case_024_multicore_res.json,1.9137633917370969,historical_ledger,repository
case_024,2,3,954489,266588,2555343,round6,A题研究/直接迭代/第六轮成果/方案/p2/n3/case_024_multicore_res.json,2.6771843363307486,historical_ledger,repository
case_024,2,4,744106,201852,2555343,round6,A题研究/直接迭代/第六轮成果/方案/p2/n4/case_024_multicore_res.json,3.434111537872292,historical_ledger,repository
case_024,2,5,658886,13637536,2555343,round6,A题研究/直接迭代/第六轮成果/方案/p2/n5/case_024_multicore_res.json,3.8782778811509124,historical_ledger,repository
case_024,3,1,2555343,0,2555343,round6,A题研究/直接迭代/第六轮成果/方案/p3/n1/case_024_multicore_res.json,1.0,historical_ledger,repository
case_024,3,2,1334413,396852,2555343,round6,A题研究/直接迭代/第六轮成果/方案/p3/n2/case_024_multicore_res.json,1.9149566138819092,historical_ledger,repository
case_024,3,3,953896,266588,2555343,round6,A题研究/直接迭代/第六轮成果/方案/p3/n3/case_024_multicore_res.json,2.678848637587326,historical_ledger,repository
case_024,3,4,743615,201852,2555343,round6,A题研究/直接迭代/第六轮成果/方案/p3/n4/case_024_multicore_res.json,3.4363790402291507,historical_ledger,repository
case_024,3,5,656657,13637536,2555343,round6,A题研究/直接迭代/第六轮成果/方案/p3/n5/case_024_multicore_res.json,3.8914425643829276,historical_ledger,repository
case_025,1,1,4863368,27648,4863026,unified_v2_best_known_replayed,新增精选方案/p1/n1/case_025_multicore_res.json,0.9999296783628135,independent_official_replay,delivery
case_025,1,2,2431840,27648,4863026,round6,A题研究/直接迭代/第六轮成果/方案/p1/n2/case_025_multicore_res.json,1.9997310678334101,historical_ledger,repository
case_025,1,3,1622164,55296,4863026,round6,A题研究/直接迭代/第六轮成果/方案/p1/n3/case_025_multicore_res.json,2.9978633479722148,historical_ledger,repository
case_025,1,4,1217444,82944,4863026,round6,A题研究/直接迭代/第六轮成果/方案/p1/n4/case_025_multicore_res.json,3.9944555971362954,historical_ledger,repository
case_025,1,5,975282,110592,4863026,round6,A题研究/直接迭代/第六轮成果/方案/p1/n5/case_025_multicore_res.json,4.986276789687495,historical_ledger,repository
case_025,2,1,4703066,0,4863026,unified_v2_best_known_replayed,新增精选方案/p2/n1/case_025_multicore_res.json,1.034011855245068,independent_official_replay,delivery
case_025,2,2,2431840,27648,4863026,round6,A题研究/直接迭代/第六轮成果/方案/p2/n2/case_025_multicore_res.json,1.9997310678334101,historical_ledger,repository
case_025,2,3,1622164,55296,4863026,round6,A题研究/直接迭代/第六轮成果/方案/p2/n3/case_025_multicore_res.json,2.9978633479722148,historical_ledger,repository
case_025,2,4,1217444,82944,4863026,round6,A题研究/直接迭代/第六轮成果/方案/p2/n4/case_025_multicore_res.json,3.9944555971362954,historical_ledger,repository
case_025,2,5,973802,20585472,4863026,unified_v2_best_known_replayed,新增精选方案/p2/n5/case_025_multicore_res.json,4.993855013647538,independent_official_replay,delivery
case_025,3,1,4703066,0,4863026,unified_v2_best_known_replayed,新增精选方案/p3/n1/case_025_multicore_res.json,1.034011855245068,independent_official_replay,delivery
case_025,3,2,2431840,27648,4863026,round6,A题研究/直接迭代/第六轮成果/方案/p3/n2/case_025_multicore_res.json,1.9997310678334101,historical_ledger,repository
case_025,3,3,1622164,55296,4863026,round6,A题研究/直接迭代/第六轮成果/方案/p3/n3/case_025_multicore_res.json,2.9978633479722148,historical_ledger,repository
case_025,3,4,1217444,82944,4863026,round6,A题研究/直接迭代/第六轮成果/方案/p3/n4/case_025_multicore_res.json,3.9944555971362954,historical_ledger,repository
case_025,3,5,973802,20577792,4863026,unified_v2_best_known_replayed,新增精选方案/p3/n5/case_025_multicore_res.json,4.993855013647538,independent_official_replay,delivery
case_026,1,1,99203,0,99203,round6,A题研究/直接迭代/第六轮成果/方案/p1/n1/case_026_multicore_res.json,1.0,historical_ledger,repository
case_026,1,2,56614,217872,99203,round6,A题研究/直接迭代/第六轮成果/方案/p1/n2/case_026_multicore_res.json,1.752269756597308,historical_ledger,repository
case_026,1,3,41655,95664,99203,round6,A题研究/直接迭代/第六轮成果/方案/p1/n3/case_026_multicore_res.json,2.3815388308726444,historical_ledger,repository
case_026,1,4,41655,95664,99203,round6,A题研究/直接迭代/第六轮成果/方案/p1/n4/case_026_multicore_res.json,2.3815388308726444,historical_ledger,repository
case_026,1,5,41655,95664,99203,round6,A题研究/直接迭代/第六轮成果/方案/p1/n5/case_026_multicore_res.json,2.3815388308726444,historical_ledger,repository
case_026,2,1,99203,0,99203,round6,A题研究/直接迭代/第六轮成果/方案/p2/n1/case_026_multicore_res.json,1.0,historical_ledger,repository
case_026,2,2,49039,288,99203,round6,A题研究/直接迭代/第六轮成果/方案/p2/n2/case_026_multicore_res.json,2.02294092457024,historical_ledger,repository
case_026,2,3,41655,95664,99203,round6,A题研究/直接迭代/第六轮成果/方案/p2/n3/case_026_multicore_res.json,2.3815388308726444,historical_ledger,repository
case_026,2,4,41655,95664,99203,round6,A题研究/直接迭代/第六轮成果/方案/p2/n4/case_026_multicore_res.json,2.3815388308726444,historical_ledger,repository
case_026,2,5,28623,765184,99203,round6,A题研究/直接迭代/第六轮成果/方案/p2/n5/case_026_multicore_res.json,3.465849142298152,historical_ledger,repository
case_026,3,1,99203,0,99203,round6,A题研究/直接迭代/第六轮成果/方案/p3/n1/case_026_multicore_res.json,1.0,historical_ledger,repository
case_026,3,2,49039,288,99203,round6,A题研究/直接迭代/第六轮成果/方案/p3/n2/case_026_multicore_res.json,2.02294092457024,historical_ledger,repository
case_026,3,3,41655,95664,99203,round6,A题研究/直接迭代/第六轮成果/方案/p3/n3/case_026_multicore_res.json,2.3815388308726444,historical_ledger,repository
case_026,3,4,41655,95664,99203,round6,A题研究/直接迭代/第六轮成果/方案/p3/n4/case_026_multicore_res.json,2.3815388308726444,historical_ledger,repository
case_026,3,5,26036,765184,99203,round6,A题研究/直接迭代/第六轮成果/方案/p3/n5/case_026_multicore_res.json,3.8102243048087265,historical_ledger,repository
case_027,1,1,2319327,1886208,2363952,round6,A题研究/直接迭代/第六轮成果/方案/p1/n1/case_027_multicore_res.json,1.0192404951953735,historical_ledger,repository
case_027,1,2,1116984,1843200,2363952,round6,A题研究/直接迭代/第六轮成果/方案/p1/n2/case_027_multicore_res.json,2.1163705120216583,historical_ledger,repository
case_027,1,3,837049,3686400,2363952,round6,A题研究/直接迭代/第六轮成果/方案/p1/n3/case_027_multicore_res.json,2.8241500796249683,historical_ledger,repository
case_027,1,4,559196,2211840,2363952,round6,A题研究/直接迭代/第六轮成果/方案/p1/n4/case_027_multicore_res.json,4.227412213249022,historical_ledger,repository
case_027,1,5,497285,11280384,2363952,unified_v2_best_known_replayed,新增精选方案/p1/n5/case_027_multicore_res.json,4.753716681580984,independent_official_replay,delivery
case_027,2,1,2363952,1400832,2363952,round6,A题研究/直接迭代/第六轮成果/方案/p2/n1/case_027_multicore_res.json,1.0,historical_ledger,repository
case_027,2,2,1120962,1744896,2363952,round6,A题研究/直接迭代/第六轮成果/方案/p2/n2/case_027_multicore_res.json,2.10886006840553,historical_ledger,repository
case_027,2,3,761753,12165120,2363952,round6,A题研究/直接迭代/第六轮成果/方案/p2/n3/case_027_multicore_res.json,3.1033051395924924,historical_ledger,repository
case_027,2,4,559196,1843200,2363952,round6,A题研究/直接迭代/第六轮成果/方案/p2/n4/case_027_multicore_res.json,4.227412213249022,historical_ledger,repository
case_027,2,5,448488,16119808,2363952,round6,A题研究/直接迭代/第六轮成果/方案/p2/n5/case_027_multicore_res.json,5.270937015037192,historical_ledger,repository
case_027,3,1,2359515,1400832,2363952,round6,A题研究/直接迭代/第六轮成果/方案/p3/n1/case_027_multicore_res.json,1.0018804711985303,historical_ledger,repository
case_027,3,2,1120962,1744896,2363952,round6,A题研究/直接迭代/第六轮成果/方案/p3/n2/case_027_multicore_res.json,2.10886006840553,historical_ledger,repository
case_027,3,3,761753,12165120,2363952,round6,A题研究/直接迭代/第六轮成果/方案/p3/n3/case_027_multicore_res.json,3.1033051395924924,historical_ledger,repository
case_027,3,4,559196,1843200,2363952,round6,A题研究/直接迭代/第六轮成果/方案/p3/n4/case_027_multicore_res.json,4.227412213249022,historical_ledger,repository
case_027,3,5,448117,16119808,2363952,round6,A题研究/直接迭代/第六轮成果/方案/p3/n5/case_027_multicore_res.json,5.2753008700852675,historical_ledger,repository
case_028,1,1,43896686,281067912,43836040,round6,A题研究/直接迭代/第六轮成果/方案/p1/n1/case_028_multicore_res.json,0.9986184378474493,historical_ledger,repository
case_028,1,2,20808437,326568960,43836040,round6,A题研究/直接迭代/第六轮成果/方案/p1/n2/case_028_multicore_res.json,2.1066474142195304,historical_ledger,repository
case_028,1,3,14792144,326568960,43836040,round6,A题研究/直接迭代/第六轮成果/方案/p1/n3/case_028_multicore_res.json,2.963467635252875,historical_ledger,repository
case_028,1,4,12041229,326568960,43836040,round6,A题研究/直接迭代/第六轮成果/方案/p1/n4/case_028_multicore_res.json,3.640495500916061,historical_ledger,repository
case_028,1,5,10194624,326568960,43836040,round6,A题研究/直接迭代/第六轮成果/方案/p1/n5/case_028_multicore_res.json,4.299917289740161,historical_ledger,repository
case_028,2,1,43836040,277412256,43836040,round6,A题研究/直接迭代/第六轮成果/方案/p2/n1/case_028_multicore_res.json,1.0,historical_ledger,repository
case_028,2,2,20076161,93967488,43836040,round6,A题研究/直接迭代/第六轮成果/方案/p2/n2/case_028_multicore_res.json,2.1834871716758997,historical_ledger,repository
case_028,2,3,13786498,56899416,43836040,round6,A题研究/直接迭代/第六轮成果/方案/p2/n3/case_028_multicore_res.json,3.179635611596215,historical_ledger,repository
case_028,2,4,10487595,115615968,43836040,round6,A题研究/直接迭代/第六轮成果/方案/p2/n4/case_028_multicore_res.json,4.179799086444509,historical_ledger,repository
case_028,2,5,8166412,90393600,43836040,unified_v2_best_known_replayed,新增精选方案/p2/n5/case_028_multicore_res.json,5.367845756496243,independent_official_replay,delivery
case_028,3,1,43836040,277412256,43836040,round6,A题研究/直接迭代/第六轮成果/方案/p3/n1/case_028_multicore_res.json,1.0,historical_ledger,repository
case_028,3,2,20075994,93967488,43836040,round6,A题研究/直接迭代/第六轮成果/方案/p3/n2/case_028_multicore_res.json,2.1835053347794386,historical_ledger,repository
case_028,3,3,13769194,56899416,43836040,round6,A题研究/直接迭代/第六轮成果/方案/p3/n3/case_028_multicore_res.json,3.183631518300926,historical_ledger,repository
case_028,3,4,10445902,115615968,43836040,round6,A题研究/直接迭代/第六轮成果/方案/p3/n4/case_028_multicore_res.json,4.196482027114556,historical_ledger,repository
case_028,3,5,8129461,81607680,43836040,unified_v2_best_known_replayed,新增精选方案/p3/n5/case_028_multicore_res.json,5.392244332065804,independent_official_replay,delivery
case_029,1,1,37555,0,37555,round6,A题研究/直接迭代/第六轮成果/方案/p1/n1/case_029_multicore_res.json,1.0,historical_ledger,repository
case_029,1,2,19740,0,37555,round6,A题研究/直接迭代/第六轮成果/方案/p1/n2/case_029_multicore_res.json,1.9024822695035462,historical_ledger,repository
case_029,1,3,12743,0,37555,round6,A题研究/直接迭代/第六轮成果/方案/p1/n3/case_029_multicore_res.json,2.9471082162756024,historical_ledger,repository
case_029,1,4,11028,0,37555,round6,A题研究/直接迭代/第六轮成果/方案/p1/n4/case_029_multicore_res.json,3.405422560754443,historical_ledger,repository
case_029,1,5,9383,0,37555,round6,A题研究/直接迭代/第六轮成果/方案/p1/n5/case_029_multicore_res.json,4.002451241607162,historical_ledger,repository
case_029,2,1,37555,0,37555,round6,A题研究/直接迭代/第六轮成果/方案/p2/n1/case_029_multicore_res.json,1.0,historical_ledger,repository
case_029,2,2,19740,0,37555,round6,A题研究/直接迭代/第六轮成果/方案/p2/n2/case_029_multicore_res.json,1.9024822695035462,historical_ledger,repository
case_029,2,3,12743,0,37555,round6,A题研究/直接迭代/第六轮成果/方案/p2/n3/case_029_multicore_res.json,2.9471082162756024,historical_ledger,repository
case_029,2,4,11028,0,37555,round6,A题研究/直接迭代/第六轮成果/方案/p2/n4/case_029_multicore_res.json,3.405422560754443,historical_ledger,repository
case_029,2,5,9383,0,37555,round6,A题研究/直接迭代/第六轮成果/方案/p2/n5/case_029_multicore_res.json,4.002451241607162,historical_ledger,repository
case_029,3,1,37555,0,37555,round6,A题研究/直接迭代/第六轮成果/方案/p3/n1/case_029_multicore_res.json,1.0,historical_ledger,repository
case_029,3,2,19740,0,37555,round6,A题研究/直接迭代/第六轮成果/方案/p3/n2/case_029_multicore_res.json,1.9024822695035462,historical_ledger,repository
case_029,3,3,12743,0,37555,round6,A题研究/直接迭代/第六轮成果/方案/p3/n3/case_029_multicore_res.json,2.9471082162756024,historical_ledger,repository
case_029,3,4,11028,0,37555,round6,A题研究/直接迭代/第六轮成果/方案/p3/n4/case_029_multicore_res.json,3.405422560754443,historical_ledger,repository
case_029,3,5,9238,0,37555,unified_v2_best_known_replayed,新增精选方案/p3/n5/case_029_multicore_res.json,4.065273868802771,independent_official_replay,delivery
case_030,1,1,2790848,7416832,2808034,round6,A题研究/直接迭代/第六轮成果/方案/p1/n1/case_030_multicore_res.json,1.0061579849565436,historical_ledger,repository
case_030,1,2,1400970,7240704,2808034,round6,A题研究/直接迭代/第六轮成果/方案/p1/n2/case_030_multicore_res.json,2.0043498433228404,historical_ledger,repository
case_030,1,3,933857,9242624,2808034,round6,A题研究/直接迭代/第六轮成果/方案/p1/n3/case_030_multicore_res.json,3.0069207598165457,historical_ledger,repository
case_030,1,4,700342,10404864,2808034,round6,A题研究/直接迭代/第六轮成果/方案/p1/n4/case_030_multicore_res.json,4.009518206818954,historical_ledger,repository
case_030,1,5,558846,10872832,2808034,round6,A题研究/直接迭代/第六轮成果/方案/p1/n5/case_030_multicore_res.json,5.024700901500593,historical_ledger,repository
case_030,2,1,2808034,5519360,2808034,round6,A题研究/直接迭代/第六轮成果/方案/p2/n1/case_030_multicore_res.json,1.0,historical_ledger,repository
case_030,2,2,1388867,1765376,2808034,round6,A题研究/直接迭代/第六轮成果/方案/p2/n2/case_030_multicore_res.json,2.0218163438255785,historical_ledger,repository
case_030,2,3,932050,8046592,2808034,round6,A题研究/直接迭代/第六轮成果/方案/p2/n3/case_030_multicore_res.json,3.012750388927633,historical_ledger,repository
case_030,2,4,695057,4761600,2808034,round6,A题研究/直接迭代/第六轮成果/方案/p2/n4/case_030_multicore_res.json,4.040005352079038,historical_ledger,repository
case_030,2,5,560451,7257600,2808034,round6,A题研究/直接迭代/第六轮成果/方案/p2/n5/case_030_multicore_res.json,5.010311338546992,historical_ledger,repository
case_030,3,1,2807891,5519360,2808034,round6,A题研究/直接迭代/第六轮成果/方案/p3/n1/case_030_multicore_res.json,1.0000509279028282,historical_ledger,repository
case_030,3,2,1388867,1765376,2808034,round6,A题研究/直接迭代/第六轮成果/方案/p3/n2/case_030_multicore_res.json,2.0218163438255785,historical_ledger,repository
case_030,3,3,927318,3652608,2808034,unified_v2_best_known_replayed,新增精选方案/p3/n3/case_030_multicore_res.json,3.028124117077421,independent_official_replay,delivery
case_030,3,4,695057,4761600,2808034,round6,A题研究/直接迭代/第六轮成果/方案/p3/n4/case_030_multicore_res.json,4.040005352079038,historical_ledger,repository
case_030,3,5,557851,6481920,2808034,unified_v2_best_known_replayed,新增精选方案/p3/n5/case_030_multicore_res.json,5.033663110758966,independent_official_replay,delivery
case_031,1,1,1411124,4666312,1414369,round6,A题研究/直接迭代/第六轮成果/方案/p1/n1/case_031_multicore_res.json,1.0022995852951264,historical_ledger,repository
case_031,1,2,727493,5617152,1414369,round6,A题研究/直接迭代/第六轮成果/方案/p1/n2/case_031_multicore_res.json,1.9441685349549755,historical_ledger,repository
case_031,1,3,484062,6300672,1414369,round6,A题研究/直接迭代/第六轮成果/方案/p1/n3/case_031_multicore_res.json,2.921875710136305,historical_ledger,repository
case_031,1,4,394470,7408128,1414369,round6,A题研究/直接迭代/第六轮成果/方案/p1/n4/case_031_multicore_res.json,3.585491925875225,historical_ledger,repository
case_031,1,5,306213,8059392,1414369,round6,A题研究/直接迭代/第六轮成果/方案/p1/n5/case_031_multicore_res.json,4.618905794332703,historical_ledger,repository
case_031,2,1,1414369,3491328,1414369,round6,A题研究/直接迭代/第六轮成果/方案/p2/n1/case_031_multicore_res.json,1.0,historical_ledger,repository
case_031,2,2,716905,4631040,1414369,round6,A题研究/直接迭代/第六轮成果/方案/p2/n2/case_031_multicore_res.json,1.9728820415536228,historical_ledger,repository
case_031,2,3,484947,7348224,1414369,round6,A题研究/直接迭代/第六轮成果/方案/p2/n3/case_031_multicore_res.json,2.9165434573262643,historical_ledger,repository
case_031,2,4,376640,5047296,1414369,round6,A题研究/直接迭代/第六轮成果/方案/p2/n4/case_031_multicore_res.json,3.7552278037383178,historical_ledger,repository
case_031,2,5,286536,7724544,1414369,unified_v2_best_known_replayed,新增精选方案/p2/n5/case_031_multicore_res.json,4.936095289946115,independent_official_replay,delivery
case_031,3,1,1414159,3491328,1414369,round6,A题研究/直接迭代/第六轮成果/方案/p3/n1/case_031_multicore_res.json,1.0001484981533193,historical_ledger,repository
case_031,3,2,716807,4631040,1414369,round6,A题研究/直接迭代/第六轮成果/方案/p3/n2/case_031_multicore_res.json,1.9731517688861855,historical_ledger,repository
case_031,3,3,484869,7348224,1414369,round6,A题研究/直接迭代/第六轮成果/方案/p3/n3/case_031_multicore_res.json,2.917012636402822,historical_ledger,repository
case_031,3,4,376640,5047296,1414369,round6,A题研究/直接迭代/第六轮成果/方案/p3/n4/case_031_multicore_res.json,3.7552278037383178,historical_ledger,repository
case_031,3,5,286893,6715392,1414369,unified_v2_best_known_replayed,新增精选方案/p3/n5/case_031_multicore_res.json,4.929952978985196,independent_official_replay,delivery
case_032,1,1,41443,0,41443,round6,A题研究/直接迭代/第六轮成果/方案/p1/n1/case_032_multicore_res.json,1.0,historical_ledger,repository
case_032,1,2,20719,18504,41443,my_runs/iterative_holdout_b8_v1/case_032/n2/single/summary.json,A题研究/直接迭代/闭环验证_20260925/精选方案/case_032_p1_n2.json,2.000241324388243,historical_ledger,repository
case_032,1,3,13587,12288,41443,my_runs/iterative_holdout_b8_v1/case_032/n3/iterative/summary.json,A题研究/直接迭代/闭环验证_20260925/精选方案/case_032_p1_n3.json,3.050195039375874,historical_ledger,repository
case_032,1,4,11010,6216,41443,round6,A题研究/直接迭代/第六轮成果/方案/p1/n4/case_032_multicore_res.json,3.7641235240690283,historical_ledger,repository
case_032,1,5,10110,55440,41443,unified_v2_best_known_replayed,新增精选方案/p1/n5/case_032_multicore_res.json,4.099208704253215,independent_official_replay,delivery
case_032,2,1,41443,0,41443,round6,A题研究/直接迭代/第六轮成果/方案/p2/n1/case_032_multicore_res.json,1.0,historical_ledger,repository
case_032,2,2,17325,6144,41443,round6,A题研究/直接迭代/第六轮成果/方案/p2/n2/case_032_multicore_res.json,2.392092352092352,historical_ledger,repository
case_032,2,3,11865,6216,41443,round6,A题研究/直接迭代/第六轮成果/方案/p2/n3/case_032_multicore_res.json,3.4928782132321956,historical_ledger,repository
case_032,2,4,9948,10240,41443,round6,A题研究/直接迭代/第六轮成果/方案/p2/n4/case_032_multicore_res.json,4.165963007639727,historical_ledger,repository
case_032,2,5,9948,10240,41443,round6,A题研究/直接迭代/第六轮成果/方案/p2/n5/case_032_multicore_res.json,4.165963007639727,historical_ledger,repository
case_032,3,1,41443,0,41443,round6,A题研究/直接迭代/第六轮成果/方案/p3/n1/case_032_multicore_res.json,1.0,historical_ledger,repository
case_032,3,2,17325,6144,41443,round6,A题研究/直接迭代/第六轮成果/方案/p3/n2/case_032_multicore_res.json,2.392092352092352,historical_ledger,repository
case_032,3,3,11865,6216,41443,round6,A题研究/直接迭代/第六轮成果/方案/p3/n3/case_032_multicore_res.json,3.4928782132321956,historical_ledger,repository
case_032,3,4,9917,10240,41443,round6,A题研究/直接迭代/第六轮成果/方案/p3/n4/case_032_multicore_res.json,4.178985580316628,historical_ledger,repository
case_032,3,5,9829,92342,41443,unified_v2_best_known_replayed,新增精选方案/p3/n5/case_032_multicore_res.json,4.216400447654899,independent_official_replay,delivery
case_033,1,1,1763349,4998144,1774196,round6,A题研究/直接迭代/第六轮成果/方案/p1/n1/case_033_multicore_res.json,1.0061513631164336,historical_ledger,repository
case_033,1,2,896305,6261792,1774196,round6,A题研究/直接迭代/第六轮成果/方案/p1/n2/case_033_multicore_res.json,1.9794556540463346,historical_ledger,repository
case_033,1,3,606115,6759456,1774196,round6,A题研究/直接迭代/第六轮成果/方案/p1/n3/case_033_multicore_res.json,2.9271606873283122,historical_ledger,repository
case_033,1,4,458833,6648384,1774196,round6,A题研究/直接迭代/第六轮成果/方案/p1/n4/case_033_multicore_res.json,3.8667576220542115,historical_ledger,repository
case_033,1,5,368019,6668352,1774196,round6,A题研究/直接迭代/第六轮成果/方案/p1/n5/case_033_multicore_res.json,4.8209358755933795,historical_ledger,repository
case_033,2,1,1774196,4592640,1774196,round6,A题研究/直接迭代/第六轮成果/方案/p2/n1/case_033_multicore_res.json,1.0,historical_ledger,repository
case_033,2,2,881861,5770272,1774196,round6,A题研究/直接迭代/第六轮成果/方案/p2/n2/case_033_multicore_res.json,2.011877155243287,historical_ledger,repository
case_033,2,3,587547,6246432,1774196,round6,A题研究/直接迭代/第六轮成果/方案/p2/n3/case_033_multicore_res.json,3.01966651178544,historical_ledger,repository
case_033,2,4,442361,5376576,1774196,round6,A题研究/直接迭代/第六轮成果/方案/p2/n4/case_033_multicore_res.json,4.010742357486307,historical_ledger,repository
case_033,2,5,359574,7665792,1774196,unified_v2_best_known_replayed,新增精选方案/p2/n5/case_033_multicore_res.json,4.934160979381157,independent_official_replay,delivery
case_033,3,1,1774080,4592640,1774196,round6,A题研究/直接迭代/第六轮成果/方案/p3/n1/case_033_multicore_res.json,1.000065386002886,historical_ledger,repository
case_033,3,2,880331,5770272,1774196,round6,A题研究/直接迭代/第六轮成果/方案/p3/n2/case_033_multicore_res.json,2.0153737628233017,historical_ledger,repository
case_033,3,3,586217,6246432,1774196,round6,A题研究/直接迭代/第六轮成果/方案/p3/n3/case_033_multicore_res.json,3.0265174841398323,historical_ledger,repository
case_033,3,4,441272,5376576,1774196,round6,A题研究/直接迭代/第六轮成果/方案/p3/n4/case_033_multicore_res.json,4.020640330680397,historical_ledger,repository
case_033,3,5,356432,16531092,1774196,unified_v2_best_known_replayed,新增精选方案/p3/n5/case_033_multicore_res.json,4.977656327153566,independent_official_replay,delivery
case_034,1,1,837634,1579032,842996,round6,A题研究/直接迭代/第六轮成果/方案/p1/n1/case_034_multicore_res.json,1.0064013638414868,historical_ledger,repository
case_034,1,2,415539,1182720,842996,round6,A题研究/直接迭代/第六轮成果/方案/p1/n2/case_034_multicore_res.json,2.028680821776055,historical_ledger,repository
case_034,1,3,278077,2015744,842996,round6,A题研究/直接迭代/第六轮成果/方案/p1/n3/case_034_multicore_res.json,3.031520046605796,historical_ledger,repository
case_034,1,4,211980,3116544,842996,round6,A题研究/直接迭代/第六轮成果/方案/p1/n4/case_034_multicore_res.json,3.976771393527691,historical_ledger,repository
case_034,1,5,169362,2903040,842996,round6,A题研究/直接迭代/第六轮成果/方案/p1/n5/case_034_multicore_res.json,4.977480190361474,historical_ledger,repository
case_034,2,1,842996,1079832,842996,round6,A题研究/直接迭代/第六轮成果/方案/p2/n1/case_034_multicore_res.json,1.0,historical_ledger,repository
case_034,2,2,380968,1078784,842996,round6,A题研究/直接迭代/第六轮成果/方案/p2/n2/case_034_multicore_res.json,2.212773776275173,historical_ledger,repository
case_034,2,3,256145,1893376,842996,round6,A题研究/直接迭代/第六轮成果/方案/p2/n3/case_034_multicore_res.json,3.2910890316031933,historical_ledger,repository
case_034,2,4,192378,2357760,842996,round6,A题研究/直接迭代/第六轮成果/方案/p2/n4/case_034_multicore_res.json,4.381977149154269,historical_ledger,repository
case_034,2,5,160031,3529728,842996,unified_v2_best_known_replayed,新增精选方案/p2/n5/case_034_multicore_res.json,5.267704382275934,independent_official_replay,delivery
case_034,3,1,842733,1079832,842996,round6,A题研究/直接迭代/第六轮成果/方案/p3/n1/case_034_multicore_res.json,1.0003120798639664,historical_ledger,repository
case_034,3,2,380968,1078784,842996,round6,A题研究/直接迭代/第六轮成果/方案/p3/n2/case_034_multicore_res.json,2.212773776275173,historical_ledger,repository
case_034,3,3,256145,1893376,842996,round6,A题研究/直接迭代/第六轮成果/方案/p3/n3/case_034_multicore_res.json,3.2910890316031933,historical_ledger,repository
case_034,3,4,192378,2357760,842996,round6,A题研究/直接迭代/第六轮成果/方案/p3/n4/case_034_multicore_res.json,4.381977149154269,historical_ledger,repository
case_034,3,5,163174,2803712,842996,round6,A题研究/直接迭代/第六轮成果/方案/p3/n5/case_034_multicore_res.json,5.1662397195631655,historical_ledger,repository
case_035,1,1,171025,56588,169571,round6,A题研究/直接迭代/第六轮成果/方案/p1/n1/case_035_multicore_res.json,0.9914983189592165,historical_ledger,repository
case_035,1,2,95406,0,169571,round6,A题研究/直接迭代/第六轮成果/方案/p1/n2/case_035_multicore_res.json,1.7773620107750037,historical_ledger,repository
case_035,1,3,95406,0,169571,round6,A题研究/直接迭代/第六轮成果/方案/p1/n3/case_035_multicore_res.json,1.7773620107750037,historical_ledger,repository
case_035,1,4,95406,0,169571,round6,A题研究/直接迭代/第六轮成果/方案/p1/n4/case_035_multicore_res.json,1.7773620107750037,historical_ledger,repository
case_035,1,5,90079,1379966,169571,round6,A题研究/直接迭代/第六轮成果/方案/p1/n5/case_035_multicore_res.json,1.8824698320363236,historical_ledger,repository
case_035,2,1,169571,0,169571,round6,A题研究/直接迭代/第六轮成果/方案/p2/n1/case_035_multicore_res.json,1.0,historical_ledger,repository
case_035,2,2,92625,0,169571,round6,A题研究/直接迭代/第六轮成果/方案/p2/n2/case_035_multicore_res.json,1.8307260458839407,historical_ledger,repository
case_035,2,3,89161,0,169571,round6,A题研究/直接迭代/第六轮成果/方案/p2/n3/case_035_multicore_res.json,1.9018517064635883,historical_ledger,repository
case_035,2,4,57103,1119718,169571,round6,A题研究/直接迭代/第六轮成果/方案/p2/n4/case_035_multicore_res.json,2.969563770730084,historical_ledger,repository
case_035,2,5,51821,1130532,169571,round6,A题研究/直接迭代/第六轮成果/方案/p2/n5/case_035_multicore_res.json,3.2722448428243376,historical_ledger,repository
case_035,3,1,169571,0,169571,round6,A题研究/直接迭代/第六轮成果/方案/p3/n1/case_035_multicore_res.json,1.0,historical_ledger,repository
case_035,3,2,92625,0,169571,round6,A题研究/直接迭代/第六轮成果/方案/p3/n2/case_035_multicore_res.json,1.8307260458839407,historical_ledger,repository
case_035,3,3,89161,0,169571,round6,A题研究/直接迭代/第六轮成果/方案/p3/n3/case_035_multicore_res.json,1.9018517064635883,historical_ledger,repository
case_035,3,4,56560,1119718,169571,round6,A题研究/直接迭代/第六轮成果/方案/p3/n4/case_035_multicore_res.json,2.9980728429985857,historical_ledger,repository
case_035,3,5,51103,1130532,169571,round6,A题研究/直接迭代/第六轮成果/方案/p3/n5/case_035_multicore_res.json,3.318220065358198,historical_ledger,repository
case_036,1,1,932330,2304,931510,round6,A题研究/直接迭代/第六轮成果/方案/p1/n1/case_036_multicore_res.json,0.9991204830907511,historical_ledger,repository
case_036,1,2,466068,1152,931510,round6,A题研究/直接迭代/第六轮成果/方案/p1/n2/case_036_multicore_res.json,1.998656848356892,historical_ledger,repository
case_036,1,3,311345,2304,931510,round6,A题研究/直接迭代/第六轮成果/方案/p1/n3/case_036_multicore_res.json,2.991890025534375,historical_ledger,repository
case_036,1,4,233584,3456,931510,round6,A题研究/直接迭代/第六轮成果/方案/p1/n4/case_036_multicore_res.json,3.987901568600589,historical_ledger,repository
case_036,1,5,187182,4608,931510,round6,A题研究/直接迭代/第六轮成果/方案/p1/n5/case_036_multicore_res.json,4.976493466252097,historical_ledger,repository
case_036,2,1,931510,0,931510,round6,A题研究/直接迭代/第六轮成果/方案/p2/n1/case_036_multicore_res.json,1.0,historical_ledger,repository
case_036,2,2,466068,1152,931510,round6,A题研究/直接迭代/第六轮成果/方案/p2/n2/case_036_multicore_res.json,1.998656848356892,historical_ledger,repository
case_036,2,3,311345,2304,931510,round6,A题研究/直接迭代/第六轮成果/方案/p2/n3/case_036_multicore_res.json,2.991890025534375,historical_ledger,repository
case_036,2,4,233584,3456,931510,round6,A题研究/直接迭代/第六轮成果/方案/p2/n4/case_036_multicore_res.json,3.987901568600589,historical_ledger,repository
case_036,2,5,187182,4608,931510,round6,A题研究/直接迭代/第六轮成果/方案/p2/n5/case_036_multicore_res.json,4.976493466252097,historical_ledger,repository
case_036,3,1,931510,0,931510,round6,A题研究/直接迭代/第六轮成果/方案/p3/n1/case_036_multicore_res.json,1.0,historical_ledger,repository
case_036,3,2,466068,1152,931510,round6,A题研究/直接迭代/第六轮成果/方案/p3/n2/case_036_multicore_res.json,1.998656848356892,historical_ledger,repository
case_036,3,3,311345,2304,931510,round6,A题研究/直接迭代/第六轮成果/方案/p3/n3/case_036_multicore_res.json,2.991890025534375,historical_ledger,repository
case_036,3,4,233584,3456,931510,round6,A题研究/直接迭代/第六轮成果/方案/p3/n4/case_036_multicore_res.json,3.987901568600589,historical_ledger,repository
case_036,3,5,187182,4608,931510,round6,A题研究/直接迭代/第六轮成果/方案/p3/n5/case_036_multicore_res.json,4.976493466252097,historical_ledger,repository
case_037,1,1,210001,0,210001,round6,A题研究/直接迭代/第六轮成果/方案/p1/n1/case_037_multicore_res.json,1.0,historical_ledger,repository
case_037,1,2,105374,204800,210001,round6,A题研究/直接迭代/第六轮成果/方案/p1/n2/case_037_multicore_res.json,1.992910964754114,historical_ledger,repository
case_037,1,3,74038,1064960,210001,round6,A题研究/直接迭代/第六轮成果/方案/p1/n3/case_037_multicore_res.json,2.836394824279424,historical_ledger,repository
case_037,1,4,53320,614400,210001,round6,A题研究/直接迭代/第六轮成果/方案/p1/n4/case_037_multicore_res.json,3.938503375843961,historical_ledger,repository
case_037,1,5,43013,778240,210001,round6,A题研究/直接迭代/第六轮成果/方案/p1/n5/case_037_multicore_res.json,4.882268151489085,historical_ledger,repository
case_037,2,1,210001,0,210001,round6,A题研究/直接迭代/第六轮成果/方案/p2/n1/case_037_multicore_res.json,1.0,historical_ledger,repository
case_037,2,2,105374,204800,210001,round6,A题研究/直接迭代/第六轮成果/方案/p2/n2/case_037_multicore_res.json,1.992910964754114,historical_ledger,repository
case_037,2,3,74038,491520,210001,round6,A题研究/直接迭代/第六轮成果/方案/p2/n3/case_037_multicore_res.json,2.836394824279424,historical_ledger,repository
case_037,2,4,53320,614400,210001,round6,A题研究/直接迭代/第六轮成果/方案/p2/n4/case_037_multicore_res.json,3.938503375843961,historical_ledger,repository
case_037,2,5,43013,778240,210001,round6,A题研究/直接迭代/第六轮成果/方案/p2/n5/case_037_multicore_res.json,4.882268151489085,historical_ledger,repository
case_037,3,1,210001,0,210001,round6,A题研究/直接迭代/第六轮成果/方案/p3/n1/case_037_multicore_res.json,1.0,historical_ledger,repository
case_037,3,2,105374,204800,210001,round6,A题研究/直接迭代/第六轮成果/方案/p3/n2/case_037_multicore_res.json,1.992910964754114,historical_ledger,repository
case_037,3,3,74038,491520,210001,round6,A题研究/直接迭代/第六轮成果/方案/p3/n3/case_037_multicore_res.json,2.836394824279424,historical_ledger,repository
case_037,3,4,53320,614400,210001,round6,A题研究/直接迭代/第六轮成果/方案/p3/n4/case_037_multicore_res.json,3.938503375843961,historical_ledger,repository
case_037,3,5,43013,778240,210001,round6,A题研究/直接迭代/第六轮成果/方案/p3/n5/case_037_multicore_res.json,4.882268151489085,historical_ledger,repository
case_038,1,1,1353756,7113216,1364555,round6,A题研究/直接迭代/第六轮成果/方案/p1/n1/case_038_multicore_res.json,1.0079770652909388,historical_ledger,repository
case_038,1,2,681518,6790656,1364555,round6,A题研究/直接迭代/第六轮成果/方案/p1/n2/case_038_multicore_res.json,2.002228847954126,historical_ledger,repository
case_038,1,3,456502,7908864,1364555,round6,A题研究/直接迭代/第六轮成果/方案/p1/n3/case_038_multicore_res.json,2.9891544834414745,historical_ledger,repository
case_038,1,4,345206,9295872,1364555,round6,A题研究/直接迭代/第六轮成果/方案/p1/n4/case_038_multicore_res.json,3.9528716186856543,historical_ledger,repository
case_038,1,5,276053,8454144,1364555,round6,A题研究/直接迭代/第六轮成果/方案/p1/n5/case_038_multicore_res.json,4.943090638391903,historical_ledger,repository
case_038,2,1,1364555,5627904,1364555,round6,A题研究/直接迭代/第六轮成果/方案/p2/n1/case_038_multicore_res.json,1.0,historical_ledger,repository
case_038,2,2,677265,6798848,1364555,round6,A题研究/直接迭代/第六轮成果/方案/p2/n2/case_038_multicore_res.json,2.014802182306778,historical_ledger,repository
case_038,2,3,457910,5497344,1364555,round6,A题研究/直接迭代/第六轮成果/方案/p2/n3/case_038_multicore_res.json,2.9799633115677753,historical_ledger,repository
case_038,2,4,339551,6811648,1364555,round6,A题研究/直接迭代/第六轮成果/方案/p2/n4/case_038_multicore_res.json,4.0187041121952225,historical_ledger,repository
case_038,2,5,274362,7547392,1364555,unified_v2_best_known_replayed,新增精选方案/p2/n5/case_038_multicore_res.json,4.973556833672301,independent_official_replay,delivery
case_038,3,1,1363312,5627904,1364555,round6,A题研究/直接迭代/第六轮成果/方案/p3/n1/case_038_multicore_res.json,1.0009117502083162,historical_ledger,repository
case_038,3,2,677060,6798848,1364555,round6,A题研究/直接迭代/第六轮成果/方案/p3/n2/case_038_multicore_res.json,2.015412223436623,historical_ledger,repository
case_038,3,3,457545,5411328,1364555,round6,A题研究/直接迭代/第六轮成果/方案/p3/n3/case_038_multicore_res.json,2.9823405348107834,historical_ledger,repository
case_038,3,4,337655,6811648,1364555,round6,A题研究/直接迭代/第六轮成果/方案/p3/n4/case_038_multicore_res.json,4.0412699352889785,historical_ledger,repository
case_038,3,5,274634,7870464,1364555,unified_v2_best_known_replayed,新增精选方案/p3/n5/case_038_multicore_res.json,4.968630977956116,independent_official_replay,delivery
case_039,1,1,1408153,10416128,1435262,round6,A题研究/直接迭代/第六轮成果/方案/p1/n1/case_039_multicore_res.json,1.019251459180927,historical_ledger,repository
case_039,1,2,707704,9543680,1435262,round6,A题研究/直接迭代/第六轮成果/方案/p1/n2/case_039_multicore_res.json,2.028054101714841,historical_ledger,repository
case_039,1,3,485565,14323712,1435262,round6,A题研究/直接迭代/第六轮成果/方案/p1/n3/case_039_multicore_res.json,2.9558596686334475,historical_ledger,repository
case_039,1,4,387558,11976704,1435262,round6,A题研究/直接迭代/第六轮成果/方案/p1/n4/case_039_multicore_res.json,3.703347627967943,historical_ledger,repository
case_039,1,5,316542,9805824,1435262,round6,A题研究/直接迭代/第六轮成果/方案/p1/n5/case_039_multicore_res.json,4.534191355333573,historical_ledger,repository
case_039,2,1,1435262,7929856,1435262,round6,A题研究/直接迭代/第六轮成果/方案/p2/n1/case_039_multicore_res.json,1.0,historical_ledger,repository
case_039,2,2,707094,19521536,1435262,round6,A题研究/直接迭代/第六轮成果/方案/p2/n2/case_039_multicore_res.json,2.0298036753246387,historical_ledger,repository
case_039,2,3,483565,14925824,1435262,round6,A题研究/直接迭代/第六轮成果/方案/p2/n3/case_039_multicore_res.json,2.9680849523848916,historical_ledger,repository
case_039,2,4,373028,12165120,1435262,round6,A题研究/直接迭代/第六轮成果/方案/p2/n4/case_039_multicore_res.json,3.8475985716889887,historical_ledger,repository
case_039,2,5,308167,10448896,1435262,round6,A题研究/直接迭代/第六轮成果/方案/p2/n5/case_039_multicore_res.json,4.657416271047841,historical_ledger,repository
case_039,3,1,1435262,7929856,1435262,round6,A题研究/直接迭代/第六轮成果/方案/p3/n1/case_039_multicore_res.json,1.0,historical_ledger,repository
case_039,3,2,705335,11067392,1435262,round6,A题研究/直接迭代/第六轮成果/方案/p3/n2/case_039_multicore_res.json,2.0348657021131804,historical_ledger,repository
case_039,3,3,481474,14344192,1435262,round6,A题研究/直接迭代/第六轮成果/方案/p3/n3/case_039_multicore_res.json,2.980975088997537,historical_ledger,repository
case_039,3,4,367436,17604608,1435262,round6,A题研究/直接迭代/第六轮成果/方案/p3/n4/case_039_multicore_res.json,3.9061550855114904,historical_ledger,repository
case_039,3,5,298213,16588800,1435262,unified_v2_best_known_replayed,新增精选方案/p3/n5/case_039_multicore_res.json,4.81287536089976,independent_official_replay,delivery
case_040,1,1,253833,113930,253454,round6,A题研究/直接迭代/第六轮成果/方案/p1/n1/case_040_multicore_res.json,0.9985068923268449,historical_ledger,repository
case_040,1,2,143594,24576,253454,round6,A题研究/直接迭代/第六轮成果/方案/p1/n2/case_040_multicore_res.json,1.7650737495995654,historical_ledger,repository
case_040,1,3,110105,0,253454,round6,A题研究/直接迭代/第六轮成果/方案/p1/n3/case_040_multicore_res.json,2.301929975932065,historical_ledger,repository
case_040,1,4,110105,0,253454,round6,A题研究/直接迭代/第六轮成果/方案/p1/n4/case_040_multicore_res.json,2.301929975932065,historical_ledger,repository
case_040,1,5,110105,0,253454,round6,A题研究/直接迭代/第六轮成果/方案/p1/n5/case_040_multicore_res.json,2.301929975932065,historical_ledger,repository
case_040,2,1,253454,0,253454,round6,A题研究/直接迭代/第六轮成果/方案/p2/n1/case_040_multicore_res.json,1.0,historical_ledger,repository
case_040,2,2,137591,20540,253454,round6,A题研究/直接迭代/第六轮成果/方案/p2/n2/case_040_multicore_res.json,1.8420826943622766,historical_ledger,repository
case_040,2,3,100597,0,253454,round6,A题研究/直接迭代/第六轮成果/方案/p2/n3/case_040_multicore_res.json,2.5194985933974174,historical_ledger,repository
case_040,2,4,100050,0,253454,round6,A题研究/直接迭代/第六轮成果/方案/p2/n4/case_040_multicore_res.json,2.5332733633183406,historical_ledger,repository
case_040,2,5,68324,2162492,253454,round6,A题研究/直接迭代/第六轮成果/方案/p2/n5/case_040_multicore_res.json,3.70958960248229,historical_ledger,repository
case_040,3,1,253454,0,253454,round6,A题研究/直接迭代/第六轮成果/方案/p3/n1/case_040_multicore_res.json,1.0,historical_ledger,repository
case_040,3,2,137591,20540,253454,round6,A题研究/直接迭代/第六轮成果/方案/p3/n2/case_040_multicore_res.json,1.8420826943622766,historical_ledger,repository
case_040,3,3,100597,0,253454,round6,A题研究/直接迭代/第六轮成果/方案/p3/n3/case_040_multicore_res.json,2.5194985933974174,historical_ledger,repository
case_040,3,4,100050,0,253454,round6,A题研究/直接迭代/第六轮成果/方案/p3/n4/case_040_multicore_res.json,2.5332733633183406,historical_ledger,repository
case_040,3,5,63092,2162492,253454,round6,A题研究/直接迭代/第六轮成果/方案/p3/n5/case_040_multicore_res.json,4.0172129588537375,historical_ledger,repository
case_041,1,1,5963739,30357504,6003957,round6,A题研究/直接迭代/第六轮成果/方案/p1/n1/case_041_multicore_res.json,1.0067437558887133,historical_ledger,repository
case_041,1,2,2992480,33490944,6003957,round6,A题研究/直接迭代/第六轮成果/方案/p1/n2/case_041_multicore_res.json,2.006348246270652,historical_ledger,repository
case_041,1,3,1993597,33042432,6003957,round6,A题研究/直接迭代/第六轮成果/方案/p1/n3/case_041_multicore_res.json,3.011620202076949,historical_ledger,repository
case_041,1,4,1494574,33045504,6003957,round6,A题研究/直接迭代/第六轮成果/方案/p1/n4/case_041_multicore_res.json,4.017169440924303,historical_ledger,repository
case_041,1,5,1196379,40630272,6003957,round6,A题研究/直接迭代/第六轮成果/方案/p1/n5/case_041_multicore_res.json,5.018440644645217,historical_ledger,repository
case_041,2,1,6003957,30898176,6003957,round6,A题研究/直接迭代/第六轮成果/方案/p2/n1/case_041_multicore_res.json,1.0,historical_ledger,repository
case_041,2,2,2990074,33490944,6003957,round6,A题研究/直接迭代/第六轮成果/方案/p2/n2/case_041_multicore_res.json,2.0079626791845286,historical_ledger,repository
case_041,2,3,1991212,34887680,6003957,round6,A题研究/直接迭代/第六轮成果/方案/p2/n3/case_041_multicore_res.json,3.015227409236184,historical_ledger,repository
case_041,2,4,1490603,39164928,6003957,round6,A题研究/直接迭代/第六轮成果/方案/p2/n4/case_041_multicore_res.json,4.027871270888358,historical_ledger,repository
case_041,2,5,1194924,18518016,6003957,round6,A题研究/直接迭代/第六轮成果/方案/p2/n5/case_041_multicore_res.json,5.02455135221989,historical_ledger,repository
case_041,3,1,6001575,30898176,6003957,round6,A题研究/直接迭代/第六轮成果/方案/p3/n1/case_041_multicore_res.json,1.0003968958148486,historical_ledger,repository
case_041,3,2,2985657,33490944,6003957,round6,A题研究/直接迭代/第六轮成果/方案/p3/n2/case_041_multicore_res.json,2.0109332719733044,historical_ledger,repository
case_041,3,3,1989217,33050624,6003957,round6,A题研究/直接迭代/第六轮成果/方案/p3/n3/case_041_multicore_res.json,3.018251402436235,historical_ledger,repository
case_041,3,4,1487676,39164928,6003957,round6,A题研究/直接迭代/第六轮成果/方案/p3/n4/case_041_multicore_res.json,4.035796100763876,historical_ledger,repository
case_041,3,5,1191935,40630272,6003957,round6,A题研究/直接迭代/第六轮成果/方案/p3/n5/case_041_multicore_res.json,5.037151354729914,historical_ledger,repository
case_042,1,1,1674351,8189952,1686740,round6,A题研究/直接迭代/第六轮成果/方案/p1/n1/case_042_multicore_res.json,1.0073992848572373,historical_ledger,repository
case_042,1,2,840111,7262496,1686740,round6,A题研究/直接迭代/第六轮成果/方案/p1/n2/case_042_multicore_res.json,2.007758498579354,historical_ledger,repository
case_042,1,3,571947,8251680,1686740,round6,A题研究/直接迭代/第六轮成果/方案/p1/n3/case_042_multicore_res.json,2.9491194114139945,historical_ledger,repository
case_042,1,4,433223,17044896,1686740,round6,A题研究/直接迭代/第六轮成果/方案/p1/n4/case_042_multicore_res.json,3.8934682599954296,historical_ledger,repository
case_042,1,5,342220,10187904,1686740,round6,A题研究/直接迭代/第六轮成果/方案/p1/n5/case_042_multicore_res.json,4.928817719595582,historical_ledger,repository
case_042,2,1,1686740,6629376,1686740,round6,A题研究/直接迭代/第六轮成果/方案/p2/n1/case_042_multicore_res.json,1.0,historical_ledger,repository
case_042,2,2,834436,7262496,1686740,round6,A题研究/直接迭代/第六轮成果/方案/p2/n2/case_042_multicore_res.json,2.021413265966473,historical_ledger,repository
case_042,2,3,566534,8258848,1686740,round6,A题研究/直接迭代/第六轮成果/方案/p2/n3/case_042_multicore_res.json,2.9772970377770798,historical_ledger,repository
case_042,2,4,437808,8924448,1686740,round6,A题研究/直接迭代/第六轮成果/方案/p2/n4/case_042_multicore_res.json,3.852693418119358,historical_ledger,repository
case_042,2,5,347174,10476936,1686740,unified_v2_best_known_replayed,新增精选方案/p2/n5/case_042_multicore_res.json,4.858485946528254,independent_official_replay,delivery
case_042,3,1,1675633,6629376,1686740,round6,A题研究/直接迭代/第六轮成果/方案/p3/n1/case_042_multicore_res.json,1.0066285397816825,historical_ledger,repository
case_042,3,2,833725,7262496,1686740,round6,A题研究/直接迭代/第六轮成果/方案/p3/n2/case_042_multicore_res.json,2.023137125550991,historical_ledger,repository
case_042,3,3,565883,8258848,1686740,round6,A题研究/直接迭代/第六轮成果/方案/p3/n3/case_042_multicore_res.json,2.9807221634154057,historical_ledger,repository
case_042,3,4,433925,8924448,1686740,round6,A题研究/直接迭代/第六轮成果/方案/p3/n4/case_042_multicore_res.json,3.8871694417238003,historical_ledger,repository
case_042,3,5,353812,6993920,1686740,round6,A题研究/直接迭代/第六轮成果/方案/p3/n5/case_042_multicore_res.json,4.7673340644183915,historical_ledger,repository
case_043,1,1,677408,509960,677656,unified_v2_best_known_replayed,新增精选方案/p1/n1/case_043_multicore_res.json,1.0003661013746517,independent_official_replay,delivery
case_043,1,2,347015,2793242,677656,unified_v2_best_known_replayed,新增精选方案/p1/n2/case_043_multicore_res.json,1.9528147198247914,independent_official_replay,delivery
case_043,1,3,268776,141320,677656,my_runs/iterative_holdout_b8_v1/case_043/n3/single/summary.json,A题研究/直接迭代/闭环验证_20260925/精选方案/case_043_p1_n3.json,2.5212667797720036,historical_ledger,repository
case_043,1,4,242835,4098834,677656,本轮开发重划,A题研究/直接迭代/闭环验证_20260925/下一阶段攻坚/重划实证_v1/精选方案/case_043_p1_n4.json,2.790602672596619,historical_ledger,repository
case_043,1,5,222108,6077368,677656,unified_v2_best_known_replayed,新增精选方案/p1/n5/case_043_multicore_res.json,3.051020224395339,independent_official_replay,delivery
case_043,2,1,657996,856294,677656,unified_v2_best_known_replayed,新增精选方案/p2/n1/case_043_multicore_res.json,1.0298786010857208,independent_official_replay,delivery
case_043,2,2,352934,458788,677656,round6,A题研究/直接迭代/第六轮成果/方案/p2/n2/case_043_multicore_res.json,1.9200643746422843,historical_ledger,repository
case_043,2,3,260496,190524,677656,round6,A题研究/直接迭代/第六轮成果/方案/p2/n3/case_043_multicore_res.json,2.6014065475093666,historical_ledger,repository
case_043,2,4,255399,1045530,677656,round6,A题研究/直接迭代/第六轮成果/方案/p2/n4/case_043_multicore_res.json,2.6533228399484727,historical_ledger,repository
case_043,2,5,169778,6691004,677656,unified_v2_best_known_replayed,新增精选方案/p2/n5/case_043_multicore_res.json,3.99142409499464,independent_official_replay,delivery
case_043,3,1,657961,856294,677656,unified_v2_best_known_replayed,新增精选方案/p3/n1/case_043_multicore_res.json,1.0299333851094519,independent_official_replay,delivery
case_043,3,2,352934,458788,677656,round6,A题研究/直接迭代/第六轮成果/方案/p3/n2/case_043_multicore_res.json,1.9200643746422843,historical_ledger,repository
case_043,3,3,260496,190524,677656,round6,A题研究/直接迭代/第六轮成果/方案/p3/n3/case_043_multicore_res.json,2.6014065475093666,historical_ledger,repository
case_043,3,4,255399,1045530,677656,round6,A题研究/直接迭代/第六轮成果/方案/p3/n4/case_043_multicore_res.json,2.6533228399484727,historical_ledger,repository
case_043,3,5,158316,6691004,677656,unified_v2_best_known_replayed,新增精选方案/p3/n5/case_043_multicore_res.json,4.280401222870714,independent_official_replay,delivery
case_044,1,1,162836,4741728,154407,round6,A题研究/直接迭代/第六轮成果/方案/p1/n1/case_044_multicore_res.json,0.9482362622515905,historical_ledger,repository
case_044,1,2,96349,222208,154407,round6,A题研究/直接迭代/第六轮成果/方案/p1/n2/case_044_multicore_res.json,1.6025802032195455,historical_ledger,repository
case_044,1,3,96349,222208,154407,round6,A题研究/直接迭代/第六轮成果/方案/p1/n3/case_044_multicore_res.json,1.6025802032195455,historical_ledger,repository
case_044,1,4,96349,222208,154407,round6,A题研究/直接迭代/第六轮成果/方案/p1/n4/case_044_multicore_res.json,1.6025802032195455,historical_ledger,repository
case_044,1,5,96349,222208,154407,round6,A题研究/直接迭代/第六轮成果/方案/p1/n5/case_044_multicore_res.json,1.6025802032195455,historical_ledger,repository
case_044,2,1,154407,4438112,154407,round6,A题研究/直接迭代/第六轮成果/方案/p2/n1/case_044_multicore_res.json,1.0,historical_ledger,repository
case_044,2,2,44806,1020512,154407,round6,A题研究/直接迭代/第六轮成果/方案/p2/n2/case_044_multicore_res.json,3.446123287059769,historical_ledger,repository
case_044,2,3,44806,1020512,154407,round6,A题研究/直接迭代/第六轮成果/方案/p2/n3/case_044_multicore_res.json,3.446123287059769,historical_ledger,repository
case_044,2,4,44806,1020512,154407,round6,A题研究/直接迭代/第六轮成果/方案/p2/n4/case_044_multicore_res.json,3.446123287059769,historical_ledger,repository
case_044,2,5,44806,1020512,154407,round6,A题研究/直接迭代/第六轮成果/方案/p2/n5/case_044_multicore_res.json,3.446123287059769,historical_ledger,repository
case_044,3,1,107814,4438112,154407,round6,A题研究/直接迭代/第六轮成果/方案/p3/n1/case_044_multicore_res.json,1.4321609438477378,historical_ledger,repository
case_044,3,2,43843,1021024,154407,round6,A题研究/直接迭代/第六轮成果/方案/p3/n2/case_044_multicore_res.json,3.521816481536391,historical_ledger,repository
case_044,3,3,43843,1021024,154407,round6,A题研究/直接迭代/第六轮成果/方案/p3/n3/case_044_multicore_res.json,3.521816481536391,historical_ledger,repository
case_044,3,4,43843,1021024,154407,round6,A题研究/直接迭代/第六轮成果/方案/p3/n4/case_044_multicore_res.json,3.521816481536391,historical_ledger,repository
case_044,3,5,43210,1021280,154407,round6,A题研究/直接迭代/第六轮成果/方案/p3/n5/case_044_multicore_res.json,3.5734089331173338,historical_ledger,repository
case_045,1,1,125852,0,125614,round6,A题研究/直接迭代/第六轮成果/方案/p1/n1/case_045_multicore_res.json,0.998108889807075,historical_ledger,repository
case_045,1,2,63059,0,125614,round6,A题研究/直接迭代/第六轮成果/方案/p1/n2/case_045_multicore_res.json,1.99200748505368,historical_ledger,repository
case_045,1,3,42452,0,125614,round6,A题研究/直接迭代/第六轮成果/方案/p1/n3/case_045_multicore_res.json,2.9589654197682087,historical_ledger,repository
case_045,1,4,31878,0,125614,round6,A题研究/直接迭代/第六轮成果/方案/p1/n4/case_045_multicore_res.json,3.940460505677897,historical_ledger,repository
case_045,1,5,26153,0,125614,round6,A题研究/直接迭代/第六轮成果/方案/p1/n5/case_045_multicore_res.json,4.8030436278820785,historical_ledger,repository
case_045,2,1,125614,0,125614,round6,A题研究/直接迭代/第六轮成果/方案/p2/n1/case_045_multicore_res.json,1.0,historical_ledger,repository
case_045,2,2,62983,0,125614,round6,A题研究/直接迭代/第六轮成果/方案/p2/n2/case_045_multicore_res.json,1.9944111903211978,historical_ledger,repository
case_045,2,3,42214,0,125614,round6,A题研究/直接迭代/第六轮成果/方案/p2/n3/case_045_multicore_res.json,2.975647889325816,historical_ledger,repository
case_045,2,4,31878,0,125614,round6,A题研究/直接迭代/第六轮成果/方案/p2/n4/case_045_multicore_res.json,3.940460505677897,historical_ledger,repository
case_045,2,5,25770,0,125614,round6,A题研究/直接迭代/第六轮成果/方案/p2/n5/case_045_multicore_res.json,4.874427629025999,historical_ledger,repository
case_045,3,1,125614,0,125614,round6,A题研究/直接迭代/第六轮成果/方案/p3/n1/case_045_multicore_res.json,1.0,historical_ledger,repository
case_045,3,2,62983,0,125614,round6,A题研究/直接迭代/第六轮成果/方案/p3/n2/case_045_multicore_res.json,1.9944111903211978,historical_ledger,repository
case_045,3,3,42214,0,125614,round6,A题研究/直接迭代/第六轮成果/方案/p3/n3/case_045_multicore_res.json,2.975647889325816,historical_ledger,repository
case_045,3,4,31878,0,125614,round6,A题研究/直接迭代/第六轮成果/方案/p3/n4/case_045_multicore_res.json,3.940460505677897,historical_ledger,repository
case_045,3,5,25770,0,125614,round6,A题研究/直接迭代/第六轮成果/方案/p3/n5/case_045_multicore_res.json,4.874427629025999,historical_ledger,repository
case_046,1,1,276455,3176288,276455,round6,A题研究/直接迭代/第六轮成果/方案/p1/n1/case_046_multicore_res.json,1.0,historical_ledger,repository
case_046,1,2,158876,6512800,276455,round6,A题研究/直接迭代/第六轮成果/方案/p1/n2/case_046_multicore_res.json,1.7400677257735593,historical_ledger,repository
case_046,1,3,133411,5513376,276455,round6,A题研究/直接迭代/第六轮成果/方案/p1/n3/case_046_multicore_res.json,2.072205440331007,historical_ledger,repository
case_046,1,4,124612,4513952,276455,round6,A题研究/直接迭代/第六轮成果/方案/p1/n4/case_046_multicore_res.json,2.218526305652746,historical_ledger,repository
case_046,1,5,123920,5365312,276455,unified_v2_best_known_replayed,新增精选方案/p1/n5/case_046_multicore_res.json,2.2309151065203356,independent_official_replay,delivery
case_046,2,1,276455,3176288,276455,round6,A题研究/直接迭代/第六轮成果/方案/p2/n1/case_046_multicore_res.json,1.0,historical_ledger,repository
case_046,2,2,105690,930400,276455,round6,A题研究/直接迭代/第六轮成果/方案/p2/n2/case_046_multicore_res.json,2.615715772542341,historical_ledger,repository
case_046,2,3,97230,2502848,276455,round6,A题研究/直接迭代/第六轮成果/方案/p2/n3/case_046_multicore_res.json,2.843309678082896,historical_ledger,repository
case_046,2,4,78100,2791200,276455,round6,A题研究/直接迭代/第六轮成果/方案/p2/n4/case_046_multicore_res.json,3.5397567221510884,historical_ledger,repository
case_046,2,5,77211,2582304,276455,round6,A题研究/直接迭代/第六轮成果/方案/p2/n5/case_046_multicore_res.json,3.580513139319527,historical_ledger,repository
case_046,3,1,244994,3176288,276455,round6,A题研究/直接迭代/第六轮成果/方案/p3/n1/case_046_multicore_res.json,1.1284153897646474,historical_ledger,repository
case_046,3,2,105690,930400,276455,round6,A题研究/直接迭代/第六轮成果/方案/p3/n2/case_046_multicore_res.json,2.615715772542341,historical_ledger,repository
case_046,3,3,92874,2435264,276455,round6,A题研究/直接迭代/第六轮成果/方案/p3/n3/case_046_multicore_res.json,2.976667312703232,historical_ledger,repository
case_046,3,4,77208,2721568,276455,round6,A题研究/直接迭代/第六轮成果/方案/p3/n4/case_046_multicore_res.json,3.5806522640140916,historical_ledger,repository
case_046,3,5,73405,2582304,276455,round6,A题研究/直接迭代/第六轮成果/方案/p3/n5/case_046_multicore_res.json,3.7661603433008652,historical_ledger,repository
case_047,1,1,323254,501350,326508,round6,A题研究/直接迭代/第六轮成果/方案/p1/n1/case_047_multicore_res.json,1.0100663874228935,historical_ledger,repository
case_047,1,2,323254,501350,326508,round6,A题研究/直接迭代/第六轮成果/方案/p1/n2/case_047_multicore_res.json,1.0100663874228935,historical_ledger,repository
case_047,1,3,323254,501350,326508,round6,A题研究/直接迭代/第六轮成果/方案/p1/n3/case_047_multicore_res.json,1.0100663874228935,historical_ledger,repository
case_047,1,4,323254,501350,326508,round6,A题研究/直接迭代/第六轮成果/方案/p1/n4/case_047_multicore_res.json,1.0100663874228935,historical_ledger,repository
case_047,1,5,208139,3590396,326508,unified_v2_best_known_replayed,新增精选方案/p1/n5/case_047_multicore_res.json,1.5687016849317044,independent_official_replay,delivery
case_047,2,1,326508,0,326508,round6,A题研究/直接迭代/第六轮成果/方案/p2/n1/case_047_multicore_res.json,1.0,historical_ledger,repository
case_047,2,2,185848,902790,326508,round6,A题研究/直接迭代/第六轮成果/方案/p2/n2/case_047_multicore_res.json,1.7568550643536653,historical_ledger,repository
case_047,2,3,128075,1560748,326508,round6,A题研究/直接迭代/第六轮成果/方案/p2/n3/case_047_multicore_res.json,2.549349990240094,historical_ledger,repository
case_047,2,4,110320,2112370,326508,round6,A题研究/直接迭代/第六轮成果/方案/p2/n4/case_047_multicore_res.json,2.9596446700507615,historical_ledger,repository
case_047,2,5,95409,2658872,326508,unified_v2_best_known_replayed,新增精选方案/p2/n5/case_047_multicore_res.json,3.422192874886017,independent_official_replay,delivery
case_047,3,1,326508,0,326508,round6,A题研究/直接迭代/第六轮成果/方案/p3/n1/case_047_multicore_res.json,1.0,historical_ledger,repository
case_047,3,2,185722,902790,326508,round6,A题研究/直接迭代/第六轮成果/方案/p3/n2/case_047_multicore_res.json,1.7580469734334112,historical_ledger,repository
case_047,3,3,127936,1560748,326508,round6,A题研究/直接迭代/第六轮成果/方案/p3/n3/case_047_multicore_res.json,2.5521198099049527,historical_ledger,repository
case_047,3,4,109306,2112370,326508,round6,A题研究/直接迭代/第六轮成果/方案/p3/n4/case_047_multicore_res.json,2.9871004336449967,historical_ledger,repository
case_047,3,5,92870,2658872,326508,unified_v2_best_known_replayed,新增精选方案/p3/n5/case_047_multicore_res.json,3.515753203402606,independent_official_replay,delivery
case_048,1,1,222532,42438,222220,round6,A题研究/直接迭代/第六轮成果/方案/p1/n1/case_048_multicore_res.json,0.9985979544514946,historical_ledger,repository
case_048,1,2,222220,0,222220,round6,A题研究/直接迭代/第六轮成果/方案/p1/n2/case_048_multicore_res.json,1.0,historical_ledger,repository
case_048,1,3,191033,3320606,222220,本轮从头_new,A题研究/直接迭代/闭环验证_20260925/下一阶段攻坚/重划实证_v1/精选方案/case_048_p1_n3.json,1.1632545162354149,historical_ledger,repository
case_048,1,4,222220,0,222220,round6,A题研究/直接迭代/第六轮成果/方案/p1/n4/case_048_multicore_res.json,1.0,historical_ledger,repository
case_048,1,5,136675,1154096,222220,unified_v2_best_known_replayed,新增精选方案/p1/n5/case_048_multicore_res.json,1.6259008597036766,independent_official_replay,delivery
case_048,2,1,222220,0,222220,round6,A题研究/直接迭代/第六轮成果/方案/p2/n1/case_048_multicore_res.json,1.0,historical_ledger,repository
case_048,2,2,114065,479718,222220,round6,A题研究/直接迭代/第六轮成果/方案/p2/n2/case_048_multicore_res.json,1.9481874369876824,historical_ledger,repository
case_048,2,3,103645,725004,222220,round6,A题研究/直接迭代/第六轮成果/方案/p2/n3/case_048_multicore_res.json,2.144049399392156,historical_ledger,repository
case_048,2,4,102067,792656,222220,round6,A题研究/直接迭代/第六轮成果/方案/p2/n4/case_048_multicore_res.json,2.177197331164823,historical_ledger,repository
case_048,2,5,98926,1236696,222220,unified_v2_best_known_replayed,新增精选方案/p2/n5/case_048_multicore_res.json,2.2463255362594263,independent_official_replay,delivery
case_048,3,1,222220,0,222220,round6,A题研究/直接迭代/第六轮成果/方案/p3/n1/case_048_multicore_res.json,1.0,historical_ledger,repository
case_048,3,2,114065,479718,222220,round6,A题研究/直接迭代/第六轮成果/方案/p3/n2/case_048_multicore_res.json,1.9481874369876824,historical_ledger,repository
case_048,3,3,103311,725004,222220,round6,A题研究/直接迭代/第六轮成果/方案/p3/n3/case_048_multicore_res.json,2.1509810184781872,historical_ledger,repository
case_048,3,4,101542,792656,222220,round6,A题研究/直接迭代/第六轮成果/方案/p3/n4/case_048_multicore_res.json,2.188454038722893,historical_ledger,repository
case_048,3,5,98781,1236696,222220,unified_v2_best_known_replayed,新增精选方案/p3/n5/case_048_multicore_res.json,2.2496229031898847,independent_official_replay,delivery
case_049,1,1,196276,0,196276,round6,A题研究/直接迭代/第六轮成果/方案/p1/n1/case_049_multicore_res.json,1.0,historical_ledger,repository
case_049,1,2,160206,0,196276,round6,A题研究/直接迭代/第六轮成果/方案/p1/n2/case_049_multicore_res.json,1.2251476224361135,historical_ledger,repository
case_049,1,3,142360,746906,196276,round6,A题研究/直接迭代/第六轮成果/方案/p1/n3/case_049_multicore_res.json,1.3787299803315538,historical_ledger,repository
case_049,1,4,141356,353564,196276,round6,A题研究/直接迭代/第六轮成果/方案/p1/n4/case_049_multicore_res.json,1.388522595432808,historical_ledger,repository
case_049,1,5,124981,1462062,196276,round6,A题研究/直接迭代/第六轮成果/方案/p1/n5/case_049_multicore_res.json,1.5704467078996007,historical_ledger,repository
case_049,2,1,196276,0,196276,round6,A题研究/直接迭代/第六轮成果/方案/p2/n1/case_049_multicore_res.json,1.0,historical_ledger,repository
case_049,2,2,121112,3169338,196276,round6,A题研究/直接迭代/第六轮成果/方案/p2/n2/case_049_multicore_res.json,1.6206156285091486,historical_ledger,repository
case_049,2,3,93625,3835440,196276,round6,A题研究/直接迭代/第六轮成果/方案/p2/n3/case_049_multicore_res.json,2.0964058744993324,historical_ledger,repository
case_049,2,4,93550,4523478,196276,round6,A题研究/直接迭代/第六轮成果/方案/p2/n4/case_049_multicore_res.json,2.0980865847140566,historical_ledger,repository
case_049,2,5,59914,1782112,196276,round6,A题研究/直接迭代/第六轮成果/方案/p2/n5/case_049_multicore_res.json,3.2759622125045897,historical_ledger,repository
case_049,3,1,196276,0,196276,round6,A题研究/直接迭代/第六轮成果/方案/p3/n1/case_049_multicore_res.json,1.0,historical_ledger,repository
case_049,3,2,121088,3169338,196276,round6,A题研究/直接迭代/第六轮成果/方案/p3/n2/case_049_multicore_res.json,1.6209368393234673,historical_ledger,repository
case_049,3,3,91236,3835440,196276,round6,A题研究/直接迭代/第六轮成果/方案/p3/n3/case_049_multicore_res.json,2.151299925468017,historical_ledger,repository
case_049,3,4,88719,4523478,196276,round6,A题研究/直接迭代/第六轮成果/方案/p3/n4/case_049_multicore_res.json,2.2123333220617907,historical_ledger,repository
case_049,3,5,59456,1786208,196276,round6,A题研究/直接迭代/第六轮成果/方案/p3/n5/case_049_multicore_res.json,3.301197524219591,historical_ledger,repository
case_050,1,1,149552,96048,149690,round6,A题研究/直接迭代/第六轮成果/方案/p1/n1/case_050_multicore_res.json,1.0009227559644807,historical_ledger,repository
case_050,1,2,102445,64082,149690,round6,A题研究/直接迭代/第六轮成果/方案/p1/n2/case_050_multicore_res.json,1.4611742886426864,historical_ledger,repository
case_050,1,3,91511,466052,149690,round6,A题研究/直接迭代/第六轮成果/方案/p1/n3/case_050_multicore_res.json,1.6357596354536612,historical_ledger,repository
case_050,1,4,91511,466052,149690,round6,A题研究/直接迭代/第六轮成果/方案/p1/n4/case_050_multicore_res.json,1.6357596354536612,historical_ledger,repository
case_050,1,5,77776,907036,149690,round6,A题研究/直接迭代/第六轮成果/方案/p1/n5/case_050_multicore_res.json,1.9246297058218473,historical_ledger,repository
case_050,2,1,149690,0,149690,round6,A题研究/直接迭代/第六轮成果/方案/p2/n1/case_050_multicore_res.json,1.0,historical_ledger,repository
case_050,2,2,88024,950954,149690,round6,A题研究/直接迭代/第六轮成果/方案/p2/n2/case_050_multicore_res.json,1.700558938471326,historical_ledger,repository
case_050,2,3,56006,1214252,149690,round6,A题研究/直接迭代/第六轮成果/方案/p2/n3/case_050_multicore_res.json,2.6727493482841123,historical_ledger,repository
case_050,2,4,56006,1214252,149690,round6,A题研究/直接迭代/第六轮成果/方案/p2/n4/case_050_multicore_res.json,2.6727493482841123,historical_ledger,repository
case_050,2,5,48502,1481220,149690,round6,A题研究/直接迭代/第六轮成果/方案/p2/n5/case_050_multicore_res.json,3.0862644839388067,historical_ledger,repository
case_050,3,1,149690,0,149690,round6,A题研究/直接迭代/第六轮成果/方案/p3/n1/case_050_multicore_res.json,1.0,historical_ledger,repository
case_050,3,2,87754,950954,149690,round6,A题研究/直接迭代/第六轮成果/方案/p3/n2/case_050_multicore_res.json,1.7057911890056294,historical_ledger,repository
case_050,3,3,55123,1214252,149690,round6,A题研究/直接迭代/第六轮成果/方案/p3/n3/case_050_multicore_res.json,2.7155633764490323,historical_ledger,repository
case_050,3,4,55123,1214252,149690,round6,A题研究/直接迭代/第六轮成果/方案/p3/n4/case_050_multicore_res.json,2.7155633764490323,historical_ledger,repository
case_050,3,5,45172,1481220,149690,round6,A题研究/直接迭代/第六轮成果/方案/p3/n5/case_050_multicore_res.json,3.313778446825467,historical_ledger,repository
case_051,1,1,607628,0,607628,round6,A题研究/直接迭代/第六轮成果/方案/p1/n1/case_051_multicore_res.json,1.0,historical_ledger,repository
case_051,1,2,607628,0,607628,round6,A题研究/直接迭代/第六轮成果/方案/p1/n2/case_051_multicore_res.json,1.0,historical_ledger,repository
case_051,1,3,607628,0,607628,round6,A题研究/直接迭代/第六轮成果/方案/p1/n3/case_051_multicore_res.json,1.0,historical_ledger,repository
case_051,1,4,607628,0,607628,round6,A题研究/直接迭代/第六轮成果/方案/p1/n4/case_051_multicore_res.json,1.0,historical_ledger,repository
case_051,1,5,290405,9046256,607628,unified_v2_best_known_replayed,新增精选方案/p1/n5/case_051_multicore_res.json,2.0923468948537387,independent_official_replay,delivery
case_051,2,1,607628,0,607628,round6,A题研究/直接迭代/第六轮成果/方案/p2/n1/case_051_multicore_res.json,1.0,historical_ledger,repository
case_051,2,2,319230,394080,607628,round6,A题研究/直接迭代/第六轮成果/方案/p2/n2/case_051_multicore_res.json,1.903417598596623,historical_ledger,repository
case_051,2,3,228533,263200,607628,round6,A题研究/直接迭代/第六轮成果/方案/p2/n3/case_051_multicore_res.json,2.6588195140307964,historical_ledger,repository
case_051,2,4,179465,197848,607628,round6,A题研究/直接迭代/第六轮成果/方案/p2/n4/case_051_multicore_res.json,3.385774384977572,historical_ledger,repository
case_051,2,5,162296,3507604,607628,round6,A题研究/直接迭代/第六轮成果/方案/p2/n5/case_051_multicore_res.json,3.7439493271553212,historical_ledger,repository
case_051,3,1,607628,0,607628,round6,A题研究/直接迭代/第六轮成果/方案/p3/n1/case_051_multicore_res.json,1.0,historical_ledger,repository
case_051,3,2,318398,394080,607628,round6,A题研究/直接迭代/第六轮成果/方案/p3/n2/case_051_multicore_res.json,1.9083913843679923,historical_ledger,repository
case_051,3,3,227940,263200,607628,round6,A题研究/直接迭代/第六轮成果/方案/p3/n3/case_051_multicore_res.json,2.66573659735018,historical_ledger,repository
case_051,3,4,178974,197848,607628,round6,A题研究/直接迭代/第六轮成果/方案/p3/n4/case_051_multicore_res.json,3.395062970040341,historical_ledger,repository
case_051,3,5,159635,3507604,607628,round6,A题研究/直接迭代/第六轮成果/方案/p3/n5/case_051_multicore_res.json,3.806358254768691,historical_ledger,repository
case_052,1,1,180301,0,180301,round6,A题研究/直接迭代/第六轮成果/方案/p1/n1/case_052_multicore_res.json,1.0,historical_ledger,repository
case_052,1,2,86401,135168,180301,round6,A题研究/直接迭代/第六轮成果/方案/p1/n2/case_052_multicore_res.json,2.0867929769331375,historical_ledger,repository
case_052,1,3,63144,181248,180301,round6,A题研究/直接迭代/第六轮成果/方案/p1/n3/case_052_multicore_res.json,2.8553940200177372,historical_ledger,repository
case_052,1,4,47938,259584,180301,round6,A题研究/直接迭代/第六轮成果/方案/p1/n4/case_052_multicore_res.json,3.7611289582377236,historical_ledger,repository
case_052,1,5,44240,854016,180301,round6,A题研究/直接迭代/第六轮成果/方案/p1/n5/case_052_multicore_res.json,4.075519891500904,historical_ledger,repository
case_052,2,1,180301,0,180301,round6,A题研究/直接迭代/第六轮成果/方案/p2/n1/case_052_multicore_res.json,1.0,historical_ledger,repository
case_052,2,2,85972,102912,180301,round6,A题研究/直接迭代/第六轮成果/方案/p2/n2/case_052_multicore_res.json,2.0972060670916113,historical_ledger,repository
case_052,2,3,54776,181248,180301,round6,A题研究/直接迭代/第六轮成果/方案/p2/n3/case_052_multicore_res.json,3.2916058127647143,historical_ledger,repository
case_052,2,4,40702,259584,180301,round6,A题研究/直接迭代/第六轮成果/方案/p2/n4/case_052_multicore_res.json,4.429782320279101,historical_ledger,repository
case_052,2,5,32948,328704,180301,round6,A题研究/直接迭代/第六轮成果/方案/p2/n5/case_052_multicore_res.json,5.472289668568654,historical_ledger,repository
case_052,3,1,180301,0,180301,round6,A题研究/直接迭代/第六轮成果/方案/p3/n1/case_052_multicore_res.json,1.0,historical_ledger,repository
case_052,3,2,85972,102912,180301,round6,A题研究/直接迭代/第六轮成果/方案/p3/n2/case_052_multicore_res.json,2.0972060670916113,historical_ledger,repository
case_052,3,3,54776,181248,180301,round6,A题研究/直接迭代/第六轮成果/方案/p3/n3/case_052_multicore_res.json,3.2916058127647143,historical_ledger,repository
case_052,3,4,40702,259584,180301,round6,A题研究/直接迭代/第六轮成果/方案/p3/n4/case_052_multicore_res.json,4.429782320279101,historical_ledger,repository
case_052,3,5,32948,328704,180301,round6,A题研究/直接迭代/第六轮成果/方案/p3/n5/case_052_multicore_res.json,5.472289668568654,historical_ledger,repository
case_053,1,1,1471981,6711364,1472686,round6,A题研究/直接迭代/第六轮成果/方案/p1/n1/case_053_multicore_res.json,1.0004789463994441,historical_ledger,repository
case_053,1,2,770331,6759168,1472686,round6,A题研究/直接迭代/第六轮成果/方案/p1/n2/case_053_multicore_res.json,1.9117574133716546,historical_ledger,repository
case_053,1,3,546106,5882944,1472686,round6,A题研究/直接迭代/第六轮成果/方案/p1/n3/case_053_multicore_res.json,2.6967035703691224,historical_ledger,repository
case_053,1,4,492232,6360992,1472686,round6,A题研究/直接迭代/第六轮成果/方案/p1/n4/case_053_multicore_res.json,2.991853434965626,historical_ledger,repository
case_053,1,5,470274,15299978,1472686,round6,A题研究/直接迭代/第六轮成果/方案/p1/n5/case_053_multicore_res.json,3.1315488417390713,historical_ledger,repository
case_053,2,1,1472686,5405536,1472686,round6,A题研究/直接迭代/第六轮成果/方案/p2/n1/case_053_multicore_res.json,1.0,historical_ledger,repository
case_053,2,2,709198,10834526,1472686,round6,A题研究/直接迭代/第六轮成果/方案/p2/n2/case_053_multicore_res.json,2.076551259309812,historical_ledger,repository
case_053,2,3,526435,5882944,1472686,round6,A题研究/直接迭代/第六轮成果/方案/p2/n3/case_053_multicore_res.json,2.7974697730963936,historical_ledger,repository
case_053,2,4,432146,17979556,1472686,round6,A题研究/直接迭代/第六轮成果/方案/p2/n4/case_053_multicore_res.json,3.4078436454346446,historical_ledger,repository
case_053,2,5,420197,13948808,1472686,unified_v2_best_known_replayed,新增精选方案/p2/n5/case_053_multicore_res.json,3.504751342822533,independent_official_replay,delivery
case_053,3,1,1428109,5405536,1472686,round6,A题研究/直接迭代/第六轮成果/方案/p3/n1/case_053_multicore_res.json,1.0312140039730862,historical_ledger,repository
case_053,3,2,707962,10834526,1472686,round6,A题研究/直接迭代/第六轮成果/方案/p3/n2/case_053_multicore_res.json,2.080176619649077,historical_ledger,repository
case_053,3,3,526435,5882944,1472686,round6,A题研究/直接迭代/第六轮成果/方案/p3/n3/case_053_multicore_res.json,2.7974697730963936,historical_ledger,repository
case_053,3,4,402244,17995940,1472686,round6,A题研究/直接迭代/第六轮成果/方案/p3/n4/case_053_multicore_res.json,3.661175803741013,historical_ledger,repository
case_053,3,5,380122,21711392,1472686,round6,A题研究/直接迭代/第六轮成果/方案/p3/n5/case_053_multicore_res.json,3.8742456369270917,historical_ledger,repository
case_054,1,1,813161,1156360,815051,round6,A题研究/直接迭代/第六轮成果/方案/p1/n1/case_054_multicore_res.json,1.002324262968834,historical_ledger,repository
case_054,1,2,517960,49152,815051,round6,A题研究/直接迭代/第六轮成果/方案/p1/n2/case_054_multicore_res.json,1.5735790408525754,historical_ledger,repository
case_054,1,3,517960,49152,815051,round6,A题研究/直接迭代/第六轮成果/方案/p1/n3/case_054_multicore_res.json,1.5735790408525754,historical_ledger,repository
case_054,1,4,517960,49152,815051,round6,A题研究/直接迭代/第六轮成果/方案/p1/n4/case_054_multicore_res.json,1.5735790408525754,historical_ledger,repository
case_054,1,5,387450,13481052,815051,unified_v2_best_known_replayed,新增精选方案/p1/n5/case_054_multicore_res.json,2.1036288553361726,independent_official_replay,delivery
case_054,2,1,815051,0,815051,round6,A题研究/直接迭代/第六轮成果/方案/p2/n1/case_054_multicore_res.json,1.0,historical_ledger,repository
case_054,2,2,467888,8232922,815051,round6,A题研究/直接迭代/第六轮成果/方案/p2/n2/case_054_multicore_res.json,1.7419788496392299,historical_ledger,repository
case_054,2,3,306968,4800036,815051,round6,A题研究/直接迭代/第六轮成果/方案/p2/n3/case_054_multicore_res.json,2.655166010789398,historical_ledger,repository
case_054,2,4,252914,5695422,815051,round6,A题研究/直接迭代/第六轮成果/方案/p2/n4/case_054_multicore_res.json,3.2226408976964502,historical_ledger,repository
case_054,2,5,217984,6504128,815051,round6,A题研究/直接迭代/第六轮成果/方案/p2/n5/case_054_multicore_res.json,3.739040480035232,historical_ledger,repository
case_054,3,1,815051,0,815051,round6,A题研究/直接迭代/第六轮成果/方案/p3/n1/case_054_multicore_res.json,1.0,historical_ledger,repository
case_054,3,2,467045,8232922,815051,round6,A题研究/直接迭代/第六轮成果/方案/p3/n2/case_054_multicore_res.json,1.7451230609470179,historical_ledger,repository
case_054,3,3,306732,4800036,815051,round6,A题研究/直接迭代/第六轮成果/方案/p3/n3/case_054_multicore_res.json,2.657208898973697,historical_ledger,repository
case_054,3,4,250944,5695422,815051,round6,A题研究/直接迭代/第六轮成果/方案/p3/n4/case_054_multicore_res.json,3.247939779393012,historical_ledger,repository
case_054,3,5,212882,6504128,815051,round6,A题研究/直接迭代/第六轮成果/方案/p3/n5/case_054_multicore_res.json,3.8286515534427523,historical_ledger,repository
case_055,1,1,120124,86016,118835,round6,A题研究/直接迭代/第六轮成果/方案/p1/n1/case_055_multicore_res.json,0.9892694215976824,historical_ledger,repository
case_055,1,2,60867,74240,118835,round6,A题研究/直接迭代/第六轮成果/方案/p1/n2/case_055_multicore_res.json,1.9523715642302069,historical_ledger,repository
case_055,1,3,43004,74240,118835,round6,A题研究/直接迭代/第六轮成果/方案/p1/n3/case_055_multicore_res.json,2.763347595572505,historical_ledger,repository
case_055,1,4,31367,115712,118835,round6,A题研究/直接迭代/第六轮成果/方案/p1/n4/case_055_multicore_res.json,3.788535722255874,historical_ledger,repository
case_055,1,5,26781,198656,118835,round6,A题研究/直接迭代/第六轮成果/方案/p1/n5/case_055_multicore_res.json,4.437287629289422,historical_ledger,repository
case_055,2,1,118835,69632,118835,round6,A题研究/直接迭代/第六轮成果/方案/p2/n1/case_055_multicore_res.json,1.0,historical_ledger,repository
case_055,2,2,51558,16384,118835,round6,A题研究/直接迭代/第六轮成果/方案/p2/n2/case_055_multicore_res.json,2.3048799410372784,historical_ledger,repository
case_055,2,3,40867,68608,118835,round6,A题研究/直接迭代/第六轮成果/方案/p2/n3/case_055_multicore_res.json,2.9078474074436587,historical_ledger,repository
case_055,2,4,29477,197632,118835,round6,A题研究/直接迭代/第六轮成果/方案/p2/n4/case_055_multicore_res.json,4.031448247786409,historical_ledger,repository
case_055,2,5,26309,157184,118835,round6,A题研究/直接迭代/第六轮成果/方案/p2/n5/case_055_multicore_res.json,4.516895359002623,historical_ledger,repository
case_055,3,1,118835,69632,118835,round6,A题研究/直接迭代/第六轮成果/方案/p3/n1/case_055_multicore_res.json,1.0,historical_ledger,repository
case_055,3,2,51557,16384,118835,round6,A题研究/直接迭代/第六轮成果/方案/p3/n2/case_055_multicore_res.json,2.304924646507749,historical_ledger,repository
case_055,3,3,40867,68608,118835,round6,A题研究/直接迭代/第六轮成果/方案/p3/n3/case_055_multicore_res.json,2.9078474074436587,historical_ledger,repository
case_055,3,4,29504,197632,118835,round6,A题研究/直接迭代/第六轮成果/方案/p3/n4/case_055_multicore_res.json,4.027758947939263,historical_ledger,repository
case_055,3,5,26309,157184,118835,round6,A题研究/直接迭代/第六轮成果/方案/p3/n5/case_055_multicore_res.json,4.516895359002623,historical_ledger,repository
case_056,1,1,277456,432166,277285,round6,A题研究/直接迭代/第六轮成果/方案/p1/n1/case_056_multicore_res.json,0.9993836860619342,historical_ledger,repository
case_056,1,2,265710,0,277285,round6,A题研究/直接迭代/第六轮成果/方案/p1/n2/case_056_multicore_res.json,1.0435625305784502,historical_ledger,repository
case_056,1,3,244205,1764804,277285,本轮从头_new,A题研究/直接迭代/闭环验证_20260925/下一阶段攻坚/重划实证_v1/精选方案/case_056_p1_n3.json,1.1354599619172416,historical_ledger,repository
case_056,1,4,222412,952620,277285,round6,A题研究/直接迭代/第六轮成果/方案/p1/n4/case_056_multicore_res.json,1.2467178029962411,historical_ledger,repository
case_056,1,5,174670,5343558,277285,unified_v2_best_known_replayed,新增精选方案/p1/n5/case_056_multicore_res.json,1.5874792465792638,independent_official_replay,delivery
case_056,2,1,277285,0,277285,round6,A题研究/直接迭代/第六轮成果/方案/p2/n1/case_056_multicore_res.json,1.0,historical_ledger,repository
case_056,2,2,172826,3631650,277285,round6,A题研究/直接迭代/第六轮成果/方案/p2/n2/case_056_multicore_res.json,1.6044171594551746,historical_ledger,repository
case_056,2,3,125443,5730556,277285,round6,A题研究/直接迭代/第六轮成果/方案/p2/n3/case_056_multicore_res.json,2.2104461787425365,historical_ledger,repository
case_056,2,4,125443,5730556,277285,round6,A题研究/直接迭代/第六轮成果/方案/p2/n4/case_056_multicore_res.json,2.2104461787425365,historical_ledger,repository
case_056,2,5,92627,2734524,277285,round6,A题研究/直接迭代/第六轮成果/方案/p2/n5/case_056_multicore_res.json,2.9935655910263748,historical_ledger,repository
case_056,3,1,277285,0,277285,round6,A题研究/直接迭代/第六轮成果/方案/p3/n1/case_056_multicore_res.json,1.0,historical_ledger,repository
case_056,3,2,172496,3631650,277285,round6,A题研究/直接迭代/第六轮成果/方案/p3/n2/case_056_multicore_res.json,1.6074865504127631,historical_ledger,repository
case_056,3,3,122694,5730556,277285,round6,A题研究/直接迭代/第六轮成果/方案/p3/n3/case_056_multicore_res.json,2.2599719627691655,historical_ledger,repository
case_056,3,4,122455,5819338,277285,round6,A题研究/直接迭代/第六轮成果/方案/p3/n4/case_056_multicore_res.json,2.2643828345106365,historical_ledger,repository
case_056,3,5,91994,2734524,277285,round6,A题研究/直接迭代/第六轮成果/方案/p3/n5/case_056_multicore_res.json,3.014163967215253,historical_ledger,repository
case_057,1,1,59726,94216,59726,round6,A题研究/直接迭代/第六轮成果/方案/p1/n1/case_057_multicore_res.json,1.0,historical_ledger,repository
case_057,1,2,33201,70272,59726,round6,A题研究/直接迭代/第六轮成果/方案/p1/n2/case_057_multicore_res.json,1.7989217192253246,historical_ledger,repository
case_057,1,3,22973,70272,59726,round6,A题研究/直接迭代/第六轮成果/方案/p1/n3/case_057_multicore_res.json,2.599834588429896,historical_ledger,repository
case_057,1,4,18187,70272,59726,round6,A题研究/直接迭代/第六轮成果/方案/p1/n4/case_057_multicore_res.json,3.2839940616924177,historical_ledger,repository
case_057,1,5,14268,70272,59726,round6,A题研究/直接迭代/第六轮成果/方案/p1/n5/case_057_multicore_res.json,4.186010653209981,historical_ledger,repository
case_057,2,1,59726,94216,59726,round6,A题研究/直接迭代/第六轮成果/方案/p2/n1/case_057_multicore_res.json,1.0,historical_ledger,repository
case_057,2,2,32260,1186582,59726,round6,A题研究/直接迭代/第六轮成果/方案/p2/n2/case_057_multicore_res.json,1.8513949163050216,historical_ledger,repository
case_057,2,3,22235,57640,59726,round6,A题研究/直接迭代/第六轮成果/方案/p2/n3/case_057_multicore_res.json,2.686125477850236,historical_ledger,repository
case_057,2,4,17942,288,59726,round6,A题研究/直接迭代/第六轮成果/方案/p2/n4/case_057_multicore_res.json,3.3288373648422693,historical_ledger,repository
case_057,2,5,14028,14112,59726,unified_v2_best_known_replayed,新增精选方案/p2/n5/case_057_multicore_res.json,4.257627601938979,independent_official_replay,delivery
case_057,3,1,59726,94216,59726,round6,A题研究/直接迭代/第六轮成果/方案/p3/n1/case_057_multicore_res.json,1.0,historical_ledger,repository
case_057,3,2,29663,1186582,59726,round6,A题研究/直接迭代/第六轮成果/方案/p3/n2/case_057_multicore_res.json,2.013484812729663,historical_ledger,repository
case_057,3,3,22235,57640,59726,round6,A题研究/直接迭代/第六轮成果/方案/p3/n3/case_057_multicore_res.json,2.686125477850236,historical_ledger,repository
case_057,3,4,17942,288,59726,round6,A题研究/直接迭代/第六轮成果/方案/p3/n4/case_057_multicore_res.json,3.3288373648422693,historical_ledger,repository
case_057,3,5,14028,14112,59726,unified_v2_best_known_replayed,新增精选方案/p3/n5/case_057_multicore_res.json,4.257627601938979,independent_official_replay,delivery
case_058,1,1,4365891,32440320,4539717,round6,A题研究/直接迭代/第六轮成果/方案/p1/n1/case_058_multicore_res.json,1.0398145533179826,historical_ledger,repository
case_058,1,2,2260323,30367744,4539717,round6,A题研究/直接迭代/第六轮成果/方案/p1/n2/case_058_multicore_res.json,2.0084372897147884,historical_ledger,repository
case_058,1,3,1516388,31899648,4539717,round6,A题研究/直接迭代/第六轮成果/方案/p1/n3/case_058_multicore_res.json,2.993770064126068,historical_ledger,repository
case_058,1,4,1134997,35819520,4539717,round6,A题研究/直接迭代/第六轮成果/方案/p1/n4/case_058_multicore_res.json,3.9997612328490737,historical_ledger,repository
case_058,1,5,943984,36671488,4539717,round6,A题研究/直接迭代/第六轮成果/方案/p1/n5/case_058_multicore_res.json,4.8091037559958645,historical_ledger,repository
case_058,2,1,4539717,28696576,4539717,round6,A题研究/直接迭代/第六轮成果/方案/p2/n1/case_058_multicore_res.json,1.0,historical_ledger,repository
case_058,2,2,2263305,29569024,4539717,round6,A题研究/直接迭代/第六轮成果/方案/p2/n2/case_058_multicore_res.json,2.005791088695514,historical_ledger,repository
case_058,2,3,1554261,30400512,4539717,round6,A题研究/直接迭代/第六轮成果/方案/p2/n3/case_058_multicore_res.json,2.9208202483366694,historical_ledger,repository
case_058,2,4,1131299,34217984,4539717,round6,A题研究/直接迭代/第六轮成果/方案/p2/n4/case_058_multicore_res.json,4.012835687117199,historical_ledger,repository
case_058,2,5,911208,36388864,4539717,round6,A题研究/直接迭代/第六轮成果/方案/p2/n5/case_058_multicore_res.json,4.982086417151737,historical_ledger,repository
case_058,3,1,4539717,28696576,4539717,round6,A题研究/直接迭代/第六轮成果/方案/p3/n1/case_058_multicore_res.json,1.0,historical_ledger,repository
case_058,3,2,2262720,29569024,4539717,round6,A题研究/直接迭代/第六轮成果/方案/p3/n2/case_058_multicore_res.json,2.0063096627068306,historical_ledger,repository
case_058,3,3,1554261,30400512,4539717,round6,A题研究/直接迭代/第六轮成果/方案/p3/n3/case_058_multicore_res.json,2.9208202483366694,historical_ledger,repository
case_058,3,4,1126957,34217984,4539717,round6,A题研究/直接迭代/第六轮成果/方案/p3/n4/case_058_multicore_res.json,4.028296554349456,historical_ledger,repository
case_058,3,5,880410,18444288,4539717,unified_v2_best_known_replayed,新增精选方案/p3/n5/case_058_multicore_res.json,5.156366919957747,independent_official_replay,delivery
case_059,1,1,795946,2621440,829473,round6,A题研究/直接迭代/第六轮成果/方案/p1/n1/case_059_multicore_res.json,1.042122204270139,historical_ledger,repository
case_059,1,2,369318,360448,829473,round6,A题研究/直接迭代/第六轮成果/方案/p1/n2/case_059_multicore_res.json,2.2459587672412393,historical_ledger,repository
case_059,1,3,254768,2117632,829473,round6,A题研究/直接迭代/第六轮成果/方案/p1/n3/case_059_multicore_res.json,3.2557974313885576,historical_ledger,repository
case_059,1,4,185216,1081344,829473,round6,A题研究/直接迭代/第六轮成果/方案/p1/n4/case_059_multicore_res.json,4.478408992743607,historical_ledger,repository
case_059,1,5,150782,4325376,829473,round6,A题研究/直接迭代/第六轮成果/方案/p1/n5/case_059_multicore_res.json,5.501140719714555,historical_ledger,repository
case_059,2,1,829473,1691648,829473,round6,A题研究/直接迭代/第六轮成果/方案/p2/n1/case_059_multicore_res.json,1.0,historical_ledger,repository
case_059,2,2,369318,360448,829473,round6,A题研究/直接迭代/第六轮成果/方案/p2/n2/case_059_multicore_res.json,2.2459587672412393,historical_ledger,repository
case_059,2,3,253549,1183744,829473,round6,A题研究/直接迭代/第六轮成果/方案/p2/n3/case_059_multicore_res.json,3.2714504888601414,historical_ledger,repository
case_059,2,4,185216,1081344,829473,round6,A题研究/直接迭代/第六轮成果/方案/p2/n4/case_059_multicore_res.json,4.478408992743607,historical_ledger,repository
case_059,2,5,148571,4087808,829473,unified_v2_best_known_replayed,新增精选方案/p2/n5/case_059_multicore_res.json,5.583007450983032,independent_official_replay,delivery
case_059,3,1,815938,1691648,829473,round6,A题研究/直接迭代/第六轮成果/方案/p3/n1/case_059_multicore_res.json,1.0165882701871956,historical_ledger,repository
case_059,3,2,369318,360448,829473,round6,A题研究/直接迭代/第六轮成果/方案/p3/n2/case_059_multicore_res.json,2.2459587672412393,historical_ledger,repository
case_059,3,3,253549,1183744,829473,round6,A题研究/直接迭代/第六轮成果/方案/p3/n3/case_059_multicore_res.json,3.2714504888601414,historical_ledger,repository
case_059,3,4,185216,1081344,829473,round6,A题研究/直接迭代/第六轮成果/方案/p3/n4/case_059_multicore_res.json,4.478408992743607,historical_ledger,repository
case_059,3,5,150528,4362240,829473,unified_v2_best_known_replayed,新增精选方案/p3/n5/case_059_multicore_res.json,5.51042330994898,independent_official_replay,delivery
case_060,1,1,867900,3635336,888789,round6,A题研究/直接迭代/第六轮成果/方案/p1/n1/case_060_multicore_res.json,1.0240684410646388,historical_ledger,repository
case_060,1,2,457717,3319936,888789,round6,A题研究/直接迭代/第六轮成果/方案/p1/n2/case_060_multicore_res.json,1.9417871741709396,historical_ledger,repository
case_060,1,3,312009,8109056,888789,round6,A题研究/直接迭代/第六轮成果/方案/p1/n3/case_060_multicore_res.json,2.8486005211388132,historical_ledger,repository
case_060,1,4,231814,3975424,888789,round6,A题研究/直接迭代/第六轮成果/方案/p1/n4/case_060_multicore_res.json,3.83406092815792,historical_ledger,repository
case_060,1,5,183430,3628416,888789,round6,A题研究/直接迭代/第六轮成果/方案/p1/n5/case_060_multicore_res.json,4.845385160551709,historical_ledger,repository
case_060,2,1,888789,2068520,888789,round6,A题研究/直接迭代/第六轮成果/方案/p2/n1/case_060_multicore_res.json,1.0,historical_ledger,repository
case_060,2,2,427562,2034816,888789,round6,A题研究/直接迭代/第六轮成果/方案/p2/n2/case_060_multicore_res.json,2.078737118827211,historical_ledger,repository
case_060,2,3,298513,1904640,888789,round6,A题研究/直接迭代/第六轮成果/方案/p2/n3/case_060_multicore_res.json,2.977387919454094,historical_ledger,repository
case_060,2,4,228155,3979520,888789,round6,A题研究/直接迭代/第六轮成果/方案/p2/n4/case_060_multicore_res.json,3.8955490784773508,historical_ledger,repository
case_060,2,5,171445,3393792,888789,unified_v2_best_known_replayed,新增精选方案/p2/n5/case_060_multicore_res.json,5.184105689871387,independent_official_replay,delivery
case_060,3,1,887801,2068520,888789,round6,A题研究/直接迭代/第六轮成果/方案/p3/n1/case_060_multicore_res.json,1.001112862003985,historical_ledger,repository
case_060,3,2,427523,2034816,888789,round6,A题研究/直接迭代/第六轮成果/方案/p3/n2/case_060_multicore_res.json,2.078926747800703,historical_ledger,repository
case_060,3,3,298485,1904640,888789,round6,A题研究/直接迭代/第六轮成果/方案/p3/n3/case_060_multicore_res.json,2.9776672194582643,historical_ledger,repository
case_060,3,4,226610,3979520,888789,round6,A题研究/直接迭代/第六轮成果/方案/p3/n4/case_060_multicore_res.json,3.922108468293544,historical_ledger,repository
case_060,3,5,180655,3641728,888789,round6,A题研究/直接迭代/第六轮成果/方案/p3/n5/case_060_multicore_res.json,4.919814010129805,historical_ledger,repository
case_061,1,1,77396,15360,77191,round6,A题研究/直接迭代/第六轮成果/方案/p1/n1/case_061_multicore_res.json,0.9973512843040984,historical_ledger,repository
case_061,1,2,39298,34560,77191,round6,A题研究/直接迭代/第六轮成果/方案/p1/n2/case_061_multicore_res.json,1.9642475444042953,historical_ledger,repository
case_061,1,3,28342,43008,77191,round6,A题研究/直接迭代/第六轮成果/方案/p1/n3/case_061_multicore_res.json,2.723555147837132,historical_ledger,repository
case_061,1,4,26992,278016,77191,round6,A题研究/直接迭代/第六轮成果/方案/p1/n4/case_061_multicore_res.json,2.859773266152934,historical_ledger,repository
case_061,1,5,22272,204420,77191,unified_v2_best_known_replayed,新增精选方案/p1/n5/case_061_multicore_res.json,3.4658315373563218,independent_official_replay,delivery
case_061,2,1,77191,0,77191,round6,A题研究/直接迭代/第六轮成果/方案/p2/n1/case_061_multicore_res.json,1.0,historical_ledger,repository
case_061,2,2,38566,34560,77191,round6,A题研究/直接迭代/第六轮成果/方案/p2/n2/case_061_multicore_res.json,2.00152984494114,historical_ledger,repository
case_061,2,3,25837,43008,77191,round6,A题研究/直接迭代/第六轮成果/方案/p2/n3/case_061_multicore_res.json,2.9876146611448697,historical_ledger,repository
case_061,2,4,23801,62208,77191,round6,A题研究/直接迭代/第六轮成果/方案/p2/n4/case_061_multicore_res.json,3.2431830595353137,historical_ledger,repository
case_061,2,5,21254,305762,77191,unified_v2_best_known_replayed,新增精选方案/p2/n5/case_061_multicore_res.json,3.631834007716195,independent_official_replay,delivery
case_061,3,1,77191,0,77191,round6,A题研究/直接迭代/第六轮成果/方案/p3/n1/case_061_multicore_res.json,1.0,historical_ledger,repository
case_061,3,2,38566,34560,77191,round6,A题研究/直接迭代/第六轮成果/方案/p3/n2/case_061_multicore_res.json,2.00152984494114,historical_ledger,repository
case_061,3,3,25837,43008,77191,round6,A题研究/直接迭代/第六轮成果/方案/p3/n3/case_061_multicore_res.json,2.9876146611448697,historical_ledger,repository
case_061,3,4,23801,62208,77191,round6,A题研究/直接迭代/第六轮成果/方案/p3/n4/case_061_multicore_res.json,3.2431830595353137,historical_ledger,repository
case_061,3,5,20986,305762,77191,unified_v2_best_known_replayed,新增精选方案/p3/n5/case_061_multicore_res.json,3.6782140474602114,independent_official_replay,delivery
case_062,1,1,2977362,10254336,2854809,round6,A题研究/直接迭代/第六轮成果/方案/p1/n1/case_062_multicore_res.json,0.9588383945250863,historical_ledger,repository
case_062,1,2,2784050,43739136,2854809,round6,A题研究/直接迭代/第六轮成果/方案/p1/n2/case_062_multicore_res.json,1.025415851008423,historical_ledger,repository
case_062,1,3,2784050,43739136,2854809,round6,A题研究/直接迭代/第六轮成果/方案/p1/n3/case_062_multicore_res.json,1.025415851008423,historical_ledger,repository
case_062,1,4,2127630,5597184,2854809,round6,A题研究/直接迭代/第六轮成果/方案/p1/n4/case_062_multicore_res.json,1.3417788807264421,historical_ledger,repository
case_062,1,5,789139,23235072,2854809,previous_joint_delivery,A题研究/直接迭代/联合推进成果_20260925/方案/case_062_p1_n5.json,3.6176250318384975,historical_ledger,repository
case_062,2,1,2854809,0,2854809,round6,A题研究/直接迭代/第六轮成果/方案/p2/n1/case_062_multicore_res.json,1.0,historical_ledger,repository
case_062,2,2,1578487,10948608,2854809,round6,A题研究/直接迭代/第六轮成果/方案/p2/n2/case_062_multicore_res.json,1.80857301960675,historical_ledger,repository
case_062,2,3,1083732,10716672,2854809,round6,A题研究/直接迭代/第六轮成果/方案/p2/n3/case_062_multicore_res.json,2.6342389077742467,historical_ledger,repository
case_062,2,4,837097,10033152,2854809,round6,A题研究/直接迭代/第六轮成果/方案/p2/n4/case_062_multicore_res.json,3.410368213002794,historical_ledger,repository
case_062,2,5,644927,7099392,2854809,unified_v2_best_known_replayed,新增精选方案/p2/n5/case_062_multicore_res.json,4.426561455792671,independent_official_replay,delivery
case_062,3,1,2854809,0,2854809,round6,A题研究/直接迭代/第六轮成果/方案/p3/n1/case_062_multicore_res.json,1.0,historical_ledger,repository
case_062,3,2,1578487,10948608,2854809,round6,A题研究/直接迭代/第六轮成果/方案/p3/n2/case_062_multicore_res.json,1.80857301960675,historical_ledger,repository
case_062,3,3,1083732,10716672,2854809,round6,A题研究/直接迭代/第六轮成果/方案/p3/n3/case_062_multicore_res.json,2.6342389077742467,historical_ledger,repository
case_062,3,4,837097,10033152,2854809,round6,A题研究/直接迭代/第六轮成果/方案/p3/n4/case_062_multicore_res.json,3.410368213002794,historical_ledger,repository
case_062,3,5,644927,7099392,2854809,unified_v2_best_known_replayed,新增精选方案/p3/n5/case_062_multicore_res.json,4.426561455792671,independent_official_replay,delivery
case_063,1,1,1102415,2949120,1070397,round6,A题研究/直接迭代/第六轮成果/方案/p1/n1/case_063_multicore_res.json,0.9709564909766286,historical_ledger,repository
case_063,1,2,538131,99840,1070397,round6,A题研究/直接迭代/第六轮成果/方案/p1/n2/case_063_multicore_res.json,1.9891011668162586,historical_ledger,repository
case_063,1,3,447415,2543616,1070397,round6,A题研究/直接迭代/第六轮成果/方案/p1/n3/case_063_multicore_res.json,2.392403026273147,historical_ledger,repository
case_063,1,4,327110,6325248,1070397,round6,A题研究/直接迭代/第六轮成果/方案/p1/n4/case_063_multicore_res.json,3.272284552596986,historical_ledger,repository
case_063,1,5,252654,8812032,1070397,previous_joint_delivery,A题研究/直接迭代/联合推进成果_20260925/方案/case_063_p1_n5.json,4.2366121256738465,historical_ledger,repository
case_063,2,1,1070397,0,1070397,round6,A题研究/直接迭代/第六轮成果/方案/p2/n1/case_063_multicore_res.json,1.0,historical_ledger,repository
case_063,2,2,549818,15203328,1070397,round6,A题研究/直接迭代/第六轮成果/方案/p2/n2/case_063_multicore_res.json,1.9468205842660662,historical_ledger,repository
case_063,2,3,335762,6199296,1070397,round6,A题研究/直接迭代/第六轮成果/方案/p2/n3/case_063_multicore_res.json,3.1879634979539078,historical_ledger,repository
case_063,2,4,273116,6474240,1070397,round6,A题研究/直接迭代/第六轮成果/方案/p2/n4/case_063_multicore_res.json,3.919202829566924,historical_ledger,repository
case_063,2,5,206194,3164160,1070397,round6,A题研究/直接迭代/第六轮成果/方案/p2/n5/case_063_multicore_res.json,5.191213129383009,historical_ledger,repository
case_063,3,1,1070397,0,1070397,round6,A题研究/直接迭代/第六轮成果/方案/p3/n1/case_063_multicore_res.json,1.0,historical_ledger,repository
case_063,3,2,548808,15203328,1070397,round6,A题研究/直接迭代/第六轮成果/方案/p3/n2/case_063_multicore_res.json,1.950403419775222,historical_ledger,repository
case_063,3,3,335063,6199296,1070397,round6,A题研究/直接迭代/第六轮成果/方案/p3/n3/case_063_multicore_res.json,3.19461414719023,historical_ledger,repository
case_063,3,4,272966,6474240,1070397,round6,A题研究/直接迭代/第六轮成果/方案/p3/n4/case_063_multicore_res.json,3.9213565059384687,historical_ledger,repository
case_063,3,5,206181,3164160,1070397,round6,A题研究/直接迭代/第六轮成果/方案/p3/n5/case_063_multicore_res.json,5.191540442620804,historical_ledger,repository
case_064,1,1,19116,0,19116,round6,A题研究/直接迭代/第六轮成果/方案/p1/n1/case_064_multicore_res.json,1.0,historical_ledger,repository
case_064,1,2,17896,48856,19116,round6,A题研究/直接迭代/第六轮成果/方案/p1/n2/case_064_multicore_res.json,1.0681716584711667,historical_ledger,repository
case_064,1,3,17896,48856,19116,round6,A题研究/直接迭代/第六轮成果/方案/p1/n3/case_064_multicore_res.json,1.0681716584711667,historical_ledger,repository
case_064,1,4,16863,48856,19116,round6,A题研究/直接迭代/第六轮成果/方案/p1/n4/case_064_multicore_res.json,1.1336061199074898,historical_ledger,repository
case_064,1,5,16370,134330,19116,round6,A题研究/直接迭代/第六轮成果/方案/p1/n5/case_064_multicore_res.json,1.1677458766035431,historical_ledger,repository
case_064,2,1,18831,0,19116,unified_v2_best_known_replayed,新增精选方案/p2/n1/case_064_multicore_res.json,1.0151346184483034,independent_official_replay,delivery
case_064,2,2,14566,33828,19116,round6,A题研究/直接迭代/第六轮成果/方案/p2/n2/case_064_multicore_res.json,1.3123712755732528,historical_ledger,repository
case_064,2,3,10854,102764,19116,round6,A题研究/直接迭代/第六轮成果/方案/p2/n3/case_064_multicore_res.json,1.7611940298507462,historical_ledger,repository
case_064,2,4,9171,122668,19116,round6,A题研究/直接迭代/第六轮成果/方案/p2/n4/case_064_multicore_res.json,2.084396467124632,historical_ledger,repository
case_064,2,5,8545,127410,19116,unified_v2_best_known_replayed,新增精选方案/p2/n5/case_064_multicore_res.json,2.2370977179637213,independent_official_replay,delivery
case_064,3,1,18831,0,19116,unified_v2_best_known_replayed,新增精选方案/p3/n1/case_064_multicore_res.json,1.0151346184483034,independent_official_replay,delivery
case_064,3,2,14566,33828,19116,round6,A题研究/直接迭代/第六轮成果/方案/p3/n2/case_064_multicore_res.json,1.3123712755732528,historical_ledger,repository
case_064,3,3,10823,102764,19116,round6,A题研究/直接迭代/第六轮成果/方案/p3/n3/case_064_multicore_res.json,1.766238566016816,historical_ledger,repository
case_064,3,4,9149,122668,19116,round6,A题研究/直接迭代/第六轮成果/方案/p3/n4/case_064_multicore_res.json,2.0894086785441033,historical_ledger,repository
case_064,3,5,8510,127410,19116,unified_v2_best_known_replayed,新增精选方案/p3/n5/case_064_multicore_res.json,2.246298472385429,independent_official_replay,delivery
case_065,1,1,53068,0,53068,round6,A题研究/直接迭代/第六轮成果/方案/p1/n1/case_065_multicore_res.json,1.0,historical_ledger,repository
case_065,1,2,26308,41616,53068,round6,A题研究/直接迭代/第六轮成果/方案/p1/n2/case_065_multicore_res.json,2.017181085601338,historical_ledger,repository
case_065,1,3,18088,69408,53068,round6,A题研究/直接迭代/第六轮成果/方案/p1/n3/case_065_multicore_res.json,2.9338788146837684,historical_ledger,repository
case_065,1,4,13210,96912,53068,round6,A题研究/直接迭代/第六轮成果/方案/p1/n4/case_065_multicore_res.json,4.017259651778955,historical_ledger,repository
case_065,1,5,11994,110736,53068,round6,A题研究/直接迭代/第六轮成果/方案/p1/n5/case_065_multicore_res.json,4.424545606136402,historical_ledger,repository
case_065,2,1,53068,0,53068,round6,A题研究/直接迭代/第六轮成果/方案/p2/n1/case_065_multicore_res.json,1.0,historical_ledger,repository
case_065,2,2,23611,13968,53068,round6,A题研究/直接迭代/第六轮成果/方案/p2/n2/case_065_multicore_res.json,2.2475964592774553,historical_ledger,repository
case_065,2,3,17093,27936,53068,round6,A题研究/直接迭代/第六轮成果/方案/p2/n3/case_065_multicore_res.json,3.104662727432282,historical_ledger,repository
case_065,2,4,12999,41616,53068,round6,A题研究/直接迭代/第六轮成果/方案/p2/n4/case_065_multicore_res.json,4.082467882144781,historical_ledger,repository
case_065,2,5,9869,55440,53068,round6,A题研究/直接迭代/第六轮成果/方案/p2/n5/case_065_multicore_res.json,5.377241868477049,historical_ledger,repository
case_065,3,1,53068,0,53068,round6,A题研究/直接迭代/第六轮成果/方案/p3/n1/case_065_multicore_res.json,1.0,historical_ledger,repository
case_065,3,2,23611,13968,53068,round6,A题研究/直接迭代/第六轮成果/方案/p3/n2/case_065_multicore_res.json,2.2475964592774553,historical_ledger,repository
case_065,3,3,17093,27936,53068,round6,A题研究/直接迭代/第六轮成果/方案/p3/n3/case_065_multicore_res.json,3.104662727432282,historical_ledger,repository
case_065,3,4,12999,41616,53068,round6,A题研究/直接迭代/第六轮成果/方案/p3/n4/case_065_multicore_res.json,4.082467882144781,historical_ledger,repository
case_065,3,5,9869,55440,53068,round6,A题研究/直接迭代/第六轮成果/方案/p3/n5/case_065_multicore_res.json,5.377241868477049,historical_ledger,repository
case_066,1,1,358492,403768,359070,round6,A题研究/直接迭代/第六轮成果/方案/p1/n1/case_066_multicore_res.json,1.0016123093402363,historical_ledger,repository
case_066,1,2,247728,142662,359070,round6,A题研究/直接迭代/第六轮成果/方案/p1/n2/case_066_multicore_res.json,1.449452625460182,historical_ledger,repository
case_066,1,3,234251,1119442,359070,round6,A题研究/直接迭代/第六轮成果/方案/p1/n3/case_066_multicore_res.json,1.5328429761239013,historical_ledger,repository
case_066,1,4,203497,1859170,359070,round6,A题研究/直接迭代/第六轮成果/方案/p1/n4/case_066_multicore_res.json,1.7644977567236864,historical_ledger,repository
case_066,1,5,187146,4424914,359070,unified_v2_best_known_replayed,新增精选方案/p1/n5/case_066_multicore_res.json,1.9186624346766696,independent_official_replay,delivery
case_066,2,1,359070,0,359070,round6,A题研究/直接迭代/第六轮成果/方案/p2/n1/case_066_multicore_res.json,1.0,historical_ledger,repository
case_066,2,2,193251,1315736,359070,round6,A题研究/直接迭代/第六轮成果/方案/p2/n2/case_066_multicore_res.json,1.858049893661611,historical_ledger,repository
case_066,2,3,136691,2152710,359070,round6,A题研究/直接迭代/第六轮成果/方案/p2/n3/case_066_multicore_res.json,2.6268737517466403,historical_ledger,repository
case_066,2,4,121966,2619424,359070,round6,A题研究/直接迭代/第六轮成果/方案/p2/n4/case_066_multicore_res.json,2.944017185117164,historical_ledger,repository
case_066,2,5,114172,3267848,359070,round6,A题研究/直接迭代/第六轮成果/方案/p2/n5/case_066_multicore_res.json,3.144991766807974,historical_ledger,repository
case_066,3,1,359070,0,359070,round6,A题研究/直接迭代/第六轮成果/方案/p3/n1/case_066_multicore_res.json,1.0,historical_ledger,repository
case_066,3,2,193085,1315736,359070,round6,A题研究/直接迭代/第六轮成果/方案/p3/n2/case_066_multicore_res.json,1.859647305590802,historical_ledger,repository
case_066,3,3,134574,2152710,359070,round6,A题研究/直接迭代/第六轮成果/方案/p3/n3/case_066_multicore_res.json,2.668197422979179,historical_ledger,repository
case_066,3,4,120257,2619424,359070,round6,A题研究/直接迭代/第六轮成果/方案/p3/n4/case_066_multicore_res.json,2.9858552932469626,historical_ledger,repository
case_066,3,5,106776,3267848,359070,round6,A题研究/直接迭代/第六轮成果/方案/p3/n5/case_066_multicore_res.json,3.3628343447965836,historical_ledger,repository
case_067,1,1,63950466,261050752,63834834,round6,A题研究/直接迭代/第六轮成果/方案/p1/n1/case_067_multicore_res.json,0.9981918505488294,historical_ledger,repository
case_067,1,2,33768704,264024576,63834834,round6,A题研究/直接迭代/第六轮成果/方案/p1/n2/case_067_multicore_res.json,1.890354868223548,historical_ledger,repository
case_067,1,3,23568859,263599744,63834834,round6,A题研究/直接迭代/第六轮成果/方案/p1/n3/case_067_multicore_res.json,2.7084397254869232,historical_ledger,repository
case_067,1,4,18473155,263174912,63834834,round6,A题研究/直接迭代/第六轮成果/方案/p1/n4/case_067_multicore_res.json,3.4555458447677183,historical_ledger,repository
case_067,1,5,13604111,245932160,63834834,unified_v2_best_known_replayed,新增精选方案/p1/n5/case_067_multicore_res.json,4.692319402568827,independent_official_replay,delivery
case_067,2,1,63834834,264449408,63834834,round6,A题研究/直接迭代/第六轮成果/方案/p2/n1/case_067_multicore_res.json,1.0,historical_ledger,repository
case_067,2,2,30166430,60981632,63834834,round6,A题研究/直接迭代/第六轮成果/方案/p2/n2/case_067_multicore_res.json,2.1160884466607417,historical_ledger,repository
case_067,2,3,20034746,62186240,63834834,round6,A题研究/直接迭代/第六轮成果/方案/p2/n3/case_067_multicore_res.json,3.1862063037884285,historical_ledger,repository
case_067,2,4,15025891,69837952,63834834,round6,A题研究/直接迭代/第六轮成果/方案/p2/n4/case_067_multicore_res.json,4.248322711777957,historical_ledger,repository
case_067,2,5,12057191,77944320,63834834,round6,A题研究/直接迭代/第六轮成果/方案/p2/n5/case_067_multicore_res.json,5.294337130431126,historical_ledger,repository
case_067,3,1,63834834,264449408,63834834,round6,A题研究/直接迭代/第六轮成果/方案/p3/n1/case_067_multicore_res.json,1.0,historical_ledger,repository
case_067,3,2,30145037,60981632,63834834,round6,A题研究/直接迭代/第六轮成果/方案/p3/n2/case_067_multicore_res.json,2.1175901691545445,historical_ledger,repository
case_067,3,3,20005690,62186240,63834834,round6,A题研究/直接迭代/第六轮成果/方案/p3/n3/case_067_multicore_res.json,3.190833907753244,historical_ledger,repository
case_067,3,4,14964449,69837952,63834834,round6,A题研究/直接迭代/第六轮成果/方案/p3/n4/case_067_multicore_res.json,4.265765749210011,historical_ledger,repository
case_067,3,5,12007191,77944320,63834834,round6,A题研究/直接迭代/第六轮成果/方案/p3/n5/case_067_multicore_res.json,5.316383657093486,historical_ledger,repository
case_068,1,1,361497,359444,362095,round6,A题研究/直接迭代/第六轮成果/方案/p1/n1/case_068_multicore_res.json,1.001654232261955,historical_ledger,repository
case_068,1,2,302089,200380,362095,round6,A题研究/直接迭代/第六轮成果/方案/p1/n2/case_068_multicore_res.json,1.198636825571272,historical_ledger,repository
case_068,1,3,290734,403836,362095,本轮从头_new,A题研究/直接迭代/闭环验证_20260925/下一阶段攻坚/重划实证_v1/精选方案/case_068_p1_n3.json,1.245451168421994,historical_ledger,repository
case_068,1,4,287436,657174,362095,round6,A题研究/直接迭代/第六轮成果/方案/p1/n4/case_068_multicore_res.json,1.259741298932632,historical_ledger,repository
case_068,1,5,210185,3327518,362095,unified_v2_best_known_replayed,新增精选方案/p1/n5/case_068_multicore_res.json,1.7227442491138758,independent_official_replay,delivery
case_068,2,1,362095,0,362095,round6,A题研究/直接迭代/第六轮成果/方案/p2/n1/case_068_multicore_res.json,1.0,historical_ledger,repository
case_068,2,2,204172,2205494,362095,round6,A题研究/直接迭代/第六轮成果/方案/p2/n2/case_068_multicore_res.json,1.7734802029661265,historical_ledger,repository
case_068,2,3,153006,3406314,362095,round6,A题研究/直接迭代/第六轮成果/方案/p2/n3/case_068_multicore_res.json,2.3665411813915793,historical_ledger,repository
case_068,2,4,142255,3895504,362095,round6,A题研究/直接迭代/第六轮成果/方案/p2/n4/case_068_multicore_res.json,2.5453938350145866,historical_ledger,repository
case_068,2,5,133097,4092568,362095,unified_v2_best_known_replayed,新增精选方案/p2/n5/case_068_multicore_res.json,2.7205346476629826,independent_official_replay,delivery
case_068,3,1,362095,0,362095,round6,A题研究/直接迭代/第六轮成果/方案/p3/n1/case_068_multicore_res.json,1.0,historical_ledger,repository
case_068,3,2,201418,2205494,362095,round6,A题研究/直接迭代/第六轮成果/方案/p3/n2/case_068_multicore_res.json,1.7977291006762057,historical_ledger,repository
case_068,3,3,150684,3406314,362095,round6,A题研究/直接迭代/第六轮成果/方案/p3/n3/case_068_multicore_res.json,2.403008945873484,historical_ledger,repository
case_068,3,4,130760,3895504,362095,round6,A题研究/直接迭代/第六轮成果/方案/p3/n4/case_068_multicore_res.json,2.769157234628327,historical_ledger,repository
case_068,3,5,121619,4175156,362095,unified_v2_best_known_replayed,新增精选方案/p3/n5/case_068_multicore_res.json,2.9772897326897936,independent_official_replay,delivery
case_069,1,1,25419,24832,25144,round6,A题研究/直接迭代/第六轮成果/方案/p1/n1/case_069_multicore_res.json,0.9891813210590503,historical_ledger,repository
case_069,1,2,24830,71044,25144,round6,A题研究/直接迭代/第六轮成果/方案/p1/n2/case_069_multicore_res.json,1.0126459927507048,historical_ledger,repository
case_069,1,3,22899,192108,25144,round6,A题研究/直接迭代/第六轮成果/方案/p1/n3/case_069_multicore_res.json,1.0980392156862746,historical_ledger,repository
case_069,1,4,17041,626568,25144,round6,A题研究/直接迭代/第六轮成果/方案/p1/n4/case_069_multicore_res.json,1.47550026406901,historical_ledger,repository
case_069,1,5,16521,622330,25144,my_runs/iterative_holdout_b8_v1/case_069/n5/iterative/summary.json,A题研究/直接迭代/闭环验证_20260925/精选方案/case_069_p1_n5.json,1.5219417710792325,historical_ledger,repository
case_069,2,1,25144,0,25144,round6,A题研究/直接迭代/第六轮成果/方案/p2/n1/case_069_multicore_res.json,1.0,historical_ledger,repository
case_069,2,2,13478,322852,25144,round6,A题研究/直接迭代/第六轮成果/方案/p2/n2/case_069_multicore_res.json,1.8655586882326756,historical_ledger,repository
case_069,2,3,10770,341068,25144,round6,A题研究/直接迭代/第六轮成果/方案/p2/n3/case_069_multicore_res.json,2.3346332404828227,historical_ledger,repository
case_069,2,4,10455,433744,25144,round6,A题研究/直接迭代/第六轮成果/方案/p2/n4/case_069_multicore_res.json,2.4049736967957913,historical_ledger,repository
case_069,2,5,10453,433744,25144,round6,A题研究/直接迭代/第六轮成果/方案/p2/n5/case_069_multicore_res.json,2.4054338467425618,historical_ledger,repository
case_069,3,1,25144,0,25144,round6,A题研究/直接迭代/第六轮成果/方案/p3/n1/case_069_multicore_res.json,1.0,historical_ledger,repository
case_069,3,2,13447,322852,25144,round6,A题研究/直接迭代/第六轮成果/方案/p3/n2/case_069_multicore_res.json,1.8698594482040605,historical_ledger,repository
case_069,3,3,10221,341068,25144,round6,A题研究/直接迭代/第六轮成果/方案/p3/n3/case_069_multicore_res.json,2.4600332648468837,historical_ledger,repository
case_069,3,4,9422,433744,25144,round6,A题研究/直接迭代/第六轮成果/方案/p3/n4/case_069_multicore_res.json,2.6686478454680533,historical_ledger,repository
case_069,3,5,9390,433744,25144,round6,A题研究/直接迭代/第六轮成果/方案/p3/n5/case_069_multicore_res.json,2.6777422790202343,historical_ledger,repository
case_070,1,1,115224,115200,117300,round6,A题研究/直接迭代/第六轮成果/方案/p1/n1/case_070_multicore_res.json,1.018017079775047,historical_ledger,repository
case_070,1,2,58498,129536,117300,round6,A题研究/直接迭代/第六轮成果/方案/p1/n2/case_070_multicore_res.json,2.005196758863551,historical_ledger,repository
case_070,1,3,41525,494592,117300,round6,A题研究/直接迭代/第六轮成果/方案/p1/n3/case_070_multicore_res.json,2.8248043347381095,historical_ledger,repository
case_070,1,4,33986,670208,117300,round6,A题研究/直接迭代/第六轮成果/方案/p1/n4/case_070_multicore_res.json,3.451421173424351,historical_ledger,repository
case_070,1,5,26669,462848,117300,round6,A题研究/直接迭代/第六轮成果/方案/p1/n5/case_070_multicore_res.json,4.3983651430499835,historical_ledger,repository
case_070,2,1,117300,0,117300,round6,A题研究/直接迭代/第六轮成果/方案/p2/n1/case_070_multicore_res.json,1.0,historical_ledger,repository
case_070,2,2,53120,129536,117300,round6,A题研究/直接迭代/第六轮成果/方案/p2/n2/case_070_multicore_res.json,2.2082078313253013,historical_ledger,repository
case_070,2,3,40678,259072,117300,round6,A题研究/直接迭代/第六轮成果/方案/p2/n3/case_070_multicore_res.json,2.8836225969811693,historical_ledger,repository
case_070,2,4,31817,360960,117300,round6,A题研究/直接迭代/第六轮成果/方案/p2/n4/case_070_multicore_res.json,3.6867083634534996,historical_ledger,repository
case_070,2,5,26669,462592,117300,unified_v2_best_known_replayed,新增精选方案/p2/n5/case_070_multicore_res.json,4.3983651430499835,independent_official_replay,delivery
case_070,3,1,117300,0,117300,round6,A题研究/直接迭代/第六轮成果/方案/p3/n1/case_070_multicore_res.json,1.0,historical_ledger,repository
case_070,3,2,53120,129536,117300,round6,A题研究/直接迭代/第六轮成果/方案/p3/n2/case_070_multicore_res.json,2.2082078313253013,historical_ledger,repository
case_070,3,3,40678,259072,117300,round6,A题研究/直接迭代/第六轮成果/方案/p3/n3/case_070_multicore_res.json,2.8836225969811693,historical_ledger,repository
case_070,3,4,31817,360960,117300,round6,A题研究/直接迭代/第六轮成果/方案/p3/n4/case_070_multicore_res.json,3.6867083634534996,historical_ledger,repository
case_070,3,5,26634,420864,117300,unified_v2_best_known_replayed,新增精选方案/p3/n5/case_070_multicore_res.json,4.404145077720207,independent_official_replay,delivery
case_071,1,1,18799,57220,18919,unified_v2_best_known_replayed,新增精选方案/p1/n1/case_071_multicore_res.json,1.0063833182616098,independent_official_replay,delivery
case_071,1,2,18533,313296,18919,unified_v2_best_known_replayed,新增精选方案/p1/n2/case_071_multicore_res.json,1.0208277127286463,independent_official_replay,delivery
case_071,1,3,17281,148042,18919,round6,A题研究/直接迭代/第六轮成果/方案/p1/n3/case_071_multicore_res.json,1.0947861813552457,historical_ledger,repository
case_071,1,4,13897,465378,18919,round6,A题研究/直接迭代/第六轮成果/方案/p1/n4/case_071_multicore_res.json,1.3613729581924157,historical_ledger,repository
case_071,1,5,11491,230346,18919,round6,A题研究/直接迭代/第六轮成果/方案/p1/n5/case_071_multicore_res.json,1.6464189365590463,historical_ledger,repository
case_071,2,1,17062,0,18919,round6,A题研究/直接迭代/第六轮成果/方案/p2/n1/case_071_multicore_res.json,1.108838354237487,historical_ledger,repository
case_071,2,2,10697,133732,18919,round6,A题研究/直接迭代/第六轮成果/方案/p2/n2/case_071_multicore_res.json,1.7686267177713377,historical_ledger,repository
case_071,2,3,9725,257388,18919,round6,A题研究/直接迭代/第六轮成果/方案/p2/n3/case_071_multicore_res.json,1.9453984575835475,historical_ledger,repository
case_071,2,4,8852,302060,18919,round6,A题研究/直接迭代/第六轮成果/方案/p2/n4/case_071_multicore_res.json,2.137257117035698,historical_ledger,repository
case_071,2,5,8708,302062,18919,unified_v2_best_known_replayed,新增精选方案/p2/n5/case_071_multicore_res.json,2.172599908130455,independent_official_replay,delivery
case_071,3,1,17062,0,18919,round6,A题研究/直接迭代/第六轮成果/方案/p3/n1/case_071_multicore_res.json,1.108838354237487,historical_ledger,repository
case_071,3,2,10679,133732,18919,round6,A题研究/直接迭代/第六轮成果/方案/p3/n2/case_071_multicore_res.json,1.7716078284483565,historical_ledger,repository
case_071,3,3,9521,257388,18919,round6,A题研究/直接迭代/第六轮成果/方案/p3/n3/case_071_multicore_res.json,1.9870811889507405,historical_ledger,repository
case_071,3,4,8463,302060,18919,round6,A题研究/直接迭代/第六轮成果/方案/p3/n4/case_071_multicore_res.json,2.2354956871085903,historical_ledger,repository
case_071,3,5,7473,361106,18919,unified_v2_best_known_replayed,新增精选方案/p3/n5/case_071_multicore_res.json,2.531647263481868,independent_official_replay,delivery
case_072,1,1,23151799,110610890,23897828,unified_v2_best_known_replayed,新增精选方案/p1/n1/case_072_multicore_res.json,1.0322233706330985,independent_official_replay,delivery
case_072,1,2,11587687,133786400,23897828,round6,A题研究/直接迭代/第六轮成果/方案/p1/n2/case_072_multicore_res.json,2.0623466961094135,historical_ledger,repository
case_072,1,3,7803551,160006832,23897828,round6,A题研究/直接迭代/第六轮成果/方案/p1/n3/case_072_multicore_res.json,3.062429911715833,historical_ledger,repository
case_072,1,4,5841178,153652000,23897828,round6,A题研究/直接迭代/第六轮成果/方案/p1/n4/case_072_multicore_res.json,4.091268576304301,historical_ledger,repository
case_072,1,5,4714200,154667808,23897828,round6,A题研究/直接迭代/第六轮成果/方案/p1/n5/case_072_multicore_res.json,5.069328412031734,historical_ledger,repository
case_072,2,1,23718216,91789712,23897828,unified_v2_best_known_replayed,新增精选方案/p2/n1/case_072_multicore_res.json,1.007572744931575,independent_official_replay,delivery
case_072,2,2,11789600,105091120,23897828,round6,A题研究/直接迭代/第六轮成果/方案/p2/n2/case_072_multicore_res.json,2.0270261925765083,historical_ledger,repository
case_072,2,3,7915818,117916336,23897828,unified_v2_best_known_replayed,新增精选方案/p2/n3/case_072_multicore_res.json,3.0189966469668708,independent_official_replay,delivery
case_072,2,4,5959314,123079600,23897828,round6,A题研究/直接迭代/第六轮成果/方案/p2/n4/case_072_multicore_res.json,4.010164257161143,historical_ledger,repository
case_072,2,5,4806756,130830384,23897828,round6,A题研究/直接迭代/第六轮成果/方案/p2/n5/case_072_multicore_res.json,4.971716475727081,historical_ledger,repository
case_072,3,1,23822009,83521584,23897828,unified_v2_best_known_replayed,新增精选方案/p3/n1/case_072_multicore_res.json,1.0031827290469078,independent_official_replay,delivery
case_072,3,2,11775412,105540384,23897828,unified_v2_best_known_replayed,新增精选方案/p3/n2/case_072_multicore_res.json,2.02946852305465,independent_official_replay,delivery
case_072,3,3,7902885,119358128,23897828,unified_v2_best_known_replayed,新增精选方案/p3/n3/case_072_multicore_res.json,3.0239372077412234,independent_official_replay,delivery
case_072,3,4,5951324,123079456,23897828,round6,A题研究/直接迭代/第六轮成果/方案/p3/n4/case_072_multicore_res.json,4.015548136851565,historical_ledger,repository
case_072,3,5,4795217,130830384,23897828,round6,A题研究/直接迭代/第六轮成果/方案/p3/n5/case_072_multicore_res.json,4.983680196328967,historical_ledger,repository
case_073,1,1,10133074,139772800,10081626,round6,A题研究/直接迭代/第六轮成果/方案/p1/n1/case_073_multicore_res.json,0.9949227647997044,historical_ledger,repository
case_073,1,2,5980423,141121024,10081626,round6,A题研究/直接迭代/第六轮成果/方案/p1/n2/case_073_multicore_res.json,1.6857713910872192,historical_ledger,repository
case_073,1,3,4515227,140671616,10081626,round6,A题研究/直接迭代/第六轮成果/方案/p1/n3/case_073_multicore_res.json,2.232806013961203,historical_ledger,repository
case_073,1,4,3903787,140222208,10081626,round6,A题研究/直接迭代/第六轮成果/方案/p1/n4/case_073_multicore_res.json,2.5825246100773427,historical_ledger,repository
case_073,1,5,3420654,147850496,10081626,unified_v2_best_known_replayed,新增精选方案/p1/n5/case_073_multicore_res.json,2.947280256933323,independent_official_replay,delivery
case_073,2,1,10081626,141570432,10081626,round6,A题研究/直接迭代/第六轮成果/方案/p2/n1/case_073_multicore_res.json,1.0,historical_ledger,repository
case_073,2,2,4145658,10114688,10081626,round6,A题研究/直接迭代/第六轮成果/方案/p2/n2/case_073_multicore_res.json,2.431851831482481,historical_ledger,repository
case_073,2,3,2863798,7443200,10081626,round6,A题研究/直接迭代/第六轮成果/方案/p2/n3/case_073_multicore_res.json,3.520369104245481,historical_ledger,repository
case_073,2,4,2152516,19069056,10081626,round6,A题研究/直接迭代/第六轮成果/方案/p2/n4/case_073_multicore_res.json,4.68364741539668,historical_ledger,repository
case_073,2,5,1792821,22805504,10081626,round6,A题研究/直接迭代/第六轮成果/方案/p2/n5/case_073_multicore_res.json,5.623331052012443,historical_ledger,repository
case_073,3,1,10081626,141570432,10081626,round6,A题研究/直接迭代/第六轮成果/方案/p3/n1/case_073_multicore_res.json,1.0,historical_ledger,repository
case_073,3,2,4137477,10114688,10081626,round6,A题研究/直接迭代/第六轮成果/方案/p3/n2/case_073_multicore_res.json,2.436660312552795,historical_ledger,repository
case_073,3,3,2863798,7443200,10081626,round6,A题研究/直接迭代/第六轮成果/方案/p3/n3/case_073_multicore_res.json,3.520369104245481,historical_ledger,repository
case_073,3,4,2120862,19694720,10081626,round6,A题研究/直接迭代/第六轮成果/方案/p3/n4/case_073_multicore_res.json,4.753551150428458,historical_ledger,repository
case_073,3,5,1751868,22805504,10081626,round6,A题研究/直接迭代/第六轮成果/方案/p3/n5/case_073_multicore_res.json,5.7547863195172235,historical_ledger,repository
case_074,1,1,1672889,7536648,1682239,round6,A题研究/直接迭代/第六轮成果/方案/p1/n1/case_074_multicore_res.json,1.0055891335288833,historical_ledger,repository
case_074,1,2,826300,7245824,1682239,my_runs/iterative_holdout_b8_v1/case_074/n2/single/summary.json,A题研究/直接迭代/闭环验证_20260925/精选方案/case_074_p1_n2.json,2.0358695389083867,historical_ledger,repository
case_074,1,3,548347,7626752,1682239,round6,A题研究/直接迭代/第六轮成果/方案/p1/n3/case_074_multicore_res.json,3.06783660711192,historical_ledger,repository
case_074,1,4,414388,8101888,1682239,my_runs/iterative_holdout_b8_v1/case_074/n4/iterative/summary.json,A题研究/直接迭代/闭环验证_20260925/精选方案/case_074_p1_n4.json,4.059574601581127,historical_ledger,repository
case_074,1,5,330675,8142848,1682239,round6,A题研究/直接迭代/第六轮成果/方案/p1/n5/case_074_multicore_res.json,5.087288122779164,historical_ledger,repository
case_074,2,1,1682239,6070280,1682239,round6,A题研究/直接迭代/第六轮成果/方案/p2/n1/case_074_multicore_res.json,1.0,historical_ledger,repository
case_074,2,2,820615,6176768,1682239,round6,A题研究/直接迭代/第六轮成果/方案/p2/n2/case_074_multicore_res.json,2.04997349548814,historical_ledger,repository
case_074,2,3,545184,7626752,1682239,round6,A题研究/直接迭代/第六轮成果/方案/p2/n3/case_074_multicore_res.json,3.0856353084463226,historical_ledger,repository
case_074,2,4,412510,7225348,1682239,round6,A题研究/直接迭代/第六轮成果/方案/p2/n4/case_074_multicore_res.json,4.078056289544496,historical_ledger,repository
case_074,2,5,331744,5619712,1682239,round6,A题研究/直接迭代/第六轮成果/方案/p2/n5/case_074_multicore_res.json,5.070895027491077,historical_ledger,repository
case_074,3,1,1678120,6070280,1682239,round6,A题研究/直接迭代/第六轮成果/方案/p3/n1/case_074_multicore_res.json,1.002454532452983,historical_ledger,repository
case_074,3,2,819556,6176768,1682239,round6,A题研究/直接迭代/第六轮成果/方案/p3/n2/case_074_multicore_res.json,2.0526223955410003,historical_ledger,repository
case_074,3,3,543845,7626752,1682239,round6,A题研究/直接迭代/第六轮成果/方案/p3/n3/case_074_multicore_res.json,3.0932324467449366,historical_ledger,repository
case_074,3,4,412345,7225348,1682239,round6,A题研究/直接迭代/第六轮成果/方案/p3/n4/case_074_multicore_res.json,4.079688125234937,historical_ledger,repository
case_074,3,5,326695,7864320,1682239,unified_v2_best_known_replayed,新增精选方案/p3/n5/case_074_multicore_res.json,5.149264604600622,independent_official_replay,delivery
case_075,1,1,1436708,875304,1441809,round6,A题研究/直接迭代/第六轮成果/方案/p1/n1/case_075_multicore_res.json,1.0035504778980837,historical_ledger,repository
case_075,1,2,1436708,875304,1441809,round6,A题研究/直接迭代/第六轮成果/方案/p1/n2/case_075_multicore_res.json,1.0035504778980837,historical_ledger,repository
case_075,1,3,1436708,875304,1441809,round6,A题研究/直接迭代/第六轮成果/方案/p1/n3/case_075_multicore_res.json,1.0035504778980837,historical_ledger,repository
case_075,1,4,1436708,875304,1441809,round6,A题研究/直接迭代/第六轮成果/方案/p1/n4/case_075_multicore_res.json,1.0035504778980837,historical_ledger,repository
case_075,1,5,720755,20569380,1441809,本轮开发重划,A题研究/直接迭代/闭环验证_20260925/下一阶段攻坚/重划实证_v1/精选方案/case_075_p1_n5.json,2.000414842769041,historical_ledger,repository
case_075,2,1,1441809,0,1441809,round6,A题研究/直接迭代/第六轮成果/方案/p2/n1/case_075_multicore_res.json,1.0,historical_ledger,repository
case_075,2,2,745608,3907972,1441809,round6,A题研究/直接迭代/第六轮成果/方案/p2/n2/case_075_multicore_res.json,1.9337359577686934,historical_ledger,repository
case_075,2,3,563822,12172972,1441809,round6,A题研究/直接迭代/第六轮成果/方案/p2/n3/case_075_multicore_res.json,2.5572059976375523,historical_ledger,repository
case_075,2,4,458423,7116882,1441809,round6,A题研究/直接迭代/第六轮成果/方案/p2/n4/case_075_multicore_res.json,3.1451497852420145,historical_ledger,repository
case_075,2,5,392249,12764184,1441809,round6,A题研究/直接迭代/第六轮成果/方案/p2/n5/case_075_multicore_res.json,3.6757493326942834,historical_ledger,repository
case_075,3,1,1441809,0,1441809,round6,A题研究/直接迭代/第六轮成果/方案/p3/n1/case_075_multicore_res.json,1.0,historical_ledger,repository
case_075,3,2,745220,3907972,1441809,round6,A题研究/直接迭代/第六轮成果/方案/p3/n2/case_075_multicore_res.json,1.9347427605270926,historical_ledger,repository
case_075,3,3,562643,12172972,1441809,round6,A题研究/直接迭代/第六轮成果/方案/p3/n3/case_075_multicore_res.json,2.5625645391482696,historical_ledger,repository
case_075,3,4,455143,7116882,1441809,round6,A题研究/直接迭代/第六轮成果/方案/p3/n4/case_075_multicore_res.json,3.1678153898884527,historical_ledger,repository
case_075,3,5,379091,12764184,1441809,round6,A题研究/直接迭代/第六轮成果/方案/p3/n5/case_075_multicore_res.json,3.8033321814551124,historical_ledger,repository
case_076,1,1,6122549,50593792,6185113,unified_v2_best_known_replayed,新增精选方案/p1/n1/case_076_multicore_res.json,1.0102186197284824,independent_official_replay,delivery
case_076,1,2,3063226,50492416,6185113,unified_v2_best_known_replayed,新增精选方案/p1/n2/case_076_multicore_res.json,2.0191500725052607,independent_official_replay,delivery
case_076,1,3,2047233,51227648,6185113,unified_v2_best_known_replayed,新增精选方案/p1/n3/case_076_multicore_res.json,3.021206184151975,independent_official_replay,delivery
case_076,1,4,1535415,52128768,6185113,unified_v2_best_known_replayed,新增精选方案/p1/n4/case_076_multicore_res.json,4.028300492049381,independent_official_replay,delivery
case_076,1,5,1229020,38182912,6185113,round6,A题研究/直接迭代/第六轮成果/方案/p1/n5/case_076_multicore_res.json,5.0325568339001805,historical_ledger,repository
case_076,2,1,6185113,28280832,6185113,round6,A题研究/直接迭代/第六轮成果/方案/p2/n1/case_076_multicore_res.json,1.0,historical_ledger,repository
case_076,2,2,3063348,29871104,6185113,round6,A题研究/直接迭代/第六轮成果/方案/p2/n2/case_076_multicore_res.json,2.0190696584260097,historical_ledger,repository
case_076,2,3,2045432,32451584,6185113,round6,A题研究/直接迭代/第六轮成果/方案/p2/n3/case_076_multicore_res.json,3.0238663519491236,historical_ledger,repository
case_076,2,4,1533060,33171456,6185113,round6,A题研究/直接迭代/第六轮成果/方案/p2/n4/case_076_multicore_res.json,4.034488539261346,historical_ledger,repository
case_076,2,5,1232186,33310720,6185113,round6,A题研究/直接迭代/第六轮成果/方案/p2/n5/case_076_multicore_res.json,5.01962609541092,historical_ledger,repository
case_076,3,1,6126965,16629760,6185113,unified_v2_best_known_replayed,新增精选方案/p3/n1/case_076_multicore_res.json,1.0094905063110367,independent_official_replay,delivery
case_076,3,2,3061439,29871104,6185113,round6,A题研究/直接迭代/第六轮成果/方案/p3/n2/case_076_multicore_res.json,2.020328675501945,historical_ledger,repository
case_076,3,3,2044010,32451584,6185113,round6,A题研究/直接迭代/第六轮成果/方案/p3/n3/case_076_multicore_res.json,3.0259700295008343,historical_ledger,repository
case_076,3,4,1530771,33171456,6185113,round6,A题研究/直接迭代/第六轮成果/方案/p3/n4/case_076_multicore_res.json,4.040521410452641,historical_ledger,repository
case_076,3,5,1223447,18843648,6185113,unified_v2_best_known_replayed,新增精选方案/p3/n5/case_076_multicore_res.json,5.055480948500425,independent_official_replay,delivery
case_077,1,1,496124,173148,495320,round6,A题研究/直接迭代/第六轮成果/方案/p1/n1/case_077_multicore_res.json,0.9983794373987148,historical_ledger,repository
case_077,1,2,246965,172032,495320,round6,A题研究/直接迭代/第六轮成果/方案/p1/n2/case_077_multicore_res.json,2.0056283279007148,historical_ledger,repository
case_077,1,3,177148,286720,495320,round6,A题研究/直接迭代/第六轮成果/方案/p1/n3/case_077_multicore_res.json,2.7960801138031477,historical_ledger,repository
case_077,1,4,144734,172032,495320,round6,A题研究/直接迭代/第六轮成果/方案/p1/n4/case_077_multicore_res.json,3.4222781101883455,historical_ledger,repository
case_077,1,5,119125,1463442,495320,unified_v2_best_known_replayed,新增精选方案/p1/n5/case_077_multicore_res.json,4.157985309548793,independent_official_replay,delivery
case_077,2,1,495320,0,495320,round6,A题研究/直接迭代/第六轮成果/方案/p2/n1/case_077_multicore_res.json,1.0,historical_ledger,repository
case_077,2,2,244870,57344,495320,round6,A题研究/直接迭代/第六轮成果/方案/p2/n2/case_077_multicore_res.json,2.0227876015845143,historical_ledger,repository
case_077,2,3,173746,114688,495320,round6,A题研究/直接迭代/第六轮成果/方案/p2/n3/case_077_multicore_res.json,2.8508282205057958,historical_ledger,repository
case_077,2,4,133684,598016,495320,round6,A题研究/直接迭代/第六轮成果/方案/p2/n4/case_077_multicore_res.json,3.705155441189671,historical_ledger,repository
case_077,2,5,114545,172032,495320,round6,A题研究/直接迭代/第六轮成果/方案/p2/n5/case_077_multicore_res.json,4.324239381902309,historical_ledger,repository
case_077,3,1,495320,0,495320,round6,A题研究/直接迭代/第六轮成果/方案/p3/n1/case_077_multicore_res.json,1.0,historical_ledger,repository
case_077,3,2,244870,57344,495320,round6,A题研究/直接迭代/第六轮成果/方案/p3/n2/case_077_multicore_res.json,2.0227876015845143,historical_ledger,repository
case_077,3,3,173746,114688,495320,round6,A题研究/直接迭代/第六轮成果/方案/p3/n3/case_077_multicore_res.json,2.8508282205057958,historical_ledger,repository
case_077,3,4,133491,598016,495320,round6,A题研究/直接迭代/第六轮成果/方案/p3/n4/case_077_multicore_res.json,3.7105123191825666,historical_ledger,repository
case_077,3,5,109574,172032,495320,unified_v2_best_known_replayed,新增精选方案/p3/n5/case_077_multicore_res.json,4.520415427017358,independent_official_replay,delivery
case_078,1,1,2296143,12644568,2296143,round6,A题研究/直接迭代/第六轮成果/方案/p1/n1/case_078_multicore_res.json,1.0,historical_ledger,repository
case_078,1,2,1080972,15039360,2296143,round6,A题研究/直接迭代/第六轮成果/方案/p1/n2/case_078_multicore_res.json,2.1241466013920807,historical_ledger,repository
case_078,1,3,850256,15039360,2296143,round6,A题研究/直接迭代/第六轮成果/方案/p1/n3/case_078_multicore_res.json,2.7005313693758115,historical_ledger,repository
case_078,1,4,619540,15039360,2296143,round6,A题研究/直接迭代/第六轮成果/方案/p1/n4/case_078_multicore_res.json,3.706206217516222,historical_ledger,repository
case_078,1,5,553407,15862656,2296143,unified_v2_best_known_replayed,新增精选方案/p1/n5/case_078_multicore_res.json,4.149103643430603,independent_official_replay,delivery
case_078,2,1,2296143,12644568,2296143,round6,A题研究/直接迭代/第六轮成果/方案/p2/n1/case_078_multicore_res.json,1.0,historical_ledger,repository
case_078,2,2,1029517,2910336,2296143,round6,A题研究/直接迭代/第六轮成果/方案/p2/n2/case_078_multicore_res.json,2.2303109127872585,historical_ledger,repository
case_078,2,3,691742,8567040,2296143,round6,A题研究/直接迭代/第六轮成果/方案/p2/n3/case_078_multicore_res.json,3.31936328862495,historical_ledger,repository
case_078,2,4,517385,7595328,2296143,round6,A题研究/直接迭代/第六轮成果/方案/p2/n4/case_078_multicore_res.json,4.437977521574843,historical_ledger,repository
case_078,2,5,469283,11867136,2296143,unified_v2_best_known_replayed,新增精选方案/p2/n5/case_078_multicore_res.json,4.892874875075381,independent_official_replay,delivery
case_078,3,1,2296143,12644568,2296143,round6,A题研究/直接迭代/第六轮成果/方案/p3/n1/case_078_multicore_res.json,1.0,historical_ledger,repository
case_078,3,2,1029517,2910336,2296143,round6,A题研究/直接迭代/第六轮成果/方案/p3/n2/case_078_multicore_res.json,2.2303109127872585,historical_ledger,repository
case_078,3,3,691338,8567040,2296143,round6,A题研究/直接迭代/第六轮成果/方案/p3/n3/case_078_multicore_res.json,3.3213030384558637,historical_ledger,repository
case_078,3,4,515912,7595328,2296143,round6,A题研究/直接迭代/第六轮成果/方案/p3/n4/case_078_multicore_res.json,4.450648560219572,historical_ledger,repository
case_078,3,5,454208,11867136,2296143,unified_v2_best_known_replayed,新增精选方案/p3/n5/case_078_multicore_res.json,5.055267630689023,independent_official_replay,delivery
case_079,1,1,29441984,40415232,31052251,round6,A题研究/直接迭代/第六轮成果/方案/p1/n1/case_079_multicore_res.json,1.0546928834687228,historical_ledger,repository
case_079,1,2,14893820,91508736,31052251,round6,A题研究/直接迭代/第六轮成果/方案/p1/n2/case_079_multicore_res.json,2.0849084385335663,historical_ledger,repository
case_079,1,3,9965372,91508736,31052251,round6,A题研究/直接迭代/第六轮成果/方案/p1/n3/case_079_multicore_res.json,3.116015237564639,historical_ledger,repository
case_079,1,4,7501148,91508736,31052251,round6,A题研究/直接迭代/第六轮成果/方案/p1/n4/case_079_multicore_res.json,4.1396664883828445,historical_ledger,repository
case_079,1,5,6056359,37085184,31052251,round6,A题研究/直接迭代/第六轮成果/方案/p1/n5/case_079_multicore_res.json,5.12721438739018,historical_ledger,repository
case_079,2,1,31052251,32448512,31052251,round6,A题研究/直接迭代/第六轮成果/方案/p2/n1/case_079_multicore_res.json,1.0,historical_ledger,repository
case_079,2,2,15446486,31780864,31052251,round6,A题研究/直接迭代/第六轮成果/方案/p2/n2/case_079_multicore_res.json,2.010311665708304,historical_ledger,repository
case_079,2,3,10178800,39981056,31052251,round6,A题研究/直接迭代/第六轮成果/方案/p2/n3/case_079_multicore_res.json,3.050678960191771,historical_ledger,repository
case_079,2,4,7635624,30445568,31052251,round6,A题研究/直接迭代/第六轮成果/方案/p2/n4/case_079_multicore_res.json,4.066760097144647,historical_ledger,repository
case_079,2,5,6008220,38438912,31052251,round6,A题研究/直接迭代/第六轮成果/方案/p2/n5/case_079_multicore_res.json,5.168294603060474,historical_ledger,repository
case_079,3,1,31052251,32448512,31052251,round6,A题研究/直接迭代/第六轮成果/方案/p3/n1/case_079_multicore_res.json,1.0,historical_ledger,repository
case_079,3,2,15446486,31780864,31052251,round6,A题研究/直接迭代/第六轮成果/方案/p3/n2/case_079_multicore_res.json,2.010311665708304,historical_ledger,repository
case_079,3,3,10174866,39981056,31052251,round6,A题研究/直接迭代/第六轮成果/方案/p3/n3/case_079_multicore_res.json,3.051858471649651,historical_ledger,repository
case_079,3,4,7635624,30445568,31052251,round6,A题研究/直接迭代/第六轮成果/方案/p3/n4/case_079_multicore_res.json,4.066760097144647,historical_ledger,repository
case_079,3,5,5992556,39710720,31052251,unified_v2_best_known_replayed,新增精选方案/p3/n5/case_079_multicore_res.json,5.181804058234917,independent_official_replay,delivery
case_080,1,1,292124,1048576,292138,round6,A题研究/直接迭代/第六轮成果/方案/p1/n1/case_080_multicore_res.json,1.0000479248538292,historical_ledger,repository
case_080,1,2,145926,2191360,292138,round6,A题研究/直接迭代/第六轮成果/方案/p1/n2/case_080_multicore_res.json,2.0019598974822856,historical_ledger,repository
case_080,1,3,100325,3047424,292138,round6,A题研究/直接迭代/第六轮成果/方案/p1/n3/case_080_multicore_res.json,2.9119162721156244,historical_ledger,repository
case_080,1,4,95868,2793472,292138,round6,A题研究/直接迭代/第六轮成果/方案/p1/n4/case_080_multicore_res.json,3.047294196186423,historical_ledger,repository
case_080,1,5,95868,2793472,292138,round6,A题研究/直接迭代/第六轮成果/方案/p1/n5/case_080_multicore_res.json,3.047294196186423,historical_ledger,repository
case_080,2,1,292138,548864,292138,round6,A题研究/直接迭代/第六轮成果/方案/p2/n1/case_080_multicore_res.json,1.0,historical_ledger,repository
case_080,2,2,145926,2191360,292138,round6,A题研究/直接迭代/第六轮成果/方案/p2/n2/case_080_multicore_res.json,2.0019598974822856,historical_ledger,repository
case_080,2,3,100325,3047424,292138,round6,A题研究/直接迭代/第六轮成果/方案/p2/n3/case_080_multicore_res.json,2.9119162721156244,historical_ledger,repository
case_080,2,4,90653,1650688,292138,round6,A题研究/直接迭代/第六轮成果/方案/p2/n4/case_080_multicore_res.json,3.2225960530815305,historical_ledger,repository
case_080,2,5,79721,2109440,292138,round6,A题研究/直接迭代/第六轮成果/方案/p2/n5/case_080_multicore_res.json,3.6645049610516676,historical_ledger,repository
case_080,3,1,291826,548864,292138,round6,A题研究/直接迭代/第六轮成果/方案/p3/n1/case_080_multicore_res.json,1.0010691302351402,historical_ledger,repository
case_080,3,2,145674,2191360,292138,round6,A题研究/直接迭代/第六轮成果/方案/p3/n2/case_080_multicore_res.json,2.005423067946236,historical_ledger,repository
case_080,3,3,100325,3047424,292138,round6,A题研究/直接迭代/第六轮成果/方案/p3/n3/case_080_multicore_res.json,2.9119162721156244,historical_ledger,repository
case_080,3,4,90143,4190208,292138,round6,A题研究/直接迭代/第六轮成果/方案/p3/n4/case_080_multicore_res.json,3.2408284614445937,historical_ledger,repository
case_080,3,5,74411,4255744,292138,unified_v2_best_known_replayed,新增精选方案/p3/n5/case_080_multicore_res.json,3.92600556369354,independent_official_replay,delivery
case_081,1,1,152305,0,151795,round6,A题研究/直接迭代/第六轮成果/方案/p1/n1/case_081_multicore_res.json,0.9966514559600801,historical_ledger,repository
case_081,1,2,76860,0,151795,round6,A题研究/直接迭代/第六轮成果/方案/p1/n2/case_081_multicore_res.json,1.9749544626593807,historical_ledger,repository
case_081,1,3,51943,0,151795,round6,A题研究/直接迭代/第六轮成果/方案/p1/n3/case_081_multicore_res.json,2.9223379473653814,historical_ledger,repository
case_081,1,4,39588,0,151795,round6,A题研究/直接迭代/第六轮成果/方案/p1/n4/case_081_multicore_res.json,3.834369000707285,historical_ledger,repository
case_081,1,5,30943,0,151795,round6,A题研究/直接迭代/第六轮成果/方案/p1/n5/case_081_multicore_res.json,4.905632937982743,historical_ledger,repository
case_081,2,1,151795,0,151795,round6,A题研究/直接迭代/第六轮成果/方案/p2/n1/case_081_multicore_res.json,1.0,historical_ledger,repository
case_081,2,2,76860,0,151795,round6,A题研究/直接迭代/第六轮成果/方案/p2/n2/case_081_multicore_res.json,1.9749544626593807,historical_ledger,repository
case_081,2,3,51943,0,151795,round6,A题研究/直接迭代/第六轮成果/方案/p2/n3/case_081_multicore_res.json,2.9223379473653814,historical_ledger,repository
case_081,2,4,39588,0,151795,round6,A题研究/直接迭代/第六轮成果/方案/p2/n4/case_081_multicore_res.json,3.834369000707285,historical_ledger,repository
case_081,2,5,30943,0,151795,round6,A题研究/直接迭代/第六轮成果/方案/p2/n5/case_081_multicore_res.json,4.905632937982743,historical_ledger,repository
case_081,3,1,151795,0,151795,round6,A题研究/直接迭代/第六轮成果/方案/p3/n1/case_081_multicore_res.json,1.0,historical_ledger,repository
case_081,3,2,76860,0,151795,round6,A题研究/直接迭代/第六轮成果/方案/p3/n2/case_081_multicore_res.json,1.9749544626593807,historical_ledger,repository
case_081,3,3,51943,0,151795,round6,A题研究/直接迭代/第六轮成果/方案/p3/n3/case_081_multicore_res.json,2.9223379473653814,historical_ledger,repository
case_081,3,4,39588,0,151795,round6,A题研究/直接迭代/第六轮成果/方案/p3/n4/case_081_multicore_res.json,3.834369000707285,historical_ledger,repository
case_081,3,5,30943,0,151795,round6,A题研究/直接迭代/第六轮成果/方案/p3/n5/case_081_multicore_res.json,4.905632937982743,historical_ledger,repository
case_082,1,1,715454,514706,721041,round6,A题研究/直接迭代/第六轮成果/方案/p1/n1/case_082_multicore_res.json,1.0078090275545317,historical_ledger,repository
case_082,1,2,657900,1030938,721041,round6,A题研究/直接迭代/第六轮成果/方案/p1/n2/case_082_multicore_res.json,1.0959735522115823,historical_ledger,repository
case_082,1,3,656864,816014,721041,round6,A题研究/直接迭代/第六轮成果/方案/p1/n3/case_082_multicore_res.json,1.0977021118526817,historical_ledger,repository
case_082,1,4,427273,2277584,721041,round6,A题研究/直接迭代/第六轮成果/方案/p1/n4/case_082_multicore_res.json,1.6875416888031773,historical_ledger,repository
case_082,1,5,356186,6760886,721041,unified_v2_best_known_replayed,新增精选方案/p1/n5/case_082_multicore_res.json,2.0243384074612703,independent_official_replay,delivery
case_082,2,1,721041,0,721041,round6,A题研究/直接迭代/第六轮成果/方案/p2/n1/case_082_multicore_res.json,1.0,historical_ledger,repository
case_082,2,2,426708,3885638,721041,round6,A题研究/直接迭代/第六轮成果/方案/p2/n2/case_082_multicore_res.json,1.68977614668579,historical_ledger,repository
case_082,2,3,270489,5756268,721041,round6,A题研究/直接迭代/第六轮成果/方案/p2/n3/case_082_multicore_res.json,2.665694353559664,historical_ledger,repository
case_082,2,4,211881,6752624,721041,round6,A题研究/直接迭代/第六轮成果/方案/p2/n4/case_082_multicore_res.json,3.4030469933594802,historical_ledger,repository
case_082,2,5,206067,8262966,721041,round6,A题研究/直接迭代/第六轮成果/方案/p2/n5/case_082_multicore_res.json,3.4990609850194354,historical_ledger,repository
case_082,3,1,721041,0,721041,round6,A题研究/直接迭代/第六轮成果/方案/p3/n1/case_082_multicore_res.json,1.0,historical_ledger,repository
case_082,3,2,426720,3885638,721041,round6,A题研究/直接迭代/第六轮成果/方案/p3/n2/case_082_multicore_res.json,1.689728627671541,historical_ledger,repository
case_082,3,3,269306,5756268,721041,round6,A题研究/直接迭代/第六轮成果/方案/p3/n3/case_082_multicore_res.json,2.67740414249961,historical_ledger,repository
case_082,3,4,209447,6752624,721041,round6,A题研究/直接迭代/第六轮成果/方案/p3/n4/case_082_multicore_res.json,3.442594069143984,historical_ledger,repository
case_082,3,5,195762,8262966,721041,round6,A题研究/直接迭代/第六轮成果/方案/p3/n5/case_082_multicore_res.json,3.6832531339075,historical_ledger,repository
case_083,1,1,1074172,14977600,1057993,round6,A题研究/直接迭代/第六轮成果/方案/p1/n1/case_083_multicore_res.json,0.9849381663271803,historical_ledger,repository
case_083,1,2,624895,27912000,1057993,round6,A题研究/直接迭代/第六轮成果/方案/p1/n2/case_083_multicore_res.json,1.693073236303699,historical_ledger,repository
case_083,1,3,482813,15511648,1057993,round6,A题研究/直接迭代/第六轮成果/方案/p1/n3/case_083_multicore_res.json,2.191310093141651,historical_ledger,repository
case_083,1,4,450029,14977600,1057993,round6,A题研究/直接迭代/第六轮成果/方案/p1/n4/case_083_multicore_res.json,2.350944050272316,historical_ledger,repository
case_083,1,5,412888,17453280,1057993,round6,A题研究/直接迭代/第六轮成果/方案/p1/n5/case_083_multicore_res.json,2.562421286159927,historical_ledger,repository
case_083,2,1,1057993,13934688,1057993,round6,A题研究/直接迭代/第六轮成果/方案/p2/n1/case_083_multicore_res.json,1.0,historical_ledger,repository
case_083,2,2,411909,8206944,1057993,round6,A题研究/直接迭代/第六轮成果/方案/p2/n2/case_083_multicore_res.json,2.5685114916158667,historical_ledger,repository
case_083,2,3,315399,11712704,1057993,round6,A题研究/直接迭代/第六轮成果/方案/p2/n3/case_083_multicore_res.json,3.354458955164728,historical_ledger,repository
case_083,2,4,265354,11609888,1057993,round6,A题研究/直接迭代/第六轮成果/方案/p2/n4/case_083_multicore_res.json,3.987100250985476,historical_ledger,repository
case_083,2,5,223224,10885504,1057993,unified_v2_best_known_replayed,新增精选方案/p2/n5/case_083_multicore_res.json,4.7396023725047485,independent_official_replay,delivery
case_083,3,1,946145,13934688,1057993,round6,A题研究/直接迭代/第六轮成果/方案/p3/n1/case_083_multicore_res.json,1.1182144385902795,historical_ledger,repository
case_083,3,2,411871,8206944,1057993,round6,A题研究/直接迭代/第六轮成果/方案/p3/n2/case_083_multicore_res.json,2.5687484673599257,historical_ledger,repository
case_083,3,3,305255,11712704,1057993,round6,A题研究/直接迭代/第六轮成果/方案/p3/n3/case_083_multicore_res.json,3.4659317619695007,historical_ledger,repository
case_083,3,4,250483,11610912,1057993,round6,A题研究/直接迭代/第六轮成果/方案/p3/n4/case_083_multicore_res.json,4.223811595996534,historical_ledger,repository
case_083,3,5,222425,13235584,1057993,round6,A题研究/直接迭代/第六轮成果/方案/p3/n5/case_083_multicore_res.json,4.7566280768798475,historical_ledger,repository
case_084,1,1,2509460,0,2507412,round6,A题研究/直接迭代/第六轮成果/方案/p1/n1/case_084_multicore_res.json,0.9991838881671754,historical_ledger,repository
case_084,1,2,1255052,0,2507412,round6,A题研究/直接迭代/第六轮成果/方案/p1/n2/case_084_multicore_res.json,1.9978550689533183,historical_ledger,repository
case_084,1,3,836220,0,2507412,round6,A题研究/直接迭代/第六轮成果/方案/p1/n3/case_084_multicore_res.json,2.998507569778288,historical_ledger,repository
case_084,1,4,629028,0,2507412,round6,A题研究/直接迭代/第六轮成果/方案/p1/n4/case_084_multicore_res.json,3.986169137144928,historical_ledger,repository
case_084,1,5,503472,0,2507412,round6,A题研究/直接迭代/第六轮成果/方案/p1/n5/case_084_multicore_res.json,4.98024120507198,historical_ledger,repository
case_084,2,1,2507412,0,2507412,round6,A题研究/直接迭代/第六轮成果/方案/p2/n1/case_084_multicore_res.json,1.0,historical_ledger,repository
case_084,2,2,1253576,9216,2507412,round6,A题研究/直接迭代/第六轮成果/方案/p2/n2/case_084_multicore_res.json,2.0002074066510525,historical_ledger,repository
case_084,2,3,836220,0,2507412,round6,A题研究/直接迭代/第六轮成果/方案/p2/n3/case_084_multicore_res.json,2.998507569778288,historical_ledger,repository
case_084,2,4,627552,9216,2507412,round6,A题研究/直接迭代/第六轮成果/方案/p2/n4/case_084_multicore_res.json,3.9955445923206363,historical_ledger,repository
case_084,2,5,503472,0,2507412,round6,A题研究/直接迭代/第六轮成果/方案/p2/n5/case_084_multicore_res.json,4.98024120507198,historical_ledger,repository
case_084,3,1,2507412,0,2507412,round6,A题研究/直接迭代/第六轮成果/方案/p3/n1/case_084_multicore_res.json,1.0,historical_ledger,repository
case_084,3,2,1253576,9216,2507412,round6,A题研究/直接迭代/第六轮成果/方案/p3/n2/case_084_multicore_res.json,2.0002074066510525,historical_ledger,repository
case_084,3,3,836220,0,2507412,round6,A题研究/直接迭代/第六轮成果/方案/p3/n3/case_084_multicore_res.json,2.998507569778288,historical_ledger,repository
case_084,3,4,627552,9216,2507412,round6,A题研究/直接迭代/第六轮成果/方案/p3/n4/case_084_multicore_res.json,3.9955445923206363,historical_ledger,repository
case_084,3,5,503472,0,2507412,round6,A题研究/直接迭代/第六轮成果/方案/p3/n5/case_084_multicore_res.json,4.98024120507198,historical_ledger,repository
case_085,1,1,3155166,3497710,3187899,round6,A题研究/直接迭代/第六轮成果/方案/p1/n1/case_085_multicore_res.json,1.0103744145315967,historical_ledger,repository
case_085,1,2,3155166,3497710,3187899,round6,A题研究/直接迭代/第六轮成果/方案/p1/n2/case_085_multicore_res.json,1.0103744145315967,historical_ledger,repository
case_085,1,3,3152050,2399134,3187899,round6,A题研究/直接迭代/第六轮成果/方案/p1/n3/case_085_multicore_res.json,1.011373233292619,historical_ledger,repository
case_085,1,4,3152050,2399134,3187899,round6,A题研究/直接迭代/第六轮成果/方案/p1/n4/case_085_multicore_res.json,1.011373233292619,historical_ledger,repository
case_085,1,5,2568855,14201940,3187899,unified_v2_best_known_replayed,新增精选方案/p1/n5/case_085_multicore_res.json,1.240980514665094,independent_official_replay,delivery
case_085,2,1,3187899,0,3187899,round6,A题研究/直接迭代/第六轮成果/方案/p2/n1/case_085_multicore_res.json,1.0,historical_ledger,repository
case_085,2,2,1582933,10318712,3187899,round6,A题研究/直接迭代/第六轮成果/方案/p2/n2/case_085_multicore_res.json,2.013919098281481,historical_ledger,repository
case_085,2,3,1074433,34838636,3187899,round6,A题研究/直接迭代/第六轮成果/方案/p2/n3/case_085_multicore_res.json,2.967052389492877,historical_ledger,repository
case_085,2,4,964456,30035794,3187899,round6,A题研究/直接迭代/第六轮成果/方案/p2/n4/case_085_multicore_res.json,3.305385626715993,historical_ledger,repository
case_085,2,5,869620,38726264,3187899,round6,A题研究/直接迭代/第六轮成果/方案/p2/n5/case_085_multicore_res.json,3.66585290126722,historical_ledger,repository
case_085,3,1,3187899,0,3187899,round6,A题研究/直接迭代/第六轮成果/方案/p3/n1/case_085_multicore_res.json,1.0,historical_ledger,repository
case_085,3,2,1582931,10318712,3187899,round6,A题研究/直接迭代/第六轮成果/方案/p3/n2/case_085_multicore_res.json,2.013921642825872,historical_ledger,repository
case_085,3,3,1066007,34838636,3187899,round6,A题研究/直接迭代/第六轮成果/方案/p3/n3/case_085_multicore_res.json,2.9905047527830493,historical_ledger,repository
case_085,3,4,958408,30035794,3187899,round6,A题研究/直接迭代/第六轮成果/方案/p3/n4/case_085_multicore_res.json,3.3262441465430173,historical_ledger,repository
case_085,3,5,816858,38726264,3187899,round6,A题研究/直接迭代/第六轮成果/方案/p3/n5/case_085_multicore_res.json,3.902635464181045,historical_ledger,repository
case_086,1,1,117789,459442,118403,round6,A题研究/直接迭代/第六轮成果/方案/p1/n1/case_086_multicore_res.json,1.0052127108643423,historical_ledger,repository
case_086,1,2,117789,459442,118403,round6,A题研究/直接迭代/第六轮成果/方案/p1/n2/case_086_multicore_res.json,1.0052127108643423,historical_ledger,repository
case_086,1,3,117789,459442,118403,round6,A题研究/直接迭代/第六轮成果/方案/p1/n3/case_086_multicore_res.json,1.0052127108643423,historical_ledger,repository
case_086,1,4,86066,1676764,118403,round6,A题研究/直接迭代/第六轮成果/方案/p1/n4/case_086_multicore_res.json,1.375723282132317,historical_ledger,repository
case_086,1,5,83505,3050334,118403,unified_v2_best_known_replayed,新增精选方案/p1/n5/case_086_multicore_res.json,1.4179150949044967,independent_official_replay,delivery
case_086,2,1,118403,0,118403,round6,A题研究/直接迭代/第六轮成果/方案/p2/n1/case_086_multicore_res.json,1.0,historical_ledger,repository
case_086,2,2,64138,788550,118403,round6,A题研究/直接迭代/第六轮成果/方案/p2/n2/case_086_multicore_res.json,1.8460662945523714,historical_ledger,repository
case_086,2,3,47404,1305868,118403,round6,A题研究/直接迭代/第六轮成果/方案/p2/n3/case_086_multicore_res.json,2.497742806514218,historical_ledger,repository
case_086,2,4,45893,1780850,118403,round6,A题研究/直接迭代/第六轮成果/方案/p2/n4/case_086_multicore_res.json,2.579979517573486,historical_ledger,repository
case_086,2,5,45893,1780850,118403,round6,A题研究/直接迭代/第六轮成果/方案/p2/n5/case_086_multicore_res.json,2.579979517573486,historical_ledger,repository
case_086,3,1,118403,0,118403,round6,A题研究/直接迭代/第六轮成果/方案/p3/n1/case_086_multicore_res.json,1.0,historical_ledger,repository
case_086,3,2,64138,788550,118403,round6,A题研究/直接迭代/第六轮成果/方案/p3/n2/case_086_multicore_res.json,1.8460662945523714,historical_ledger,repository
case_086,3,3,45981,1301260,118403,round6,A题研究/直接迭代/第六轮成果/方案/p3/n3/case_086_multicore_res.json,2.575041865118201,historical_ledger,repository
case_086,3,4,43507,1780850,118403,round6,A题研究/直接迭代/第六轮成果/方案/p3/n4/case_086_multicore_res.json,2.7214701082584414,historical_ledger,repository
case_086,3,5,42862,2118390,118403,round6,A题研究/直接迭代/第六轮成果/方案/p3/n5/case_086_multicore_res.json,2.7624235919929077,historical_ledger,repository
case_087,1,1,3924648,12097580,3974071,round6,A题研究/直接迭代/第六轮成果/方案/p1/n1/case_087_multicore_res.json,1.01259297649114,historical_ledger,repository
case_087,1,2,1973521,18718080,3974071,unified_v2_best_known_replayed,新增精选方案/p1/n2/case_087_multicore_res.json,2.0136958258868285,independent_official_replay,delivery
case_087,1,3,1377417,11289600,3974071,round6,A题研究/直接迭代/第六轮成果/方案/p1/n3/case_087_multicore_res.json,2.885161864562438,historical_ledger,repository
case_087,1,4,1056721,11358720,3974071,round6,A题研究/直接迭代/第六轮成果/方案/p1/n4/case_087_multicore_res.json,3.760757096717109,historical_ledger,repository
case_087,1,5,879179,14544428,3974071,round6,A题研究/直接迭代/第六轮成果/方案/p1/n5/case_087_multicore_res.json,4.52020692031998,historical_ledger,repository
case_087,2,1,3974071,7902720,3974071,round6,A题研究/直接迭代/第六轮成果/方案/p2/n1/case_087_multicore_res.json,1.0,historical_ledger,repository
case_087,2,2,1973360,6578688,3974071,round6,A题研究/直接迭代/第六轮成果/方案/p2/n2/case_087_multicore_res.json,2.013860116755179,historical_ledger,repository
case_087,2,3,1322596,10114560,3974071,unified_v2_best_known_replayed,新增精选方案/p2/n3/case_087_multicore_res.json,3.0047505058233956,independent_official_replay,delivery
case_087,2,4,1003734,11796480,3974071,unified_v2_best_known_replayed,新增精选方案/p2/n4/case_087_multicore_res.json,3.959287022258885,independent_official_replay,delivery
case_087,2,5,802148,12298752,3974071,unified_v2_best_known_replayed,新增精选方案/p2/n5/case_087_multicore_res.json,4.954286490772277,independent_official_replay,delivery
case_087,3,1,3961605,7736832,3974071,unified_v2_best_known_replayed,新增精选方案/p3/n1/case_087_multicore_res.json,1.0031467044291391,independent_official_replay,delivery
case_087,3,2,1955672,6216192,3974071,unified_v2_best_known_replayed,新增精选方案/p3/n2/case_087_multicore_res.json,2.0320743969336372,independent_official_replay,delivery
case_087,3,3,1335295,10985472,3974071,unified_v2_best_known_replayed,新增精选方案/p3/n3/case_087_multicore_res.json,2.9761745531886215,independent_official_replay,delivery
case_087,3,4,1022400,13086720,3974071,unified_v2_best_known_replayed,新增精选方案/p3/n4/case_087_multicore_res.json,3.887002151799687,independent_official_replay,delivery
case_087,3,5,796883,9105408,3974071,unified_v2_best_known_replayed,新增精选方案/p3/n5/case_087_multicore_res.json,4.987019424432445,independent_official_replay,delivery
case_088,1,1,243217,178124,243623,round6,A题研究/直接迭代/第六轮成果/方案/p1/n1/case_088_multicore_res.json,1.001669291209085,historical_ledger,repository
case_088,1,2,201411,348602,243623,round6,A题研究/直接迭代/第六轮成果/方案/p1/n2/case_088_multicore_res.json,1.209581403200421,historical_ledger,repository
case_088,1,3,201396,431884,243623,round6,A题研究/直接迭代/第六轮成果/方案/p1/n3/case_088_multicore_res.json,1.2096714929790064,historical_ledger,repository
case_088,1,4,186407,894280,243623,round6,A题研究/直接迭代/第六轮成果/方案/p1/n4/case_088_multicore_res.json,1.3069412629354047,historical_ledger,repository
case_088,1,5,146562,3239746,243623,unified_v2_best_known_replayed,新增精选方案/p1/n5/case_088_multicore_res.json,1.662252152672589,independent_official_replay,delivery
case_088,2,1,243623,0,243623,round6,A题研究/直接迭代/第六轮成果/方案/p2/n1/case_088_multicore_res.json,1.0,historical_ledger,repository
case_088,2,2,135939,1312570,243623,round6,A题研究/直接迭代/第六轮成果/方案/p2/n2/case_088_multicore_res.json,1.7921494199604233,historical_ledger,repository
case_088,2,3,99006,2078542,243623,round6,A题研究/直接迭代/第六轮成果/方案/p2/n3/case_088_multicore_res.json,2.4606892511564955,historical_ledger,repository
case_088,2,4,89756,2468882,243623,round6,A题研究/直接迭代/第六轮成果/方案/p2/n4/case_088_multicore_res.json,2.714280939435804,historical_ledger,repository
case_088,2,5,89756,2468882,243623,round6,A题研究/直接迭代/第六轮成果/方案/p2/n5/case_088_multicore_res.json,2.714280939435804,historical_ledger,repository
case_088,3,1,243623,0,243623,round6,A题研究/直接迭代/第六轮成果/方案/p3/n1/case_088_multicore_res.json,1.0,historical_ledger,repository
case_088,3,2,133987,1312570,243623,round6,A题研究/直接迭代/第六轮成果/方案/p3/n2/case_088_multicore_res.json,1.8182584877637382,historical_ledger,repository
case_088,3,3,95079,2078542,243623,round6,A题研究/直接迭代/第六轮成果/方案/p3/n3/case_088_multicore_res.json,2.5623218586649,historical_ledger,repository
case_088,3,4,82216,2468882,243623,round6,A题研究/直接迭代/第六轮成果/方案/p3/n4/case_088_multicore_res.json,2.9632066750997375,historical_ledger,repository
case_088,3,5,82216,2468882,243623,round6,A题研究/直接迭代/第六轮成果/方案/p3/n5/case_088_multicore_res.json,2.9632066750997375,historical_ledger,repository
case_089,1,1,694660,954880,693092,round6,A题研究/直接迭代/第六轮成果/方案/p1/n1/case_089_multicore_res.json,0.9977427806408891,historical_ledger,repository
case_089,1,2,346832,238720,693092,round6,A题研究/直接迭代/第六轮成果/方案/p1/n2/case_089_multicore_res.json,1.998350786547954,historical_ledger,repository
case_089,1,3,243614,477440,693092,round6,A题研究/直接迭代/第六轮成果/方案/p1/n3/case_089_multicore_res.json,2.8450417463692563,historical_ledger,repository
case_089,1,4,178160,716160,693092,round6,A题研究/直接迭代/第六轮成果/方案/p1/n4/case_089_multicore_res.json,3.8902784014369107,historical_ledger,repository
case_089,1,5,147432,954880,693092,round6,A题研究/直接迭代/第六轮成果/方案/p1/n5/case_089_multicore_res.json,4.701096098540344,historical_ledger,repository
case_089,2,1,693092,0,693092,round6,A题研究/直接迭代/第六轮成果/方案/p2/n1/case_089_multicore_res.json,1.0,historical_ledger,repository
case_089,2,2,313368,2204224,693092,round6,A题研究/直接迭代/第六轮成果/方案/p2/n2/case_089_multicore_res.json,2.2117510403104337,historical_ledger,repository
case_089,2,3,230533,7132416,693092,round6,A题研究/直接迭代/第六轮成果/方案/p2/n3/case_089_multicore_res.json,3.0064762962352463,historical_ledger,repository
case_089,2,4,169868,3906944,693092,round6,A题研究/直接迭代/第六轮成果/方案/p2/n4/case_089_multicore_res.json,4.0801799043963545,historical_ledger,repository
case_089,2,5,139679,954880,693092,unified_v2_best_known_replayed,新增精选方案/p2/n5/case_089_multicore_res.json,4.962034378825736,independent_official_replay,delivery
case_089,3,1,693092,0,693092,round6,A题研究/直接迭代/第六轮成果/方案/p3/n1/case_089_multicore_res.json,1.0,historical_ledger,repository
case_089,3,2,313350,2204224,693092,round6,A题研究/直接迭代/第六轮成果/方案/p3/n2/case_089_multicore_res.json,2.2118780915908727,historical_ledger,repository
case_089,3,3,227310,7132416,693092,round6,A题研究/直接迭代/第六轮成果/方案/p3/n3/case_089_multicore_res.json,3.0491047468215213,historical_ledger,repository
case_089,3,4,169216,3906944,693092,round6,A题研究/直接迭代/第六轮成果/方案/p3/n4/case_089_multicore_res.json,4.095901096822995,historical_ledger,repository
case_089,3,5,139354,4102400,693092,round6,A题研究/直接迭代/第六轮成果/方案/p3/n5/case_089_multicore_res.json,4.973606785596394,historical_ledger,repository
case_090,1,1,1174025,21498480,1178363,round6,A题研究/直接迭代/第六轮成果/方案/p1/n1/case_090_multicore_res.json,1.0036949809416325,historical_ledger,repository
case_090,1,2,679752,25781760,1178363,round6,A题研究/直接迭代/第六轮成果/方案/p1/n2/case_090_multicore_res.json,1.7335189892784428,historical_ledger,repository
case_090,1,3,589444,25781760,1178363,round6,A题研究/直接迭代/第六轮成果/方案/p1/n3/case_090_multicore_res.json,1.999109330148411,historical_ledger,repository
case_090,1,4,565296,25781760,1178363,round6,A题研究/直接迭代/第六轮成果/方案/p1/n4/case_090_multicore_res.json,2.084506170218788,historical_ledger,repository
case_090,1,5,467065,22536552,1178363,unified_v2_best_known_replayed,新增精选方案/p1/n5/case_090_multicore_res.json,2.52291008746106,independent_official_replay,delivery
case_090,2,1,1178363,21233592,1178363,round6,A题研究/直接迭代/第六轮成果/方案/p2/n1/case_090_multicore_res.json,1.0,historical_ledger,repository
case_090,2,2,431288,3818928,1178363,round6,A题研究/直接迭代/第六轮成果/方案/p2/n2/case_090_multicore_res.json,2.7321951920758285,historical_ledger,repository
case_090,2,3,320550,6061440,1178363,round6,A题研究/直接迭代/第六轮成果/方案/p2/n3/case_090_multicore_res.json,3.676066136328186,historical_ledger,repository
case_090,2,4,290083,7972848,1178363,round6,A题研究/直接迭代/第六轮成果/方案/p2/n4/case_090_multicore_res.json,4.0621580720000825,historical_ledger,repository
case_090,2,5,290083,7972848,1178363,round6,A题研究/直接迭代/第六轮成果/方案/p2/n5/case_090_multicore_res.json,4.0621580720000825,historical_ledger,repository
case_090,3,1,1178363,21233592,1178363,round6,A题研究/直接迭代/第六轮成果/方案/p3/n1/case_090_multicore_res.json,1.0,historical_ledger,repository
case_090,3,2,431243,3818928,1178363,round6,A题研究/直接迭代/第六轮成果/方案/p3/n2/case_090_multicore_res.json,2.73248029533233,historical_ledger,repository
case_090,3,3,309744,6104832,1178363,round6,A题研究/直接迭代/第六轮成果/方案/p3/n3/case_090_multicore_res.json,3.8043125936257036,historical_ledger,repository
case_090,3,4,256211,7972848,1178363,round6,A题研究/直接迭代/第六轮成果/方案/p3/n4/case_090_multicore_res.json,4.599189730339447,historical_ledger,repository
case_090,3,5,232265,10140672,1178363,round6,A题研究/直接迭代/第六轮成果/方案/p3/n5/case_090_multicore_res.json,5.073355865067918,historical_ledger,repository
case_091,1,1,9081554,63131456,9186769,unified_v2_best_known_replayed,新增精选方案/p1/n1/case_091_multicore_res.json,1.0115855722489786,independent_official_replay,delivery
case_091,1,2,4553097,65804096,9186769,unified_v2_best_known_replayed,新增精选方案/p1/n2/case_091_multicore_res.json,2.017696745753495,independent_official_replay,delivery
case_091,1,3,3051053,68833088,9186769,unified_v2_best_known_replayed,新增精选方案/p1/n3/case_091_multicore_res.json,3.0110158689475406,independent_official_replay,delivery
case_091,1,4,2308294,70513824,9186769,unified_v2_best_known_replayed,新增精选方案/p1/n4/case_091_multicore_res.json,3.9798955419023745,independent_official_replay,delivery
case_091,1,5,1861235,66314752,9186769,round6,A题研究/直接迭代/第六轮成果/方案/p1/n5/case_091_multicore_res.json,4.935845822800452,historical_ledger,repository
case_091,2,1,9141689,38633088,9186769,unified_v2_best_known_replayed,新增精选方案/p2/n1/case_091_multicore_res.json,1.0049312550448828,independent_official_replay,delivery
case_091,2,2,4546046,52254688,9186769,unified_v2_best_known_replayed,新增精选方案/p2/n2/case_091_multicore_res.json,2.0208262300909405,independent_official_replay,delivery
case_091,2,3,3053142,62295872,9186769,unified_v2_best_known_replayed,新增精选方案/p2/n3/case_091_multicore_res.json,3.0089556922016727,independent_official_replay,delivery
case_091,2,4,2313039,41001120,9186769,round6,A题研究/直接迭代/第六轮成果/方案/p2/n4/case_091_multicore_res.json,3.9717311294794424,historical_ledger,repository
case_091,2,5,1867312,57919488,9186769,round6,A题研究/直接迭代/第六轮成果/方案/p2/n5/case_091_multicore_res.json,4.919782553745705,historical_ledger,repository
case_091,3,1,9168820,53947008,9186769,round6,A题研究/直接迭代/第六轮成果/方案/p3/n1/case_091_multicore_res.json,1.001957612866214,historical_ledger,repository
case_091,3,2,4542858,53119456,9186769,round6,A题研究/直接迭代/第六轮成果/方案/p3/n2/case_091_multicore_res.json,2.022244366872132,historical_ledger,repository
case_091,3,3,3050790,38704448,9186769,round6,A题研究/直接迭代/第六轮成果/方案/p3/n3/case_091_multicore_res.json,3.0112754401319,historical_ledger,repository
case_091,3,4,2300004,66074432,9186769,round6,A题研究/直接迭代/第六轮成果/方案/p3/n4/case_091_multicore_res.json,3.9942404447992264,historical_ledger,repository
case_091,3,5,1863993,57919488,9186769,round6,A题研究/直接迭代/第六轮成果/方案/p3/n5/case_091_multicore_res.json,4.928542650106519,historical_ledger,repository
case_092,1,1,4912704,71983424,4815554,round6,A题研究/直接迭代/第六轮成果/方案/p1/n1/case_092_multicore_res.json,0.9802247397767095,historical_ledger,repository
case_092,1,2,2821724,131186400,4815554,round6,A题研究/直接迭代/第六轮成果/方案/p1/n2/case_092_multicore_res.json,1.7065999367762403,historical_ledger,repository
case_092,1,3,2231804,66784736,4815554,round6,A题研究/直接迭代/第六轮成果/方案/p1/n3/case_092_multicore_res.json,2.157695747476033,historical_ledger,repository
case_092,1,4,1927728,67180384,4815554,round6,A题研究/直接迭代/第六轮成果/方案/p1/n4/case_092_multicore_res.json,2.4980464048869964,historical_ledger,repository
case_092,1,5,1618214,69058400,4815554,round6,A题研究/直接迭代/第六轮成果/方案/p1/n5/case_092_multicore_res.json,2.975844974768479,historical_ledger,repository
case_092,2,1,4815554,66000096,4815554,round6,A题研究/直接迭代/第六轮成果/方案/p2/n1/case_092_multicore_res.json,1.0,historical_ledger,repository
case_092,2,2,2126364,19020384,4815554,round6,A题研究/直接迭代/第六轮成果/方案/p2/n2/case_092_multicore_res.json,2.2646893946662003,historical_ledger,repository
case_092,2,3,1357066,10514624,4815554,round6,A题研究/直接迭代/第六轮成果/方案/p2/n3/case_092_multicore_res.json,3.548503904747448,historical_ledger,repository
case_092,2,4,1122381,39622432,4815554,round6,A题研究/直接迭代/第六轮成果/方案/p2/n4/case_092_multicore_res.json,4.290480683475575,historical_ledger,repository
case_092,2,5,786613,4327808,4815554,round6,A题研究/直接迭代/第六轮成果/方案/p2/n5/case_092_multicore_res.json,6.121884586194228,historical_ledger,repository
case_092,3,1,4333631,66000096,4815554,round6,A题研究/直接迭代/第六轮成果/方案/p3/n1/case_092_multicore_res.json,1.111205361047122,historical_ledger,repository
case_092,3,2,2126411,19020384,4815554,round6,A题研究/直接迭代/第六轮成果/方案/p3/n2/case_092_multicore_res.json,2.264639338302896,historical_ledger,repository
case_092,3,3,1348155,10514624,4815554,round6,A题研究/直接迭代/第六轮成果/方案/p3/n3/case_092_multicore_res.json,3.571958713946097,historical_ledger,repository
case_092,3,4,1121490,39622432,4815554,round6,A题研究/直接迭代/第六轮成果/方案/p3/n4/case_092_multicore_res.json,4.293889379307885,historical_ledger,repository
case_092,3,5,774426,4327808,4815554,round6,A题研究/直接迭代/第六轮成果/方案/p3/n5/case_092_multicore_res.json,6.21822356170893,historical_ledger,repository
case_093,1,1,74205,0,74205,round6,A题研究/直接迭代/第六轮成果/方案/p1/n1/case_093_multicore_res.json,1.0,historical_ledger,repository
case_093,1,2,37827,8192,74205,round6,A题研究/直接迭代/第六轮成果/方案/p1/n2/case_093_multicore_res.json,1.9616940280751844,historical_ledger,repository
case_093,1,3,25103,16384,74205,round6,A题研究/直接迭代/第六轮成果/方案/p1/n3/case_093_multicore_res.json,2.956021192686133,historical_ledger,repository
case_093,1,4,19779,24576,74205,round6,A题研究/直接迭代/第六轮成果/方案/p1/n4/case_093_multicore_res.json,3.751706355225239,historical_ledger,repository
case_093,1,5,15876,32768,74205,round6,A题研究/直接迭代/第六轮成果/方案/p1/n5/case_093_multicore_res.json,4.674036281179139,historical_ledger,repository
case_093,2,1,74205,0,74205,round6,A题研究/直接迭代/第六轮成果/方案/p2/n1/case_093_multicore_res.json,1.0,historical_ledger,repository
case_093,2,2,37559,12288,74205,round6,A题研究/直接迭代/第六轮成果/方案/p2/n2/case_093_multicore_res.json,1.9756915785830294,historical_ledger,repository
case_093,2,3,25103,16384,74205,round6,A题研究/直接迭代/第六轮成果/方案/p2/n3/case_093_multicore_res.json,2.956021192686133,historical_ledger,repository
case_093,2,4,19546,28672,74205,round6,A题研究/直接迭代/第六轮成果/方案/p2/n4/case_093_multicore_res.json,3.796428936866878,historical_ledger,repository
case_093,2,5,15630,32768,74205,round6,A题研究/直接迭代/第六轮成果/方案/p2/n5/case_093_multicore_res.json,4.747600767754319,historical_ledger,repository
case_093,3,1,74205,0,74205,round6,A题研究/直接迭代/第六轮成果/方案/p3/n1/case_093_multicore_res.json,1.0,historical_ledger,repository
case_093,3,2,37559,12288,74205,round6,A题研究/直接迭代/第六轮成果/方案/p3/n2/case_093_multicore_res.json,1.9756915785830294,historical_ledger,repository
case_093,3,3,25103,16384,74205,round6,A题研究/直接迭代/第六轮成果/方案/p3/n3/case_093_multicore_res.json,2.956021192686133,historical_ledger,repository
case_093,3,4,19475,28672,74205,round6,A题研究/直接迭代/第六轮成果/方案/p3/n4/case_093_multicore_res.json,3.8102695763799743,historical_ledger,repository
case_093,3,5,15630,32768,74205,round6,A题研究/直接迭代/第六轮成果/方案/p3/n5/case_093_multicore_res.json,4.747600767754319,historical_ledger,repository
case_094,1,1,94892,0,94892,round6,A题研究/直接迭代/第六轮成果/方案/p1/n1/case_094_multicore_res.json,1.0,historical_ledger,repository
case_094,1,2,44002,170784,94892,round6,A题研究/直接迭代/第六轮成果/方案/p1/n2/case_094_multicore_res.json,2.1565383391664015,historical_ledger,repository
case_094,1,3,35671,221472,94892,round6,A题研究/直接迭代/第六轮成果/方案/p1/n3/case_094_multicore_res.json,2.6602001625970675,historical_ledger,repository
case_094,1,4,23422,318816,94892,round6,A题研究/直接迭代/第六轮成果/方案/p1/n4/case_094_multicore_res.json,4.051404662283323,historical_ledger,repository
case_094,1,5,23422,318816,94892,round6,A题研究/直接迭代/第六轮成果/方案/p1/n5/case_094_multicore_res.json,4.051404662283323,historical_ledger,repository
case_094,2,1,94892,0,94892,round6,A题研究/直接迭代/第六轮成果/方案/p2/n1/case_094_multicore_res.json,1.0,historical_ledger,repository
case_094,2,2,42158,106272,94892,round6,A题研究/直接迭代/第六轮成果/方案/p2/n2/case_094_multicore_res.json,2.250865790597277,historical_ledger,repository
case_094,2,3,30112,322848,94892,round6,A题研究/直接迭代/第六轮成果/方案/p2/n3/case_094_multicore_res.json,3.1513018065887355,historical_ledger,repository
case_094,2,4,21760,318816,94892,round6,A题研究/直接迭代/第六轮成果/方案/p2/n4/case_094_multicore_res.json,4.360845588235295,historical_ledger,repository
case_094,2,5,20365,424224,94892,unified_v2_best_known_replayed,新增精选方案/p2/n5/case_094_multicore_res.json,4.659562975693592,independent_official_replay,delivery
case_094,3,1,94892,0,94892,round6,A题研究/直接迭代/第六轮成果/方案/p3/n1/case_094_multicore_res.json,1.0,historical_ledger,repository
case_094,3,2,41343,106272,94892,round6,A题研究/直接迭代/第六轮成果/方案/p3/n2/case_094_multicore_res.json,2.29523740415548,historical_ledger,repository
case_094,3,3,29719,322848,94892,round6,A题研究/直接迭代/第六轮成果/方案/p3/n3/case_094_multicore_res.json,3.192974191594603,historical_ledger,repository
case_094,3,4,21760,318816,94892,round6,A题研究/直接迭代/第六轮成果/方案/p3/n4/case_094_multicore_res.json,4.360845588235295,historical_ledger,repository
case_094,3,5,20156,283776,94892,round6,A题研究/直接迭代/第六轮成果/方案/p3/n5/case_094_multicore_res.json,4.70787854733082,historical_ledger,repository
case_095,1,1,2086080,0,2084853,round6,A题研究/直接迭代/第六轮成果/方案/p1/n1/case_095_multicore_res.json,0.9994118154624942,historical_ledger,repository
case_095,1,2,1042860,73728,2084853,round6,A题研究/直接迭代/第六轮成果/方案/p1/n2/case_095_multicore_res.json,1.9991686324147058,historical_ledger,repository
case_095,1,3,695775,0,2084853,round6,A题研究/直接迭代/第六轮成果/方案/p1/n3/case_095_multicore_res.json,2.9964471273040854,historical_ledger,repository
case_095,1,4,524422,0,2084853,round6,A题研究/直接迭代/第六轮成果/方案/p1/n4/case_095_multicore_res.json,3.9755254356224565,historical_ledger,repository
case_095,1,5,420852,0,2084853,round6,A题研究/直接迭代/第六轮成果/方案/p1/n5/case_095_multicore_res.json,4.953886401870491,historical_ledger,repository
case_095,2,1,2084853,0,2084853,round6,A题研究/直接迭代/第六轮成果/方案/p2/n1/case_095_multicore_res.json,1.0,historical_ledger,repository
case_095,2,2,1042890,0,2084853,round6,A题研究/直接迭代/第六轮成果/方案/p2/n2/case_095_multicore_res.json,1.9991111238960964,historical_ledger,repository
case_095,2,3,695775,0,2084853,round6,A题研究/直接迭代/第六轮成果/方案/p2/n3/case_095_multicore_res.json,2.9964471273040854,historical_ledger,repository
case_095,2,4,524422,0,2084853,round6,A题研究/直接迭代/第六轮成果/方案/p2/n4/case_095_multicore_res.json,3.9755254356224565,historical_ledger,repository
case_095,2,5,420749,6446208,2084853,unified_v2_best_known_replayed,新增精选方案/p2/n5/case_095_multicore_res.json,4.955099120853525,independent_official_replay,delivery
case_095,3,1,2084853,0,2084853,round6,A题研究/直接迭代/第六轮成果/方案/p3/n1/case_095_multicore_res.json,1.0,historical_ledger,repository
case_095,3,2,1042890,0,2084853,round6,A题研究/直接迭代/第六轮成果/方案/p3/n2/case_095_multicore_res.json,1.9991111238960964,historical_ledger,repository
case_095,3,3,695775,0,2084853,round6,A题研究/直接迭代/第六轮成果/方案/p3/n3/case_095_multicore_res.json,2.9964471273040854,historical_ledger,repository
case_095,3,4,524422,0,2084853,round6,A题研究/直接迭代/第六轮成果/方案/p3/n4/case_095_multicore_res.json,3.9755254356224565,historical_ledger,repository
case_095,3,5,420852,0,2084853,round6,A题研究/直接迭代/第六轮成果/方案/p3/n5/case_095_multicore_res.json,4.953886401870491,historical_ledger,repository
case_096,1,1,84343,65664,84194,round6,A题研究/直接迭代/第六轮成果/方案/p1/n1/case_096_multicore_res.json,0.9982334040762126,historical_ledger,repository
case_096,1,2,46535,120960,84194,round6,A题研究/直接迭代/第六轮成果/方案/p1/n2/case_096_multicore_res.json,1.809261845922424,historical_ledger,repository
case_096,1,3,33662,67392,84194,round6,A题研究/直接迭代/第六轮成果/方案/p1/n3/case_096_multicore_res.json,2.5011585764363375,historical_ledger,repository
case_096,1,4,26984,78336,84194,round6,A题研究/直接迭代/第六轮成果/方案/p1/n4/case_096_multicore_res.json,3.120145271271865,historical_ledger,repository
case_096,1,5,26984,78336,84194,round6,A题研究/直接迭代/第六轮成果/方案/p1/n5/case_096_multicore_res.json,3.120145271271865,historical_ledger,repository
case_096,2,1,84194,0,84194,round6,A题研究/直接迭代/第六轮成果/方案/p2/n1/case_096_multicore_res.json,1.0,historical_ledger,repository
case_096,2,2,34851,816880,84194,round6,A题研究/直接迭代/第六轮成果/方案/p2/n2/case_096_multicore_res.json,2.4158273794152247,historical_ledger,repository
case_096,2,3,24231,764004,84194,round6,A题研究/直接迭代/第六轮成果/方案/p2/n3/case_096_multicore_res.json,3.474639924064215,historical_ledger,repository
case_096,2,4,24231,764004,84194,round6,A题研究/直接迭代/第六轮成果/方案/p2/n4/case_096_multicore_res.json,3.474639924064215,historical_ledger,repository
case_096,2,5,24231,764004,84194,round6,A题研究/直接迭代/第六轮成果/方案/p2/n5/case_096_multicore_res.json,3.474639924064215,historical_ledger,repository
case_096,3,1,84194,0,84194,round6,A题研究/直接迭代/第六轮成果/方案/p3/n1/case_096_multicore_res.json,1.0,historical_ledger,repository
case_096,3,2,34370,816880,84194,round6,A题研究/直接迭代/第六轮成果/方案/p3/n2/case_096_multicore_res.json,2.449636310736107,historical_ledger,repository
case_096,3,3,24072,764004,84194,round6,A题研究/直接迭代/第六轮成果/方案/p3/n3/case_096_multicore_res.json,3.497590561648388,historical_ledger,repository
case_096,3,4,24072,764004,84194,round6,A题研究/直接迭代/第六轮成果/方案/p3/n4/case_096_multicore_res.json,3.497590561648388,historical_ledger,repository
case_096,3,5,21779,235312,84194,unified_v2_best_known_replayed,新增精选方案/p3/n5/case_096_multicore_res.json,3.8658340603333485,independent_official_replay,delivery
case_097,1,1,11215101,12988416,11491509,round6,A题研究/直接迭代/第六轮成果/方案/p1/n1/case_097_multicore_res.json,1.024646055349836,historical_ledger,repository
case_097,1,2,5156692,11927552,11491509,round6,A题研究/直接迭代/第六轮成果/方案/p1/n2/case_097_multicore_res.json,2.2284652641654765,historical_ledger,repository
case_097,1,3,3577028,29818880,11491509,round6,A题研究/直接迭代/第六轮成果/方案/p1/n3/case_097_multicore_res.json,3.2125856996366817,historical_ledger,repository
case_097,1,4,2579804,11927552,11491509,round6,A题研究/直接迭代/第六轮成果/方案/p1/n4/case_097_multicore_res.json,4.454411652978289,historical_ledger,repository
case_097,1,5,2102348,21311488,11491509,round6,A题研究/直接迭代/第六轮成果/方案/p1/n5/case_097_multicore_res.json,5.466035594487687,historical_ledger,repository
case_097,2,1,11491509,10584064,11491509,round6,A题研究/直接迭代/第六轮成果/方案/p2/n1/case_097_multicore_res.json,1.0,historical_ledger,repository
case_097,2,2,5601821,11821056,11491509,round6,A题研究/直接迭代/第六轮成果/方案/p2/n2/case_097_multicore_res.json,2.0513881111160104,historical_ledger,repository
case_097,2,3,3651847,16058368,11491509,round6,A题研究/直接迭代/第六轮成果/方案/p2/n3/case_097_multicore_res.json,3.146766280186437,historical_ledger,repository
case_097,2,4,2624984,14254080,11491509,round6,A题研究/直接迭代/第六轮成果/方案/p2/n4/case_097_multicore_res.json,4.3777443976801385,historical_ledger,repository
case_097,2,5,2102294,21319680,11491509,round6,A题研究/直接迭代/第六轮成果/方案/p2/n5/case_097_multicore_res.json,5.466175996316405,historical_ledger,repository
case_097,3,1,11491509,10584064,11491509,round6,A题研究/直接迭代/第六轮成果/方案/p3/n1/case_097_multicore_res.json,1.0,historical_ledger,repository
case_097,3,2,5601821,11821056,11491509,round6,A题研究/直接迭代/第六轮成果/方案/p3/n2/case_097_multicore_res.json,2.0513881111160104,historical_ledger,repository
case_097,3,3,3651113,16058368,11491509,round6,A题研究/直接迭代/第六轮成果/方案/p3/n3/case_097_multicore_res.json,3.147398889051092,historical_ledger,repository
case_097,3,4,2624356,14254080,11491509,round6,A题研究/直接迭代/第六轮成果/方案/p3/n4/case_097_multicore_res.json,4.37879197791763,historical_ledger,repository
case_097,3,5,2101714,21319680,11491509,round6,A题研究/直接迭代/第六轮成果/方案/p3/n5/case_097_multicore_res.json,5.467684470865208,historical_ledger,repository
case_098,1,1,177600,0,177430,round6,A题研究/直接迭代/第六轮成果/方案/p1/n1/case_098_multicore_res.json,0.9990427927927928,historical_ledger,repository
case_098,1,2,89756,0,177430,round6,A题研究/直接迭代/第六轮成果/方案/p1/n2/case_098_multicore_res.json,1.9768037791345425,historical_ledger,repository
case_098,1,3,89756,0,177430,round6,A题研究/直接迭代/第六轮成果/方案/p1/n3/case_098_multicore_res.json,1.9768037791345425,historical_ledger,repository
case_098,1,4,89756,0,177430,round6,A题研究/直接迭代/第六轮成果/方案/p1/n4/case_098_multicore_res.json,1.9768037791345425,historical_ledger,repository
case_098,1,5,82199,1028624,177430,unified_v2_best_known_replayed,新增精选方案/p1/n5/case_098_multicore_res.json,2.1585420747211037,independent_official_replay,delivery
case_098,2,1,177430,0,177430,round6,A题研究/直接迭代/第六轮成果/方案/p2/n1/case_098_multicore_res.json,1.0,historical_ledger,repository
case_098,2,2,89620,0,177430,round6,A题研究/直接迭代/第六轮成果/方案/p2/n2/case_098_multicore_res.json,1.9798036152644498,historical_ledger,repository
case_098,2,3,63811,1054616,177430,round6,A题研究/直接迭代/第六轮成果/方案/p2/n3/case_098_multicore_res.json,2.780555076710912,historical_ledger,repository
case_098,2,4,63811,1054616,177430,round6,A题研究/直接迭代/第六轮成果/方案/p2/n4/case_098_multicore_res.json,2.780555076710912,historical_ledger,repository
case_098,2,5,45597,858868,177430,round6,A题研究/直接迭代/第六轮成果/方案/p2/n5/case_098_multicore_res.json,3.891264776191416,historical_ledger,repository
case_098,3,1,177430,0,177430,round6,A题研究/直接迭代/第六轮成果/方案/p3/n1/case_098_multicore_res.json,1.0,historical_ledger,repository
case_098,3,2,89620,0,177430,round6,A题研究/直接迭代/第六轮成果/方案/p3/n2/case_098_multicore_res.json,1.9798036152644498,historical_ledger,repository
case_098,3,3,62695,1054616,177430,round6,A题研究/直接迭代/第六轮成果/方案/p3/n3/case_098_multicore_res.json,2.8300502432410877,historical_ledger,repository
case_098,3,4,62695,1054616,177430,round6,A题研究/直接迭代/第六轮成果/方案/p3/n4/case_098_multicore_res.json,2.8300502432410877,historical_ledger,repository
case_098,3,5,44288,875252,177430,round6,A题研究/直接迭代/第六轮成果/方案/p3/n5/case_098_multicore_res.json,4.006277095375722,historical_ledger,repository
case_099,1,1,1611716,7073792,1622999,round6,A题研究/直接迭代/第六轮成果/方案/p1/n1/case_099_multicore_res.json,1.0070006130112252,historical_ledger,repository
case_099,1,2,807246,8232960,1622999,round6,A题研究/直接迭代/第六轮成果/方案/p1/n2/case_099_multicore_res.json,2.0105382993536045,historical_ledger,repository
case_099,1,3,537682,9621504,1622999,round6,A题研究/直接迭代/第六轮成果/方案/p1/n3/case_099_multicore_res.json,3.018510941411466,historical_ledger,repository
case_099,1,4,405655,9764864,1622999,round6,A题研究/直接迭代/第六轮成果/方案/p1/n4/case_099_multicore_res.json,4.000934291454561,historical_ledger,repository
case_099,1,5,337075,10698752,1622999,round6,A题研究/直接迭代/第六轮成果/方案/p1/n5/case_099_multicore_res.json,4.814949195282949,historical_ledger,repository
case_099,2,1,1622999,5484544,1622999,round6,A题研究/直接迭代/第六轮成果/方案/p2/n1/case_099_multicore_res.json,1.0,historical_ledger,repository
case_099,2,2,809444,3375104,1622999,round6,A题研究/直接迭代/第六轮成果/方案/p2/n2/case_099_multicore_res.json,2.0050787948270665,historical_ledger,repository
case_099,2,3,539401,8294400,1622999,round6,A题研究/直接迭代/第六轮成果/方案/p2/n3/case_099_multicore_res.json,3.0088913442874596,historical_ledger,repository
case_099,2,4,405317,9764864,1622999,round6,A题研究/直接迭代/第六轮成果/方案/p2/n4/case_099_multicore_res.json,4.00427073130414,historical_ledger,repository
case_099,2,5,330651,6586368,1622999,round6,A题研究/直接迭代/第六轮成果/方案/p2/n5/case_099_multicore_res.json,4.908495664613142,historical_ledger,repository
case_099,3,1,1618902,5484544,1622999,round6,A题研究/直接迭代/第六轮成果/方案/p3/n1/case_099_multicore_res.json,1.002530727616619,historical_ledger,repository
case_099,3,2,806972,7319552,1622999,round6,A题研究/直接迭代/第六轮成果/方案/p3/n2/case_099_multicore_res.json,2.0112209593393575,historical_ledger,repository
case_099,3,3,538579,8294400,1622999,round6,A题研究/直接迭代/第六轮成果/方案/p3/n3/case_099_multicore_res.json,3.0134836300709833,historical_ledger,repository
case_099,3,4,403402,9764864,1622999,round6,A题研究/直接迭代/第六轮成果/方案/p3/n4/case_099_multicore_res.json,4.0232795077862775,historical_ledger,repository
case_099,3,5,325469,8830976,1622999,round6,A题研究/直接迭代/第六轮成果/方案/p3/n5/case_099_multicore_res.json,4.986646961769017,historical_ledger,repository
case_100,1,1,151461,0,151223,round6,A题研究/直接迭代/第六轮成果/方案/p1/n1/case_100_multicore_res.json,0.9984286383953626,historical_ledger,repository
case_100,1,2,82475,534528,151223,round6,A题研究/直接迭代/第六轮成果/方案/p1/n2/case_100_multicore_res.json,1.8335616853591998,historical_ledger,repository
case_100,1,3,57811,72192,151223,round6,A题研究/直接迭代/第六轮成果/方案/p1/n3/case_100_multicore_res.json,2.6158170590372074,historical_ledger,repository
case_100,1,4,57811,72192,151223,round6,A题研究/直接迭代/第六轮成果/方案/p1/n4/case_100_multicore_res.json,2.6158170590372074,historical_ledger,repository
case_100,1,5,57811,0,151223,previous_joint_delivery,A题研究/直接迭代/联合推进成果_20260925/方案/case_100_p1_n5.json,2.6158170590372074,historical_ledger,repository
case_100,2,1,151223,0,151223,round6,A题研究/直接迭代/第六轮成果/方案/p2/n1/case_100_multicore_res.json,1.0,historical_ledger,repository
case_100,2,2,80697,3197966,151223,round6,A题研究/直接迭代/第六轮成果/方案/p2/n2/case_100_multicore_res.json,1.873960618114676,historical_ledger,repository
case_100,2,3,57811,0,151223,round6,A题研究/直接迭代/第六轮成果/方案/p2/n3/case_100_multicore_res.json,2.6158170590372074,historical_ledger,repository
case_100,2,4,57811,0,151223,round6,A题研究/直接迭代/第六轮成果/方案/p2/n4/case_100_multicore_res.json,2.6158170590372074,historical_ledger,repository
case_100,2,5,57811,0,151223,round6,A题研究/直接迭代/第六轮成果/方案/p2/n5/case_100_multicore_res.json,2.6158170590372074,historical_ledger,repository
case_100,3,1,151223,0,151223,round6,A题研究/直接迭代/第六轮成果/方案/p3/n1/case_100_multicore_res.json,1.0,historical_ledger,repository
case_100,3,2,79693,3197966,151223,round6,A题研究/直接迭代/第六轮成果/方案/p3/n2/case_100_multicore_res.json,1.8975694226594557,historical_ledger,repository
case_100,3,3,57811,0,151223,round6,A题研究/直接迭代/第六轮成果/方案/p3/n3/case_100_multicore_res.json,2.6158170590372074,historical_ledger,repository
case_100,3,4,57811,0,151223,round6,A题研究/直接迭代/第六轮成果/方案/p3/n4/case_100_multicore_res.json,2.6158170590372074,historical_ledger,repository
case_100,3,5,57811,0,151223,round6,A题研究/直接迭代/第六轮成果/方案/p3/n5/case_100_multicore_res.json,2.6158170590372074,historical_ledger,repository
