case,problem,cores,makespan,added_copy,original_singlecore,speedup,source,source_commit,source_plan,plan,plan_sha256,verification
case_001,1,1,233110,0,233110,1.0,team13,8f3837f18546a015cb75ac992e870e51f48659c1,A题研究/直接迭代/第十三轮成果/方案/p1/n1/case_001_multicore_res.json,方案/p1/n1/case_001_multicore_res.json,69a32b4ced172ac1617997adb9c610ebb43b82c2d947dd6f301477c6f7360ef8,inherited_team13_success
case_001,1,2,116868,1152,233110,1.9946435294520313,team13,8f3837f18546a015cb75ac992e870e51f48659c1,A题研究/直接迭代/第十三轮成果/方案/p1/n2/case_001_multicore_res.json,方案/p1/n2/case_001_multicore_res.json,8ca4384582024a302822bbd6429af5d4c2e18ee7cdb3365c1ff586bfcb80c843,inherited_team13_success
case_001,1,3,78545,2304,233110,2.9678528232223567,team13,8f3837f18546a015cb75ac992e870e51f48659c1,A题研究/直接迭代/第十三轮成果/方案/p1/n3/case_001_multicore_res.json,方案/p1/n3/case_001_multicore_res.json,70dee0dc9f57175a555319bda57daaa5f5af5c97d198e3f5072993d5fe75e6d0,inherited_team13_success
case_001,1,4,58984,3456,233110,3.952088702020887,team13,8f3837f18546a015cb75ac992e870e51f48659c1,A题研究/直接迭代/第十三轮成果/方案/p1/n4/case_001_multicore_res.json,方案/p1/n4/case_001_multicore_res.json,2a677050dd5b46524f88e82bf343a8c05b6f68bab5c7ab944a62d3345871c45a,inherited_team13_success
case_001,1,5,47502,4608,233110,4.9073723211654245,team13,8f3837f18546a015cb75ac992e870e51f48659c1,A题研究/直接迭代/第十三轮成果/方案/p1/n5/case_001_multicore_res.json,方案/p1/n5/case_001_multicore_res.json,811c489eb7d6113f0afaa4b601c2327b28ff85d87c97f113bb17239be950b2e6,inherited_team13_success
case_001,2,1,233110,0,233110,1.0,team13,8f3837f18546a015cb75ac992e870e51f48659c1,A题研究/直接迭代/第十三轮成果/方案/p2/n1/case_001_multicore_res.json,方案/p2/n1/case_001_multicore_res.json,69a32b4ced172ac1617997adb9c610ebb43b82c2d947dd6f301477c6f7360ef8,inherited_team13_success
case_001,2,2,116868,1152,233110,1.9946435294520313,team13,8f3837f18546a015cb75ac992e870e51f48659c1,A题研究/直接迭代/第十三轮成果/方案/p2/n2/case_001_multicore_res.json,方案/p2/n2/case_001_multicore_res.json,8ca4384582024a302822bbd6429af5d4c2e18ee7cdb3365c1ff586bfcb80c843,inherited_team13_success
case_001,2,3,78545,2304,233110,2.9678528232223567,team13,8f3837f18546a015cb75ac992e870e51f48659c1,A题研究/直接迭代/第十三轮成果/方案/p2/n3/case_001_multicore_res.json,方案/p2/n3/case_001_multicore_res.json,70dee0dc9f57175a555319bda57daaa5f5af5c97d198e3f5072993d5fe75e6d0,inherited_team13_success
case_001,2,4,58984,3456,233110,3.952088702020887,team13,8f3837f18546a015cb75ac992e870e51f48659c1,A题研究/直接迭代/第十三轮成果/方案/p2/n4/case_001_multicore_res.json,方案/p2/n4/case_001_multicore_res.json,2a677050dd5b46524f88e82bf343a8c05b6f68bab5c7ab944a62d3345871c45a,inherited_team13_success
case_001,2,5,47502,4608,233110,4.9073723211654245,team13,8f3837f18546a015cb75ac992e870e51f48659c1,A题研究/直接迭代/第十三轮成果/方案/p2/n5/case_001_multicore_res.json,方案/p2/n5/case_001_multicore_res.json,811c489eb7d6113f0afaa4b601c2327b28ff85d87c97f113bb17239be950b2e6,inherited_team13_success
case_001,3,1,233110,0,233110,1.0,team13,8f3837f18546a015cb75ac992e870e51f48659c1,A题研究/直接迭代/第十三轮成果/方案/p3/n1/case_001_multicore_res.json,方案/p3/n1/case_001_multicore_res.json,69a32b4ced172ac1617997adb9c610ebb43b82c2d947dd6f301477c6f7360ef8,inherited_team13_success
case_001,3,2,116868,1152,233110,1.9946435294520313,team13,8f3837f18546a015cb75ac992e870e51f48659c1,A题研究/直接迭代/第十三轮成果/方案/p3/n2/case_001_multicore_res.json,方案/p3/n2/case_001_multicore_res.json,8ca4384582024a302822bbd6429af5d4c2e18ee7cdb3365c1ff586bfcb80c843,inherited_team13_success
case_001,3,3,78545,2304,233110,2.9678528232223567,team13,8f3837f18546a015cb75ac992e870e51f48659c1,A题研究/直接迭代/第十三轮成果/方案/p3/n3/case_001_multicore_res.json,方案/p3/n3/case_001_multicore_res.json,63b4e64ccdd5c61fb046355fba9a1efaba1f58e3a1648ee5a71eec7d1a89140c,inherited_team13_success
case_001,3,4,58984,3456,233110,3.952088702020887,team13,8f3837f18546a015cb75ac992e870e51f48659c1,A题研究/直接迭代/第十三轮成果/方案/p3/n4/case_001_multicore_res.json,方案/p3/n4/case_001_multicore_res.json,2a677050dd5b46524f88e82bf343a8c05b6f68bab5c7ab944a62d3345871c45a,inherited_team13_success
case_001,3,5,47502,4608,233110,4.9073723211654245,team13,8f3837f18546a015cb75ac992e870e51f48659c1,A题研究/直接迭代/第十三轮成果/方案/p3/n5/case_001_multicore_res.json,方案/p3/n5/case_001_multicore_res.json,811c489eb7d6113f0afaa4b601c2327b28ff85d87c97f113bb17239be950b2e6,inherited_team13_success
case_002,1,1,266518,390144,261945,0.9828416842389632,team13,8f3837f18546a015cb75ac992e870e51f48659c1,A题研究/直接迭代/第十三轮成果/方案/p1/n1/case_002_multicore_res.json,方案/p1/n1/case_002_multicore_res.json,adcf5bf46a40fbad8f701f478b7837a459a266d6f1c8c452f0f8a15e1a58050b,inherited_team13_success
case_002,1,2,136619,56832,261945,1.9173394623002658,team13,8f3837f18546a015cb75ac992e870e51f48659c1,A题研究/直接迭代/第十三轮成果/方案/p1/n2/case_002_multicore_res.json,方案/p1/n2/case_002_multicore_res.json,3e91047185fd9ae3ed313c81064c746a03b2ab0d53ec877e2015c29918ad68cb,inherited_team13_success
case_002,1,3,124560,565248,261945,2.102962427745665,team13,8f3837f18546a015cb75ac992e870e51f48659c1,A题研究/直接迭代/第十三轮成果/方案/p1/n3/case_002_multicore_res.json,方案/p1/n3/case_002_multicore_res.json,1cc6a1f69c93f6161603e4a59d70bd972e58a4ee8322a2b0f23f93565dbb1e47,inherited_team13_success
case_002,1,4,88895,1594368,261945,2.9466786658417234,team13,8f3837f18546a015cb75ac992e870e51f48659c1,A题研究/直接迭代/第十三轮成果/方案/p1/n4/case_002_multicore_res.json,方案/p1/n4/case_002_multicore_res.json,e5dfcbd83a0a6c88f81064d25b2fee569c9e23f9dc8d1e8cb2ad1ac5f6cc2d6d,inherited_team13_success
case_002,1,5,64296,2165760,261945,4.074048152295632,ours,238aafecf447488e1397467ddebe4d994477c899,A题研究/直接迭代/闭环验证_20260925/精选方案/case_002_p1_n5.json,方案/p1/n5/case_002_multicore_res.json,5b5b63dd7752e106d4258c3ff10da6b0944cba1bd9156d2eb9311280a58ade38,fresh_import_replay
case_002,2,1,261945,0,261945,1.0,team13,8f3837f18546a015cb75ac992e870e51f48659c1,A题研究/直接迭代/第十三轮成果/方案/p2/n1/case_002_multicore_res.json,方案/p2/n1/case_002_multicore_res.json,fa478d3a58941f61dee0a0543f1c4c7341d4a4b5c31214b30f8bcc94cb6d942b,inherited_team13_success
case_002,2,2,125561,3975168,261945,2.086197147203351,team13,8f3837f18546a015cb75ac992e870e51f48659c1,A题研究/直接迭代/第十三轮成果/方案/p2/n2/case_002_multicore_res.json,方案/p2/n2/case_002_multicore_res.json,30587bf44d5748c6a4ca5ba616b76be0d49c2019af78ea8fea4be16d12e6cee1,inherited_team13_success
case_002,2,3,82013,632832,261945,3.1939448623998636,team13,8f3837f18546a015cb75ac992e870e51f48659c1,A题研究/直接迭代/第十三轮成果/方案/p2/n3/case_002_multicore_res.json,方案/p2/n3/case_002_multicore_res.json,461eca12c666881060e3e2901bffcab4b8318a0840ed2c1f302ec7e1a7b61027,inherited_team13_success
case_002,2,4,63304,595968,261945,4.137890180715279,team13,8f3837f18546a015cb75ac992e870e51f48659c1,A题研究/直接迭代/第十三轮成果/方案/p2/n4/case_002_multicore_res.json,方案/p2/n4/case_002_multicore_res.json,43413ad1505a9b48ec3ecde14ef3fb54b1b5468b449f616a03351b6d1c4b455e,inherited_team13_success
case_002,2,5,51207,642048,261945,5.115413908254731,team13,8f3837f18546a015cb75ac992e870e51f48659c1,A题研究/直接迭代/第十三轮成果/方案/p2/n5/case_002_multicore_res.json,方案/p2/n5/case_002_multicore_res.json,5dcc44acd14d153494c2e1f85ae0a01722199c47aebc0f636ad84301c488dc77,inherited_team13_success
case_002,3,1,261945,0,261945,1.0,team13,8f3837f18546a015cb75ac992e870e51f48659c1,A题研究/直接迭代/第十三轮成果/方案/p3/n1/case_002_multicore_res.json,方案/p3/n1/case_002_multicore_res.json,fa478d3a58941f61dee0a0543f1c4c7341d4a4b5c31214b30f8bcc94cb6d942b,inherited_team13_success
case_002,3,2,125561,3975168,261945,2.086197147203351,team13,8f3837f18546a015cb75ac992e870e51f48659c1,A题研究/直接迭代/第十三轮成果/方案/p3/n2/case_002_multicore_res.json,方案/p3/n2/case_002_multicore_res.json,30587bf44d5748c6a4ca5ba616b76be0d49c2019af78ea8fea4be16d12e6cee1,inherited_team13_success
case_002,3,3,82013,632832,261945,3.1939448623998636,team13,8f3837f18546a015cb75ac992e870e51f48659c1,A题研究/直接迭代/第十三轮成果/方案/p3/n3/case_002_multicore_res.json,方案/p3/n3/case_002_multicore_res.json,461eca12c666881060e3e2901bffcab4b8318a0840ed2c1f302ec7e1a7b61027,inherited_team13_success
case_002,3,4,63304,595968,261945,4.137890180715279,team13,8f3837f18546a015cb75ac992e870e51f48659c1,A题研究/直接迭代/第十三轮成果/方案/p3/n4/case_002_multicore_res.json,方案/p3/n4/case_002_multicore_res.json,43413ad1505a9b48ec3ecde14ef3fb54b1b5468b449f616a03351b6d1c4b455e,inherited_team13_success
case_002,3,5,51207,642048,261945,5.115413908254731,team13,8f3837f18546a015cb75ac992e870e51f48659c1,A题研究/直接迭代/第十三轮成果/方案/p3/n5/case_002_multicore_res.json,方案/p3/n5/case_002_multicore_res.json,5dcc44acd14d153494c2e1f85ae0a01722199c47aebc0f636ad84301c488dc77,inherited_team13_success
case_003,1,1,592320,1314672,602212,1.0167004321988113,team13,8f3837f18546a015cb75ac992e870e51f48659c1,A题研究/直接迭代/第十三轮成果/方案/p1/n1/case_003_multicore_res.json,方案/p1/n1/case_003_multicore_res.json,a87707c21638408283946d442aad72a65b22933ede933c838c2364ce2e9a1001,inherited_team13_success
case_003,1,2,538381,98304,602212,1.1185610190552786,team13,8f3837f18546a015cb75ac992e870e51f48659c1,A题研究/直接迭代/第十三轮成果/方案/p1/n2/case_003_multicore_res.json,方案/p1/n2/case_003_multicore_res.json,58ed6b02a8fc242f4bfe1d397564d2d8060074b0b07c0d2593645a236e96bb8e,inherited_team13_success
case_003,1,3,538381,98304,602212,1.1185610190552786,team13,8f3837f18546a015cb75ac992e870e51f48659c1,A题研究/直接迭代/第十三轮成果/方案/p1/n3/case_003_multicore_res.json,方案/p1/n3/case_003_multicore_res.json,649ffd5849ccd848f09d47a2fb6723ab5f76ef057ac2e37dc581e4099259391b,inherited_team13_success
case_003,1,4,538381,98304,602212,1.1185610190552786,team13,8f3837f18546a015cb75ac992e870e51f48659c1,A题研究/直接迭代/第十三轮成果/方案/p1/n4/case_003_multicore_res.json,方案/p1/n4/case_003_multicore_res.json,2f1dbf2e0fdcda699b79507e388eb05e80b4d19320e2ec9598db2721e1691ba0,inherited_team13_success
case_003,1,5,232913,8482342,602212,2.585566284406624,team13,8f3837f18546a015cb75ac992e870e51f48659c1,A题研究/直接迭代/第十三轮成果/方案/p1/n5/case_003_multicore_res.json,方案/p1/n5/case_003_multicore_res.json,0a883cb005822698ea2eb60da532c9a719e4f568ea422ecf43b5d8e852a48b59,inherited_team13_success
case_003,2,1,602212,0,602212,1.0,team13,8f3837f18546a015cb75ac992e870e51f48659c1,A题研究/直接迭代/第十三轮成果/方案/p2/n1/case_003_multicore_res.json,方案/p2/n1/case_003_multicore_res.json,9ec5a094b04cc1376f44b29ce0935c7e2d3e94a340ab0a842624357425620101,inherited_team13_success
case_003,2,2,321883,6032838,602212,1.8709034027892122,team13,8f3837f18546a015cb75ac992e870e51f48659c1,A题研究/直接迭代/第十三轮成果/方案/p2/n2/case_003_multicore_res.json,方案/p2/n2/case_003_multicore_res.json,6602d5b7529aa4945bc3880f53b55fe8a71fbc6a4637f7a9e3770cf546af4de1,inherited_team13_success
case_003,2,3,201189,3430748,602212,2.993265039341117,team13,8f3837f18546a015cb75ac992e870e51f48659c1,A题研究/直接迭代/第十三轮成果/方案/p2/n3/case_003_multicore_res.json,方案/p2/n3/case_003_multicore_res.json,9f7adc7f47f2edf55250a93b4437e96eb636ebee7425f79128a05bca96adb34a,inherited_team13_success
case_003,2,4,173817,4750638,602212,3.4646323432115387,team13,8f3837f18546a015cb75ac992e870e51f48659c1,A题研究/直接迭代/第十三轮成果/方案/p2/n4/case_003_multicore_res.json,方案/p2/n4/case_003_multicore_res.json,f6771873c2e0fe70f8fc0641089dd566814e0e9bcf35ae75d95a87623344a17f,inherited_team13_success
case_003,2,5,157029,5783280,602212,3.8350368403288564,team13,8f3837f18546a015cb75ac992e870e51f48659c1,A题研究/直接迭代/第十三轮成果/方案/p2/n5/case_003_multicore_res.json,方案/p2/n5/case_003_multicore_res.json,8dedb7f64dcabf683f0f0c027c5eab2a4009328322db4e5b9166763801c3de00,inherited_team13_success
case_003,3,1,602212,0,602212,1.0,team13,8f3837f18546a015cb75ac992e870e51f48659c1,A题研究/直接迭代/第十三轮成果/方案/p3/n1/case_003_multicore_res.json,方案/p3/n1/case_003_multicore_res.json,9ec5a094b04cc1376f44b29ce0935c7e2d3e94a340ab0a842624357425620101,inherited_team13_success
case_003,3,2,321549,6032838,602212,1.8728467511949967,team13,8f3837f18546a015cb75ac992e870e51f48659c1,A题研究/直接迭代/第十三轮成果/方案/p3/n2/case_003_multicore_res.json,方案/p3/n2/case_003_multicore_res.json,6602d5b7529aa4945bc3880f53b55fe8a71fbc6a4637f7a9e3770cf546af4de1,inherited_team13_success
case_003,3,3,200944,3430748,602212,2.9969145632614063,team13,8f3837f18546a015cb75ac992e870e51f48659c1,A题研究/直接迭代/第十三轮成果/方案/p3/n3/case_003_multicore_res.json,方案/p3/n3/case_003_multicore_res.json,9f7adc7f47f2edf55250a93b4437e96eb636ebee7425f79128a05bca96adb34a,inherited_team13_success
case_003,3,4,168221,4750638,602212,3.5798859833195618,team13,8f3837f18546a015cb75ac992e870e51f48659c1,A题研究/直接迭代/第十三轮成果/方案/p3/n4/case_003_multicore_res.json,方案/p3/n4/case_003_multicore_res.json,d2dd20d68d0aedb54a64fcefb4de233f7397c842a0135016bbc2a7707b8d995c,inherited_team13_success
case_003,3,5,145137,5783280,602212,4.149265866043807,team13,8f3837f18546a015cb75ac992e870e51f48659c1,A题研究/直接迭代/第十三轮成果/方案/p3/n5/case_003_multicore_res.json,方案/p3/n5/case_003_multicore_res.json,dee7955c586e823f32b38ed0ff586b1391c6f9d1d8e7c644c87c27b3a0243472,inherited_team13_success
case_004,1,1,392357,0,392357,1.0,team13,8f3837f18546a015cb75ac992e870e51f48659c1,A题研究/直接迭代/第十三轮成果/方案/p1/n1/case_004_multicore_res.json,方案/p1/n1/case_004_multicore_res.json,a745a4cbd7a4cc8d9221066a1589f28214e0cfe323993e6619c7cde15685cf96,inherited_team13_success
case_004,1,2,199074,110592,392357,1.9709103147573264,team13,8f3837f18546a015cb75ac992e870e51f48659c1,A题研究/直接迭代/第十三轮成果/方案/p1/n2/case_004_multicore_res.json,方案/p1/n2/case_004_multicore_res.json,521691b61322b8e7954648716f5cdc5acbeb4f7c2ab36fecbb8588d2b83344d8,inherited_team13_success
case_004,1,3,134043,221184,392357,2.927098020784375,team13,8f3837f18546a015cb75ac992e870e51f48659c1,A题研究/直接迭代/第十三轮成果/方案/p1/n3/case_004_multicore_res.json,方案/p1/n3/case_004_multicore_res.json,2992acbc1a778c3159b96838f59c932930bfad488116b6a85f23f880c09d38ae,inherited_team13_success
case_004,1,4,104188,331776,392357,3.765855952700887,team13,8f3837f18546a015cb75ac992e870e51f48659c1,A题研究/直接迭代/第十三轮成果/方案/p1/n4/case_004_multicore_res.json,方案/p1/n4/case_004_multicore_res.json,03f815687cded711e146ade79446aa7fd533749b480dbdabcd5d3e77d0e1668f,inherited_team13_success
case_004,1,5,88341,442368,392357,4.441391879195391,team13,8f3837f18546a015cb75ac992e870e51f48659c1,A题研究/直接迭代/第十三轮成果/方案/p1/n5/case_004_multicore_res.json,方案/p1/n5/case_004_multicore_res.json,40ea1048576c145589a488c1877599594d92acd498a8c36be4f7e5a4863ae4c2,inherited_team13_success
case_004,2,1,392357,0,392357,1.0,team13,8f3837f18546a015cb75ac992e870e51f48659c1,A题研究/直接迭代/第十三轮成果/方案/p2/n1/case_004_multicore_res.json,方案/p2/n1/case_004_multicore_res.json,a745a4cbd7a4cc8d9221066a1589f28214e0cfe323993e6619c7cde15685cf96,inherited_team13_success
case_004,2,2,197916,125952,392357,1.9824420461205765,team13,8f3837f18546a015cb75ac992e870e51f48659c1,A题研究/直接迭代/第十三轮成果/方案/p2/n2/case_004_multicore_res.json,方案/p2/n2/case_004_multicore_res.json,aa753a6a28c312bd3e1c0bbb19c957bf7c1b1e45f885feb55eb6cd8fc473a2b0,inherited_team13_success
case_004,2,3,130725,1474560,392357,3.001392235609103,team13,8f3837f18546a015cb75ac992e870e51f48659c1,A题研究/直接迭代/第十三轮成果/方案/p2/n3/case_004_multicore_res.json,方案/p2/n3/case_004_multicore_res.json,a1c61ef95463a18cdbed73ae7f6cd60206ee9bc25375f63019314465bec81c3d,inherited_team13_success
case_004,2,4,100636,1474560,392357,3.8987737986406454,team13,8f3837f18546a015cb75ac992e870e51f48659c1,A题研究/直接迭代/第十三轮成果/方案/p2/n4/case_004_multicore_res.json,方案/p2/n4/case_004_multicore_res.json,bdb1e514685c78b8d71d13f1e7731289b3ddc9db512bccc73e6cc396859bcd14,inherited_team13_success
case_004,2,5,81107,2863104,392357,4.837523271727471,team13,8f3837f18546a015cb75ac992e870e51f48659c1,A题研究/直接迭代/第十三轮成果/方案/p2/n5/case_004_multicore_res.json,方案/p2/n5/case_004_multicore_res.json,e2ccb5991d5b4d63de25f7fbc76d141a5b0a683a58fb8ce89bb056c7c7af4811,inherited_team13_success
case_004,3,1,392357,0,392357,1.0,team13,8f3837f18546a015cb75ac992e870e51f48659c1,A题研究/直接迭代/第十三轮成果/方案/p3/n1/case_004_multicore_res.json,方案/p3/n1/case_004_multicore_res.json,a745a4cbd7a4cc8d9221066a1589f28214e0cfe323993e6619c7cde15685cf96,inherited_team13_success
case_004,3,2,197916,125952,392357,1.9824420461205765,team13,8f3837f18546a015cb75ac992e870e51f48659c1,A题研究/直接迭代/第十三轮成果/方案/p3/n2/case_004_multicore_res.json,方案/p3/n2/case_004_multicore_res.json,aa753a6a28c312bd3e1c0bbb19c957bf7c1b1e45f885feb55eb6cd8fc473a2b0,inherited_team13_success
case_004,3,3,130725,1474560,392357,3.001392235609103,team13,8f3837f18546a015cb75ac992e870e51f48659c1,A题研究/直接迭代/第十三轮成果/方案/p3/n3/case_004_multicore_res.json,方案/p3/n3/case_004_multicore_res.json,a1c61ef95463a18cdbed73ae7f6cd60206ee9bc25375f63019314465bec81c3d,inherited_team13_success
case_004,3,4,100126,1474560,392357,3.9186325230209937,team13,8f3837f18546a015cb75ac992e870e51f48659c1,A题研究/直接迭代/第十三轮成果/方案/p3/n4/case_004_multicore_res.json,方案/p3/n4/case_004_multicore_res.json,bdb1e514685c78b8d71d13f1e7731289b3ddc9db512bccc73e6cc396859bcd14,inherited_team13_success
case_004,3,5,81107,2863104,392357,4.837523271727471,team13,8f3837f18546a015cb75ac992e870e51f48659c1,A题研究/直接迭代/第十三轮成果/方案/p3/n5/case_004_multicore_res.json,方案/p3/n5/case_004_multicore_res.json,e2ccb5991d5b4d63de25f7fbc76d141a5b0a683a58fb8ce89bb056c7c7af4811,inherited_team13_success
case_005,1,1,95537,319314,95618,1.0008478390571192,team13,8f3837f18546a015cb75ac992e870e51f48659c1,A题研究/直接迭代/第十三轮成果/方案/p1/n1/case_005_multicore_res.json,方案/p1/n1/case_005_multicore_res.json,1f42ca31e81de6f3a70f549a22c3fc1446cae9dbc208b81bffdf58aca7c74940,inherited_team13_success
case_005,1,2,95439,99558,95618,1.0018755435409004,team13,8f3837f18546a015cb75ac992e870e51f48659c1,A题研究/直接迭代/第十三轮成果/方案/p1/n2/case_005_multicore_res.json,方案/p1/n2/case_005_multicore_res.json,f35225f7f30c2abbe2f4c994079e44b5061a1f750be1e8994375c5e9fd0c5745,inherited_team13_success
case_005,1,3,95439,99558,95618,1.0018755435409004,team13,8f3837f18546a015cb75ac992e870e51f48659c1,A题研究/直接迭代/第十三轮成果/方案/p1/n3/case_005_multicore_res.json,方案/p1/n3/case_005_multicore_res.json,2765158610ee6cf834702034e8ec4adad3980394b75c9e30bc26e32010fe3f01,inherited_team13_success
case_005,1,4,70732,1362706,95618,1.3518350958547758,team13,8f3837f18546a015cb75ac992e870e51f48659c1,A题研究/直接迭代/第十三轮成果/方案/p1/n4/case_005_multicore_res.json,方案/p1/n4/case_005_multicore_res.json,13e19b1793a1ea9e00617433385cc25cb761a8e1fe79555248cce05c0f91f31d,inherited_team13_success
case_005,1,5,51854,2089762,95618,1.8439850349056968,team13,8f3837f18546a015cb75ac992e870e51f48659c1,A题研究/直接迭代/第十三轮成果/方案/p1/n5/case_005_multicore_res.json,方案/p1/n5/case_005_multicore_res.json,e7b9027b64a7e14aff549ccd8b05407b2fdb4ce93accf436803f1e4a0d765ec5,inherited_team13_success
case_005,2,1,95618,0,95618,1.0,team13,8f3837f18546a015cb75ac992e870e51f48659c1,A题研究/直接迭代/第十三轮成果/方案/p2/n1/case_005_multicore_res.json,方案/p2/n1/case_005_multicore_res.json,c58e9f4af982f7364555d44fd5b8647da1839b2854e860deec72940f275b9b16,inherited_team13_success
case_005,2,2,51025,690726,95618,1.8739441450269476,team13,8f3837f18546a015cb75ac992e870e51f48659c1,A题研究/直接迭代/第十三轮成果/方案/p2/n2/case_005_multicore_res.json,方案/p2/n2/case_005_multicore_res.json,02999ca4948be78dae5f16643d4c3e954616173274535065646f39e8af8fd6ab,inherited_team13_success
case_005,2,3,39002,1152972,95618,2.451617865750474,team13,8f3837f18546a015cb75ac992e870e51f48659c1,A题研究/直接迭代/第十三轮成果/方案/p2/n3/case_005_multicore_res.json,方案/p2/n3/case_005_multicore_res.json,955c1acc508405c9a8e38d28a2119a591c2c18f9bff446d56eb760f7942e4695,inherited_team13_success
case_005,2,4,37038,1555314,95618,2.5816188779091744,team13,8f3837f18546a015cb75ac992e870e51f48659c1,A题研究/直接迭代/第十三轮成果/方案/p2/n4/case_005_multicore_res.json,方案/p2/n4/case_005_multicore_res.json,78326be442c96c9e46b2954930c8a701601270825eac52d6b94b18bc8af54aad,inherited_team13_success
case_005,2,5,36856,1546098,95618,2.5943672672020837,team13,8f3837f18546a015cb75ac992e870e51f48659c1,A题研究/直接迭代/第十三轮成果/方案/p2/n5/case_005_multicore_res.json,方案/p2/n5/case_005_multicore_res.json,1579c22a6411b45191ca743b78cbdb798070b6b6f57029e3825e9d99f2157cdf,inherited_team13_success
case_005,3,1,95618,0,95618,1.0,team13,8f3837f18546a015cb75ac992e870e51f48659c1,A题研究/直接迭代/第十三轮成果/方案/p3/n1/case_005_multicore_res.json,方案/p3/n1/case_005_multicore_res.json,c58e9f4af982f7364555d44fd5b8647da1839b2854e860deec72940f275b9b16,inherited_team13_success
case_005,3,2,50990,690726,95618,1.875230437340655,team13,8f3837f18546a015cb75ac992e870e51f48659c1,A题研究/直接迭代/第十三轮成果/方案/p3/n2/case_005_multicore_res.json,方案/p3/n2/case_005_multicore_res.json,02999ca4948be78dae5f16643d4c3e954616173274535065646f39e8af8fd6ab,inherited_team13_success
case_005,3,3,37103,1152972,95618,2.5770961916826134,team13,8f3837f18546a015cb75ac992e870e51f48659c1,A题研究/直接迭代/第十三轮成果/方案/p3/n3/case_005_multicore_res.json,方案/p3/n3/case_005_multicore_res.json,955c1acc508405c9a8e38d28a2119a591c2c18f9bff446d56eb760f7942e4695,inherited_team13_success
case_005,3,4,34188,1555314,95618,2.796829296829297,team13,8f3837f18546a015cb75ac992e870e51f48659c1,A题研究/直接迭代/第十三轮成果/方案/p3/n4/case_005_multicore_res.json,方案/p3/n4/case_005_multicore_res.json,78326be442c96c9e46b2954930c8a701601270825eac52d6b94b18bc8af54aad,inherited_team13_success
case_005,3,5,33821,1546098,95618,2.8271783802962656,team13,8f3837f18546a015cb75ac992e870e51f48659c1,A题研究/直接迭代/第十三轮成果/方案/p3/n5/case_005_multicore_res.json,方案/p3/n5/case_005_multicore_res.json,1579c22a6411b45191ca743b78cbdb798070b6b6f57029e3825e9d99f2157cdf,inherited_team13_success
case_006,1,1,82837,16400,82837,1.0,team13,8f3837f18546a015cb75ac992e870e51f48659c1,A题研究/直接迭代/第十三轮成果/方案/p1/n1/case_006_multicore_res.json,方案/p1/n1/case_006_multicore_res.json,9e8e15e2b8688a4befddeab7d7569fc13bc9213b272d7c6f5d44228111809b03,inherited_team13_success
case_006,1,2,45580,91264,82837,1.8173979815708645,team13,8f3837f18546a015cb75ac992e870e51f48659c1,A题研究/直接迭代/第十三轮成果/方案/p1/n2/case_006_multicore_res.json,方案/p1/n2/case_006_multicore_res.json,45f08dfd76b1e726ebdb9c7338df5d73c0dfed542737e1d4948665a127c5605a,inherited_team13_success
case_006,1,3,31151,13824,82837,2.6592083721228854,team13,8f3837f18546a015cb75ac992e870e51f48659c1,A题研究/直接迭代/第十三轮成果/方案/p1/n3/case_006_multicore_res.json,方案/p1/n3/case_006_multicore_res.json,971f7018f278637f80151bfe87cb156916104889556acf7b549bed818b5d3e1b,inherited_team13_success
case_006,1,4,31151,13824,82837,2.6592083721228854,team13,8f3837f18546a015cb75ac992e870e51f48659c1,A题研究/直接迭代/第十三轮成果/方案/p1/n4/case_006_multicore_res.json,方案/p1/n4/case_006_multicore_res.json,19beb12c6e9f88a06bed5f45b348ead6c0ef6bbda8cb745b659c6221f8794c64,inherited_team13_success
case_006,1,5,25366,491636,82837,3.265670582669715,joint_panel_strong,2362dd73dd4be460e35ce9302e0521f0934e5de6,/home/konglingrui/.mathmodel/questionA/统一算法迭代/A题研究/直接迭代/联合整合_20260926/同预算对照/slots/development/case_006/p1_n5/strong/summary.json,方案/p1/n5/case_006_multicore_res.json,36683a945f1fa9dec188fb4bef160d40bd5cdc6479aff2cee59102d216008870,fresh_panel_winner_replay
case_006,2,1,82837,16400,82837,1.0,team13,8f3837f18546a015cb75ac992e870e51f48659c1,A题研究/直接迭代/第十三轮成果/方案/p2/n1/case_006_multicore_res.json,方案/p2/n1/case_006_multicore_res.json,93cdd42fd35cbbbd8f44b3a52bd70f65e4b0a6ebf8220cafdbfbaf3f1a9b39c3,inherited_team13_success
case_006,2,2,39362,3456,82837,2.1044916416848736,team13,8f3837f18546a015cb75ac992e870e51f48659c1,A题研究/直接迭代/第十三轮成果/方案/p2/n2/case_006_multicore_res.json,方案/p2/n2/case_006_multicore_res.json,eaf094102397b6ba32e11937e4e7b18310efb368af83592ddfc0510e167a4571,inherited_team13_success
case_006,2,3,31151,0,82837,2.6592083721228854,team13,8f3837f18546a015cb75ac992e870e51f48659c1,A题研究/直接迭代/第十三轮成果/方案/p2/n3/case_006_multicore_res.json,方案/p2/n3/case_006_multicore_res.json,971f7018f278637f80151bfe87cb156916104889556acf7b549bed818b5d3e1b,inherited_team13_success
case_006,2,4,31151,0,82837,2.6592083721228854,team13,8f3837f18546a015cb75ac992e870e51f48659c1,A题研究/直接迭代/第十三轮成果/方案/p2/n4/case_006_multicore_res.json,方案/p2/n4/case_006_multicore_res.json,19beb12c6e9f88a06bed5f45b348ead6c0ef6bbda8cb745b659c6221f8794c64,inherited_team13_success
case_006,2,5,20866,355106,82837,3.9699511166490944,ours,238aafecf447488e1397467ddebe4d994477c899,新增精选方案/p2/n5/case_006_multicore_res.json,方案/p2/n5/case_006_multicore_res.json,31fc073601d497dca1cf3a6f8dbc2a1d488bfc64d24587b0d3e9b50cf4850920,fresh_import_replay
case_006,3,1,82837,16400,82837,1.0,team13,8f3837f18546a015cb75ac992e870e51f48659c1,A题研究/直接迭代/第十三轮成果/方案/p3/n1/case_006_multicore_res.json,方案/p3/n1/case_006_multicore_res.json,93cdd42fd35cbbbd8f44b3a52bd70f65e4b0a6ebf8220cafdbfbaf3f1a9b39c3,inherited_team13_success
case_006,3,2,39362,3456,82837,2.1044916416848736,team13,8f3837f18546a015cb75ac992e870e51f48659c1,A题研究/直接迭代/第十三轮成果/方案/p3/n2/case_006_multicore_res.json,方案/p3/n2/case_006_multicore_res.json,eaf094102397b6ba32e11937e4e7b18310efb368af83592ddfc0510e167a4571,inherited_team13_success
case_006,3,3,31151,0,82837,2.6592083721228854,team13,8f3837f18546a015cb75ac992e870e51f48659c1,A题研究/直接迭代/第十三轮成果/方案/p3/n3/case_006_multicore_res.json,方案/p3/n3/case_006_multicore_res.json,ef94c669583fc205b3eb0dbc71ebeb0c17c8e096676f99c1103450ce3db47177,inherited_team13_success
case_006,3,4,31151,0,82837,2.6592083721228854,team13,8f3837f18546a015cb75ac992e870e51f48659c1,A题研究/直接迭代/第十三轮成果/方案/p3/n4/case_006_multicore_res.json,方案/p3/n4/case_006_multicore_res.json,ce472092e35e6b0c2735b58cbf8f63767e504ae3756d9dc28fd72fafab16231e,inherited_team13_success
case_006,3,5,20505,355106,82837,4.039843940502316,ours,238aafecf447488e1397467ddebe4d994477c899,新增精选方案/p3/n5/case_006_multicore_res.json,方案/p3/n5/case_006_multicore_res.json,31fc073601d497dca1cf3a6f8dbc2a1d488bfc64d24587b0d3e9b50cf4850920,fresh_import_replay
case_007,1,1,1013588,82944,1012562,0.9989877543933038,team13,8f3837f18546a015cb75ac992e870e51f48659c1,A题研究/直接迭代/第十三轮成果/方案/p1/n1/case_007_multicore_res.json,方案/p1/n1/case_007_multicore_res.json,d2753f1c91635a3cd9e9231c2107661a479817567a5a08be0d452be6594a10a3,inherited_team13_success
case_007,1,2,507494,27648,1012562,1.9952196479170197,team13,8f3837f18546a015cb75ac992e870e51f48659c1,A题研究/直接迭代/第十三轮成果/方案/p1/n2/case_007_multicore_res.json,方案/p1/n2/case_007_multicore_res.json,c94675ddbe9875dc23d4a745e02a9f0bcefe5e64fb02532f1f5040b1f3f858da,inherited_team13_success
case_007,1,3,338094,55296,1012562,2.994912657426633,team13,8f3837f18546a015cb75ac992e870e51f48659c1,A题研究/直接迭代/第十三轮成果/方案/p1/n3/case_007_multicore_res.json,方案/p1/n3/case_007_multicore_res.json,afc961d84d708a550299d4be47c30961b959544e0b80ff4201d2c0740f59ef07,inherited_team13_success
case_007,1,4,254398,82944,1012562,3.980227831979811,team13,8f3837f18546a015cb75ac992e870e51f48659c1,A题研究/直接迭代/第十三轮成果/方案/p1/n4/case_007_multicore_res.json,方案/p1/n4/case_007_multicore_res.json,c957c29dcb25c0c34554b820cd24e34c8d168242eb4587c4a0a4e9567d517daa,inherited_team13_success
case_007,1,5,203834,110592,1012562,4.967581463347626,team13,8f3837f18546a015cb75ac992e870e51f48659c1,A题研究/直接迭代/第十三轮成果/方案/p1/n5/case_007_multicore_res.json,方案/p1/n5/case_007_multicore_res.json,c0350b440db5fbbbef6ad20650b2837bb022ac03a73228a0fb830940e7089aad,inherited_team13_success
case_007,2,1,1012562,0,1012562,1.0,team13,8f3837f18546a015cb75ac992e870e51f48659c1,A题研究/直接迭代/第十三轮成果/方案/p2/n1/case_007_multicore_res.json,方案/p2/n1/case_007_multicore_res.json,bc458459dd41c6b6e6370e7c8c1c0df6b6f98b8f0cb79bdf7eff5ca192493171,inherited_team13_success
case_007,2,2,506906,35328,1012562,1.9975340595692297,team13,8f3837f18546a015cb75ac992e870e51f48659c1,A题研究/直接迭代/第十三轮成果/方案/p2/n2/case_007_multicore_res.json,方案/p2/n2/case_007_multicore_res.json,7b158d4067f1f72b2cb4c478e849d641326e097e67c2c0cd283bafd7a6416d36,inherited_team13_success
case_007,2,3,338094,55296,1012562,2.994912657426633,team13,8f3837f18546a015cb75ac992e870e51f48659c1,A题研究/直接迭代/第十三轮成果/方案/p2/n3/case_007_multicore_res.json,方案/p2/n3/case_007_multicore_res.json,afc961d84d708a550299d4be47c30961b959544e0b80ff4201d2c0740f59ef07,inherited_team13_success
case_007,2,4,254398,82944,1012562,3.980227831979811,team13,8f3837f18546a015cb75ac992e870e51f48659c1,A题研究/直接迭代/第十三轮成果/方案/p2/n4/case_007_multicore_res.json,方案/p2/n4/case_007_multicore_res.json,c957c29dcb25c0c34554b820cd24e34c8d168242eb4587c4a0a4e9567d517daa,inherited_team13_success
case_007,2,5,196870,110592,1012562,5.14330268705237,team13,8f3837f18546a015cb75ac992e870e51f48659c1,A题研究/直接迭代/第十三轮成果/方案/p2/n5/case_007_multicore_res.json,方案/p2/n5/case_007_multicore_res.json,71b49abfdc7708499bc2d60707658ae852ac0c6c86e6b92e741953d214f002c5,inherited_team13_success
case_007,3,1,1012562,0,1012562,1.0,team13,8f3837f18546a015cb75ac992e870e51f48659c1,A题研究/直接迭代/第十三轮成果/方案/p3/n1/case_007_multicore_res.json,方案/p3/n1/case_007_multicore_res.json,bc458459dd41c6b6e6370e7c8c1c0df6b6f98b8f0cb79bdf7eff5ca192493171,inherited_team13_success
case_007,3,2,506906,35328,1012562,1.9975340595692297,team13,8f3837f18546a015cb75ac992e870e51f48659c1,A题研究/直接迭代/第十三轮成果/方案/p3/n2/case_007_multicore_res.json,方案/p3/n2/case_007_multicore_res.json,7b158d4067f1f72b2cb4c478e849d641326e097e67c2c0cd283bafd7a6416d36,inherited_team13_success
case_007,3,3,338094,55296,1012562,2.994912657426633,team13,8f3837f18546a015cb75ac992e870e51f48659c1,A题研究/直接迭代/第十三轮成果/方案/p3/n3/case_007_multicore_res.json,方案/p3/n3/case_007_multicore_res.json,afc961d84d708a550299d4be47c30961b959544e0b80ff4201d2c0740f59ef07,inherited_team13_success
case_007,3,4,254398,82944,1012562,3.980227831979811,team13,8f3837f18546a015cb75ac992e870e51f48659c1,A题研究/直接迭代/第十三轮成果/方案/p3/n4/case_007_multicore_res.json,方案/p3/n4/case_007_multicore_res.json,c957c29dcb25c0c34554b820cd24e34c8d168242eb4587c4a0a4e9567d517daa,inherited_team13_success
case_007,3,5,196870,110592,1012562,5.14330268705237,team13,8f3837f18546a015cb75ac992e870e51f48659c1,A题研究/直接迭代/第十三轮成果/方案/p3/n5/case_007_multicore_res.json,方案/p3/n5/case_007_multicore_res.json,71b49abfdc7708499bc2d60707658ae852ac0c6c86e6b92e741953d214f002c5,inherited_team13_success
case_008,1,1,487605,0,487605,1.0,team13,8f3837f18546a015cb75ac992e870e51f48659c1,A题研究/直接迭代/第十三轮成果/方案/p1/n1/case_008_multicore_res.json,方案/p1/n1/case_008_multicore_res.json,123fcfa55bff4ba0cc05ea380b1cc1253a3a5a251365416c36327aaf889d5554,inherited_team13_success
case_008,1,2,244266,0,487605,1.9962049568912579,team13,8f3837f18546a015cb75ac992e870e51f48659c1,A题研究/直接迭代/第十三轮成果/方案/p1/n2/case_008_multicore_res.json,方案/p1/n2/case_008_multicore_res.json,db1162a28863d85c13fa461287437f5a294d3673487c97e61e8a4ceeaa3a16e7,inherited_team13_success
case_008,1,3,163359,0,487605,2.984867684057811,team13,8f3837f18546a015cb75ac992e870e51f48659c1,A题研究/直接迭代/第十三轮成果/方案/p1/n3/case_008_multicore_res.json,方案/p1/n3/case_008_multicore_res.json,a1621a802cf4839381c343c211cf1784e5907da0072a1056e14ca37595218c57,inherited_team13_success
case_008,1,4,123060,0,487605,3.962335446123842,team13,8f3837f18546a015cb75ac992e870e51f48659c1,A题研究/直接迭代/第十三轮成果/方案/p1/n4/case_008_multicore_res.json,方案/p1/n4/case_008_multicore_res.json,dbd45e89c54da39ff32f3040f85e491f73fe7236c5b625d507caa53b15751d29,inherited_team13_success
case_008,1,5,100603,0,487605,4.846823653370178,team13,8f3837f18546a015cb75ac992e870e51f48659c1,A题研究/直接迭代/第十三轮成果/方案/p1/n5/case_008_multicore_res.json,方案/p1/n5/case_008_multicore_res.json,d6f5514f60d11b36afff6cc20011fa3af1efb0e315725675360cd3574d93abf1,inherited_team13_success
case_008,2,1,487605,0,487605,1.0,team13,8f3837f18546a015cb75ac992e870e51f48659c1,A题研究/直接迭代/第十三轮成果/方案/p2/n1/case_008_multicore_res.json,方案/p2/n1/case_008_multicore_res.json,123fcfa55bff4ba0cc05ea380b1cc1253a3a5a251365416c36327aaf889d5554,inherited_team13_success
case_008,2,2,244266,0,487605,1.9962049568912579,team13,8f3837f18546a015cb75ac992e870e51f48659c1,A题研究/直接迭代/第十三轮成果/方案/p2/n2/case_008_multicore_res.json,方案/p2/n2/case_008_multicore_res.json,db1162a28863d85c13fa461287437f5a294d3673487c97e61e8a4ceeaa3a16e7,inherited_team13_success
case_008,2,3,163359,0,487605,2.984867684057811,team13,8f3837f18546a015cb75ac992e870e51f48659c1,A题研究/直接迭代/第十三轮成果/方案/p2/n3/case_008_multicore_res.json,方案/p2/n3/case_008_multicore_res.json,8b22ad88913e41902f340fb3464b224e4eb3028520bd688c16a75d3aa245e648,inherited_team13_success
case_008,2,4,123060,0,487605,3.962335446123842,team13,8f3837f18546a015cb75ac992e870e51f48659c1,A题研究/直接迭代/第十三轮成果/方案/p2/n4/case_008_multicore_res.json,方案/p2/n4/case_008_multicore_res.json,dbd45e89c54da39ff32f3040f85e491f73fe7236c5b625d507caa53b15751d29,inherited_team13_success
case_008,2,5,55855,0,487605,8.729836182973772,team13,8f3837f18546a015cb75ac992e870e51f48659c1,A题研究/直接迭代/第十三轮成果/方案/p2/n5/case_008_multicore_res.json,方案/p2/n5/case_008_multicore_res.json,e88b516d4f6a3167d37e45a5dc30ed4ac5c281a3d7a2bc650c29bf1748f78719,inherited_team13_success
case_008,3,1,487605,0,487605,1.0,team13,8f3837f18546a015cb75ac992e870e51f48659c1,A题研究/直接迭代/第十三轮成果/方案/p3/n1/case_008_multicore_res.json,方案/p3/n1/case_008_multicore_res.json,123fcfa55bff4ba0cc05ea380b1cc1253a3a5a251365416c36327aaf889d5554,inherited_team13_success
case_008,3,2,244266,0,487605,1.9962049568912579,team13,8f3837f18546a015cb75ac992e870e51f48659c1,A题研究/直接迭代/第十三轮成果/方案/p3/n2/case_008_multicore_res.json,方案/p3/n2/case_008_multicore_res.json,db1162a28863d85c13fa461287437f5a294d3673487c97e61e8a4ceeaa3a16e7,inherited_team13_success
case_008,3,3,163359,0,487605,2.984867684057811,team13,8f3837f18546a015cb75ac992e870e51f48659c1,A题研究/直接迭代/第十三轮成果/方案/p3/n3/case_008_multicore_res.json,方案/p3/n3/case_008_multicore_res.json,a1621a802cf4839381c343c211cf1784e5907da0072a1056e14ca37595218c57,inherited_team13_success
case_008,3,4,123060,0,487605,3.962335446123842,team13,8f3837f18546a015cb75ac992e870e51f48659c1,A题研究/直接迭代/第十三轮成果/方案/p3/n4/case_008_multicore_res.json,方案/p3/n4/case_008_multicore_res.json,a2b53eced049314fcb60767ba71b244d74296e66965b75919cda20fc68387067,inherited_team13_success
case_008,3,5,55855,0,487605,8.729836182973772,team13,8f3837f18546a015cb75ac992e870e51f48659c1,A题研究/直接迭代/第十三轮成果/方案/p3/n5/case_008_multicore_res.json,方案/p3/n5/case_008_multicore_res.json,e88b516d4f6a3167d37e45a5dc30ed4ac5c281a3d7a2bc650c29bf1748f78719,inherited_team13_success
case_009,1,1,153745,80024,153261,0.9968519301440697,team13,8f3837f18546a015cb75ac992e870e51f48659c1,A题研究/直接迭代/第十三轮成果/方案/p1/n1/case_009_multicore_res.json,方案/p1/n1/case_009_multicore_res.json,ead432dfe8aa62c9acc1c4b624ec85c39b0a80e5c0d41ae21519c34785484f38,inherited_team13_success
case_009,1,2,89561,400018,153261,1.7112470829937139,joint_panel_strong,2362dd73dd4be460e35ce9302e0521f0934e5de6,/home/konglingrui/.mathmodel/questionA/统一算法迭代/A题研究/直接迭代/联合整合_20260926/同预算对照/slots/lowcore/case_009/p1_n2/strong/summary.json,方案/p1/n2/case_009_multicore_res.json,de66a08000615c25d73e9d2bde3540820dc511756fc6a74a0ae89f3e2d5d462a,fresh_panel_winner_replay
case_009,1,3,86698,283696,153261,1.7677570416849293,joint_panel_strong,2362dd73dd4be460e35ce9302e0521f0934e5de6,/home/konglingrui/.mathmodel/questionA/统一算法迭代/A题研究/直接迭代/联合整合_20260926/同预算对照/slots/lowcore/case_009/p1_n3/strong/summary.json,方案/p1/n3/case_009_multicore_res.json,2f0d0cdfa42b301d4e120a0806573a090c25396439a122804f84b9f995c2a4f6,fresh_panel_winner_replay
case_009,1,4,84913,235116,153261,1.8049179748683948,joint_panel_strong,2362dd73dd4be460e35ce9302e0521f0934e5de6,/home/konglingrui/.mathmodel/questionA/统一算法迭代/A题研究/直接迭代/联合整合_20260926/同预算对照/slots/lowcore/case_009/p1_n4/strong/summary.json,方案/p1/n4/case_009_multicore_res.json,d9585b1807a8e7595623037d9d019deb88b4b39cc703ca110a6311fbbac58a7b,fresh_panel_winner_replay
case_009,1,5,81068,531874,153261,1.890524004539399,team13,8f3837f18546a015cb75ac992e870e51f48659c1,A题研究/直接迭代/第十三轮成果/方案/p1/n5/case_009_multicore_res.json,方案/p1/n5/case_009_multicore_res.json,aef326e613bb5cbc20012cb19c09fcf11c676f5be038bbc6599310f199dfd797,inherited_team13_success
case_009,2,1,153261,0,153261,1.0,team13,8f3837f18546a015cb75ac992e870e51f48659c1,A题研究/直接迭代/第十三轮成果/方案/p2/n1/case_009_multicore_res.json,方案/p2/n1/case_009_multicore_res.json,bca7a904b35afbb334e8d406032aa370f5bab881f5c58669b5e7b586576424ab,inherited_team13_success
case_009,2,2,80734,0,153261,1.8983451829464661,joint_panel_joint,2362dd73dd4be460e35ce9302e0521f0934e5de6,/home/konglingrui/.mathmodel/questionA/统一算法迭代/A题研究/直接迭代/联合整合_20260926/同预算对照/slots/lowcore/case_009/p2_n2/joint/summary.json,方案/p2/n2/case_009_multicore_res.json,7c21da3caf883908cc25eae59b506d011eebc864dca58342ab4015a7673f74a0,fresh_panel_winner_replay
case_009,2,3,81783,268072,153261,1.8739958182018268,joint_panel_joint,2362dd73dd4be460e35ce9302e0521f0934e5de6,/home/konglingrui/.mathmodel/questionA/统一算法迭代/A题研究/直接迭代/联合整合_20260926/同预算对照/slots/lowcore/case_009/p2_n3/joint/summary.json,方案/p2/n3/case_009_multicore_res.json,0a728c73bcde8b6569ae7129255d9466dd1687f7ec816c7b315da3cdf9c95c95,fresh_panel_winner_replay
case_009,2,4,58230,1094910,153261,2.6319938176197835,team13,8f3837f18546a015cb75ac992e870e51f48659c1,A题研究/直接迭代/第十三轮成果/方案/p2/n4/case_009_multicore_res.json,方案/p2/n4/case_009_multicore_res.json,fbdf04709bb4a59a59efe6b70504b4f98b528763c9b43c56c60fef2d8c422fc5,inherited_team13_success
case_009,2,5,50086,1290894,153261,3.0599568741764167,team13,8f3837f18546a015cb75ac992e870e51f48659c1,A题研究/直接迭代/第十三轮成果/方案/p2/n5/case_009_multicore_res.json,方案/p2/n5/case_009_multicore_res.json,9425149a0a1417dc66d7981f5ef048d6e9dae26a9474efe09dc4705f1ef64f77,inherited_team13_success
case_009,3,1,153261,0,153261,1.0,team13,8f3837f18546a015cb75ac992e870e51f48659c1,A题研究/直接迭代/第十三轮成果/方案/p3/n1/case_009_multicore_res.json,方案/p3/n1/case_009_multicore_res.json,bca7a904b35afbb334e8d406032aa370f5bab881f5c58669b5e7b586576424ab,inherited_team13_success
case_009,3,2,80734,0,153261,1.8983451829464661,joint_panel_strong,2362dd73dd4be460e35ce9302e0521f0934e5de6,/home/konglingrui/.mathmodel/questionA/统一算法迭代/A题研究/直接迭代/联合整合_20260926/同预算对照/slots/lowcore/case_009/p3_n2/strong/summary.json,方案/p3/n2/case_009_multicore_res.json,7c21da3caf883908cc25eae59b506d011eebc864dca58342ab4015a7673f74a0,fresh_panel_winner_replay
case_009,3,3,82017,268072,153261,1.8686491824865576,joint_panel_joint,2362dd73dd4be460e35ce9302e0521f0934e5de6,/home/konglingrui/.mathmodel/questionA/统一算法迭代/A题研究/直接迭代/联合整合_20260926/同预算对照/slots/lowcore/case_009/p3_n3/joint/summary.json,方案/p3/n3/case_009_multicore_res.json,07e4753812bbe181707916a167f1ac142baaf75d72b5d5dc6521e28d69dfc906,fresh_panel_winner_replay
case_009,3,4,56944,1094910,153261,2.69143368923855,team13,8f3837f18546a015cb75ac992e870e51f48659c1,A题研究/直接迭代/第十三轮成果/方案/p3/n4/case_009_multicore_res.json,方案/p3/n4/case_009_multicore_res.json,fbdf04709bb4a59a59efe6b70504b4f98b528763c9b43c56c60fef2d8c422fc5,inherited_team13_success
case_009,3,5,46646,1290894,153261,3.285619345710243,team13,8f3837f18546a015cb75ac992e870e51f48659c1,A题研究/直接迭代/第十三轮成果/方案/p3/n5/case_009_multicore_res.json,方案/p3/n5/case_009_multicore_res.json,9425149a0a1417dc66d7981f5ef048d6e9dae26a9474efe09dc4705f1ef64f77,inherited_team13_success
case_010,1,1,86969,0,86969,1.0,team13,8f3837f18546a015cb75ac992e870e51f48659c1,A题研究/直接迭代/第十三轮成果/方案/p1/n1/case_010_multicore_res.json,方案/p1/n1/case_010_multicore_res.json,0d3bfc2bf31e3004c3c6779b9a3861060f63ed854921331e601d30ad92df0555,inherited_team13_success
case_010,1,2,45626,48384,86969,1.9061280848638933,team13,8f3837f18546a015cb75ac992e870e51f48659c1,A题研究/直接迭代/第十三轮成果/方案/p1/n2/case_010_multicore_res.json,方案/p1/n2/case_010_multicore_res.json,e38192a66d5fa9353015f3633455cd5bbd0aeb1a95262a4428e5dacc38674c68,inherited_team13_success
case_010,1,3,30689,48384,86969,2.833881846915833,team13,8f3837f18546a015cb75ac992e870e51f48659c1,A题研究/直接迭代/第十三轮成果/方案/p1/n3/case_010_multicore_res.json,方案/p1/n3/case_010_multicore_res.json,d8fb270cbbd6fb2f5bc2718af98f61a78aa34716888f02e71f98ae27d80b8dfd,inherited_team13_success
case_010,1,4,29780,362880,86969,2.92038280725319,team13,8f3837f18546a015cb75ac992e870e51f48659c1,A题研究/直接迭代/第十三轮成果/方案/p1/n4/case_010_multicore_res.json,方案/p1/n4/case_010_multicore_res.json,0dee25ce6fab545520060f1afda7a1fd2a404f6a1449fede2272b49f1cf77141,inherited_team13_success
case_010,1,5,29780,362880,86969,2.92038280725319,team13,8f3837f18546a015cb75ac992e870e51f48659c1,A题研究/直接迭代/第十三轮成果/方案/p1/n5/case_010_multicore_res.json,方案/p1/n5/case_010_multicore_res.json,db941e1f5600be1368af4e6eb1dee1df3b21580a00a0088019c794d0effc053c,inherited_team13_success
case_010,2,1,86969,0,86969,1.0,team13,8f3837f18546a015cb75ac992e870e51f48659c1,A题研究/直接迭代/第十三轮成果/方案/p2/n1/case_010_multicore_res.json,方案/p2/n1/case_010_multicore_res.json,f3831236b5c91df7ca8dec961a91cce6ec9d8d25475f672733c162becd9073ee,inherited_team13_success
case_010,2,2,41049,1561020,86969,2.118663061219518,team13,8f3837f18546a015cb75ac992e870e51f48659c1,A题研究/直接迭代/第十三轮成果/方案/p2/n2/case_010_multicore_res.json,方案/p2/n2/case_010_multicore_res.json,679f322c0bc88be31f010756ac849909bafd4b72afb00f683f059165d38e8079,inherited_team13_success
case_010,2,3,29848,10368,86969,2.9137295631198072,team13,8f3837f18546a015cb75ac992e870e51f48659c1,A题研究/直接迭代/第十三轮成果/方案/p2/n3/case_010_multicore_res.json,方案/p2/n3/case_010_multicore_res.json,09e7e1cd672aa584aa3406afe24a112128a94324e3f8bf779f2f912ff8cde543,inherited_team13_success
case_010,2,4,29617,133632,86969,2.936455414120269,team13,8f3837f18546a015cb75ac992e870e51f48659c1,A题研究/直接迭代/第十三轮成果/方案/p2/n4/case_010_multicore_res.json,方案/p2/n4/case_010_multicore_res.json,0b037e9f72584871b657f1dedb233753e35a3903e350ee92bfa2ddfa5b8f10fe,inherited_team13_success
case_010,2,5,19138,554512,86969,4.544309750235135,team13,8f3837f18546a015cb75ac992e870e51f48659c1,A题研究/直接迭代/第十三轮成果/方案/p2/n5/case_010_multicore_res.json,方案/p2/n5/case_010_multicore_res.json,75e0e66226f632c335896d19b39dc646d1bf6b2f6b4f60d661f711db075c268a,inherited_team13_success
case_010,3,1,86969,0,86969,1.0,team13,8f3837f18546a015cb75ac992e870e51f48659c1,A题研究/直接迭代/第十三轮成果/方案/p3/n1/case_010_multicore_res.json,方案/p3/n1/case_010_multicore_res.json,f3831236b5c91df7ca8dec961a91cce6ec9d8d25475f672733c162becd9073ee,inherited_team13_success
case_010,3,2,40461,1561020,86969,2.1494525592545908,team13,8f3837f18546a015cb75ac992e870e51f48659c1,A题研究/直接迭代/第十三轮成果/方案/p3/n2/case_010_multicore_res.json,方案/p3/n2/case_010_multicore_res.json,679f322c0bc88be31f010756ac849909bafd4b72afb00f683f059165d38e8079,inherited_team13_success
case_010,3,3,29848,10368,86969,2.9137295631198072,team13,8f3837f18546a015cb75ac992e870e51f48659c1,A题研究/直接迭代/第十三轮成果/方案/p3/n3/case_010_multicore_res.json,方案/p3/n3/case_010_multicore_res.json,09e7e1cd672aa584aa3406afe24a112128a94324e3f8bf779f2f912ff8cde543,inherited_team13_success
case_010,3,4,29617,133632,86969,2.936455414120269,team13,8f3837f18546a015cb75ac992e870e51f48659c1,A题研究/直接迭代/第十三轮成果/方案/p3/n4/case_010_multicore_res.json,方案/p3/n4/case_010_multicore_res.json,0b037e9f72584871b657f1dedb233753e35a3903e350ee92bfa2ddfa5b8f10fe,inherited_team13_success
case_010,3,5,18544,554512,86969,4.68987273511648,team13,8f3837f18546a015cb75ac992e870e51f48659c1,A题研究/直接迭代/第十三轮成果/方案/p3/n5/case_010_multicore_res.json,方案/p3/n5/case_010_multicore_res.json,997e3e564628228bcf44e0b4ef0940f1af1d538640f5ff275638bab985a240bd,inherited_team13_success
case_011,1,1,184697,0,184697,1.0,team13,8f3837f18546a015cb75ac992e870e51f48659c1,A题研究/直接迭代/第十三轮成果/方案/p1/n1/case_011_multicore_res.json,方案/p1/n1/case_011_multicore_res.json,1778fc21ead380b8340c90abb1abeaf58e42ccb52836ca1cdc8abd78cd911e73,inherited_team13_success
case_011,1,2,92646,180224,184697,1.9935777043801135,team13,8f3837f18546a015cb75ac992e870e51f48659c1,A题研究/直接迭代/第十三轮成果/方案/p1/n2/case_011_multicore_res.json,方案/p1/n2/case_011_multicore_res.json,85c30ba561afe3123c441a0436f514d09b68d42f427d19e6bfbf152083b8f71d,inherited_team13_success
case_011,1,3,69625,1081344,184697,2.6527396768402154,team13,8f3837f18546a015cb75ac992e870e51f48659c1,A题研究/直接迭代/第十三轮成果/方案/p1/n3/case_011_multicore_res.json,方案/p1/n3/case_011_multicore_res.json,7e7863fb66febda6ad78cf1878394899422f0a1e83a1de5d54b717044af0fb67,inherited_team13_success
case_011,1,4,46880,540672,184697,3.9397824232081913,team13,8f3837f18546a015cb75ac992e870e51f48659c1,A题研究/直接迭代/第十三轮成果/方案/p1/n4/case_011_multicore_res.json,方案/p1/n4/case_011_multicore_res.json,19e38147350464cf32da525cceb503ee56ef05cc031754996a9e72bd574f19a7,inherited_team13_success
case_011,1,5,46880,540672,184697,3.9397824232081913,team13,8f3837f18546a015cb75ac992e870e51f48659c1,A题研究/直接迭代/第十三轮成果/方案/p1/n5/case_011_multicore_res.json,方案/p1/n5/case_011_multicore_res.json,9f62431bc5a5d183c25ae2169f22f084cad0000c3fd7e9ddc9e6dd15aa97e883,inherited_team13_success
case_011,2,1,184697,0,184697,1.0,team13,8f3837f18546a015cb75ac992e870e51f48659c1,A题研究/直接迭代/第十三轮成果/方案/p2/n1/case_011_multicore_res.json,方案/p2/n1/case_011_multicore_res.json,1778fc21ead380b8340c90abb1abeaf58e42ccb52836ca1cdc8abd78cd911e73,inherited_team13_success
case_011,2,2,92646,180224,184697,1.9935777043801135,team13,8f3837f18546a015cb75ac992e870e51f48659c1,A题研究/直接迭代/第十三轮成果/方案/p2/n2/case_011_multicore_res.json,方案/p2/n2/case_011_multicore_res.json,85c30ba561afe3123c441a0436f514d09b68d42f427d19e6bfbf152083b8f71d,inherited_team13_success
case_011,2,3,62289,2535424,184697,2.9651623882226397,team13,8f3837f18546a015cb75ac992e870e51f48659c1,A题研究/直接迭代/第十三轮成果/方案/p2/n3/case_011_multicore_res.json,方案/p2/n3/case_011_multicore_res.json,3ff6442773b3d33e52085e777ef2ee9ec1f786f75ffe78daae0b904395fc5231,inherited_team13_success
case_011,2,4,46880,540672,184697,3.9397824232081913,team13,8f3837f18546a015cb75ac992e870e51f48659c1,A题研究/直接迭代/第十三轮成果/方案/p2/n4/case_011_multicore_res.json,方案/p2/n4/case_011_multicore_res.json,19e38147350464cf32da525cceb503ee56ef05cc031754996a9e72bd574f19a7,inherited_team13_success
case_011,2,5,39795,1601536,184697,4.64121120743812,team13,8f3837f18546a015cb75ac992e870e51f48659c1,A题研究/直接迭代/第十三轮成果/方案/p2/n5/case_011_multicore_res.json,方案/p2/n5/case_011_multicore_res.json,8ca0562bbfd64ec322d3bce63d6f9873db170161596dcd6062bf0888cfcadf5e,inherited_team13_success
case_011,3,1,184697,0,184697,1.0,team13,8f3837f18546a015cb75ac992e870e51f48659c1,A题研究/直接迭代/第十三轮成果/方案/p3/n1/case_011_multicore_res.json,方案/p3/n1/case_011_multicore_res.json,1778fc21ead380b8340c90abb1abeaf58e42ccb52836ca1cdc8abd78cd911e73,inherited_team13_success
case_011,3,2,92646,180224,184697,1.9935777043801135,team13,8f3837f18546a015cb75ac992e870e51f48659c1,A题研究/直接迭代/第十三轮成果/方案/p3/n2/case_011_multicore_res.json,方案/p3/n2/case_011_multicore_res.json,85c30ba561afe3123c441a0436f514d09b68d42f427d19e6bfbf152083b8f71d,inherited_team13_success
case_011,3,3,62289,2535424,184697,2.9651623882226397,team13,8f3837f18546a015cb75ac992e870e51f48659c1,A题研究/直接迭代/第十三轮成果/方案/p3/n3/case_011_multicore_res.json,方案/p3/n3/case_011_multicore_res.json,3ff6442773b3d33e52085e777ef2ee9ec1f786f75ffe78daae0b904395fc5231,inherited_team13_success
case_011,3,4,46880,540672,184697,3.9397824232081913,team13,8f3837f18546a015cb75ac992e870e51f48659c1,A题研究/直接迭代/第十三轮成果/方案/p3/n4/case_011_multicore_res.json,方案/p3/n4/case_011_multicore_res.json,19e38147350464cf32da525cceb503ee56ef05cc031754996a9e72bd574f19a7,inherited_team13_success
case_011,3,5,38462,1558528,184697,4.802064375227498,ours,238aafecf447488e1397467ddebe4d994477c899,新增精选方案/p3/n5/case_011_multicore_res.json,方案/p3/n5/case_011_multicore_res.json,11ff602ef01cb127aa42650c3637dd27601f51ee659f0f4605decf6ce1eebeec,fresh_import_replay
case_012,1,1,59088,0,59088,1.0,team13,8f3837f18546a015cb75ac992e870e51f48659c1,A题研究/直接迭代/第十三轮成果/方案/p1/n1/case_012_multicore_res.json,方案/p1/n1/case_012_multicore_res.json,c1d526a91d6910b238df3d9351dbf8faa9f0d7048b0fbceac93aed0e8a3d7aab,inherited_team13_success
case_012,1,2,29964,13248,59088,1.971966359631558,team13,8f3837f18546a015cb75ac992e870e51f48659c1,A题研究/直接迭代/第十三轮成果/方案/p1/n2/case_012_multicore_res.json,方案/p1/n2/case_012_multicore_res.json,9b837dec5c3351c28556205e6e19a2ff17515ddcbecf22088aa07853ab51c537,inherited_team13_success
case_012,1,3,19924,32832,59088,2.965669544268219,team13,8f3837f18546a015cb75ac992e870e51f48659c1,A题研究/直接迭代/第十三轮成果/方案/p1/n3/case_012_multicore_res.json,方案/p1/n3/case_012_multicore_res.json,daf7708e8bd66c74607d92a7ad6edae9a01d5da4d5ea2c57f64b1a16f17c55d1,inherited_team13_success
case_012,1,4,17253,39168,59088,3.424795687706486,team13,8f3837f18546a015cb75ac992e870e51f48659c1,A题研究/直接迭代/第十三轮成果/方案/p1/n4/case_012_multicore_res.json,方案/p1/n4/case_012_multicore_res.json,0c05f82de5405074eb059d179508ce17a8201ed3f1df3ae9dd2b31ca56a5182e,inherited_team13_success
case_012,1,5,12786,27648,59088,4.62130455185359,joint_panel_strong,2362dd73dd4be460e35ce9302e0521f0934e5de6,/home/konglingrui/.mathmodel/questionA/统一算法迭代/A题研究/直接迭代/联合整合_20260926/同预算对照/slots/validation/case_012/p1_n5/strong/summary.json,方案/p1/n5/case_012_multicore_res.json,e4036cf7ad9569c347aa89ecf51248c41973901e1eb877762d52d4b44b5d76d6,fresh_panel_winner_replay
case_012,2,1,59088,0,59088,1.0,team13,8f3837f18546a015cb75ac992e870e51f48659c1,A题研究/直接迭代/第十三轮成果/方案/p2/n1/case_012_multicore_res.json,方案/p2/n1/case_012_multicore_res.json,47389d526a98d00d9fedc1e6afa1909402e35ff35c86e14963626f5be7f0738d,inherited_team13_success
case_012,2,2,26437,12096,59088,2.2350493626356998,team13,8f3837f18546a015cb75ac992e870e51f48659c1,A题研究/直接迭代/第十三轮成果/方案/p2/n2/case_012_multicore_res.json,方案/p2/n2/case_012_multicore_res.json,e3529cd6854db95091b4541b860d3c3b6d9799e4109326afd061d6f4dfd2e34d,inherited_team13_success
case_012,2,3,17932,32064,59088,3.295114878429623,team13,8f3837f18546a015cb75ac992e870e51f48659c1,A题研究/直接迭代/第十三轮成果/方案/p2/n3/case_012_multicore_res.json,方案/p2/n3/case_012_multicore_res.json,7632f0b74f66924c1b0c9098e50436fd014ef44f33a2039413d22b5d9d62e297,inherited_team13_success
case_012,2,4,14747,3456,59088,4.0067810402115684,team13,8f3837f18546a015cb75ac992e870e51f48659c1,A题研究/直接迭代/第十三轮成果/方案/p2/n4/case_012_multicore_res.json,方案/p2/n4/case_012_multicore_res.json,6d5e5381739ac3a11abbca1aa72b9ebb77805be78e362928c6f6eae4a394f6f5,inherited_team13_success
case_012,2,5,12090,61824,59088,4.887344913151365,joint_panel_joint,2362dd73dd4be460e35ce9302e0521f0934e5de6,/home/konglingrui/.mathmodel/questionA/统一算法迭代/A题研究/直接迭代/联合整合_20260926/同预算对照/slots/validation/case_012/p2_n5/joint/summary.json,方案/p2/n5/case_012_multicore_res.json,fb9330b8375d3a2a9f72e42886e4b730652a33e8a4612af874133bf93f1189c9,fresh_panel_winner_replay
case_012,3,1,59088,0,59088,1.0,team13,8f3837f18546a015cb75ac992e870e51f48659c1,A题研究/直接迭代/第十三轮成果/方案/p3/n1/case_012_multicore_res.json,方案/p3/n1/case_012_multicore_res.json,47389d526a98d00d9fedc1e6afa1909402e35ff35c86e14963626f5be7f0738d,inherited_team13_success
case_012,3,2,26437,12096,59088,2.2350493626356998,team13,8f3837f18546a015cb75ac992e870e51f48659c1,A题研究/直接迭代/第十三轮成果/方案/p3/n2/case_012_multicore_res.json,方案/p3/n2/case_012_multicore_res.json,e3529cd6854db95091b4541b860d3c3b6d9799e4109326afd061d6f4dfd2e34d,inherited_team13_success
case_012,3,3,17932,32064,59088,3.295114878429623,team13,8f3837f18546a015cb75ac992e870e51f48659c1,A题研究/直接迭代/第十三轮成果/方案/p3/n3/case_012_multicore_res.json,方案/p3/n3/case_012_multicore_res.json,7632f0b74f66924c1b0c9098e50436fd014ef44f33a2039413d22b5d9d62e297,inherited_team13_success
case_012,3,4,14747,3456,59088,4.0067810402115684,team13,8f3837f18546a015cb75ac992e870e51f48659c1,A题研究/直接迭代/第十三轮成果/方案/p3/n4/case_012_multicore_res.json,方案/p3/n4/case_012_multicore_res.json,6d5e5381739ac3a11abbca1aa72b9ebb77805be78e362928c6f6eae4a394f6f5,inherited_team13_success
case_012,3,5,12045,61824,59088,4.90560398505604,joint_panel_joint,2362dd73dd4be460e35ce9302e0521f0934e5de6,/home/konglingrui/.mathmodel/questionA/统一算法迭代/A题研究/直接迭代/联合整合_20260926/同预算对照/slots/validation/case_012/p3_n5/joint/summary.json,方案/p3/n5/case_012_multicore_res.json,fb9330b8375d3a2a9f72e42886e4b730652a33e8a4612af874133bf93f1189c9,fresh_panel_winner_replay
case_013,1,1,264286,8192,263949,0.9987248662433879,team13,8f3837f18546a015cb75ac992e870e51f48659c1,A题研究/直接迭代/第十三轮成果/方案/p1/n1/case_013_multicore_res.json,方案/p1/n1/case_013_multicore_res.json,229b80e1ec8886cb39d73dd66792a30305d42d93d66830ea6101d5e67fec6869,inherited_team13_success
case_013,1,2,132198,8192,263949,1.9966187083011846,team13,8f3837f18546a015cb75ac992e870e51f48659c1,A题研究/直接迭代/第十三轮成果/方案/p1/n2/case_013_multicore_res.json,方案/p1/n2/case_013_multicore_res.json,e88b1db27561a4a8380b30fcc8f47f158c6012d06f59b03a00513859227e6b2e,inherited_team13_success
case_013,1,3,88351,16384,263949,2.98750438591527,team13,8f3837f18546a015cb75ac992e870e51f48659c1,A题研究/直接迭代/第十三轮成果/方案/p1/n3/case_013_multicore_res.json,方案/p1/n3/case_013_multicore_res.json,5072a5b160f63efdbbcde9f5b3059ea74802b672e3ac56b0f2ed1e56e81bfc85,inherited_team13_success
case_013,1,4,66982,24576,263949,3.9405959810098237,team13,8f3837f18546a015cb75ac992e870e51f48659c1,A题研究/直接迭代/第十三轮成果/方案/p1/n4/case_013_multicore_res.json,方案/p1/n4/case_013_multicore_res.json,0578044ae8fdd966814a2b601e78fe3248876257c9c278e12d11b0d2d2cb8266,inherited_team13_success
case_013,1,5,54363,32768,263949,4.855305998565201,team13,8f3837f18546a015cb75ac992e870e51f48659c1,A题研究/直接迭代/第十三轮成果/方案/p1/n5/case_013_multicore_res.json,方案/p1/n5/case_013_multicore_res.json,3b76e6ddcb1b70103c11d6b51d3cf93c3293c1509bc3058be8ec5a38d714d7e0,inherited_team13_success
case_013,2,1,263949,0,263949,1.0,team13,8f3837f18546a015cb75ac992e870e51f48659c1,A题研究/直接迭代/第十三轮成果/方案/p2/n1/case_013_multicore_res.json,方案/p2/n1/case_013_multicore_res.json,455c898f91254bb5f4331fb31a2822863de4c606e020fb1f91f7a17c7f25d3e9,inherited_team13_success
case_013,2,2,132198,8192,263949,1.9966187083011846,team13,8f3837f18546a015cb75ac992e870e51f48659c1,A题研究/直接迭代/第十三轮成果/方案/p2/n2/case_013_multicore_res.json,方案/p2/n2/case_013_multicore_res.json,e88b1db27561a4a8380b30fcc8f47f158c6012d06f59b03a00513859227e6b2e,inherited_team13_success
case_013,2,3,88351,16384,263949,2.98750438591527,team13,8f3837f18546a015cb75ac992e870e51f48659c1,A题研究/直接迭代/第十三轮成果/方案/p2/n3/case_013_multicore_res.json,方案/p2/n3/case_013_multicore_res.json,5072a5b160f63efdbbcde9f5b3059ea74802b672e3ac56b0f2ed1e56e81bfc85,inherited_team13_success
case_013,2,4,66982,24576,263949,3.9405959810098237,team13,8f3837f18546a015cb75ac992e870e51f48659c1,A题研究/直接迭代/第十三轮成果/方案/p2/n4/case_013_multicore_res.json,方案/p2/n4/case_013_multicore_res.json,0578044ae8fdd966814a2b601e78fe3248876257c9c278e12d11b0d2d2cb8266,inherited_team13_success
case_013,2,5,53708,45056,263949,4.914519252252923,team13,8f3837f18546a015cb75ac992e870e51f48659c1,A题研究/直接迭代/第十三轮成果/方案/p2/n5/case_013_multicore_res.json,方案/p2/n5/case_013_multicore_res.json,1f25b06de5e233f585596aba8d488568923ec41de5cf97c3f8d74f98705281be,inherited_team13_success
case_013,3,1,263949,0,263949,1.0,team13,8f3837f18546a015cb75ac992e870e51f48659c1,A题研究/直接迭代/第十三轮成果/方案/p3/n1/case_013_multicore_res.json,方案/p3/n1/case_013_multicore_res.json,455c898f91254bb5f4331fb31a2822863de4c606e020fb1f91f7a17c7f25d3e9,inherited_team13_success
case_013,3,2,132198,8192,263949,1.9966187083011846,team13,8f3837f18546a015cb75ac992e870e51f48659c1,A题研究/直接迭代/第十三轮成果/方案/p3/n2/case_013_multicore_res.json,方案/p3/n2/case_013_multicore_res.json,e88b1db27561a4a8380b30fcc8f47f158c6012d06f59b03a00513859227e6b2e,inherited_team13_success
case_013,3,3,88351,16384,263949,2.98750438591527,team13,8f3837f18546a015cb75ac992e870e51f48659c1,A题研究/直接迭代/第十三轮成果/方案/p3/n3/case_013_multicore_res.json,方案/p3/n3/case_013_multicore_res.json,5072a5b160f63efdbbcde9f5b3059ea74802b672e3ac56b0f2ed1e56e81bfc85,inherited_team13_success
case_013,3,4,66958,24576,263949,3.9420084231906567,team13,8f3837f18546a015cb75ac992e870e51f48659c1,A题研究/直接迭代/第十三轮成果/方案/p3/n4/case_013_multicore_res.json,方案/p3/n4/case_013_multicore_res.json,69507c056a184c48f9460ce790c16e0ca965d1dbdf837700e6a21638466d4fec,inherited_team13_success
case_013,3,5,53418,45056,263949,4.941199595641918,team13,8f3837f18546a015cb75ac992e870e51f48659c1,A题研究/直接迭代/第十三轮成果/方案/p3/n5/case_013_multicore_res.json,方案/p3/n5/case_013_multicore_res.json,1f25b06de5e233f585596aba8d488568923ec41de5cf97c3f8d74f98705281be,inherited_team13_success
case_014,1,1,17453918,101137416,17698626,1.01402023316484,ours,238aafecf447488e1397467ddebe4d994477c899,新增精选方案/p1/n1/case_014_multicore_res.json,方案/p1/n1/case_014_multicore_res.json,27af20ef561145b1e8135105e7fafb2bfa5e8b0d45eedd8ed627ea52167e2cc3,fresh_import_replay
case_014,1,2,8809441,100009368,17698626,2.0090521067114246,ours,238aafecf447488e1397467ddebe4d994477c899,新增精选方案/p1/n2/case_014_multicore_res.json,方案/p1/n2/case_014_multicore_res.json,15a9c1ac22d083c21b8caf8996885bc988a6993e31d0bb083dd2374ddb6e6ac4,fresh_import_replay
case_014,1,3,5934863,98997144,17698626,2.982145670422384,ours,238aafecf447488e1397467ddebe4d994477c899,新增精选方案/p1/n3/case_014_multicore_res.json,方案/p1/n3/case_014_multicore_res.json,4ff277b7b099b364681d7b4c6b4ef4aad26e7386edb65bf255e5e97887756020,fresh_import_replay
case_014,1,4,4513468,101075352,17698626,3.921292008717022,ours,238aafecf447488e1397467ddebe4d994477c899,新增精选方案/p1/n4/case_014_multicore_res.json,方案/p1/n4/case_014_multicore_res.json,10bc7c1d397a0c95be500c249bb6859b5be691ba1cc0acb2449f81951bf6943d,fresh_import_replay
case_014,1,5,3641147,133995816,17698626,4.860728226572561,team13,8f3837f18546a015cb75ac992e870e51f48659c1,A题研究/直接迭代/第十三轮成果/方案/p1/n5/case_014_multicore_res.json,方案/p1/n5/case_014_multicore_res.json,45d0626959b5926f9b35ceebcdf69e696f13eb698b5063480ba1765ed904d4fe,inherited_team13_success
case_014,2,1,17662956,56372640,17698626,1.0020194807709424,ours,238aafecf447488e1397467ddebe4d994477c899,新增精选方案/p2/n1/case_014_multicore_res.json,方案/p2/n1/case_014_multicore_res.json,21edf3881abf25b2946cb188db5049bc39d0249c05adde81227271b2f961dcb1,fresh_import_replay
case_014,2,2,8816332,84413112,17698626,2.0074817962844413,team13,8f3837f18546a015cb75ac992e870e51f48659c1,A题研究/直接迭代/第十三轮成果/方案/p2/n2/case_014_multicore_res.json,方案/p2/n2/case_014_multicore_res.json,4c47b365bbd95cd0a37fc6b86b8f95b1947c8469bf50bff5776805dfff022083,inherited_team13_success
case_014,2,3,5963301,82715304,17698626,2.96792430903622,team13,8f3837f18546a015cb75ac992e870e51f48659c1,A题研究/直接迭代/第十三轮成果/方案/p2/n3/case_014_multicore_res.json,方案/p2/n3/case_014_multicore_res.json,2a718b2842ac6facba7cad0c223f4b888cfffb64fbf0709bb62a856cda1d3207,inherited_team13_success
case_014,2,4,4517885,98239944,17698626,3.917458279703888,team13,8f3837f18546a015cb75ac992e870e51f48659c1,A题研究/直接迭代/第十三轮成果/方案/p2/n4/case_014_multicore_res.json,方案/p2/n4/case_014_multicore_res.json,f9a877a18b4bcc9af563960f900090874d36825a14ec5674d769db1328df0f88,inherited_team13_success
case_014,2,5,3674889,91061544,17698626,4.816098118881958,ours,238aafecf447488e1397467ddebe4d994477c899,新增精选方案/p2/n5/case_014_multicore_res.json,方案/p2/n5/case_014_multicore_res.json,12b57187a24fa2cfa35be1ced605146871675fd50639ff743c74d659c11a01a6,fresh_import_replay
case_014,3,1,17589991,58536768,17698626,1.0061759554055485,ours,238aafecf447488e1397467ddebe4d994477c899,新增精选方案/p3/n1/case_014_multicore_res.json,方案/p3/n1/case_014_multicore_res.json,917f0ee5619856e991ca69ecb47f1c4a37641f8288856a47ff49da77fbc97153,fresh_import_replay
case_014,3,2,8799327,84413112,17698626,2.011361323428485,team13,8f3837f18546a015cb75ac992e870e51f48659c1,A题研究/直接迭代/第十三轮成果/方案/p3/n2/case_014_multicore_res.json,方案/p3/n2/case_014_multicore_res.json,4c47b365bbd95cd0a37fc6b86b8f95b1947c8469bf50bff5776805dfff022083,inherited_team13_success
case_014,3,3,5949209,82715304,17698626,2.9749544855458936,team13,8f3837f18546a015cb75ac992e870e51f48659c1,A题研究/直接迭代/第十三轮成果/方案/p3/n3/case_014_multicore_res.json,方案/p3/n3/case_014_multicore_res.json,2a718b2842ac6facba7cad0c223f4b888cfffb64fbf0709bb62a856cda1d3207,inherited_team13_success
case_014,3,4,4484616,98239944,17698626,3.9465198358120293,team13,8f3837f18546a015cb75ac992e870e51f48659c1,A题研究/直接迭代/第十三轮成果/方案/p3/n4/case_014_multicore_res.json,方案/p3/n4/case_014_multicore_res.json,f9a877a18b4bcc9af563960f900090874d36825a14ec5674d769db1328df0f88,inherited_team13_success
case_014,3,5,3646327,57797928,17698626,4.8538230389101145,ours,238aafecf447488e1397467ddebe4d994477c899,新增精选方案/p3/n5/case_014_multicore_res.json,方案/p3/n5/case_014_multicore_res.json,84f0d90940f9b13a0f9f9aeea21292f07a7ba73fb8a8cffe87798eb1af4f8416,fresh_import_replay
case_015,1,1,177362,180256,177362,1.0,team13,8f3837f18546a015cb75ac992e870e51f48659c1,A题研究/直接迭代/第十三轮成果/方案/p1/n1/case_015_multicore_res.json,方案/p1/n1/case_015_multicore_res.json,fb75e31f9d5476f88bb15281f1839d80f22e4b4b19ab97adcb88d0954eec3593,inherited_team13_success
case_015,1,2,87789,342532,177362,2.0203214525737847,team13,8f3837f18546a015cb75ac992e870e51f48659c1,A题研究/直接迭代/第十三轮成果/方案/p1/n2/case_015_multicore_res.json,方案/p1/n2/case_015_multicore_res.json,ff583f6cb35b6a6152bad1f458422015486b58a7c758ac1b160fe3b0c52a448f,inherited_team13_success
case_015,1,3,61193,521472,177362,2.898403412154985,team13,8f3837f18546a015cb75ac992e870e51f48659c1,A题研究/直接迭代/第十三轮成果/方案/p1/n3/case_015_multicore_res.json,方案/p1/n3/case_015_multicore_res.json,004871bf76d314b09ab824a3108a93bd2b994c07cbcf8ea78b17fceb61c60830,inherited_team13_success
case_015,1,4,50093,532992,177362,3.5406543828479027,team13,8f3837f18546a015cb75ac992e870e51f48659c1,A题研究/直接迭代/第十三轮成果/方案/p1/n4/case_015_multicore_res.json,方案/p1/n4/case_015_multicore_res.json,a2561465326675323478b3d406bc90dd7b8a48c0dae392f3186d80cb5b548c62,inherited_team13_success
case_015,1,5,43411,321536,177362,4.085646495127963,team13,8f3837f18546a015cb75ac992e870e51f48659c1,A题研究/直接迭代/第十三轮成果/方案/p1/n5/case_015_multicore_res.json,方案/p1/n5/case_015_multicore_res.json,c4811b6e6fb5392093e26cc917d81415d4cf8353d5d9a5816508b46eef3479bb,inherited_team13_success
case_015,2,1,177362,180256,177362,1.0,team13,8f3837f18546a015cb75ac992e870e51f48659c1,A题研究/直接迭代/第十三轮成果/方案/p2/n1/case_015_multicore_res.json,方案/p2/n1/case_015_multicore_res.json,b0c5674dbe6ccd31b054fd1830c57bcf7efff1a2e9616b5654a1753b886c399c,inherited_team13_success
case_015,2,2,82882,109824,177362,2.139933881904394,team13,8f3837f18546a015cb75ac992e870e51f48659c1,A题研究/直接迭代/第十三轮成果/方案/p2/n2/case_015_multicore_res.json,方案/p2/n2/case_015_multicore_res.json,425a37505ce3921a321aa8b60bc789ef5275753307522feda98e5e29ceca45c7,inherited_team13_success
case_015,2,3,54594,208128,177362,3.2487452833644723,team13,8f3837f18546a015cb75ac992e870e51f48659c1,A题研究/直接迭代/第十三轮成果/方案/p2/n3/case_015_multicore_res.json,方案/p2/n3/case_015_multicore_res.json,d4b181a28fc141fb4f53b834708e3c284bb8d5028c293f84f58ac6e1373e361c,inherited_team13_success
case_015,2,4,49885,231168,177362,3.555417460158364,team13,8f3837f18546a015cb75ac992e870e51f48659c1,A题研究/直接迭代/第十三轮成果/方案/p2/n4/case_015_multicore_res.json,方案/p2/n4/case_015_multicore_res.json,fdcbc5bf278c1e71a402a34ae835cabad4f51516aee90a00dea1f800e5649e4f,inherited_team13_success
case_015,2,5,33997,313344,177362,5.216989734388329,team13,8f3837f18546a015cb75ac992e870e51f48659c1,A题研究/直接迭代/第十三轮成果/方案/p2/n5/case_015_multicore_res.json,方案/p2/n5/case_015_multicore_res.json,f618f38fd78956b682f0192b756de375a8c0850368dd9af55788b1804a13b913,inherited_team13_success
case_015,3,1,177362,180256,177362,1.0,team13,8f3837f18546a015cb75ac992e870e51f48659c1,A题研究/直接迭代/第十三轮成果/方案/p3/n1/case_015_multicore_res.json,方案/p3/n1/case_015_multicore_res.json,b0c5674dbe6ccd31b054fd1830c57bcf7efff1a2e9616b5654a1753b886c399c,inherited_team13_success
case_015,3,2,82882,109824,177362,2.139933881904394,team13,8f3837f18546a015cb75ac992e870e51f48659c1,A题研究/直接迭代/第十三轮成果/方案/p3/n2/case_015_multicore_res.json,方案/p3/n2/case_015_multicore_res.json,425a37505ce3921a321aa8b60bc789ef5275753307522feda98e5e29ceca45c7,inherited_team13_success
case_015,3,3,54545,208128,177362,3.251663763864699,team13,8f3837f18546a015cb75ac992e870e51f48659c1,A题研究/直接迭代/第十三轮成果/方案/p3/n3/case_015_multicore_res.json,方案/p3/n3/case_015_multicore_res.json,d4b181a28fc141fb4f53b834708e3c284bb8d5028c293f84f58ac6e1373e361c,inherited_team13_success
case_015,3,4,49853,219648,177362,3.5576996369325817,team13,8f3837f18546a015cb75ac992e870e51f48659c1,A题研究/直接迭代/第十三轮成果/方案/p3/n4/case_015_multicore_res.json,方案/p3/n4/case_015_multicore_res.json,a2561465326675323478b3d406bc90dd7b8a48c0dae392f3186d80cb5b548c62,inherited_team13_success
case_015,3,5,33340,313344,177362,5.319796040791841,team13,8f3837f18546a015cb75ac992e870e51f48659c1,A题研究/直接迭代/第十三轮成果/方案/p3/n5/case_015_multicore_res.json,方案/p3/n5/case_015_multicore_res.json,f618f38fd78956b682f0192b756de375a8c0850368dd9af55788b1804a13b913,inherited_team13_success
case_016,1,1,7731302,7274944,7715523,0.9979590759745254,team13,8f3837f18546a015cb75ac992e870e51f48659c1,A题研究/直接迭代/第十三轮成果/方案/p1/n1/case_016_multicore_res.json,方案/p1/n1/case_016_multicore_res.json,8a5823100c33f410029f6bf0d202c69a3955224064eb6644750b2b7d1dbfad07,inherited_team13_success
case_016,1,2,4840474,119556560,7715523,1.5939602195983287,team13,8f3837f18546a015cb75ac992e870e51f48659c1,A题研究/直接迭代/第十三轮成果/方案/p1/n2/case_016_multicore_res.json,方案/p1/n2/case_016_multicore_res.json,3d101ff50276a4a2293b2649c49b401bdab73b955aae3e720974ad1bdc0811a6,inherited_team13_success
case_016,1,3,3971606,119556560,7715523,1.9426707986643186,team13,8f3837f18546a015cb75ac992e870e51f48659c1,A题研究/直接迭代/第十三轮成果/方案/p1/n3/case_016_multicore_res.json,方案/p1/n3/case_016_multicore_res.json,23b53a23e126265846f8c04aecb8ad4b46f681662f73bab530c524eb16436c11,inherited_team13_success
case_016,1,4,3667614,119557776,7715523,2.1036900284490136,team13,8f3837f18546a015cb75ac992e870e51f48659c1,A题研究/直接迭代/第十三轮成果/方案/p1/n4/case_016_multicore_res.json,方案/p1/n4/case_016_multicore_res.json,2c1e90e6e120582a74ee9c0533ae0bfca8c54fa50511cdc063a86919460ab283,inherited_team13_success
case_016,1,5,3223183,119555952,7715523,2.3937589023024755,ours,238aafecf447488e1397467ddebe4d994477c899,A题研究/直接迭代/联合推进成果_20260925/方案/case_016_p1_n5.json,方案/p1/n5/case_016_multicore_res.json,448d0a2a47b89ff7680d613924745742432564bcdbc960df283f37286882482c,fresh_import_replay
case_016,2,1,7715523,0,7715523,1.0,team13,8f3837f18546a015cb75ac992e870e51f48659c1,A题研究/直接迭代/第十三轮成果/方案/p2/n1/case_016_multicore_res.json,方案/p2/n1/case_016_multicore_res.json,6a9d6da00198a001fe7db826c51d0b9abccfcc350097911fe5f4b304f2d784ee,inherited_team13_success
case_016,2,2,4027025,404196,7715523,1.9159362060081573,team13,8f3837f18546a015cb75ac992e870e51f48659c1,A题研究/直接迭代/第十三轮成果/方案/p2/n2/case_016_multicore_res.json,方案/p2/n2/case_016_multicore_res.json,053b041c4e5b0cb88039694e6f174c7d7225940cca263985e803a475269820f6,inherited_team13_success
case_016,2,3,2877801,275564,7715523,2.68104813362703,team13,8f3837f18546a015cb75ac992e870e51f48659c1,A题研究/直接迭代/第十三轮成果/方案/p2/n3/case_016_multicore_res.json,方案/p2/n3/case_016_multicore_res.json,37065f5656666d9b8183ce2fec9980ab14d95370ce89c21ce87f19dd9c320378,inherited_team13_success
case_016,2,4,2240038,212460,7715523,3.444371479412403,team13,8f3837f18546a015cb75ac992e870e51f48659c1,A题研究/直接迭代/第十三轮成果/方案/p2/n4/case_016_multicore_res.json,方案/p2/n4/case_016_multicore_res.json,c5dbd85d910285bba0c68e0fb912e38d1588367e56d25bac9a7afa42b00412f6,inherited_team13_success
case_016,2,5,1971422,40388464,7715523,3.913684132570297,team13,8f3837f18546a015cb75ac992e870e51f48659c1,A题研究/直接迭代/第十三轮成果/方案/p2/n5/case_016_multicore_res.json,方案/p2/n5/case_016_multicore_res.json,a3e9becc7eedda6cd8e170f3109414c0c3182f03c6a433e025829be90d4dd0ff,inherited_team13_success
case_016,3,1,7715523,0,7715523,1.0,team13,8f3837f18546a015cb75ac992e870e51f48659c1,A题研究/直接迭代/第十三轮成果/方案/p3/n1/case_016_multicore_res.json,方案/p3/n1/case_016_multicore_res.json,6a9d6da00198a001fe7db826c51d0b9abccfcc350097911fe5f4b304f2d784ee,inherited_team13_success
case_016,3,2,4026193,404196,7715523,1.9163321281418948,team13,8f3837f18546a015cb75ac992e870e51f48659c1,A题研究/直接迭代/第十三轮成果/方案/p3/n2/case_016_multicore_res.json,方案/p3/n2/case_016_multicore_res.json,053b041c4e5b0cb88039694e6f174c7d7225940cca263985e803a475269820f6,inherited_team13_success
case_016,3,3,2877208,275564,7715523,2.6816007045719323,team13,8f3837f18546a015cb75ac992e870e51f48659c1,A题研究/直接迭代/第十三轮成果/方案/p3/n3/case_016_multicore_res.json,方案/p3/n3/case_016_multicore_res.json,37065f5656666d9b8183ce2fec9980ab14d95370ce89c21ce87f19dd9c320378,inherited_team13_success
case_016,3,4,2239547,212460,7715523,3.4451266260542868,team13,8f3837f18546a015cb75ac992e870e51f48659c1,A题研究/直接迭代/第十三轮成果/方案/p3/n4/case_016_multicore_res.json,方案/p3/n4/case_016_multicore_res.json,c5dbd85d910285bba0c68e0fb912e38d1588367e56d25bac9a7afa42b00412f6,inherited_team13_success
case_016,3,5,1969193,40388464,7715523,3.9181141716429013,team13,8f3837f18546a015cb75ac992e870e51f48659c1,A题研究/直接迭代/第十三轮成果/方案/p3/n5/case_016_multicore_res.json,方案/p3/n5/case_016_multicore_res.json,a3e9becc7eedda6cd8e170f3109414c0c3182f03c6a433e025829be90d4dd0ff,inherited_team13_success
case_017,1,1,162946,22528,162810,0.9991653676678164,team13,8f3837f18546a015cb75ac992e870e51f48659c1,A题研究/直接迭代/第十三轮成果/方案/p1/n1/case_017_multicore_res.json,方案/p1/n1/case_017_multicore_res.json,b125eb7923453b1453a622ee3abd5c7e17f8a799cf74fe865c6d6209992b8a35,inherited_team13_success
case_017,1,2,83047,87552,162810,1.9604561272532421,team13,8f3837f18546a015cb75ac992e870e51f48659c1,A题研究/直接迭代/第十三轮成果/方案/p1/n2/case_017_multicore_res.json,方案/p1/n2/case_017_multicore_res.json,7056a22ae55b261b5da738539a5b2573863f1c19e7dcd7b4d2ea720d890c176a,inherited_team13_success
case_017,1,3,56882,176256,162810,2.862241130761928,team13,8f3837f18546a015cb75ac992e870e51f48659c1,A题研究/直接迭代/第十三轮成果/方案/p1/n3/case_017_multicore_res.json,方案/p1/n3/case_017_multicore_res.json,eafece03c7c46eae9ab7b8662ede24c16aead97721b0851a358d972909c85575,inherited_team13_success
case_017,1,4,42384,259200,162810,3.841308040770102,team13,8f3837f18546a015cb75ac992e870e51f48659c1,A题研究/直接迭代/第十三轮成果/方案/p1/n4/case_017_multicore_res.json,方案/p1/n4/case_017_multicore_res.json,1886e1f68fe8d6c90c0bd2db52014f4594016b55a396b9b4ab1f39ed5a6a2c6b,inherited_team13_success
case_017,1,5,35340,329472,162810,4.606960950764007,team13,8f3837f18546a015cb75ac992e870e51f48659c1,A题研究/直接迭代/第十三轮成果/方案/p1/n5/case_017_multicore_res.json,方案/p1/n5/case_017_multicore_res.json,1ec05199e1da8f1d4a59bc690f5735847517c782461fc4a9ed0160d5ce32099e,inherited_team13_success
case_017,2,1,162810,22528,162810,1.0,team13,8f3837f18546a015cb75ac992e870e51f48659c1,A题研究/直接迭代/第十三轮成果/方案/p2/n1/case_017_multicore_res.json,方案/p2/n1/case_017_multicore_res.json,26b5af549609410a9a0f52f39768204f66493b52810a98434a15f2f2bd1c5d11,inherited_team13_success
case_017,2,2,71999,87552,162810,2.261281406686204,team13,8f3837f18546a015cb75ac992e870e51f48659c1,A题研究/直接迭代/第十三轮成果/方案/p2/n2/case_017_multicore_res.json,方案/p2/n2/case_017_multicore_res.json,5e7d2cfc5c933ba164fe488336950e5a660634e11b3e753388bb0640f4854435,inherited_team13_success
case_017,2,3,49831,175104,162810,3.2672432822941544,team13,8f3837f18546a015cb75ac992e870e51f48659c1,A题研究/直接迭代/第十三轮成果/方案/p2/n3/case_017_multicore_res.json,方案/p2/n3/case_017_multicore_res.json,520ed94c3129a1ff4ac29a67d221fe4022832cb1064a8d678c2bd2d7cc3eb8d2,inherited_team13_success
case_017,2,4,37645,259200,162810,4.324877141718687,team13,8f3837f18546a015cb75ac992e870e51f48659c1,A题研究/直接迭代/第十三轮成果/方案/p2/n4/case_017_multicore_res.json,方案/p2/n4/case_017_multicore_res.json,21d84666960a21ec3f0f60aa40d5ac6eee64e97e133265ee03a580da96509165,inherited_team13_success
case_017,2,5,28295,340992,162810,5.754020144901926,joint_panel_joint,2362dd73dd4be460e35ce9302e0521f0934e5de6,/home/konglingrui/.mathmodel/questionA/统一算法迭代/A题研究/直接迭代/联合整合_20260926/同预算对照/slots/validation/case_017/p2_n5/joint/summary.json,方案/p2/n5/case_017_multicore_res.json,81d0c4bce566bdccddb60cb8b470d4a443eb4526990a8728d0e79cef3846e281,fresh_panel_winner_replay
case_017,3,1,162810,22528,162810,1.0,team13,8f3837f18546a015cb75ac992e870e51f48659c1,A题研究/直接迭代/第十三轮成果/方案/p3/n1/case_017_multicore_res.json,方案/p3/n1/case_017_multicore_res.json,26b5af549609410a9a0f52f39768204f66493b52810a98434a15f2f2bd1c5d11,inherited_team13_success
case_017,3,2,71999,87552,162810,2.261281406686204,team13,8f3837f18546a015cb75ac992e870e51f48659c1,A题研究/直接迭代/第十三轮成果/方案/p3/n2/case_017_multicore_res.json,方案/p3/n2/case_017_multicore_res.json,5e7d2cfc5c933ba164fe488336950e5a660634e11b3e753388bb0640f4854435,inherited_team13_success
case_017,3,3,49831,175104,162810,3.2672432822941544,team13,8f3837f18546a015cb75ac992e870e51f48659c1,A题研究/直接迭代/第十三轮成果/方案/p3/n3/case_017_multicore_res.json,方案/p3/n3/case_017_multicore_res.json,520ed94c3129a1ff4ac29a67d221fe4022832cb1064a8d678c2bd2d7cc3eb8d2,inherited_team13_success
case_017,3,4,37645,259200,162810,4.324877141718687,team13,8f3837f18546a015cb75ac992e870e51f48659c1,A题研究/直接迭代/第十三轮成果/方案/p3/n4/case_017_multicore_res.json,方案/p3/n4/case_017_multicore_res.json,21d84666960a21ec3f0f60aa40d5ac6eee64e97e133265ee03a580da96509165,inherited_team13_success
case_017,3,5,28045,340992,162810,5.805312889998217,joint_panel_joint,2362dd73dd4be460e35ce9302e0521f0934e5de6,/home/konglingrui/.mathmodel/questionA/统一算法迭代/A题研究/直接迭代/联合整合_20260926/同预算对照/slots/validation/case_017/p3_n5/joint/summary.json,方案/p3/n5/case_017_multicore_res.json,ee6eaf016b38e8cc9f322a374a5ae2ae6f04c353de6ee3d063b7ad969b9413a0,fresh_panel_winner_replay
case_018,1,1,1000826,2535424,1004367,1.0035380775479454,team13,8f3837f18546a015cb75ac992e870e51f48659c1,A题研究/直接迭代/第十三轮成果/方案/p1/n1/case_018_multicore_res.json,方案/p1/n1/case_018_multicore_res.json,dcc8e6df1ba9109e5c20189d57121f4601d1f4825993798f2225145a22430d95,inherited_team13_success
case_018,1,2,504468,3253248,1004367,1.9909429339422917,team13,8f3837f18546a015cb75ac992e870e51f48659c1,A题研究/直接迭代/第十三轮成果/方案/p1/n2/case_018_multicore_res.json,方案/p1/n2/case_018_multicore_res.json,bcd9b8fe1e64412042116ad5849bcab6fc6ecd69886fed69617620d447ff70c1,inherited_team13_success
case_018,1,3,339838,4075904,1004367,2.9554287631165437,team13,8f3837f18546a015cb75ac992e870e51f48659c1,A题研究/直接迭代/第十三轮成果/方案/p1/n3/case_018_multicore_res.json,方案/p1/n3/case_018_multicore_res.json,0f538cc0b67123744281f0c2b7a36cac275d8d88b5c8d2d1e5661e4be650de0c,inherited_team13_success
case_018,1,4,254635,6577920,1004367,3.9443399375576806,team13,8f3837f18546a015cb75ac992e870e51f48659c1,A题研究/直接迭代/第十三轮成果/方案/p1/n4/case_018_multicore_res.json,方案/p1/n4/case_018_multicore_res.json,e61df151c54c688092bd4c515bf8aea8a4f87aeca55cd1a789124bc1a9017d7b,inherited_team13_success
case_018,1,5,205917,5320704,1004367,4.8775331808447095,team13,8f3837f18546a015cb75ac992e870e51f48659c1,A题研究/直接迭代/第十三轮成果/方案/p1/n5/case_018_multicore_res.json,方案/p1/n5/case_018_multicore_res.json,33ea34e455f3d047a0bb92fd7b874a2ade45b2639659a20fc34fc4df468789b3,inherited_team13_success
case_018,2,1,1004367,1970176,1004367,1.0,team13,8f3837f18546a015cb75ac992e870e51f48659c1,A题研究/直接迭代/第十三轮成果/方案/p2/n1/case_018_multicore_res.json,方案/p2/n1/case_018_multicore_res.json,e0642e7c1b24ab18853ee7cd10ee2c535254725459eacbafb435f0592bd9a165,inherited_team13_success
case_018,2,2,502396,3253248,1004367,1.9991540537743135,team13,8f3837f18546a015cb75ac992e870e51f48659c1,A题研究/直接迭代/第十三轮成果/方案/p2/n2/case_018_multicore_res.json,方案/p2/n2/case_018_multicore_res.json,1ee22d439327caa2757b9c03ff73a074a4633c76ef670f6e8e16024a00e30ed2,inherited_team13_success
case_018,2,3,337775,4075904,1004367,2.973479387166013,team13,8f3837f18546a015cb75ac992e870e51f48659c1,A题研究/直接迭代/第十三轮成果/方案/p2/n3/case_018_multicore_res.json,方案/p2/n3/case_018_multicore_res.json,2ad19d2bc6c5018023579e778efcb3972203bc25097f16f598ac888548e53ef2,inherited_team13_success
case_018,2,4,254221,4880128,1004367,3.950763312236204,team13,8f3837f18546a015cb75ac992e870e51f48659c1,A题研究/直接迭代/第十三轮成果/方案/p2/n4/case_018_multicore_res.json,方案/p2/n4/case_018_multicore_res.json,18b7e9475348d812dcdbab45b802f3796398fc040cbfaad81c2b2ec5a766a8a6,inherited_team13_success
case_018,2,5,197737,4825088,1004367,5.079307362810197,team13,8f3837f18546a015cb75ac992e870e51f48659c1,A题研究/直接迭代/第十三轮成果/方案/p2/n5/case_018_multicore_res.json,方案/p2/n5/case_018_multicore_res.json,d4d3a4bc2f47aeac916b52cd8b823f129d7b4f241803c757029adf19fcd9a17b,inherited_team13_success
case_018,3,1,1003110,1970176,1004367,1.0012531028501361,team13,8f3837f18546a015cb75ac992e870e51f48659c1,A题研究/直接迭代/第十三轮成果/方案/p3/n1/case_018_multicore_res.json,方案/p3/n1/case_018_multicore_res.json,e0642e7c1b24ab18853ee7cd10ee2c535254725459eacbafb435f0592bd9a165,inherited_team13_success
case_018,3,2,500499,3253248,1004367,2.0067312821803838,team13,8f3837f18546a015cb75ac992e870e51f48659c1,A题研究/直接迭代/第十三轮成果/方案/p3/n2/case_018_multicore_res.json,方案/p3/n2/case_018_multicore_res.json,1ee22d439327caa2757b9c03ff73a074a4633c76ef670f6e8e16024a00e30ed2,inherited_team13_success
case_018,3,3,336999,4075904,1004367,2.980326351116769,team13,8f3837f18546a015cb75ac992e870e51f48659c1,A题研究/直接迭代/第十三轮成果/方案/p3/n3/case_018_multicore_res.json,方案/p3/n3/case_018_multicore_res.json,2ad19d2bc6c5018023579e778efcb3972203bc25097f16f598ac888548e53ef2,inherited_team13_success
case_018,3,4,253930,4880128,1004367,3.9552908281809946,team13,8f3837f18546a015cb75ac992e870e51f48659c1,A题研究/直接迭代/第十三轮成果/方案/p3/n4/case_018_multicore_res.json,方案/p3/n4/case_018_multicore_res.json,18b7e9475348d812dcdbab45b802f3796398fc040cbfaad81c2b2ec5a766a8a6,inherited_team13_success
case_018,3,5,196701,4825088,1004367,5.106059450638279,team13,8f3837f18546a015cb75ac992e870e51f48659c1,A题研究/直接迭代/第十三轮成果/方案/p3/n5/case_018_multicore_res.json,方案/p3/n5/case_018_multicore_res.json,b3edf39f764db5aa9035257284d7460ec9d26fb69265c33b54dd83584dc6d3fe,inherited_team13_success
case_019,1,1,81144,0,81144,1.0,team13,8f3837f18546a015cb75ac992e870e51f48659c1,A题研究/直接迭代/第十三轮成果/方案/p1/n1/case_019_multicore_res.json,方案/p1/n1/case_019_multicore_res.json,55c14a8a654bd7a58759c8936bb330ef1bf8a465b2d6a81c6c94559e56b1b60d,inherited_team13_success
case_019,1,2,41238,27168,81144,1.9676996944565692,team13,8f3837f18546a015cb75ac992e870e51f48659c1,A题研究/直接迭代/第十三轮成果/方案/p1/n2/case_019_multicore_res.json,方案/p1/n2/case_019_multicore_res.json,d9f27a4cfe9411a32645c323ad5b5b83ae708a17a262dc3adfb13d52083ac6bc,inherited_team13_success
case_019,1,3,28986,27168,81144,2.7994204098530324,team13,8f3837f18546a015cb75ac992e870e51f48659c1,A题研究/直接迭代/第十三轮成果/方案/p1/n3/case_019_multicore_res.json,方案/p1/n3/case_019_multicore_res.json,6d6f721270f79ae24b0df85676df5b5e89e172fc6e52b142e352191653374a68,inherited_team13_success
case_019,1,4,24099,51744,81144,3.3671106684924688,team13,8f3837f18546a015cb75ac992e870e51f48659c1,A题研究/直接迭代/第十三轮成果/方案/p1/n4/case_019_multicore_res.json,方案/p1/n4/case_019_multicore_res.json,9e9658cb1c883f88e7b2b547e6aa9be1b5fde8203e14da048b700b247c524926,inherited_team13_success
case_019,1,5,18981,289924,81144,4.275011853959223,team13,8f3837f18546a015cb75ac992e870e51f48659c1,A题研究/直接迭代/第十三轮成果/方案/p1/n5/case_019_multicore_res.json,方案/p1/n5/case_019_multicore_res.json,1cc61976a0f637ce6787fde99a9273f9d38722097ef01ba461b62f5c00da45a1,inherited_team13_success
case_019,2,1,77857,0,81144,1.0422184260888552,team13,8f3837f18546a015cb75ac992e870e51f48659c1,A题研究/直接迭代/第十三轮成果/方案/p2/n1/case_019_multicore_res.json,方案/p2/n1/case_019_multicore_res.json,499040bd1453f47bfc9c61e3200a51a3db31ebb865601224c2ff678429374101,inherited_team13_success
case_019,2,2,31100,1043448,81144,2.6091318327974276,team13,8f3837f18546a015cb75ac992e870e51f48659c1,A题研究/直接迭代/第十三轮成果/方案/p2/n2/case_019_multicore_res.json,方案/p2/n2/case_019_multicore_res.json,7303ce73a7d6ea9a741130c6edffbcc09c0c10b9b37e1cff83bedc9e81c896c2,inherited_team13_success
case_019,2,3,24938,974368,81144,3.2538294971529393,team13,8f3837f18546a015cb75ac992e870e51f48659c1,A题研究/直接迭代/第十三轮成果/方案/p2/n3/case_019_multicore_res.json,方案/p2/n3/case_019_multicore_res.json,63fe8ffaddc67808d9ac4006b8e2ed3f698696f2bc5c959e3810d50754fefd58,inherited_team13_success
case_019,2,4,22443,51744,81144,3.615559417190215,team13,8f3837f18546a015cb75ac992e870e51f48659c1,A题研究/直接迭代/第十三轮成果/方案/p2/n4/case_019_multicore_res.json,方案/p2/n4/case_019_multicore_res.json,5cc87a075bfba44c8795202074a9945b03a7ac46477e92f493750c188179a8c2,inherited_team13_success
case_019,2,5,16220,379948,81144,5.002712700369914,ours,238aafecf447488e1397467ddebe4d994477c899,新增精选方案/p2/n5/case_019_multicore_res.json,方案/p2/n5/case_019_multicore_res.json,50f36456b6787f96befb5a443ea2388151650d6b7609adf005504514ced32a42,fresh_import_replay
case_019,3,1,77857,0,81144,1.0422184260888552,team13,8f3837f18546a015cb75ac992e870e51f48659c1,A题研究/直接迭代/第十三轮成果/方案/p3/n1/case_019_multicore_res.json,方案/p3/n1/case_019_multicore_res.json,499040bd1453f47bfc9c61e3200a51a3db31ebb865601224c2ff678429374101,inherited_team13_success
case_019,3,2,30570,1043448,81144,2.654367026496565,team13,8f3837f18546a015cb75ac992e870e51f48659c1,A题研究/直接迭代/第十三轮成果/方案/p3/n2/case_019_multicore_res.json,方案/p3/n2/case_019_multicore_res.json,7303ce73a7d6ea9a741130c6edffbcc09c0c10b9b37e1cff83bedc9e81c896c2,inherited_team13_success
case_019,3,3,23552,974368,81144,3.4453125,team13,8f3837f18546a015cb75ac992e870e51f48659c1,A题研究/直接迭代/第十三轮成果/方案/p3/n3/case_019_multicore_res.json,方案/p3/n3/case_019_multicore_res.json,63fe8ffaddc67808d9ac4006b8e2ed3f698696f2bc5c959e3810d50754fefd58,inherited_team13_success
case_019,3,4,22443,51744,81144,3.615559417190215,team13,8f3837f18546a015cb75ac992e870e51f48659c1,A题研究/直接迭代/第十三轮成果/方案/p3/n4/case_019_multicore_res.json,方案/p3/n4/case_019_multicore_res.json,5cc87a075bfba44c8795202074a9945b03a7ac46477e92f493750c188179a8c2,inherited_team13_success
case_019,3,5,15396,272468,81144,5.270459859703819,ours,238aafecf447488e1397467ddebe4d994477c899,新增精选方案/p3/n5/case_019_multicore_res.json,方案/p3/n5/case_019_multicore_res.json,d07ae9ae54b934692207eadd7e4357fef7a581a92fa71886bc08dcfbbfd86d43,fresh_import_replay
case_020,1,1,534174,0,532746,0.9973267137674241,team13,8f3837f18546a015cb75ac992e870e51f48659c1,A题研究/直接迭代/第十三轮成果/方案/p1/n1/case_020_multicore_res.json,方案/p1/n1/case_020_multicore_res.json,98835b167c497e259682d3cd0cd8aeb73a516359298ca4fe72bf09f479028a9f,inherited_team13_success
case_020,1,2,266580,0,532746,1.9984469952734638,team13,8f3837f18546a015cb75ac992e870e51f48659c1,A题研究/直接迭代/第十三轮成果/方案/p1/n2/case_020_multicore_res.json,方案/p1/n2/case_020_multicore_res.json,e292ba1aa71828a65535159d81b736e9dba7bce09d5fcf5479fd4685d65310a3,inherited_team13_success
case_020,1,3,177950,0,532746,2.993796010115201,team13,8f3837f18546a015cb75ac992e870e51f48659c1,A题研究/直接迭代/第十三轮成果/方案/p1/n3/case_020_multicore_res.json,方案/p1/n3/case_020_multicore_res.json,b614e7afde2f83a8be0af599e47946b349e972a2936170966e5b78782ed1c343,inherited_team13_success
case_020,1,4,133704,0,532746,3.984518039849219,team13,8f3837f18546a015cb75ac992e870e51f48659c1,A题研究/直接迭代/第十三轮成果/方案/p1/n4/case_020_multicore_res.json,方案/p1/n4/case_020_multicore_res.json,946f57f31b6c2264e5b5b4cf2f70e4477e0a885bec4b02f2b1accb4a66f4fd9d,inherited_team13_success
case_020,1,5,107494,0,532746,4.95605336111783,team13,8f3837f18546a015cb75ac992e870e51f48659c1,A题研究/直接迭代/第十三轮成果/方案/p1/n5/case_020_multicore_res.json,方案/p1/n5/case_020_multicore_res.json,0b84c2b8325700c09af637a0efa8252ea91118b73f6b976111afd4317536a447,inherited_team13_success
case_020,2,1,532746,0,532746,1.0,team13,8f3837f18546a015cb75ac992e870e51f48659c1,A题研究/直接迭代/第十三轮成果/方案/p2/n1/case_020_multicore_res.json,方案/p2/n1/case_020_multicore_res.json,acefa75ac4025bd723e51184aca7ad5d51ec1f866d800150538958c1b84eac48,inherited_team13_success
case_020,2,2,266580,0,532746,1.9984469952734638,team13,8f3837f18546a015cb75ac992e870e51f48659c1,A题研究/直接迭代/第十三轮成果/方案/p2/n2/case_020_multicore_res.json,方案/p2/n2/case_020_multicore_res.json,e292ba1aa71828a65535159d81b736e9dba7bce09d5fcf5479fd4685d65310a3,inherited_team13_success
case_020,2,3,177950,0,532746,2.993796010115201,team13,8f3837f18546a015cb75ac992e870e51f48659c1,A题研究/直接迭代/第十三轮成果/方案/p2/n3/case_020_multicore_res.json,方案/p2/n3/case_020_multicore_res.json,b614e7afde2f83a8be0af599e47946b349e972a2936170966e5b78782ed1c343,inherited_team13_success
case_020,2,4,133704,0,532746,3.984518039849219,team13,8f3837f18546a015cb75ac992e870e51f48659c1,A题研究/直接迭代/第十三轮成果/方案/p2/n4/case_020_multicore_res.json,方案/p2/n4/case_020_multicore_res.json,946f57f31b6c2264e5b5b4cf2f70e4477e0a885bec4b02f2b1accb4a66f4fd9d,inherited_team13_success
case_020,2,5,107187,0,532746,4.97024825771782,team13,8f3837f18546a015cb75ac992e870e51f48659c1,A题研究/直接迭代/第十三轮成果/方案/p2/n5/case_020_multicore_res.json,方案/p2/n5/case_020_multicore_res.json,0b84c2b8325700c09af637a0efa8252ea91118b73f6b976111afd4317536a447,inherited_team13_success
case_020,3,1,532746,0,532746,1.0,team13,8f3837f18546a015cb75ac992e870e51f48659c1,A题研究/直接迭代/第十三轮成果/方案/p3/n1/case_020_multicore_res.json,方案/p3/n1/case_020_multicore_res.json,acefa75ac4025bd723e51184aca7ad5d51ec1f866d800150538958c1b84eac48,inherited_team13_success
case_020,3,2,266580,0,532746,1.9984469952734638,team13,8f3837f18546a015cb75ac992e870e51f48659c1,A题研究/直接迭代/第十三轮成果/方案/p3/n2/case_020_multicore_res.json,方案/p3/n2/case_020_multicore_res.json,e292ba1aa71828a65535159d81b736e9dba7bce09d5fcf5479fd4685d65310a3,inherited_team13_success
case_020,3,3,177950,0,532746,2.993796010115201,team13,8f3837f18546a015cb75ac992e870e51f48659c1,A题研究/直接迭代/第十三轮成果/方案/p3/n3/case_020_multicore_res.json,方案/p3/n3/case_020_multicore_res.json,b614e7afde2f83a8be0af599e47946b349e972a2936170966e5b78782ed1c343,inherited_team13_success
case_020,3,4,133704,0,532746,3.984518039849219,team13,8f3837f18546a015cb75ac992e870e51f48659c1,A题研究/直接迭代/第十三轮成果/方案/p3/n4/case_020_multicore_res.json,方案/p3/n4/case_020_multicore_res.json,946f57f31b6c2264e5b5b4cf2f70e4477e0a885bec4b02f2b1accb4a66f4fd9d,inherited_team13_success
case_020,3,5,107187,0,532746,4.97024825771782,team13,8f3837f18546a015cb75ac992e870e51f48659c1,A题研究/直接迭代/第十三轮成果/方案/p3/n5/case_020_multicore_res.json,方案/p3/n5/case_020_multicore_res.json,0b84c2b8325700c09af637a0efa8252ea91118b73f6b976111afd4317536a447,inherited_team13_success
case_021,1,1,6484242,5222400,6567937,1.0129074454654838,team13,8f3837f18546a015cb75ac992e870e51f48659c1,A题研究/直接迭代/第十三轮成果/方案/p1/n1/case_021_multicore_res.json,方案/p1/n1/case_021_multicore_res.json,c9326a60a3e36a3853691ef3b4ef6bb065c01070cbc489c4d0ff9fa35a3c1da2,inherited_team13_success
case_021,1,2,3102580,6656000,6567937,2.1169275248341703,team13,8f3837f18546a015cb75ac992e870e51f48659c1,A题研究/直接迭代/第十三轮成果/方案/p1/n2/case_021_multicore_res.json,方案/p1/n2/case_021_multicore_res.json,2ebba7365e174f3907ac5c33cbbd8f67539d2ddf35569ce5d30ff81700ecaeda,inherited_team13_success
case_021,1,3,2118096,5883904,6567937,3.1008684214502082,team13,8f3837f18546a015cb75ac992e870e51f48659c1,A题研究/直接迭代/第十三轮成果/方案/p1/n3/case_021_multicore_res.json,方案/p1/n3/case_021_multicore_res.json,dee7a9b34685c85166e89ff86e23ff69ef4f9ebdad67f87f70e6d0f4e0a38800,inherited_team13_success
case_021,1,4,1550324,4608000,6567937,4.236493145948847,team13,8f3837f18546a015cb75ac992e870e51f48659c1,A题研究/直接迭代/第十三轮成果/方案/p1/n4/case_021_multicore_res.json,方案/p1/n4/case_021_multicore_res.json,420ad363b6f9cfa27bd3da8675618d0a4876e43eaa5de92f75c5de31d16c5733,inherited_team13_success
case_021,1,5,1243902,7372800,6567937,5.280108079253832,team13,8f3837f18546a015cb75ac992e870e51f48659c1,A题研究/直接迭代/第十三轮成果/方案/p1/n5/case_021_multicore_res.json,方案/p1/n5/case_021_multicore_res.json,62f194d637775e0c772332173d42fa933aa3cfc9111094b2f61e9ffcfbff198b,inherited_team13_success
case_021,2,1,6567937,4501504,6567937,1.0,team13,8f3837f18546a015cb75ac992e870e51f48659c1,A题研究/直接迭代/第十三轮成果/方案/p2/n1/case_021_multicore_res.json,方案/p2/n1/case_021_multicore_res.json,078018a88389d5fdeb4916060d7dd0517464b30a0e1ccd60d40da90376647e55,inherited_team13_success
case_021,2,2,3193754,3174400,6567937,2.0564943323750047,team13,8f3837f18546a015cb75ac992e870e51f48659c1,A题研究/直接迭代/第十三轮成果/方案/p2/n2/case_021_multicore_res.json,方案/p2/n2/case_021_multicore_res.json,e9e244207a4d50846944cdd78c2170409ac668b1dbea389f28e3bc653dc46393,inherited_team13_success
case_021,2,3,2101778,6299648,6567937,3.1249432623236135,team13,8f3837f18546a015cb75ac992e870e51f48659c1,A题研究/直接迭代/第十三轮成果/方案/p2/n3/case_021_multicore_res.json,方案/p2/n3/case_021_multicore_res.json,161dc99a713ec421da5529a3962e08b4381d205eea8f499657e17d2780311857,inherited_team13_success
case_021,2,4,1550324,4608000,6567937,4.236493145948847,team13,8f3837f18546a015cb75ac992e870e51f48659c1,A题研究/直接迭代/第十三轮成果/方案/p2/n4/case_021_multicore_res.json,方案/p2/n4/case_021_multicore_res.json,420ad363b6f9cfa27bd3da8675618d0a4876e43eaa5de92f75c5de31d16c5733,inherited_team13_success
case_021,2,5,1244571,6553600,6567937,5.277269838361974,ours,238aafecf447488e1397467ddebe4d994477c899,新增精选方案/p2/n5/case_021_multicore_res.json,方案/p2/n5/case_021_multicore_res.json,f0fd458053ebe09768836545020b838d6e5a5f95a9ca7ba707859444a7031ee0,fresh_import_replay
case_021,3,1,6558837,4501504,6567937,1.0013874410966457,team13,8f3837f18546a015cb75ac992e870e51f48659c1,A题研究/直接迭代/第十三轮成果/方案/p3/n1/case_021_multicore_res.json,方案/p3/n1/case_021_multicore_res.json,078018a88389d5fdeb4916060d7dd0517464b30a0e1ccd60d40da90376647e55,inherited_team13_success
case_021,3,2,3192818,3174400,6567937,2.0570972100508076,team13,8f3837f18546a015cb75ac992e870e51f48659c1,A题研究/直接迭代/第十三轮成果/方案/p3/n2/case_021_multicore_res.json,方案/p3/n2/case_021_multicore_res.json,e9e244207a4d50846944cdd78c2170409ac668b1dbea389f28e3bc653dc46393,inherited_team13_success
case_021,3,3,2101648,6299648,6567937,3.1251365594999734,team13,8f3837f18546a015cb75ac992e870e51f48659c1,A题研究/直接迭代/第十三轮成果/方案/p3/n3/case_021_multicore_res.json,方案/p3/n3/case_021_multicore_res.json,161dc99a713ec421da5529a3962e08b4381d205eea8f499657e17d2780311857,inherited_team13_success
case_021,3,4,1550324,4608000,6567937,4.236493145948847,team13,8f3837f18546a015cb75ac992e870e51f48659c1,A题研究/直接迭代/第十三轮成果/方案/p3/n4/case_021_multicore_res.json,方案/p3/n4/case_021_multicore_res.json,420ad363b6f9cfa27bd3da8675618d0a4876e43eaa5de92f75c5de31d16c5733,inherited_team13_success
case_021,3,5,1244853,7360512,6567937,5.276074363800385,ours,238aafecf447488e1397467ddebe4d994477c899,新增精选方案/p3/n5/case_021_multicore_res.json,方案/p3/n5/case_021_multicore_res.json,e0bebd4d5a5827b652b570df3f48856c73fb743bacb4cb0e660b4114db65c6d7,fresh_import_replay
case_022,1,1,56916,6912,56780,0.997610513739546,team13,8f3837f18546a015cb75ac992e870e51f48659c1,A题研究/直接迭代/第十三轮成果/方案/p1/n1/case_022_multicore_res.json,方案/p1/n1/case_022_multicore_res.json,6643deaf2f8fd5486b315ce5a8267b7616bc9b912474c42f9070513ce5df2fc6,inherited_team13_success
case_022,1,2,28357,13824,56780,2.0023274676446734,team13,8f3837f18546a015cb75ac992e870e51f48659c1,A题研究/直接迭代/第十三轮成果/方案/p1/n2/case_022_multicore_res.json,方案/p1/n2/case_022_multicore_res.json,9f858e0ad8d0c676bec4034aa19ece83697ab616043a441f4a9ed47a16de0f64,inherited_team13_success
case_022,1,3,19153,20736,56780,2.9645486346786405,team13,8f3837f18546a015cb75ac992e870e51f48659c1,A题研究/直接迭代/第十三轮成果/方案/p1/n3/case_022_multicore_res.json,方案/p1/n3/case_022_multicore_res.json,bb8274bc0ec75cbab3025c1cfcb9d2f6bfee1513bbcec2d605f69f5d5cb1b8a1,inherited_team13_success
case_022,1,4,14654,13824,56780,3.874709976798144,team13,8f3837f18546a015cb75ac992e870e51f48659c1,A题研究/直接迭代/第十三轮成果/方案/p1/n4/case_022_multicore_res.json,方案/p1/n4/case_022_multicore_res.json,d3d68e88f0edb5fafd1bc0edfe46fc877a51ccc055e95cbb8918d124320a1bce,inherited_team13_success
case_022,1,5,11724,13824,56780,4.8430569771409075,joint_panel_strong,2362dd73dd4be460e35ce9302e0521f0934e5de6,/home/konglingrui/.mathmodel/questionA/统一算法迭代/A题研究/直接迭代/联合整合_20260926/同预算对照/slots/validation/case_022/p1_n5/strong/summary.json,方案/p1/n5/case_022_multicore_res.json,e4cb2b0a58d0d82d60617a14e99c3abcfa62dc4a051d484c0a53ee060e1ff913,fresh_panel_winner_replay
case_022,2,1,56780,0,56780,1.0,team13,8f3837f18546a015cb75ac992e870e51f48659c1,A题研究/直接迭代/第十三轮成果/方案/p2/n1/case_022_multicore_res.json,方案/p2/n1/case_022_multicore_res.json,ea8e1b9c2a9583a3c83fcd7eb455df6c052c3922d6c2fd0a474c5d9ddaba0a86,inherited_team13_success
case_022,2,2,28088,6912,56780,2.0215038450583878,team13,8f3837f18546a015cb75ac992e870e51f48659c1,A题研究/直接迭代/第十三轮成果/方案/p2/n2/case_022_multicore_res.json,方案/p2/n2/case_022_multicore_res.json,0631f7b97184a0c260a70313e15554b39e90fdef8a926bcdd990d7e1d131dfbd,inherited_team13_success
case_022,2,3,18709,17920,56780,3.034902987866802,team13,8f3837f18546a015cb75ac992e870e51f48659c1,A题研究/直接迭代/第十三轮成果/方案/p2/n3/case_022_multicore_res.json,方案/p2/n3/case_022_multicore_res.json,ae3cfe22ee2e949c04f3e5314876243a8355a6214162f034e74bb9c269e80ae6,inherited_team13_success
case_022,2,4,14529,13824,56780,3.9080459770114944,team13,8f3837f18546a015cb75ac992e870e51f48659c1,A题研究/直接迭代/第十三轮成果/方案/p2/n4/case_022_multicore_res.json,方案/p2/n4/case_022_multicore_res.json,1f6ba1cd373f694f048745eee34c7eaebbfecf6a44cd43a770a11f9325609cff,inherited_team13_success
case_022,2,5,11576,13824,56780,4.904975812024879,team13,8f3837f18546a015cb75ac992e870e51f48659c1,A题研究/直接迭代/第十三轮成果/方案/p2/n5/case_022_multicore_res.json,方案/p2/n5/case_022_multicore_res.json,e5709cbe6b4d09384eafb50bc4ce446bad7ae0dfc0250588813b9048e8d27e41,inherited_team13_success
case_022,3,1,56780,0,56780,1.0,team13,8f3837f18546a015cb75ac992e870e51f48659c1,A题研究/直接迭代/第十三轮成果/方案/p3/n1/case_022_multicore_res.json,方案/p3/n1/case_022_multicore_res.json,ea8e1b9c2a9583a3c83fcd7eb455df6c052c3922d6c2fd0a474c5d9ddaba0a86,inherited_team13_success
case_022,3,2,27982,323328,56780,2.029161603888214,team13,8f3837f18546a015cb75ac992e870e51f48659c1,A题研究/直接迭代/第十三轮成果/方案/p3/n2/case_022_multicore_res.json,方案/p3/n2/case_022_multicore_res.json,178d9ac8928d864eaf2393f6e095e60c9a9e5e0ac6f9b53a72f7b3704dec4937,inherited_team13_success
case_022,3,3,18709,17920,56780,3.034902987866802,team13,8f3837f18546a015cb75ac992e870e51f48659c1,A题研究/直接迭代/第十三轮成果/方案/p3/n3/case_022_multicore_res.json,方案/p3/n3/case_022_multicore_res.json,ae3cfe22ee2e949c04f3e5314876243a8355a6214162f034e74bb9c269e80ae6,inherited_team13_success
case_022,3,4,14529,13824,56780,3.9080459770114944,team13,8f3837f18546a015cb75ac992e870e51f48659c1,A题研究/直接迭代/第十三轮成果/方案/p3/n4/case_022_multicore_res.json,方案/p3/n4/case_022_multicore_res.json,1f6ba1cd373f694f048745eee34c7eaebbfecf6a44cd43a770a11f9325609cff,inherited_team13_success
case_022,3,5,11576,13824,56780,4.904975812024879,team13,8f3837f18546a015cb75ac992e870e51f48659c1,A题研究/直接迭代/第十三轮成果/方案/p3/n5/case_022_multicore_res.json,方案/p3/n5/case_022_multicore_res.json,e5709cbe6b4d09384eafb50bc4ce446bad7ae0dfc0250588813b9048e8d27e41,inherited_team13_success
case_023,1,1,122614,0,122614,1.0,team13,8f3837f18546a015cb75ac992e870e51f48659c1,A题研究/直接迭代/第十三轮成果/方案/p1/n1/case_023_multicore_res.json,方案/p1/n1/case_023_multicore_res.json,997656009bd91441d9e398fad45bff2d559b88abd1a2d33a388ea61bf676f81f,inherited_team13_success
case_023,1,2,61829,74016,122614,1.983114719629947,team13,8f3837f18546a015cb75ac992e870e51f48659c1,A题研究/直接迭代/第十三轮成果/方案/p1/n2/case_023_multicore_res.json,方案/p1/n2/case_023_multicore_res.json,463a46942d025432b3399b9de258fa7fb3bd67aebdbec95a3b6e4fda08fe35bb,inherited_team13_success
case_023,1,3,40862,354720,122614,3.000685233224022,team13,8f3837f18546a015cb75ac992e870e51f48659c1,A题研究/直接迭代/第十三轮成果/方案/p1/n3/case_023_multicore_res.json,方案/p1/n3/case_023_multicore_res.json,59747e2f21678945fc7c990a6bb8a3d8182eb48e5f4adf62cf76879e605d1a7d,inherited_team13_success
case_023,1,4,30838,281280,122614,3.9760684869317076,team13,8f3837f18546a015cb75ac992e870e51f48659c1,A题研究/直接迭代/第十三轮成果/方案/p1/n4/case_023_multicore_res.json,方案/p1/n4/case_023_multicore_res.json,0ae9e11000739bbb6c776be225d3e166d351916689b06e2a83f7bd7a86473344,inherited_team13_success
case_023,1,5,23846,355008,122614,5.141910592971567,team13,8f3837f18546a015cb75ac992e870e51f48659c1,A题研究/直接迭代/第十三轮成果/方案/p1/n5/case_023_multicore_res.json,方案/p1/n5/case_023_multicore_res.json,343e1e3de92a24799c670886f68d8db2235e18debe29907fe276febd18689da0,inherited_team13_success
case_023,2,1,122614,0,122614,1.0,team13,8f3837f18546a015cb75ac992e870e51f48659c1,A题研究/直接迭代/第十三轮成果/方案/p2/n1/case_023_multicore_res.json,方案/p2/n1/case_023_multicore_res.json,7d2f97bf7260bb85c705d91cea097b92706137788649eceac8dd34ab6dfe3ca7,inherited_team13_success
case_023,2,2,49177,1908610,122614,2.493320047989914,team13,8f3837f18546a015cb75ac992e870e51f48659c1,A题研究/直接迭代/第十三轮成果/方案/p2/n2/case_023_multicore_res.json,方案/p2/n2/case_023_multicore_res.json,78feec129b593e1b19c80a666b8b947dff7deebb0786269a400255d6423c7513,inherited_team13_success
case_023,2,3,33592,196896,122614,3.6500952607763755,team13,8f3837f18546a015cb75ac992e870e51f48659c1,A题研究/直接迭代/第十三轮成果/方案/p2/n3/case_023_multicore_res.json,方案/p2/n3/case_023_multicore_res.json,645b28088b79f50de1f23317a99ba76ed8457e5189815d5f3b91af55a2a7c54b,inherited_team13_success
case_023,2,4,24223,278208,122614,5.061883334021385,team13,8f3837f18546a015cb75ac992e870e51f48659c1,A题研究/直接迭代/第十三轮成果/方案/p2/n4/case_023_multicore_res.json,方案/p2/n4/case_023_multicore_res.json,9545bdc0477e46c9c63c3e711cdfbd32c35cf08508b0ccf26b21b2a5e5488ea7,inherited_team13_success
case_023,2,5,19915,280992,122614,6.156866683404469,team13,8f3837f18546a015cb75ac992e870e51f48659c1,A题研究/直接迭代/第十三轮成果/方案/p2/n5/case_023_multicore_res.json,方案/p2/n5/case_023_multicore_res.json,ccb0e1d02510825538609b7f14700ef36f89fc4124e43067b7fe5d85a8b92637,inherited_team13_success
case_023,3,1,122614,0,122614,1.0,team13,8f3837f18546a015cb75ac992e870e51f48659c1,A题研究/直接迭代/第十三轮成果/方案/p3/n1/case_023_multicore_res.json,方案/p3/n1/case_023_multicore_res.json,7d2f97bf7260bb85c705d91cea097b92706137788649eceac8dd34ab6dfe3ca7,inherited_team13_success
case_023,3,2,47920,1908610,122614,2.558722871452421,team13,8f3837f18546a015cb75ac992e870e51f48659c1,A题研究/直接迭代/第十三轮成果/方案/p3/n2/case_023_multicore_res.json,方案/p3/n2/case_023_multicore_res.json,78feec129b593e1b19c80a666b8b947dff7deebb0786269a400255d6423c7513,inherited_team13_success
case_023,3,3,33592,196896,122614,3.6500952607763755,team13,8f3837f18546a015cb75ac992e870e51f48659c1,A题研究/直接迭代/第十三轮成果/方案/p3/n3/case_023_multicore_res.json,方案/p3/n3/case_023_multicore_res.json,645b28088b79f50de1f23317a99ba76ed8457e5189815d5f3b91af55a2a7c54b,inherited_team13_success
case_023,3,4,24223,278208,122614,5.061883334021385,team13,8f3837f18546a015cb75ac992e870e51f48659c1,A题研究/直接迭代/第十三轮成果/方案/p3/n4/case_023_multicore_res.json,方案/p3/n4/case_023_multicore_res.json,9545bdc0477e46c9c63c3e711cdfbd32c35cf08508b0ccf26b21b2a5e5488ea7,inherited_team13_success
case_023,3,5,19711,280992,122614,6.220587489219218,team13,8f3837f18546a015cb75ac992e870e51f48659c1,A题研究/直接迭代/第十三轮成果/方案/p3/n5/case_023_multicore_res.json,方案/p3/n5/case_023_multicore_res.json,88a088c09b0a90e8df126f716b6c21b66418e92d2ed1bba374ca4ea8a2ddbe3c,inherited_team13_success
case_024,1,1,2560775,2228372,2555343,0.9978787671700949,team13,8f3837f18546a015cb75ac992e870e51f48659c1,A题研究/直接迭代/第十三轮成果/方案/p1/n1/case_024_multicore_res.json,方案/p1/n1/case_024_multicore_res.json,dff83043f6901b2037db592d910818616abc55402e0f5a802c3a1b8b998a1af1,inherited_team13_success
case_024,1,2,1603810,39327848,2555343,1.5932953404705046,team13,8f3837f18546a015cb75ac992e870e51f48659c1,A题研究/直接迭代/第十三轮成果/方案/p1/n2/case_024_multicore_res.json,方案/p1/n2/case_024_multicore_res.json,72213428a118eeb3c442bb5a8c427c8c2ae24f73e6a9a31a50f207b81ac9e3cc,inherited_team13_success
case_024,1,3,1315118,39327848,2555343,1.9430522584285213,team13,8f3837f18546a015cb75ac992e870e51f48659c1,A题研究/直接迭代/第十三轮成果/方案/p1/n3/case_024_multicore_res.json,方案/p1/n3/case_024_multicore_res.json,bdb612ce89ce213d23dc6b4c08521a49712618da693e6d619afba50148e5cb20,inherited_team13_success
case_024,1,4,1214514,39328248,2555343,2.1040045647888785,team13,8f3837f18546a015cb75ac992e870e51f48659c1,A题研究/直接迭代/第十三轮成果/方案/p1/n4/case_024_multicore_res.json,方案/p1/n4/case_024_multicore_res.json,d21f157db564f89cfce45c0658faa342247e2310599c7ad95049392619303d77,inherited_team13_success
case_024,1,5,1095114,39328048,2555343,2.3334036456478504,team13,8f3837f18546a015cb75ac992e870e51f48659c1,A题研究/直接迭代/第十三轮成果/方案/p1/n5/case_024_multicore_res.json,方案/p1/n5/case_024_multicore_res.json,d1c22a84b0803db241963d6f97f9ba1ee6e7a49310789959e2e23fb4cbc53f4e,inherited_team13_success
case_024,2,1,2555343,0,2555343,1.0,team13,8f3837f18546a015cb75ac992e870e51f48659c1,A题研究/直接迭代/第十三轮成果/方案/p2/n1/case_024_multicore_res.json,方案/p2/n1/case_024_multicore_res.json,6be234e511462a2d51b596751a126628373a9ca5d10289914a654a0da2c94ff2,inherited_team13_success
case_024,2,2,1335245,396852,2555343,1.9137633917370969,team13,8f3837f18546a015cb75ac992e870e51f48659c1,A题研究/直接迭代/第十三轮成果/方案/p2/n2/case_024_multicore_res.json,方案/p2/n2/case_024_multicore_res.json,aba86b7e3f593a92084e514d09f6124f9c1fcd19beee59a9bdee9f18957b1e7d,inherited_team13_success
case_024,2,3,954489,266588,2555343,2.6771843363307486,team13,8f3837f18546a015cb75ac992e870e51f48659c1,A题研究/直接迭代/第十三轮成果/方案/p2/n3/case_024_multicore_res.json,方案/p2/n3/case_024_multicore_res.json,8f5ffc1f6e7c5585c9aaa9b7e6963aaf5a6f84b8146dc74c6a57f36fef886106,inherited_team13_success
case_024,2,4,744106,201852,2555343,3.434111537872292,team13,8f3837f18546a015cb75ac992e870e51f48659c1,A题研究/直接迭代/第十三轮成果/方案/p2/n4/case_024_multicore_res.json,方案/p2/n4/case_024_multicore_res.json,1a9e4b9e4ebdd8905478101e6d7d074255037cf415ed7531d3a64f8c220906ad,inherited_team13_success
case_024,2,5,658886,13637536,2555343,3.8782778811509124,team13,8f3837f18546a015cb75ac992e870e51f48659c1,A题研究/直接迭代/第十三轮成果/方案/p2/n5/case_024_multicore_res.json,方案/p2/n5/case_024_multicore_res.json,74b04abca9799ae87e4ccc3558f66652149add5c1a6567a901deafbea436d096,inherited_team13_success
case_024,3,1,2555343,0,2555343,1.0,team13,8f3837f18546a015cb75ac992e870e51f48659c1,A题研究/直接迭代/第十三轮成果/方案/p3/n1/case_024_multicore_res.json,方案/p3/n1/case_024_multicore_res.json,6be234e511462a2d51b596751a126628373a9ca5d10289914a654a0da2c94ff2,inherited_team13_success
case_024,3,2,1334413,396852,2555343,1.9149566138819092,team13,8f3837f18546a015cb75ac992e870e51f48659c1,A题研究/直接迭代/第十三轮成果/方案/p3/n2/case_024_multicore_res.json,方案/p3/n2/case_024_multicore_res.json,aba86b7e3f593a92084e514d09f6124f9c1fcd19beee59a9bdee9f18957b1e7d,inherited_team13_success
case_024,3,3,953896,266588,2555343,2.678848637587326,team13,8f3837f18546a015cb75ac992e870e51f48659c1,A题研究/直接迭代/第十三轮成果/方案/p3/n3/case_024_multicore_res.json,方案/p3/n3/case_024_multicore_res.json,8f5ffc1f6e7c5585c9aaa9b7e6963aaf5a6f84b8146dc74c6a57f36fef886106,inherited_team13_success
case_024,3,4,743615,201852,2555343,3.4363790402291507,team13,8f3837f18546a015cb75ac992e870e51f48659c1,A题研究/直接迭代/第十三轮成果/方案/p3/n4/case_024_multicore_res.json,方案/p3/n4/case_024_multicore_res.json,1a9e4b9e4ebdd8905478101e6d7d074255037cf415ed7531d3a64f8c220906ad,inherited_team13_success
case_024,3,5,656657,13637536,2555343,3.8914425643829276,team13,8f3837f18546a015cb75ac992e870e51f48659c1,A题研究/直接迭代/第十三轮成果/方案/p3/n5/case_024_multicore_res.json,方案/p3/n5/case_024_multicore_res.json,74b04abca9799ae87e4ccc3558f66652149add5c1a6567a901deafbea436d096,inherited_team13_success
case_025,1,1,4863368,27648,4863026,0.9999296783628135,ours,238aafecf447488e1397467ddebe4d994477c899,新增精选方案/p1/n1/case_025_multicore_res.json,方案/p1/n1/case_025_multicore_res.json,d4020c4f2c59be1af5db570b5c418ea5aebd7d1b64028f2421f29c0ab1f8b654,fresh_import_replay
case_025,1,2,2431840,27648,4863026,1.9997310678334101,team13,8f3837f18546a015cb75ac992e870e51f48659c1,A题研究/直接迭代/第十三轮成果/方案/p1/n2/case_025_multicore_res.json,方案/p1/n2/case_025_multicore_res.json,cc9b64ba030257506f736d72a35cd88edb40abaa27b986fa233e713c6ad455fd,inherited_team13_success
case_025,1,3,1622164,55296,4863026,2.9978633479722148,team13,8f3837f18546a015cb75ac992e870e51f48659c1,A题研究/直接迭代/第十三轮成果/方案/p1/n3/case_025_multicore_res.json,方案/p1/n3/case_025_multicore_res.json,c0f5d941e78d3f7c4b0570f65da098bbc404c7b5eaca2daf911656a247c9d299,inherited_team13_success
case_025,1,4,1217444,82944,4863026,3.9944555971362954,team13,8f3837f18546a015cb75ac992e870e51f48659c1,A题研究/直接迭代/第十三轮成果/方案/p1/n4/case_025_multicore_res.json,方案/p1/n4/case_025_multicore_res.json,c8777d4d53bb73f618e4a6fe292ccba0efa3ccc6ab430a12ad0e99824d18c2e7,inherited_team13_success
case_025,1,5,975282,110592,4863026,4.986276789687495,team13,8f3837f18546a015cb75ac992e870e51f48659c1,A题研究/直接迭代/第十三轮成果/方案/p1/n5/case_025_multicore_res.json,方案/p1/n5/case_025_multicore_res.json,e48afe849dfcd61d22619e886a0e31c2903b11b87250ea3d3be4386f585119c7,inherited_team13_success
case_025,2,1,4703066,0,4863026,1.034011855245068,ours,238aafecf447488e1397467ddebe4d994477c899,新增精选方案/p2/n1/case_025_multicore_res.json,方案/p2/n1/case_025_multicore_res.json,4cd61163e80e83cf89d3d90eba23d0427f2c8575af184ab204e4a348d1509b1a,fresh_import_replay
case_025,2,2,2431840,27648,4863026,1.9997310678334101,team13,8f3837f18546a015cb75ac992e870e51f48659c1,A题研究/直接迭代/第十三轮成果/方案/p2/n2/case_025_multicore_res.json,方案/p2/n2/case_025_multicore_res.json,cc9b64ba030257506f736d72a35cd88edb40abaa27b986fa233e713c6ad455fd,inherited_team13_success
case_025,2,3,1622164,55296,4863026,2.9978633479722148,team13,8f3837f18546a015cb75ac992e870e51f48659c1,A题研究/直接迭代/第十三轮成果/方案/p2/n3/case_025_multicore_res.json,方案/p2/n3/case_025_multicore_res.json,c0f5d941e78d3f7c4b0570f65da098bbc404c7b5eaca2daf911656a247c9d299,inherited_team13_success
case_025,2,4,1217444,82944,4863026,3.9944555971362954,team13,8f3837f18546a015cb75ac992e870e51f48659c1,A题研究/直接迭代/第十三轮成果/方案/p2/n4/case_025_multicore_res.json,方案/p2/n4/case_025_multicore_res.json,c8777d4d53bb73f618e4a6fe292ccba0efa3ccc6ab430a12ad0e99824d18c2e7,inherited_team13_success
case_025,2,5,942350,118272,4863026,5.160530588422561,team13,8f3837f18546a015cb75ac992e870e51f48659c1,A题研究/直接迭代/第十三轮成果/方案/p2/n5/case_025_multicore_res.json,方案/p2/n5/case_025_multicore_res.json,9c60bb2359e412cc005ccb9ca6d0e61767371262575c1dc8c0ee8a15224c23d4,inherited_team13_success
case_025,3,1,4703066,0,4863026,1.034011855245068,ours,238aafecf447488e1397467ddebe4d994477c899,新增精选方案/p3/n1/case_025_multicore_res.json,方案/p3/n1/case_025_multicore_res.json,4cd61163e80e83cf89d3d90eba23d0427f2c8575af184ab204e4a348d1509b1a,fresh_import_replay
case_025,3,2,2431840,27648,4863026,1.9997310678334101,team13,8f3837f18546a015cb75ac992e870e51f48659c1,A题研究/直接迭代/第十三轮成果/方案/p3/n2/case_025_multicore_res.json,方案/p3/n2/case_025_multicore_res.json,cc9b64ba030257506f736d72a35cd88edb40abaa27b986fa233e713c6ad455fd,inherited_team13_success
case_025,3,3,1622164,55296,4863026,2.9978633479722148,team13,8f3837f18546a015cb75ac992e870e51f48659c1,A题研究/直接迭代/第十三轮成果/方案/p3/n3/case_025_multicore_res.json,方案/p3/n3/case_025_multicore_res.json,c0f5d941e78d3f7c4b0570f65da098bbc404c7b5eaca2daf911656a247c9d299,inherited_team13_success
case_025,3,4,1217444,82944,4863026,3.9944555971362954,team13,8f3837f18546a015cb75ac992e870e51f48659c1,A题研究/直接迭代/第十三轮成果/方案/p3/n4/case_025_multicore_res.json,方案/p3/n4/case_025_multicore_res.json,c8777d4d53bb73f618e4a6fe292ccba0efa3ccc6ab430a12ad0e99824d18c2e7,inherited_team13_success
case_025,3,5,942350,118272,4863026,5.160530588422561,team13,8f3837f18546a015cb75ac992e870e51f48659c1,A题研究/直接迭代/第十三轮成果/方案/p3/n5/case_025_multicore_res.json,方案/p3/n5/case_025_multicore_res.json,9c60bb2359e412cc005ccb9ca6d0e61767371262575c1dc8c0ee8a15224c23d4,inherited_team13_success
case_026,1,1,99203,0,99203,1.0,team13,8f3837f18546a015cb75ac992e870e51f48659c1,A题研究/直接迭代/第十三轮成果/方案/p1/n1/case_026_multicore_res.json,方案/p1/n1/case_026_multicore_res.json,cdce1f6d5480bf639c593ebd77246441c32baa5324559ce0d6034e4b3979e43f,inherited_team13_success
case_026,1,2,56614,217872,99203,1.752269756597308,team13,8f3837f18546a015cb75ac992e870e51f48659c1,A题研究/直接迭代/第十三轮成果/方案/p1/n2/case_026_multicore_res.json,方案/p1/n2/case_026_multicore_res.json,70a57ef77ebab1a5588e40d2ce0cd153f4bbe7daa178a1a612bbdcc91a15ea0a,inherited_team13_success
case_026,1,3,41655,95664,99203,2.3815388308726444,team13,8f3837f18546a015cb75ac992e870e51f48659c1,A题研究/直接迭代/第十三轮成果/方案/p1/n3/case_026_multicore_res.json,方案/p1/n3/case_026_multicore_res.json,8dd9ffbc6b816b4f54bc060a7b29893dabe64a170149647040881ebf30263a49,inherited_team13_success
case_026,1,4,41655,95664,99203,2.3815388308726444,team13,8f3837f18546a015cb75ac992e870e51f48659c1,A题研究/直接迭代/第十三轮成果/方案/p1/n4/case_026_multicore_res.json,方案/p1/n4/case_026_multicore_res.json,80a671dd50bb9286ee44f2a30fca0fa396413f740f3929ca204994fd9f70825b,inherited_team13_success
case_026,1,5,41655,95664,99203,2.3815388308726444,team13,8f3837f18546a015cb75ac992e870e51f48659c1,A题研究/直接迭代/第十三轮成果/方案/p1/n5/case_026_multicore_res.json,方案/p1/n5/case_026_multicore_res.json,342505cef91d2bf9551121309dc73e50da67e1eb5f957d169c80d019a372336a,inherited_team13_success
case_026,2,1,99203,0,99203,1.0,team13,8f3837f18546a015cb75ac992e870e51f48659c1,A题研究/直接迭代/第十三轮成果/方案/p2/n1/case_026_multicore_res.json,方案/p2/n1/case_026_multicore_res.json,809452d955b51f9113bbd33b16366be6512de92d1d283258b891b5672b255fad,inherited_team13_success
case_026,2,2,49039,288,99203,2.02294092457024,team13,8f3837f18546a015cb75ac992e870e51f48659c1,A题研究/直接迭代/第十三轮成果/方案/p2/n2/case_026_multicore_res.json,方案/p2/n2/case_026_multicore_res.json,f41d463dc23f8321dffe814c2f24730c208d255473331d98f5bbf49eb54d5b1e,inherited_team13_success
case_026,2,3,41655,95664,99203,2.3815388308726444,team13,8f3837f18546a015cb75ac992e870e51f48659c1,A题研究/直接迭代/第十三轮成果/方案/p2/n3/case_026_multicore_res.json,方案/p2/n3/case_026_multicore_res.json,8dd9ffbc6b816b4f54bc060a7b29893dabe64a170149647040881ebf30263a49,inherited_team13_success
case_026,2,4,41655,95664,99203,2.3815388308726444,team13,8f3837f18546a015cb75ac992e870e51f48659c1,A题研究/直接迭代/第十三轮成果/方案/p2/n4/case_026_multicore_res.json,方案/p2/n4/case_026_multicore_res.json,80a671dd50bb9286ee44f2a30fca0fa396413f740f3929ca204994fd9f70825b,inherited_team13_success
case_026,2,5,28623,765184,99203,3.465849142298152,team13,8f3837f18546a015cb75ac992e870e51f48659c1,A题研究/直接迭代/第十三轮成果/方案/p2/n5/case_026_multicore_res.json,方案/p2/n5/case_026_multicore_res.json,425414a5a2c3833a85d388145c07470fdfc9cdc29830b4a0a39b385fdee5d23a,inherited_team13_success
case_026,3,1,99203,0,99203,1.0,team13,8f3837f18546a015cb75ac992e870e51f48659c1,A题研究/直接迭代/第十三轮成果/方案/p3/n1/case_026_multicore_res.json,方案/p3/n1/case_026_multicore_res.json,809452d955b51f9113bbd33b16366be6512de92d1d283258b891b5672b255fad,inherited_team13_success
case_026,3,2,49039,288,99203,2.02294092457024,team13,8f3837f18546a015cb75ac992e870e51f48659c1,A题研究/直接迭代/第十三轮成果/方案/p3/n2/case_026_multicore_res.json,方案/p3/n2/case_026_multicore_res.json,f41d463dc23f8321dffe814c2f24730c208d255473331d98f5bbf49eb54d5b1e,inherited_team13_success
case_026,3,3,41655,95664,99203,2.3815388308726444,team13,8f3837f18546a015cb75ac992e870e51f48659c1,A题研究/直接迭代/第十三轮成果/方案/p3/n3/case_026_multicore_res.json,方案/p3/n3/case_026_multicore_res.json,8dd9ffbc6b816b4f54bc060a7b29893dabe64a170149647040881ebf30263a49,inherited_team13_success
case_026,3,4,41655,95664,99203,2.3815388308726444,team13,8f3837f18546a015cb75ac992e870e51f48659c1,A题研究/直接迭代/第十三轮成果/方案/p3/n4/case_026_multicore_res.json,方案/p3/n4/case_026_multicore_res.json,80a671dd50bb9286ee44f2a30fca0fa396413f740f3929ca204994fd9f70825b,inherited_team13_success
case_026,3,5,26036,765184,99203,3.8102243048087265,team13,8f3837f18546a015cb75ac992e870e51f48659c1,A题研究/直接迭代/第十三轮成果/方案/p3/n5/case_026_multicore_res.json,方案/p3/n5/case_026_multicore_res.json,425414a5a2c3833a85d388145c07470fdfc9cdc29830b4a0a39b385fdee5d23a,inherited_team13_success
case_027,1,1,2319327,1886208,2363952,1.0192404951953735,team13,8f3837f18546a015cb75ac992e870e51f48659c1,A题研究/直接迭代/第十三轮成果/方案/p1/n1/case_027_multicore_res.json,方案/p1/n1/case_027_multicore_res.json,20e5cd9584c9e34f2c2063583078f1705bdd1fd617decb9efc3f9afaa9658795,inherited_team13_success
case_027,1,2,1116984,1843200,2363952,2.1163705120216583,team13,8f3837f18546a015cb75ac992e870e51f48659c1,A题研究/直接迭代/第十三轮成果/方案/p1/n2/case_027_multicore_res.json,方案/p1/n2/case_027_multicore_res.json,f374743aad079b7e0c00cdc6d76e60a44574ecd5428cf333dfd9a6845ea440b5,inherited_team13_success
case_027,1,3,837049,3686400,2363952,2.8241500796249683,team13,8f3837f18546a015cb75ac992e870e51f48659c1,A题研究/直接迭代/第十三轮成果/方案/p1/n3/case_027_multicore_res.json,方案/p1/n3/case_027_multicore_res.json,ee48b4dc7720fbf2a0c14d1378786e28f9ec4e82b6a543ce3c79f695a3ade339,inherited_team13_success
case_027,1,4,559196,2211840,2363952,4.227412213249022,team13,8f3837f18546a015cb75ac992e870e51f48659c1,A题研究/直接迭代/第十三轮成果/方案/p1/n4/case_027_multicore_res.json,方案/p1/n4/case_027_multicore_res.json,49659be5fba02dca0749deae69447ea68a07f927d34bb0235da296408540d8e1,inherited_team13_success
case_027,1,5,473151,8085504,2363952,4.996189377175574,team13,8f3837f18546a015cb75ac992e870e51f48659c1,A题研究/直接迭代/第十三轮成果/方案/p1/n5/case_027_multicore_res.json,方案/p1/n5/case_027_multicore_res.json,48c7ddb39fca26d98fd011ae9cecd71dab5501c760cd6e4edeb9387169e305ec,inherited_team13_success
case_027,2,1,2363952,1400832,2363952,1.0,team13,8f3837f18546a015cb75ac992e870e51f48659c1,A题研究/直接迭代/第十三轮成果/方案/p2/n1/case_027_multicore_res.json,方案/p2/n1/case_027_multicore_res.json,bc9845e865bf9d17348f2783bb4563146b01e069c35c754b8d43325a2dd6b73d,inherited_team13_success
case_027,2,2,1120962,1744896,2363952,2.10886006840553,team13,8f3837f18546a015cb75ac992e870e51f48659c1,A题研究/直接迭代/第十三轮成果/方案/p2/n2/case_027_multicore_res.json,方案/p2/n2/case_027_multicore_res.json,138eff19596ba03e584c75a0b4fbe00ba281ae0023b876268c73b2b7ce27a8dd,inherited_team13_success
case_027,2,3,761753,12165120,2363952,3.1033051395924924,team13,8f3837f18546a015cb75ac992e870e51f48659c1,A题研究/直接迭代/第十三轮成果/方案/p2/n3/case_027_multicore_res.json,方案/p2/n3/case_027_multicore_res.json,2575507aa768aebc9dc7898cd21491df3cd489dacf4c458a33e5015a88dbce0f,inherited_team13_success
case_027,2,4,559196,1843200,2363952,4.227412213249022,team13,8f3837f18546a015cb75ac992e870e51f48659c1,A题研究/直接迭代/第十三轮成果/方案/p2/n4/case_027_multicore_res.json,方案/p2/n4/case_027_multicore_res.json,924a87271f3874b118b5ba2fa849395f1ad7032ac9d1c1c9fda33da7440e1fab,inherited_team13_success
case_027,2,5,448488,16119808,2363952,5.270937015037192,team13,8f3837f18546a015cb75ac992e870e51f48659c1,A题研究/直接迭代/第十三轮成果/方案/p2/n5/case_027_multicore_res.json,方案/p2/n5/case_027_multicore_res.json,b0fa9da47632fb703a9ce2cb951749603d2d7c5e076b971a6d84c7f158f716bc,inherited_team13_success
case_027,3,1,2359515,1400832,2363952,1.0018804711985303,team13,8f3837f18546a015cb75ac992e870e51f48659c1,A题研究/直接迭代/第十三轮成果/方案/p3/n1/case_027_multicore_res.json,方案/p3/n1/case_027_multicore_res.json,bc9845e865bf9d17348f2783bb4563146b01e069c35c754b8d43325a2dd6b73d,inherited_team13_success
case_027,3,2,1120962,1744896,2363952,2.10886006840553,team13,8f3837f18546a015cb75ac992e870e51f48659c1,A题研究/直接迭代/第十三轮成果/方案/p3/n2/case_027_multicore_res.json,方案/p3/n2/case_027_multicore_res.json,138eff19596ba03e584c75a0b4fbe00ba281ae0023b876268c73b2b7ce27a8dd,inherited_team13_success
case_027,3,3,761753,12165120,2363952,3.1033051395924924,team13,8f3837f18546a015cb75ac992e870e51f48659c1,A题研究/直接迭代/第十三轮成果/方案/p3/n3/case_027_multicore_res.json,方案/p3/n3/case_027_multicore_res.json,2575507aa768aebc9dc7898cd21491df3cd489dacf4c458a33e5015a88dbce0f,inherited_team13_success
case_027,3,4,559196,1843200,2363952,4.227412213249022,team13,8f3837f18546a015cb75ac992e870e51f48659c1,A题研究/直接迭代/第十三轮成果/方案/p3/n4/case_027_multicore_res.json,方案/p3/n4/case_027_multicore_res.json,924a87271f3874b118b5ba2fa849395f1ad7032ac9d1c1c9fda33da7440e1fab,inherited_team13_success
case_027,3,5,448117,16119808,2363952,5.2753008700852675,team13,8f3837f18546a015cb75ac992e870e51f48659c1,A题研究/直接迭代/第十三轮成果/方案/p3/n5/case_027_multicore_res.json,方案/p3/n5/case_027_multicore_res.json,b0fa9da47632fb703a9ce2cb951749603d2d7c5e076b971a6d84c7f158f716bc,inherited_team13_success
case_028,1,1,43896686,281067912,43836040,0.9986184378474493,team13,8f3837f18546a015cb75ac992e870e51f48659c1,A题研究/直接迭代/第十三轮成果/方案/p1/n1/case_028_multicore_res.json,方案/p1/n1/case_028_multicore_res.json,5f09c27f6200f1c095805aed1016742d0baa020bec8eac467acec2e4bd68cd20,inherited_team13_success
case_028,1,2,20808437,326568960,43836040,2.1066474142195304,team13,8f3837f18546a015cb75ac992e870e51f48659c1,A题研究/直接迭代/第十三轮成果/方案/p1/n2/case_028_multicore_res.json,方案/p1/n2/case_028_multicore_res.json,f2f84bf49f7f57901e30e034a4017e2c88cd0e79689fe8c11e343f7d885d44e6,inherited_team13_success
case_028,1,3,14792144,326568960,43836040,2.963467635252875,team13,8f3837f18546a015cb75ac992e870e51f48659c1,A题研究/直接迭代/第十三轮成果/方案/p1/n3/case_028_multicore_res.json,方案/p1/n3/case_028_multicore_res.json,44f90b68127412373c42f4b721236891ba725310b17bc41ff01bb720cafcdaf4,inherited_team13_success
case_028,1,4,12041229,326568960,43836040,3.640495500916061,team13,8f3837f18546a015cb75ac992e870e51f48659c1,A题研究/直接迭代/第十三轮成果/方案/p1/n4/case_028_multicore_res.json,方案/p1/n4/case_028_multicore_res.json,3eec88f379ffe7dd2559b9912fa258f86cea508c42fa4057d1757268b6719a45,inherited_team13_success
case_028,1,5,9764657,327158784,43836040,4.489255485369327,joint_panel_joint,2362dd73dd4be460e35ce9302e0521f0934e5de6,/home/konglingrui/.mathmodel/questionA/统一算法迭代/A题研究/直接迭代/联合整合_20260926/同预算对照/slots/validation/case_028/p1_n5/joint/summary.json,方案/p1/n5/case_028_multicore_res.json,77f6c86174451cfdcbec215b3fd0c81df64c5c30071dbbaa07a7a94c32279869,fresh_panel_winner_replay
case_028,2,1,43836040,277412256,43836040,1.0,team13,8f3837f18546a015cb75ac992e870e51f48659c1,A题研究/直接迭代/第十三轮成果/方案/p2/n1/case_028_multicore_res.json,方案/p2/n1/case_028_multicore_res.json,763da244382c3da8a918c1315f767517e17d8eb4f1cab7ae90fed86771d46418,inherited_team13_success
case_028,2,2,20076161,93967488,43836040,2.1834871716758997,team13,8f3837f18546a015cb75ac992e870e51f48659c1,A题研究/直接迭代/第十三轮成果/方案/p2/n2/case_028_multicore_res.json,方案/p2/n2/case_028_multicore_res.json,4e4568bb9481cf407ff17de9da48a823b57b750fd8fc1973a9afc0ae334d3058,inherited_team13_success
case_028,2,3,13786498,56899416,43836040,3.179635611596215,team13,8f3837f18546a015cb75ac992e870e51f48659c1,A题研究/直接迭代/第十三轮成果/方案/p2/n3/case_028_multicore_res.json,方案/p2/n3/case_028_multicore_res.json,b4282729912d5b24f47abd7d7921d2924a7b9783101369ae915641c1a3cc863e,inherited_team13_success
case_028,2,4,10487595,115615968,43836040,4.179799086444509,team13,8f3837f18546a015cb75ac992e870e51f48659c1,A题研究/直接迭代/第十三轮成果/方案/p2/n4/case_028_multicore_res.json,方案/p2/n4/case_028_multicore_res.json,a57aeb24311ce2db389fa30ca024638f6058587250350d2d15588f191c907a79,inherited_team13_success
case_028,2,5,8166412,90393600,43836040,5.367845756496243,ours,238aafecf447488e1397467ddebe4d994477c899,新增精选方案/p2/n5/case_028_multicore_res.json,方案/p2/n5/case_028_multicore_res.json,2ec50f4ac177ac75d72d5ec8eb96e4308cdb215b9d1e09f1963508f4f84e85a8,fresh_import_replay
case_028,3,1,43836040,277412256,43836040,1.0,team13,8f3837f18546a015cb75ac992e870e51f48659c1,A题研究/直接迭代/第十三轮成果/方案/p3/n1/case_028_multicore_res.json,方案/p3/n1/case_028_multicore_res.json,763da244382c3da8a918c1315f767517e17d8eb4f1cab7ae90fed86771d46418,inherited_team13_success
case_028,3,2,20075994,93967488,43836040,2.1835053347794386,team13,8f3837f18546a015cb75ac992e870e51f48659c1,A题研究/直接迭代/第十三轮成果/方案/p3/n2/case_028_multicore_res.json,方案/p3/n2/case_028_multicore_res.json,4e4568bb9481cf407ff17de9da48a823b57b750fd8fc1973a9afc0ae334d3058,inherited_team13_success
case_028,3,3,13769194,56899416,43836040,3.183631518300926,team13,8f3837f18546a015cb75ac992e870e51f48659c1,A题研究/直接迭代/第十三轮成果/方案/p3/n3/case_028_multicore_res.json,方案/p3/n3/case_028_multicore_res.json,b4282729912d5b24f47abd7d7921d2924a7b9783101369ae915641c1a3cc863e,inherited_team13_success
case_028,3,4,10445902,115615968,43836040,4.196482027114556,team13,8f3837f18546a015cb75ac992e870e51f48659c1,A题研究/直接迭代/第十三轮成果/方案/p3/n4/case_028_multicore_res.json,方案/p3/n4/case_028_multicore_res.json,a9de5788aab22f1ce9f402e984edc189209916e236400286e8abeea59f5e0c3f,inherited_team13_success
case_028,3,5,8129461,81607680,43836040,5.392244332065804,ours,238aafecf447488e1397467ddebe4d994477c899,新增精选方案/p3/n5/case_028_multicore_res.json,方案/p3/n5/case_028_multicore_res.json,fea704144d7c2802d0322117495004b179331570bb215e2830fb56661707e93c,fresh_import_replay
case_029,1,1,37555,0,37555,1.0,team13,8f3837f18546a015cb75ac992e870e51f48659c1,A题研究/直接迭代/第十三轮成果/方案/p1/n1/case_029_multicore_res.json,方案/p1/n1/case_029_multicore_res.json,b406ba913b6d1b5e7abcb55308aaacbc89ccf22be5639f183a55b86590c61db7,inherited_team13_success
case_029,1,2,19740,0,37555,1.9024822695035462,team13,8f3837f18546a015cb75ac992e870e51f48659c1,A题研究/直接迭代/第十三轮成果/方案/p1/n2/case_029_multicore_res.json,方案/p1/n2/case_029_multicore_res.json,e30189f37ff40b3e3d6d13dba2cf60f045a3bf83d100775f99fdcf948e2614cb,inherited_team13_success
case_029,1,3,12743,0,37555,2.9471082162756024,team13,8f3837f18546a015cb75ac992e870e51f48659c1,A题研究/直接迭代/第十三轮成果/方案/p1/n3/case_029_multicore_res.json,方案/p1/n3/case_029_multicore_res.json,02b292ed32b0706387cb2f34fff4a5502b433c74884f5f63fc0e21b74f398d0a,inherited_team13_success
case_029,1,4,11028,0,37555,3.405422560754443,team13,8f3837f18546a015cb75ac992e870e51f48659c1,A题研究/直接迭代/第十三轮成果/方案/p1/n4/case_029_multicore_res.json,方案/p1/n4/case_029_multicore_res.json,0127cb8eb2667e8ac66c2584f84a3068807f3208bf158ef27b56b86c8ce9a4f3,inherited_team13_success
case_029,1,5,9383,0,37555,4.002451241607162,team13,8f3837f18546a015cb75ac992e870e51f48659c1,A题研究/直接迭代/第十三轮成果/方案/p1/n5/case_029_multicore_res.json,方案/p1/n5/case_029_multicore_res.json,06053f139e9c60361d8a80d72059e67564fb1939e21106eb273feeb36b617af4,inherited_team13_success
case_029,2,1,37555,0,37555,1.0,team13,8f3837f18546a015cb75ac992e870e51f48659c1,A题研究/直接迭代/第十三轮成果/方案/p2/n1/case_029_multicore_res.json,方案/p2/n1/case_029_multicore_res.json,b406ba913b6d1b5e7abcb55308aaacbc89ccf22be5639f183a55b86590c61db7,inherited_team13_success
case_029,2,2,19740,0,37555,1.9024822695035462,team13,8f3837f18546a015cb75ac992e870e51f48659c1,A题研究/直接迭代/第十三轮成果/方案/p2/n2/case_029_multicore_res.json,方案/p2/n2/case_029_multicore_res.json,e30189f37ff40b3e3d6d13dba2cf60f045a3bf83d100775f99fdcf948e2614cb,inherited_team13_success
case_029,2,3,12743,0,37555,2.9471082162756024,team13,8f3837f18546a015cb75ac992e870e51f48659c1,A题研究/直接迭代/第十三轮成果/方案/p2/n3/case_029_multicore_res.json,方案/p2/n3/case_029_multicore_res.json,02b292ed32b0706387cb2f34fff4a5502b433c74884f5f63fc0e21b74f398d0a,inherited_team13_success
case_029,2,4,11028,0,37555,3.405422560754443,team13,8f3837f18546a015cb75ac992e870e51f48659c1,A题研究/直接迭代/第十三轮成果/方案/p2/n4/case_029_multicore_res.json,方案/p2/n4/case_029_multicore_res.json,0127cb8eb2667e8ac66c2584f84a3068807f3208bf158ef27b56b86c8ce9a4f3,inherited_team13_success
case_029,2,5,9383,0,37555,4.002451241607162,team13,8f3837f18546a015cb75ac992e870e51f48659c1,A题研究/直接迭代/第十三轮成果/方案/p2/n5/case_029_multicore_res.json,方案/p2/n5/case_029_multicore_res.json,06053f139e9c60361d8a80d72059e67564fb1939e21106eb273feeb36b617af4,inherited_team13_success
case_029,3,1,37555,0,37555,1.0,team13,8f3837f18546a015cb75ac992e870e51f48659c1,A题研究/直接迭代/第十三轮成果/方案/p3/n1/case_029_multicore_res.json,方案/p3/n1/case_029_multicore_res.json,b406ba913b6d1b5e7abcb55308aaacbc89ccf22be5639f183a55b86590c61db7,inherited_team13_success
case_029,3,2,19740,0,37555,1.9024822695035462,team13,8f3837f18546a015cb75ac992e870e51f48659c1,A题研究/直接迭代/第十三轮成果/方案/p3/n2/case_029_multicore_res.json,方案/p3/n2/case_029_multicore_res.json,e30189f37ff40b3e3d6d13dba2cf60f045a3bf83d100775f99fdcf948e2614cb,inherited_team13_success
case_029,3,3,12743,0,37555,2.9471082162756024,team13,8f3837f18546a015cb75ac992e870e51f48659c1,A题研究/直接迭代/第十三轮成果/方案/p3/n3/case_029_multicore_res.json,方案/p3/n3/case_029_multicore_res.json,02b292ed32b0706387cb2f34fff4a5502b433c74884f5f63fc0e21b74f398d0a,inherited_team13_success
case_029,3,4,11028,0,37555,3.405422560754443,team13,8f3837f18546a015cb75ac992e870e51f48659c1,A题研究/直接迭代/第十三轮成果/方案/p3/n4/case_029_multicore_res.json,方案/p3/n4/case_029_multicore_res.json,0127cb8eb2667e8ac66c2584f84a3068807f3208bf158ef27b56b86c8ce9a4f3,inherited_team13_success
case_029,3,5,9238,0,37555,4.065273868802771,ours,238aafecf447488e1397467ddebe4d994477c899,新增精选方案/p3/n5/case_029_multicore_res.json,方案/p3/n5/case_029_multicore_res.json,8764f19bc2c3e00a850ebb1085cffaa3a7672beadb43cb1b780d42d271c465e5,fresh_import_replay
case_030,1,1,2790848,7416832,2808034,1.0061579849565436,team13,8f3837f18546a015cb75ac992e870e51f48659c1,A题研究/直接迭代/第十三轮成果/方案/p1/n1/case_030_multicore_res.json,方案/p1/n1/case_030_multicore_res.json,77e611ff78549d26dc19c9a68e4ce98ce662f8efea9b6ee87a251e0e8faea73e,inherited_team13_success
case_030,1,2,1400970,7240704,2808034,2.0043498433228404,team13,8f3837f18546a015cb75ac992e870e51f48659c1,A题研究/直接迭代/第十三轮成果/方案/p1/n2/case_030_multicore_res.json,方案/p1/n2/case_030_multicore_res.json,6be40b221fa97c790d6ae6a1086c4360e9fec9106e7ebfb7bd7c28e40bb41d73,inherited_team13_success
case_030,1,3,933857,9242624,2808034,3.0069207598165457,team13,8f3837f18546a015cb75ac992e870e51f48659c1,A题研究/直接迭代/第十三轮成果/方案/p1/n3/case_030_multicore_res.json,方案/p1/n3/case_030_multicore_res.json,a0300e986fd6fab77196c673939fe41051237295a7e0a0759e58bcb4e845efda,inherited_team13_success
case_030,1,4,700342,10404864,2808034,4.009518206818954,team13,8f3837f18546a015cb75ac992e870e51f48659c1,A题研究/直接迭代/第十三轮成果/方案/p1/n4/case_030_multicore_res.json,方案/p1/n4/case_030_multicore_res.json,0959cdc722518e3205edb4a19c540f0ec5dd6f37740eb5ec3253d695966dce8e,inherited_team13_success
case_030,1,5,558846,10872832,2808034,5.024700901500593,team13,8f3837f18546a015cb75ac992e870e51f48659c1,A题研究/直接迭代/第十三轮成果/方案/p1/n5/case_030_multicore_res.json,方案/p1/n5/case_030_multicore_res.json,a274018608ce4f15eea05c180c444ce2e3f113c7adde545bbc8d8699518252ac,inherited_team13_success
case_030,2,1,2808034,5519360,2808034,1.0,team13,8f3837f18546a015cb75ac992e870e51f48659c1,A题研究/直接迭代/第十三轮成果/方案/p2/n1/case_030_multicore_res.json,方案/p2/n1/case_030_multicore_res.json,8501b6500a05a3a2b4c9b6fc1c2d843510e6215be19553097fc9da50fd733f49,inherited_team13_success
case_030,2,2,1388867,1765376,2808034,2.0218163438255785,team13,8f3837f18546a015cb75ac992e870e51f48659c1,A题研究/直接迭代/第十三轮成果/方案/p2/n2/case_030_multicore_res.json,方案/p2/n2/case_030_multicore_res.json,adcf07475d548b530978344496b4e71cb8a24be1df4b4a677e9be78282b25c34,inherited_team13_success
case_030,2,3,932050,8046592,2808034,3.012750388927633,team13,8f3837f18546a015cb75ac992e870e51f48659c1,A题研究/直接迭代/第十三轮成果/方案/p2/n3/case_030_multicore_res.json,方案/p2/n3/case_030_multicore_res.json,a707cf6a97111933c089613cf4b61cb30b3c39c24e8b64c79a61f678654e91db,inherited_team13_success
case_030,2,4,695057,4761600,2808034,4.040005352079038,team13,8f3837f18546a015cb75ac992e870e51f48659c1,A题研究/直接迭代/第十三轮成果/方案/p2/n4/case_030_multicore_res.json,方案/p2/n4/case_030_multicore_res.json,c8be3de269c358a5d233bc7edaf461aa3debdc2e5a3440bbde02ab7bd18aa1dd,inherited_team13_success
case_030,2,5,560451,7257600,2808034,5.010311338546992,team13,8f3837f18546a015cb75ac992e870e51f48659c1,A题研究/直接迭代/第十三轮成果/方案/p2/n5/case_030_multicore_res.json,方案/p2/n5/case_030_multicore_res.json,6bf2ed242fbe5bccf640bd8eda1acc1be4962b332303fb368e68015063fd2a40,inherited_team13_success
case_030,3,1,2807891,5519360,2808034,1.0000509279028282,team13,8f3837f18546a015cb75ac992e870e51f48659c1,A题研究/直接迭代/第十三轮成果/方案/p3/n1/case_030_multicore_res.json,方案/p3/n1/case_030_multicore_res.json,8501b6500a05a3a2b4c9b6fc1c2d843510e6215be19553097fc9da50fd733f49,inherited_team13_success
case_030,3,2,1388867,1765376,2808034,2.0218163438255785,team13,8f3837f18546a015cb75ac992e870e51f48659c1,A题研究/直接迭代/第十三轮成果/方案/p3/n2/case_030_multicore_res.json,方案/p3/n2/case_030_multicore_res.json,adcf07475d548b530978344496b4e71cb8a24be1df4b4a677e9be78282b25c34,inherited_team13_success
case_030,3,3,927318,3652608,2808034,3.028124117077421,ours,238aafecf447488e1397467ddebe4d994477c899,新增精选方案/p3/n3/case_030_multicore_res.json,方案/p3/n3/case_030_multicore_res.json,ec51e291796246b28a8ec07008917a0798e2c6a2a9f7a62b38866db92046fde6,fresh_import_replay
case_030,3,4,695057,4761600,2808034,4.040005352079038,team13,8f3837f18546a015cb75ac992e870e51f48659c1,A题研究/直接迭代/第十三轮成果/方案/p3/n4/case_030_multicore_res.json,方案/p3/n4/case_030_multicore_res.json,c8be3de269c358a5d233bc7edaf461aa3debdc2e5a3440bbde02ab7bd18aa1dd,inherited_team13_success
case_030,3,5,557851,6481920,2808034,5.033663110758966,ours,238aafecf447488e1397467ddebe4d994477c899,新增精选方案/p3/n5/case_030_multicore_res.json,方案/p3/n5/case_030_multicore_res.json,e9d94dfe5fce4b48e3f6c83be41487a1cf6d0eb39c5bd4bfe20644b20d57c9db,fresh_import_replay
case_031,1,1,1411124,4666312,1414369,1.0022995852951264,team13,8f3837f18546a015cb75ac992e870e51f48659c1,A题研究/直接迭代/第十三轮成果/方案/p1/n1/case_031_multicore_res.json,方案/p1/n1/case_031_multicore_res.json,18ba96040c75f33483361c7abd03a37f5e571eb1af07d3ba8a4facd4bbe1e514,inherited_team13_success
case_031,1,2,727493,5617152,1414369,1.9441685349549755,team13,8f3837f18546a015cb75ac992e870e51f48659c1,A题研究/直接迭代/第十三轮成果/方案/p1/n2/case_031_multicore_res.json,方案/p1/n2/case_031_multicore_res.json,7e867d2c111b77024f29bc46a2e06e59a47e0453220ccb33903051c6bf718188,inherited_team13_success
case_031,1,3,484062,6300672,1414369,2.921875710136305,team13,8f3837f18546a015cb75ac992e870e51f48659c1,A题研究/直接迭代/第十三轮成果/方案/p1/n3/case_031_multicore_res.json,方案/p1/n3/case_031_multicore_res.json,4f780ee596a046f5e6f39684179afaeba9155c0b1c973735cca298ae443156f4,inherited_team13_success
case_031,1,4,394470,7408128,1414369,3.585491925875225,team13,8f3837f18546a015cb75ac992e870e51f48659c1,A题研究/直接迭代/第十三轮成果/方案/p1/n4/case_031_multicore_res.json,方案/p1/n4/case_031_multicore_res.json,4ac265591bcd8c22604b09c7f1b2df8cc4e681d82fd5c59651673c664a77e619,inherited_team13_success
case_031,1,5,296108,8707608,1414369,4.77653086036176,team13,8f3837f18546a015cb75ac992e870e51f48659c1,A题研究/直接迭代/第十三轮成果/方案/p1/n5/case_031_multicore_res.json,方案/p1/n5/case_031_multicore_res.json,1e2e3564f1e0f48b9fd55b1ca0786122f25bc374c6475a0f84b201a1828e0d16,inherited_team13_success
case_031,2,1,1414369,3491328,1414369,1.0,team13,8f3837f18546a015cb75ac992e870e51f48659c1,A题研究/直接迭代/第十三轮成果/方案/p2/n1/case_031_multicore_res.json,方案/p2/n1/case_031_multicore_res.json,7c3d0446660a408e334d611381b548c690aba6247b90073486000223adbfe549,inherited_team13_success
case_031,2,2,716905,4631040,1414369,1.9728820415536228,team13,8f3837f18546a015cb75ac992e870e51f48659c1,A题研究/直接迭代/第十三轮成果/方案/p2/n2/case_031_multicore_res.json,方案/p2/n2/case_031_multicore_res.json,96c82ded30f1c4d30d6b2d1c99e47aac82f0d88bc3744897e371fac6239af734,inherited_team13_success
case_031,2,3,484947,7348224,1414369,2.9165434573262643,team13,8f3837f18546a015cb75ac992e870e51f48659c1,A题研究/直接迭代/第十三轮成果/方案/p2/n3/case_031_multicore_res.json,方案/p2/n3/case_031_multicore_res.json,021cec4f3878ac7c0f98f6f37267ee64b75e4b22aad80d6396ca9194fb5aa821,inherited_team13_success
case_031,2,4,376640,5047296,1414369,3.7552278037383178,team13,8f3837f18546a015cb75ac992e870e51f48659c1,A题研究/直接迭代/第十三轮成果/方案/p2/n4/case_031_multicore_res.json,方案/p2/n4/case_031_multicore_res.json,d7ec588fc0889fb421ff207b6ededf7a4812d299364ecd9aadb0b8c03f271c6b,inherited_team13_success
case_031,2,5,273240,7215360,1414369,5.176288244766505,team13,8f3837f18546a015cb75ac992e870e51f48659c1,A题研究/直接迭代/第十三轮成果/方案/p2/n5/case_031_multicore_res.json,方案/p2/n5/case_031_multicore_res.json,db1a721a153dead8a160be8f4c27f4efad5f669f5069fd969750f85c5ef558f2,inherited_team13_success
case_031,3,1,1414159,3491328,1414369,1.0001484981533193,team13,8f3837f18546a015cb75ac992e870e51f48659c1,A题研究/直接迭代/第十三轮成果/方案/p3/n1/case_031_multicore_res.json,方案/p3/n1/case_031_multicore_res.json,7c3d0446660a408e334d611381b548c690aba6247b90073486000223adbfe549,inherited_team13_success
case_031,3,2,716807,4631040,1414369,1.9731517688861855,team13,8f3837f18546a015cb75ac992e870e51f48659c1,A题研究/直接迭代/第十三轮成果/方案/p3/n2/case_031_multicore_res.json,方案/p3/n2/case_031_multicore_res.json,96c82ded30f1c4d30d6b2d1c99e47aac82f0d88bc3744897e371fac6239af734,inherited_team13_success
case_031,3,3,484869,7348224,1414369,2.917012636402822,team13,8f3837f18546a015cb75ac992e870e51f48659c1,A题研究/直接迭代/第十三轮成果/方案/p3/n3/case_031_multicore_res.json,方案/p3/n3/case_031_multicore_res.json,021cec4f3878ac7c0f98f6f37267ee64b75e4b22aad80d6396ca9194fb5aa821,inherited_team13_success
case_031,3,4,376640,5047296,1414369,3.7552278037383178,team13,8f3837f18546a015cb75ac992e870e51f48659c1,A题研究/直接迭代/第十三轮成果/方案/p3/n4/case_031_multicore_res.json,方案/p3/n4/case_031_multicore_res.json,d7ec588fc0889fb421ff207b6ededf7a4812d299364ecd9aadb0b8c03f271c6b,inherited_team13_success
case_031,3,5,273059,7215360,1414369,5.179719401301551,team13,8f3837f18546a015cb75ac992e870e51f48659c1,A题研究/直接迭代/第十三轮成果/方案/p3/n5/case_031_multicore_res.json,方案/p3/n5/case_031_multicore_res.json,8a654a58ce5321ab7e0e6b6d7a1a532011f773f5f5ff710076a82dd59ca152d0,inherited_team13_success
case_032,1,1,41443,0,41443,1.0,team13,8f3837f18546a015cb75ac992e870e51f48659c1,A题研究/直接迭代/第十三轮成果/方案/p1/n1/case_032_multicore_res.json,方案/p1/n1/case_032_multicore_res.json,a9ceb4e8f89c1d409957932188f57680d59683d0777c508274a83effc4b337e4,inherited_team13_success
case_032,1,2,20719,18504,41443,2.000241324388243,ours,238aafecf447488e1397467ddebe4d994477c899,A题研究/直接迭代/闭环验证_20260925/精选方案/case_032_p1_n2.json,方案/p1/n2/case_032_multicore_res.json,c27f5191a2ee6d34bb99185ac8f73ba8467bfbc22a4143d5b4151032a587e39d,fresh_import_replay
case_032,1,3,13587,12288,41443,3.050195039375874,ours,238aafecf447488e1397467ddebe4d994477c899,A题研究/直接迭代/闭环验证_20260925/精选方案/case_032_p1_n3.json,方案/p1/n3/case_032_multicore_res.json,a88d604f5e1985e448c57f3b51c5ca2102c4d00777328230ca85ceb6d5790740,fresh_import_replay
case_032,1,4,11010,6216,41443,3.7641235240690283,team13,8f3837f18546a015cb75ac992e870e51f48659c1,A题研究/直接迭代/第十三轮成果/方案/p1/n4/case_032_multicore_res.json,方案/p1/n4/case_032_multicore_res.json,c06a6aa5768ded2ccb4a1a1dcf0c9424ba964e17f79d175505fd4c1ff3bd8d60,inherited_team13_success
case_032,1,5,10110,55440,41443,4.099208704253215,ours,238aafecf447488e1397467ddebe4d994477c899,新增精选方案/p1/n5/case_032_multicore_res.json,方案/p1/n5/case_032_multicore_res.json,aed1ab03e9f3c216547191e62390902f009383f66a66641ffc48d9b8e3ea0097,fresh_import_replay
case_032,2,1,41443,0,41443,1.0,team13,8f3837f18546a015cb75ac992e870e51f48659c1,A题研究/直接迭代/第十三轮成果/方案/p2/n1/case_032_multicore_res.json,方案/p2/n1/case_032_multicore_res.json,60ddd5f57d925658951e8c3e8d87e745e45d0382bd021e24cb5a02efbd8aa575,inherited_team13_success
case_032,2,2,17325,6144,41443,2.392092352092352,team13,8f3837f18546a015cb75ac992e870e51f48659c1,A题研究/直接迭代/第十三轮成果/方案/p2/n2/case_032_multicore_res.json,方案/p2/n2/case_032_multicore_res.json,c6d49ffd4d4ddc967b3b30a4e76a7f8713b5993199b32aac6423790bbf66ff9c,inherited_team13_success
case_032,2,3,11865,6216,41443,3.4928782132321956,team13,8f3837f18546a015cb75ac992e870e51f48659c1,A题研究/直接迭代/第十三轮成果/方案/p2/n3/case_032_multicore_res.json,方案/p2/n3/case_032_multicore_res.json,53519036fb68bfbecece8d6b3c82baf973c7c906825678c0c1da07810c9a2beb,inherited_team13_success
case_032,2,4,9948,10240,41443,4.165963007639727,team13,8f3837f18546a015cb75ac992e870e51f48659c1,A题研究/直接迭代/第十三轮成果/方案/p2/n4/case_032_multicore_res.json,方案/p2/n4/case_032_multicore_res.json,f5662141e37194b63e6d4a44830b366cad8c000b7af5dbe838d986698e79dbc5,inherited_team13_success
case_032,2,5,9948,10240,41443,4.165963007639727,team13,8f3837f18546a015cb75ac992e870e51f48659c1,A题研究/直接迭代/第十三轮成果/方案/p2/n5/case_032_multicore_res.json,方案/p2/n5/case_032_multicore_res.json,12f12af628c31b10c864fa30ba610c6560602a841d4812a1107444ace14686d2,inherited_team13_success
case_032,3,1,41443,0,41443,1.0,team13,8f3837f18546a015cb75ac992e870e51f48659c1,A题研究/直接迭代/第十三轮成果/方案/p3/n1/case_032_multicore_res.json,方案/p3/n1/case_032_multicore_res.json,60ddd5f57d925658951e8c3e8d87e745e45d0382bd021e24cb5a02efbd8aa575,inherited_team13_success
case_032,3,2,17325,6144,41443,2.392092352092352,team13,8f3837f18546a015cb75ac992e870e51f48659c1,A题研究/直接迭代/第十三轮成果/方案/p3/n2/case_032_multicore_res.json,方案/p3/n2/case_032_multicore_res.json,c6d49ffd4d4ddc967b3b30a4e76a7f8713b5993199b32aac6423790bbf66ff9c,inherited_team13_success
case_032,3,3,11865,6216,41443,3.4928782132321956,team13,8f3837f18546a015cb75ac992e870e51f48659c1,A题研究/直接迭代/第十三轮成果/方案/p3/n3/case_032_multicore_res.json,方案/p3/n3/case_032_multicore_res.json,53519036fb68bfbecece8d6b3c82baf973c7c906825678c0c1da07810c9a2beb,inherited_team13_success
case_032,3,4,9917,10240,41443,4.178985580316628,team13,8f3837f18546a015cb75ac992e870e51f48659c1,A题研究/直接迭代/第十三轮成果/方案/p3/n4/case_032_multicore_res.json,方案/p3/n4/case_032_multicore_res.json,f5662141e37194b63e6d4a44830b366cad8c000b7af5dbe838d986698e79dbc5,inherited_team13_success
case_032,3,5,9829,92342,41443,4.216400447654899,ours,238aafecf447488e1397467ddebe4d994477c899,新增精选方案/p3/n5/case_032_multicore_res.json,方案/p3/n5/case_032_multicore_res.json,9c74831b83ff8ac8615f79b66b8f144372f7b5f0274cf8a82c6c357c0985b671,fresh_import_replay
case_033,1,1,1763349,4998144,1774196,1.0061513631164336,team13,8f3837f18546a015cb75ac992e870e51f48659c1,A题研究/直接迭代/第十三轮成果/方案/p1/n1/case_033_multicore_res.json,方案/p1/n1/case_033_multicore_res.json,373b48a9713f8d8b8b85e39b51c0b7b4115dd8617297d2655e5fc988a62500e8,inherited_team13_success
case_033,1,2,896305,6261792,1774196,1.9794556540463346,team13,8f3837f18546a015cb75ac992e870e51f48659c1,A题研究/直接迭代/第十三轮成果/方案/p1/n2/case_033_multicore_res.json,方案/p1/n2/case_033_multicore_res.json,15b44a31ab0cd9f5f854c226e9f43ec1cf11f3881cd72d14b2f5b6d30704eddc,inherited_team13_success
case_033,1,3,606115,6759456,1774196,2.9271606873283122,team13,8f3837f18546a015cb75ac992e870e51f48659c1,A题研究/直接迭代/第十三轮成果/方案/p1/n3/case_033_multicore_res.json,方案/p1/n3/case_033_multicore_res.json,085951b189fc3f750af5f0e703a900434a88137dad573c65b36898d4646802ab,inherited_team13_success
case_033,1,4,458833,6648384,1774196,3.8667576220542115,team13,8f3837f18546a015cb75ac992e870e51f48659c1,A题研究/直接迭代/第十三轮成果/方案/p1/n4/case_033_multicore_res.json,方案/p1/n4/case_033_multicore_res.json,97f5c66901331e485b42eba974294e42acb6a43aeda02056c44765559b6c22de,inherited_team13_success
case_033,1,5,368019,6668352,1774196,4.8209358755933795,team13,8f3837f18546a015cb75ac992e870e51f48659c1,A题研究/直接迭代/第十三轮成果/方案/p1/n5/case_033_multicore_res.json,方案/p1/n5/case_033_multicore_res.json,98dfffce625603425a704bbe48284c92fc76c6fc019c575f8593d21eec0c9ab1,inherited_team13_success
case_033,2,1,1774196,4592640,1774196,1.0,team13,8f3837f18546a015cb75ac992e870e51f48659c1,A题研究/直接迭代/第十三轮成果/方案/p2/n1/case_033_multicore_res.json,方案/p2/n1/case_033_multicore_res.json,b4fd90fbc124e5d2fd33a3d1267221afc5ff837f60c4c560728d95d4d6a5181b,inherited_team13_success
case_033,2,2,881861,5770272,1774196,2.011877155243287,team13,8f3837f18546a015cb75ac992e870e51f48659c1,A题研究/直接迭代/第十三轮成果/方案/p2/n2/case_033_multicore_res.json,方案/p2/n2/case_033_multicore_res.json,624c9bcf83cb7efe74012949a6997d2d82b07a10b61c399fde2a80b9c75aee26,inherited_team13_success
case_033,2,3,587547,6246432,1774196,3.01966651178544,team13,8f3837f18546a015cb75ac992e870e51f48659c1,A题研究/直接迭代/第十三轮成果/方案/p2/n3/case_033_multicore_res.json,方案/p2/n3/case_033_multicore_res.json,584ef093c4cc51fc66615ab4aabb4f822ef05871a3463571d16b32d1a4bb4243,inherited_team13_success
case_033,2,4,442361,5376576,1774196,4.010742357486307,team13,8f3837f18546a015cb75ac992e870e51f48659c1,A题研究/直接迭代/第十三轮成果/方案/p2/n4/case_033_multicore_res.json,方案/p2/n4/case_033_multicore_res.json,9b5dc8bcd4c6e2819dbe461fa16d639b8eb8d5ae3cebfbb4977ce4089342711e,inherited_team13_success
case_033,2,5,359574,7665792,1774196,4.934160979381157,ours,238aafecf447488e1397467ddebe4d994477c899,新增精选方案/p2/n5/case_033_multicore_res.json,方案/p2/n5/case_033_multicore_res.json,1e5cb62a601da34f36d6da42ec189c86e73615607132ea8c8afb494cd0f3e39d,fresh_import_replay
case_033,3,1,1774080,4592640,1774196,1.000065386002886,team13,8f3837f18546a015cb75ac992e870e51f48659c1,A题研究/直接迭代/第十三轮成果/方案/p3/n1/case_033_multicore_res.json,方案/p3/n1/case_033_multicore_res.json,b4fd90fbc124e5d2fd33a3d1267221afc5ff837f60c4c560728d95d4d6a5181b,inherited_team13_success
case_033,3,2,880331,5770272,1774196,2.0153737628233017,team13,8f3837f18546a015cb75ac992e870e51f48659c1,A题研究/直接迭代/第十三轮成果/方案/p3/n2/case_033_multicore_res.json,方案/p3/n2/case_033_multicore_res.json,624c9bcf83cb7efe74012949a6997d2d82b07a10b61c399fde2a80b9c75aee26,inherited_team13_success
case_033,3,3,586217,6246432,1774196,3.0265174841398323,team13,8f3837f18546a015cb75ac992e870e51f48659c1,A题研究/直接迭代/第十三轮成果/方案/p3/n3/case_033_multicore_res.json,方案/p3/n3/case_033_multicore_res.json,584ef093c4cc51fc66615ab4aabb4f822ef05871a3463571d16b32d1a4bb4243,inherited_team13_success
case_033,3,4,441272,5376576,1774196,4.020640330680397,team13,8f3837f18546a015cb75ac992e870e51f48659c1,A题研究/直接迭代/第十三轮成果/方案/p3/n4/case_033_multicore_res.json,方案/p3/n4/case_033_multicore_res.json,9b5dc8bcd4c6e2819dbe461fa16d639b8eb8d5ae3cebfbb4977ce4089342711e,inherited_team13_success
case_033,3,5,356432,16531092,1774196,4.977656327153566,ours,238aafecf447488e1397467ddebe4d994477c899,新增精选方案/p3/n5/case_033_multicore_res.json,方案/p3/n5/case_033_multicore_res.json,84dd04564208035556dd346c978626b9f396e465773ada18f37104d60cdcaae8,fresh_import_replay
case_034,1,1,837634,1579032,842996,1.0064013638414868,team13,8f3837f18546a015cb75ac992e870e51f48659c1,A题研究/直接迭代/第十三轮成果/方案/p1/n1/case_034_multicore_res.json,方案/p1/n1/case_034_multicore_res.json,0956768230ac4b617a271de928f865d8dcd7c75406aad5d61dc8af33dbaeb0ec,inherited_team13_success
case_034,1,2,415539,1182720,842996,2.028680821776055,team13,8f3837f18546a015cb75ac992e870e51f48659c1,A题研究/直接迭代/第十三轮成果/方案/p1/n2/case_034_multicore_res.json,方案/p1/n2/case_034_multicore_res.json,d5c4f2fda0adada1688d654635a3e13bf05e13adfdc46c1a0ae1b1079a3cf14b,inherited_team13_success
case_034,1,3,278077,2015744,842996,3.031520046605796,team13,8f3837f18546a015cb75ac992e870e51f48659c1,A题研究/直接迭代/第十三轮成果/方案/p1/n3/case_034_multicore_res.json,方案/p1/n3/case_034_multicore_res.json,8abddb8155934a9ccd10bdc906938d9bce4303ed8c24d485a4cf0d7b1c1d4ce9,inherited_team13_success
case_034,1,4,211980,3116544,842996,3.976771393527691,team13,8f3837f18546a015cb75ac992e870e51f48659c1,A题研究/直接迭代/第十三轮成果/方案/p1/n4/case_034_multicore_res.json,方案/p1/n4/case_034_multicore_res.json,e6ace1b2112273756519ac0261da36d58526d92713ef64014e50247d5de63aa9,inherited_team13_success
case_034,1,5,165049,2903040,842996,5.107549879126805,joint_panel_joint,2362dd73dd4be460e35ce9302e0521f0934e5de6,/home/konglingrui/.mathmodel/questionA/统一算法迭代/A题研究/直接迭代/联合整合_20260926/同预算对照/slots/validation/case_034/p1_n5/joint/summary.json,方案/p1/n5/case_034_multicore_res.json,02b6ad0f7279e339aa545d9b164e16a12fb5e4a14a9f5854511b5a69c67a8f1b,fresh_panel_winner_replay
case_034,2,1,842996,1079832,842996,1.0,team13,8f3837f18546a015cb75ac992e870e51f48659c1,A题研究/直接迭代/第十三轮成果/方案/p2/n1/case_034_multicore_res.json,方案/p2/n1/case_034_multicore_res.json,f37b25d622ae067922122fa161ab74897bf1f4bcae79bc5c1b6df3b13c774306,inherited_team13_success
case_034,2,2,380968,1078784,842996,2.212773776275173,team13,8f3837f18546a015cb75ac992e870e51f48659c1,A题研究/直接迭代/第十三轮成果/方案/p2/n2/case_034_multicore_res.json,方案/p2/n2/case_034_multicore_res.json,0aa251169f901f8177e4a47882225094da5dab1b054396279008766e9e012775,inherited_team13_success
case_034,2,3,256145,1893376,842996,3.2910890316031933,team13,8f3837f18546a015cb75ac992e870e51f48659c1,A题研究/直接迭代/第十三轮成果/方案/p2/n3/case_034_multicore_res.json,方案/p2/n3/case_034_multicore_res.json,cc29be4ef4bb9273b68eefbe1f3ad998733c8677f24ad07c753117fff30cce5d,inherited_team13_success
case_034,2,4,192378,2357760,842996,4.381977149154269,team13,8f3837f18546a015cb75ac992e870e51f48659c1,A题研究/直接迭代/第十三轮成果/方案/p2/n4/case_034_multicore_res.json,方案/p2/n4/case_034_multicore_res.json,62da96950b4d6ae27c3c18c2eed005765224a066e0bb9054d1612edc51200ce5,inherited_team13_success
case_034,2,5,158846,2807808,842996,5.30700175012276,joint_panel_joint,2362dd73dd4be460e35ce9302e0521f0934e5de6,/home/konglingrui/.mathmodel/questionA/统一算法迭代/A题研究/直接迭代/联合整合_20260926/同预算对照/slots/validation/case_034/p2_n5/joint/summary.json,方案/p2/n5/case_034_multicore_res.json,45949321f64018065e17af17a2f0b8521057419ddcaa6e4a84122c7c366dc74b,fresh_panel_winner_replay
case_034,3,1,842733,1079832,842996,1.0003120798639664,team13,8f3837f18546a015cb75ac992e870e51f48659c1,A题研究/直接迭代/第十三轮成果/方案/p3/n1/case_034_multicore_res.json,方案/p3/n1/case_034_multicore_res.json,f37b25d622ae067922122fa161ab74897bf1f4bcae79bc5c1b6df3b13c774306,inherited_team13_success
case_034,3,2,380968,1078784,842996,2.212773776275173,team13,8f3837f18546a015cb75ac992e870e51f48659c1,A题研究/直接迭代/第十三轮成果/方案/p3/n2/case_034_multicore_res.json,方案/p3/n2/case_034_multicore_res.json,0aa251169f901f8177e4a47882225094da5dab1b054396279008766e9e012775,inherited_team13_success
case_034,3,3,256145,1893376,842996,3.2910890316031933,team13,8f3837f18546a015cb75ac992e870e51f48659c1,A题研究/直接迭代/第十三轮成果/方案/p3/n3/case_034_multicore_res.json,方案/p3/n3/case_034_multicore_res.json,cc29be4ef4bb9273b68eefbe1f3ad998733c8677f24ad07c753117fff30cce5d,inherited_team13_success
case_034,3,4,192378,2357760,842996,4.381977149154269,team13,8f3837f18546a015cb75ac992e870e51f48659c1,A题研究/直接迭代/第十三轮成果/方案/p3/n4/case_034_multicore_res.json,方案/p3/n4/case_034_multicore_res.json,62da96950b4d6ae27c3c18c2eed005765224a066e0bb9054d1612edc51200ce5,inherited_team13_success
case_034,3,5,158621,2807808,842996,5.3145296020073,joint_panel_joint,2362dd73dd4be460e35ce9302e0521f0934e5de6,/home/konglingrui/.mathmodel/questionA/统一算法迭代/A题研究/直接迭代/联合整合_20260926/同预算对照/slots/validation/case_034/p3_n5/joint/summary.json,方案/p3/n5/case_034_multicore_res.json,45949321f64018065e17af17a2f0b8521057419ddcaa6e4a84122c7c366dc74b,fresh_panel_winner_replay
case_035,1,1,171025,56588,169571,0.9914983189592165,team13,8f3837f18546a015cb75ac992e870e51f48659c1,A题研究/直接迭代/第十三轮成果/方案/p1/n1/case_035_multicore_res.json,方案/p1/n1/case_035_multicore_res.json,711f684a1c36624861d45831492b43a7ce71596e004717d5107c6dd3ede57a63,inherited_team13_success
case_035,1,2,95406,0,169571,1.7773620107750037,team13,8f3837f18546a015cb75ac992e870e51f48659c1,A题研究/直接迭代/第十三轮成果/方案/p1/n2/case_035_multicore_res.json,方案/p1/n2/case_035_multicore_res.json,947e5e4911b3c340de35bb04005a5f6f44d3e0db2720155fbceabc26a0efaf10,inherited_team13_success
case_035,1,3,95406,0,169571,1.7773620107750037,team13,8f3837f18546a015cb75ac992e870e51f48659c1,A题研究/直接迭代/第十三轮成果/方案/p1/n3/case_035_multicore_res.json,方案/p1/n3/case_035_multicore_res.json,01ffd6e4230d132c5bcad71f47a65b6d047c88fec669914c0a4409f33b322ce6,inherited_team13_success
case_035,1,4,95406,0,169571,1.7773620107750037,team13,8f3837f18546a015cb75ac992e870e51f48659c1,A题研究/直接迭代/第十三轮成果/方案/p1/n4/case_035_multicore_res.json,方案/p1/n4/case_035_multicore_res.json,d082464d6357b47c0e886aed342cdc8fe2e509c46ee3f026ab8d6c496c08178d,inherited_team13_success
case_035,1,5,90079,1379966,169571,1.8824698320363236,team13,8f3837f18546a015cb75ac992e870e51f48659c1,A题研究/直接迭代/第十三轮成果/方案/p1/n5/case_035_multicore_res.json,方案/p1/n5/case_035_multicore_res.json,e09bfe32477592dbc6ae6088b58500405d40e4589ef5effdde3d398db3fbe1cb,inherited_team13_success
case_035,2,1,169571,0,169571,1.0,team13,8f3837f18546a015cb75ac992e870e51f48659c1,A题研究/直接迭代/第十三轮成果/方案/p2/n1/case_035_multicore_res.json,方案/p2/n1/case_035_multicore_res.json,360b991c98ecec7e6fec5e7256d1205f8277fb226dabbf38d1d90e6bc4d8bf2b,inherited_team13_success
case_035,2,2,92625,0,169571,1.8307260458839407,team13,8f3837f18546a015cb75ac992e870e51f48659c1,A题研究/直接迭代/第十三轮成果/方案/p2/n2/case_035_multicore_res.json,方案/p2/n2/case_035_multicore_res.json,a0a0cb637c3b4e1e4fcafec9f063b5ef2e8b320ceeeeaf9a2d1a15281271cc74,inherited_team13_success
case_035,2,3,89161,0,169571,1.9018517064635883,team13,8f3837f18546a015cb75ac992e870e51f48659c1,A题研究/直接迭代/第十三轮成果/方案/p2/n3/case_035_multicore_res.json,方案/p2/n3/case_035_multicore_res.json,361890b62dde70102893579bec2010942cfe0ba45920239f2849835d290db1e3,inherited_team13_success
case_035,2,4,57103,1119718,169571,2.969563770730084,team13,8f3837f18546a015cb75ac992e870e51f48659c1,A题研究/直接迭代/第十三轮成果/方案/p2/n4/case_035_multicore_res.json,方案/p2/n4/case_035_multicore_res.json,509062860e6efdcddc8d057bd00f26f817bc286cf66eb88b22d6ce78bfad3b6d,inherited_team13_success
case_035,2,5,51821,1130532,169571,3.2722448428243376,team13,8f3837f18546a015cb75ac992e870e51f48659c1,A题研究/直接迭代/第十三轮成果/方案/p2/n5/case_035_multicore_res.json,方案/p2/n5/case_035_multicore_res.json,bf4b5621ddbb4b9576345e6785c43b9944f529ae60de1aea0e9a2151a3f304ff,inherited_team13_success
case_035,3,1,169571,0,169571,1.0,team13,8f3837f18546a015cb75ac992e870e51f48659c1,A题研究/直接迭代/第十三轮成果/方案/p3/n1/case_035_multicore_res.json,方案/p3/n1/case_035_multicore_res.json,360b991c98ecec7e6fec5e7256d1205f8277fb226dabbf38d1d90e6bc4d8bf2b,inherited_team13_success
case_035,3,2,92625,0,169571,1.8307260458839407,team13,8f3837f18546a015cb75ac992e870e51f48659c1,A题研究/直接迭代/第十三轮成果/方案/p3/n2/case_035_multicore_res.json,方案/p3/n2/case_035_multicore_res.json,a0a0cb637c3b4e1e4fcafec9f063b5ef2e8b320ceeeeaf9a2d1a15281271cc74,inherited_team13_success
case_035,3,3,89161,0,169571,1.9018517064635883,team13,8f3837f18546a015cb75ac992e870e51f48659c1,A题研究/直接迭代/第十三轮成果/方案/p3/n3/case_035_multicore_res.json,方案/p3/n3/case_035_multicore_res.json,361890b62dde70102893579bec2010942cfe0ba45920239f2849835d290db1e3,inherited_team13_success
case_035,3,4,56560,1119718,169571,2.9980728429985857,team13,8f3837f18546a015cb75ac992e870e51f48659c1,A题研究/直接迭代/第十三轮成果/方案/p3/n4/case_035_multicore_res.json,方案/p3/n4/case_035_multicore_res.json,509062860e6efdcddc8d057bd00f26f817bc286cf66eb88b22d6ce78bfad3b6d,inherited_team13_success
case_035,3,5,51103,1130532,169571,3.318220065358198,team13,8f3837f18546a015cb75ac992e870e51f48659c1,A题研究/直接迭代/第十三轮成果/方案/p3/n5/case_035_multicore_res.json,方案/p3/n5/case_035_multicore_res.json,bf4b5621ddbb4b9576345e6785c43b9944f529ae60de1aea0e9a2151a3f304ff,inherited_team13_success
case_036,1,1,932330,2304,931510,0.9991204830907511,team13,8f3837f18546a015cb75ac992e870e51f48659c1,A题研究/直接迭代/第十三轮成果/方案/p1/n1/case_036_multicore_res.json,方案/p1/n1/case_036_multicore_res.json,28a15192d4d4caf967ee485c6bed12fed678aa9f2c58e16e734127bf1d070c5a,inherited_team13_success
case_036,1,2,466068,1152,931510,1.998656848356892,team13,8f3837f18546a015cb75ac992e870e51f48659c1,A题研究/直接迭代/第十三轮成果/方案/p1/n2/case_036_multicore_res.json,方案/p1/n2/case_036_multicore_res.json,dae1deaecab09bc6c8790ca13ec4a547b1618902c218b9bfe6ee2d5e690a7668,inherited_team13_success
case_036,1,3,311345,2304,931510,2.991890025534375,team13,8f3837f18546a015cb75ac992e870e51f48659c1,A题研究/直接迭代/第十三轮成果/方案/p1/n3/case_036_multicore_res.json,方案/p1/n3/case_036_multicore_res.json,73c36324e6b64065b59e023f89df2d92fe01140290ba3a25785b92e670d58d23,inherited_team13_success
case_036,1,4,233584,3456,931510,3.987901568600589,team13,8f3837f18546a015cb75ac992e870e51f48659c1,A题研究/直接迭代/第十三轮成果/方案/p1/n4/case_036_multicore_res.json,方案/p1/n4/case_036_multicore_res.json,2880f10912e4e6e619a681359c6f5884e943f76d3cdfd95044f6928565386f93,inherited_team13_success
case_036,1,5,187182,4608,931510,4.976493466252097,team13,8f3837f18546a015cb75ac992e870e51f48659c1,A题研究/直接迭代/第十三轮成果/方案/p1/n5/case_036_multicore_res.json,方案/p1/n5/case_036_multicore_res.json,a8ec22794d86949a719bf8210c3210fda5bfb9c3340186eb2d8fe2ac97ccdf9a,inherited_team13_success
case_036,2,1,931510,0,931510,1.0,team13,8f3837f18546a015cb75ac992e870e51f48659c1,A题研究/直接迭代/第十三轮成果/方案/p2/n1/case_036_multicore_res.json,方案/p2/n1/case_036_multicore_res.json,38101a43b9026fec2a78434bb9d955002a6fe9d1833283d19f857abe0fca5645,inherited_team13_success
case_036,2,2,466068,1152,931510,1.998656848356892,team13,8f3837f18546a015cb75ac992e870e51f48659c1,A题研究/直接迭代/第十三轮成果/方案/p2/n2/case_036_multicore_res.json,方案/p2/n2/case_036_multicore_res.json,dae1deaecab09bc6c8790ca13ec4a547b1618902c218b9bfe6ee2d5e690a7668,inherited_team13_success
case_036,2,3,311345,2304,931510,2.991890025534375,team13,8f3837f18546a015cb75ac992e870e51f48659c1,A题研究/直接迭代/第十三轮成果/方案/p2/n3/case_036_multicore_res.json,方案/p2/n3/case_036_multicore_res.json,73c36324e6b64065b59e023f89df2d92fe01140290ba3a25785b92e670d58d23,inherited_team13_success
case_036,2,4,233584,3456,931510,3.987901568600589,team13,8f3837f18546a015cb75ac992e870e51f48659c1,A题研究/直接迭代/第十三轮成果/方案/p2/n4/case_036_multicore_res.json,方案/p2/n4/case_036_multicore_res.json,2880f10912e4e6e619a681359c6f5884e943f76d3cdfd95044f6928565386f93,inherited_team13_success
case_036,2,5,187182,4608,931510,4.976493466252097,team13,8f3837f18546a015cb75ac992e870e51f48659c1,A题研究/直接迭代/第十三轮成果/方案/p2/n5/case_036_multicore_res.json,方案/p2/n5/case_036_multicore_res.json,a8ec22794d86949a719bf8210c3210fda5bfb9c3340186eb2d8fe2ac97ccdf9a,inherited_team13_success
case_036,3,1,931510,0,931510,1.0,team13,8f3837f18546a015cb75ac992e870e51f48659c1,A题研究/直接迭代/第十三轮成果/方案/p3/n1/case_036_multicore_res.json,方案/p3/n1/case_036_multicore_res.json,38101a43b9026fec2a78434bb9d955002a6fe9d1833283d19f857abe0fca5645,inherited_team13_success
case_036,3,2,466068,1152,931510,1.998656848356892,team13,8f3837f18546a015cb75ac992e870e51f48659c1,A题研究/直接迭代/第十三轮成果/方案/p3/n2/case_036_multicore_res.json,方案/p3/n2/case_036_multicore_res.json,dae1deaecab09bc6c8790ca13ec4a547b1618902c218b9bfe6ee2d5e690a7668,inherited_team13_success
case_036,3,3,311345,2304,931510,2.991890025534375,team13,8f3837f18546a015cb75ac992e870e51f48659c1,A题研究/直接迭代/第十三轮成果/方案/p3/n3/case_036_multicore_res.json,方案/p3/n3/case_036_multicore_res.json,73c36324e6b64065b59e023f89df2d92fe01140290ba3a25785b92e670d58d23,inherited_team13_success
case_036,3,4,233584,3456,931510,3.987901568600589,team13,8f3837f18546a015cb75ac992e870e51f48659c1,A题研究/直接迭代/第十三轮成果/方案/p3/n4/case_036_multicore_res.json,方案/p3/n4/case_036_multicore_res.json,2880f10912e4e6e619a681359c6f5884e943f76d3cdfd95044f6928565386f93,inherited_team13_success
case_036,3,5,187182,4608,931510,4.976493466252097,team13,8f3837f18546a015cb75ac992e870e51f48659c1,A题研究/直接迭代/第十三轮成果/方案/p3/n5/case_036_multicore_res.json,方案/p3/n5/case_036_multicore_res.json,a8ec22794d86949a719bf8210c3210fda5bfb9c3340186eb2d8fe2ac97ccdf9a,inherited_team13_success
case_037,1,1,210001,0,210001,1.0,team13,8f3837f18546a015cb75ac992e870e51f48659c1,A题研究/直接迭代/第十三轮成果/方案/p1/n1/case_037_multicore_res.json,方案/p1/n1/case_037_multicore_res.json,a302a78cacce8f1c23f088526d325f927014b1a1f89c5f548627deb68e4d76c2,inherited_team13_success
case_037,1,2,105374,204800,210001,1.992910964754114,team13,8f3837f18546a015cb75ac992e870e51f48659c1,A题研究/直接迭代/第十三轮成果/方案/p1/n2/case_037_multicore_res.json,方案/p1/n2/case_037_multicore_res.json,748332ae233720ec3bc240fe5fdb5f47a2880929682f5f25dfd4848361aa04a4,inherited_team13_success
case_037,1,3,74038,1064960,210001,2.836394824279424,team13,8f3837f18546a015cb75ac992e870e51f48659c1,A题研究/直接迭代/第十三轮成果/方案/p1/n3/case_037_multicore_res.json,方案/p1/n3/case_037_multicore_res.json,c679177b896eb36edb2b46ced84143a3a08c5d4ef6f3c30c36673178a057cfb4,inherited_team13_success
case_037,1,4,53320,614400,210001,3.938503375843961,team13,8f3837f18546a015cb75ac992e870e51f48659c1,A题研究/直接迭代/第十三轮成果/方案/p1/n4/case_037_multicore_res.json,方案/p1/n4/case_037_multicore_res.json,5220cecec1cf11c7a25c1e6b0e1b19957e0a28998106c06eecb53c9108153cd0,inherited_team13_success
case_037,1,5,43013,778240,210001,4.882268151489085,team13,8f3837f18546a015cb75ac992e870e51f48659c1,A题研究/直接迭代/第十三轮成果/方案/p1/n5/case_037_multicore_res.json,方案/p1/n5/case_037_multicore_res.json,0129dade4fa999336c74537531636ff56a00988ae8d4de5bbb996c7d6e4aa628,inherited_team13_success
case_037,2,1,210001,0,210001,1.0,team13,8f3837f18546a015cb75ac992e870e51f48659c1,A题研究/直接迭代/第十三轮成果/方案/p2/n1/case_037_multicore_res.json,方案/p2/n1/case_037_multicore_res.json,a302a78cacce8f1c23f088526d325f927014b1a1f89c5f548627deb68e4d76c2,inherited_team13_success
case_037,2,2,105374,204800,210001,1.992910964754114,team13,8f3837f18546a015cb75ac992e870e51f48659c1,A题研究/直接迭代/第十三轮成果/方案/p2/n2/case_037_multicore_res.json,方案/p2/n2/case_037_multicore_res.json,748332ae233720ec3bc240fe5fdb5f47a2880929682f5f25dfd4848361aa04a4,inherited_team13_success
case_037,2,3,74038,491520,210001,2.836394824279424,team13,8f3837f18546a015cb75ac992e870e51f48659c1,A题研究/直接迭代/第十三轮成果/方案/p2/n3/case_037_multicore_res.json,方案/p2/n3/case_037_multicore_res.json,f279c37c1840305250bf80356e08d94f34deca5a42cdd75b5644a927e4d4ac5d,inherited_team13_success
case_037,2,4,53320,614400,210001,3.938503375843961,team13,8f3837f18546a015cb75ac992e870e51f48659c1,A题研究/直接迭代/第十三轮成果/方案/p2/n4/case_037_multicore_res.json,方案/p2/n4/case_037_multicore_res.json,087be0f1cc98551a72e6d86da49de46d5162ee5958def9e2e6b6241302482a25,inherited_team13_success
case_037,2,5,43013,778240,210001,4.882268151489085,team13,8f3837f18546a015cb75ac992e870e51f48659c1,A题研究/直接迭代/第十三轮成果/方案/p2/n5/case_037_multicore_res.json,方案/p2/n5/case_037_multicore_res.json,4aa7e2d81681ee56802a32a8224932b5ae960a12353369f4a7f1d735b45ec629,inherited_team13_success
case_037,3,1,210001,0,210001,1.0,team13,8f3837f18546a015cb75ac992e870e51f48659c1,A题研究/直接迭代/第十三轮成果/方案/p3/n1/case_037_multicore_res.json,方案/p3/n1/case_037_multicore_res.json,a302a78cacce8f1c23f088526d325f927014b1a1f89c5f548627deb68e4d76c2,inherited_team13_success
case_037,3,2,105374,204800,210001,1.992910964754114,team13,8f3837f18546a015cb75ac992e870e51f48659c1,A题研究/直接迭代/第十三轮成果/方案/p3/n2/case_037_multicore_res.json,方案/p3/n2/case_037_multicore_res.json,748332ae233720ec3bc240fe5fdb5f47a2880929682f5f25dfd4848361aa04a4,inherited_team13_success
case_037,3,3,74038,491520,210001,2.836394824279424,team13,8f3837f18546a015cb75ac992e870e51f48659c1,A题研究/直接迭代/第十三轮成果/方案/p3/n3/case_037_multicore_res.json,方案/p3/n3/case_037_multicore_res.json,ad5a1b03e418282acf4472bf3fcac0eb8c57f1d468f38dcb2c9d8e86b62c7614,inherited_team13_success
case_037,3,4,53320,614400,210001,3.938503375843961,team13,8f3837f18546a015cb75ac992e870e51f48659c1,A题研究/直接迭代/第十三轮成果/方案/p3/n4/case_037_multicore_res.json,方案/p3/n4/case_037_multicore_res.json,5220cecec1cf11c7a25c1e6b0e1b19957e0a28998106c06eecb53c9108153cd0,inherited_team13_success
case_037,3,5,43013,778240,210001,4.882268151489085,team13,8f3837f18546a015cb75ac992e870e51f48659c1,A题研究/直接迭代/第十三轮成果/方案/p3/n5/case_037_multicore_res.json,方案/p3/n5/case_037_multicore_res.json,4aa7e2d81681ee56802a32a8224932b5ae960a12353369f4a7f1d735b45ec629,inherited_team13_success
case_038,1,1,1353756,7113216,1364555,1.0079770652909388,team13,8f3837f18546a015cb75ac992e870e51f48659c1,A题研究/直接迭代/第十三轮成果/方案/p1/n1/case_038_multicore_res.json,方案/p1/n1/case_038_multicore_res.json,c3a6bf6b294e710329785a5c7ba14aed0181669d0e3258f9216cb111bf3995b9,inherited_team13_success
case_038,1,2,681518,6790656,1364555,2.002228847954126,team13,8f3837f18546a015cb75ac992e870e51f48659c1,A题研究/直接迭代/第十三轮成果/方案/p1/n2/case_038_multicore_res.json,方案/p1/n2/case_038_multicore_res.json,322252917a96e6feee566049788739adf2644a3e3a0ca97c2fdea5c96691a32e,inherited_team13_success
case_038,1,3,456502,7908864,1364555,2.9891544834414745,team13,8f3837f18546a015cb75ac992e870e51f48659c1,A题研究/直接迭代/第十三轮成果/方案/p1/n3/case_038_multicore_res.json,方案/p1/n3/case_038_multicore_res.json,767b2592754157aabd5c85d91132cf277700d307dd57dd9b41a289b9750b17ef,inherited_team13_success
case_038,1,4,345206,9295872,1364555,3.9528716186856543,team13,8f3837f18546a015cb75ac992e870e51f48659c1,A题研究/直接迭代/第十三轮成果/方案/p1/n4/case_038_multicore_res.json,方案/p1/n4/case_038_multicore_res.json,0cd23b023142a689882340f9e0331bfc1c18e94005a0d87659a08e6e090655a3,inherited_team13_success
case_038,1,5,276053,8454144,1364555,4.943090638391903,team13,8f3837f18546a015cb75ac992e870e51f48659c1,A题研究/直接迭代/第十三轮成果/方案/p1/n5/case_038_multicore_res.json,方案/p1/n5/case_038_multicore_res.json,3ad1de6cb3c1c8e2c32d98a152828d9f3c194160769a690a97161aa3e47aaaef,inherited_team13_success
case_038,2,1,1364555,5627904,1364555,1.0,team13,8f3837f18546a015cb75ac992e870e51f48659c1,A题研究/直接迭代/第十三轮成果/方案/p2/n1/case_038_multicore_res.json,方案/p2/n1/case_038_multicore_res.json,9a812a0b25fa141e08aac1d9d02e5a2f9d3da0f3582355bf5689162d7061be22,inherited_team13_success
case_038,2,2,677265,6798848,1364555,2.014802182306778,team13,8f3837f18546a015cb75ac992e870e51f48659c1,A题研究/直接迭代/第十三轮成果/方案/p2/n2/case_038_multicore_res.json,方案/p2/n2/case_038_multicore_res.json,100b436055228deaf726edff2227f06057aa6cfdbd07e5c53c1242f310ecbd7e,inherited_team13_success
case_038,2,3,457910,5497344,1364555,2.9799633115677753,team13,8f3837f18546a015cb75ac992e870e51f48659c1,A题研究/直接迭代/第十三轮成果/方案/p2/n3/case_038_multicore_res.json,方案/p2/n3/case_038_multicore_res.json,3ae6e60a3b7da2e2f832a3ef24d4745f097f01cd3a2d535a3b9762c42402822a,inherited_team13_success
case_038,2,4,339551,6811648,1364555,4.0187041121952225,team13,8f3837f18546a015cb75ac992e870e51f48659c1,A题研究/直接迭代/第十三轮成果/方案/p2/n4/case_038_multicore_res.json,方案/p2/n4/case_038_multicore_res.json,39525b3b941e037dfff3f45a7190ba7b4cc361e117f76e0fdb5908d3534af67c,inherited_team13_success
case_038,2,5,274362,7547392,1364555,4.973556833672301,ours,238aafecf447488e1397467ddebe4d994477c899,新增精选方案/p2/n5/case_038_multicore_res.json,方案/p2/n5/case_038_multicore_res.json,2a61b3a0c29fd0cc262213cb60913c7b017f52b6aff95e1aee67aed0cff9ffcb,fresh_import_replay
case_038,3,1,1363312,5627904,1364555,1.0009117502083162,team13,8f3837f18546a015cb75ac992e870e51f48659c1,A题研究/直接迭代/第十三轮成果/方案/p3/n1/case_038_multicore_res.json,方案/p3/n1/case_038_multicore_res.json,9a812a0b25fa141e08aac1d9d02e5a2f9d3da0f3582355bf5689162d7061be22,inherited_team13_success
case_038,3,2,677060,6798848,1364555,2.015412223436623,team13,8f3837f18546a015cb75ac992e870e51f48659c1,A题研究/直接迭代/第十三轮成果/方案/p3/n2/case_038_multicore_res.json,方案/p3/n2/case_038_multicore_res.json,100b436055228deaf726edff2227f06057aa6cfdbd07e5c53c1242f310ecbd7e,inherited_team13_success
case_038,3,3,457545,5411328,1364555,2.9823405348107834,team13,8f3837f18546a015cb75ac992e870e51f48659c1,A题研究/直接迭代/第十三轮成果/方案/p3/n3/case_038_multicore_res.json,方案/p3/n3/case_038_multicore_res.json,d96f7e087f98f8be7dc8e490c467d9cf267b3d2b7f458cc8420e30246de334c2,inherited_team13_success
case_038,3,4,337655,6811648,1364555,4.0412699352889785,team13,8f3837f18546a015cb75ac992e870e51f48659c1,A题研究/直接迭代/第十三轮成果/方案/p3/n4/case_038_multicore_res.json,方案/p3/n4/case_038_multicore_res.json,1ced51b137b489f7668abd83a5c1ecae717f30616fc6afd7e9a64e4eb078e7c2,inherited_team13_success
case_038,3,5,274634,7870464,1364555,4.968630977956116,ours,238aafecf447488e1397467ddebe4d994477c899,新增精选方案/p3/n5/case_038_multicore_res.json,方案/p3/n5/case_038_multicore_res.json,303893a128886491d391457de1d400f1f2c2618be9e6bd617b3db83fd4ccd8a4,fresh_import_replay
case_039,1,1,1408153,10416128,1435262,1.019251459180927,team13,8f3837f18546a015cb75ac992e870e51f48659c1,A题研究/直接迭代/第十三轮成果/方案/p1/n1/case_039_multicore_res.json,方案/p1/n1/case_039_multicore_res.json,d50a5adfc246085974900b985071cb559a7960937482fe6add4e9a884ba64dad,inherited_team13_success
case_039,1,2,707704,9543680,1435262,2.028054101714841,team13,8f3837f18546a015cb75ac992e870e51f48659c1,A题研究/直接迭代/第十三轮成果/方案/p1/n2/case_039_multicore_res.json,方案/p1/n2/case_039_multicore_res.json,c72bd7fc153987ecd69e8b4a3056e14067c1bbd46d425d625ee12d4b7ad320bf,inherited_team13_success
case_039,1,3,485565,14323712,1435262,2.9558596686334475,team13,8f3837f18546a015cb75ac992e870e51f48659c1,A题研究/直接迭代/第十三轮成果/方案/p1/n3/case_039_multicore_res.json,方案/p1/n3/case_039_multicore_res.json,dc2765760fca3392445effdddfcfec357d3fd8e9ac72c48f5c2b35e3dcc62647,inherited_team13_success
case_039,1,4,387558,11976704,1435262,3.703347627967943,team13,8f3837f18546a015cb75ac992e870e51f48659c1,A题研究/直接迭代/第十三轮成果/方案/p1/n4/case_039_multicore_res.json,方案/p1/n4/case_039_multicore_res.json,830135ff8efcb1a5c3574be9b8a09c26d6370dba15b3d48423e608a5cc11cbfa,inherited_team13_success
case_039,1,5,316542,9805824,1435262,4.534191355333573,team13,8f3837f18546a015cb75ac992e870e51f48659c1,A题研究/直接迭代/第十三轮成果/方案/p1/n5/case_039_multicore_res.json,方案/p1/n5/case_039_multicore_res.json,a28b86e7ea3726b18e3f03a26ad1bac6fe282b4bc0e9e752e8ab0683b0bb0906,inherited_team13_success
case_039,2,1,1435262,7929856,1435262,1.0,team13,8f3837f18546a015cb75ac992e870e51f48659c1,A题研究/直接迭代/第十三轮成果/方案/p2/n1/case_039_multicore_res.json,方案/p2/n1/case_039_multicore_res.json,0f7e7df55f32f179125c37bccd3763153b6ae6619add5729314f0ec3dd5ac087,inherited_team13_success
case_039,2,2,707094,19521536,1435262,2.0298036753246387,team13,8f3837f18546a015cb75ac992e870e51f48659c1,A题研究/直接迭代/第十三轮成果/方案/p2/n2/case_039_multicore_res.json,方案/p2/n2/case_039_multicore_res.json,a9428e2c7f6973f002b354f71d43b747e5872eabfe5ad3c50f8d9c10bdfa1267,inherited_team13_success
case_039,2,3,483565,14925824,1435262,2.9680849523848916,team13,8f3837f18546a015cb75ac992e870e51f48659c1,A题研究/直接迭代/第十三轮成果/方案/p2/n3/case_039_multicore_res.json,方案/p2/n3/case_039_multicore_res.json,11287139872d816303ed6a5b44531bd2c9d5df9cbcf49458551e1425b0776fb1,inherited_team13_success
case_039,2,4,373028,12165120,1435262,3.8475985716889887,team13,8f3837f18546a015cb75ac992e870e51f48659c1,A题研究/直接迭代/第十三轮成果/方案/p2/n4/case_039_multicore_res.json,方案/p2/n4/case_039_multicore_res.json,fa87e4a3e6279983671f5aedf23794ab1952d1117e03129032a0479bda333541,inherited_team13_success
case_039,2,5,308167,10448896,1435262,4.657416271047841,team13,8f3837f18546a015cb75ac992e870e51f48659c1,A题研究/直接迭代/第十三轮成果/方案/p2/n5/case_039_multicore_res.json,方案/p2/n5/case_039_multicore_res.json,67e1e61de5fcb983ea1ed7e6206c7aecc963b2906b64bb43510e782cba445622,inherited_team13_success
case_039,3,1,1435262,7929856,1435262,1.0,team13,8f3837f18546a015cb75ac992e870e51f48659c1,A题研究/直接迭代/第十三轮成果/方案/p3/n1/case_039_multicore_res.json,方案/p3/n1/case_039_multicore_res.json,0f7e7df55f32f179125c37bccd3763153b6ae6619add5729314f0ec3dd5ac087,inherited_team13_success
case_039,3,2,705335,11067392,1435262,2.0348657021131804,team13,8f3837f18546a015cb75ac992e870e51f48659c1,A题研究/直接迭代/第十三轮成果/方案/p3/n2/case_039_multicore_res.json,方案/p3/n2/case_039_multicore_res.json,7e2a55cd1265d63893151216af0abe3601a2c78f2e4249b96dc1baa4f7b1a85b,inherited_team13_success
case_039,3,3,481474,14344192,1435262,2.980975088997537,team13,8f3837f18546a015cb75ac992e870e51f48659c1,A题研究/直接迭代/第十三轮成果/方案/p3/n3/case_039_multicore_res.json,方案/p3/n3/case_039_multicore_res.json,d82d920796e57596bfe9d6664a1c867bf006216b998a788714b778b22ac6951d,inherited_team13_success
case_039,3,4,367436,17604608,1435262,3.9061550855114904,team13,8f3837f18546a015cb75ac992e870e51f48659c1,A题研究/直接迭代/第十三轮成果/方案/p3/n4/case_039_multicore_res.json,方案/p3/n4/case_039_multicore_res.json,f73f9a24dd9bcfe80b4f5d8f4c7067e66fd40e69a90b111aca87e704d100ae31,inherited_team13_success
case_039,3,5,298213,16588800,1435262,4.81287536089976,ours,238aafecf447488e1397467ddebe4d994477c899,新增精选方案/p3/n5/case_039_multicore_res.json,方案/p3/n5/case_039_multicore_res.json,14b988fd97ee5b05ac535becbfb025315932e83b9b8d08b6c005c0e11eb980f0,fresh_import_replay
case_040,1,1,253833,113930,253454,0.9985068923268449,team13,8f3837f18546a015cb75ac992e870e51f48659c1,A题研究/直接迭代/第十三轮成果/方案/p1/n1/case_040_multicore_res.json,方案/p1/n1/case_040_multicore_res.json,0d78ddd7f82d4b5d299db0ec9850b4464b67609b2db0b9674472ee02e7bc75e5,inherited_team13_success
case_040,1,2,143594,24576,253454,1.7650737495995654,team13,8f3837f18546a015cb75ac992e870e51f48659c1,A题研究/直接迭代/第十三轮成果/方案/p1/n2/case_040_multicore_res.json,方案/p1/n2/case_040_multicore_res.json,abc20e77143a6943d38a66967e20068247cbd4ed4c3c9361c073cc14aa7f7ce5,inherited_team13_success
case_040,1,3,110105,0,253454,2.301929975932065,team13,8f3837f18546a015cb75ac992e870e51f48659c1,A题研究/直接迭代/第十三轮成果/方案/p1/n3/case_040_multicore_res.json,方案/p1/n3/case_040_multicore_res.json,11a21ceaae2f4734b52d2f0da7185d2272c40563c338879f5f107bb7a8488cb5,inherited_team13_success
case_040,1,4,110105,0,253454,2.301929975932065,team13,8f3837f18546a015cb75ac992e870e51f48659c1,A题研究/直接迭代/第十三轮成果/方案/p1/n4/case_040_multicore_res.json,方案/p1/n4/case_040_multicore_res.json,bb3d2403ad0bd02e0f470fb89209f1205d990ff4a4c39ee85ce31d0227f87f1e,inherited_team13_success
case_040,1,5,87145,1855276,253454,2.908417006139193,team13,8f3837f18546a015cb75ac992e870e51f48659c1,A题研究/直接迭代/第十三轮成果/方案/p1/n5/case_040_multicore_res.json,方案/p1/n5/case_040_multicore_res.json,6febde3fa92419eeec9ed90565efab667b614e755afc5e9db66a2220b7e45bd8,inherited_team13_success
case_040,2,1,253454,0,253454,1.0,team13,8f3837f18546a015cb75ac992e870e51f48659c1,A题研究/直接迭代/第十三轮成果/方案/p2/n1/case_040_multicore_res.json,方案/p2/n1/case_040_multicore_res.json,e0392f18647fe5ec90b2bea19af7b7cab1698e79c05e013ffba23ef2fc24552e,inherited_team13_success
case_040,2,2,137591,20540,253454,1.8420826943622766,team13,8f3837f18546a015cb75ac992e870e51f48659c1,A题研究/直接迭代/第十三轮成果/方案/p2/n2/case_040_multicore_res.json,方案/p2/n2/case_040_multicore_res.json,273a920563df7f17f7a2b99d6a81c26671b72a3dcc9b4a467f7ac911516cf5d2,inherited_team13_success
case_040,2,3,100597,0,253454,2.5194985933974174,team13,8f3837f18546a015cb75ac992e870e51f48659c1,A题研究/直接迭代/第十三轮成果/方案/p2/n3/case_040_multicore_res.json,方案/p2/n3/case_040_multicore_res.json,c2cbbb5c9f9bf3a1a72a15448be9b87ae7c3d40cfe55a6bbe9429d5ac1f6c315,inherited_team13_success
case_040,2,4,100050,0,253454,2.5332733633183406,team13,8f3837f18546a015cb75ac992e870e51f48659c1,A题研究/直接迭代/第十三轮成果/方案/p2/n4/case_040_multicore_res.json,方案/p2/n4/case_040_multicore_res.json,0a11bb1797e3185aa741c396ea54fc16ea8fb2dc8ac448096fe02bd28ce2b87f,inherited_team13_success
case_040,2,5,68324,2162492,253454,3.70958960248229,team13,8f3837f18546a015cb75ac992e870e51f48659c1,A题研究/直接迭代/第十三轮成果/方案/p2/n5/case_040_multicore_res.json,方案/p2/n5/case_040_multicore_res.json,4bedb25d822d9369f7ebbe4a7021c32cd87b8f59ab5ca779a5a0b1c7b062453b,inherited_team13_success
case_040,3,1,253454,0,253454,1.0,team13,8f3837f18546a015cb75ac992e870e51f48659c1,A题研究/直接迭代/第十三轮成果/方案/p3/n1/case_040_multicore_res.json,方案/p3/n1/case_040_multicore_res.json,e0392f18647fe5ec90b2bea19af7b7cab1698e79c05e013ffba23ef2fc24552e,inherited_team13_success
case_040,3,2,137591,20540,253454,1.8420826943622766,team13,8f3837f18546a015cb75ac992e870e51f48659c1,A题研究/直接迭代/第十三轮成果/方案/p3/n2/case_040_multicore_res.json,方案/p3/n2/case_040_multicore_res.json,273a920563df7f17f7a2b99d6a81c26671b72a3dcc9b4a467f7ac911516cf5d2,inherited_team13_success
case_040,3,3,100597,0,253454,2.5194985933974174,team13,8f3837f18546a015cb75ac992e870e51f48659c1,A题研究/直接迭代/第十三轮成果/方案/p3/n3/case_040_multicore_res.json,方案/p3/n3/case_040_multicore_res.json,c2cbbb5c9f9bf3a1a72a15448be9b87ae7c3d40cfe55a6bbe9429d5ac1f6c315,inherited_team13_success
case_040,3,4,100050,0,253454,2.5332733633183406,team13,8f3837f18546a015cb75ac992e870e51f48659c1,A题研究/直接迭代/第十三轮成果/方案/p3/n4/case_040_multicore_res.json,方案/p3/n4/case_040_multicore_res.json,0a11bb1797e3185aa741c396ea54fc16ea8fb2dc8ac448096fe02bd28ce2b87f,inherited_team13_success
case_040,3,5,63092,2162492,253454,4.0172129588537375,team13,8f3837f18546a015cb75ac992e870e51f48659c1,A题研究/直接迭代/第十三轮成果/方案/p3/n5/case_040_multicore_res.json,方案/p3/n5/case_040_multicore_res.json,4bedb25d822d9369f7ebbe4a7021c32cd87b8f59ab5ca779a5a0b1c7b062453b,inherited_team13_success
case_041,1,1,5963739,30357504,6003957,1.0067437558887133,team13,8f3837f18546a015cb75ac992e870e51f48659c1,A题研究/直接迭代/第十三轮成果/方案/p1/n1/case_041_multicore_res.json,方案/p1/n1/case_041_multicore_res.json,163dcd62ea476ae6255d2a244a282809b101cfba5490c36e8297ebd11f070031,inherited_team13_success
case_041,1,2,2992480,33490944,6003957,2.006348246270652,team13,8f3837f18546a015cb75ac992e870e51f48659c1,A题研究/直接迭代/第十三轮成果/方案/p1/n2/case_041_multicore_res.json,方案/p1/n2/case_041_multicore_res.json,09a30b581e25ed223b4ac1103998edc35fb65c208703178eb0a1aefefa651887,inherited_team13_success
case_041,1,3,1993597,33042432,6003957,3.011620202076949,team13,8f3837f18546a015cb75ac992e870e51f48659c1,A题研究/直接迭代/第十三轮成果/方案/p1/n3/case_041_multicore_res.json,方案/p1/n3/case_041_multicore_res.json,53ecca9f0e399c4ab570460173087d22615a9b25bd1ebc78d6307b7f6e6413bd,inherited_team13_success
case_041,1,4,1494574,33045504,6003957,4.017169440924303,team13,8f3837f18546a015cb75ac992e870e51f48659c1,A题研究/直接迭代/第十三轮成果/方案/p1/n4/case_041_multicore_res.json,方案/p1/n4/case_041_multicore_res.json,ed3c3cc865e0ec3e6d5903523ab5c3ec4ec986e318e00601198bb7a8d64ab4fe,inherited_team13_success
case_041,1,5,1196379,40630272,6003957,5.018440644645217,team13,8f3837f18546a015cb75ac992e870e51f48659c1,A题研究/直接迭代/第十三轮成果/方案/p1/n5/case_041_multicore_res.json,方案/p1/n5/case_041_multicore_res.json,ee2b0fb75db635e5ccf37b108c71488da6356c0b47e1790e84c246cbef384fc7,inherited_team13_success
case_041,2,1,6003957,30898176,6003957,1.0,team13,8f3837f18546a015cb75ac992e870e51f48659c1,A题研究/直接迭代/第十三轮成果/方案/p2/n1/case_041_multicore_res.json,方案/p2/n1/case_041_multicore_res.json,6cd74bb906aac63c38d60c1aa7a29ee1cd0ef25e50c5372999b9e8def68d7af8,inherited_team13_success
case_041,2,2,2990074,33490944,6003957,2.0079626791845286,team13,8f3837f18546a015cb75ac992e870e51f48659c1,A题研究/直接迭代/第十三轮成果/方案/p2/n2/case_041_multicore_res.json,方案/p2/n2/case_041_multicore_res.json,0dc551753e81bef39f1d92faee9e61a331a7f60960a649c54e1e05ce5d0e81d4,inherited_team13_success
case_041,2,3,1991212,34887680,6003957,3.015227409236184,team13,8f3837f18546a015cb75ac992e870e51f48659c1,A题研究/直接迭代/第十三轮成果/方案/p2/n3/case_041_multicore_res.json,方案/p2/n3/case_041_multicore_res.json,3691c2462f58d770f99d072e6680fe22534cd130dd4758d50595ebcfa4050c5e,inherited_team13_success
case_041,2,4,1490603,39164928,6003957,4.027871270888358,team13,8f3837f18546a015cb75ac992e870e51f48659c1,A题研究/直接迭代/第十三轮成果/方案/p2/n4/case_041_multicore_res.json,方案/p2/n4/case_041_multicore_res.json,659de86e1fad65595ca7db16ebfd0766fcb84308dc283519250e957a2deb06c1,inherited_team13_success
case_041,2,5,1194924,18518016,6003957,5.02455135221989,team13,8f3837f18546a015cb75ac992e870e51f48659c1,A题研究/直接迭代/第十三轮成果/方案/p2/n5/case_041_multicore_res.json,方案/p2/n5/case_041_multicore_res.json,1ce59d7fe6acfbefc992652909d1e5e860680fddf393ba0a2e03f5a3d0818e8f,inherited_team13_success
case_041,3,1,6001575,30898176,6003957,1.0003968958148486,team13,8f3837f18546a015cb75ac992e870e51f48659c1,A题研究/直接迭代/第十三轮成果/方案/p3/n1/case_041_multicore_res.json,方案/p3/n1/case_041_multicore_res.json,6cd74bb906aac63c38d60c1aa7a29ee1cd0ef25e50c5372999b9e8def68d7af8,inherited_team13_success
case_041,3,2,2985657,33490944,6003957,2.0109332719733044,team13,8f3837f18546a015cb75ac992e870e51f48659c1,A题研究/直接迭代/第十三轮成果/方案/p3/n2/case_041_multicore_res.json,方案/p3/n2/case_041_multicore_res.json,0dc551753e81bef39f1d92faee9e61a331a7f60960a649c54e1e05ce5d0e81d4,inherited_team13_success
case_041,3,3,1989217,33050624,6003957,3.018251402436235,team13,8f3837f18546a015cb75ac992e870e51f48659c1,A题研究/直接迭代/第十三轮成果/方案/p3/n3/case_041_multicore_res.json,方案/p3/n3/case_041_multicore_res.json,2f582c4896ad72d2835f26b69897de3af6389f73f59594e1d71ec61e19113b3a,inherited_team13_success
case_041,3,4,1487676,39164928,6003957,4.035796100763876,team13,8f3837f18546a015cb75ac992e870e51f48659c1,A题研究/直接迭代/第十三轮成果/方案/p3/n4/case_041_multicore_res.json,方案/p3/n4/case_041_multicore_res.json,659de86e1fad65595ca7db16ebfd0766fcb84308dc283519250e957a2deb06c1,inherited_team13_success
case_041,3,5,1191935,40630272,6003957,5.037151354729914,team13,8f3837f18546a015cb75ac992e870e51f48659c1,A题研究/直接迭代/第十三轮成果/方案/p3/n5/case_041_multicore_res.json,方案/p3/n5/case_041_multicore_res.json,f4279e3316d6c7fdbcae9d0738c9176f4276c3d379c3cf2e4ec8e4ee9ea17926,inherited_team13_success
case_042,1,1,1674351,8189952,1686740,1.0073992848572373,team13,8f3837f18546a015cb75ac992e870e51f48659c1,A题研究/直接迭代/第十三轮成果/方案/p1/n1/case_042_multicore_res.json,方案/p1/n1/case_042_multicore_res.json,5dc5c37337092e246e86909184bbc76719c36665ea6bbd1bd55de6923aff2dc1,inherited_team13_success
case_042,1,2,840111,7262496,1686740,2.007758498579354,team13,8f3837f18546a015cb75ac992e870e51f48659c1,A题研究/直接迭代/第十三轮成果/方案/p1/n2/case_042_multicore_res.json,方案/p1/n2/case_042_multicore_res.json,faae9bce71e4e83de09762b731ba66554b2658d3f1b5d5ad0300a0ac3fd1bf4a,inherited_team13_success
case_042,1,3,571947,8251680,1686740,2.9491194114139945,team13,8f3837f18546a015cb75ac992e870e51f48659c1,A题研究/直接迭代/第十三轮成果/方案/p1/n3/case_042_multicore_res.json,方案/p1/n3/case_042_multicore_res.json,547e7a80839b8051ee2adc77e6ea80e44d105ced11f7c06d749d5189f7e0f3bd,inherited_team13_success
case_042,1,4,433223,17044896,1686740,3.8934682599954296,team13,8f3837f18546a015cb75ac992e870e51f48659c1,A题研究/直接迭代/第十三轮成果/方案/p1/n4/case_042_multicore_res.json,方案/p1/n4/case_042_multicore_res.json,ec4a6d9b33fb7360e94c0c1ac5d087c6a7f376b5e93a2103b6578e922d52bde2,inherited_team13_success
case_042,1,5,337038,11748480,1686740,5.004598887959221,joint_panel_strong,2362dd73dd4be460e35ce9302e0521f0934e5de6,/home/konglingrui/.mathmodel/questionA/统一算法迭代/A题研究/直接迭代/联合整合_20260926/同预算对照/slots/validation/case_042/p1_n5/strong/summary.json,方案/p1/n5/case_042_multicore_res.json,3275d119612e30036848625cefd5cbf6c1ce2bc415695c1bb3d837bb06fe4816,fresh_panel_winner_replay
case_042,2,1,1686740,6629376,1686740,1.0,team13,8f3837f18546a015cb75ac992e870e51f48659c1,A题研究/直接迭代/第十三轮成果/方案/p2/n1/case_042_multicore_res.json,方案/p2/n1/case_042_multicore_res.json,cf24a8073c860e7a02a844cb93df29c2a8b9c222952b6236b3c01b0611e88819,inherited_team13_success
case_042,2,2,834436,7262496,1686740,2.021413265966473,team13,8f3837f18546a015cb75ac992e870e51f48659c1,A题研究/直接迭代/第十三轮成果/方案/p2/n2/case_042_multicore_res.json,方案/p2/n2/case_042_multicore_res.json,f296511d713a6d822d2c4fd542262ee882e8528da038871db7b654b228a898b2,inherited_team13_success
case_042,2,3,566534,8258848,1686740,2.9772970377770798,team13,8f3837f18546a015cb75ac992e870e51f48659c1,A题研究/直接迭代/第十三轮成果/方案/p2/n3/case_042_multicore_res.json,方案/p2/n3/case_042_multicore_res.json,dff26ad2e5c4d09ffedef1998fd72ab6489076cdee7de885eb5eaac8e0f81735,inherited_team13_success
case_042,2,4,437808,8924448,1686740,3.852693418119358,team13,8f3837f18546a015cb75ac992e870e51f48659c1,A题研究/直接迭代/第十三轮成果/方案/p2/n4/case_042_multicore_res.json,方案/p2/n4/case_042_multicore_res.json,7856eb2ee447702afa559636e0bfc739347b75c1005a3cc539ed35a7cb7b0f5b,inherited_team13_success
case_042,2,5,347174,10476936,1686740,4.858485946528254,ours,238aafecf447488e1397467ddebe4d994477c899,新增精选方案/p2/n5/case_042_multicore_res.json,方案/p2/n5/case_042_multicore_res.json,80a87ac36dccf500482b6fe7a1b54ee7b94cc4c486ca2a291ada4d138d3ea0b6,fresh_import_replay
case_042,3,1,1675633,6629376,1686740,1.0066285397816825,team13,8f3837f18546a015cb75ac992e870e51f48659c1,A题研究/直接迭代/第十三轮成果/方案/p3/n1/case_042_multicore_res.json,方案/p3/n1/case_042_multicore_res.json,cf24a8073c860e7a02a844cb93df29c2a8b9c222952b6236b3c01b0611e88819,inherited_team13_success
case_042,3,2,833725,7262496,1686740,2.023137125550991,team13,8f3837f18546a015cb75ac992e870e51f48659c1,A题研究/直接迭代/第十三轮成果/方案/p3/n2/case_042_multicore_res.json,方案/p3/n2/case_042_multicore_res.json,f296511d713a6d822d2c4fd542262ee882e8528da038871db7b654b228a898b2,inherited_team13_success
case_042,3,3,565883,8258848,1686740,2.9807221634154057,team13,8f3837f18546a015cb75ac992e870e51f48659c1,A题研究/直接迭代/第十三轮成果/方案/p3/n3/case_042_multicore_res.json,方案/p3/n3/case_042_multicore_res.json,dff26ad2e5c4d09ffedef1998fd72ab6489076cdee7de885eb5eaac8e0f81735,inherited_team13_success
case_042,3,4,433925,8924448,1686740,3.8871694417238003,team13,8f3837f18546a015cb75ac992e870e51f48659c1,A题研究/直接迭代/第十三轮成果/方案/p3/n4/case_042_multicore_res.json,方案/p3/n4/case_042_multicore_res.json,7856eb2ee447702afa559636e0bfc739347b75c1005a3cc539ed35a7cb7b0f5b,inherited_team13_success
case_042,3,5,348844,10597376,1686740,4.8352272075770255,joint_panel_joint,2362dd73dd4be460e35ce9302e0521f0934e5de6,/home/konglingrui/.mathmodel/questionA/统一算法迭代/A题研究/直接迭代/联合整合_20260926/同预算对照/slots/validation/case_042/p3_n5/joint/summary.json,方案/p3/n5/case_042_multicore_res.json,3de989e7ff0840be58c03c4d639fc8046be58219987e41135186de126c931ba9,fresh_panel_winner_replay
case_043,1,1,677408,509960,677656,1.0003661013746517,ours,238aafecf447488e1397467ddebe4d994477c899,新增精选方案/p1/n1/case_043_multicore_res.json,方案/p1/n1/case_043_multicore_res.json,0648e59cbba439b1adf6f3788cadf52cb5fb4385139db25c6e32fdbed3b00ced,fresh_import_replay
case_043,1,2,347015,2793242,677656,1.9528147198247914,ours,238aafecf447488e1397467ddebe4d994477c899,新增精选方案/p1/n2/case_043_multicore_res.json,方案/p1/n2/case_043_multicore_res.json,59b33c1b9e20da0a646c647e8578a4c47cad7721d5d4bc1de1447ce8637bce33,fresh_import_replay
case_043,1,3,268776,141320,677656,2.5212667797720036,ours,238aafecf447488e1397467ddebe4d994477c899,A题研究/直接迭代/闭环验证_20260925/精选方案/case_043_p1_n3.json,方案/p1/n3/case_043_multicore_res.json,250586dc4b0900158685379d12924c278b0e74dcc0c25233c6e478dd4c09a0df,fresh_import_replay
case_043,1,4,242835,4098834,677656,2.790602672596619,ours,238aafecf447488e1397467ddebe4d994477c899,A题研究/直接迭代/闭环验证_20260925/下一阶段攻坚/重划实证_v1/精选方案/case_043_p1_n4.json,方案/p1/n4/case_043_multicore_res.json,903ad161ee100085624ee9ee66a8dc4fdc210cc0feee391310e1d7925e4754ba,fresh_import_replay
case_043,1,5,200786,7616098,677656,3.375016186387497,team13,8f3837f18546a015cb75ac992e870e51f48659c1,A题研究/直接迭代/第十三轮成果/方案/p1/n5/case_043_multicore_res.json,方案/p1/n5/case_043_multicore_res.json,cf9a3ff4e3f9b27adf44d13d8f68e7b0bc9a5ee047576818ec94361998fd9628,inherited_team13_success
case_043,2,1,657996,856294,677656,1.0298786010857208,ours,238aafecf447488e1397467ddebe4d994477c899,新增精选方案/p2/n1/case_043_multicore_res.json,方案/p2/n1/case_043_multicore_res.json,de37b5c48f5b2c6ee888f133040bc4014aa5f2e88fcb6fe5ddbc9d4fd8750dc3,fresh_import_replay
case_043,2,2,352934,458788,677656,1.9200643746422843,team13,8f3837f18546a015cb75ac992e870e51f48659c1,A题研究/直接迭代/第十三轮成果/方案/p2/n2/case_043_multicore_res.json,方案/p2/n2/case_043_multicore_res.json,254774ed1b104c796bd729122e8cd8510e1c1fab86c2f549a225bbed264f3e3e,inherited_team13_success
case_043,2,3,230366,294068,677656,2.9416493753418473,team13,8f3837f18546a015cb75ac992e870e51f48659c1,A题研究/直接迭代/第十三轮成果/方案/p2/n3/case_043_multicore_res.json,方案/p2/n3/case_043_multicore_res.json,118f3d8effeff242a820812df79956b35c6b2dd1aafa75329d7209c0384cd5a7,inherited_team13_success
case_043,2,4,230366,294068,677656,2.9416493753418473,team13,8f3837f18546a015cb75ac992e870e51f48659c1,A题研究/直接迭代/第十三轮成果/方案/p2/n4/case_043_multicore_res.json,方案/p2/n4/case_043_multicore_res.json,1fb565ee2ecde1ff1490b8f5f9efe316e044cbae6c873fd301b2fcfe5966a77e,inherited_team13_success
case_043,2,5,169778,6691004,677656,3.99142409499464,ours,238aafecf447488e1397467ddebe4d994477c899,新增精选方案/p2/n5/case_043_multicore_res.json,方案/p2/n5/case_043_multicore_res.json,c963ffc19db25a25796fdfca0170b5acc6de2598fbecf049df266d836ecca621,fresh_import_replay
case_043,3,1,657961,856294,677656,1.0299333851094519,ours,238aafecf447488e1397467ddebe4d994477c899,新增精选方案/p3/n1/case_043_multicore_res.json,方案/p3/n1/case_043_multicore_res.json,de37b5c48f5b2c6ee888f133040bc4014aa5f2e88fcb6fe5ddbc9d4fd8750dc3,fresh_import_replay
case_043,3,2,352934,458788,677656,1.9200643746422843,team13,8f3837f18546a015cb75ac992e870e51f48659c1,A题研究/直接迭代/第十三轮成果/方案/p3/n2/case_043_multicore_res.json,方案/p3/n2/case_043_multicore_res.json,254774ed1b104c796bd729122e8cd8510e1c1fab86c2f549a225bbed264f3e3e,inherited_team13_success
case_043,3,3,230321,294068,677656,2.9422241133027383,team13,8f3837f18546a015cb75ac992e870e51f48659c1,A题研究/直接迭代/第十三轮成果/方案/p3/n3/case_043_multicore_res.json,方案/p3/n3/case_043_multicore_res.json,118f3d8effeff242a820812df79956b35c6b2dd1aafa75329d7209c0384cd5a7,inherited_team13_success
case_043,3,4,230321,294068,677656,2.9422241133027383,team13,8f3837f18546a015cb75ac992e870e51f48659c1,A题研究/直接迭代/第十三轮成果/方案/p3/n4/case_043_multicore_res.json,方案/p3/n4/case_043_multicore_res.json,1fb565ee2ecde1ff1490b8f5f9efe316e044cbae6c873fd301b2fcfe5966a77e,inherited_team13_success
case_043,3,5,158316,6691004,677656,4.280401222870714,ours,238aafecf447488e1397467ddebe4d994477c899,新增精选方案/p3/n5/case_043_multicore_res.json,方案/p3/n5/case_043_multicore_res.json,c963ffc19db25a25796fdfca0170b5acc6de2598fbecf049df266d836ecca621,fresh_import_replay
case_044,1,1,162836,4741728,154407,0.9482362622515905,team13,8f3837f18546a015cb75ac992e870e51f48659c1,A题研究/直接迭代/第十三轮成果/方案/p1/n1/case_044_multicore_res.json,方案/p1/n1/case_044_multicore_res.json,d2694ee9afeb501cce970217928b5e057872fa3799dea5b5d9bc6785ff811e56,inherited_team13_success
case_044,1,2,96349,222208,154407,1.6025802032195455,team13,8f3837f18546a015cb75ac992e870e51f48659c1,A题研究/直接迭代/第十三轮成果/方案/p1/n2/case_044_multicore_res.json,方案/p1/n2/case_044_multicore_res.json,597efd9b4c54da972fbdbcbb30b85b7f77a81220ed33760261002254d93d62c8,inherited_team13_success
case_044,1,3,96349,222208,154407,1.6025802032195455,team13,8f3837f18546a015cb75ac992e870e51f48659c1,A题研究/直接迭代/第十三轮成果/方案/p1/n3/case_044_multicore_res.json,方案/p1/n3/case_044_multicore_res.json,0103e8b6278d2bdb7ceeb5a5ca58deae3fb26cd7f530ac4437c0fa5e3c489c53,inherited_team13_success
case_044,1,4,96349,222208,154407,1.6025802032195455,team13,8f3837f18546a015cb75ac992e870e51f48659c1,A题研究/直接迭代/第十三轮成果/方案/p1/n4/case_044_multicore_res.json,方案/p1/n4/case_044_multicore_res.json,d518b8602e7f431f9431612a957549301c2c33a0a6a7677cf97d1a397f73cf7b,inherited_team13_success
case_044,1,5,96349,222208,154407,1.6025802032195455,team13,8f3837f18546a015cb75ac992e870e51f48659c1,A题研究/直接迭代/第十三轮成果/方案/p1/n5/case_044_multicore_res.json,方案/p1/n5/case_044_multicore_res.json,62e76af8e1f9642199d51e389029cabc72df13cb41e78dd4c3588d4569eb5809,inherited_team13_success
case_044,2,1,154407,4438112,154407,1.0,team13,8f3837f18546a015cb75ac992e870e51f48659c1,A题研究/直接迭代/第十三轮成果/方案/p2/n1/case_044_multicore_res.json,方案/p2/n1/case_044_multicore_res.json,b4bbdf4a4754f1c031f32aabb2d8be6b6dd129dd4e22d35a8974d311ba67bc6f,inherited_team13_success
case_044,2,2,44806,1020512,154407,3.446123287059769,team13,8f3837f18546a015cb75ac992e870e51f48659c1,A题研究/直接迭代/第十三轮成果/方案/p2/n2/case_044_multicore_res.json,方案/p2/n2/case_044_multicore_res.json,51dfd83eaa5121a81d6e3de8d0ccbf6e99769278abb6784209b0e3069b67f9b9,inherited_team13_success
case_044,2,3,44806,1020512,154407,3.446123287059769,team13,8f3837f18546a015cb75ac992e870e51f48659c1,A题研究/直接迭代/第十三轮成果/方案/p2/n3/case_044_multicore_res.json,方案/p2/n3/case_044_multicore_res.json,6c4254dc354c527d46622a58b5e6f39b97e9bbc1fa799b90eab4ce8a887dc87c,inherited_team13_success
case_044,2,4,44806,1020512,154407,3.446123287059769,team13,8f3837f18546a015cb75ac992e870e51f48659c1,A题研究/直接迭代/第十三轮成果/方案/p2/n4/case_044_multicore_res.json,方案/p2/n4/case_044_multicore_res.json,308510d142667b8cf4df4622e65d129c84d2fac98ebc003d860fdadaba66db50,inherited_team13_success
case_044,2,5,44806,1020512,154407,3.446123287059769,team13,8f3837f18546a015cb75ac992e870e51f48659c1,A题研究/直接迭代/第十三轮成果/方案/p2/n5/case_044_multicore_res.json,方案/p2/n5/case_044_multicore_res.json,2582ed07cc3e9416ae0b4c2b0c58e60f0cbf583fc780c5e8e51857d2932f8b08,inherited_team13_success
case_044,3,1,107814,4438112,154407,1.4321609438477378,team13,8f3837f18546a015cb75ac992e870e51f48659c1,A题研究/直接迭代/第十三轮成果/方案/p3/n1/case_044_multicore_res.json,方案/p3/n1/case_044_multicore_res.json,b4bbdf4a4754f1c031f32aabb2d8be6b6dd129dd4e22d35a8974d311ba67bc6f,inherited_team13_success
case_044,3,2,43843,1021024,154407,3.521816481536391,team13,8f3837f18546a015cb75ac992e870e51f48659c1,A题研究/直接迭代/第十三轮成果/方案/p3/n2/case_044_multicore_res.json,方案/p3/n2/case_044_multicore_res.json,8b1ea8ae71a808af9ab914009964f3f313d8103028a0dc46ade4e67ea0e98bc3,inherited_team13_success
case_044,3,3,43843,1021024,154407,3.521816481536391,team13,8f3837f18546a015cb75ac992e870e51f48659c1,A题研究/直接迭代/第十三轮成果/方案/p3/n3/case_044_multicore_res.json,方案/p3/n3/case_044_multicore_res.json,15c9e929a89b2c50920ef11d768474985077ac6485d1b05ebb655ab356de9746,inherited_team13_success
case_044,3,4,43843,1021024,154407,3.521816481536391,team13,8f3837f18546a015cb75ac992e870e51f48659c1,A题研究/直接迭代/第十三轮成果/方案/p3/n4/case_044_multicore_res.json,方案/p3/n4/case_044_multicore_res.json,05f3b2d73b9187ff1ab187875c1029842a5effff4f3b2a0d28d14aff56016298,inherited_team13_success
case_044,3,5,43210,1021280,154407,3.5734089331173338,team13,8f3837f18546a015cb75ac992e870e51f48659c1,A题研究/直接迭代/第十三轮成果/方案/p3/n5/case_044_multicore_res.json,方案/p3/n5/case_044_multicore_res.json,e997b80bc15e95db58b1d933663ff3f529b56f8e6e152d7c25243a63b84d8254,inherited_team13_success
case_045,1,1,125852,0,125614,0.998108889807075,team13,8f3837f18546a015cb75ac992e870e51f48659c1,A题研究/直接迭代/第十三轮成果/方案/p1/n1/case_045_multicore_res.json,方案/p1/n1/case_045_multicore_res.json,f07470c5ce04da9fcb51a5b7d36c21434eb52ab48bb8a1b296c46624663969e7,inherited_team13_success
case_045,1,2,63059,0,125614,1.99200748505368,team13,8f3837f18546a015cb75ac992e870e51f48659c1,A题研究/直接迭代/第十三轮成果/方案/p1/n2/case_045_multicore_res.json,方案/p1/n2/case_045_multicore_res.json,25e5e8eb99cbb8980f1b3a6e5daf683d355caeb967f24310073803b024af11a1,inherited_team13_success
case_045,1,3,42452,0,125614,2.9589654197682087,team13,8f3837f18546a015cb75ac992e870e51f48659c1,A题研究/直接迭代/第十三轮成果/方案/p1/n3/case_045_multicore_res.json,方案/p1/n3/case_045_multicore_res.json,5ad6252c314f482aa8a47d05d1fc15128172ba72434a838bfde009254a343325,inherited_team13_success
case_045,1,4,31878,0,125614,3.940460505677897,team13,8f3837f18546a015cb75ac992e870e51f48659c1,A题研究/直接迭代/第十三轮成果/方案/p1/n4/case_045_multicore_res.json,方案/p1/n4/case_045_multicore_res.json,30aeb3029ceb4f7b11912f96a65724eb776ef55b36d114ca892d76ca84e4430d,inherited_team13_success
case_045,1,5,26153,0,125614,4.8030436278820785,team13,8f3837f18546a015cb75ac992e870e51f48659c1,A题研究/直接迭代/第十三轮成果/方案/p1/n5/case_045_multicore_res.json,方案/p1/n5/case_045_multicore_res.json,a42dd59c93a57f988db6d6d76ddc50c4bb293ca5c3cfabc2086a7f010b00f534,inherited_team13_success
case_045,2,1,125614,0,125614,1.0,team13,8f3837f18546a015cb75ac992e870e51f48659c1,A题研究/直接迭代/第十三轮成果/方案/p2/n1/case_045_multicore_res.json,方案/p2/n1/case_045_multicore_res.json,58af37fc83d980fb21405349f721cf7c0ecaae4a2ba427aff944c225145dac34,inherited_team13_success
case_045,2,2,62983,0,125614,1.9944111903211978,team13,8f3837f18546a015cb75ac992e870e51f48659c1,A题研究/直接迭代/第十三轮成果/方案/p2/n2/case_045_multicore_res.json,方案/p2/n2/case_045_multicore_res.json,e96024cfeb840a11522e46e8ed52333ff5490cf4d1bdeb8d70f0995d8952a702,inherited_team13_success
case_045,2,3,42214,0,125614,2.975647889325816,team13,8f3837f18546a015cb75ac992e870e51f48659c1,A题研究/直接迭代/第十三轮成果/方案/p2/n3/case_045_multicore_res.json,方案/p2/n3/case_045_multicore_res.json,5ad6252c314f482aa8a47d05d1fc15128172ba72434a838bfde009254a343325,inherited_team13_success
case_045,2,4,31878,0,125614,3.940460505677897,team13,8f3837f18546a015cb75ac992e870e51f48659c1,A题研究/直接迭代/第十三轮成果/方案/p2/n4/case_045_multicore_res.json,方案/p2/n4/case_045_multicore_res.json,30aeb3029ceb4f7b11912f96a65724eb776ef55b36d114ca892d76ca84e4430d,inherited_team13_success
case_045,2,5,25770,0,125614,4.874427629025999,team13,8f3837f18546a015cb75ac992e870e51f48659c1,A题研究/直接迭代/第十三轮成果/方案/p2/n5/case_045_multicore_res.json,方案/p2/n5/case_045_multicore_res.json,b82ef62a788bb03c13e7d2bb0509d911f446b50925294af9c8067ef00f132bac,inherited_team13_success
case_045,3,1,125614,0,125614,1.0,team13,8f3837f18546a015cb75ac992e870e51f48659c1,A题研究/直接迭代/第十三轮成果/方案/p3/n1/case_045_multicore_res.json,方案/p3/n1/case_045_multicore_res.json,58af37fc83d980fb21405349f721cf7c0ecaae4a2ba427aff944c225145dac34,inherited_team13_success
case_045,3,2,62983,0,125614,1.9944111903211978,team13,8f3837f18546a015cb75ac992e870e51f48659c1,A题研究/直接迭代/第十三轮成果/方案/p3/n2/case_045_multicore_res.json,方案/p3/n2/case_045_multicore_res.json,e96024cfeb840a11522e46e8ed52333ff5490cf4d1bdeb8d70f0995d8952a702,inherited_team13_success
case_045,3,3,42214,0,125614,2.975647889325816,team13,8f3837f18546a015cb75ac992e870e51f48659c1,A题研究/直接迭代/第十三轮成果/方案/p3/n3/case_045_multicore_res.json,方案/p3/n3/case_045_multicore_res.json,5ad6252c314f482aa8a47d05d1fc15128172ba72434a838bfde009254a343325,inherited_team13_success
case_045,3,4,31878,0,125614,3.940460505677897,team13,8f3837f18546a015cb75ac992e870e51f48659c1,A题研究/直接迭代/第十三轮成果/方案/p3/n4/case_045_multicore_res.json,方案/p3/n4/case_045_multicore_res.json,30aeb3029ceb4f7b11912f96a65724eb776ef55b36d114ca892d76ca84e4430d,inherited_team13_success
case_045,3,5,25770,0,125614,4.874427629025999,team13,8f3837f18546a015cb75ac992e870e51f48659c1,A题研究/直接迭代/第十三轮成果/方案/p3/n5/case_045_multicore_res.json,方案/p3/n5/case_045_multicore_res.json,a42dd59c93a57f988db6d6d76ddc50c4bb293ca5c3cfabc2086a7f010b00f534,inherited_team13_success
case_046,1,1,276455,3176288,276455,1.0,team13,8f3837f18546a015cb75ac992e870e51f48659c1,A题研究/直接迭代/第十三轮成果/方案/p1/n1/case_046_multicore_res.json,方案/p1/n1/case_046_multicore_res.json,afb5a74198602742de64686b6f1880ceff7fba9b612f9857fb6c188b1ff1c6df,inherited_team13_success
case_046,1,2,140273,6545568,276455,1.9708354423160552,joint_panel_strong,2362dd73dd4be460e35ce9302e0521f0934e5de6,/home/konglingrui/.mathmodel/questionA/统一算法迭代/A题研究/直接迭代/联合整合_20260926/同预算对照/slots/lowcore/case_046/p1_n2/strong/summary.json,方案/p1/n2/case_046_multicore_res.json,faa78303dc2ca3844b52e7a63418ab875b9ccbecbe9afe68d91507a1e39d42f7,fresh_panel_winner_replay
case_046,1,3,124751,5513376,276455,2.2160543803256085,joint_panel_strong,2362dd73dd4be460e35ce9302e0521f0934e5de6,/home/konglingrui/.mathmodel/questionA/统一算法迭代/A题研究/直接迭代/联合整合_20260926/同预算对照/slots/lowcore/case_046/p1_n3/strong/summary.json,方案/p1/n3/case_046_multicore_res.json,727e47abf8804df85babd40ad5dbb35df3fe5fc0abb64f375522c6f05bdee353,fresh_panel_winner_replay
case_046,1,4,120451,5079200,276455,2.2951656690272393,joint_panel_strong,2362dd73dd4be460e35ce9302e0521f0934e5de6,/home/konglingrui/.mathmodel/questionA/统一算法迭代/A题研究/直接迭代/联合整合_20260926/同预算对照/slots/lowcore/case_046/p1_n4/strong/summary.json,方案/p1/n4/case_046_multicore_res.json,083bc8b379cd4263a30630d2cbd847c0f2e7331f48e50b13c7c84657a692673d,fresh_panel_winner_replay
case_046,1,5,123920,5365312,276455,2.2309151065203356,ours,238aafecf447488e1397467ddebe4d994477c899,新增精选方案/p1/n5/case_046_multicore_res.json,方案/p1/n5/case_046_multicore_res.json,3636da249fa5bda5ae95799883be85279f89d8c9ea16865705db4086d0c1217f,fresh_import_replay
case_046,2,1,276455,3176288,276455,1.0,team13,8f3837f18546a015cb75ac992e870e51f48659c1,A题研究/直接迭代/第十三轮成果/方案/p2/n1/case_046_multicore_res.json,方案/p2/n1/case_046_multicore_res.json,afb5a74198602742de64686b6f1880ceff7fba9b612f9857fb6c188b1ff1c6df,inherited_team13_success
case_046,2,2,105322,930400,276455,2.6248552059398795,joint_panel_strong,2362dd73dd4be460e35ce9302e0521f0934e5de6,/home/konglingrui/.mathmodel/questionA/统一算法迭代/A题研究/直接迭代/联合整合_20260926/同预算对照/slots/lowcore/case_046/p2_n2/strong/summary.json,方案/p2/n2/case_046_multicore_res.json,e5aa87f3cfb4095c4aa96dccdee9a6a57dc1f6e0d432b2dda2aadbd5c4bec470,fresh_panel_winner_replay
case_046,2,3,79308,1860800,276455,3.4858400161396075,joint_panel_joint,2362dd73dd4be460e35ce9302e0521f0934e5de6,/home/konglingrui/.mathmodel/questionA/统一算法迭代/A题研究/直接迭代/联合整合_20260926/同预算对照/slots/lowcore/case_046/p2_n3/joint/summary.json,方案/p2/n3/case_046_multicore_res.json,cbf9ddbd66907fc09da1e1aa4ac4e17cf8990ed71cb1e3be219f5a3c9ccd3ed9,fresh_panel_winner_replay
case_046,2,4,77846,2791200,276455,3.5513064255067697,joint_panel_joint,2362dd73dd4be460e35ce9302e0521f0934e5de6,/home/konglingrui/.mathmodel/questionA/统一算法迭代/A题研究/直接迭代/联合整合_20260926/同预算对照/slots/lowcore/case_046/p2_n4/joint/summary.json,方案/p2/n4/case_046_multicore_res.json,2e0e936e212a8ecfe52d88e9a9fc03c7c74788f98e2043066001ba358989ff22,fresh_panel_winner_replay
case_046,2,5,76824,2512672,276455,3.5985499323128187,team13,8f3837f18546a015cb75ac992e870e51f48659c1,A题研究/直接迭代/第十三轮成果/方案/p2/n5/case_046_multicore_res.json,方案/p2/n5/case_046_multicore_res.json,688ef1bb5c04cce9974ec3b986016a6e205ae575468753f8f7017ba788240b9e,inherited_team13_success
case_046,3,1,244994,3176288,276455,1.1284153897646474,team13,8f3837f18546a015cb75ac992e870e51f48659c1,A题研究/直接迭代/第十三轮成果/方案/p3/n1/case_046_multicore_res.json,方案/p3/n1/case_046_multicore_res.json,afb5a74198602742de64686b6f1880ceff7fba9b612f9857fb6c188b1ff1c6df,inherited_team13_success
case_046,3,2,105322,930400,276455,2.6248552059398795,joint_panel_strong,2362dd73dd4be460e35ce9302e0521f0934e5de6,/home/konglingrui/.mathmodel/questionA/统一算法迭代/A题研究/直接迭代/联合整合_20260926/同预算对照/slots/lowcore/case_046/p3_n2/strong/summary.json,方案/p3/n2/case_046_multicore_res.json,e5aa87f3cfb4095c4aa96dccdee9a6a57dc1f6e0d432b2dda2aadbd5c4bec470,fresh_panel_winner_replay
case_046,3,3,79308,1860800,276455,3.4858400161396075,joint_panel_strong,2362dd73dd4be460e35ce9302e0521f0934e5de6,/home/konglingrui/.mathmodel/questionA/统一算法迭代/A题研究/直接迭代/联合整合_20260926/同预算对照/slots/lowcore/case_046/p3_n3/strong/summary.json,方案/p3/n3/case_046_multicore_res.json,cbf9ddbd66907fc09da1e1aa4ac4e17cf8990ed71cb1e3be219f5a3c9ccd3ed9,fresh_panel_winner_replay
case_046,3,4,58678,2582304,276455,4.711390981287706,team13,8f3837f18546a015cb75ac992e870e51f48659c1,A题研究/直接迭代/第十三轮成果/方案/p3/n4/case_046_multicore_res.json,方案/p3/n4/case_046_multicore_res.json,25926b91d484e539386f76c2fbf8b6ccee4655f7d32396e1de42df89938020f7,inherited_team13_success
case_046,3,5,58678,2582304,276455,4.711390981287706,team13,8f3837f18546a015cb75ac992e870e51f48659c1,A题研究/直接迭代/第十三轮成果/方案/p3/n5/case_046_multicore_res.json,方案/p3/n5/case_046_multicore_res.json,6f851b43e331babdbafcb6a1e7e817e1e7f457b3252b9bd8779266b2eaf4f7ca,inherited_team13_success
case_047,1,1,323254,501350,326508,1.0100663874228935,team13,8f3837f18546a015cb75ac992e870e51f48659c1,A题研究/直接迭代/第十三轮成果/方案/p1/n1/case_047_multicore_res.json,方案/p1/n1/case_047_multicore_res.json,ebc8b80504f9c6d9850ee4fb7d314182f5af5b1da5feb12004a609893f685f40,inherited_team13_success
case_047,1,2,319012,1051490,326508,1.0234975486815543,team13,8f3837f18546a015cb75ac992e870e51f48659c1,A题研究/直接迭代/第十三轮成果/方案/p1/n2/case_047_multicore_res.json,方案/p1/n2/case_047_multicore_res.json,8f455339c024db799cacded6b0f03c00e61e10afc50f849592a94322dfeccca1,inherited_team13_success
case_047,1,3,219173,3421374,326508,1.4897272930516077,team13,8f3837f18546a015cb75ac992e870e51f48659c1,A题研究/直接迭代/第十三轮成果/方案/p1/n3/case_047_multicore_res.json,方案/p1/n3/case_047_multicore_res.json,fef421abf3dc153c38b8492207bf97f5448564c520c05cc6e603f77838ec6097,inherited_team13_success
case_047,1,4,190683,3231082,326508,1.7123078617391168,team13,8f3837f18546a015cb75ac992e870e51f48659c1,A题研究/直接迭代/第十三轮成果/方案/p1/n4/case_047_multicore_res.json,方案/p1/n4/case_047_multicore_res.json,7d1b27f41e3d9ab0aa38f3abed00db70def2f1beddfdaf23d278336869ca31cd,inherited_team13_success
case_047,1,5,190683,3231082,326508,1.7123078617391168,team13,8f3837f18546a015cb75ac992e870e51f48659c1,A题研究/直接迭代/第十三轮成果/方案/p1/n5/case_047_multicore_res.json,方案/p1/n5/case_047_multicore_res.json,18a5418c9e5c70b6606a9e42ca6b943ec3a9ad0a8bddbf7eae5f038b75b4da98,inherited_team13_success
case_047,2,1,326508,0,326508,1.0,team13,8f3837f18546a015cb75ac992e870e51f48659c1,A题研究/直接迭代/第十三轮成果/方案/p2/n1/case_047_multicore_res.json,方案/p2/n1/case_047_multicore_res.json,2110aa78cff4d0187947ca1518560e0ef039842117d303e61c293ba9c1efbe03,inherited_team13_success
case_047,2,2,185848,902790,326508,1.7568550643536653,team13,8f3837f18546a015cb75ac992e870e51f48659c1,A题研究/直接迭代/第十三轮成果/方案/p2/n2/case_047_multicore_res.json,方案/p2/n2/case_047_multicore_res.json,50f4887a924cf50b50e5e572b71289dbde05eacb508052385a6ee7af31bd29f0,inherited_team13_success
case_047,2,3,128075,1560748,326508,2.549349990240094,team13,8f3837f18546a015cb75ac992e870e51f48659c1,A题研究/直接迭代/第十三轮成果/方案/p2/n3/case_047_multicore_res.json,方案/p2/n3/case_047_multicore_res.json,0bad4dd418d71e101d06ff4e0c2ef9704eba1af2a9ac7edc4db9d438da50e6e2,inherited_team13_success
case_047,2,4,110320,2112370,326508,2.9596446700507615,team13,8f3837f18546a015cb75ac992e870e51f48659c1,A题研究/直接迭代/第十三轮成果/方案/p2/n4/case_047_multicore_res.json,方案/p2/n4/case_047_multicore_res.json,a34443559559134bf9dec60312d105240d96a75bcf5b6398b22e9daab7e35c2e,inherited_team13_success
case_047,2,5,95409,2658872,326508,3.422192874886017,ours,238aafecf447488e1397467ddebe4d994477c899,新增精选方案/p2/n5/case_047_multicore_res.json,方案/p2/n5/case_047_multicore_res.json,cc7d559c37ede0b5b6f6af3a5c1d19a9f6fc0cee6984b765e17e1b23a93027b0,fresh_import_replay
case_047,3,1,326508,0,326508,1.0,team13,8f3837f18546a015cb75ac992e870e51f48659c1,A题研究/直接迭代/第十三轮成果/方案/p3/n1/case_047_multicore_res.json,方案/p3/n1/case_047_multicore_res.json,2110aa78cff4d0187947ca1518560e0ef039842117d303e61c293ba9c1efbe03,inherited_team13_success
case_047,3,2,185722,902790,326508,1.7580469734334112,team13,8f3837f18546a015cb75ac992e870e51f48659c1,A题研究/直接迭代/第十三轮成果/方案/p3/n2/case_047_multicore_res.json,方案/p3/n2/case_047_multicore_res.json,50f4887a924cf50b50e5e572b71289dbde05eacb508052385a6ee7af31bd29f0,inherited_team13_success
case_047,3,3,127936,1560748,326508,2.5521198099049527,team13,8f3837f18546a015cb75ac992e870e51f48659c1,A题研究/直接迭代/第十三轮成果/方案/p3/n3/case_047_multicore_res.json,方案/p3/n3/case_047_multicore_res.json,0bad4dd418d71e101d06ff4e0c2ef9704eba1af2a9ac7edc4db9d438da50e6e2,inherited_team13_success
case_047,3,4,109306,2112370,326508,2.9871004336449967,team13,8f3837f18546a015cb75ac992e870e51f48659c1,A题研究/直接迭代/第十三轮成果/方案/p3/n4/case_047_multicore_res.json,方案/p3/n4/case_047_multicore_res.json,a34443559559134bf9dec60312d105240d96a75bcf5b6398b22e9daab7e35c2e,inherited_team13_success
case_047,3,5,92870,2658872,326508,3.515753203402606,ours,238aafecf447488e1397467ddebe4d994477c899,新增精选方案/p3/n5/case_047_multicore_res.json,方案/p3/n5/case_047_multicore_res.json,cc7d559c37ede0b5b6f6af3a5c1d19a9f6fc0cee6984b765e17e1b23a93027b0,fresh_import_replay
case_048,1,1,222532,42438,222220,0.9985979544514946,team13,8f3837f18546a015cb75ac992e870e51f48659c1,A题研究/直接迭代/第十三轮成果/方案/p1/n1/case_048_multicore_res.json,方案/p1/n1/case_048_multicore_res.json,27c1e05b6c26698a3b670f650cfb2302302fcb1532bdd573e37daa5aa1777cd0,inherited_team13_success
case_048,1,2,222220,0,222220,1.0,team13,8f3837f18546a015cb75ac992e870e51f48659c1,A题研究/直接迭代/第十三轮成果/方案/p1/n2/case_048_multicore_res.json,方案/p1/n2/case_048_multicore_res.json,743b10178c8fc2a002e8efe85863f15e344784c6fd91bf9c5a2827615c855169,inherited_team13_success
case_048,1,3,122039,1391956,222220,1.820893320987553,team13,8f3837f18546a015cb75ac992e870e51f48659c1,A题研究/直接迭代/第十三轮成果/方案/p1/n3/case_048_multicore_res.json,方案/p1/n3/case_048_multicore_res.json,77d926497db186c1703288529777911506dbf3064611bc93d56ac499f6503417,inherited_team13_success
case_048,1,4,119999,1391956,222220,1.8518487654063784,team13,8f3837f18546a015cb75ac992e870e51f48659c1,A题研究/直接迭代/第十三轮成果/方案/p1/n4/case_048_multicore_res.json,方案/p1/n4/case_048_multicore_res.json,fdd3d23a83f810ee3ab73332b3553d21a83caf41c416aaa51cf0d1dfc9a2569f,inherited_team13_success
case_048,1,5,119999,1391956,222220,1.8518487654063784,team13,8f3837f18546a015cb75ac992e870e51f48659c1,A题研究/直接迭代/第十三轮成果/方案/p1/n5/case_048_multicore_res.json,方案/p1/n5/case_048_multicore_res.json,d5c30a8ce148278187bfd4243587c95351743994684cabe20ef4faf9d458ab36,inherited_team13_success
case_048,2,1,222220,0,222220,1.0,team13,8f3837f18546a015cb75ac992e870e51f48659c1,A题研究/直接迭代/第十三轮成果/方案/p2/n1/case_048_multicore_res.json,方案/p2/n1/case_048_multicore_res.json,db6a4f37e97ab83514758848c07db3425203ea784c521e164f5574ef0dbc8eae,inherited_team13_success
case_048,2,2,114065,479718,222220,1.9481874369876824,team13,8f3837f18546a015cb75ac992e870e51f48659c1,A题研究/直接迭代/第十三轮成果/方案/p2/n2/case_048_multicore_res.json,方案/p2/n2/case_048_multicore_res.json,eb8b1b5b9f614e090eb23b7daea12860ab227972f8fe844553c1fea197ceefec,inherited_team13_success
case_048,2,3,103645,725004,222220,2.144049399392156,team13,8f3837f18546a015cb75ac992e870e51f48659c1,A题研究/直接迭代/第十三轮成果/方案/p2/n3/case_048_multicore_res.json,方案/p2/n3/case_048_multicore_res.json,9baa96aee0ac918aa2c9e419f59f8c879e54a59d3f056a4b97d694a89d760b5f,inherited_team13_success
case_048,2,4,102067,792656,222220,2.177197331164823,team13,8f3837f18546a015cb75ac992e870e51f48659c1,A题研究/直接迭代/第十三轮成果/方案/p2/n4/case_048_multicore_res.json,方案/p2/n4/case_048_multicore_res.json,a78a48eb3ca073c3a3cf13f60b1f6ddcbab2e4dc5221f7ed69c844e92322f86e,inherited_team13_success
case_048,2,5,98594,1236440,222220,2.25388968902773,team13,8f3837f18546a015cb75ac992e870e51f48659c1,A题研究/直接迭代/第十三轮成果/方案/p2/n5/case_048_multicore_res.json,方案/p2/n5/case_048_multicore_res.json,d525dc2b8013bff3b5a9a0382714b22e81f9154d5d6b9fc655c2fc96bcb6bfc4,inherited_team13_success
case_048,3,1,222220,0,222220,1.0,team13,8f3837f18546a015cb75ac992e870e51f48659c1,A题研究/直接迭代/第十三轮成果/方案/p3/n1/case_048_multicore_res.json,方案/p3/n1/case_048_multicore_res.json,db6a4f37e97ab83514758848c07db3425203ea784c521e164f5574ef0dbc8eae,inherited_team13_success
case_048,3,2,114065,479718,222220,1.9481874369876824,team13,8f3837f18546a015cb75ac992e870e51f48659c1,A题研究/直接迭代/第十三轮成果/方案/p3/n2/case_048_multicore_res.json,方案/p3/n2/case_048_multicore_res.json,eb8b1b5b9f614e090eb23b7daea12860ab227972f8fe844553c1fea197ceefec,inherited_team13_success
case_048,3,3,103311,725004,222220,2.1509810184781872,team13,8f3837f18546a015cb75ac992e870e51f48659c1,A题研究/直接迭代/第十三轮成果/方案/p3/n3/case_048_multicore_res.json,方案/p3/n3/case_048_multicore_res.json,8a70f8fc0931227d1652a423c8863d607078f59c8839054b4838f088611e7a1c,inherited_team13_success
case_048,3,4,101542,792656,222220,2.188454038722893,team13,8f3837f18546a015cb75ac992e870e51f48659c1,A题研究/直接迭代/第十三轮成果/方案/p3/n4/case_048_multicore_res.json,方案/p3/n4/case_048_multicore_res.json,2343ec89ff325acbb9aa8a5ee9ab345fced1e8b44fbb908d6cb3045cddca79c4,inherited_team13_success
case_048,3,5,98366,1236440,222220,2.259113921476933,team13,8f3837f18546a015cb75ac992e870e51f48659c1,A题研究/直接迭代/第十三轮成果/方案/p3/n5/case_048_multicore_res.json,方案/p3/n5/case_048_multicore_res.json,d525dc2b8013bff3b5a9a0382714b22e81f9154d5d6b9fc655c2fc96bcb6bfc4,inherited_team13_success
case_049,1,1,196276,0,196276,1.0,team13,8f3837f18546a015cb75ac992e870e51f48659c1,A题研究/直接迭代/第十三轮成果/方案/p1/n1/case_049_multicore_res.json,方案/p1/n1/case_049_multicore_res.json,f0e1de6b6010010b2b0f54286cae639663902f58297a54661c6993d5fcd5c274,inherited_team13_success
case_049,1,2,160206,0,196276,1.2251476224361135,team13,8f3837f18546a015cb75ac992e870e51f48659c1,A题研究/直接迭代/第十三轮成果/方案/p1/n2/case_049_multicore_res.json,方案/p1/n2/case_049_multicore_res.json,323b3ad3038c616ad343376ea808967abbcbe62ddfafabed9dc7c6e4465e450a,inherited_team13_success
case_049,1,3,142360,746906,196276,1.3787299803315538,team13,8f3837f18546a015cb75ac992e870e51f48659c1,A题研究/直接迭代/第十三轮成果/方案/p1/n3/case_049_multicore_res.json,方案/p1/n3/case_049_multicore_res.json,ae29c69fa146418aeda4aeb479b15362e156a10b8d87a7b97f44fd7e2b661b93,inherited_team13_success
case_049,1,4,141356,353564,196276,1.388522595432808,team13,8f3837f18546a015cb75ac992e870e51f48659c1,A题研究/直接迭代/第十三轮成果/方案/p1/n4/case_049_multicore_res.json,方案/p1/n4/case_049_multicore_res.json,1002f99439c7e613de23791366d70a38b6c47e5799771e0116655e14d958c827,inherited_team13_success
case_049,1,5,86941,2643504,196276,2.257576977490482,team13,8f3837f18546a015cb75ac992e870e51f48659c1,A题研究/直接迭代/第十三轮成果/方案/p1/n5/case_049_multicore_res.json,方案/p1/n5/case_049_multicore_res.json,3b2cd8d49dbf2d34a7063583ca442f7052830286334a13cb9f4c7f552dc6118f,inherited_team13_success
case_049,2,1,196276,0,196276,1.0,team13,8f3837f18546a015cb75ac992e870e51f48659c1,A题研究/直接迭代/第十三轮成果/方案/p2/n1/case_049_multicore_res.json,方案/p2/n1/case_049_multicore_res.json,f0e1de6b6010010b2b0f54286cae639663902f58297a54661c6993d5fcd5c274,inherited_team13_success
case_049,2,2,121112,3169338,196276,1.6206156285091486,team13,8f3837f18546a015cb75ac992e870e51f48659c1,A题研究/直接迭代/第十三轮成果/方案/p2/n2/case_049_multicore_res.json,方案/p2/n2/case_049_multicore_res.json,108f985625414e8b68eecabb8104c149e3c91985bab63cd4cc759b2eaf7aa916,inherited_team13_success
case_049,2,3,93625,3835440,196276,2.0964058744993324,team13,8f3837f18546a015cb75ac992e870e51f48659c1,A题研究/直接迭代/第十三轮成果/方案/p2/n3/case_049_multicore_res.json,方案/p2/n3/case_049_multicore_res.json,15e58c4780b19cd56cf0eaf66a5058a6deda4685da584bd0047d9519782692eb,inherited_team13_success
case_049,2,4,93550,4523478,196276,2.0980865847140566,team13,8f3837f18546a015cb75ac992e870e51f48659c1,A题研究/直接迭代/第十三轮成果/方案/p2/n4/case_049_multicore_res.json,方案/p2/n4/case_049_multicore_res.json,2e14e4ba876bace6144282bbb03c7893dc6b9002707dac14f4eff140875e8387,inherited_team13_success
case_049,2,5,59914,1782112,196276,3.2759622125045897,team13,8f3837f18546a015cb75ac992e870e51f48659c1,A题研究/直接迭代/第十三轮成果/方案/p2/n5/case_049_multicore_res.json,方案/p2/n5/case_049_multicore_res.json,c3e6fcd858c88ba13a8dbc54b682259c136bc45c88162bb736c46386551a7e89,inherited_team13_success
case_049,3,1,196276,0,196276,1.0,team13,8f3837f18546a015cb75ac992e870e51f48659c1,A题研究/直接迭代/第十三轮成果/方案/p3/n1/case_049_multicore_res.json,方案/p3/n1/case_049_multicore_res.json,f0e1de6b6010010b2b0f54286cae639663902f58297a54661c6993d5fcd5c274,inherited_team13_success
case_049,3,2,121088,3169338,196276,1.6209368393234673,team13,8f3837f18546a015cb75ac992e870e51f48659c1,A题研究/直接迭代/第十三轮成果/方案/p3/n2/case_049_multicore_res.json,方案/p3/n2/case_049_multicore_res.json,108f985625414e8b68eecabb8104c149e3c91985bab63cd4cc759b2eaf7aa916,inherited_team13_success
case_049,3,3,91236,3835440,196276,2.151299925468017,team13,8f3837f18546a015cb75ac992e870e51f48659c1,A题研究/直接迭代/第十三轮成果/方案/p3/n3/case_049_multicore_res.json,方案/p3/n3/case_049_multicore_res.json,15e58c4780b19cd56cf0eaf66a5058a6deda4685da584bd0047d9519782692eb,inherited_team13_success
case_049,3,4,88719,4523478,196276,2.2123333220617907,team13,8f3837f18546a015cb75ac992e870e51f48659c1,A题研究/直接迭代/第十三轮成果/方案/p3/n4/case_049_multicore_res.json,方案/p3/n4/case_049_multicore_res.json,2e14e4ba876bace6144282bbb03c7893dc6b9002707dac14f4eff140875e8387,inherited_team13_success
case_049,3,5,59456,1786208,196276,3.301197524219591,team13,8f3837f18546a015cb75ac992e870e51f48659c1,A题研究/直接迭代/第十三轮成果/方案/p3/n5/case_049_multicore_res.json,方案/p3/n5/case_049_multicore_res.json,dd826fe6e507ec1754234f9b5891b5249bdbf35a77b9a8ee484a761d9c4d2d3d,inherited_team13_success
case_050,1,1,149552,96048,149690,1.0009227559644807,team13,8f3837f18546a015cb75ac992e870e51f48659c1,A题研究/直接迭代/第十三轮成果/方案/p1/n1/case_050_multicore_res.json,方案/p1/n1/case_050_multicore_res.json,5eacb078146da79ee959837417e49e501689597be78d1328ff43090762ef153d,inherited_team13_success
case_050,1,2,102445,64082,149690,1.4611742886426864,team13,8f3837f18546a015cb75ac992e870e51f48659c1,A题研究/直接迭代/第十三轮成果/方案/p1/n2/case_050_multicore_res.json,方案/p1/n2/case_050_multicore_res.json,ae55dfc80bfa5ee8631eeab9868aa5c8714d6e50a938bb03334ec7cbc44ca108,inherited_team13_success
case_050,1,3,91511,466052,149690,1.6357596354536612,team13,8f3837f18546a015cb75ac992e870e51f48659c1,A题研究/直接迭代/第十三轮成果/方案/p1/n3/case_050_multicore_res.json,方案/p1/n3/case_050_multicore_res.json,7cb46263da57e02afe73a304134273a98d123d3b754e457e5a6417d8fdda5fae,inherited_team13_success
case_050,1,4,91511,466052,149690,1.6357596354536612,team13,8f3837f18546a015cb75ac992e870e51f48659c1,A题研究/直接迭代/第十三轮成果/方案/p1/n4/case_050_multicore_res.json,方案/p1/n4/case_050_multicore_res.json,763b212cf70119b7feab76480264f394c88a437b6949ff1986ec406c8da0ed1c,inherited_team13_success
case_050,1,5,77776,907036,149690,1.9246297058218473,team13,8f3837f18546a015cb75ac992e870e51f48659c1,A题研究/直接迭代/第十三轮成果/方案/p1/n5/case_050_multicore_res.json,方案/p1/n5/case_050_multicore_res.json,6222853cabacbd20f99bd10f956d54d93725c6a7c03260e6a182abc409ff4019,inherited_team13_success
case_050,2,1,149690,0,149690,1.0,team13,8f3837f18546a015cb75ac992e870e51f48659c1,A题研究/直接迭代/第十三轮成果/方案/p2/n1/case_050_multicore_res.json,方案/p2/n1/case_050_multicore_res.json,a4eafd983b0cc523a2992c52a0e657f1c3b720fa23277161eac25de7124430e3,inherited_team13_success
case_050,2,2,88024,950954,149690,1.700558938471326,team13,8f3837f18546a015cb75ac992e870e51f48659c1,A题研究/直接迭代/第十三轮成果/方案/p2/n2/case_050_multicore_res.json,方案/p2/n2/case_050_multicore_res.json,441a5f877fa1454f65d0a3bd5521138f6932167e5dbbf9c5e9a42f0a8b11c272,inherited_team13_success
case_050,2,3,56006,1214252,149690,2.6727493482841123,team13,8f3837f18546a015cb75ac992e870e51f48659c1,A题研究/直接迭代/第十三轮成果/方案/p2/n3/case_050_multicore_res.json,方案/p2/n3/case_050_multicore_res.json,5da9e4cbfdeb645b3bf7d125a5ea028698a788223f44a12132dfece78df9f379,inherited_team13_success
case_050,2,4,56006,1214252,149690,2.6727493482841123,team13,8f3837f18546a015cb75ac992e870e51f48659c1,A题研究/直接迭代/第十三轮成果/方案/p2/n4/case_050_multicore_res.json,方案/p2/n4/case_050_multicore_res.json,adca167802751fe3377e1703f6146214da6c41549dd61a76e3ffe52d1e44edd9,inherited_team13_success
case_050,2,5,48502,1481220,149690,3.0862644839388067,team13,8f3837f18546a015cb75ac992e870e51f48659c1,A题研究/直接迭代/第十三轮成果/方案/p2/n5/case_050_multicore_res.json,方案/p2/n5/case_050_multicore_res.json,092bb3ad07cb6c11787b90bfe9d1df4ad3d60b053544255bd61cf42b3fc71080,inherited_team13_success
case_050,3,1,149690,0,149690,1.0,team13,8f3837f18546a015cb75ac992e870e51f48659c1,A题研究/直接迭代/第十三轮成果/方案/p3/n1/case_050_multicore_res.json,方案/p3/n1/case_050_multicore_res.json,a4eafd983b0cc523a2992c52a0e657f1c3b720fa23277161eac25de7124430e3,inherited_team13_success
case_050,3,2,87754,950954,149690,1.7057911890056294,team13,8f3837f18546a015cb75ac992e870e51f48659c1,A题研究/直接迭代/第十三轮成果/方案/p3/n2/case_050_multicore_res.json,方案/p3/n2/case_050_multicore_res.json,441a5f877fa1454f65d0a3bd5521138f6932167e5dbbf9c5e9a42f0a8b11c272,inherited_team13_success
case_050,3,3,55123,1214252,149690,2.7155633764490323,team13,8f3837f18546a015cb75ac992e870e51f48659c1,A题研究/直接迭代/第十三轮成果/方案/p3/n3/case_050_multicore_res.json,方案/p3/n3/case_050_multicore_res.json,5da9e4cbfdeb645b3bf7d125a5ea028698a788223f44a12132dfece78df9f379,inherited_team13_success
case_050,3,4,55123,1214252,149690,2.7155633764490323,team13,8f3837f18546a015cb75ac992e870e51f48659c1,A题研究/直接迭代/第十三轮成果/方案/p3/n4/case_050_multicore_res.json,方案/p3/n4/case_050_multicore_res.json,adca167802751fe3377e1703f6146214da6c41549dd61a76e3ffe52d1e44edd9,inherited_team13_success
case_050,3,5,45172,1481220,149690,3.313778446825467,team13,8f3837f18546a015cb75ac992e870e51f48659c1,A题研究/直接迭代/第十三轮成果/方案/p3/n5/case_050_multicore_res.json,方案/p3/n5/case_050_multicore_res.json,092bb3ad07cb6c11787b90bfe9d1df4ad3d60b053544255bd61cf42b3fc71080,inherited_team13_success
case_051,1,1,607628,0,607628,1.0,team13,8f3837f18546a015cb75ac992e870e51f48659c1,A题研究/直接迭代/第十三轮成果/方案/p1/n1/case_051_multicore_res.json,方案/p1/n1/case_051_multicore_res.json,413a97d03cf4fc3d2f2186806ec15d55f5721152605e5cc712d3b421246f05b2,inherited_team13_success
case_051,1,2,381670,9110978,607628,1.5920245238032855,joint_panel_joint,2362dd73dd4be460e35ce9302e0521f0934e5de6,/home/konglingrui/.mathmodel/questionA/统一算法迭代/A题研究/直接迭代/联合整合_20260926/同预算对照/slots/lowcore/case_051/p1_n2/joint/summary.json,方案/p1/n2/case_051_multicore_res.json,f64089f8eea181c5fc9a7ac3a9e04de5f4b4fef15aa5e5a46da14ff1d4142594,fresh_panel_winner_replay
case_051,1,3,312423,9110978,607628,1.9448888206053971,joint_panel_strong,2362dd73dd4be460e35ce9302e0521f0934e5de6,/home/konglingrui/.mathmodel/questionA/统一算法迭代/A题研究/直接迭代/联合整合_20260926/同预算对照/slots/lowcore/case_051/p1_n3/strong/summary.json,方案/p1/n3/case_051_multicore_res.json,224ad32cda21ea7f92afe0a2ba232606d45d6054ea9292ee21cb5e0fdb04783b,fresh_panel_winner_replay
case_051,1,4,288232,9111070,607628,2.108121235671265,joint_panel_strong,2362dd73dd4be460e35ce9302e0521f0934e5de6,/home/konglingrui/.mathmodel/questionA/统一算法迭代/A题研究/直接迭代/联合整合_20260926/同预算对照/slots/lowcore/case_051/p1_n4/strong/summary.json,方案/p1/n4/case_051_multicore_res.json,88081732a1ff54b7262fdfd648b3e90eb2e03472efdeebe235c8201b8eb73ecf,fresh_panel_winner_replay
case_051,1,5,259576,9111024,607628,2.3408481523715596,joint_panel_strong,2362dd73dd4be460e35ce9302e0521f0934e5de6,/home/konglingrui/.mathmodel/questionA/统一算法迭代/A题研究/直接迭代/联合整合_20260926/同预算对照/slots/development/case_051/p1_n5/strong/summary.json,方案/p1/n5/case_051_multicore_res.json,f276716f9195a534c26de2e842d8deafd464756f9a8736624af53ebb7fc1ddec,fresh_panel_winner_replay
case_051,2,1,607628,0,607628,1.0,team13,8f3837f18546a015cb75ac992e870e51f48659c1,A题研究/直接迭代/第十三轮成果/方案/p2/n1/case_051_multicore_res.json,方案/p2/n1/case_051_multicore_res.json,413a97d03cf4fc3d2f2186806ec15d55f5721152605e5cc712d3b421246f05b2,inherited_team13_success
case_051,2,2,319230,394080,607628,1.903417598596623,team13,8f3837f18546a015cb75ac992e870e51f48659c1,A题研究/直接迭代/第十三轮成果/方案/p2/n2/case_051_multicore_res.json,方案/p2/n2/case_051_multicore_res.json,b1677c0bc968c91a4db2e535269a9fd35008e97e54ecd13b83caa6dcca6c3551,inherited_team13_success
case_051,2,3,228533,263200,607628,2.6588195140307964,team13,8f3837f18546a015cb75ac992e870e51f48659c1,A题研究/直接迭代/第十三轮成果/方案/p2/n3/case_051_multicore_res.json,方案/p2/n3/case_051_multicore_res.json,bfb086979d484d32763d3ad3f1bc6e4738fcc0cb6a35129535dedca3878c2d1b,inherited_team13_success
case_051,2,4,179465,197848,607628,3.385774384977572,team13,8f3837f18546a015cb75ac992e870e51f48659c1,A题研究/直接迭代/第十三轮成果/方案/p2/n4/case_051_multicore_res.json,方案/p2/n4/case_051_multicore_res.json,f5cadcf92d39d9937f7b59af3e066344e790479c82a7107704062b43cc43d962,inherited_team13_success
case_051,2,5,162296,3507604,607628,3.7439493271553212,team13,8f3837f18546a015cb75ac992e870e51f48659c1,A题研究/直接迭代/第十三轮成果/方案/p2/n5/case_051_multicore_res.json,方案/p2/n5/case_051_multicore_res.json,66be6762f6a74731bf33b9d4a4ef2cb0394a49a1f31c0455971678bfd7ef1ae3,inherited_team13_success
case_051,3,1,607628,0,607628,1.0,team13,8f3837f18546a015cb75ac992e870e51f48659c1,A题研究/直接迭代/第十三轮成果/方案/p3/n1/case_051_multicore_res.json,方案/p3/n1/case_051_multicore_res.json,413a97d03cf4fc3d2f2186806ec15d55f5721152605e5cc712d3b421246f05b2,inherited_team13_success
case_051,3,2,318398,394080,607628,1.9083913843679923,team13,8f3837f18546a015cb75ac992e870e51f48659c1,A题研究/直接迭代/第十三轮成果/方案/p3/n2/case_051_multicore_res.json,方案/p3/n2/case_051_multicore_res.json,b1677c0bc968c91a4db2e535269a9fd35008e97e54ecd13b83caa6dcca6c3551,inherited_team13_success
case_051,3,3,227940,263200,607628,2.66573659735018,team13,8f3837f18546a015cb75ac992e870e51f48659c1,A题研究/直接迭代/第十三轮成果/方案/p3/n3/case_051_multicore_res.json,方案/p3/n3/case_051_multicore_res.json,bfb086979d484d32763d3ad3f1bc6e4738fcc0cb6a35129535dedca3878c2d1b,inherited_team13_success
case_051,3,4,178974,197848,607628,3.395062970040341,team13,8f3837f18546a015cb75ac992e870e51f48659c1,A题研究/直接迭代/第十三轮成果/方案/p3/n4/case_051_multicore_res.json,方案/p3/n4/case_051_multicore_res.json,f5cadcf92d39d9937f7b59af3e066344e790479c82a7107704062b43cc43d962,inherited_team13_success
case_051,3,5,159635,3507604,607628,3.806358254768691,team13,8f3837f18546a015cb75ac992e870e51f48659c1,A题研究/直接迭代/第十三轮成果/方案/p3/n5/case_051_multicore_res.json,方案/p3/n5/case_051_multicore_res.json,66be6762f6a74731bf33b9d4a4ef2cb0394a49a1f31c0455971678bfd7ef1ae3,inherited_team13_success
case_052,1,1,180301,0,180301,1.0,team13,8f3837f18546a015cb75ac992e870e51f48659c1,A题研究/直接迭代/第十三轮成果/方案/p1/n1/case_052_multicore_res.json,方案/p1/n1/case_052_multicore_res.json,56bd3141f9a42d521d571a41d1e0951295813b5978d1f59fe3605cfae4b05fc7,inherited_team13_success
case_052,1,2,86401,135168,180301,2.0867929769331375,team13,8f3837f18546a015cb75ac992e870e51f48659c1,A题研究/直接迭代/第十三轮成果/方案/p1/n2/case_052_multicore_res.json,方案/p1/n2/case_052_multicore_res.json,4c00237542b01cc3bd134005eb6e7a7cc8cdc05bee8f29227532422fd4ac3165,inherited_team13_success
case_052,1,3,63144,181248,180301,2.8553940200177372,team13,8f3837f18546a015cb75ac992e870e51f48659c1,A题研究/直接迭代/第十三轮成果/方案/p1/n3/case_052_multicore_res.json,方案/p1/n3/case_052_multicore_res.json,9faefdcfbc2e28fc42cb1e2c2a5bd8a36085ecd63f6ad780fd2371e733ebe077,inherited_team13_success
case_052,1,4,47938,259584,180301,3.7611289582377236,team13,8f3837f18546a015cb75ac992e870e51f48659c1,A题研究/直接迭代/第十三轮成果/方案/p1/n4/case_052_multicore_res.json,方案/p1/n4/case_052_multicore_res.json,cf236e14f51ad55d49f8f7f5745586e78e156a24cf2b988346e04a5a71cb1ad2,inherited_team13_success
case_052,1,5,44240,854016,180301,4.075519891500904,team13,8f3837f18546a015cb75ac992e870e51f48659c1,A题研究/直接迭代/第十三轮成果/方案/p1/n5/case_052_multicore_res.json,方案/p1/n5/case_052_multicore_res.json,570bbbcbdb9d4119d81df279525fa129f67695954f5aec7203625890287811b1,inherited_team13_success
case_052,2,1,180301,0,180301,1.0,team13,8f3837f18546a015cb75ac992e870e51f48659c1,A题研究/直接迭代/第十三轮成果/方案/p2/n1/case_052_multicore_res.json,方案/p2/n1/case_052_multicore_res.json,3e4da48702cad19b16e5cef098afae7bd56e0f6dde92bf323e0bcc9997220cb2,inherited_team13_success
case_052,2,2,85972,102912,180301,2.0972060670916113,team13,8f3837f18546a015cb75ac992e870e51f48659c1,A题研究/直接迭代/第十三轮成果/方案/p2/n2/case_052_multicore_res.json,方案/p2/n2/case_052_multicore_res.json,abf6710e41cc4bd46a54dd3d46b668c1146e555b0c1b6672cc2fb421348defdc,inherited_team13_success
case_052,2,3,54776,181248,180301,3.2916058127647143,team13,8f3837f18546a015cb75ac992e870e51f48659c1,A题研究/直接迭代/第十三轮成果/方案/p2/n3/case_052_multicore_res.json,方案/p2/n3/case_052_multicore_res.json,19abb4bb6052287d525ca8067c6296b65877b205170e1d7b07506198acebabd1,inherited_team13_success
case_052,2,4,40702,259584,180301,4.429782320279101,team13,8f3837f18546a015cb75ac992e870e51f48659c1,A题研究/直接迭代/第十三轮成果/方案/p2/n4/case_052_multicore_res.json,方案/p2/n4/case_052_multicore_res.json,5c95984fb5f815752e6d1b0c84442d6bcaefb898f9bf0006920be3dd05819f2c,inherited_team13_success
case_052,2,5,32948,328704,180301,5.472289668568654,team13,8f3837f18546a015cb75ac992e870e51f48659c1,A题研究/直接迭代/第十三轮成果/方案/p2/n5/case_052_multicore_res.json,方案/p2/n5/case_052_multicore_res.json,2d02815a662c8d6b93a573b90c3f994f2cd51f9795064b33779fc57c3e558a35,inherited_team13_success
case_052,3,1,180301,0,180301,1.0,team13,8f3837f18546a015cb75ac992e870e51f48659c1,A题研究/直接迭代/第十三轮成果/方案/p3/n1/case_052_multicore_res.json,方案/p3/n1/case_052_multicore_res.json,3e4da48702cad19b16e5cef098afae7bd56e0f6dde92bf323e0bcc9997220cb2,inherited_team13_success
case_052,3,2,85972,102912,180301,2.0972060670916113,team13,8f3837f18546a015cb75ac992e870e51f48659c1,A题研究/直接迭代/第十三轮成果/方案/p3/n2/case_052_multicore_res.json,方案/p3/n2/case_052_multicore_res.json,abf6710e41cc4bd46a54dd3d46b668c1146e555b0c1b6672cc2fb421348defdc,inherited_team13_success
case_052,3,3,54776,181248,180301,3.2916058127647143,team13,8f3837f18546a015cb75ac992e870e51f48659c1,A题研究/直接迭代/第十三轮成果/方案/p3/n3/case_052_multicore_res.json,方案/p3/n3/case_052_multicore_res.json,19abb4bb6052287d525ca8067c6296b65877b205170e1d7b07506198acebabd1,inherited_team13_success
case_052,3,4,40702,259584,180301,4.429782320279101,team13,8f3837f18546a015cb75ac992e870e51f48659c1,A题研究/直接迭代/第十三轮成果/方案/p3/n4/case_052_multicore_res.json,方案/p3/n4/case_052_multicore_res.json,5c95984fb5f815752e6d1b0c84442d6bcaefb898f9bf0006920be3dd05819f2c,inherited_team13_success
case_052,3,5,32186,328704,180301,5.601845522898154,team13,8f3837f18546a015cb75ac992e870e51f48659c1,A题研究/直接迭代/第十三轮成果/方案/p3/n5/case_052_multicore_res.json,方案/p3/n5/case_052_multicore_res.json,39db1943f515170d19d7c20608cf3e7d9d37a05279dc4573c17413ce1eed33bf,inherited_team13_success
case_053,1,1,1471981,6711364,1472686,1.0004789463994441,team13,8f3837f18546a015cb75ac992e870e51f48659c1,A题研究/直接迭代/第十三轮成果/方案/p1/n1/case_053_multicore_res.json,方案/p1/n1/case_053_multicore_res.json,b8d631a4e185411112d8751882a0ca4c24282605a31ac42351962c8dd5caf390,inherited_team13_success
case_053,1,2,770331,6759168,1472686,1.9117574133716546,team13,8f3837f18546a015cb75ac992e870e51f48659c1,A题研究/直接迭代/第十三轮成果/方案/p1/n2/case_053_multicore_res.json,方案/p1/n2/case_053_multicore_res.json,d071a09bcd33271f5d0ec9c305010c7991cce5b6d6e360c6af3ab235501ef73c,inherited_team13_success
case_053,1,3,546106,5882944,1472686,2.6967035703691224,team13,8f3837f18546a015cb75ac992e870e51f48659c1,A题研究/直接迭代/第十三轮成果/方案/p1/n3/case_053_multicore_res.json,方案/p1/n3/case_053_multicore_res.json,0d4833c783832cc0eaabe5fcaf6d919fc6209bbafb0b5f39e80a8c18319ead75,inherited_team13_success
case_053,1,4,492232,6360992,1472686,2.991853434965626,team13,8f3837f18546a015cb75ac992e870e51f48659c1,A题研究/直接迭代/第十三轮成果/方案/p1/n4/case_053_multicore_res.json,方案/p1/n4/case_053_multicore_res.json,d2bc7d8164bc35539ce3cd5e0284b7b0a40a4c8e9470e4ff4c5425145579d6f7,inherited_team13_success
case_053,1,5,470274,15299978,1472686,3.1315488417390713,team13,8f3837f18546a015cb75ac992e870e51f48659c1,A题研究/直接迭代/第十三轮成果/方案/p1/n5/case_053_multicore_res.json,方案/p1/n5/case_053_multicore_res.json,8ee481aa4bc646f86c4c3f1798b66494bb8327f69c218c1f50e79113cdfddcf3,inherited_team13_success
case_053,2,1,1472686,5405536,1472686,1.0,team13,8f3837f18546a015cb75ac992e870e51f48659c1,A题研究/直接迭代/第十三轮成果/方案/p2/n1/case_053_multicore_res.json,方案/p2/n1/case_053_multicore_res.json,7a25b4996b4a990f138eafdb81b9469c6dfa56f67ca085a1b27fd7d8272c5298,inherited_team13_success
case_053,2,2,709198,10834526,1472686,2.076551259309812,team13,8f3837f18546a015cb75ac992e870e51f48659c1,A题研究/直接迭代/第十三轮成果/方案/p2/n2/case_053_multicore_res.json,方案/p2/n2/case_053_multicore_res.json,4360905cb3e8a949864a1ae21c9e407b181fb4073467c7053854c5f86a1cc3aa,inherited_team13_success
case_053,2,3,421712,1219468,1472686,3.4921605266153204,team13,8f3837f18546a015cb75ac992e870e51f48659c1,A题研究/直接迭代/第十三轮成果/方案/p2/n3/case_053_multicore_res.json,方案/p2/n3/case_053_multicore_res.json,c0055f87c5053b5a85c06993152c552dd6dd5951cfc3a109898ca3de8f2cc10d,inherited_team13_success
case_053,2,4,421712,1219468,1472686,3.4921605266153204,team13,8f3837f18546a015cb75ac992e870e51f48659c1,A题研究/直接迭代/第十三轮成果/方案/p2/n4/case_053_multicore_res.json,方案/p2/n4/case_053_multicore_res.json,74a5bd5e584b4a640c2b4b19dfe3f19b1fa516d7a10590f09a807f747d5cf4fc,inherited_team13_success
case_053,2,5,418489,5518068,1472686,3.5190554590443237,team13,8f3837f18546a015cb75ac992e870e51f48659c1,A题研究/直接迭代/第十三轮成果/方案/p2/n5/case_053_multicore_res.json,方案/p2/n5/case_053_multicore_res.json,4c32ff9607717e32e5dac6f2cb4a2577a110e9cd94468b8e6833deed933356bb,inherited_team13_success
case_053,3,1,1428109,5405536,1472686,1.0312140039730862,team13,8f3837f18546a015cb75ac992e870e51f48659c1,A题研究/直接迭代/第十三轮成果/方案/p3/n1/case_053_multicore_res.json,方案/p3/n1/case_053_multicore_res.json,7a25b4996b4a990f138eafdb81b9469c6dfa56f67ca085a1b27fd7d8272c5298,inherited_team13_success
case_053,3,2,707962,10834526,1472686,2.080176619649077,team13,8f3837f18546a015cb75ac992e870e51f48659c1,A题研究/直接迭代/第十三轮成果/方案/p3/n2/case_053_multicore_res.json,方案/p3/n2/case_053_multicore_res.json,4360905cb3e8a949864a1ae21c9e407b181fb4073467c7053854c5f86a1cc3aa,inherited_team13_success
case_053,3,3,421712,1219468,1472686,3.4921605266153204,team13,8f3837f18546a015cb75ac992e870e51f48659c1,A题研究/直接迭代/第十三轮成果/方案/p3/n3/case_053_multicore_res.json,方案/p3/n3/case_053_multicore_res.json,c0055f87c5053b5a85c06993152c552dd6dd5951cfc3a109898ca3de8f2cc10d,inherited_team13_success
case_053,3,4,402244,17995940,1472686,3.661175803741013,team13,8f3837f18546a015cb75ac992e870e51f48659c1,A题研究/直接迭代/第十三轮成果/方案/p3/n4/case_053_multicore_res.json,方案/p3/n4/case_053_multicore_res.json,63be7df7bc5cb1d3a2e460420259b1c807d26f91df7bd4da62e0369fb7b8f204,inherited_team13_success
case_053,3,5,380122,21711392,1472686,3.8742456369270917,team13,8f3837f18546a015cb75ac992e870e51f48659c1,A题研究/直接迭代/第十三轮成果/方案/p3/n5/case_053_multicore_res.json,方案/p3/n5/case_053_multicore_res.json,ac7401875e6693bf8d4a47ec0f8c76ed3cf81cc9743eb95e1eb5017d1491bbf3,inherited_team13_success
case_054,1,1,813161,1156360,815051,1.002324262968834,team13,8f3837f18546a015cb75ac992e870e51f48659c1,A题研究/直接迭代/第十三轮成果/方案/p1/n1/case_054_multicore_res.json,方案/p1/n1/case_054_multicore_res.json,cecec8d427bf34feafa89725f7d3e964f46fe012cfa294ffdc758ddfc9f16013,inherited_team13_success
case_054,1,2,517960,49152,815051,1.5735790408525754,team13,8f3837f18546a015cb75ac992e870e51f48659c1,A题研究/直接迭代/第十三轮成果/方案/p1/n2/case_054_multicore_res.json,方案/p1/n2/case_054_multicore_res.json,3cad14ae3867836d8fe35495156303328cb5c6828473045362696fa0a6dcdb67,inherited_team13_success
case_054,1,3,517960,49152,815051,1.5735790408525754,team13,8f3837f18546a015cb75ac992e870e51f48659c1,A题研究/直接迭代/第十三轮成果/方案/p1/n3/case_054_multicore_res.json,方案/p1/n3/case_054_multicore_res.json,ebc826eb892606de10b4fd879c33111c10c303ceb563d6bf0929d8d544d7e4e3,inherited_team13_success
case_054,1,4,517960,49152,815051,1.5735790408525754,team13,8f3837f18546a015cb75ac992e870e51f48659c1,A题研究/直接迭代/第十三轮成果/方案/p1/n4/case_054_multicore_res.json,方案/p1/n4/case_054_multicore_res.json,2af0572db890b85ce1bfe59a747a2d2d70805d833829c6c2951315ec6bc5a2ca,inherited_team13_success
case_054,1,5,387450,13481052,815051,2.1036288553361726,ours,238aafecf447488e1397467ddebe4d994477c899,新增精选方案/p1/n5/case_054_multicore_res.json,方案/p1/n5/case_054_multicore_res.json,441def937e7b6c81dff3a008c7e1f28a597d4e6197a7198c465ccdcc2784aa75,fresh_import_replay
case_054,2,1,815051,0,815051,1.0,team13,8f3837f18546a015cb75ac992e870e51f48659c1,A题研究/直接迭代/第十三轮成果/方案/p2/n1/case_054_multicore_res.json,方案/p2/n1/case_054_multicore_res.json,4c9de91a85e5cbbe63962d87d7d4636e9a9734f50f694dd41e4c03a76c794216,inherited_team13_success
case_054,2,2,467888,8232922,815051,1.7419788496392299,team13,8f3837f18546a015cb75ac992e870e51f48659c1,A题研究/直接迭代/第十三轮成果/方案/p2/n2/case_054_multicore_res.json,方案/p2/n2/case_054_multicore_res.json,59bf7c3fdd7a2857ccdb9a5c90fdf28dad385e087d0472cd00c6ee4f9d50424a,inherited_team13_success
case_054,2,3,306968,4800036,815051,2.655166010789398,team13,8f3837f18546a015cb75ac992e870e51f48659c1,A题研究/直接迭代/第十三轮成果/方案/p2/n3/case_054_multicore_res.json,方案/p2/n3/case_054_multicore_res.json,9c3b52dc680d2db1276502d7a4e96f84179af3d433d0bca44dcc426ff64b796a,inherited_team13_success
case_054,2,4,252914,5695422,815051,3.2226408976964502,team13,8f3837f18546a015cb75ac992e870e51f48659c1,A题研究/直接迭代/第十三轮成果/方案/p2/n4/case_054_multicore_res.json,方案/p2/n4/case_054_multicore_res.json,5c809ece4c132071a29620661c3f33bf69537cfe33e09119f8bb3918a3946659,inherited_team13_success
case_054,2,5,217984,6504128,815051,3.739040480035232,team13,8f3837f18546a015cb75ac992e870e51f48659c1,A题研究/直接迭代/第十三轮成果/方案/p2/n5/case_054_multicore_res.json,方案/p2/n5/case_054_multicore_res.json,9cf151ba81591e3d62ab724b7c3ecf3e0ec381890aa930ff688940469f06c041,inherited_team13_success
case_054,3,1,815051,0,815051,1.0,team13,8f3837f18546a015cb75ac992e870e51f48659c1,A题研究/直接迭代/第十三轮成果/方案/p3/n1/case_054_multicore_res.json,方案/p3/n1/case_054_multicore_res.json,4c9de91a85e5cbbe63962d87d7d4636e9a9734f50f694dd41e4c03a76c794216,inherited_team13_success
case_054,3,2,467045,8232922,815051,1.7451230609470179,team13,8f3837f18546a015cb75ac992e870e51f48659c1,A题研究/直接迭代/第十三轮成果/方案/p3/n2/case_054_multicore_res.json,方案/p3/n2/case_054_multicore_res.json,59bf7c3fdd7a2857ccdb9a5c90fdf28dad385e087d0472cd00c6ee4f9d50424a,inherited_team13_success
case_054,3,3,306732,4800036,815051,2.657208898973697,team13,8f3837f18546a015cb75ac992e870e51f48659c1,A题研究/直接迭代/第十三轮成果/方案/p3/n3/case_054_multicore_res.json,方案/p3/n3/case_054_multicore_res.json,9c3b52dc680d2db1276502d7a4e96f84179af3d433d0bca44dcc426ff64b796a,inherited_team13_success
case_054,3,4,250944,5695422,815051,3.247939779393012,team13,8f3837f18546a015cb75ac992e870e51f48659c1,A题研究/直接迭代/第十三轮成果/方案/p3/n4/case_054_multicore_res.json,方案/p3/n4/case_054_multicore_res.json,5c809ece4c132071a29620661c3f33bf69537cfe33e09119f8bb3918a3946659,inherited_team13_success
case_054,3,5,212882,6504128,815051,3.8286515534427523,team13,8f3837f18546a015cb75ac992e870e51f48659c1,A题研究/直接迭代/第十三轮成果/方案/p3/n5/case_054_multicore_res.json,方案/p3/n5/case_054_multicore_res.json,9cf151ba81591e3d62ab724b7c3ecf3e0ec381890aa930ff688940469f06c041,inherited_team13_success
case_055,1,1,120124,86016,118835,0.9892694215976824,team13,8f3837f18546a015cb75ac992e870e51f48659c1,A题研究/直接迭代/第十三轮成果/方案/p1/n1/case_055_multicore_res.json,方案/p1/n1/case_055_multicore_res.json,e2d5e8071d4605433e7fe1483874170e9320a99ae306c1921241a1a729856320,inherited_team13_success
case_055,1,2,60867,74240,118835,1.9523715642302069,team13,8f3837f18546a015cb75ac992e870e51f48659c1,A题研究/直接迭代/第十三轮成果/方案/p1/n2/case_055_multicore_res.json,方案/p1/n2/case_055_multicore_res.json,1f6b3a53406857f28f827bc8b7ecc90de777c6049fdabb719311b2c0de2e3dbf,inherited_team13_success
case_055,1,3,43004,74240,118835,2.763347595572505,team13,8f3837f18546a015cb75ac992e870e51f48659c1,A题研究/直接迭代/第十三轮成果/方案/p1/n3/case_055_multicore_res.json,方案/p1/n3/case_055_multicore_res.json,30159fee5630a61100924e989d695920a4ffa1daa00d89a6cd37f49d1ea607c6,inherited_team13_success
case_055,1,4,31367,115712,118835,3.788535722255874,team13,8f3837f18546a015cb75ac992e870e51f48659c1,A题研究/直接迭代/第十三轮成果/方案/p1/n4/case_055_multicore_res.json,方案/p1/n4/case_055_multicore_res.json,a00d6c2da2ceb5dedcceb62ebccb823a3f4d2b13af61961542689173b250d2a6,inherited_team13_success
case_055,1,5,26781,198656,118835,4.437287629289422,team13,8f3837f18546a015cb75ac992e870e51f48659c1,A题研究/直接迭代/第十三轮成果/方案/p1/n5/case_055_multicore_res.json,方案/p1/n5/case_055_multicore_res.json,2fe97b140612725b59f4855d6592f43840c70e2f01bfaeb47879a7edaa769665,inherited_team13_success
case_055,2,1,118835,69632,118835,1.0,team13,8f3837f18546a015cb75ac992e870e51f48659c1,A题研究/直接迭代/第十三轮成果/方案/p2/n1/case_055_multicore_res.json,方案/p2/n1/case_055_multicore_res.json,8110e8b56da997a53e48ebf94e3d6d75c0b5459d42de21baed65e68ce2362e9e,inherited_team13_success
case_055,2,2,51558,16384,118835,2.3048799410372784,team13,8f3837f18546a015cb75ac992e870e51f48659c1,A题研究/直接迭代/第十三轮成果/方案/p2/n2/case_055_multicore_res.json,方案/p2/n2/case_055_multicore_res.json,d3b37a3352699b7429441bd94f67572749a140292edd988edaf2f4dc5717d2d3,inherited_team13_success
case_055,2,3,40867,68608,118835,2.9078474074436587,team13,8f3837f18546a015cb75ac992e870e51f48659c1,A题研究/直接迭代/第十三轮成果/方案/p2/n3/case_055_multicore_res.json,方案/p2/n3/case_055_multicore_res.json,a4cdf01bce975fca928f7463d4ac4e109c5d82dca9fe581fbc2f0ae4398f4795,inherited_team13_success
case_055,2,4,29477,197632,118835,4.031448247786409,team13,8f3837f18546a015cb75ac992e870e51f48659c1,A题研究/直接迭代/第十三轮成果/方案/p2/n4/case_055_multicore_res.json,方案/p2/n4/case_055_multicore_res.json,b14e5c1f6115fcd2ba19eac073fb1111b22af0aa069a657451443749054b7ea3,inherited_team13_success
case_055,2,5,20296,198656,118835,5.855094599921166,team13,8f3837f18546a015cb75ac992e870e51f48659c1,A题研究/直接迭代/第十三轮成果/方案/p2/n5/case_055_multicore_res.json,方案/p2/n5/case_055_multicore_res.json,2ca82d775896c1862608274ebf18148300c212997b356e82b5e165a7259a218e,inherited_team13_success
case_055,3,1,118835,69632,118835,1.0,team13,8f3837f18546a015cb75ac992e870e51f48659c1,A题研究/直接迭代/第十三轮成果/方案/p3/n1/case_055_multicore_res.json,方案/p3/n1/case_055_multicore_res.json,8110e8b56da997a53e48ebf94e3d6d75c0b5459d42de21baed65e68ce2362e9e,inherited_team13_success
case_055,3,2,51557,16384,118835,2.304924646507749,team13,8f3837f18546a015cb75ac992e870e51f48659c1,A题研究/直接迭代/第十三轮成果/方案/p3/n2/case_055_multicore_res.json,方案/p3/n2/case_055_multicore_res.json,2a2feea46896fd3b3a59f70583116dda6b673b0a7b8e0e33af565f23f2f646c5,inherited_team13_success
case_055,3,3,40867,68608,118835,2.9078474074436587,team13,8f3837f18546a015cb75ac992e870e51f48659c1,A题研究/直接迭代/第十三轮成果/方案/p3/n3/case_055_multicore_res.json,方案/p3/n3/case_055_multicore_res.json,a4cdf01bce975fca928f7463d4ac4e109c5d82dca9fe581fbc2f0ae4398f4795,inherited_team13_success
case_055,3,4,29504,197632,118835,4.027758947939263,team13,8f3837f18546a015cb75ac992e870e51f48659c1,A题研究/直接迭代/第十三轮成果/方案/p3/n4/case_055_multicore_res.json,方案/p3/n4/case_055_multicore_res.json,b14e5c1f6115fcd2ba19eac073fb1111b22af0aa069a657451443749054b7ea3,inherited_team13_success
case_055,3,5,20015,198656,118835,5.937297027229578,team13,8f3837f18546a015cb75ac992e870e51f48659c1,A题研究/直接迭代/第十三轮成果/方案/p3/n5/case_055_multicore_res.json,方案/p3/n5/case_055_multicore_res.json,b8f5ce7706007d861975e3575ccde8deef5ccf606fc26671622e3adc5aebadfa,inherited_team13_success
case_056,1,1,277456,432166,277285,0.9993836860619342,team13,8f3837f18546a015cb75ac992e870e51f48659c1,A题研究/直接迭代/第十三轮成果/方案/p1/n1/case_056_multicore_res.json,方案/p1/n1/case_056_multicore_res.json,b806032e2d1bdc88355090fbbe8a11447a50541ff8956a6c9349761cf0589d12,inherited_team13_success
case_056,1,2,265710,0,277285,1.0435625305784502,team13,8f3837f18546a015cb75ac992e870e51f48659c1,A题研究/直接迭代/第十三轮成果/方案/p1/n2/case_056_multicore_res.json,方案/p1/n2/case_056_multicore_res.json,4974d244076c134fd204406a7becdb8c364bac9eea29b53e7193b3694ec3ade7,inherited_team13_success
case_056,1,3,244205,1764804,277285,1.1354599619172416,ours,238aafecf447488e1397467ddebe4d994477c899,A题研究/直接迭代/闭环验证_20260925/下一阶段攻坚/重划实证_v1/精选方案/case_056_p1_n3.json,方案/p1/n3/case_056_multicore_res.json,7456d4d7c91d28c7431da6aab6e67f71c317ebb9dab304a19445b62390f86b9b,fresh_import_replay
case_056,1,4,222412,952620,277285,1.2467178029962411,team13,8f3837f18546a015cb75ac992e870e51f48659c1,A题研究/直接迭代/第十三轮成果/方案/p1/n4/case_056_multicore_res.json,方案/p1/n4/case_056_multicore_res.json,231e7dc9f4ddd4e4339649e1e8ad4b25e4f3581505e856ff6aa4326496d0cc79,inherited_team13_success
case_056,1,5,138785,4461966,277285,1.9979464639550384,team13,8f3837f18546a015cb75ac992e870e51f48659c1,A题研究/直接迭代/第十三轮成果/方案/p1/n5/case_056_multicore_res.json,方案/p1/n5/case_056_multicore_res.json,b16f7e3f823c121b111ee6156c1fb7f3d30198794b6fde5209df42dedb884bd8,inherited_team13_success
case_056,2,1,277285,0,277285,1.0,team13,8f3837f18546a015cb75ac992e870e51f48659c1,A题研究/直接迭代/第十三轮成果/方案/p2/n1/case_056_multicore_res.json,方案/p2/n1/case_056_multicore_res.json,138428a73918b2b277740770fd3bc8f8f93cbfbdbd4b9ed7231ae634156e003c,inherited_team13_success
case_056,2,2,172826,3631650,277285,1.6044171594551746,team13,8f3837f18546a015cb75ac992e870e51f48659c1,A题研究/直接迭代/第十三轮成果/方案/p2/n2/case_056_multicore_res.json,方案/p2/n2/case_056_multicore_res.json,086ab206766c17e845b9300bf5e3b041dcbe7e49d1e68c2b6f85f5680f9fb30d,inherited_team13_success
case_056,2,3,125443,5730556,277285,2.2104461787425365,team13,8f3837f18546a015cb75ac992e870e51f48659c1,A题研究/直接迭代/第十三轮成果/方案/p2/n3/case_056_multicore_res.json,方案/p2/n3/case_056_multicore_res.json,e45fe5cf1e56588589f93e34f4ed57ec2696624847b48ecdb1e647118beb3541,inherited_team13_success
case_056,2,4,125443,5730556,277285,2.2104461787425365,team13,8f3837f18546a015cb75ac992e870e51f48659c1,A题研究/直接迭代/第十三轮成果/方案/p2/n4/case_056_multicore_res.json,方案/p2/n4/case_056_multicore_res.json,730cee0a0e0ccfa76b6d4c636ad81b651e81af4679cbf7aa033a71cc85d97b5c,inherited_team13_success
case_056,2,5,92521,2734524,277285,2.9969952767479815,team13,8f3837f18546a015cb75ac992e870e51f48659c1,A题研究/直接迭代/第十三轮成果/方案/p2/n5/case_056_multicore_res.json,方案/p2/n5/case_056_multicore_res.json,113b80ab57b1b16262fa0a4bc473eca5c267aea7d8e6d1ffbbcf137f0e68601c,inherited_team13_success
case_056,3,1,277285,0,277285,1.0,team13,8f3837f18546a015cb75ac992e870e51f48659c1,A题研究/直接迭代/第十三轮成果/方案/p3/n1/case_056_multicore_res.json,方案/p3/n1/case_056_multicore_res.json,138428a73918b2b277740770fd3bc8f8f93cbfbdbd4b9ed7231ae634156e003c,inherited_team13_success
case_056,3,2,172496,3631650,277285,1.6074865504127631,team13,8f3837f18546a015cb75ac992e870e51f48659c1,A题研究/直接迭代/第十三轮成果/方案/p3/n2/case_056_multicore_res.json,方案/p3/n2/case_056_multicore_res.json,086ab206766c17e845b9300bf5e3b041dcbe7e49d1e68c2b6f85f5680f9fb30d,inherited_team13_success
case_056,3,3,122694,5730556,277285,2.2599719627691655,team13,8f3837f18546a015cb75ac992e870e51f48659c1,A题研究/直接迭代/第十三轮成果/方案/p3/n3/case_056_multicore_res.json,方案/p3/n3/case_056_multicore_res.json,e45fe5cf1e56588589f93e34f4ed57ec2696624847b48ecdb1e647118beb3541,inherited_team13_success
case_056,3,4,122455,5819338,277285,2.2643828345106365,team13,8f3837f18546a015cb75ac992e870e51f48659c1,A题研究/直接迭代/第十三轮成果/方案/p3/n4/case_056_multicore_res.json,方案/p3/n4/case_056_multicore_res.json,093163c59c377423571ac064663b88ae32e7e2222dece48ff26c368041cba44d,inherited_team13_success
case_056,3,5,91897,2734524,277285,3.0173455063821453,team13,8f3837f18546a015cb75ac992e870e51f48659c1,A题研究/直接迭代/第十三轮成果/方案/p3/n5/case_056_multicore_res.json,方案/p3/n5/case_056_multicore_res.json,113b80ab57b1b16262fa0a4bc473eca5c267aea7d8e6d1ffbbcf137f0e68601c,inherited_team13_success
case_057,1,1,59726,94216,59726,1.0,team13,8f3837f18546a015cb75ac992e870e51f48659c1,A题研究/直接迭代/第十三轮成果/方案/p1/n1/case_057_multicore_res.json,方案/p1/n1/case_057_multicore_res.json,111580aed8dd0b8957f51ed32c5d696ffab866bb26891fbf58608b07a8c4a76e,inherited_team13_success
case_057,1,2,33201,70272,59726,1.7989217192253246,team13,8f3837f18546a015cb75ac992e870e51f48659c1,A题研究/直接迭代/第十三轮成果/方案/p1/n2/case_057_multicore_res.json,方案/p1/n2/case_057_multicore_res.json,8036b50a5e18338a5ff0e776e40ef7513090c7057c06dfa2c3ecbd945f910889,inherited_team13_success
case_057,1,3,22973,70272,59726,2.599834588429896,team13,8f3837f18546a015cb75ac992e870e51f48659c1,A题研究/直接迭代/第十三轮成果/方案/p1/n3/case_057_multicore_res.json,方案/p1/n3/case_057_multicore_res.json,327c5f21a538cae519ea6da4d67f6d552f1bacb99c75c858122c8f8211e43b82,inherited_team13_success
case_057,1,4,18187,70272,59726,3.2839940616924177,team13,8f3837f18546a015cb75ac992e870e51f48659c1,A题研究/直接迭代/第十三轮成果/方案/p1/n4/case_057_multicore_res.json,方案/p1/n4/case_057_multicore_res.json,0425fdeeeaa59db281e35f4ca2d7c302730367c0fea9090dc90c52c9b5076e6f,inherited_team13_success
case_057,1,5,14028,14400,59726,4.257627601938979,joint_panel_strong,2362dd73dd4be460e35ce9302e0521f0934e5de6,/home/konglingrui/.mathmodel/questionA/统一算法迭代/A题研究/直接迭代/联合整合_20260926/同预算对照/slots/validation/case_057/p1_n5/strong/summary.json,方案/p1/n5/case_057_multicore_res.json,e5b2f2ad92b6ea48ba2321ee5fa27e79340b57933cfa175da245b59da852b7ca,fresh_panel_winner_replay
case_057,2,1,59726,94216,59726,1.0,team13,8f3837f18546a015cb75ac992e870e51f48659c1,A题研究/直接迭代/第十三轮成果/方案/p2/n1/case_057_multicore_res.json,方案/p2/n1/case_057_multicore_res.json,48b94147da610a79e2d3543327808245b04b90720433e6f54b109591944d47d3,inherited_team13_success
case_057,2,2,32260,1186582,59726,1.8513949163050216,team13,8f3837f18546a015cb75ac992e870e51f48659c1,A题研究/直接迭代/第十三轮成果/方案/p2/n2/case_057_multicore_res.json,方案/p2/n2/case_057_multicore_res.json,50927088493699d6ad3cc93cec9b8c2055984592f48833759ab9fe864b13b6e0,inherited_team13_success
case_057,2,3,22235,57640,59726,2.686125477850236,team13,8f3837f18546a015cb75ac992e870e51f48659c1,A题研究/直接迭代/第十三轮成果/方案/p2/n3/case_057_multicore_res.json,方案/p2/n3/case_057_multicore_res.json,ba3b451ddab92d1a3ddd308742309a91d4e4affe2009c1b233f595fa0d627ce0,inherited_team13_success
case_057,2,4,17942,288,59726,3.3288373648422693,team13,8f3837f18546a015cb75ac992e870e51f48659c1,A题研究/直接迭代/第十三轮成果/方案/p2/n4/case_057_multicore_res.json,方案/p2/n4/case_057_multicore_res.json,c03966479d53728fcf73aca004ad79c5e0899324cdb5bf7fde4abaf6ce4768c4,inherited_team13_success
case_057,2,5,14028,14112,59726,4.257627601938979,ours,238aafecf447488e1397467ddebe4d994477c899,新增精选方案/p2/n5/case_057_multicore_res.json,方案/p2/n5/case_057_multicore_res.json,7609a693c051df78a2606146066ef251e8021ebc6af5daec6597e6e76bc10fa5,fresh_import_replay
case_057,3,1,59726,94216,59726,1.0,team13,8f3837f18546a015cb75ac992e870e51f48659c1,A题研究/直接迭代/第十三轮成果/方案/p3/n1/case_057_multicore_res.json,方案/p3/n1/case_057_multicore_res.json,48b94147da610a79e2d3543327808245b04b90720433e6f54b109591944d47d3,inherited_team13_success
case_057,3,2,29663,1186582,59726,2.013484812729663,team13,8f3837f18546a015cb75ac992e870e51f48659c1,A题研究/直接迭代/第十三轮成果/方案/p3/n2/case_057_multicore_res.json,方案/p3/n2/case_057_multicore_res.json,50927088493699d6ad3cc93cec9b8c2055984592f48833759ab9fe864b13b6e0,inherited_team13_success
case_057,3,3,22235,57640,59726,2.686125477850236,team13,8f3837f18546a015cb75ac992e870e51f48659c1,A题研究/直接迭代/第十三轮成果/方案/p3/n3/case_057_multicore_res.json,方案/p3/n3/case_057_multicore_res.json,ba3b451ddab92d1a3ddd308742309a91d4e4affe2009c1b233f595fa0d627ce0,inherited_team13_success
case_057,3,4,17942,288,59726,3.3288373648422693,team13,8f3837f18546a015cb75ac992e870e51f48659c1,A题研究/直接迭代/第十三轮成果/方案/p3/n4/case_057_multicore_res.json,方案/p3/n4/case_057_multicore_res.json,c03966479d53728fcf73aca004ad79c5e0899324cdb5bf7fde4abaf6ce4768c4,inherited_team13_success
case_057,3,5,14028,14112,59726,4.257627601938979,ours,238aafecf447488e1397467ddebe4d994477c899,新增精选方案/p3/n5/case_057_multicore_res.json,方案/p3/n5/case_057_multicore_res.json,7609a693c051df78a2606146066ef251e8021ebc6af5daec6597e6e76bc10fa5,fresh_import_replay
case_058,1,1,4365891,32440320,4539717,1.0398145533179826,team13,8f3837f18546a015cb75ac992e870e51f48659c1,A题研究/直接迭代/第十三轮成果/方案/p1/n1/case_058_multicore_res.json,方案/p1/n1/case_058_multicore_res.json,c132a708b22ad85c981078e318f8f977a2227a793657fc8a74db7287f5fcb21f,inherited_team13_success
case_058,1,2,2260323,30367744,4539717,2.0084372897147884,team13,8f3837f18546a015cb75ac992e870e51f48659c1,A题研究/直接迭代/第十三轮成果/方案/p1/n2/case_058_multicore_res.json,方案/p1/n2/case_058_multicore_res.json,20c97a4560d9ae4ea5a5eaa10605d8cb7090919f72a225fe18a42e8c9c0d88f9,inherited_team13_success
case_058,1,3,1516388,31899648,4539717,2.993770064126068,team13,8f3837f18546a015cb75ac992e870e51f48659c1,A题研究/直接迭代/第十三轮成果/方案/p1/n3/case_058_multicore_res.json,方案/p1/n3/case_058_multicore_res.json,536169ca915514f9bc20cc4bb0f9c6229d83a75473a362b9217f1b0db7e9cd2c,inherited_team13_success
case_058,1,4,1134997,35819520,4539717,3.9997612328490737,team13,8f3837f18546a015cb75ac992e870e51f48659c1,A题研究/直接迭代/第十三轮成果/方案/p1/n4/case_058_multicore_res.json,方案/p1/n4/case_058_multicore_res.json,4a19280891cbedd60e469aebb0362c3dee3538f95f9fd6604078b15e1f0a5adc,inherited_team13_success
case_058,1,5,943984,36671488,4539717,4.8091037559958645,team13,8f3837f18546a015cb75ac992e870e51f48659c1,A题研究/直接迭代/第十三轮成果/方案/p1/n5/case_058_multicore_res.json,方案/p1/n5/case_058_multicore_res.json,a1c3fbb7cc7b6397115e848a785f6b0460a87948229ef637f82b62bb144e3314,inherited_team13_success
case_058,2,1,4539717,28696576,4539717,1.0,team13,8f3837f18546a015cb75ac992e870e51f48659c1,A题研究/直接迭代/第十三轮成果/方案/p2/n1/case_058_multicore_res.json,方案/p2/n1/case_058_multicore_res.json,33083c6e83e79f23018bbe73bc53faab9b7485043c30119ee6f4539fa2faf602,inherited_team13_success
case_058,2,2,2263305,29569024,4539717,2.005791088695514,team13,8f3837f18546a015cb75ac992e870e51f48659c1,A题研究/直接迭代/第十三轮成果/方案/p2/n2/case_058_multicore_res.json,方案/p2/n2/case_058_multicore_res.json,bbf3cf3e2c2a3bd48323ab48c8c089f26cb7f29f5a202d73613b561a460abbc9,inherited_team13_success
case_058,2,3,1554261,30400512,4539717,2.9208202483366694,team13,8f3837f18546a015cb75ac992e870e51f48659c1,A题研究/直接迭代/第十三轮成果/方案/p2/n3/case_058_multicore_res.json,方案/p2/n3/case_058_multicore_res.json,5c7d5cce87808ee4ecedf21b8475b3a492c69815a41e203f2d52f314937e2463,inherited_team13_success
case_058,2,4,1131299,34217984,4539717,4.012835687117199,team13,8f3837f18546a015cb75ac992e870e51f48659c1,A题研究/直接迭代/第十三轮成果/方案/p2/n4/case_058_multicore_res.json,方案/p2/n4/case_058_multicore_res.json,fe8b9d56525f8fe5052ae4033cdc00480574fd310ad00e60a7ee2c9fe74eb2cf,inherited_team13_success
case_058,2,5,911208,36388864,4539717,4.982086417151737,team13,8f3837f18546a015cb75ac992e870e51f48659c1,A题研究/直接迭代/第十三轮成果/方案/p2/n5/case_058_multicore_res.json,方案/p2/n5/case_058_multicore_res.json,37655385be65ab03b37c4be1a5d8dbdc9b1a23a97f9b503b55f24549c7d8b1ad,inherited_team13_success
case_058,3,1,4539717,28696576,4539717,1.0,team13,8f3837f18546a015cb75ac992e870e51f48659c1,A题研究/直接迭代/第十三轮成果/方案/p3/n1/case_058_multicore_res.json,方案/p3/n1/case_058_multicore_res.json,33083c6e83e79f23018bbe73bc53faab9b7485043c30119ee6f4539fa2faf602,inherited_team13_success
case_058,3,2,2262720,29569024,4539717,2.0063096627068306,team13,8f3837f18546a015cb75ac992e870e51f48659c1,A题研究/直接迭代/第十三轮成果/方案/p3/n2/case_058_multicore_res.json,方案/p3/n2/case_058_multicore_res.json,bbf3cf3e2c2a3bd48323ab48c8c089f26cb7f29f5a202d73613b561a460abbc9,inherited_team13_success
case_058,3,3,1554261,30400512,4539717,2.9208202483366694,team13,8f3837f18546a015cb75ac992e870e51f48659c1,A题研究/直接迭代/第十三轮成果/方案/p3/n3/case_058_multicore_res.json,方案/p3/n3/case_058_multicore_res.json,5c7d5cce87808ee4ecedf21b8475b3a492c69815a41e203f2d52f314937e2463,inherited_team13_success
case_058,3,4,1126957,34217984,4539717,4.028296554349456,team13,8f3837f18546a015cb75ac992e870e51f48659c1,A题研究/直接迭代/第十三轮成果/方案/p3/n4/case_058_multicore_res.json,方案/p3/n4/case_058_multicore_res.json,b52db6938d2527495bcebf8b8f185cf5c2953123bb981a310c228e54bf00d483,inherited_team13_success
case_058,3,5,880410,18444288,4539717,5.156366919957747,ours,238aafecf447488e1397467ddebe4d994477c899,新增精选方案/p3/n5/case_058_multicore_res.json,方案/p3/n5/case_058_multicore_res.json,38075010f0195653bb099beabf7d385d97e912803cfae1d246b674450f867013,fresh_import_replay
case_059,1,1,795946,2621440,829473,1.042122204270139,team13,8f3837f18546a015cb75ac992e870e51f48659c1,A题研究/直接迭代/第十三轮成果/方案/p1/n1/case_059_multicore_res.json,方案/p1/n1/case_059_multicore_res.json,7d4cc7cf0eb318862e6319e43638523ec7afadc1bf62853977de4b85a8865ac7,inherited_team13_success
case_059,1,2,369318,360448,829473,2.2459587672412393,team13,8f3837f18546a015cb75ac992e870e51f48659c1,A题研究/直接迭代/第十三轮成果/方案/p1/n2/case_059_multicore_res.json,方案/p1/n2/case_059_multicore_res.json,8e0b82e1be8b5523bb6f9c85783ab193c54b234eddff3fae4d6779c42e726df1,inherited_team13_success
case_059,1,3,254768,2117632,829473,3.2557974313885576,team13,8f3837f18546a015cb75ac992e870e51f48659c1,A题研究/直接迭代/第十三轮成果/方案/p1/n3/case_059_multicore_res.json,方案/p1/n3/case_059_multicore_res.json,a37e0d57310586398552cb9550142a706c5686538f9709f96c2256a591905f71,inherited_team13_success
case_059,1,4,185216,1081344,829473,4.478408992743607,team13,8f3837f18546a015cb75ac992e870e51f48659c1,A题研究/直接迭代/第十三轮成果/方案/p1/n4/case_059_multicore_res.json,方案/p1/n4/case_059_multicore_res.json,4b0d22dfc1c38ecece42edd799f62ce3e02cced9adfa64bed06676c18c5e426e,inherited_team13_success
case_059,1,5,150782,4325376,829473,5.501140719714555,team13,8f3837f18546a015cb75ac992e870e51f48659c1,A题研究/直接迭代/第十三轮成果/方案/p1/n5/case_059_multicore_res.json,方案/p1/n5/case_059_multicore_res.json,d2c49cbd893d8ef50523efe08eaa45282f905df615791c8640e801357da6e5a9,inherited_team13_success
case_059,2,1,829473,1691648,829473,1.0,team13,8f3837f18546a015cb75ac992e870e51f48659c1,A题研究/直接迭代/第十三轮成果/方案/p2/n1/case_059_multicore_res.json,方案/p2/n1/case_059_multicore_res.json,3a845ba2ff3a4bde0f5d3dee473cbcd618c88cd02ab1f8e87fcb766b2fab2a43,inherited_team13_success
case_059,2,2,369318,360448,829473,2.2459587672412393,team13,8f3837f18546a015cb75ac992e870e51f48659c1,A题研究/直接迭代/第十三轮成果/方案/p2/n2/case_059_multicore_res.json,方案/p2/n2/case_059_multicore_res.json,8e0b82e1be8b5523bb6f9c85783ab193c54b234eddff3fae4d6779c42e726df1,inherited_team13_success
case_059,2,3,253549,1183744,829473,3.2714504888601414,team13,8f3837f18546a015cb75ac992e870e51f48659c1,A题研究/直接迭代/第十三轮成果/方案/p2/n3/case_059_multicore_res.json,方案/p2/n3/case_059_multicore_res.json,7f2f28f4aa6402ceaa4969ecf65bdfed81ae010869abd7a79362d61c2a9590aa,inherited_team13_success
case_059,2,4,185216,1081344,829473,4.478408992743607,team13,8f3837f18546a015cb75ac992e870e51f48659c1,A题研究/直接迭代/第十三轮成果/方案/p2/n4/case_059_multicore_res.json,方案/p2/n4/case_059_multicore_res.json,4b0d22dfc1c38ecece42edd799f62ce3e02cced9adfa64bed06676c18c5e426e,inherited_team13_success
case_059,2,5,148571,4087808,829473,5.583007450983032,ours,238aafecf447488e1397467ddebe4d994477c899,新增精选方案/p2/n5/case_059_multicore_res.json,方案/p2/n5/case_059_multicore_res.json,21789ef4f82e01ed4e4b85a2e8798f27bca57376a2c2c45dce9549a774204e3d,fresh_import_replay
case_059,3,1,815938,1691648,829473,1.0165882701871956,team13,8f3837f18546a015cb75ac992e870e51f48659c1,A题研究/直接迭代/第十三轮成果/方案/p3/n1/case_059_multicore_res.json,方案/p3/n1/case_059_multicore_res.json,3a845ba2ff3a4bde0f5d3dee473cbcd618c88cd02ab1f8e87fcb766b2fab2a43,inherited_team13_success
case_059,3,2,369318,360448,829473,2.2459587672412393,team13,8f3837f18546a015cb75ac992e870e51f48659c1,A题研究/直接迭代/第十三轮成果/方案/p3/n2/case_059_multicore_res.json,方案/p3/n2/case_059_multicore_res.json,8e0b82e1be8b5523bb6f9c85783ab193c54b234eddff3fae4d6779c42e726df1,inherited_team13_success
case_059,3,3,253549,1183744,829473,3.2714504888601414,team13,8f3837f18546a015cb75ac992e870e51f48659c1,A题研究/直接迭代/第十三轮成果/方案/p3/n3/case_059_multicore_res.json,方案/p3/n3/case_059_multicore_res.json,7f2f28f4aa6402ceaa4969ecf65bdfed81ae010869abd7a79362d61c2a9590aa,inherited_team13_success
case_059,3,4,185216,1081344,829473,4.478408992743607,team13,8f3837f18546a015cb75ac992e870e51f48659c1,A题研究/直接迭代/第十三轮成果/方案/p3/n4/case_059_multicore_res.json,方案/p3/n4/case_059_multicore_res.json,4b0d22dfc1c38ecece42edd799f62ce3e02cced9adfa64bed06676c18c5e426e,inherited_team13_success
case_059,3,5,150528,4362240,829473,5.51042330994898,ours,238aafecf447488e1397467ddebe4d994477c899,新增精选方案/p3/n5/case_059_multicore_res.json,方案/p3/n5/case_059_multicore_res.json,8bbd79ec1c3026291363d72abd40144241b5f5e2ea03f7f2894e65b4dbe9f6a9,fresh_import_replay
case_060,1,1,867900,3635336,888789,1.0240684410646388,team13,8f3837f18546a015cb75ac992e870e51f48659c1,A题研究/直接迭代/第十三轮成果/方案/p1/n1/case_060_multicore_res.json,方案/p1/n1/case_060_multicore_res.json,5d28ee1a5a972b801ae6978716728b685c9007617768a246733523eca6569c04,inherited_team13_success
case_060,1,2,457717,3319936,888789,1.9417871741709396,team13,8f3837f18546a015cb75ac992e870e51f48659c1,A题研究/直接迭代/第十三轮成果/方案/p1/n2/case_060_multicore_res.json,方案/p1/n2/case_060_multicore_res.json,bbc37e7d282cf687aa615d424e297dfa9f92e46684fde23245c3cbbaf38519fe,inherited_team13_success
case_060,1,3,312009,8109056,888789,2.8486005211388132,team13,8f3837f18546a015cb75ac992e870e51f48659c1,A题研究/直接迭代/第十三轮成果/方案/p1/n3/case_060_multicore_res.json,方案/p1/n3/case_060_multicore_res.json,41f926d3381e7c7d2b9ce5ed08af4d3b70d87858da81b57d102e617e58700f0a,inherited_team13_success
case_060,1,4,231814,3975424,888789,3.83406092815792,team13,8f3837f18546a015cb75ac992e870e51f48659c1,A题研究/直接迭代/第十三轮成果/方案/p1/n4/case_060_multicore_res.json,方案/p1/n4/case_060_multicore_res.json,42ee6533969f67f1dc7719396beb55a2db0a6bfa93cef0f413f13b28b786ce16,inherited_team13_success
case_060,1,5,183430,3628416,888789,4.845385160551709,team13,8f3837f18546a015cb75ac992e870e51f48659c1,A题研究/直接迭代/第十三轮成果/方案/p1/n5/case_060_multicore_res.json,方案/p1/n5/case_060_multicore_res.json,b0cc5a75afecb617f88cd5ee64bcfc9cbf01e827627f6057d991cfa84826d1f0,inherited_team13_success
case_060,2,1,888789,2068520,888789,1.0,team13,8f3837f18546a015cb75ac992e870e51f48659c1,A题研究/直接迭代/第十三轮成果/方案/p2/n1/case_060_multicore_res.json,方案/p2/n1/case_060_multicore_res.json,a0cbdff8807a45317ea9699f0fbfb54430e1dfbe19be885c7b00650a1f83b3dd,inherited_team13_success
case_060,2,2,427562,2034816,888789,2.078737118827211,team13,8f3837f18546a015cb75ac992e870e51f48659c1,A题研究/直接迭代/第十三轮成果/方案/p2/n2/case_060_multicore_res.json,方案/p2/n2/case_060_multicore_res.json,e6429cd2a3e3a4fa3069d02ac4e35d7ad2520da4c622c583995c88b3977e8b96,inherited_team13_success
case_060,2,3,298064,1913856,888789,2.981873020559343,team13,8f3837f18546a015cb75ac992e870e51f48659c1,A题研究/直接迭代/第十三轮成果/方案/p2/n3/case_060_multicore_res.json,方案/p2/n3/case_060_multicore_res.json,eed911b9cd27eed49ef74d5ca6cc6f5998a7b46081c2ffd0b2d9e29b884be4c6,inherited_team13_success
case_060,2,4,225360,3954944,888789,3.9438631522896697,team13,8f3837f18546a015cb75ac992e870e51f48659c1,A题研究/直接迭代/第十三轮成果/方案/p2/n4/case_060_multicore_res.json,方案/p2/n4/case_060_multicore_res.json,c68fae2edb4333240b6fe177553e496debf059f13fdd1020e8c000a95c6e4960,inherited_team13_success
case_060,2,5,161681,3521920,888789,5.497176538987265,team13,8f3837f18546a015cb75ac992e870e51f48659c1,A题研究/直接迭代/第十三轮成果/方案/p2/n5/case_060_multicore_res.json,方案/p2/n5/case_060_multicore_res.json,75c8778951eeb1f71e696f6a0c69d3b977870088dddbd96349cf7fc1cc58b5a8,inherited_team13_success
case_060,3,1,887801,2068520,888789,1.001112862003985,team13,8f3837f18546a015cb75ac992e870e51f48659c1,A题研究/直接迭代/第十三轮成果/方案/p3/n1/case_060_multicore_res.json,方案/p3/n1/case_060_multicore_res.json,a0cbdff8807a45317ea9699f0fbfb54430e1dfbe19be885c7b00650a1f83b3dd,inherited_team13_success
case_060,3,2,427523,2034816,888789,2.078926747800703,team13,8f3837f18546a015cb75ac992e870e51f48659c1,A题研究/直接迭代/第十三轮成果/方案/p3/n2/case_060_multicore_res.json,方案/p3/n2/case_060_multicore_res.json,e6429cd2a3e3a4fa3069d02ac4e35d7ad2520da4c622c583995c88b3977e8b96,inherited_team13_success
case_060,3,3,297940,1913856,888789,2.983114049808686,team13,8f3837f18546a015cb75ac992e870e51f48659c1,A题研究/直接迭代/第十三轮成果/方案/p3/n3/case_060_multicore_res.json,方案/p3/n3/case_060_multicore_res.json,eed911b9cd27eed49ef74d5ca6cc6f5998a7b46081c2ffd0b2d9e29b884be4c6,inherited_team13_success
case_060,3,4,225156,3954944,888789,3.947436444065448,team13,8f3837f18546a015cb75ac992e870e51f48659c1,A题研究/直接迭代/第十三轮成果/方案/p3/n4/case_060_multicore_res.json,方案/p3/n4/case_060_multicore_res.json,c68fae2edb4333240b6fe177553e496debf059f13fdd1020e8c000a95c6e4960,inherited_team13_success
case_060,3,5,153683,3508608,888789,5.783261648978742,team13,8f3837f18546a015cb75ac992e870e51f48659c1,A题研究/直接迭代/第十三轮成果/方案/p3/n5/case_060_multicore_res.json,方案/p3/n5/case_060_multicore_res.json,70ed10d1b1308ae57818a4bc5a2a5ac1fb8398b9003ec1b475077d9b68a0f109,inherited_team13_success
case_061,1,1,77396,15360,77191,0.9973512843040984,team13,8f3837f18546a015cb75ac992e870e51f48659c1,A题研究/直接迭代/第十三轮成果/方案/p1/n1/case_061_multicore_res.json,方案/p1/n1/case_061_multicore_res.json,224cbf675620a24e4d27e1b951b86c3e115974c5e889f990b6871b158b658b72,inherited_team13_success
case_061,1,2,39298,34560,77191,1.9642475444042953,team13,8f3837f18546a015cb75ac992e870e51f48659c1,A题研究/直接迭代/第十三轮成果/方案/p1/n2/case_061_multicore_res.json,方案/p1/n2/case_061_multicore_res.json,e89e27083398a3ea3eafcd8685686fa4781e26ab049cad631fde2975bb647b8a,inherited_team13_success
case_061,1,3,28342,43008,77191,2.723555147837132,team13,8f3837f18546a015cb75ac992e870e51f48659c1,A题研究/直接迭代/第十三轮成果/方案/p1/n3/case_061_multicore_res.json,方案/p1/n3/case_061_multicore_res.json,56c8bc84ad68e4e9986b9acc5a5409c41949b7fdb92ba0e4bab18893c8e09bb4,inherited_team13_success
case_061,1,4,26992,278016,77191,2.859773266152934,team13,8f3837f18546a015cb75ac992e870e51f48659c1,A题研究/直接迭代/第十三轮成果/方案/p1/n4/case_061_multicore_res.json,方案/p1/n4/case_061_multicore_res.json,dc60ef6f9a6e95987506c28060e680584e75704d3818c89209721e4b55facb1f,inherited_team13_success
case_061,1,5,22272,204420,77191,3.4658315373563218,ours,238aafecf447488e1397467ddebe4d994477c899,新增精选方案/p1/n5/case_061_multicore_res.json,方案/p1/n5/case_061_multicore_res.json,19847715af623afb361ca8771a21ac0014e1d662c491260fdbc9e3432204f64c,fresh_import_replay
case_061,2,1,77191,0,77191,1.0,team13,8f3837f18546a015cb75ac992e870e51f48659c1,A题研究/直接迭代/第十三轮成果/方案/p2/n1/case_061_multicore_res.json,方案/p2/n1/case_061_multicore_res.json,9e3c3507812560d1a0f1b9b70eda3017ea6d0efa491e826baff3992b27156968,inherited_team13_success
case_061,2,2,38566,34560,77191,2.00152984494114,team13,8f3837f18546a015cb75ac992e870e51f48659c1,A题研究/直接迭代/第十三轮成果/方案/p2/n2/case_061_multicore_res.json,方案/p2/n2/case_061_multicore_res.json,1f58a020f65dd9717446916446ee44cd658f46f975bd3acb0c6354b3536c9291,inherited_team13_success
case_061,2,3,25837,43008,77191,2.9876146611448697,team13,8f3837f18546a015cb75ac992e870e51f48659c1,A题研究/直接迭代/第十三轮成果/方案/p2/n3/case_061_multicore_res.json,方案/p2/n3/case_061_multicore_res.json,dc93ff675698bdf528576961466717c21aa0f834b6cccebe7b46cac4e8e796b3,inherited_team13_success
case_061,2,4,23801,62208,77191,3.2431830595353137,team13,8f3837f18546a015cb75ac992e870e51f48659c1,A题研究/直接迭代/第十三轮成果/方案/p2/n4/case_061_multicore_res.json,方案/p2/n4/case_061_multicore_res.json,ee43f5e2904457176721130ee6a245e1939282629423f1d81c1bf1bf9d2bd88a,inherited_team13_success
case_061,2,5,21254,305762,77191,3.631834007716195,ours,238aafecf447488e1397467ddebe4d994477c899,新增精选方案/p2/n5/case_061_multicore_res.json,方案/p2/n5/case_061_multicore_res.json,2d17bb243c4f1eadbb3ba06f291da3488586ffcfb5ebe7f155edbe64ebe354b1,fresh_import_replay
case_061,3,1,77191,0,77191,1.0,team13,8f3837f18546a015cb75ac992e870e51f48659c1,A题研究/直接迭代/第十三轮成果/方案/p3/n1/case_061_multicore_res.json,方案/p3/n1/case_061_multicore_res.json,9e3c3507812560d1a0f1b9b70eda3017ea6d0efa491e826baff3992b27156968,inherited_team13_success
case_061,3,2,38566,34560,77191,2.00152984494114,team13,8f3837f18546a015cb75ac992e870e51f48659c1,A题研究/直接迭代/第十三轮成果/方案/p3/n2/case_061_multicore_res.json,方案/p3/n2/case_061_multicore_res.json,1f58a020f65dd9717446916446ee44cd658f46f975bd3acb0c6354b3536c9291,inherited_team13_success
case_061,3,3,25837,43008,77191,2.9876146611448697,team13,8f3837f18546a015cb75ac992e870e51f48659c1,A题研究/直接迭代/第十三轮成果/方案/p3/n3/case_061_multicore_res.json,方案/p3/n3/case_061_multicore_res.json,dc93ff675698bdf528576961466717c21aa0f834b6cccebe7b46cac4e8e796b3,inherited_team13_success
case_061,3,4,23801,62208,77191,3.2431830595353137,team13,8f3837f18546a015cb75ac992e870e51f48659c1,A题研究/直接迭代/第十三轮成果/方案/p3/n4/case_061_multicore_res.json,方案/p3/n4/case_061_multicore_res.json,ee43f5e2904457176721130ee6a245e1939282629423f1d81c1bf1bf9d2bd88a,inherited_team13_success
case_061,3,5,20986,305762,77191,3.6782140474602114,ours,238aafecf447488e1397467ddebe4d994477c899,新增精选方案/p3/n5/case_061_multicore_res.json,方案/p3/n5/case_061_multicore_res.json,2d17bb243c4f1eadbb3ba06f291da3488586ffcfb5ebe7f155edbe64ebe354b1,fresh_import_replay
case_062,1,1,2977362,10254336,2854809,0.9588383945250863,team13,8f3837f18546a015cb75ac992e870e51f48659c1,A题研究/直接迭代/第十三轮成果/方案/p1/n1/case_062_multicore_res.json,方案/p1/n1/case_062_multicore_res.json,e3af84d32dade71bfdae78f36e20bef525becaa5f5d29ac3b8806f5dd3878ab4,inherited_team13_success
case_062,1,2,2784050,43739136,2854809,1.025415851008423,team13,8f3837f18546a015cb75ac992e870e51f48659c1,A题研究/直接迭代/第十三轮成果/方案/p1/n2/case_062_multicore_res.json,方案/p1/n2/case_062_multicore_res.json,a799a10ac1ccde7d6e77d8e71f78a8f3e478f38b4288a4346bce47c4c6172efa,inherited_team13_success
case_062,1,3,2784050,43739136,2854809,1.025415851008423,team13,8f3837f18546a015cb75ac992e870e51f48659c1,A题研究/直接迭代/第十三轮成果/方案/p1/n3/case_062_multicore_res.json,方案/p1/n3/case_062_multicore_res.json,49fbf704cd4c3a69fe23d05d9b7e091b17fbe2bf7d3e73ff70b2c7995d0399e8,inherited_team13_success
case_062,1,4,2127630,5597184,2854809,1.3417788807264421,team13,8f3837f18546a015cb75ac992e870e51f48659c1,A题研究/直接迭代/第十三轮成果/方案/p1/n4/case_062_multicore_res.json,方案/p1/n4/case_062_multicore_res.json,c952dbcb020f8990a68238471cab18faedd91cc834e9d9b58e77f03d83580d8c,inherited_team13_success
case_062,1,5,789139,23235072,2854809,3.6176250318384975,ours,238aafecf447488e1397467ddebe4d994477c899,A题研究/直接迭代/联合推进成果_20260925/方案/case_062_p1_n5.json,方案/p1/n5/case_062_multicore_res.json,33eb8db9bd52a27bb5a8482b5cce09b96e905cdcdb6119c6dd639934ccc29c6c,fresh_import_replay
case_062,2,1,2854809,0,2854809,1.0,team13,8f3837f18546a015cb75ac992e870e51f48659c1,A题研究/直接迭代/第十三轮成果/方案/p2/n1/case_062_multicore_res.json,方案/p2/n1/case_062_multicore_res.json,cd2dcfbbbd8fe06de7c3dca8a56ce97d2243ebb0f01c97c83a6f64d292dd3aea,inherited_team13_success
case_062,2,2,1578487,10948608,2854809,1.80857301960675,team13,8f3837f18546a015cb75ac992e870e51f48659c1,A题研究/直接迭代/第十三轮成果/方案/p2/n2/case_062_multicore_res.json,方案/p2/n2/case_062_multicore_res.json,be529d3b6fff8d4c84e482f2fbb4c942c762d9e16307e8847b5ca7f967ce9718,inherited_team13_success
case_062,2,3,1083732,10716672,2854809,2.6342389077742467,team13,8f3837f18546a015cb75ac992e870e51f48659c1,A题研究/直接迭代/第十三轮成果/方案/p2/n3/case_062_multicore_res.json,方案/p2/n3/case_062_multicore_res.json,9d90c699021dcc6aa903bb0121ffbecb5d69aca09e6d9d8cf97a5126e11a8fe3,inherited_team13_success
case_062,2,4,837097,10033152,2854809,3.410368213002794,team13,8f3837f18546a015cb75ac992e870e51f48659c1,A题研究/直接迭代/第十三轮成果/方案/p2/n4/case_062_multicore_res.json,方案/p2/n4/case_062_multicore_res.json,895eacd0a8fde1514f33b80394ffb271333e89f1d5df02f742e49a4cb050df62,inherited_team13_success
case_062,2,5,644927,7099392,2854809,4.426561455792671,ours,238aafecf447488e1397467ddebe4d994477c899,新增精选方案/p2/n5/case_062_multicore_res.json,方案/p2/n5/case_062_multicore_res.json,f1b5c7d39fc0200c24231ca1a0a012da5fbb76dbc046b91d1953b9405ce79895,fresh_import_replay
case_062,3,1,2854809,0,2854809,1.0,team13,8f3837f18546a015cb75ac992e870e51f48659c1,A题研究/直接迭代/第十三轮成果/方案/p3/n1/case_062_multicore_res.json,方案/p3/n1/case_062_multicore_res.json,cd2dcfbbbd8fe06de7c3dca8a56ce97d2243ebb0f01c97c83a6f64d292dd3aea,inherited_team13_success
case_062,3,2,1578487,10948608,2854809,1.80857301960675,team13,8f3837f18546a015cb75ac992e870e51f48659c1,A题研究/直接迭代/第十三轮成果/方案/p3/n2/case_062_multicore_res.json,方案/p3/n2/case_062_multicore_res.json,be529d3b6fff8d4c84e482f2fbb4c942c762d9e16307e8847b5ca7f967ce9718,inherited_team13_success
case_062,3,3,1083732,10716672,2854809,2.6342389077742467,team13,8f3837f18546a015cb75ac992e870e51f48659c1,A题研究/直接迭代/第十三轮成果/方案/p3/n3/case_062_multicore_res.json,方案/p3/n3/case_062_multicore_res.json,9d90c699021dcc6aa903bb0121ffbecb5d69aca09e6d9d8cf97a5126e11a8fe3,inherited_team13_success
case_062,3,4,837097,10033152,2854809,3.410368213002794,team13,8f3837f18546a015cb75ac992e870e51f48659c1,A题研究/直接迭代/第十三轮成果/方案/p3/n4/case_062_multicore_res.json,方案/p3/n4/case_062_multicore_res.json,895eacd0a8fde1514f33b80394ffb271333e89f1d5df02f742e49a4cb050df62,inherited_team13_success
case_062,3,5,644927,7099392,2854809,4.426561455792671,ours,238aafecf447488e1397467ddebe4d994477c899,新增精选方案/p3/n5/case_062_multicore_res.json,方案/p3/n5/case_062_multicore_res.json,f1b5c7d39fc0200c24231ca1a0a012da5fbb76dbc046b91d1953b9405ce79895,fresh_import_replay
case_063,1,1,1102415,2949120,1070397,0.9709564909766286,team13,8f3837f18546a015cb75ac992e870e51f48659c1,A题研究/直接迭代/第十三轮成果/方案/p1/n1/case_063_multicore_res.json,方案/p1/n1/case_063_multicore_res.json,238faaed8be43b7f36f21177724ccd1b73f439ccc385e1b05b1802ade98dd000,inherited_team13_success
case_063,1,2,538131,99840,1070397,1.9891011668162586,team13,8f3837f18546a015cb75ac992e870e51f48659c1,A题研究/直接迭代/第十三轮成果/方案/p1/n2/case_063_multicore_res.json,方案/p1/n2/case_063_multicore_res.json,db9add16a3bdc6b1a2b78a806a24554ff8a3d576ca8963a395df760e83457b74,inherited_team13_success
case_063,1,3,447415,2543616,1070397,2.392403026273147,team13,8f3837f18546a015cb75ac992e870e51f48659c1,A题研究/直接迭代/第十三轮成果/方案/p1/n3/case_063_multicore_res.json,方案/p1/n3/case_063_multicore_res.json,edb575e9b7aca0eb0262ab4111cfa2fdc5d23a57ea9e2ad18f7dcb5e6cf5f9c4,inherited_team13_success
case_063,1,4,327110,6325248,1070397,3.272284552596986,team13,8f3837f18546a015cb75ac992e870e51f48659c1,A题研究/直接迭代/第十三轮成果/方案/p1/n4/case_063_multicore_res.json,方案/p1/n4/case_063_multicore_res.json,3403cc05fbee1561c27dd58c881d9e4b005b12234906ce5be5daf325f01df85a,inherited_team13_success
case_063,1,5,252654,8812032,1070397,4.2366121256738465,ours,238aafecf447488e1397467ddebe4d994477c899,A题研究/直接迭代/联合推进成果_20260925/方案/case_063_p1_n5.json,方案/p1/n5/case_063_multicore_res.json,676c13f947f6a366e98d28bc07fb961ef22f06309064ae71ca52d13501e5b340,fresh_import_replay
case_063,2,1,1070397,0,1070397,1.0,team13,8f3837f18546a015cb75ac992e870e51f48659c1,A题研究/直接迭代/第十三轮成果/方案/p2/n1/case_063_multicore_res.json,方案/p2/n1/case_063_multicore_res.json,c2e3468c4d86a0493b7c90054f06ff7dcc0dc074ec74212b41e743f799161595,inherited_team13_success
case_063,2,2,549818,15203328,1070397,1.9468205842660662,team13,8f3837f18546a015cb75ac992e870e51f48659c1,A题研究/直接迭代/第十三轮成果/方案/p2/n2/case_063_multicore_res.json,方案/p2/n2/case_063_multicore_res.json,2a2e3415376e04d82b32e00f8067f16d82e14c2c32a0d99b20b4aad6bebba9a2,inherited_team13_success
case_063,2,3,335762,6199296,1070397,3.1879634979539078,team13,8f3837f18546a015cb75ac992e870e51f48659c1,A题研究/直接迭代/第十三轮成果/方案/p2/n3/case_063_multicore_res.json,方案/p2/n3/case_063_multicore_res.json,c2c5db09e8f54d44361638fea7cdb74e5cfc444c11aa163a2b3d3c5525bbf05e,inherited_team13_success
case_063,2,4,273116,6474240,1070397,3.919202829566924,team13,8f3837f18546a015cb75ac992e870e51f48659c1,A题研究/直接迭代/第十三轮成果/方案/p2/n4/case_063_multicore_res.json,方案/p2/n4/case_063_multicore_res.json,8453c886cc1ea8789ee9a1f94568893546ca76a5f77335256a5f8ef9a70044ca,inherited_team13_success
case_063,2,5,206194,3164160,1070397,5.191213129383009,team13,8f3837f18546a015cb75ac992e870e51f48659c1,A题研究/直接迭代/第十三轮成果/方案/p2/n5/case_063_multicore_res.json,方案/p2/n5/case_063_multicore_res.json,6cda928522a0e8aa99768b8cb9190bdde9236a4484645c00e0e46123715c735a,inherited_team13_success
case_063,3,1,1070397,0,1070397,1.0,team13,8f3837f18546a015cb75ac992e870e51f48659c1,A题研究/直接迭代/第十三轮成果/方案/p3/n1/case_063_multicore_res.json,方案/p3/n1/case_063_multicore_res.json,c2e3468c4d86a0493b7c90054f06ff7dcc0dc074ec74212b41e743f799161595,inherited_team13_success
case_063,3,2,548808,15203328,1070397,1.950403419775222,team13,8f3837f18546a015cb75ac992e870e51f48659c1,A题研究/直接迭代/第十三轮成果/方案/p3/n2/case_063_multicore_res.json,方案/p3/n2/case_063_multicore_res.json,2a2e3415376e04d82b32e00f8067f16d82e14c2c32a0d99b20b4aad6bebba9a2,inherited_team13_success
case_063,3,3,335063,6199296,1070397,3.19461414719023,team13,8f3837f18546a015cb75ac992e870e51f48659c1,A题研究/直接迭代/第十三轮成果/方案/p3/n3/case_063_multicore_res.json,方案/p3/n3/case_063_multicore_res.json,c2c5db09e8f54d44361638fea7cdb74e5cfc444c11aa163a2b3d3c5525bbf05e,inherited_team13_success
case_063,3,4,272966,6474240,1070397,3.9213565059384687,team13,8f3837f18546a015cb75ac992e870e51f48659c1,A题研究/直接迭代/第十三轮成果/方案/p3/n4/case_063_multicore_res.json,方案/p3/n4/case_063_multicore_res.json,8453c886cc1ea8789ee9a1f94568893546ca76a5f77335256a5f8ef9a70044ca,inherited_team13_success
case_063,3,5,206181,3164160,1070397,5.191540442620804,team13,8f3837f18546a015cb75ac992e870e51f48659c1,A题研究/直接迭代/第十三轮成果/方案/p3/n5/case_063_multicore_res.json,方案/p3/n5/case_063_multicore_res.json,6cda928522a0e8aa99768b8cb9190bdde9236a4484645c00e0e46123715c735a,inherited_team13_success
case_064,1,1,19116,0,19116,1.0,team13,8f3837f18546a015cb75ac992e870e51f48659c1,A题研究/直接迭代/第十三轮成果/方案/p1/n1/case_064_multicore_res.json,方案/p1/n1/case_064_multicore_res.json,4508b2c9250e4b633093e3a7efd042bdc8b9974d291447ebd4d5ad361a5e59b5,inherited_team13_success
case_064,1,2,17896,48856,19116,1.0681716584711667,team13,8f3837f18546a015cb75ac992e870e51f48659c1,A题研究/直接迭代/第十三轮成果/方案/p1/n2/case_064_multicore_res.json,方案/p1/n2/case_064_multicore_res.json,34566fa23f29d2f3c0fee9fc7ae435b76471d61123f9a54cc2be36e0a49f12e4,inherited_team13_success
case_064,1,3,17896,48856,19116,1.0681716584711667,team13,8f3837f18546a015cb75ac992e870e51f48659c1,A题研究/直接迭代/第十三轮成果/方案/p1/n3/case_064_multicore_res.json,方案/p1/n3/case_064_multicore_res.json,5f6901eaa8347c8ed8466ca04917c7295696ee9744636aacc1ca540162dc95a7,inherited_team13_success
case_064,1,4,16863,48856,19116,1.1336061199074898,team13,8f3837f18546a015cb75ac992e870e51f48659c1,A题研究/直接迭代/第十三轮成果/方案/p1/n4/case_064_multicore_res.json,方案/p1/n4/case_064_multicore_res.json,a722d2f2aa0919773fd6eeb2c6b846bf72d9c55c3079caa20cfe85e256166f67,inherited_team13_success
case_064,1,5,15155,148968,19116,1.2613658858462553,joint_panel_joint,2362dd73dd4be460e35ce9302e0521f0934e5de6,/home/konglingrui/.mathmodel/questionA/统一算法迭代/A题研究/直接迭代/联合整合_20260926/同预算对照/slots/development/case_064/p1_n5/joint/summary.json,方案/p1/n5/case_064_multicore_res.json,bb070d9c1aeebe825f933775ac264f03aa1cf2f3a63954b2b10beb41e68033b4,fresh_panel_winner_replay
case_064,2,1,18831,0,19116,1.0151346184483034,ours,238aafecf447488e1397467ddebe4d994477c899,新增精选方案/p2/n1/case_064_multicore_res.json,方案/p2/n1/case_064_multicore_res.json,047ea1b73dd544c33abe2400c407ed455d756b84f21e3e964ed4a35d27e6f30d,fresh_import_replay
case_064,2,2,14566,33828,19116,1.3123712755732528,team13,8f3837f18546a015cb75ac992e870e51f48659c1,A题研究/直接迭代/第十三轮成果/方案/p2/n2/case_064_multicore_res.json,方案/p2/n2/case_064_multicore_res.json,6dffc6efc176ee6fae955559caec982dc7c492c70730e4cbf715c0fda6c8d31a,inherited_team13_success
case_064,2,3,10854,102764,19116,1.7611940298507462,team13,8f3837f18546a015cb75ac992e870e51f48659c1,A题研究/直接迭代/第十三轮成果/方案/p2/n3/case_064_multicore_res.json,方案/p2/n3/case_064_multicore_res.json,20d8af35e5319154dbc1ef6c48043e442549fe201129b5e1546d9a5780bdfa15,inherited_team13_success
case_064,2,4,9171,122668,19116,2.084396467124632,team13,8f3837f18546a015cb75ac992e870e51f48659c1,A题研究/直接迭代/第十三轮成果/方案/p2/n4/case_064_multicore_res.json,方案/p2/n4/case_064_multicore_res.json,bf787fb65d3a273365f67e127479e979a79e40e1252493fc3da70c505a77baff,inherited_team13_success
case_064,2,5,8539,127474,19116,2.2386696334465395,team13,8f3837f18546a015cb75ac992e870e51f48659c1,A题研究/直接迭代/第十三轮成果/方案/p2/n5/case_064_multicore_res.json,方案/p2/n5/case_064_multicore_res.json,8dd6d16f484be4666c14cd46f92cdc08bca532f6addb0d84c0b4d580e1e363ee,inherited_team13_success
case_064,3,1,18831,0,19116,1.0151346184483034,ours,238aafecf447488e1397467ddebe4d994477c899,新增精选方案/p3/n1/case_064_multicore_res.json,方案/p3/n1/case_064_multicore_res.json,047ea1b73dd544c33abe2400c407ed455d756b84f21e3e964ed4a35d27e6f30d,fresh_import_replay
case_064,3,2,14566,33828,19116,1.3123712755732528,team13,8f3837f18546a015cb75ac992e870e51f48659c1,A题研究/直接迭代/第十三轮成果/方案/p3/n2/case_064_multicore_res.json,方案/p3/n2/case_064_multicore_res.json,6dffc6efc176ee6fae955559caec982dc7c492c70730e4cbf715c0fda6c8d31a,inherited_team13_success
case_064,3,3,10823,102764,19116,1.766238566016816,team13,8f3837f18546a015cb75ac992e870e51f48659c1,A题研究/直接迭代/第十三轮成果/方案/p3/n3/case_064_multicore_res.json,方案/p3/n3/case_064_multicore_res.json,20d8af35e5319154dbc1ef6c48043e442549fe201129b5e1546d9a5780bdfa15,inherited_team13_success
case_064,3,4,9149,122668,19116,2.0894086785441033,team13,8f3837f18546a015cb75ac992e870e51f48659c1,A题研究/直接迭代/第十三轮成果/方案/p3/n4/case_064_multicore_res.json,方案/p3/n4/case_064_multicore_res.json,bf787fb65d3a273365f67e127479e979a79e40e1252493fc3da70c505a77baff,inherited_team13_success
case_064,3,5,8510,127410,19116,2.246298472385429,ours,238aafecf447488e1397467ddebe4d994477c899,新增精选方案/p3/n5/case_064_multicore_res.json,方案/p3/n5/case_064_multicore_res.json,c4448c0f313436e62ee76537a2dda10024dd66e856616d2dbf4c9f97a07cb16b,fresh_import_replay
case_065,1,1,53068,0,53068,1.0,team13,8f3837f18546a015cb75ac992e870e51f48659c1,A题研究/直接迭代/第十三轮成果/方案/p1/n1/case_065_multicore_res.json,方案/p1/n1/case_065_multicore_res.json,a5a07cd93a2b487c9de3405189bac32b948067a6afdf339498998434d6e75c0f,inherited_team13_success
case_065,1,2,26308,41616,53068,2.017181085601338,team13,8f3837f18546a015cb75ac992e870e51f48659c1,A题研究/直接迭代/第十三轮成果/方案/p1/n2/case_065_multicore_res.json,方案/p1/n2/case_065_multicore_res.json,5dc9fe1213c875ac37ee46bee4edb247f85bdec2efed173f6113b02cbda3110a,inherited_team13_success
case_065,1,3,18088,69408,53068,2.9338788146837684,team13,8f3837f18546a015cb75ac992e870e51f48659c1,A题研究/直接迭代/第十三轮成果/方案/p1/n3/case_065_multicore_res.json,方案/p1/n3/case_065_multicore_res.json,e251806a023fbc50dfc55e80fff8aa17084a829582d3023721b979c893c983ce,inherited_team13_success
case_065,1,4,13210,96912,53068,4.017259651778955,team13,8f3837f18546a015cb75ac992e870e51f48659c1,A题研究/直接迭代/第十三轮成果/方案/p1/n4/case_065_multicore_res.json,方案/p1/n4/case_065_multicore_res.json,b7dd077e63164b5727fc4e89dda6447fee91d1de4ec588e119076a81b3e43008,inherited_team13_success
case_065,1,5,10443,55440,53068,5.0816815091448815,joint_panel_strong,2362dd73dd4be460e35ce9302e0521f0934e5de6,/home/konglingrui/.mathmodel/questionA/统一算法迭代/A题研究/直接迭代/联合整合_20260926/同预算对照/slots/validation/case_065/p1_n5/strong/summary.json,方案/p1/n5/case_065_multicore_res.json,005ce27bdf2a2342a307e404dd4b18cea66ae7a29c95363492e20c5245cdddbb,fresh_panel_winner_replay
case_065,2,1,53068,0,53068,1.0,team13,8f3837f18546a015cb75ac992e870e51f48659c1,A题研究/直接迭代/第十三轮成果/方案/p2/n1/case_065_multicore_res.json,方案/p2/n1/case_065_multicore_res.json,05a95511885d7fef0306df402db11e900c2b37d588498a7c17bf2ee6319a50b2,inherited_team13_success
case_065,2,2,23611,13968,53068,2.2475964592774553,team13,8f3837f18546a015cb75ac992e870e51f48659c1,A题研究/直接迭代/第十三轮成果/方案/p2/n2/case_065_multicore_res.json,方案/p2/n2/case_065_multicore_res.json,4a11103a5b6c1397570b689454a5a7674b62e6db7a3dea6b7288831b8c573116,inherited_team13_success
case_065,2,3,17093,27936,53068,3.104662727432282,team13,8f3837f18546a015cb75ac992e870e51f48659c1,A题研究/直接迭代/第十三轮成果/方案/p2/n3/case_065_multicore_res.json,方案/p2/n3/case_065_multicore_res.json,521db3f8d7b924cbd354a5d40c4a8d327b5ac296624f3767ddbb3734386ae846,inherited_team13_success
case_065,2,4,12999,41616,53068,4.082467882144781,team13,8f3837f18546a015cb75ac992e870e51f48659c1,A题研究/直接迭代/第十三轮成果/方案/p2/n4/case_065_multicore_res.json,方案/p2/n4/case_065_multicore_res.json,b7dd077e63164b5727fc4e89dda6447fee91d1de4ec588e119076a81b3e43008,inherited_team13_success
case_065,2,5,8714,55584,53068,6.0899701629561624,team13,8f3837f18546a015cb75ac992e870e51f48659c1,A题研究/直接迭代/第十三轮成果/方案/p2/n5/case_065_multicore_res.json,方案/p2/n5/case_065_multicore_res.json,c18d8961280c2fe83c79e246b916e46c839bfb050b43f5364f6005c2987bf26b,inherited_team13_success
case_065,3,1,53068,0,53068,1.0,team13,8f3837f18546a015cb75ac992e870e51f48659c1,A题研究/直接迭代/第十三轮成果/方案/p3/n1/case_065_multicore_res.json,方案/p3/n1/case_065_multicore_res.json,05a95511885d7fef0306df402db11e900c2b37d588498a7c17bf2ee6319a50b2,inherited_team13_success
case_065,3,2,23611,13968,53068,2.2475964592774553,team13,8f3837f18546a015cb75ac992e870e51f48659c1,A题研究/直接迭代/第十三轮成果/方案/p3/n2/case_065_multicore_res.json,方案/p3/n2/case_065_multicore_res.json,4a11103a5b6c1397570b689454a5a7674b62e6db7a3dea6b7288831b8c573116,inherited_team13_success
case_065,3,3,17093,27936,53068,3.104662727432282,team13,8f3837f18546a015cb75ac992e870e51f48659c1,A题研究/直接迭代/第十三轮成果/方案/p3/n3/case_065_multicore_res.json,方案/p3/n3/case_065_multicore_res.json,521db3f8d7b924cbd354a5d40c4a8d327b5ac296624f3767ddbb3734386ae846,inherited_team13_success
case_065,3,4,12999,41616,53068,4.082467882144781,team13,8f3837f18546a015cb75ac992e870e51f48659c1,A题研究/直接迭代/第十三轮成果/方案/p3/n4/case_065_multicore_res.json,方案/p3/n4/case_065_multicore_res.json,b7dd077e63164b5727fc4e89dda6447fee91d1de4ec588e119076a81b3e43008,inherited_team13_success
case_065,3,5,8334,55584,53068,6.367650587952964,joint_panel_joint,2362dd73dd4be460e35ce9302e0521f0934e5de6,/home/konglingrui/.mathmodel/questionA/统一算法迭代/A题研究/直接迭代/联合整合_20260926/同预算对照/slots/validation/case_065/p3_n5/joint/summary.json,方案/p3/n5/case_065_multicore_res.json,85624f63340c6de2a21462c4a4cc3e569a760965a03e70d091d68e3f5f8c4561,fresh_panel_winner_replay
case_066,1,1,358492,403768,359070,1.0016123093402363,team13,8f3837f18546a015cb75ac992e870e51f48659c1,A题研究/直接迭代/第十三轮成果/方案/p1/n1/case_066_multicore_res.json,方案/p1/n1/case_066_multicore_res.json,4d85fdc0c002fb509d28fd79723e30f37bba0b28605079a02b2ec50042e8f002,inherited_team13_success
case_066,1,2,247728,142662,359070,1.449452625460182,team13,8f3837f18546a015cb75ac992e870e51f48659c1,A题研究/直接迭代/第十三轮成果/方案/p1/n2/case_066_multicore_res.json,方案/p1/n2/case_066_multicore_res.json,d2944b2ad5cbadcc0975a1d5c9cfc5fcbe4e63ae43199abf3fe907b1110da168,inherited_team13_success
case_066,1,3,160671,3191810,359070,2.234815243572269,team13,8f3837f18546a015cb75ac992e870e51f48659c1,A题研究/直接迭代/第十三轮成果/方案/p1/n3/case_066_multicore_res.json,方案/p1/n3/case_066_multicore_res.json,a2b5bd245a57d23c82727f3b0251d497397b29b79d320c9fb63fd511f0e8e2df,inherited_team13_success
case_066,1,4,134704,3435846,359070,2.665622401710417,team13,8f3837f18546a015cb75ac992e870e51f48659c1,A题研究/直接迭代/第十三轮成果/方案/p1/n4/case_066_multicore_res.json,方案/p1/n4/case_066_multicore_res.json,49d5799ce9ffa2afffd6074f0132ca77e0650e0238d33c7f996a187dfd44a406,inherited_team13_success
case_066,1,5,125828,4268418,359070,2.8536573735575548,team13,8f3837f18546a015cb75ac992e870e51f48659c1,A题研究/直接迭代/第十三轮成果/方案/p1/n5/case_066_multicore_res.json,方案/p1/n5/case_066_multicore_res.json,79cb7992e1f3e89aa8bd958b9eae279b09ef824d48ffb3b09a70162d0913cc2e,inherited_team13_success
case_066,2,1,359070,0,359070,1.0,team13,8f3837f18546a015cb75ac992e870e51f48659c1,A题研究/直接迭代/第十三轮成果/方案/p2/n1/case_066_multicore_res.json,方案/p2/n1/case_066_multicore_res.json,299053b2488dc144ffe7771f6c9c7994260c22a1747c122c590d4b41c3e33d62,inherited_team13_success
case_066,2,2,193251,1315736,359070,1.858049893661611,team13,8f3837f18546a015cb75ac992e870e51f48659c1,A题研究/直接迭代/第十三轮成果/方案/p2/n2/case_066_multicore_res.json,方案/p2/n2/case_066_multicore_res.json,3eaad3ba5d722c6aac4d473caf72b4bfa01d97d580af95ee1ac737e72ac18a4f,inherited_team13_success
case_066,2,3,136691,2152710,359070,2.6268737517466403,team13,8f3837f18546a015cb75ac992e870e51f48659c1,A题研究/直接迭代/第十三轮成果/方案/p2/n3/case_066_multicore_res.json,方案/p2/n3/case_066_multicore_res.json,f7900e67df95acfb302083116b85505014de8e5ef1ec1c90f7f26b08ca088f95,inherited_team13_success
case_066,2,4,121966,2619424,359070,2.944017185117164,team13,8f3837f18546a015cb75ac992e870e51f48659c1,A题研究/直接迭代/第十三轮成果/方案/p2/n4/case_066_multicore_res.json,方案/p2/n4/case_066_multicore_res.json,6ca077b1c76ca570ec206b565e36249e74854f15845d093fcf6e13071ef0a0c1,inherited_team13_success
case_066,2,5,114172,3267848,359070,3.144991766807974,team13,8f3837f18546a015cb75ac992e870e51f48659c1,A题研究/直接迭代/第十三轮成果/方案/p2/n5/case_066_multicore_res.json,方案/p2/n5/case_066_multicore_res.json,f5492142dc5ede1590c1bd35401453da2ea9647cc6e3e15b9060b8fa404a04b3,inherited_team13_success
case_066,3,1,359070,0,359070,1.0,team13,8f3837f18546a015cb75ac992e870e51f48659c1,A题研究/直接迭代/第十三轮成果/方案/p3/n1/case_066_multicore_res.json,方案/p3/n1/case_066_multicore_res.json,299053b2488dc144ffe7771f6c9c7994260c22a1747c122c590d4b41c3e33d62,inherited_team13_success
case_066,3,2,193085,1315736,359070,1.859647305590802,team13,8f3837f18546a015cb75ac992e870e51f48659c1,A题研究/直接迭代/第十三轮成果/方案/p3/n2/case_066_multicore_res.json,方案/p3/n2/case_066_multicore_res.json,3eaad3ba5d722c6aac4d473caf72b4bfa01d97d580af95ee1ac737e72ac18a4f,inherited_team13_success
case_066,3,3,134574,2152710,359070,2.668197422979179,team13,8f3837f18546a015cb75ac992e870e51f48659c1,A题研究/直接迭代/第十三轮成果/方案/p3/n3/case_066_multicore_res.json,方案/p3/n3/case_066_multicore_res.json,f7900e67df95acfb302083116b85505014de8e5ef1ec1c90f7f26b08ca088f95,inherited_team13_success
case_066,3,4,120257,2619424,359070,2.9858552932469626,team13,8f3837f18546a015cb75ac992e870e51f48659c1,A题研究/直接迭代/第十三轮成果/方案/p3/n4/case_066_multicore_res.json,方案/p3/n4/case_066_multicore_res.json,6ca077b1c76ca570ec206b565e36249e74854f15845d093fcf6e13071ef0a0c1,inherited_team13_success
case_066,3,5,106776,3267848,359070,3.3628343447965836,team13,8f3837f18546a015cb75ac992e870e51f48659c1,A题研究/直接迭代/第十三轮成果/方案/p3/n5/case_066_multicore_res.json,方案/p3/n5/case_066_multicore_res.json,f5492142dc5ede1590c1bd35401453da2ea9647cc6e3e15b9060b8fa404a04b3,inherited_team13_success
case_067,1,1,63950466,261050752,63834834,0.9981918505488294,team13,8f3837f18546a015cb75ac992e870e51f48659c1,A题研究/直接迭代/第十三轮成果/方案/p1/n1/case_067_multicore_res.json,方案/p1/n1/case_067_multicore_res.json,6bd7021ef81d6b2722c29fc94f8ca1f320ae5765eef0d39e7167f269a41724e2,inherited_team13_success
case_067,1,2,33768704,264024576,63834834,1.890354868223548,team13,8f3837f18546a015cb75ac992e870e51f48659c1,A题研究/直接迭代/第十三轮成果/方案/p1/n2/case_067_multicore_res.json,方案/p1/n2/case_067_multicore_res.json,6048b15af11831afa24b3a4ac43be94578dbece20c58f35066515dce83465c2d,inherited_team13_success
case_067,1,3,23568859,263599744,63834834,2.7084397254869232,team13,8f3837f18546a015cb75ac992e870e51f48659c1,A题研究/直接迭代/第十三轮成果/方案/p1/n3/case_067_multicore_res.json,方案/p1/n3/case_067_multicore_res.json,39eb897de709247f450bd0da41ccc28a81ed3a8282fa7fe2e4f5235d9a2c8661,inherited_team13_success
case_067,1,4,18473155,263174912,63834834,3.4555458447677183,team13,8f3837f18546a015cb75ac992e870e51f48659c1,A题研究/直接迭代/第十三轮成果/方案/p1/n4/case_067_multicore_res.json,方案/p1/n4/case_067_multicore_res.json,4c9ee28d5b6ff5afe5021351b56bda9dd42af4dfd583f7408aecb5b3475561d8,inherited_team13_success
case_067,1,5,13604111,245932160,63834834,4.692319402568827,ours,238aafecf447488e1397467ddebe4d994477c899,新增精选方案/p1/n5/case_067_multicore_res.json,方案/p1/n5/case_067_multicore_res.json,76d681148ea2830ca8aa83e831529fb7aa42e0e0e911b3e051b61f83a278d9f5,fresh_import_replay
case_067,2,1,63834834,264449408,63834834,1.0,team13,8f3837f18546a015cb75ac992e870e51f48659c1,A题研究/直接迭代/第十三轮成果/方案/p2/n1/case_067_multicore_res.json,方案/p2/n1/case_067_multicore_res.json,456fe8b74d5258ead2227e9596fbf4b9d468783aa22a924b30c6edda1accfd2c,inherited_team13_success
case_067,2,2,30166430,60981632,63834834,2.1160884466607417,team13,8f3837f18546a015cb75ac992e870e51f48659c1,A题研究/直接迭代/第十三轮成果/方案/p2/n2/case_067_multicore_res.json,方案/p2/n2/case_067_multicore_res.json,f4276b12652936e786f630637540548c894667cc4743dc72fc5bfe3ea1ae2ed1,inherited_team13_success
case_067,2,3,20034746,62186240,63834834,3.1862063037884285,team13,8f3837f18546a015cb75ac992e870e51f48659c1,A题研究/直接迭代/第十三轮成果/方案/p2/n3/case_067_multicore_res.json,方案/p2/n3/case_067_multicore_res.json,b3d90a36373438082a4e70c3a4a45eeb10eb30e8e801afd3515ee5446831155b,inherited_team13_success
case_067,2,4,15025891,69837952,63834834,4.248322711777957,team13,8f3837f18546a015cb75ac992e870e51f48659c1,A题研究/直接迭代/第十三轮成果/方案/p2/n4/case_067_multicore_res.json,方案/p2/n4/case_067_multicore_res.json,64ec39e3bd05876fdcc422e89735f4cbcc56f184bd7a721b4afde23e1d7f6e06,inherited_team13_success
case_067,2,5,12055757,78601728,63834834,5.294966877650238,team13,8f3837f18546a015cb75ac992e870e51f48659c1,A题研究/直接迭代/第十三轮成果/方案/p2/n5/case_067_multicore_res.json,方案/p2/n5/case_067_multicore_res.json,feb10471845755b4794674947390b0cadc42f1461a5cc3390780fa519b8203ea,inherited_team13_success
case_067,3,1,63834834,264449408,63834834,1.0,team13,8f3837f18546a015cb75ac992e870e51f48659c1,A题研究/直接迭代/第十三轮成果/方案/p3/n1/case_067_multicore_res.json,方案/p3/n1/case_067_multicore_res.json,456fe8b74d5258ead2227e9596fbf4b9d468783aa22a924b30c6edda1accfd2c,inherited_team13_success
case_067,3,2,30145037,60981632,63834834,2.1175901691545445,team13,8f3837f18546a015cb75ac992e870e51f48659c1,A题研究/直接迭代/第十三轮成果/方案/p3/n2/case_067_multicore_res.json,方案/p3/n2/case_067_multicore_res.json,f4276b12652936e786f630637540548c894667cc4743dc72fc5bfe3ea1ae2ed1,inherited_team13_success
case_067,3,3,20005690,62186240,63834834,3.190833907753244,team13,8f3837f18546a015cb75ac992e870e51f48659c1,A题研究/直接迭代/第十三轮成果/方案/p3/n3/case_067_multicore_res.json,方案/p3/n3/case_067_multicore_res.json,b3d90a36373438082a4e70c3a4a45eeb10eb30e8e801afd3515ee5446831155b,inherited_team13_success
case_067,3,4,14964449,69837952,63834834,4.265765749210011,team13,8f3837f18546a015cb75ac992e870e51f48659c1,A题研究/直接迭代/第十三轮成果/方案/p3/n4/case_067_multicore_res.json,方案/p3/n4/case_067_multicore_res.json,64ec39e3bd05876fdcc422e89735f4cbcc56f184bd7a721b4afde23e1d7f6e06,inherited_team13_success
case_067,3,5,11993835,78601728,63834834,5.322303833594509,team13,8f3837f18546a015cb75ac992e870e51f48659c1,A题研究/直接迭代/第十三轮成果/方案/p3/n5/case_067_multicore_res.json,方案/p3/n5/case_067_multicore_res.json,feb10471845755b4794674947390b0cadc42f1461a5cc3390780fa519b8203ea,inherited_team13_success
case_068,1,1,361497,359444,362095,1.001654232261955,team13,8f3837f18546a015cb75ac992e870e51f48659c1,A题研究/直接迭代/第十三轮成果/方案/p1/n1/case_068_multicore_res.json,方案/p1/n1/case_068_multicore_res.json,ab90274c08c6f43ca248599a77b6fef802de6fa3952d2ec84b04f7fc508ca223,inherited_team13_success
case_068,1,2,302089,200380,362095,1.198636825571272,team13,8f3837f18546a015cb75ac992e870e51f48659c1,A题研究/直接迭代/第十三轮成果/方案/p1/n2/case_068_multicore_res.json,方案/p1/n2/case_068_multicore_res.json,3882714eeec98f0cdc7d4cf598239fad572955e2f2543ed57bc9905b456ee34a,inherited_team13_success
case_068,1,3,290734,403836,362095,1.245451168421994,ours,238aafecf447488e1397467ddebe4d994477c899,A题研究/直接迭代/闭环验证_20260925/下一阶段攻坚/重划实证_v1/精选方案/case_068_p1_n3.json,方案/p1/n3/case_068_multicore_res.json,f7c4a314f8ff82dcb87adb25e75b1d1514fd1856b57ec8d7ace9debfa0c108fe,fresh_import_replay
case_068,1,4,287436,657174,362095,1.259741298932632,team13,8f3837f18546a015cb75ac992e870e51f48659c1,A题研究/直接迭代/第十三轮成果/方案/p1/n4/case_068_multicore_res.json,方案/p1/n4/case_068_multicore_res.json,760766562992d149c476958bbc772841a9b7b499b06126f5ade9013f90db409f,inherited_team13_success
case_068,1,5,143172,3694350,362095,2.529090883692342,team13,8f3837f18546a015cb75ac992e870e51f48659c1,A题研究/直接迭代/第十三轮成果/方案/p1/n5/case_068_multicore_res.json,方案/p1/n5/case_068_multicore_res.json,1fb2270ef1dba5ca22951c2232ee357d7db4d5268c533d17572f0c18ec554ebf,inherited_team13_success
case_068,2,1,362095,0,362095,1.0,team13,8f3837f18546a015cb75ac992e870e51f48659c1,A题研究/直接迭代/第十三轮成果/方案/p2/n1/case_068_multicore_res.json,方案/p2/n1/case_068_multicore_res.json,95a320642762030b3c0b39182a81526444041bc3ffd1db8e00e4cc561b3e197e,inherited_team13_success
case_068,2,2,204172,2205494,362095,1.7734802029661265,team13,8f3837f18546a015cb75ac992e870e51f48659c1,A题研究/直接迭代/第十三轮成果/方案/p2/n2/case_068_multicore_res.json,方案/p2/n2/case_068_multicore_res.json,3603a849fbd439acb7e01d897b50cdce759577d529028b9f664355fde67800fe,inherited_team13_success
case_068,2,3,153006,3406314,362095,2.3665411813915793,team13,8f3837f18546a015cb75ac992e870e51f48659c1,A题研究/直接迭代/第十三轮成果/方案/p2/n3/case_068_multicore_res.json,方案/p2/n3/case_068_multicore_res.json,010f084aaed60aa2ebd6149af8d293c58dd1d6ac0a6dafb968779e651f0f8612,inherited_team13_success
case_068,2,4,142255,3895504,362095,2.5453938350145866,team13,8f3837f18546a015cb75ac992e870e51f48659c1,A题研究/直接迭代/第十三轮成果/方案/p2/n4/case_068_multicore_res.json,方案/p2/n4/case_068_multicore_res.json,44f8639d1fda10d945fdd6fc445f8ddd28a54114fd38b9a00274b941479d640d,inherited_team13_success
case_068,2,5,133097,4092568,362095,2.7205346476629826,ours,238aafecf447488e1397467ddebe4d994477c899,新增精选方案/p2/n5/case_068_multicore_res.json,方案/p2/n5/case_068_multicore_res.json,3f8c44ca97280f4ca6bd890c8ac33d3b7f8aa71d3e7f9bb908d03459afbb1f11,fresh_import_replay
case_068,3,1,362095,0,362095,1.0,team13,8f3837f18546a015cb75ac992e870e51f48659c1,A题研究/直接迭代/第十三轮成果/方案/p3/n1/case_068_multicore_res.json,方案/p3/n1/case_068_multicore_res.json,95a320642762030b3c0b39182a81526444041bc3ffd1db8e00e4cc561b3e197e,inherited_team13_success
case_068,3,2,201418,2205494,362095,1.7977291006762057,team13,8f3837f18546a015cb75ac992e870e51f48659c1,A题研究/直接迭代/第十三轮成果/方案/p3/n2/case_068_multicore_res.json,方案/p3/n2/case_068_multicore_res.json,3603a849fbd439acb7e01d897b50cdce759577d529028b9f664355fde67800fe,inherited_team13_success
case_068,3,3,150684,3406314,362095,2.403008945873484,team13,8f3837f18546a015cb75ac992e870e51f48659c1,A题研究/直接迭代/第十三轮成果/方案/p3/n3/case_068_multicore_res.json,方案/p3/n3/case_068_multicore_res.json,010f084aaed60aa2ebd6149af8d293c58dd1d6ac0a6dafb968779e651f0f8612,inherited_team13_success
case_068,3,4,130760,3895504,362095,2.769157234628327,team13,8f3837f18546a015cb75ac992e870e51f48659c1,A题研究/直接迭代/第十三轮成果/方案/p3/n4/case_068_multicore_res.json,方案/p3/n4/case_068_multicore_res.json,44f8639d1fda10d945fdd6fc445f8ddd28a54114fd38b9a00274b941479d640d,inherited_team13_success
case_068,3,5,121619,4175156,362095,2.9772897326897936,ours,238aafecf447488e1397467ddebe4d994477c899,新增精选方案/p3/n5/case_068_multicore_res.json,方案/p3/n5/case_068_multicore_res.json,0e8993b80f8e2f3297c4fc39d35bfbdfd0b95bcb35210245c642bcba24964367,fresh_import_replay
case_069,1,1,25419,24832,25144,0.9891813210590503,team13,8f3837f18546a015cb75ac992e870e51f48659c1,A题研究/直接迭代/第十三轮成果/方案/p1/n1/case_069_multicore_res.json,方案/p1/n1/case_069_multicore_res.json,1db00f5d0280d67d5bb2670ec55690c03b0b450d71c19db69dbac4ea87c0cea5,inherited_team13_success
case_069,1,2,24830,71044,25144,1.0126459927507048,team13,8f3837f18546a015cb75ac992e870e51f48659c1,A题研究/直接迭代/第十三轮成果/方案/p1/n2/case_069_multicore_res.json,方案/p1/n2/case_069_multicore_res.json,93111864b47d8b52d9a68cb3709cf20de1fe1ec46beff87715b490e2e9e0dd06,inherited_team13_success
case_069,1,3,22899,192108,25144,1.0980392156862746,team13,8f3837f18546a015cb75ac992e870e51f48659c1,A题研究/直接迭代/第十三轮成果/方案/p1/n3/case_069_multicore_res.json,方案/p1/n3/case_069_multicore_res.json,dcc4ec3af3121577e19010e513d3db4fce0e02b42b72a310143b66685bd9b3a6,inherited_team13_success
case_069,1,4,17041,626568,25144,1.47550026406901,team13,8f3837f18546a015cb75ac992e870e51f48659c1,A题研究/直接迭代/第十三轮成果/方案/p1/n4/case_069_multicore_res.json,方案/p1/n4/case_069_multicore_res.json,162305a66584566397456f6dd0e9ddc0188cf4dd631bab3fdfb5849aa0d6539c,inherited_team13_success
case_069,1,5,15434,554768,25144,1.6291304911234936,joint_panel_strong,2362dd73dd4be460e35ce9302e0521f0934e5de6,/home/konglingrui/.mathmodel/questionA/统一算法迭代/A题研究/直接迭代/联合整合_20260926/同预算对照/slots/development/case_069/p1_n5/strong/summary.json,方案/p1/n5/case_069_multicore_res.json,549b3b2dc1921ee42234d431f17fe45434970f612406e4787ccd8b6e88b27553,fresh_panel_winner_replay
case_069,2,1,25144,0,25144,1.0,team13,8f3837f18546a015cb75ac992e870e51f48659c1,A题研究/直接迭代/第十三轮成果/方案/p2/n1/case_069_multicore_res.json,方案/p2/n1/case_069_multicore_res.json,7ef0a0b761d3c0f3bd8f14223e5df0cbdc704935f5067e29f19f40703c60b9bb,inherited_team13_success
case_069,2,2,13478,322852,25144,1.8655586882326756,team13,8f3837f18546a015cb75ac992e870e51f48659c1,A题研究/直接迭代/第十三轮成果/方案/p2/n2/case_069_multicore_res.json,方案/p2/n2/case_069_multicore_res.json,3cf877420a31dc7ab559d29be10a54553f0d8268c55d2f1f4878b4270e9f9b6e,inherited_team13_success
case_069,2,3,10770,341068,25144,2.3346332404828227,team13,8f3837f18546a015cb75ac992e870e51f48659c1,A题研究/直接迭代/第十三轮成果/方案/p2/n3/case_069_multicore_res.json,方案/p2/n3/case_069_multicore_res.json,011a87589516450d512f97fd6800f7192a17050fd5a0b6641f69fda97820e3ff,inherited_team13_success
case_069,2,4,10455,433744,25144,2.4049736967957913,team13,8f3837f18546a015cb75ac992e870e51f48659c1,A题研究/直接迭代/第十三轮成果/方案/p2/n4/case_069_multicore_res.json,方案/p2/n4/case_069_multicore_res.json,caa3eb9d065ff0a8ce0536466241f27210ae081bad585d9e2c402df83f45440b,inherited_team13_success
case_069,2,5,10453,433744,25144,2.4054338467425618,team13,8f3837f18546a015cb75ac992e870e51f48659c1,A题研究/直接迭代/第十三轮成果/方案/p2/n5/case_069_multicore_res.json,方案/p2/n5/case_069_multicore_res.json,06798bbbe8a00505967ea94733347711fd15466f76632b522a4e698896c1c088,inherited_team13_success
case_069,3,1,25144,0,25144,1.0,team13,8f3837f18546a015cb75ac992e870e51f48659c1,A题研究/直接迭代/第十三轮成果/方案/p3/n1/case_069_multicore_res.json,方案/p3/n1/case_069_multicore_res.json,7ef0a0b761d3c0f3bd8f14223e5df0cbdc704935f5067e29f19f40703c60b9bb,inherited_team13_success
case_069,3,2,13447,322852,25144,1.8698594482040605,team13,8f3837f18546a015cb75ac992e870e51f48659c1,A题研究/直接迭代/第十三轮成果/方案/p3/n2/case_069_multicore_res.json,方案/p3/n2/case_069_multicore_res.json,3cf877420a31dc7ab559d29be10a54553f0d8268c55d2f1f4878b4270e9f9b6e,inherited_team13_success
case_069,3,3,10221,341068,25144,2.4600332648468837,team13,8f3837f18546a015cb75ac992e870e51f48659c1,A题研究/直接迭代/第十三轮成果/方案/p3/n3/case_069_multicore_res.json,方案/p3/n3/case_069_multicore_res.json,011a87589516450d512f97fd6800f7192a17050fd5a0b6641f69fda97820e3ff,inherited_team13_success
case_069,3,4,9422,433744,25144,2.6686478454680533,team13,8f3837f18546a015cb75ac992e870e51f48659c1,A题研究/直接迭代/第十三轮成果/方案/p3/n4/case_069_multicore_res.json,方案/p3/n4/case_069_multicore_res.json,caa3eb9d065ff0a8ce0536466241f27210ae081bad585d9e2c402df83f45440b,inherited_team13_success
case_069,3,5,9107,426832,25144,2.760953112990008,team13,8f3837f18546a015cb75ac992e870e51f48659c1,A题研究/直接迭代/第十三轮成果/方案/p3/n5/case_069_multicore_res.json,方案/p3/n5/case_069_multicore_res.json,f8dec54fab8513f430aca3c31f2fc7096cddee2bb6effa7f5a015344b82b5937,inherited_team13_success
case_070,1,1,115224,115200,117300,1.018017079775047,team13,8f3837f18546a015cb75ac992e870e51f48659c1,A题研究/直接迭代/第十三轮成果/方案/p1/n1/case_070_multicore_res.json,方案/p1/n1/case_070_multicore_res.json,91172dddd158cb763fbec38c06a5348ffbb5a6b32692d4c2e461f1dd9f3b6e47,inherited_team13_success
case_070,1,2,58498,129536,117300,2.005196758863551,team13,8f3837f18546a015cb75ac992e870e51f48659c1,A题研究/直接迭代/第十三轮成果/方案/p1/n2/case_070_multicore_res.json,方案/p1/n2/case_070_multicore_res.json,9a92b87aac0f16c4e83c50ab80b04c0cd5fd3e2bd95dc27570e6fbb748a6175a,inherited_team13_success
case_070,1,3,41525,494592,117300,2.8248043347381095,team13,8f3837f18546a015cb75ac992e870e51f48659c1,A题研究/直接迭代/第十三轮成果/方案/p1/n3/case_070_multicore_res.json,方案/p1/n3/case_070_multicore_res.json,208dca4e3ab255bb081f4ac948e391ebc88474f0f8cec537481d12b8c28e4e9f,inherited_team13_success
case_070,1,4,33986,670208,117300,3.451421173424351,team13,8f3837f18546a015cb75ac992e870e51f48659c1,A题研究/直接迭代/第十三轮成果/方案/p1/n4/case_070_multicore_res.json,方案/p1/n4/case_070_multicore_res.json,64cc6ae4d32ab0c666aeb8bc795875a844d9597401b6ed58256d16391d74a0a6,inherited_team13_success
case_070,1,5,26669,462848,117300,4.3983651430499835,team13,8f3837f18546a015cb75ac992e870e51f48659c1,A题研究/直接迭代/第十三轮成果/方案/p1/n5/case_070_multicore_res.json,方案/p1/n5/case_070_multicore_res.json,836e8aa19312e4a61031263ed070c6e6180be3d2657dc9ad17c76ecca8edeb32,inherited_team13_success
case_070,2,1,117300,0,117300,1.0,team13,8f3837f18546a015cb75ac992e870e51f48659c1,A题研究/直接迭代/第十三轮成果/方案/p2/n1/case_070_multicore_res.json,方案/p2/n1/case_070_multicore_res.json,a6ea5631a47f96d15f4d428f8cd14b8311a123e1837f5f1937e99474db7e3473,inherited_team13_success
case_070,2,2,53120,129536,117300,2.2082078313253013,team13,8f3837f18546a015cb75ac992e870e51f48659c1,A题研究/直接迭代/第十三轮成果/方案/p2/n2/case_070_multicore_res.json,方案/p2/n2/case_070_multicore_res.json,dfaef749776c8c43e0653ddb8444319b1ebcb5812d8cfdbc056d592a2aee9aa5,inherited_team13_success
case_070,2,3,40678,259072,117300,2.8836225969811693,team13,8f3837f18546a015cb75ac992e870e51f48659c1,A题研究/直接迭代/第十三轮成果/方案/p2/n3/case_070_multicore_res.json,方案/p2/n3/case_070_multicore_res.json,e8167bac64a527c18c98200d9fabef5d4ec7c47f78b0b3066ebfb3674e18bb1b,inherited_team13_success
case_070,2,4,31817,360960,117300,3.6867083634534996,team13,8f3837f18546a015cb75ac992e870e51f48659c1,A题研究/直接迭代/第十三轮成果/方案/p2/n4/case_070_multicore_res.json,方案/p2/n4/case_070_multicore_res.json,40196918fac82a1e11dab3d7a3ca190ad13cc4e1842475a22df9d56b1c1f6ac9,inherited_team13_success
case_070,2,5,22710,462848,117300,5.165125495376486,team13,8f3837f18546a015cb75ac992e870e51f48659c1,A题研究/直接迭代/第十三轮成果/方案/p2/n5/case_070_multicore_res.json,方案/p2/n5/case_070_multicore_res.json,6f2085d09b57699f9d4da5b49b815ba7af465478caa512aa0f9746d5a2de0ef9,inherited_team13_success
case_070,3,1,117300,0,117300,1.0,team13,8f3837f18546a015cb75ac992e870e51f48659c1,A题研究/直接迭代/第十三轮成果/方案/p3/n1/case_070_multicore_res.json,方案/p3/n1/case_070_multicore_res.json,a6ea5631a47f96d15f4d428f8cd14b8311a123e1837f5f1937e99474db7e3473,inherited_team13_success
case_070,3,2,53120,129536,117300,2.2082078313253013,team13,8f3837f18546a015cb75ac992e870e51f48659c1,A题研究/直接迭代/第十三轮成果/方案/p3/n2/case_070_multicore_res.json,方案/p3/n2/case_070_multicore_res.json,dfaef749776c8c43e0653ddb8444319b1ebcb5812d8cfdbc056d592a2aee9aa5,inherited_team13_success
case_070,3,3,40678,259072,117300,2.8836225969811693,team13,8f3837f18546a015cb75ac992e870e51f48659c1,A题研究/直接迭代/第十三轮成果/方案/p3/n3/case_070_multicore_res.json,方案/p3/n3/case_070_multicore_res.json,e8167bac64a527c18c98200d9fabef5d4ec7c47f78b0b3066ebfb3674e18bb1b,inherited_team13_success
case_070,3,4,31817,360960,117300,3.6867083634534996,team13,8f3837f18546a015cb75ac992e870e51f48659c1,A题研究/直接迭代/第十三轮成果/方案/p3/n4/case_070_multicore_res.json,方案/p3/n4/case_070_multicore_res.json,40196918fac82a1e11dab3d7a3ca190ad13cc4e1842475a22df9d56b1c1f6ac9,inherited_team13_success
case_070,3,5,21056,462848,117300,5.570858662613982,team13,8f3837f18546a015cb75ac992e870e51f48659c1,A题研究/直接迭代/第十三轮成果/方案/p3/n5/case_070_multicore_res.json,方案/p3/n5/case_070_multicore_res.json,6f2085d09b57699f9d4da5b49b815ba7af465478caa512aa0f9746d5a2de0ef9,inherited_team13_success
case_071,1,1,18799,57220,18919,1.0063833182616098,ours,238aafecf447488e1397467ddebe4d994477c899,新增精选方案/p1/n1/case_071_multicore_res.json,方案/p1/n1/case_071_multicore_res.json,35e1f1636be63e5dcf595fecb97115585f896a8d9cf341d8e94e6d8013d3e25e,fresh_import_replay
case_071,1,2,18533,313296,18919,1.0208277127286463,ours,238aafecf447488e1397467ddebe4d994477c899,新增精选方案/p1/n2/case_071_multicore_res.json,方案/p1/n2/case_071_multicore_res.json,fbbf7cf74fffdcd74ee076585fd48784c21f3bd6fc7553ab3b6f9929841b9f83,fresh_import_replay
case_071,1,3,17281,148042,18919,1.0947861813552457,team13,8f3837f18546a015cb75ac992e870e51f48659c1,A题研究/直接迭代/第十三轮成果/方案/p1/n3/case_071_multicore_res.json,方案/p1/n3/case_071_multicore_res.json,512d6d0c8475cdb29601741b82d54f7f6d3ed813857d1c6fae0808a2b3087c4b,inherited_team13_success
case_071,1,4,13897,465378,18919,1.3613729581924157,team13,8f3837f18546a015cb75ac992e870e51f48659c1,A题研究/直接迭代/第十三轮成果/方案/p1/n4/case_071_multicore_res.json,方案/p1/n4/case_071_multicore_res.json,7582b965f5aa44dc874cdb9afd2ad628127d79655cd4086343ee0a1ec13cee41,inherited_team13_success
case_071,1,5,9628,301972,18919,1.9649979227253842,team13,8f3837f18546a015cb75ac992e870e51f48659c1,A题研究/直接迭代/第十三轮成果/方案/p1/n5/case_071_multicore_res.json,方案/p1/n5/case_071_multicore_res.json,131ea5e460fc9ec4f9f26e1cd58fdcc2c524191458748d77d22f2fb75d74359f,inherited_team13_success
case_071,2,1,17062,0,18919,1.108838354237487,team13,8f3837f18546a015cb75ac992e870e51f48659c1,A题研究/直接迭代/第十三轮成果/方案/p2/n1/case_071_multicore_res.json,方案/p2/n1/case_071_multicore_res.json,300b0eec7231404c00dc1c19bb090f0697800d84d3e99914b5d67e0866b4ea8d,inherited_team13_success
case_071,2,2,10697,133732,18919,1.7686267177713377,team13,8f3837f18546a015cb75ac992e870e51f48659c1,A题研究/直接迭代/第十三轮成果/方案/p2/n2/case_071_multicore_res.json,方案/p2/n2/case_071_multicore_res.json,4569e3cccf0bc4730f2614b93d0088f991bae6cdeaadfb026b825ddb71261122,inherited_team13_success
case_071,2,3,9715,272428,18919,1.9474009264024703,team13,8f3837f18546a015cb75ac992e870e51f48659c1,A题研究/直接迭代/第十三轮成果/方案/p2/n3/case_071_multicore_res.json,方案/p2/n3/case_071_multicore_res.json,fe8542ecbbf57ae081ff94711b4d296b5a67dad1afa8fbf2c3df81a0842cf3e2,inherited_team13_success
case_071,2,4,8852,302060,18919,2.137257117035698,team13,8f3837f18546a015cb75ac992e870e51f48659c1,A题研究/直接迭代/第十三轮成果/方案/p2/n4/case_071_multicore_res.json,方案/p2/n4/case_071_multicore_res.json,9763284ab850c398cc29f4e3aea7d804975e639df57c11b3a053ca282f49d0bd,inherited_team13_success
case_071,2,5,8107,304174,18919,2.333662267176514,team13,8f3837f18546a015cb75ac992e870e51f48659c1,A题研究/直接迭代/第十三轮成果/方案/p2/n5/case_071_multicore_res.json,方案/p2/n5/case_071_multicore_res.json,f44ead4870b61cc0080843050cc04f47daac368d7438668560659e73c1d75159,inherited_team13_success
case_071,3,1,17062,0,18919,1.108838354237487,team13,8f3837f18546a015cb75ac992e870e51f48659c1,A题研究/直接迭代/第十三轮成果/方案/p3/n1/case_071_multicore_res.json,方案/p3/n1/case_071_multicore_res.json,300b0eec7231404c00dc1c19bb090f0697800d84d3e99914b5d67e0866b4ea8d,inherited_team13_success
case_071,3,2,10679,133732,18919,1.7716078284483565,team13,8f3837f18546a015cb75ac992e870e51f48659c1,A题研究/直接迭代/第十三轮成果/方案/p3/n2/case_071_multicore_res.json,方案/p3/n2/case_071_multicore_res.json,4569e3cccf0bc4730f2614b93d0088f991bae6cdeaadfb026b825ddb71261122,inherited_team13_success
case_071,3,3,9177,272428,18919,2.061566960880462,team13,8f3837f18546a015cb75ac992e870e51f48659c1,A题研究/直接迭代/第十三轮成果/方案/p3/n3/case_071_multicore_res.json,方案/p3/n3/case_071_multicore_res.json,fe8542ecbbf57ae081ff94711b4d296b5a67dad1afa8fbf2c3df81a0842cf3e2,inherited_team13_success
case_071,3,4,8463,302060,18919,2.2354956871085903,team13,8f3837f18546a015cb75ac992e870e51f48659c1,A题研究/直接迭代/第十三轮成果/方案/p3/n4/case_071_multicore_res.json,方案/p3/n4/case_071_multicore_res.json,43496290ab7ae7903406a8cbc01fc33154974ddfef7c419458539eea290e74df,inherited_team13_success
case_071,3,5,7473,361106,18919,2.531647263481868,ours,238aafecf447488e1397467ddebe4d994477c899,新增精选方案/p3/n5/case_071_multicore_res.json,方案/p3/n5/case_071_multicore_res.json,97644ccb61745a5ccd2e97936c70ef06329fae17d6c78e47d91a0d21905abddd,fresh_import_replay
case_072,1,1,23151799,110610890,23897828,1.0322233706330985,ours,238aafecf447488e1397467ddebe4d994477c899,新增精选方案/p1/n1/case_072_multicore_res.json,方案/p1/n1/case_072_multicore_res.json,8f601e0ff29add862f917f1ac547984512640c3ebcf63afbc18315c6d7e2ed1d,fresh_import_replay
case_072,1,2,11587687,133786400,23897828,2.0623466961094135,team13,8f3837f18546a015cb75ac992e870e51f48659c1,A题研究/直接迭代/第十三轮成果/方案/p1/n2/case_072_multicore_res.json,方案/p1/n2/case_072_multicore_res.json,2c491244990497751db938afa16868a307fc42d9cfa3e0eef8f2464623dc55e9,inherited_team13_success
case_072,1,3,7803551,160006832,23897828,3.062429911715833,team13,8f3837f18546a015cb75ac992e870e51f48659c1,A题研究/直接迭代/第十三轮成果/方案/p1/n3/case_072_multicore_res.json,方案/p1/n3/case_072_multicore_res.json,7d154a3d179ed47fc4fbf2a8e2267faa82e0ee2ebb9d3aaad94d83d72b9e9744,inherited_team13_success
case_072,1,4,5841178,153652000,23897828,4.091268576304301,team13,8f3837f18546a015cb75ac992e870e51f48659c1,A题研究/直接迭代/第十三轮成果/方案/p1/n4/case_072_multicore_res.json,方案/p1/n4/case_072_multicore_res.json,fdd1949e093d3fb5c8a98afe405049568370b73bb0f0be7b390d8cb3568fde69,inherited_team13_success
case_072,1,5,4714200,154667808,23897828,5.069328412031734,team13,8f3837f18546a015cb75ac992e870e51f48659c1,A题研究/直接迭代/第十三轮成果/方案/p1/n5/case_072_multicore_res.json,方案/p1/n5/case_072_multicore_res.json,6a7a18a50ed451d8237060e8d28239c1c77cdde4ddae43d8e6517203d4279466,inherited_team13_success
case_072,2,1,23718216,91789712,23897828,1.007572744931575,ours,238aafecf447488e1397467ddebe4d994477c899,新增精选方案/p2/n1/case_072_multicore_res.json,方案/p2/n1/case_072_multicore_res.json,0113e7d45dda12d22795d5fd256cad8e99915714f6087af2f7cc25fee9d0d630,fresh_import_replay
case_072,2,2,11789600,105091120,23897828,2.0270261925765083,team13,8f3837f18546a015cb75ac992e870e51f48659c1,A题研究/直接迭代/第十三轮成果/方案/p2/n2/case_072_multicore_res.json,方案/p2/n2/case_072_multicore_res.json,f82025dc75cf0608ce5877bf499102fecddf6aabffcd1243962cc2d60ee9e1e3,inherited_team13_success
case_072,2,3,7915818,117916336,23897828,3.0189966469668708,ours,238aafecf447488e1397467ddebe4d994477c899,新增精选方案/p2/n3/case_072_multicore_res.json,方案/p2/n3/case_072_multicore_res.json,f1323e304e53817ab109ccc8746a44fe4c95fbc956ac522b5c6d1924a73e23a8,fresh_import_replay
case_072,2,4,5959314,123079600,23897828,4.010164257161143,team13,8f3837f18546a015cb75ac992e870e51f48659c1,A题研究/直接迭代/第十三轮成果/方案/p2/n4/case_072_multicore_res.json,方案/p2/n4/case_072_multicore_res.json,f17a453227ddd695f4255bcb9800d841756b7c6d7895fb89c722f23875ff35a2,inherited_team13_success
case_072,2,5,4806756,130830384,23897828,4.971716475727081,team13,8f3837f18546a015cb75ac992e870e51f48659c1,A题研究/直接迭代/第十三轮成果/方案/p2/n5/case_072_multicore_res.json,方案/p2/n5/case_072_multicore_res.json,e8612344991b38fb95c0a2a723bbba888bad1ea4af375bb0cad83764c5accc58,inherited_team13_success
case_072,3,1,23822009,83521584,23897828,1.0031827290469078,ours,238aafecf447488e1397467ddebe4d994477c899,新增精选方案/p3/n1/case_072_multicore_res.json,方案/p3/n1/case_072_multicore_res.json,6ce495b9141709c6290e5e816f4dac77bb99758c0ff5d2513e728ef41b833549,fresh_import_replay
case_072,3,2,11775412,105540384,23897828,2.02946852305465,ours,238aafecf447488e1397467ddebe4d994477c899,新增精选方案/p3/n2/case_072_multicore_res.json,方案/p3/n2/case_072_multicore_res.json,c2656daf7d6911cfe447828c4b63278139c72d06a643cddb9cec8c1319e5bb2b,fresh_import_replay
case_072,3,3,7902885,119358128,23897828,3.0239372077412234,ours,238aafecf447488e1397467ddebe4d994477c899,新增精选方案/p3/n3/case_072_multicore_res.json,方案/p3/n3/case_072_multicore_res.json,44530f4b34f91dc623b904cbf1d6279ca4eebbce6d5e4cf572e97f515295a1f3,fresh_import_replay
case_072,3,4,5951324,123079456,23897828,4.015548136851565,team13,8f3837f18546a015cb75ac992e870e51f48659c1,A题研究/直接迭代/第十三轮成果/方案/p3/n4/case_072_multicore_res.json,方案/p3/n4/case_072_multicore_res.json,5a7770b10eaff5e57a32e7e37d69742fd4ad4ae262f52e3e366b971a7939c5d1,inherited_team13_success
case_072,3,5,4795217,130830384,23897828,4.983680196328967,team13,8f3837f18546a015cb75ac992e870e51f48659c1,A题研究/直接迭代/第十三轮成果/方案/p3/n5/case_072_multicore_res.json,方案/p3/n5/case_072_multicore_res.json,e8612344991b38fb95c0a2a723bbba888bad1ea4af375bb0cad83764c5accc58,inherited_team13_success
case_073,1,1,10133074,139772800,10081626,0.9949227647997044,team13,8f3837f18546a015cb75ac992e870e51f48659c1,A题研究/直接迭代/第十三轮成果/方案/p1/n1/case_073_multicore_res.json,方案/p1/n1/case_073_multicore_res.json,fef82067d48a44c37c3d9f7a5b6be9f5d5ee773123ac707fa1db999238349e7b,inherited_team13_success
case_073,1,2,5980423,141121024,10081626,1.6857713910872192,team13,8f3837f18546a015cb75ac992e870e51f48659c1,A题研究/直接迭代/第十三轮成果/方案/p1/n2/case_073_multicore_res.json,方案/p1/n2/case_073_multicore_res.json,ede43e85d0c5cdc22d16d0a494396f68b0444ea5aed9a6beea0c7516d007a012,inherited_team13_success
case_073,1,3,4515227,140671616,10081626,2.232806013961203,team13,8f3837f18546a015cb75ac992e870e51f48659c1,A题研究/直接迭代/第十三轮成果/方案/p1/n3/case_073_multicore_res.json,方案/p1/n3/case_073_multicore_res.json,7882465a94d1e27db9b2b63a1371357cc825c9178662853cdf47ac243d482c7d,inherited_team13_success
case_073,1,4,3903787,140222208,10081626,2.5825246100773427,team13,8f3837f18546a015cb75ac992e870e51f48659c1,A题研究/直接迭代/第十三轮成果/方案/p1/n4/case_073_multicore_res.json,方案/p1/n4/case_073_multicore_res.json,f83217028fe3a01fa9951f60d80e6ad24fdabea4d15f42ebaa3724271b246bf1,inherited_team13_success
case_073,1,5,3218828,138985984,10081626,3.132079750766428,team13,8f3837f18546a015cb75ac992e870e51f48659c1,A题研究/直接迭代/第十三轮成果/方案/p1/n5/case_073_multicore_res.json,方案/p1/n5/case_073_multicore_res.json,6ab1b336383a11ac21c931ba625f99e8830df3890ac63f164e8fde3ae9de3e22,inherited_team13_success
case_073,2,1,10081626,141570432,10081626,1.0,team13,8f3837f18546a015cb75ac992e870e51f48659c1,A题研究/直接迭代/第十三轮成果/方案/p2/n1/case_073_multicore_res.json,方案/p2/n1/case_073_multicore_res.json,3dec87bffc5163fb24f3be2380220c30b513cbee5b57c9bb985e60eb6d827ce8,inherited_team13_success
case_073,2,2,4145658,10114688,10081626,2.431851831482481,team13,8f3837f18546a015cb75ac992e870e51f48659c1,A题研究/直接迭代/第十三轮成果/方案/p2/n2/case_073_multicore_res.json,方案/p2/n2/case_073_multicore_res.json,b4275469070166160bcd2d26f62876c81de9a1cc8a640c464b5e14c22e17557c,inherited_team13_success
case_073,2,3,2863798,7443200,10081626,3.520369104245481,team13,8f3837f18546a015cb75ac992e870e51f48659c1,A题研究/直接迭代/第十三轮成果/方案/p2/n3/case_073_multicore_res.json,方案/p2/n3/case_073_multicore_res.json,4d9ccd1f1e5953310ccd3922a933ccadb8c7c5c979b14d6a9a527c5ce7b3f205,inherited_team13_success
case_073,2,4,2152516,19069056,10081626,4.68364741539668,team13,8f3837f18546a015cb75ac992e870e51f48659c1,A题研究/直接迭代/第十三轮成果/方案/p2/n4/case_073_multicore_res.json,方案/p2/n4/case_073_multicore_res.json,6d57dd03f643b8699707bbd0f80844d3bafce61873875b4e9f1cb31e44897ff8,inherited_team13_success
case_073,2,5,1792821,22805504,10081626,5.623331052012443,team13,8f3837f18546a015cb75ac992e870e51f48659c1,A题研究/直接迭代/第十三轮成果/方案/p2/n5/case_073_multicore_res.json,方案/p2/n5/case_073_multicore_res.json,3ad1e4b6b008c9bd7c7e69a6c0719fdc600e4fa08f8ee74701df4067545ef73d,inherited_team13_success
case_073,3,1,10081626,141570432,10081626,1.0,team13,8f3837f18546a015cb75ac992e870e51f48659c1,A题研究/直接迭代/第十三轮成果/方案/p3/n1/case_073_multicore_res.json,方案/p3/n1/case_073_multicore_res.json,3dec87bffc5163fb24f3be2380220c30b513cbee5b57c9bb985e60eb6d827ce8,inherited_team13_success
case_073,3,2,4137477,10114688,10081626,2.436660312552795,team13,8f3837f18546a015cb75ac992e870e51f48659c1,A题研究/直接迭代/第十三轮成果/方案/p3/n2/case_073_multicore_res.json,方案/p3/n2/case_073_multicore_res.json,b4275469070166160bcd2d26f62876c81de9a1cc8a640c464b5e14c22e17557c,inherited_team13_success
case_073,3,3,2863798,7443200,10081626,3.520369104245481,team13,8f3837f18546a015cb75ac992e870e51f48659c1,A题研究/直接迭代/第十三轮成果/方案/p3/n3/case_073_multicore_res.json,方案/p3/n3/case_073_multicore_res.json,4d9ccd1f1e5953310ccd3922a933ccadb8c7c5c979b14d6a9a527c5ce7b3f205,inherited_team13_success
case_073,3,4,2120862,19694720,10081626,4.753551150428458,team13,8f3837f18546a015cb75ac992e870e51f48659c1,A题研究/直接迭代/第十三轮成果/方案/p3/n4/case_073_multicore_res.json,方案/p3/n4/case_073_multicore_res.json,2aaa11aa0dc57f5bc01cdb326176b29728cf3ddbe028f6297ace5d2be7dfeffd,inherited_team13_success
case_073,3,5,1751868,22805504,10081626,5.7547863195172235,team13,8f3837f18546a015cb75ac992e870e51f48659c1,A题研究/直接迭代/第十三轮成果/方案/p3/n5/case_073_multicore_res.json,方案/p3/n5/case_073_multicore_res.json,3ad1e4b6b008c9bd7c7e69a6c0719fdc600e4fa08f8ee74701df4067545ef73d,inherited_team13_success
case_074,1,1,1672889,7536648,1682239,1.0055891335288833,team13,8f3837f18546a015cb75ac992e870e51f48659c1,A题研究/直接迭代/第十三轮成果/方案/p1/n1/case_074_multicore_res.json,方案/p1/n1/case_074_multicore_res.json,29971018df4ba0ad69b098936a021f7d5a010c8dec58bc9fd6f4be5690fd0db7,inherited_team13_success
case_074,1,2,826300,7245824,1682239,2.0358695389083867,ours,238aafecf447488e1397467ddebe4d994477c899,A题研究/直接迭代/闭环验证_20260925/精选方案/case_074_p1_n2.json,方案/p1/n2/case_074_multicore_res.json,a9cf99822533842f07e66cdeeb581f56b9b80892f6bd8487ef37cb6acdfd0ec9,fresh_import_replay
case_074,1,3,548347,7626752,1682239,3.06783660711192,team13,8f3837f18546a015cb75ac992e870e51f48659c1,A题研究/直接迭代/第十三轮成果/方案/p1/n3/case_074_multicore_res.json,方案/p1/n3/case_074_multicore_res.json,adf95263826f68b4c44fa22474fb02c50c5f2da70ddefa76edbc716f0c4a573d,inherited_team13_success
case_074,1,4,414388,8101888,1682239,4.059574601581127,ours,238aafecf447488e1397467ddebe4d994477c899,A题研究/直接迭代/闭环验证_20260925/精选方案/case_074_p1_n4.json,方案/p1/n4/case_074_multicore_res.json,004c31014a1b7b639f378d3186f7fb10de007e49b90c757ba81f4cbdf9f4a605,fresh_import_replay
case_074,1,5,330675,8142848,1682239,5.087288122779164,team13,8f3837f18546a015cb75ac992e870e51f48659c1,A题研究/直接迭代/第十三轮成果/方案/p1/n5/case_074_multicore_res.json,方案/p1/n5/case_074_multicore_res.json,3b9c4825481fc04f47376233050f55246361e55041276517a95a1fe51669983a,inherited_team13_success
case_074,2,1,1682239,6070280,1682239,1.0,team13,8f3837f18546a015cb75ac992e870e51f48659c1,A题研究/直接迭代/第十三轮成果/方案/p2/n1/case_074_multicore_res.json,方案/p2/n1/case_074_multicore_res.json,8f2cbf2d899b39bd349cd9a7ebd45ff333941d8b32a7b3bd53867a276d1fc223,inherited_team13_success
case_074,2,2,820615,6176768,1682239,2.04997349548814,team13,8f3837f18546a015cb75ac992e870e51f48659c1,A题研究/直接迭代/第十三轮成果/方案/p2/n2/case_074_multicore_res.json,方案/p2/n2/case_074_multicore_res.json,33b24c8aef33b4735152ad36e9886fbaea8106534d67fda900dbac88853a6456,inherited_team13_success
case_074,2,3,545184,7626752,1682239,3.0856353084463226,team13,8f3837f18546a015cb75ac992e870e51f48659c1,A题研究/直接迭代/第十三轮成果/方案/p2/n3/case_074_multicore_res.json,方案/p2/n3/case_074_multicore_res.json,3b784c9dd171c44eda6de4be65e21b2e8143f889b6934bdd59bed6d00b255523,inherited_team13_success
case_074,2,4,412510,7225348,1682239,4.078056289544496,team13,8f3837f18546a015cb75ac992e870e51f48659c1,A题研究/直接迭代/第十三轮成果/方案/p2/n4/case_074_multicore_res.json,方案/p2/n4/case_074_multicore_res.json,606be2ba657be3072ecfb771a39db0f16db262cbb4b27d3e7c49f724f20fdb3d,inherited_team13_success
case_074,2,5,327346,5636096,1682239,5.139024151814899,team13,8f3837f18546a015cb75ac992e870e51f48659c1,A题研究/直接迭代/第十三轮成果/方案/p2/n5/case_074_multicore_res.json,方案/p2/n5/case_074_multicore_res.json,ff58cc11989cb311a803fff135f96045b3cb7cffffb3be0eeb00ffeb35e2f457,inherited_team13_success
case_074,3,1,1678120,6070280,1682239,1.002454532452983,team13,8f3837f18546a015cb75ac992e870e51f48659c1,A题研究/直接迭代/第十三轮成果/方案/p3/n1/case_074_multicore_res.json,方案/p3/n1/case_074_multicore_res.json,8f2cbf2d899b39bd349cd9a7ebd45ff333941d8b32a7b3bd53867a276d1fc223,inherited_team13_success
case_074,3,2,819556,6176768,1682239,2.0526223955410003,team13,8f3837f18546a015cb75ac992e870e51f48659c1,A题研究/直接迭代/第十三轮成果/方案/p3/n2/case_074_multicore_res.json,方案/p3/n2/case_074_multicore_res.json,33b24c8aef33b4735152ad36e9886fbaea8106534d67fda900dbac88853a6456,inherited_team13_success
case_074,3,3,543845,7626752,1682239,3.0932324467449366,team13,8f3837f18546a015cb75ac992e870e51f48659c1,A题研究/直接迭代/第十三轮成果/方案/p3/n3/case_074_multicore_res.json,方案/p3/n3/case_074_multicore_res.json,3b784c9dd171c44eda6de4be65e21b2e8143f889b6934bdd59bed6d00b255523,inherited_team13_success
case_074,3,4,412345,7225348,1682239,4.079688125234937,team13,8f3837f18546a015cb75ac992e870e51f48659c1,A题研究/直接迭代/第十三轮成果/方案/p3/n4/case_074_multicore_res.json,方案/p3/n4/case_074_multicore_res.json,606be2ba657be3072ecfb771a39db0f16db262cbb4b27d3e7c49f724f20fdb3d,inherited_team13_success
case_074,3,5,324857,5636096,1682239,5.178398495337949,team13,8f3837f18546a015cb75ac992e870e51f48659c1,A题研究/直接迭代/第十三轮成果/方案/p3/n5/case_074_multicore_res.json,方案/p3/n5/case_074_multicore_res.json,ff58cc11989cb311a803fff135f96045b3cb7cffffb3be0eeb00ffeb35e2f457,inherited_team13_success
case_075,1,1,1436708,875304,1441809,1.0035504778980837,team13,8f3837f18546a015cb75ac992e870e51f48659c1,A题研究/直接迭代/第十三轮成果/方案/p1/n1/case_075_multicore_res.json,方案/p1/n1/case_075_multicore_res.json,27dc81540dd2673d32bf68111a67025b82973c73b3594bb4826eee136063d7e1,inherited_team13_success
case_075,1,2,868958,8082280,1441809,1.6592389965913197,team13,8f3837f18546a015cb75ac992e870e51f48659c1,A题研究/直接迭代/第十三轮成果/方案/p1/n2/case_075_multicore_res.json,方案/p1/n2/case_075_multicore_res.json,4a373479cd14fb62e445d57b6fe9d437679ba9b0f2efb39e5b3b7ce966b04caf,inherited_team13_success
case_075,1,3,667406,8839578,1441809,2.1603177076622027,team13,8f3837f18546a015cb75ac992e870e51f48659c1,A题研究/直接迭代/第十三轮成果/方案/p1/n3/case_075_multicore_res.json,方案/p1/n3/case_075_multicore_res.json,9bb223e149d0de12442dacae399b7133197d1648fe547d72d243e2f07ebef2ca,inherited_team13_success
case_075,1,4,534068,10475926,1441809,2.699673075338721,team13,8f3837f18546a015cb75ac992e870e51f48659c1,A题研究/直接迭代/第十三轮成果/方案/p1/n4/case_075_multicore_res.json,方案/p1/n4/case_075_multicore_res.json,169a72908c426fed583b6ecba324e8f86852328df6a58c4a8373b55be28b8b40,inherited_team13_success
case_075,1,5,478842,12535518,1441809,3.0110328667911337,team13,8f3837f18546a015cb75ac992e870e51f48659c1,A题研究/直接迭代/第十三轮成果/方案/p1/n5/case_075_multicore_res.json,方案/p1/n5/case_075_multicore_res.json,0ea978220f5445c67d81e21549ad823b9751f836be093ebde0611eb93a3c1884,inherited_team13_success
case_075,2,1,1441809,0,1441809,1.0,team13,8f3837f18546a015cb75ac992e870e51f48659c1,A题研究/直接迭代/第十三轮成果/方案/p2/n1/case_075_multicore_res.json,方案/p2/n1/case_075_multicore_res.json,ee6f074f621f7ba9d9d4138eab5da2a027908b63c9c67cad3059cee3ba5b50a8,inherited_team13_success
case_075,2,2,745608,3907972,1441809,1.9337359577686934,team13,8f3837f18546a015cb75ac992e870e51f48659c1,A题研究/直接迭代/第十三轮成果/方案/p2/n2/case_075_multicore_res.json,方案/p2/n2/case_075_multicore_res.json,b782e1c453e817411ba1c0c0c05509f895e3ca71eb5c5e3addce058231284022,inherited_team13_success
case_075,2,3,563822,12172972,1441809,2.5572059976375523,team13,8f3837f18546a015cb75ac992e870e51f48659c1,A题研究/直接迭代/第十三轮成果/方案/p2/n3/case_075_multicore_res.json,方案/p2/n3/case_075_multicore_res.json,f683fe0b7441d2b0d7afd679800ceafb479ed13fb6da855478497927fb46d7bf,inherited_team13_success
case_075,2,4,458423,7116882,1441809,3.1451497852420145,team13,8f3837f18546a015cb75ac992e870e51f48659c1,A题研究/直接迭代/第十三轮成果/方案/p2/n4/case_075_multicore_res.json,方案/p2/n4/case_075_multicore_res.json,69a08547b543fc7edf705affbfd6d284f1626014e2e3ea638b0eac7f502bd32d,inherited_team13_success
case_075,2,5,392249,12764184,1441809,3.6757493326942834,team13,8f3837f18546a015cb75ac992e870e51f48659c1,A题研究/直接迭代/第十三轮成果/方案/p2/n5/case_075_multicore_res.json,方案/p2/n5/case_075_multicore_res.json,d6eb9edd3a82d3ecd7a7ea152ab7d9879d5f9bc3c554ab7af8233faeefba20e2,inherited_team13_success
case_075,3,1,1441809,0,1441809,1.0,team13,8f3837f18546a015cb75ac992e870e51f48659c1,A题研究/直接迭代/第十三轮成果/方案/p3/n1/case_075_multicore_res.json,方案/p3/n1/case_075_multicore_res.json,ee6f074f621f7ba9d9d4138eab5da2a027908b63c9c67cad3059cee3ba5b50a8,inherited_team13_success
case_075,3,2,745220,3907972,1441809,1.9347427605270926,team13,8f3837f18546a015cb75ac992e870e51f48659c1,A题研究/直接迭代/第十三轮成果/方案/p3/n2/case_075_multicore_res.json,方案/p3/n2/case_075_multicore_res.json,b782e1c453e817411ba1c0c0c05509f895e3ca71eb5c5e3addce058231284022,inherited_team13_success
case_075,3,3,562643,12172972,1441809,2.5625645391482696,team13,8f3837f18546a015cb75ac992e870e51f48659c1,A题研究/直接迭代/第十三轮成果/方案/p3/n3/case_075_multicore_res.json,方案/p3/n3/case_075_multicore_res.json,f683fe0b7441d2b0d7afd679800ceafb479ed13fb6da855478497927fb46d7bf,inherited_team13_success
case_075,3,4,455143,7116882,1441809,3.1678153898884527,team13,8f3837f18546a015cb75ac992e870e51f48659c1,A题研究/直接迭代/第十三轮成果/方案/p3/n4/case_075_multicore_res.json,方案/p3/n4/case_075_multicore_res.json,69a08547b543fc7edf705affbfd6d284f1626014e2e3ea638b0eac7f502bd32d,inherited_team13_success
case_075,3,5,379091,12764184,1441809,3.8033321814551124,team13,8f3837f18546a015cb75ac992e870e51f48659c1,A题研究/直接迭代/第十三轮成果/方案/p3/n5/case_075_multicore_res.json,方案/p3/n5/case_075_multicore_res.json,d6eb9edd3a82d3ecd7a7ea152ab7d9879d5f9bc3c554ab7af8233faeefba20e2,inherited_team13_success
case_076,1,1,6122549,50593792,6185113,1.0102186197284824,ours,238aafecf447488e1397467ddebe4d994477c899,新增精选方案/p1/n1/case_076_multicore_res.json,方案/p1/n1/case_076_multicore_res.json,4a881e2efb2a3c948148bd81889db664c4cd9dc29cf9182e6bdb7aa1cd4b37ae,fresh_import_replay
case_076,1,2,3063226,50492416,6185113,2.0191500725052607,ours,238aafecf447488e1397467ddebe4d994477c899,新增精选方案/p1/n2/case_076_multicore_res.json,方案/p1/n2/case_076_multicore_res.json,03113d6bfd8106ec5fcd072c44145a9d476bd8c07d4fd739086691f5da8259bd,fresh_import_replay
case_076,1,3,2047233,51227648,6185113,3.021206184151975,ours,238aafecf447488e1397467ddebe4d994477c899,新增精选方案/p1/n3/case_076_multicore_res.json,方案/p1/n3/case_076_multicore_res.json,9e9452224e303ff25141f36becc5e5a7214d7c2474f80c9612776e281049503c,fresh_import_replay
case_076,1,4,1535415,52128768,6185113,4.028300492049381,ours,238aafecf447488e1397467ddebe4d994477c899,新增精选方案/p1/n4/case_076_multicore_res.json,方案/p1/n4/case_076_multicore_res.json,d2c3c17fb6cc7067f04fcc8ad55843ea2a7dbe6a457a59dc4f44caf657169c0a,fresh_import_replay
case_076,1,5,1229020,38182912,6185113,5.0325568339001805,team13,8f3837f18546a015cb75ac992e870e51f48659c1,A题研究/直接迭代/第十三轮成果/方案/p1/n5/case_076_multicore_res.json,方案/p1/n5/case_076_multicore_res.json,5e9d69cdee3da5be88f52374f9714cbac3e6da600243cb19b06dcc799db8e1cf,inherited_team13_success
case_076,2,1,6185113,28280832,6185113,1.0,team13,8f3837f18546a015cb75ac992e870e51f48659c1,A题研究/直接迭代/第十三轮成果/方案/p2/n1/case_076_multicore_res.json,方案/p2/n1/case_076_multicore_res.json,f6e5d606695e3b7cbc5ca65fb271ed99c69510dcc717cca8769d4cddfec325a9,inherited_team13_success
case_076,2,2,3063348,29871104,6185113,2.0190696584260097,team13,8f3837f18546a015cb75ac992e870e51f48659c1,A题研究/直接迭代/第十三轮成果/方案/p2/n2/case_076_multicore_res.json,方案/p2/n2/case_076_multicore_res.json,a8bb418fe9b47d2297b566bc938919f087e0eb2956ed5a2883cfe3bd6f9046e8,inherited_team13_success
case_076,2,3,2045432,32451584,6185113,3.0238663519491236,team13,8f3837f18546a015cb75ac992e870e51f48659c1,A题研究/直接迭代/第十三轮成果/方案/p2/n3/case_076_multicore_res.json,方案/p2/n3/case_076_multicore_res.json,7fb0e9e06dedd736192f623011f35e18fecf6c4e0a6fe2c4d6622f5ecccee358,inherited_team13_success
case_076,2,4,1533060,33171456,6185113,4.034488539261346,team13,8f3837f18546a015cb75ac992e870e51f48659c1,A题研究/直接迭代/第十三轮成果/方案/p2/n4/case_076_multicore_res.json,方案/p2/n4/case_076_multicore_res.json,f27eedf0e7710e690991bffb77f838e2592bd590f37226bf5bdf9ea4835dde7e,inherited_team13_success
case_076,2,5,1231756,35959808,6185113,5.021378422349881,team13,8f3837f18546a015cb75ac992e870e51f48659c1,A题研究/直接迭代/第十三轮成果/方案/p2/n5/case_076_multicore_res.json,方案/p2/n5/case_076_multicore_res.json,bef079c0fe54af51d71975d5d83dac1fd1c9ca162110f2f2105bbce41f5a2616,inherited_team13_success
case_076,3,1,6126965,16629760,6185113,1.0094905063110367,ours,238aafecf447488e1397467ddebe4d994477c899,新增精选方案/p3/n1/case_076_multicore_res.json,方案/p3/n1/case_076_multicore_res.json,33922d6f6e5a1269d19d2ce696928bde0a0c2698cff8d6cb2b55f21f5ddbfd06,fresh_import_replay
case_076,3,2,3061439,29871104,6185113,2.020328675501945,team13,8f3837f18546a015cb75ac992e870e51f48659c1,A题研究/直接迭代/第十三轮成果/方案/p3/n2/case_076_multicore_res.json,方案/p3/n2/case_076_multicore_res.json,a8bb418fe9b47d2297b566bc938919f087e0eb2956ed5a2883cfe3bd6f9046e8,inherited_team13_success
case_076,3,3,2044010,32451584,6185113,3.0259700295008343,team13,8f3837f18546a015cb75ac992e870e51f48659c1,A题研究/直接迭代/第十三轮成果/方案/p3/n3/case_076_multicore_res.json,方案/p3/n3/case_076_multicore_res.json,7fb0e9e06dedd736192f623011f35e18fecf6c4e0a6fe2c4d6622f5ecccee358,inherited_team13_success
case_076,3,4,1530771,33171456,6185113,4.040521410452641,team13,8f3837f18546a015cb75ac992e870e51f48659c1,A题研究/直接迭代/第十三轮成果/方案/p3/n4/case_076_multicore_res.json,方案/p3/n4/case_076_multicore_res.json,f27eedf0e7710e690991bffb77f838e2592bd590f37226bf5bdf9ea4835dde7e,inherited_team13_success
case_076,3,5,1223447,18843648,6185113,5.055480948500425,ours,238aafecf447488e1397467ddebe4d994477c899,新增精选方案/p3/n5/case_076_multicore_res.json,方案/p3/n5/case_076_multicore_res.json,81f11c7603a3e638307574ad60017fdb0169812a3f75ca6d7c77cc1459f1f432,fresh_import_replay
case_077,1,1,496124,173148,495320,0.9983794373987148,team13,8f3837f18546a015cb75ac992e870e51f48659c1,A题研究/直接迭代/第十三轮成果/方案/p1/n1/case_077_multicore_res.json,方案/p1/n1/case_077_multicore_res.json,c07d8bfa8c8cc573bde524ac5e01fd11b9ae8e44df0f1ad45061870699a6e771,inherited_team13_success
case_077,1,2,246965,172032,495320,2.0056283279007148,team13,8f3837f18546a015cb75ac992e870e51f48659c1,A题研究/直接迭代/第十三轮成果/方案/p1/n2/case_077_multicore_res.json,方案/p1/n2/case_077_multicore_res.json,a50588ea6ff7483700d7a41c2bbb46ed5f56b578256470e8974ef67ec0131b42,inherited_team13_success
case_077,1,3,177148,286720,495320,2.7960801138031477,team13,8f3837f18546a015cb75ac992e870e51f48659c1,A题研究/直接迭代/第十三轮成果/方案/p1/n3/case_077_multicore_res.json,方案/p1/n3/case_077_multicore_res.json,348f18e24f232695ba2c85f21776d388553477bc250ec7f1c7a70bc65e52947b,inherited_team13_success
case_077,1,4,144734,172032,495320,3.4222781101883455,team13,8f3837f18546a015cb75ac992e870e51f48659c1,A题研究/直接迭代/第十三轮成果/方案/p1/n4/case_077_multicore_res.json,方案/p1/n4/case_077_multicore_res.json,f42a854d380139f62527148636540580331d7d97a2f9a37d2da78458ef26321c,inherited_team13_success
case_077,1,5,116241,286720,495320,4.261147099560396,joint_panel_strong,2362dd73dd4be460e35ce9302e0521f0934e5de6,/home/konglingrui/.mathmodel/questionA/统一算法迭代/A题研究/直接迭代/联合整合_20260926/同预算对照/slots/validation/case_077/p1_n5/strong/summary.json,方案/p1/n5/case_077_multicore_res.json,9c49c78fcdb423ec63bf3b5c2ea787b3f4bee0a9d4d27c44a5b7385d757a13e5,fresh_panel_winner_replay
case_077,2,1,495320,0,495320,1.0,team13,8f3837f18546a015cb75ac992e870e51f48659c1,A题研究/直接迭代/第十三轮成果/方案/p2/n1/case_077_multicore_res.json,方案/p2/n1/case_077_multicore_res.json,74b16faaac36bc72e5f5ff4c1f576245e956b56e3ae6efa59947432adba3cfe9,inherited_team13_success
case_077,2,2,244870,57344,495320,2.0227876015845143,team13,8f3837f18546a015cb75ac992e870e51f48659c1,A题研究/直接迭代/第十三轮成果/方案/p2/n2/case_077_multicore_res.json,方案/p2/n2/case_077_multicore_res.json,f5c2360be209bb82e7f8de034d78b012ab48bbdd0bd855925830e8d5d2b42841,inherited_team13_success
case_077,2,3,173746,114688,495320,2.8508282205057958,team13,8f3837f18546a015cb75ac992e870e51f48659c1,A题研究/直接迭代/第十三轮成果/方案/p2/n3/case_077_multicore_res.json,方案/p2/n3/case_077_multicore_res.json,b14e1387bb4a6fadcd6a1158c3d583035c3a870879b98bcb75c6fb9cc4146fd2,inherited_team13_success
case_077,2,4,133684,598016,495320,3.705155441189671,team13,8f3837f18546a015cb75ac992e870e51f48659c1,A题研究/直接迭代/第十三轮成果/方案/p2/n4/case_077_multicore_res.json,方案/p2/n4/case_077_multicore_res.json,fac1158d3d77ad75a0a147326341b4c904471d03b8f6bf7a8f90d560f18b42db,inherited_team13_success
case_077,2,5,108214,172032,495320,4.577226606538895,joint_panel_joint,2362dd73dd4be460e35ce9302e0521f0934e5de6,/home/konglingrui/.mathmodel/questionA/统一算法迭代/A题研究/直接迭代/联合整合_20260926/同预算对照/slots/validation/case_077/p2_n5/joint/summary.json,方案/p2/n5/case_077_multicore_res.json,a43749a20b0330779dab26c9a7d2c60049b297712cb8c564b45dfa6711ad385c,fresh_panel_winner_replay
case_077,3,1,495320,0,495320,1.0,team13,8f3837f18546a015cb75ac992e870e51f48659c1,A题研究/直接迭代/第十三轮成果/方案/p3/n1/case_077_multicore_res.json,方案/p3/n1/case_077_multicore_res.json,74b16faaac36bc72e5f5ff4c1f576245e956b56e3ae6efa59947432adba3cfe9,inherited_team13_success
case_077,3,2,244870,57344,495320,2.0227876015845143,team13,8f3837f18546a015cb75ac992e870e51f48659c1,A题研究/直接迭代/第十三轮成果/方案/p3/n2/case_077_multicore_res.json,方案/p3/n2/case_077_multicore_res.json,f5c2360be209bb82e7f8de034d78b012ab48bbdd0bd855925830e8d5d2b42841,inherited_team13_success
case_077,3,3,173746,114688,495320,2.8508282205057958,team13,8f3837f18546a015cb75ac992e870e51f48659c1,A题研究/直接迭代/第十三轮成果/方案/p3/n3/case_077_multicore_res.json,方案/p3/n3/case_077_multicore_res.json,b14e1387bb4a6fadcd6a1158c3d583035c3a870879b98bcb75c6fb9cc4146fd2,inherited_team13_success
case_077,3,4,133491,598016,495320,3.7105123191825666,team13,8f3837f18546a015cb75ac992e870e51f48659c1,A题研究/直接迭代/第十三轮成果/方案/p3/n4/case_077_multicore_res.json,方案/p3/n4/case_077_multicore_res.json,fac1158d3d77ad75a0a147326341b4c904471d03b8f6bf7a8f90d560f18b42db,inherited_team13_success
case_077,3,5,108214,172032,495320,4.577226606538895,joint_panel_joint,2362dd73dd4be460e35ce9302e0521f0934e5de6,/home/konglingrui/.mathmodel/questionA/统一算法迭代/A题研究/直接迭代/联合整合_20260926/同预算对照/slots/validation/case_077/p3_n5/joint/summary.json,方案/p3/n5/case_077_multicore_res.json,a43749a20b0330779dab26c9a7d2c60049b297712cb8c564b45dfa6711ad385c,fresh_panel_winner_replay
case_078,1,1,2296143,12644568,2296143,1.0,team13,8f3837f18546a015cb75ac992e870e51f48659c1,A题研究/直接迭代/第十三轮成果/方案/p1/n1/case_078_multicore_res.json,方案/p1/n1/case_078_multicore_res.json,41dbcf844a003d06e3ecbe347ae5c38b7a3925f152da26cdd326794814a27a5a,inherited_team13_success
case_078,1,2,1080972,15039360,2296143,2.1241466013920807,team13,8f3837f18546a015cb75ac992e870e51f48659c1,A题研究/直接迭代/第十三轮成果/方案/p1/n2/case_078_multicore_res.json,方案/p1/n2/case_078_multicore_res.json,adfe01e5964dff2724f95291d8b88cf1c1463732f1cfe67223dd518f25036450,inherited_team13_success
case_078,1,3,850256,15039360,2296143,2.7005313693758115,team13,8f3837f18546a015cb75ac992e870e51f48659c1,A题研究/直接迭代/第十三轮成果/方案/p1/n3/case_078_multicore_res.json,方案/p1/n3/case_078_multicore_res.json,11791009855f5af46ae2fb4a912e94bf0632fd6e01808a54aef66019d5dc78c5,inherited_team13_success
case_078,1,4,619540,15039360,2296143,3.706206217516222,team13,8f3837f18546a015cb75ac992e870e51f48659c1,A题研究/直接迭代/第十三轮成果/方案/p1/n4/case_078_multicore_res.json,方案/p1/n4/case_078_multicore_res.json,d81856a630852ef6924266105d70c28b0fb58059d31b5a3ad6ee27f813ef8b3a,inherited_team13_success
case_078,1,5,553407,15862656,2296143,4.149103643430603,ours,238aafecf447488e1397467ddebe4d994477c899,新增精选方案/p1/n5/case_078_multicore_res.json,方案/p1/n5/case_078_multicore_res.json,0f58e13960e31c3c7b517ad59ae88db378ecb370a9bd0c93e36661d965f4afdb,fresh_import_replay
case_078,2,1,2296143,12644568,2296143,1.0,team13,8f3837f18546a015cb75ac992e870e51f48659c1,A题研究/直接迭代/第十三轮成果/方案/p2/n1/case_078_multicore_res.json,方案/p2/n1/case_078_multicore_res.json,41dbcf844a003d06e3ecbe347ae5c38b7a3925f152da26cdd326794814a27a5a,inherited_team13_success
case_078,2,2,1029517,2910336,2296143,2.2303109127872585,team13,8f3837f18546a015cb75ac992e870e51f48659c1,A题研究/直接迭代/第十三轮成果/方案/p2/n2/case_078_multicore_res.json,方案/p2/n2/case_078_multicore_res.json,addca0514aa1b7bba2557282aad7f4577f7e45bd4a0294f7140ecd2f5db1455c,inherited_team13_success
case_078,2,3,691742,8567040,2296143,3.31936328862495,team13,8f3837f18546a015cb75ac992e870e51f48659c1,A题研究/直接迭代/第十三轮成果/方案/p2/n3/case_078_multicore_res.json,方案/p2/n3/case_078_multicore_res.json,c54272cf7f124e01bbbb9a121d25a38ecf80134f901606a046057d3bc318b0f8,inherited_team13_success
case_078,2,4,517385,7595328,2296143,4.437977521574843,team13,8f3837f18546a015cb75ac992e870e51f48659c1,A题研究/直接迭代/第十三轮成果/方案/p2/n4/case_078_multicore_res.json,方案/p2/n4/case_078_multicore_res.json,6fcf097bd06413531cbce429c082f27b2d347a72f92b1b76ad1171ff7cb8e6f8,inherited_team13_success
case_078,2,5,469283,11867136,2296143,4.892874875075381,ours,238aafecf447488e1397467ddebe4d994477c899,新增精选方案/p2/n5/case_078_multicore_res.json,方案/p2/n5/case_078_multicore_res.json,9f21822b6b58a46c636f313c156b9857c4ca4da42dd2f282ccc76969b48bee40,fresh_import_replay
case_078,3,1,2296143,12644568,2296143,1.0,team13,8f3837f18546a015cb75ac992e870e51f48659c1,A题研究/直接迭代/第十三轮成果/方案/p3/n1/case_078_multicore_res.json,方案/p3/n1/case_078_multicore_res.json,41dbcf844a003d06e3ecbe347ae5c38b7a3925f152da26cdd326794814a27a5a,inherited_team13_success
case_078,3,2,1029517,2910336,2296143,2.2303109127872585,team13,8f3837f18546a015cb75ac992e870e51f48659c1,A题研究/直接迭代/第十三轮成果/方案/p3/n2/case_078_multicore_res.json,方案/p3/n2/case_078_multicore_res.json,addca0514aa1b7bba2557282aad7f4577f7e45bd4a0294f7140ecd2f5db1455c,inherited_team13_success
case_078,3,3,691338,8567040,2296143,3.3213030384558637,team13,8f3837f18546a015cb75ac992e870e51f48659c1,A题研究/直接迭代/第十三轮成果/方案/p3/n3/case_078_multicore_res.json,方案/p3/n3/case_078_multicore_res.json,c0076132bd41f758c3cc946d9620876d9f2c0e5ab0cbc264d2df1161ba8b6615,inherited_team13_success
case_078,3,4,515912,7595328,2296143,4.450648560219572,team13,8f3837f18546a015cb75ac992e870e51f48659c1,A题研究/直接迭代/第十三轮成果/方案/p3/n4/case_078_multicore_res.json,方案/p3/n4/case_078_multicore_res.json,6fcf097bd06413531cbce429c082f27b2d347a72f92b1b76ad1171ff7cb8e6f8,inherited_team13_success
case_078,3,5,454208,11867136,2296143,5.055267630689023,ours,238aafecf447488e1397467ddebe4d994477c899,新增精选方案/p3/n5/case_078_multicore_res.json,方案/p3/n5/case_078_multicore_res.json,9f21822b6b58a46c636f313c156b9857c4ca4da42dd2f282ccc76969b48bee40,fresh_import_replay
case_079,1,1,29441984,40415232,31052251,1.0546928834687228,team13,8f3837f18546a015cb75ac992e870e51f48659c1,A题研究/直接迭代/第十三轮成果/方案/p1/n1/case_079_multicore_res.json,方案/p1/n1/case_079_multicore_res.json,300e1990695125daa1e846f7545f88747ae639504d2e040bf8aaf43602d1fad4,inherited_team13_success
case_079,1,2,14893820,91508736,31052251,2.0849084385335663,team13,8f3837f18546a015cb75ac992e870e51f48659c1,A题研究/直接迭代/第十三轮成果/方案/p1/n2/case_079_multicore_res.json,方案/p1/n2/case_079_multicore_res.json,e20024d006420710ba03c1eada0a25da7ea28ce549f80114ffd390885fcdfbf4,inherited_team13_success
case_079,1,3,9965372,91508736,31052251,3.116015237564639,team13,8f3837f18546a015cb75ac992e870e51f48659c1,A题研究/直接迭代/第十三轮成果/方案/p1/n3/case_079_multicore_res.json,方案/p1/n3/case_079_multicore_res.json,96fe71c1b2801e3426e60823dbd3b4605e0a7474c52f7520a3d6b8e033a0230a,inherited_team13_success
case_079,1,4,7501148,91508736,31052251,4.1396664883828445,team13,8f3837f18546a015cb75ac992e870e51f48659c1,A题研究/直接迭代/第十三轮成果/方案/p1/n4/case_079_multicore_res.json,方案/p1/n4/case_079_multicore_res.json,89f269f8c6b1db5144031aa8cc46f8726ee44a698b4d8132ab3b18ff9bc7b3d7,inherited_team13_success
case_079,1,5,6056359,37085184,31052251,5.12721438739018,team13,8f3837f18546a015cb75ac992e870e51f48659c1,A题研究/直接迭代/第十三轮成果/方案/p1/n5/case_079_multicore_res.json,方案/p1/n5/case_079_multicore_res.json,61bcac44cc022b66fb29474e18ab42a30b62e41b607ef245963e7bb0bf742953,inherited_team13_success
case_079,2,1,31052251,32448512,31052251,1.0,team13,8f3837f18546a015cb75ac992e870e51f48659c1,A题研究/直接迭代/第十三轮成果/方案/p2/n1/case_079_multicore_res.json,方案/p2/n1/case_079_multicore_res.json,09403723b66fcf64ced48d709bb8420cbca11115ae0ad79ba6ed211ce37caa4c,inherited_team13_success
case_079,2,2,15446486,31780864,31052251,2.010311665708304,team13,8f3837f18546a015cb75ac992e870e51f48659c1,A题研究/直接迭代/第十三轮成果/方案/p2/n2/case_079_multicore_res.json,方案/p2/n2/case_079_multicore_res.json,029ac0d7973f6a2d347e8e6755db08daca88cf410c74ae2dc723a6f452c56778,inherited_team13_success
case_079,2,3,10178800,39981056,31052251,3.050678960191771,team13,8f3837f18546a015cb75ac992e870e51f48659c1,A题研究/直接迭代/第十三轮成果/方案/p2/n3/case_079_multicore_res.json,方案/p2/n3/case_079_multicore_res.json,b3039657bc9b646f69ace9a86d32b0cb804458dc0786c42fa1b5901f2ef53a8c,inherited_team13_success
case_079,2,4,7635624,30445568,31052251,4.066760097144647,team13,8f3837f18546a015cb75ac992e870e51f48659c1,A题研究/直接迭代/第十三轮成果/方案/p2/n4/case_079_multicore_res.json,方案/p2/n4/case_079_multicore_res.json,215eb398a36bb427b931ebdfc476db9964e8409a0ca6538fb7954faf0da1d334,inherited_team13_success
case_079,2,5,6002829,38426624,31052251,5.172936127282653,team13,8f3837f18546a015cb75ac992e870e51f48659c1,A题研究/直接迭代/第十三轮成果/方案/p2/n5/case_079_multicore_res.json,方案/p2/n5/case_079_multicore_res.json,c6b820c856e9ab72b28821feae8c06f2abbc67e64828f47b8417fae071ad2cf1,inherited_team13_success
case_079,3,1,31052251,32448512,31052251,1.0,team13,8f3837f18546a015cb75ac992e870e51f48659c1,A题研究/直接迭代/第十三轮成果/方案/p3/n1/case_079_multicore_res.json,方案/p3/n1/case_079_multicore_res.json,09403723b66fcf64ced48d709bb8420cbca11115ae0ad79ba6ed211ce37caa4c,inherited_team13_success
case_079,3,2,15446486,31780864,31052251,2.010311665708304,team13,8f3837f18546a015cb75ac992e870e51f48659c1,A题研究/直接迭代/第十三轮成果/方案/p3/n2/case_079_multicore_res.json,方案/p3/n2/case_079_multicore_res.json,029ac0d7973f6a2d347e8e6755db08daca88cf410c74ae2dc723a6f452c56778,inherited_team13_success
case_079,3,3,10174866,39981056,31052251,3.051858471649651,team13,8f3837f18546a015cb75ac992e870e51f48659c1,A题研究/直接迭代/第十三轮成果/方案/p3/n3/case_079_multicore_res.json,方案/p3/n3/case_079_multicore_res.json,b3039657bc9b646f69ace9a86d32b0cb804458dc0786c42fa1b5901f2ef53a8c,inherited_team13_success
case_079,3,4,7635624,30445568,31052251,4.066760097144647,team13,8f3837f18546a015cb75ac992e870e51f48659c1,A题研究/直接迭代/第十三轮成果/方案/p3/n4/case_079_multicore_res.json,方案/p3/n4/case_079_multicore_res.json,215eb398a36bb427b931ebdfc476db9964e8409a0ca6538fb7954faf0da1d334,inherited_team13_success
case_079,3,5,5992556,39710720,31052251,5.181804058234917,ours,238aafecf447488e1397467ddebe4d994477c899,新增精选方案/p3/n5/case_079_multicore_res.json,方案/p3/n5/case_079_multicore_res.json,cd86c093925aff5c7f9b4c4d1b47ff78287baccf5ed3aec1c8592e00fd2f5add,fresh_import_replay
case_080,1,1,292124,1048576,292138,1.0000479248538292,team13,8f3837f18546a015cb75ac992e870e51f48659c1,A题研究/直接迭代/第十三轮成果/方案/p1/n1/case_080_multicore_res.json,方案/p1/n1/case_080_multicore_res.json,36ffb342c465fc45c689e94ab7805436707164af8c693e54cc1f0a033de4c97d,inherited_team13_success
case_080,1,2,145926,2191360,292138,2.0019598974822856,team13,8f3837f18546a015cb75ac992e870e51f48659c1,A题研究/直接迭代/第十三轮成果/方案/p1/n2/case_080_multicore_res.json,方案/p1/n2/case_080_multicore_res.json,7c2fd5627ad6f106238acbaa9016d13cdb8550a2931343b0b58ba0eb1a7a6278,inherited_team13_success
case_080,1,3,100325,3047424,292138,2.9119162721156244,team13,8f3837f18546a015cb75ac992e870e51f48659c1,A题研究/直接迭代/第十三轮成果/方案/p1/n3/case_080_multicore_res.json,方案/p1/n3/case_080_multicore_res.json,b329c7293616c39dd46ae5b7536509d42973917b68d6a5672a99808feb472551,inherited_team13_success
case_080,1,4,95868,2793472,292138,3.047294196186423,team13,8f3837f18546a015cb75ac992e870e51f48659c1,A题研究/直接迭代/第十三轮成果/方案/p1/n4/case_080_multicore_res.json,方案/p1/n4/case_080_multicore_res.json,72d3b496522a3c9251d8f73d57b95c69974007f477be6e393484b81c4e8a687b,inherited_team13_success
case_080,1,5,95868,2793472,292138,3.047294196186423,team13,8f3837f18546a015cb75ac992e870e51f48659c1,A题研究/直接迭代/第十三轮成果/方案/p1/n5/case_080_multicore_res.json,方案/p1/n5/case_080_multicore_res.json,fabe8a17d5abba9b3fb23cafef8b0193f631f3fbd9d8db4584d5a97fcd40954f,inherited_team13_success
case_080,2,1,292138,548864,292138,1.0,team13,8f3837f18546a015cb75ac992e870e51f48659c1,A题研究/直接迭代/第十三轮成果/方案/p2/n1/case_080_multicore_res.json,方案/p2/n1/case_080_multicore_res.json,d1c6d2d43e409e895a0459c31a6f15f218904a5902097b24ffdddbd58bcd3787,inherited_team13_success
case_080,2,2,145926,2191360,292138,2.0019598974822856,team13,8f3837f18546a015cb75ac992e870e51f48659c1,A题研究/直接迭代/第十三轮成果/方案/p2/n2/case_080_multicore_res.json,方案/p2/n2/case_080_multicore_res.json,7c2fd5627ad6f106238acbaa9016d13cdb8550a2931343b0b58ba0eb1a7a6278,inherited_team13_success
case_080,2,3,100325,3047424,292138,2.9119162721156244,team13,8f3837f18546a015cb75ac992e870e51f48659c1,A题研究/直接迭代/第十三轮成果/方案/p2/n3/case_080_multicore_res.json,方案/p2/n3/case_080_multicore_res.json,b329c7293616c39dd46ae5b7536509d42973917b68d6a5672a99808feb472551,inherited_team13_success
case_080,2,4,90653,1650688,292138,3.2225960530815305,team13,8f3837f18546a015cb75ac992e870e51f48659c1,A题研究/直接迭代/第十三轮成果/方案/p2/n4/case_080_multicore_res.json,方案/p2/n4/case_080_multicore_res.json,72d3b496522a3c9251d8f73d57b95c69974007f477be6e393484b81c4e8a687b,inherited_team13_success
case_080,2,5,79721,2109440,292138,3.6645049610516676,team13,8f3837f18546a015cb75ac992e870e51f48659c1,A题研究/直接迭代/第十三轮成果/方案/p2/n5/case_080_multicore_res.json,方案/p2/n5/case_080_multicore_res.json,9b4f25551e0f50b8831aeb59a19ecbe0b5b5cac55e43d35a694e99af1162d264,inherited_team13_success
case_080,3,1,291826,548864,292138,1.0010691302351402,team13,8f3837f18546a015cb75ac992e870e51f48659c1,A题研究/直接迭代/第十三轮成果/方案/p3/n1/case_080_multicore_res.json,方案/p3/n1/case_080_multicore_res.json,d1c6d2d43e409e895a0459c31a6f15f218904a5902097b24ffdddbd58bcd3787,inherited_team13_success
case_080,3,2,145674,2191360,292138,2.005423067946236,team13,8f3837f18546a015cb75ac992e870e51f48659c1,A题研究/直接迭代/第十三轮成果/方案/p3/n2/case_080_multicore_res.json,方案/p3/n2/case_080_multicore_res.json,7c2fd5627ad6f106238acbaa9016d13cdb8550a2931343b0b58ba0eb1a7a6278,inherited_team13_success
case_080,3,3,100325,3047424,292138,2.9119162721156244,team13,8f3837f18546a015cb75ac992e870e51f48659c1,A题研究/直接迭代/第十三轮成果/方案/p3/n3/case_080_multicore_res.json,方案/p3/n3/case_080_multicore_res.json,b329c7293616c39dd46ae5b7536509d42973917b68d6a5672a99808feb472551,inherited_team13_success
case_080,3,4,90143,4190208,292138,3.2408284614445937,team13,8f3837f18546a015cb75ac992e870e51f48659c1,A题研究/直接迭代/第十三轮成果/方案/p3/n4/case_080_multicore_res.json,方案/p3/n4/case_080_multicore_res.json,2fd829cc28a165337df63d23a4b12080732db54c0076cf281ae241717692e7de,inherited_team13_success
case_080,3,5,74411,4255744,292138,3.92600556369354,ours,238aafecf447488e1397467ddebe4d994477c899,新增精选方案/p3/n5/case_080_multicore_res.json,方案/p3/n5/case_080_multicore_res.json,096bf994353e7cf818477cc501613f980e095fcfb0ee4ffeaf19757c8caf9d46,fresh_import_replay
case_081,1,1,152305,0,151795,0.9966514559600801,team13,8f3837f18546a015cb75ac992e870e51f48659c1,A题研究/直接迭代/第十三轮成果/方案/p1/n1/case_081_multicore_res.json,方案/p1/n1/case_081_multicore_res.json,98508e0a3d14d6104e15570e2319a3af9a198cd14de3e2a775fc5afcf503742a,inherited_team13_success
case_081,1,2,76860,0,151795,1.9749544626593807,team13,8f3837f18546a015cb75ac992e870e51f48659c1,A题研究/直接迭代/第十三轮成果/方案/p1/n2/case_081_multicore_res.json,方案/p1/n2/case_081_multicore_res.json,9da08179536dcff2569deb96723bc90b5430a5030d5fc4b0127bd3a84981978d,inherited_team13_success
case_081,1,3,51943,0,151795,2.9223379473653814,team13,8f3837f18546a015cb75ac992e870e51f48659c1,A题研究/直接迭代/第十三轮成果/方案/p1/n3/case_081_multicore_res.json,方案/p1/n3/case_081_multicore_res.json,43eb22ccfc58b39d0a5505847cb2a60cdc76f98fd97cccbb2c6af1bf67219b87,inherited_team13_success
case_081,1,4,39588,0,151795,3.834369000707285,team13,8f3837f18546a015cb75ac992e870e51f48659c1,A题研究/直接迭代/第十三轮成果/方案/p1/n4/case_081_multicore_res.json,方案/p1/n4/case_081_multicore_res.json,647e5a89a4ce326c18462d8a951e7e79e27a6540ecce4754abb50a9191811f92,inherited_team13_success
case_081,1,5,30943,0,151795,4.905632937982743,team13,8f3837f18546a015cb75ac992e870e51f48659c1,A题研究/直接迭代/第十三轮成果/方案/p1/n5/case_081_multicore_res.json,方案/p1/n5/case_081_multicore_res.json,eb6a279de1dc36e4d189241e1acc4e92b9c4ea1e18d7da5caf86ae8609ae4a93,inherited_team13_success
case_081,2,1,151795,0,151795,1.0,team13,8f3837f18546a015cb75ac992e870e51f48659c1,A题研究/直接迭代/第十三轮成果/方案/p2/n1/case_081_multicore_res.json,方案/p2/n1/case_081_multicore_res.json,2a2d5bc24b23ea198ed1d48fba12647d0a674b4566ecbb9af6148db5482e867a,inherited_team13_success
case_081,2,2,76860,0,151795,1.9749544626593807,team13,8f3837f18546a015cb75ac992e870e51f48659c1,A题研究/直接迭代/第十三轮成果/方案/p2/n2/case_081_multicore_res.json,方案/p2/n2/case_081_multicore_res.json,9da08179536dcff2569deb96723bc90b5430a5030d5fc4b0127bd3a84981978d,inherited_team13_success
case_081,2,3,51943,0,151795,2.9223379473653814,team13,8f3837f18546a015cb75ac992e870e51f48659c1,A题研究/直接迭代/第十三轮成果/方案/p2/n3/case_081_multicore_res.json,方案/p2/n3/case_081_multicore_res.json,43eb22ccfc58b39d0a5505847cb2a60cdc76f98fd97cccbb2c6af1bf67219b87,inherited_team13_success
case_081,2,4,39588,0,151795,3.834369000707285,team13,8f3837f18546a015cb75ac992e870e51f48659c1,A题研究/直接迭代/第十三轮成果/方案/p2/n4/case_081_multicore_res.json,方案/p2/n4/case_081_multicore_res.json,647e5a89a4ce326c18462d8a951e7e79e27a6540ecce4754abb50a9191811f92,inherited_team13_success
case_081,2,5,30943,0,151795,4.905632937982743,team13,8f3837f18546a015cb75ac992e870e51f48659c1,A题研究/直接迭代/第十三轮成果/方案/p2/n5/case_081_multicore_res.json,方案/p2/n5/case_081_multicore_res.json,eb6a279de1dc36e4d189241e1acc4e92b9c4ea1e18d7da5caf86ae8609ae4a93,inherited_team13_success
case_081,3,1,151795,0,151795,1.0,team13,8f3837f18546a015cb75ac992e870e51f48659c1,A题研究/直接迭代/第十三轮成果/方案/p3/n1/case_081_multicore_res.json,方案/p3/n1/case_081_multicore_res.json,2a2d5bc24b23ea198ed1d48fba12647d0a674b4566ecbb9af6148db5482e867a,inherited_team13_success
case_081,3,2,76860,0,151795,1.9749544626593807,team13,8f3837f18546a015cb75ac992e870e51f48659c1,A题研究/直接迭代/第十三轮成果/方案/p3/n2/case_081_multicore_res.json,方案/p3/n2/case_081_multicore_res.json,9da08179536dcff2569deb96723bc90b5430a5030d5fc4b0127bd3a84981978d,inherited_team13_success
case_081,3,3,51943,0,151795,2.9223379473653814,team13,8f3837f18546a015cb75ac992e870e51f48659c1,A题研究/直接迭代/第十三轮成果/方案/p3/n3/case_081_multicore_res.json,方案/p3/n3/case_081_multicore_res.json,43eb22ccfc58b39d0a5505847cb2a60cdc76f98fd97cccbb2c6af1bf67219b87,inherited_team13_success
case_081,3,4,39588,0,151795,3.834369000707285,team13,8f3837f18546a015cb75ac992e870e51f48659c1,A题研究/直接迭代/第十三轮成果/方案/p3/n4/case_081_multicore_res.json,方案/p3/n4/case_081_multicore_res.json,647e5a89a4ce326c18462d8a951e7e79e27a6540ecce4754abb50a9191811f92,inherited_team13_success
case_081,3,5,30943,0,151795,4.905632937982743,team13,8f3837f18546a015cb75ac992e870e51f48659c1,A题研究/直接迭代/第十三轮成果/方案/p3/n5/case_081_multicore_res.json,方案/p3/n5/case_081_multicore_res.json,eb6a279de1dc36e4d189241e1acc4e92b9c4ea1e18d7da5caf86ae8609ae4a93,inherited_team13_success
case_082,1,1,715454,514706,721041,1.0078090275545317,team13,8f3837f18546a015cb75ac992e870e51f48659c1,A题研究/直接迭代/第十三轮成果/方案/p1/n1/case_082_multicore_res.json,方案/p1/n1/case_082_multicore_res.json,1f42ca31e81de6f3a70f549a22c3fc1446cae9dbc208b81bffdf58aca7c74940,inherited_team13_success
case_082,1,2,657900,1030938,721041,1.0959735522115823,team13,8f3837f18546a015cb75ac992e870e51f48659c1,A题研究/直接迭代/第十三轮成果/方案/p1/n2/case_082_multicore_res.json,方案/p1/n2/case_082_multicore_res.json,2a0c2759969f993126d55b96035e29eb7083764412e1e276fe0085b19f5d6663,inherited_team13_success
case_082,1,3,656864,816014,721041,1.0977021118526817,team13,8f3837f18546a015cb75ac992e870e51f48659c1,A题研究/直接迭代/第十三轮成果/方案/p1/n3/case_082_multicore_res.json,方案/p1/n3/case_082_multicore_res.json,7db3361f6dd323abea16800220c0cf76d76affc762a2480eb093c83a40333ece,inherited_team13_success
case_082,1,4,427273,2277584,721041,1.6875416888031773,team13,8f3837f18546a015cb75ac992e870e51f48659c1,A题研究/直接迭代/第十三轮成果/方案/p1/n4/case_082_multicore_res.json,方案/p1/n4/case_082_multicore_res.json,771d93984e6353e8cb92a86e99733f55efc28e89fef5de7c354f0810da71aa9a,inherited_team13_success
case_082,1,5,356186,6760886,721041,2.0243384074612703,ours,238aafecf447488e1397467ddebe4d994477c899,新增精选方案/p1/n5/case_082_multicore_res.json,方案/p1/n5/case_082_multicore_res.json,20960fad0ccd84c6eabbeb4a149c7c1b538f787a9b2b985f95c67a4be6fa376b,fresh_import_replay
case_082,2,1,721041,0,721041,1.0,team13,8f3837f18546a015cb75ac992e870e51f48659c1,A题研究/直接迭代/第十三轮成果/方案/p2/n1/case_082_multicore_res.json,方案/p2/n1/case_082_multicore_res.json,c58e9f4af982f7364555d44fd5b8647da1839b2854e860deec72940f275b9b16,inherited_team13_success
case_082,2,2,426708,3885638,721041,1.68977614668579,team13,8f3837f18546a015cb75ac992e870e51f48659c1,A题研究/直接迭代/第十三轮成果/方案/p2/n2/case_082_multicore_res.json,方案/p2/n2/case_082_multicore_res.json,5c50ee79bd790854cab6edb94fbf2d27d7988e9b30e5a0b4e29c14288cca4249,inherited_team13_success
case_082,2,3,270489,5756268,721041,2.665694353559664,team13,8f3837f18546a015cb75ac992e870e51f48659c1,A题研究/直接迭代/第十三轮成果/方案/p2/n3/case_082_multicore_res.json,方案/p2/n3/case_082_multicore_res.json,dfa855c713d260d9c7b1c0f8ea5502426438116becb5f13e0b98e59d15319244,inherited_team13_success
case_082,2,4,211881,6752624,721041,3.4030469933594802,team13,8f3837f18546a015cb75ac992e870e51f48659c1,A题研究/直接迭代/第十三轮成果/方案/p2/n4/case_082_multicore_res.json,方案/p2/n4/case_082_multicore_res.json,eabf2864b09afcbaed9886a1cdb56de478fcbb83e2521cf468a1ead87876fbc1,inherited_team13_success
case_082,2,5,206067,8262966,721041,3.4990609850194354,team13,8f3837f18546a015cb75ac992e870e51f48659c1,A题研究/直接迭代/第十三轮成果/方案/p2/n5/case_082_multicore_res.json,方案/p2/n5/case_082_multicore_res.json,57a29c843ef4dae7762455306abdee79e99f53e0e5f6489f570bf78a1777f369,inherited_team13_success
case_082,3,1,721041,0,721041,1.0,team13,8f3837f18546a015cb75ac992e870e51f48659c1,A题研究/直接迭代/第十三轮成果/方案/p3/n1/case_082_multicore_res.json,方案/p3/n1/case_082_multicore_res.json,c58e9f4af982f7364555d44fd5b8647da1839b2854e860deec72940f275b9b16,inherited_team13_success
case_082,3,2,426720,3885638,721041,1.689728627671541,team13,8f3837f18546a015cb75ac992e870e51f48659c1,A题研究/直接迭代/第十三轮成果/方案/p3/n2/case_082_multicore_res.json,方案/p3/n2/case_082_multicore_res.json,5c50ee79bd790854cab6edb94fbf2d27d7988e9b30e5a0b4e29c14288cca4249,inherited_team13_success
case_082,3,3,269306,5756268,721041,2.67740414249961,team13,8f3837f18546a015cb75ac992e870e51f48659c1,A题研究/直接迭代/第十三轮成果/方案/p3/n3/case_082_multicore_res.json,方案/p3/n3/case_082_multicore_res.json,dfa855c713d260d9c7b1c0f8ea5502426438116becb5f13e0b98e59d15319244,inherited_team13_success
case_082,3,4,209447,6752624,721041,3.442594069143984,team13,8f3837f18546a015cb75ac992e870e51f48659c1,A题研究/直接迭代/第十三轮成果/方案/p3/n4/case_082_multicore_res.json,方案/p3/n4/case_082_multicore_res.json,eabf2864b09afcbaed9886a1cdb56de478fcbb83e2521cf468a1ead87876fbc1,inherited_team13_success
case_082,3,5,195762,8262966,721041,3.6832531339075,team13,8f3837f18546a015cb75ac992e870e51f48659c1,A题研究/直接迭代/第十三轮成果/方案/p3/n5/case_082_multicore_res.json,方案/p3/n5/case_082_multicore_res.json,57a29c843ef4dae7762455306abdee79e99f53e0e5f6489f570bf78a1777f369,inherited_team13_success
case_083,1,1,1074172,14977600,1057993,0.9849381663271803,team13,8f3837f18546a015cb75ac992e870e51f48659c1,A题研究/直接迭代/第十三轮成果/方案/p1/n1/case_083_multicore_res.json,方案/p1/n1/case_083_multicore_res.json,4ee5635c4e50c0e862925093b76d37ea7010f2a0bb9b2c6c41a0d71abf6d1c20,inherited_team13_success
case_083,1,2,624895,27912000,1057993,1.693073236303699,team13,8f3837f18546a015cb75ac992e870e51f48659c1,A题研究/直接迭代/第十三轮成果/方案/p1/n2/case_083_multicore_res.json,方案/p1/n2/case_083_multicore_res.json,872f545372de566038e737804a19c584a0c6e31c76bde17023404e90e5adcbcb,inherited_team13_success
case_083,1,3,482813,15511648,1057993,2.191310093141651,team13,8f3837f18546a015cb75ac992e870e51f48659c1,A题研究/直接迭代/第十三轮成果/方案/p1/n3/case_083_multicore_res.json,方案/p1/n3/case_083_multicore_res.json,2ead02f7b599efc199d5fb2ad422b18b32ddf23f03d15d7a40db8ea47b1d4a3c,inherited_team13_success
case_083,1,4,450029,14977600,1057993,2.350944050272316,team13,8f3837f18546a015cb75ac992e870e51f48659c1,A题研究/直接迭代/第十三轮成果/方案/p1/n4/case_083_multicore_res.json,方案/p1/n4/case_083_multicore_res.json,66a48b89f3f54f282e6f98c692440771737ccf3278325a0f81debe6883f15cc8,inherited_team13_success
case_083,1,5,412888,17453280,1057993,2.562421286159927,team13,8f3837f18546a015cb75ac992e870e51f48659c1,A题研究/直接迭代/第十三轮成果/方案/p1/n5/case_083_multicore_res.json,方案/p1/n5/case_083_multicore_res.json,bb954ef75c0c9d0c2dd32fc4ef276caeb74a29480858d044f501d9ce5b87fab4,inherited_team13_success
case_083,2,1,1057993,13934688,1057993,1.0,team13,8f3837f18546a015cb75ac992e870e51f48659c1,A题研究/直接迭代/第十三轮成果/方案/p2/n1/case_083_multicore_res.json,方案/p2/n1/case_083_multicore_res.json,13dcf5420eb0f3004e946a7da2adb32deb2fd89632d6ce7750bbd32a5ae132c8,inherited_team13_success
case_083,2,2,411909,8206944,1057993,2.5685114916158667,team13,8f3837f18546a015cb75ac992e870e51f48659c1,A题研究/直接迭代/第十三轮成果/方案/p2/n2/case_083_multicore_res.json,方案/p2/n2/case_083_multicore_res.json,de8ce2438fa98087af839e4bbe6ef5cb3ad2913cb37713857b6dac9b37fc5558,inherited_team13_success
case_083,2,3,315399,11712704,1057993,3.354458955164728,team13,8f3837f18546a015cb75ac992e870e51f48659c1,A题研究/直接迭代/第十三轮成果/方案/p2/n3/case_083_multicore_res.json,方案/p2/n3/case_083_multicore_res.json,55a9fa329c19dfc95fa1ae2acd2932afc2e069180c066bb82e75310a5d89ae8b,inherited_team13_success
case_083,2,4,265354,11609888,1057993,3.987100250985476,team13,8f3837f18546a015cb75ac992e870e51f48659c1,A题研究/直接迭代/第十三轮成果/方案/p2/n4/case_083_multicore_res.json,方案/p2/n4/case_083_multicore_res.json,ffa85392d72841bd59f0b8e778cc02872b13267c71e7beb62ab59fda1b314bb5,inherited_team13_success
case_083,2,5,174587,3768704,1057993,6.0599758286699466,team13,8f3837f18546a015cb75ac992e870e51f48659c1,A题研究/直接迭代/第十三轮成果/方案/p2/n5/case_083_multicore_res.json,方案/p2/n5/case_083_multicore_res.json,655cc12aa33c06cbb7c22a1cfa26eb9ebfa65d3392e1129df20e8bb9b12f771d,inherited_team13_success
case_083,3,1,946145,13934688,1057993,1.1182144385902795,team13,8f3837f18546a015cb75ac992e870e51f48659c1,A题研究/直接迭代/第十三轮成果/方案/p3/n1/case_083_multicore_res.json,方案/p3/n1/case_083_multicore_res.json,13dcf5420eb0f3004e946a7da2adb32deb2fd89632d6ce7750bbd32a5ae132c8,inherited_team13_success
case_083,3,2,411871,8206944,1057993,2.5687484673599257,team13,8f3837f18546a015cb75ac992e870e51f48659c1,A题研究/直接迭代/第十三轮成果/方案/p3/n2/case_083_multicore_res.json,方案/p3/n2/case_083_multicore_res.json,de8ce2438fa98087af839e4bbe6ef5cb3ad2913cb37713857b6dac9b37fc5558,inherited_team13_success
case_083,3,3,305255,11712704,1057993,3.4659317619695007,team13,8f3837f18546a015cb75ac992e870e51f48659c1,A题研究/直接迭代/第十三轮成果/方案/p3/n3/case_083_multicore_res.json,方案/p3/n3/case_083_multicore_res.json,2e8a9d90d71cc1401233bc7a7933c7fa19b311f45e521c5ab86c6ddff25c05ab,inherited_team13_success
case_083,3,4,250483,11610912,1057993,4.223811595996534,team13,8f3837f18546a015cb75ac992e870e51f48659c1,A题研究/直接迭代/第十三轮成果/方案/p3/n4/case_083_multicore_res.json,方案/p3/n4/case_083_multicore_res.json,f665b5de88e62299dd0d8f2ae1ade8739658075dd66f78705f6e636f0b415aea,inherited_team13_success
case_083,3,5,171099,3754368,1057993,6.183513638302971,team13,8f3837f18546a015cb75ac992e870e51f48659c1,A题研究/直接迭代/第十三轮成果/方案/p3/n5/case_083_multicore_res.json,方案/p3/n5/case_083_multicore_res.json,7ade04b75f9102312d51d31360dff534a1e0bec6fec06bbab1b2900ba05c62bc,inherited_team13_success
case_084,1,1,2509460,0,2507412,0.9991838881671754,team13,8f3837f18546a015cb75ac992e870e51f48659c1,A题研究/直接迭代/第十三轮成果/方案/p1/n1/case_084_multicore_res.json,方案/p1/n1/case_084_multicore_res.json,fef0a6864924b836a67eb1b38d784133912eb90d58e6c23b7443d9b259af0398,inherited_team13_success
case_084,1,2,1255052,0,2507412,1.9978550689533183,team13,8f3837f18546a015cb75ac992e870e51f48659c1,A题研究/直接迭代/第十三轮成果/方案/p1/n2/case_084_multicore_res.json,方案/p1/n2/case_084_multicore_res.json,ad5c3ea568bbd18fa59eeb13620b5434231bd286d9bf1e8897a65fd3925d5f78,inherited_team13_success
case_084,1,3,836220,0,2507412,2.998507569778288,team13,8f3837f18546a015cb75ac992e870e51f48659c1,A题研究/直接迭代/第十三轮成果/方案/p1/n3/case_084_multicore_res.json,方案/p1/n3/case_084_multicore_res.json,1bc5b8a02fb146b13e256954fae4cfbd45bb09e26ff972752bd05eaad6afbc72,inherited_team13_success
case_084,1,4,629028,0,2507412,3.986169137144928,team13,8f3837f18546a015cb75ac992e870e51f48659c1,A题研究/直接迭代/第十三轮成果/方案/p1/n4/case_084_multicore_res.json,方案/p1/n4/case_084_multicore_res.json,0db4d7bca4878b01e5cb5a7238b1d5d751d5426d5aec5c9fae6e891b1d139d83,inherited_team13_success
case_084,1,5,503472,0,2507412,4.98024120507198,team13,8f3837f18546a015cb75ac992e870e51f48659c1,A题研究/直接迭代/第十三轮成果/方案/p1/n5/case_084_multicore_res.json,方案/p1/n5/case_084_multicore_res.json,c8e6182d15dafe67344927e4c22144262af784769c8dea8aa2a2a97e34670c16,inherited_team13_success
case_084,2,1,2507412,0,2507412,1.0,team13,8f3837f18546a015cb75ac992e870e51f48659c1,A题研究/直接迭代/第十三轮成果/方案/p2/n1/case_084_multicore_res.json,方案/p2/n1/case_084_multicore_res.json,d9b899b49d22ceca847402364f8867b220aec8d10d2da59daa3a1f7efe04f6b7,inherited_team13_success
case_084,2,2,1253576,9216,2507412,2.0002074066510525,team13,8f3837f18546a015cb75ac992e870e51f48659c1,A题研究/直接迭代/第十三轮成果/方案/p2/n2/case_084_multicore_res.json,方案/p2/n2/case_084_multicore_res.json,008e1fb33830808c2b120b4cc895d1debfbff199767b98d6e5baa899574ee4b8,inherited_team13_success
case_084,2,3,836220,0,2507412,2.998507569778288,team13,8f3837f18546a015cb75ac992e870e51f48659c1,A题研究/直接迭代/第十三轮成果/方案/p2/n3/case_084_multicore_res.json,方案/p2/n3/case_084_multicore_res.json,1bc5b8a02fb146b13e256954fae4cfbd45bb09e26ff972752bd05eaad6afbc72,inherited_team13_success
case_084,2,4,627552,9216,2507412,3.9955445923206363,team13,8f3837f18546a015cb75ac992e870e51f48659c1,A题研究/直接迭代/第十三轮成果/方案/p2/n4/case_084_multicore_res.json,方案/p2/n4/case_084_multicore_res.json,056b9ebd6666bfdbcfa86ccbb0dbf4434f490f25c57361602ad45b0c6c38ec75,inherited_team13_success
case_084,2,5,503472,0,2507412,4.98024120507198,team13,8f3837f18546a015cb75ac992e870e51f48659c1,A题研究/直接迭代/第十三轮成果/方案/p2/n5/case_084_multicore_res.json,方案/p2/n5/case_084_multicore_res.json,c8e6182d15dafe67344927e4c22144262af784769c8dea8aa2a2a97e34670c16,inherited_team13_success
case_084,3,1,2507412,0,2507412,1.0,team13,8f3837f18546a015cb75ac992e870e51f48659c1,A题研究/直接迭代/第十三轮成果/方案/p3/n1/case_084_multicore_res.json,方案/p3/n1/case_084_multicore_res.json,d9b899b49d22ceca847402364f8867b220aec8d10d2da59daa3a1f7efe04f6b7,inherited_team13_success
case_084,3,2,1253576,9216,2507412,2.0002074066510525,team13,8f3837f18546a015cb75ac992e870e51f48659c1,A题研究/直接迭代/第十三轮成果/方案/p3/n2/case_084_multicore_res.json,方案/p3/n2/case_084_multicore_res.json,008e1fb33830808c2b120b4cc895d1debfbff199767b98d6e5baa899574ee4b8,inherited_team13_success
case_084,3,3,836220,0,2507412,2.998507569778288,team13,8f3837f18546a015cb75ac992e870e51f48659c1,A题研究/直接迭代/第十三轮成果/方案/p3/n3/case_084_multicore_res.json,方案/p3/n3/case_084_multicore_res.json,1bc5b8a02fb146b13e256954fae4cfbd45bb09e26ff972752bd05eaad6afbc72,inherited_team13_success
case_084,3,4,627552,9216,2507412,3.9955445923206363,team13,8f3837f18546a015cb75ac992e870e51f48659c1,A题研究/直接迭代/第十三轮成果/方案/p3/n4/case_084_multicore_res.json,方案/p3/n4/case_084_multicore_res.json,056b9ebd6666bfdbcfa86ccbb0dbf4434f490f25c57361602ad45b0c6c38ec75,inherited_team13_success
case_084,3,5,503472,0,2507412,4.98024120507198,team13,8f3837f18546a015cb75ac992e870e51f48659c1,A题研究/直接迭代/第十三轮成果/方案/p3/n5/case_084_multicore_res.json,方案/p3/n5/case_084_multicore_res.json,c8e6182d15dafe67344927e4c22144262af784769c8dea8aa2a2a97e34670c16,inherited_team13_success
case_085,1,1,3155166,3497710,3187899,1.0103744145315967,team13,8f3837f18546a015cb75ac992e870e51f48659c1,A题研究/直接迭代/第十三轮成果/方案/p1/n1/case_085_multicore_res.json,方案/p1/n1/case_085_multicore_res.json,9e86231cdbaa307df6a98e6f428c2fee81ec725888bbe970b7dc7c439bc355f9,inherited_team13_success
case_085,1,2,2219240,15481456,3187899,1.4364823092590255,team13,8f3837f18546a015cb75ac992e870e51f48659c1,A题研究/直接迭代/第十三轮成果/方案/p1/n2/case_085_multicore_res.json,方案/p1/n2/case_085_multicore_res.json,6af14a6d18273f0cda5e13efc7c27390acbb4f7c086d5a9620b5af832e20942a,inherited_team13_success
case_085,1,3,1760397,23425634,3187899,1.8108977690827694,team13,8f3837f18546a015cb75ac992e870e51f48659c1,A题研究/直接迭代/第十三轮成果/方案/p1/n3/case_085_multicore_res.json,方案/p1/n3/case_085_multicore_res.json,f314e3a2b6de9ac548c1d11345b933fdc44af093567ef5898cce75ab240ce4b2,inherited_team13_success
case_085,1,4,1403663,26256478,3187899,2.2711284688703772,team13,8f3837f18546a015cb75ac992e870e51f48659c1,A题研究/直接迭代/第十三轮成果/方案/p1/n4/case_085_multicore_res.json,方案/p1/n4/case_085_multicore_res.json,a48d7347bcb650ec20a5d636ec363f92f8610b299d183a6e8e137d2d6e26ff5d,inherited_team13_success
case_085,1,5,873645,23398256,3187899,3.648963823978847,team13,8f3837f18546a015cb75ac992e870e51f48659c1,A题研究/直接迭代/第十三轮成果/方案/p1/n5/case_085_multicore_res.json,方案/p1/n5/case_085_multicore_res.json,e38f4e8df5f4154db528d40c5c2af2d5f974b20b3d7817f96e3903162ac77d3c,inherited_team13_success
case_085,2,1,3187899,0,3187899,1.0,team13,8f3837f18546a015cb75ac992e870e51f48659c1,A题研究/直接迭代/第十三轮成果/方案/p2/n1/case_085_multicore_res.json,方案/p2/n1/case_085_multicore_res.json,89b6142bdf391d9eb3b887bb1a6e296adf279b4bc1eecc485724dc68582bff86,inherited_team13_success
case_085,2,2,1582933,10318712,3187899,2.013919098281481,team13,8f3837f18546a015cb75ac992e870e51f48659c1,A题研究/直接迭代/第十三轮成果/方案/p2/n2/case_085_multicore_res.json,方案/p2/n2/case_085_multicore_res.json,7a256a0773a83620a5cfe1c352963f51279a40b666fcd95d5488e7ac5e470913,inherited_team13_success
case_085,2,3,1074433,34838636,3187899,2.967052389492877,team13,8f3837f18546a015cb75ac992e870e51f48659c1,A题研究/直接迭代/第十三轮成果/方案/p2/n3/case_085_multicore_res.json,方案/p2/n3/case_085_multicore_res.json,13bdbc320fe67ca8c2ce65f85e79876ec75127e64d946d50cabec847edb5f63b,inherited_team13_success
case_085,2,4,964456,30035794,3187899,3.305385626715993,team13,8f3837f18546a015cb75ac992e870e51f48659c1,A题研究/直接迭代/第十三轮成果/方案/p2/n4/case_085_multicore_res.json,方案/p2/n4/case_085_multicore_res.json,09247d3fa2b42fc9a8c688f78a3e08f4e5e71568771313661c261e522d9fa0ce,inherited_team13_success
case_085,2,5,869620,38726264,3187899,3.66585290126722,team13,8f3837f18546a015cb75ac992e870e51f48659c1,A题研究/直接迭代/第十三轮成果/方案/p2/n5/case_085_multicore_res.json,方案/p2/n5/case_085_multicore_res.json,30df831607b64b3760e4df20189947f7f020c046deea03b71c391f42d6c8d282,inherited_team13_success
case_085,3,1,3187899,0,3187899,1.0,team13,8f3837f18546a015cb75ac992e870e51f48659c1,A题研究/直接迭代/第十三轮成果/方案/p3/n1/case_085_multicore_res.json,方案/p3/n1/case_085_multicore_res.json,89b6142bdf391d9eb3b887bb1a6e296adf279b4bc1eecc485724dc68582bff86,inherited_team13_success
case_085,3,2,1582931,10318712,3187899,2.013921642825872,team13,8f3837f18546a015cb75ac992e870e51f48659c1,A题研究/直接迭代/第十三轮成果/方案/p3/n2/case_085_multicore_res.json,方案/p3/n2/case_085_multicore_res.json,7a256a0773a83620a5cfe1c352963f51279a40b666fcd95d5488e7ac5e470913,inherited_team13_success
case_085,3,3,1066007,34838636,3187899,2.9905047527830493,team13,8f3837f18546a015cb75ac992e870e51f48659c1,A题研究/直接迭代/第十三轮成果/方案/p3/n3/case_085_multicore_res.json,方案/p3/n3/case_085_multicore_res.json,13bdbc320fe67ca8c2ce65f85e79876ec75127e64d946d50cabec847edb5f63b,inherited_team13_success
case_085,3,4,958408,30035794,3187899,3.3262441465430173,team13,8f3837f18546a015cb75ac992e870e51f48659c1,A题研究/直接迭代/第十三轮成果/方案/p3/n4/case_085_multicore_res.json,方案/p3/n4/case_085_multicore_res.json,09247d3fa2b42fc9a8c688f78a3e08f4e5e71568771313661c261e522d9fa0ce,inherited_team13_success
case_085,3,5,815053,38726264,3187899,3.9112781622790176,team13,8f3837f18546a015cb75ac992e870e51f48659c1,A题研究/直接迭代/第十三轮成果/方案/p3/n5/case_085_multicore_res.json,方案/p3/n5/case_085_multicore_res.json,0853ad1e3a014939a5f6a4de08aa901eabb5ce157d79e95ba829ffd0ad23dad2,inherited_team13_success
case_086,1,1,117789,459442,118403,1.0052127108643423,team13,8f3837f18546a015cb75ac992e870e51f48659c1,A题研究/直接迭代/第十三轮成果/方案/p1/n1/case_086_multicore_res.json,方案/p1/n1/case_086_multicore_res.json,90a6d748c6c2e0ba0ba7bc143c98eb8f435d9aefb3b249dbbdbb36cd22314490,inherited_team13_success
case_086,1,2,117789,459442,118403,1.0052127108643423,team13,8f3837f18546a015cb75ac992e870e51f48659c1,A题研究/直接迭代/第十三轮成果/方案/p1/n2/case_086_multicore_res.json,方案/p1/n2/case_086_multicore_res.json,cfb2a4c4fad9bda3dd6bd2fa22aad6155c645fec2bb8035a4fd517b8577cf8b7,inherited_team13_success
case_086,1,3,117789,459442,118403,1.0052127108643423,team13,8f3837f18546a015cb75ac992e870e51f48659c1,A题研究/直接迭代/第十三轮成果/方案/p1/n3/case_086_multicore_res.json,方案/p1/n3/case_086_multicore_res.json,383bd620f570e2bf95fa6250732baa16b06edb89bb6275d24b527c8f26039f49,inherited_team13_success
case_086,1,4,86066,1676764,118403,1.375723282132317,team13,8f3837f18546a015cb75ac992e870e51f48659c1,A题研究/直接迭代/第十三轮成果/方案/p1/n4/case_086_multicore_res.json,方案/p1/n4/case_086_multicore_res.json,a97fcea316afa7dc7a37237dad01350e35df610876b04be82f59ce927f25cd44,inherited_team13_success
case_086,1,5,58819,2614486,118403,2.0130060014621125,team13,8f3837f18546a015cb75ac992e870e51f48659c1,A题研究/直接迭代/第十三轮成果/方案/p1/n5/case_086_multicore_res.json,方案/p1/n5/case_086_multicore_res.json,2a97ef299c3ecf0b34d35b1e4e0d807d2b1cb7ead7c367ad49735285935dfe7b,inherited_team13_success
case_086,2,1,118403,0,118403,1.0,team13,8f3837f18546a015cb75ac992e870e51f48659c1,A题研究/直接迭代/第十三轮成果/方案/p2/n1/case_086_multicore_res.json,方案/p2/n1/case_086_multicore_res.json,efa2ae675dccd7bb07ba58a975a47a49bc404af7a7f0c02be1e1faae2ee010ba,inherited_team13_success
case_086,2,2,64138,788550,118403,1.8460662945523714,team13,8f3837f18546a015cb75ac992e870e51f48659c1,A题研究/直接迭代/第十三轮成果/方案/p2/n2/case_086_multicore_res.json,方案/p2/n2/case_086_multicore_res.json,7778aac1907c50f3fee0914b6140082a3194c95f8b27c7ba8e99678244fb1cdb,inherited_team13_success
case_086,2,3,47404,1305868,118403,2.497742806514218,team13,8f3837f18546a015cb75ac992e870e51f48659c1,A题研究/直接迭代/第十三轮成果/方案/p2/n3/case_086_multicore_res.json,方案/p2/n3/case_086_multicore_res.json,3e8ce643e7bb58e219851cc7f4e77c3d594b5b48f283c826c119b0f1bc6752c9,inherited_team13_success
case_086,2,4,45893,1780850,118403,2.579979517573486,team13,8f3837f18546a015cb75ac992e870e51f48659c1,A题研究/直接迭代/第十三轮成果/方案/p2/n4/case_086_multicore_res.json,方案/p2/n4/case_086_multicore_res.json,7088c18b8139f41efb328e129a6444f3cfa8247997089038c7dd67fad8083f40,inherited_team13_success
case_086,2,5,44890,1797234,118403,2.6376253063042996,team13,8f3837f18546a015cb75ac992e870e51f48659c1,A题研究/直接迭代/第十三轮成果/方案/p2/n5/case_086_multicore_res.json,方案/p2/n5/case_086_multicore_res.json,4806058d88b25dcaec85791d197798b5c5dfb0918071a695defddc62d6fdc604,inherited_team13_success
case_086,3,1,118403,0,118403,1.0,team13,8f3837f18546a015cb75ac992e870e51f48659c1,A题研究/直接迭代/第十三轮成果/方案/p3/n1/case_086_multicore_res.json,方案/p3/n1/case_086_multicore_res.json,efa2ae675dccd7bb07ba58a975a47a49bc404af7a7f0c02be1e1faae2ee010ba,inherited_team13_success
case_086,3,2,64138,788550,118403,1.8460662945523714,team13,8f3837f18546a015cb75ac992e870e51f48659c1,A题研究/直接迭代/第十三轮成果/方案/p3/n2/case_086_multicore_res.json,方案/p3/n2/case_086_multicore_res.json,7778aac1907c50f3fee0914b6140082a3194c95f8b27c7ba8e99678244fb1cdb,inherited_team13_success
case_086,3,3,45981,1301260,118403,2.575041865118201,team13,8f3837f18546a015cb75ac992e870e51f48659c1,A题研究/直接迭代/第十三轮成果/方案/p3/n3/case_086_multicore_res.json,方案/p3/n3/case_086_multicore_res.json,26dfaf03c840180bc6b225df58e9e8f8d2c4f90de97a646203ca9eed733e754c,inherited_team13_success
case_086,3,4,43507,1780850,118403,2.7214701082584414,team13,8f3837f18546a015cb75ac992e870e51f48659c1,A题研究/直接迭代/第十三轮成果/方案/p3/n4/case_086_multicore_res.json,方案/p3/n4/case_086_multicore_res.json,7088c18b8139f41efb328e129a6444f3cfa8247997089038c7dd67fad8083f40,inherited_team13_success
case_086,3,5,40127,2115702,118403,2.9507065068407807,team13,8f3837f18546a015cb75ac992e870e51f48659c1,A题研究/直接迭代/第十三轮成果/方案/p3/n5/case_086_multicore_res.json,方案/p3/n5/case_086_multicore_res.json,e7a2ff619bfd452e5ea806afdead634a97c7ac95e49297bb4550564b2645eccd,inherited_team13_success
case_087,1,1,3924648,12097580,3974071,1.01259297649114,team13,8f3837f18546a015cb75ac992e870e51f48659c1,A题研究/直接迭代/第十三轮成果/方案/p1/n1/case_087_multicore_res.json,方案/p1/n1/case_087_multicore_res.json,05f04676cc82263137923483bbdeef4a4003bbf1ded1ee2309ded46e46005782,inherited_team13_success
case_087,1,2,1973521,18718080,3974071,2.0136958258868285,ours,238aafecf447488e1397467ddebe4d994477c899,新增精选方案/p1/n2/case_087_multicore_res.json,方案/p1/n2/case_087_multicore_res.json,efe230dd513d8bd75e4b005419e1495f8deb473020995361950605579c832f5f,fresh_import_replay
case_087,1,3,1377417,11289600,3974071,2.885161864562438,team13,8f3837f18546a015cb75ac992e870e51f48659c1,A题研究/直接迭代/第十三轮成果/方案/p1/n3/case_087_multicore_res.json,方案/p1/n3/case_087_multicore_res.json,2c47fc89d97e661cd033be1f6cf2b247c9296194dbe9353b209a682ce8f03fc5,inherited_team13_success
case_087,1,4,1056721,11358720,3974071,3.760757096717109,team13,8f3837f18546a015cb75ac992e870e51f48659c1,A题研究/直接迭代/第十三轮成果/方案/p1/n4/case_087_multicore_res.json,方案/p1/n4/case_087_multicore_res.json,b1e119dbf02ec2b2a1cb2fc125d730880bb3418019d76aa25d1134ca8d3a978e,inherited_team13_success
case_087,1,5,879179,14544428,3974071,4.52020692031998,team13,8f3837f18546a015cb75ac992e870e51f48659c1,A题研究/直接迭代/第十三轮成果/方案/p1/n5/case_087_multicore_res.json,方案/p1/n5/case_087_multicore_res.json,f4fcfd429546bfcf018944d37db8248510e694f8c1a8d206731c693bb6d4ab4c,inherited_team13_success
case_087,2,1,3974071,7902720,3974071,1.0,team13,8f3837f18546a015cb75ac992e870e51f48659c1,A题研究/直接迭代/第十三轮成果/方案/p2/n1/case_087_multicore_res.json,方案/p2/n1/case_087_multicore_res.json,3d53760f8c7cf00ae04bb4f401b523c4d396da756c4cae780b9abdd655063a5c,inherited_team13_success
case_087,2,2,1973360,6578688,3974071,2.013860116755179,team13,8f3837f18546a015cb75ac992e870e51f48659c1,A题研究/直接迭代/第十三轮成果/方案/p2/n2/case_087_multicore_res.json,方案/p2/n2/case_087_multicore_res.json,50001680cb9692a5722735fb14e00b79ae80acda430705d8a788523865c737f6,inherited_team13_success
case_087,2,3,1322596,10114560,3974071,3.0047505058233956,ours,238aafecf447488e1397467ddebe4d994477c899,新增精选方案/p2/n3/case_087_multicore_res.json,方案/p2/n3/case_087_multicore_res.json,6d8ad135dba54940144d077041a37e1a0d19e2c390fdc883d16d0eabbaca0129,fresh_import_replay
case_087,2,4,1003734,11796480,3974071,3.959287022258885,ours,238aafecf447488e1397467ddebe4d994477c899,新增精选方案/p2/n4/case_087_multicore_res.json,方案/p2/n4/case_087_multicore_res.json,a4979d760963fcb00d2cff717725aab226fe359b4efd9f355790c332bce8f147,fresh_import_replay
case_087,2,5,797842,13390484,3974071,4.981025065113143,team13,8f3837f18546a015cb75ac992e870e51f48659c1,A题研究/直接迭代/第十三轮成果/方案/p2/n5/case_087_multicore_res.json,方案/p2/n5/case_087_multicore_res.json,15f5ce4f01882eb89ef819556157d5a3c95ada0bc5d191bc85b1463f50eb37ca,inherited_team13_success
case_087,3,1,3961605,7736832,3974071,1.0031467044291391,ours,238aafecf447488e1397467ddebe4d994477c899,新增精选方案/p3/n1/case_087_multicore_res.json,方案/p3/n1/case_087_multicore_res.json,d3217c67641ae6a79f34716b2714fc9d31499ee7fe8796713c3d0bf2507ea219,fresh_import_replay
case_087,3,2,1955672,6216192,3974071,2.0320743969336372,ours,238aafecf447488e1397467ddebe4d994477c899,新增精选方案/p3/n2/case_087_multicore_res.json,方案/p3/n2/case_087_multicore_res.json,15e65a2a325193d758c13076c67b9df9c46f027b4dd3b69eb4858f28a568ce79,fresh_import_replay
case_087,3,3,1335295,10985472,3974071,2.9761745531886215,ours,238aafecf447488e1397467ddebe4d994477c899,新增精选方案/p3/n3/case_087_multicore_res.json,方案/p3/n3/case_087_multicore_res.json,900f48a4dabd8f604e413a50848db6c74750db501e8406dd7c3359fbeeb622d3,fresh_import_replay
case_087,3,4,1022400,13086720,3974071,3.887002151799687,ours,238aafecf447488e1397467ddebe4d994477c899,新增精选方案/p3/n4/case_087_multicore_res.json,方案/p3/n4/case_087_multicore_res.json,7958e0c161536d70554d70dd4042a19ddeafac27d14fe961c17cceaf5e9a45c6,fresh_import_replay
case_087,3,5,790623,13385876,3974071,5.026505679698162,team13,8f3837f18546a015cb75ac992e870e51f48659c1,A题研究/直接迭代/第十三轮成果/方案/p3/n5/case_087_multicore_res.json,方案/p3/n5/case_087_multicore_res.json,9ccf241ec81f72ff60dbb29f1f0322f5cfb481d7716d122ae89f05dfe8ca509f,inherited_team13_success
case_088,1,1,243217,178124,243623,1.001669291209085,team13,8f3837f18546a015cb75ac992e870e51f48659c1,A题研究/直接迭代/第十三轮成果/方案/p1/n1/case_088_multicore_res.json,方案/p1/n1/case_088_multicore_res.json,1db5e550a5fe4d426f006af357a385f4269f314237656fb449d97946138c4421,inherited_team13_success
case_088,1,2,201411,348602,243623,1.209581403200421,team13,8f3837f18546a015cb75ac992e870e51f48659c1,A题研究/直接迭代/第十三轮成果/方案/p1/n2/case_088_multicore_res.json,方案/p1/n2/case_088_multicore_res.json,025ba6e4a0de690a9d55d1085ebc9e3af6a247be7f00168533d9d49b3d943da7,inherited_team13_success
case_088,1,3,201396,431884,243623,1.2096714929790064,team13,8f3837f18546a015cb75ac992e870e51f48659c1,A题研究/直接迭代/第十三轮成果/方案/p1/n3/case_088_multicore_res.json,方案/p1/n3/case_088_multicore_res.json,aa49821fea49846d6a1d138fb789900b92c9242b0a28d4b67f1246ec0950d4fc,inherited_team13_success
case_088,1,4,186407,894280,243623,1.3069412629354047,team13,8f3837f18546a015cb75ac992e870e51f48659c1,A题研究/直接迭代/第十三轮成果/方案/p1/n4/case_088_multicore_res.json,方案/p1/n4/case_088_multicore_res.json,cac18041ef9b20f2d35ba26a23eadfe00b1ae21d5c08d7f20d90c6c65283bd87,inherited_team13_success
case_088,1,5,97719,2707564,243623,2.4930975552349084,team13,8f3837f18546a015cb75ac992e870e51f48659c1,A题研究/直接迭代/第十三轮成果/方案/p1/n5/case_088_multicore_res.json,方案/p1/n5/case_088_multicore_res.json,444759691e88c659f865105d3f1e4c2278e5e5f50f5a4a08b90c868ccb82a0f8,inherited_team13_success
case_088,2,1,243623,0,243623,1.0,team13,8f3837f18546a015cb75ac992e870e51f48659c1,A题研究/直接迭代/第十三轮成果/方案/p2/n1/case_088_multicore_res.json,方案/p2/n1/case_088_multicore_res.json,d8f64b0f5acf9559745adef50794618cd544102e62a479d1db1575da1f23d573,inherited_team13_success
case_088,2,2,135939,1312570,243623,1.7921494199604233,team13,8f3837f18546a015cb75ac992e870e51f48659c1,A题研究/直接迭代/第十三轮成果/方案/p2/n2/case_088_multicore_res.json,方案/p2/n2/case_088_multicore_res.json,f50ecd02a758736c6def260ebbd1b6e48aeee225b910fd7709701ca0b45667c9,inherited_team13_success
case_088,2,3,95670,2093894,243623,2.546493153548657,team13,8f3837f18546a015cb75ac992e870e51f48659c1,A题研究/直接迭代/第十三轮成果/方案/p2/n3/case_088_multicore_res.json,方案/p2/n3/case_088_multicore_res.json,831dd3fb94d91561e59c4b7e9419472f61f33127742d5c80c456f5af381effbc,inherited_team13_success
case_088,2,4,89756,2468882,243623,2.714280939435804,team13,8f3837f18546a015cb75ac992e870e51f48659c1,A题研究/直接迭代/第十三轮成果/方案/p2/n4/case_088_multicore_res.json,方案/p2/n4/case_088_multicore_res.json,128f6086bb2c32f7ba08858c670b5ad24904c535a36972940b7f4ac39c0e45de,inherited_team13_success
case_088,2,5,89206,2475026,243623,2.7310158509517297,team13,8f3837f18546a015cb75ac992e870e51f48659c1,A题研究/直接迭代/第十三轮成果/方案/p2/n5/case_088_multicore_res.json,方案/p2/n5/case_088_multicore_res.json,1be25dec753e10c373c57abd7049f3dd556ca47b6437461c26f23d703738ec95,inherited_team13_success
case_088,3,1,243623,0,243623,1.0,team13,8f3837f18546a015cb75ac992e870e51f48659c1,A题研究/直接迭代/第十三轮成果/方案/p3/n1/case_088_multicore_res.json,方案/p3/n1/case_088_multicore_res.json,d8f64b0f5acf9559745adef50794618cd544102e62a479d1db1575da1f23d573,inherited_team13_success
case_088,3,2,133987,1312570,243623,1.8182584877637382,team13,8f3837f18546a015cb75ac992e870e51f48659c1,A题研究/直接迭代/第十三轮成果/方案/p3/n2/case_088_multicore_res.json,方案/p3/n2/case_088_multicore_res.json,f50ecd02a758736c6def260ebbd1b6e48aeee225b910fd7709701ca0b45667c9,inherited_team13_success
case_088,3,3,92714,2093894,243623,2.6276829820739045,team13,8f3837f18546a015cb75ac992e870e51f48659c1,A题研究/直接迭代/第十三轮成果/方案/p3/n3/case_088_multicore_res.json,方案/p3/n3/case_088_multicore_res.json,831dd3fb94d91561e59c4b7e9419472f61f33127742d5c80c456f5af381effbc,inherited_team13_success
case_088,3,4,82216,2468882,243623,2.9632066750997375,team13,8f3837f18546a015cb75ac992e870e51f48659c1,A题研究/直接迭代/第十三轮成果/方案/p3/n4/case_088_multicore_res.json,方案/p3/n4/case_088_multicore_res.json,128f6086bb2c32f7ba08858c670b5ad24904c535a36972940b7f4ac39c0e45de,inherited_team13_success
case_088,3,5,79900,2468858,243623,3.04909887359199,team13,8f3837f18546a015cb75ac992e870e51f48659c1,A题研究/直接迭代/第十三轮成果/方案/p3/n5/case_088_multicore_res.json,方案/p3/n5/case_088_multicore_res.json,d4ebcbaa0f4b2eee50ea1123894751abdad16a5aacbe12eb3afaf90d83f39165,inherited_team13_success
case_089,1,1,694660,954880,693092,0.9977427806408891,team13,8f3837f18546a015cb75ac992e870e51f48659c1,A题研究/直接迭代/第十三轮成果/方案/p1/n1/case_089_multicore_res.json,方案/p1/n1/case_089_multicore_res.json,657bf164bbf03a79b88b47201ac98b3e67070f5fd7c5d3bd7a84f7b5df124b27,inherited_team13_success
case_089,1,2,346832,238720,693092,1.998350786547954,team13,8f3837f18546a015cb75ac992e870e51f48659c1,A题研究/直接迭代/第十三轮成果/方案/p1/n2/case_089_multicore_res.json,方案/p1/n2/case_089_multicore_res.json,b4a3d4e608d56a50c3bca9b5dcf77cb672aa1068196ad569952f32498c4cd18e,inherited_team13_success
case_089,1,3,243614,477440,693092,2.8450417463692563,team13,8f3837f18546a015cb75ac992e870e51f48659c1,A题研究/直接迭代/第十三轮成果/方案/p1/n3/case_089_multicore_res.json,方案/p1/n3/case_089_multicore_res.json,7841c561538ee000191aca05d7ba815f0a27281c2aa13d9b3d372bcb120466f1,inherited_team13_success
case_089,1,4,178160,716160,693092,3.8902784014369107,team13,8f3837f18546a015cb75ac992e870e51f48659c1,A题研究/直接迭代/第十三轮成果/方案/p1/n4/case_089_multicore_res.json,方案/p1/n4/case_089_multicore_res.json,8d1ed90b794dff56abf67962ac9cce7a2ccaf6e37e8287bed796b46a6c1fbfdb,inherited_team13_success
case_089,1,5,147432,954880,693092,4.701096098540344,team13,8f3837f18546a015cb75ac992e870e51f48659c1,A题研究/直接迭代/第十三轮成果/方案/p1/n5/case_089_multicore_res.json,方案/p1/n5/case_089_multicore_res.json,810d0bd8ade19c88afaf01e9e51070820713253f12e21126504452f3c9ed6366,inherited_team13_success
case_089,2,1,693092,0,693092,1.0,team13,8f3837f18546a015cb75ac992e870e51f48659c1,A题研究/直接迭代/第十三轮成果/方案/p2/n1/case_089_multicore_res.json,方案/p2/n1/case_089_multicore_res.json,f1a2c3792c25640c46c3fc9d058b6f36830ec5b6cdb53b9811a8971cd680edb4,inherited_team13_success
case_089,2,2,313368,2204224,693092,2.2117510403104337,team13,8f3837f18546a015cb75ac992e870e51f48659c1,A题研究/直接迭代/第十三轮成果/方案/p2/n2/case_089_multicore_res.json,方案/p2/n2/case_089_multicore_res.json,f6aa57c1bccb13376aec0edb6c710f92edccf4fe3f6493885b4b7b00a65e8308,inherited_team13_success
case_089,2,3,230533,7132416,693092,3.0064762962352463,team13,8f3837f18546a015cb75ac992e870e51f48659c1,A题研究/直接迭代/第十三轮成果/方案/p2/n3/case_089_multicore_res.json,方案/p2/n3/case_089_multicore_res.json,5d941a86e3cafd7873b2761b613c70d09a8e2c6d1ae53889d7571f2bccaa9f6f,inherited_team13_success
case_089,2,4,169868,3906944,693092,4.0801799043963545,team13,8f3837f18546a015cb75ac992e870e51f48659c1,A题研究/直接迭代/第十三轮成果/方案/p2/n4/case_089_multicore_res.json,方案/p2/n4/case_089_multicore_res.json,59fc0f656adb14461981501ce264de68fbc8593c5f74ec30811c7f86e0f5064d,inherited_team13_success
case_089,2,5,118946,954880,693092,5.826946681687488,joint_panel_joint,2362dd73dd4be460e35ce9302e0521f0934e5de6,/home/konglingrui/.mathmodel/questionA/统一算法迭代/A题研究/直接迭代/联合整合_20260926/同预算对照/slots/validation/case_089/p2_n5/joint/summary.json,方案/p2/n5/case_089_multicore_res.json,5e6d237c04531687ff4b73f71fd5849d4e1bb5051bf39b16f56cabf45fbaa42e,fresh_panel_winner_replay
case_089,3,1,693092,0,693092,1.0,team13,8f3837f18546a015cb75ac992e870e51f48659c1,A题研究/直接迭代/第十三轮成果/方案/p3/n1/case_089_multicore_res.json,方案/p3/n1/case_089_multicore_res.json,f1a2c3792c25640c46c3fc9d058b6f36830ec5b6cdb53b9811a8971cd680edb4,inherited_team13_success
case_089,3,2,313350,2204224,693092,2.2118780915908727,team13,8f3837f18546a015cb75ac992e870e51f48659c1,A题研究/直接迭代/第十三轮成果/方案/p3/n2/case_089_multicore_res.json,方案/p3/n2/case_089_multicore_res.json,f6aa57c1bccb13376aec0edb6c710f92edccf4fe3f6493885b4b7b00a65e8308,inherited_team13_success
case_089,3,3,227310,7132416,693092,3.0491047468215213,team13,8f3837f18546a015cb75ac992e870e51f48659c1,A题研究/直接迭代/第十三轮成果/方案/p3/n3/case_089_multicore_res.json,方案/p3/n3/case_089_multicore_res.json,5d941a86e3cafd7873b2761b613c70d09a8e2c6d1ae53889d7571f2bccaa9f6f,inherited_team13_success
case_089,3,4,169216,3906944,693092,4.095901096822995,team13,8f3837f18546a015cb75ac992e870e51f48659c1,A题研究/直接迭代/第十三轮成果/方案/p3/n4/case_089_multicore_res.json,方案/p3/n4/case_089_multicore_res.json,59fc0f656adb14461981501ce264de68fbc8593c5f74ec30811c7f86e0f5064d,inherited_team13_success
case_089,3,5,118946,954880,693092,5.826946681687488,joint_panel_joint,2362dd73dd4be460e35ce9302e0521f0934e5de6,/home/konglingrui/.mathmodel/questionA/统一算法迭代/A题研究/直接迭代/联合整合_20260926/同预算对照/slots/validation/case_089/p3_n5/joint/summary.json,方案/p3/n5/case_089_multicore_res.json,5e6d237c04531687ff4b73f71fd5849d4e1bb5051bf39b16f56cabf45fbaa42e,fresh_panel_winner_replay
case_090,1,1,1174025,21498480,1178363,1.0036949809416325,team13,8f3837f18546a015cb75ac992e870e51f48659c1,A题研究/直接迭代/第十三轮成果/方案/p1/n1/case_090_multicore_res.json,方案/p1/n1/case_090_multicore_res.json,8ac665c41fc78a7064cf087557001cec0f574be6005e2998e1c534eb46a695b0,inherited_team13_success
case_090,1,2,679752,25781760,1178363,1.7335189892784428,team13,8f3837f18546a015cb75ac992e870e51f48659c1,A题研究/直接迭代/第十三轮成果/方案/p1/n2/case_090_multicore_res.json,方案/p1/n2/case_090_multicore_res.json,0b492a99d83b67af753f1042955bd7a6e2725d68315c9342a01e1e87ba32e5b5,inherited_team13_success
case_090,1,3,589444,25781760,1178363,1.999109330148411,team13,8f3837f18546a015cb75ac992e870e51f48659c1,A题研究/直接迭代/第十三轮成果/方案/p1/n3/case_090_multicore_res.json,方案/p1/n3/case_090_multicore_res.json,658e3a1d0c73b75c0f02561f5a267091604db833b2cd8a73c0f79c931f0178ba,inherited_team13_success
case_090,1,4,565296,25781760,1178363,2.084506170218788,team13,8f3837f18546a015cb75ac992e870e51f48659c1,A题研究/直接迭代/第十三轮成果/方案/p1/n4/case_090_multicore_res.json,方案/p1/n4/case_090_multicore_res.json,edb918ccdddbda60a84bb2e61fb12d48cf558eb5cb08d2476c372ff0adb75c50,inherited_team13_success
case_090,1,5,467065,22536552,1178363,2.52291008746106,ours,238aafecf447488e1397467ddebe4d994477c899,新增精选方案/p1/n5/case_090_multicore_res.json,方案/p1/n5/case_090_multicore_res.json,8f992aa2167259ac4d8070556620ba24282c5ee2f3e65ef9f1dd011a912efc7a,fresh_import_replay
case_090,2,1,1178363,21233592,1178363,1.0,team13,8f3837f18546a015cb75ac992e870e51f48659c1,A题研究/直接迭代/第十三轮成果/方案/p2/n1/case_090_multicore_res.json,方案/p2/n1/case_090_multicore_res.json,dae905c4bc92878248b2dd49aa9e6ddac5b7ab126ce2529aa212bb4c38b456a0,inherited_team13_success
case_090,2,2,431288,3818928,1178363,2.7321951920758285,team13,8f3837f18546a015cb75ac992e870e51f48659c1,A题研究/直接迭代/第十三轮成果/方案/p2/n2/case_090_multicore_res.json,方案/p2/n2/case_090_multicore_res.json,e7500809548b7bd22213ae35db960cb916b88f2bb0cbe098128953a9532688d0,inherited_team13_success
case_090,2,3,317582,5976960,1178363,3.710421245536586,team13,8f3837f18546a015cb75ac992e870e51f48659c1,A题研究/直接迭代/第十三轮成果/方案/p2/n3/case_090_multicore_res.json,方案/p2/n3/case_090_multicore_res.json,9754f0b7f18897c9df407dab15205273753bc2a59afb598bd3c59142c55621a7,inherited_team13_success
case_090,2,4,285675,7641072,1178363,4.124837665178962,team13,8f3837f18546a015cb75ac992e870e51f48659c1,A题研究/直接迭代/第十三轮成果/方案/p2/n4/case_090_multicore_res.json,方案/p2/n4/case_090_multicore_res.json,eb8d7edaf888d90dcba9ece1139870036297dfe1eb9fb7d5e10dcdcb2bb127e9,inherited_team13_success
case_090,2,5,240698,7443456,1178363,4.895607774057117,team13,8f3837f18546a015cb75ac992e870e51f48659c1,A题研究/直接迭代/第十三轮成果/方案/p2/n5/case_090_multicore_res.json,方案/p2/n5/case_090_multicore_res.json,6d049e03a0e9391676bad8d1e584f18d9fedc475865921017387730a5b1ffe08,inherited_team13_success
case_090,3,1,1178363,21233592,1178363,1.0,team13,8f3837f18546a015cb75ac992e870e51f48659c1,A题研究/直接迭代/第十三轮成果/方案/p3/n1/case_090_multicore_res.json,方案/p3/n1/case_090_multicore_res.json,dae905c4bc92878248b2dd49aa9e6ddac5b7ab126ce2529aa212bb4c38b456a0,inherited_team13_success
case_090,3,2,431243,3818928,1178363,2.73248029533233,team13,8f3837f18546a015cb75ac992e870e51f48659c1,A题研究/直接迭代/第十三轮成果/方案/p3/n2/case_090_multicore_res.json,方案/p3/n2/case_090_multicore_res.json,e7500809548b7bd22213ae35db960cb916b88f2bb0cbe098128953a9532688d0,inherited_team13_success
case_090,3,3,309744,6104832,1178363,3.8043125936257036,team13,8f3837f18546a015cb75ac992e870e51f48659c1,A题研究/直接迭代/第十三轮成果/方案/p3/n3/case_090_multicore_res.json,方案/p3/n3/case_090_multicore_res.json,0652b748c62977f59aa5ed6474c7d210a5ee723dba3a18da8131c99be8403f96,inherited_team13_success
case_090,3,4,255669,7641072,1178363,4.6089396837317,team13,8f3837f18546a015cb75ac992e870e51f48659c1,A题研究/直接迭代/第十三轮成果/方案/p3/n4/case_090_multicore_res.json,方案/p3/n4/case_090_multicore_res.json,eb8d7edaf888d90dcba9ece1139870036297dfe1eb9fb7d5e10dcdcb2bb127e9,inherited_team13_success
case_090,3,5,194679,7936512,1178363,6.052851103611586,team13,8f3837f18546a015cb75ac992e870e51f48659c1,A题研究/直接迭代/第十三轮成果/方案/p3/n5/case_090_multicore_res.json,方案/p3/n5/case_090_multicore_res.json,a070c4fea0069ea3709eb0c1f757d76e1c18e44f6c2d5804dac396f9a7beb4d5,inherited_team13_success
case_091,1,1,9081554,63131456,9186769,1.0115855722489786,ours,238aafecf447488e1397467ddebe4d994477c899,新增精选方案/p1/n1/case_091_multicore_res.json,方案/p1/n1/case_091_multicore_res.json,939c533026a0cf3ef3515d283cfa4c8ab9fbabfc77d460ff202d0c9bfcbaae96,fresh_import_replay
case_091,1,2,4553097,65804096,9186769,2.017696745753495,ours,238aafecf447488e1397467ddebe4d994477c899,新增精选方案/p1/n2/case_091_multicore_res.json,方案/p1/n2/case_091_multicore_res.json,28978b28ba09346f83c878f9775ff5f5c181209d2170d9d245dd11efd7bf267b,fresh_import_replay
case_091,1,3,3051053,68833088,9186769,3.0110158689475406,ours,238aafecf447488e1397467ddebe4d994477c899,新增精选方案/p1/n3/case_091_multicore_res.json,方案/p1/n3/case_091_multicore_res.json,264e6691278863e5b90122e5684af16bae90a0706cf4b07a4d52f03bc5d87e31,fresh_import_replay
case_091,1,4,2308294,70513824,9186769,3.9798955419023745,ours,238aafecf447488e1397467ddebe4d994477c899,新增精选方案/p1/n4/case_091_multicore_res.json,方案/p1/n4/case_091_multicore_res.json,d6385817990c8350b1f399201b9097e9b469258d16ce2872ac2e3fc2b659fceb,fresh_import_replay
case_091,1,5,1861235,66314752,9186769,4.935845822800452,team13,8f3837f18546a015cb75ac992e870e51f48659c1,A题研究/直接迭代/第十三轮成果/方案/p1/n5/case_091_multicore_res.json,方案/p1/n5/case_091_multicore_res.json,95898717b5d4a7efc2fd081e4af5758ba4566f79c70cd2153bd39ef244f92d5b,inherited_team13_success
case_091,2,1,9141689,38633088,9186769,1.0049312550448828,ours,238aafecf447488e1397467ddebe4d994477c899,新增精选方案/p2/n1/case_091_multicore_res.json,方案/p2/n1/case_091_multicore_res.json,55b5d2a51b98b0bfa891ddb2f571cb7519949cefdcf53ffceee792893b58d74b,fresh_import_replay
case_091,2,2,4546046,52254688,9186769,2.0208262300909405,ours,238aafecf447488e1397467ddebe4d994477c899,新增精选方案/p2/n2/case_091_multicore_res.json,方案/p2/n2/case_091_multicore_res.json,e1a7fe4bc95c37dfbd9ac6b35bc074089e44f1a810200a42a3b40a1b05c571d5,fresh_import_replay
case_091,2,3,3025509,61863936,9186769,3.0364375052263934,team13,8f3837f18546a015cb75ac992e870e51f48659c1,A题研究/直接迭代/第十三轮成果/方案/p2/n3/case_091_multicore_res.json,方案/p2/n3/case_091_multicore_res.json,94eaea5724423e6ec3bed3380c80ef1c2b73a2a82147b57bfbc53ff29a74b594,inherited_team13_success
case_091,2,4,2313039,41001120,9186769,3.9717311294794424,team13,8f3837f18546a015cb75ac992e870e51f48659c1,A题研究/直接迭代/第十三轮成果/方案/p2/n4/case_091_multicore_res.json,方案/p2/n4/case_091_multicore_res.json,043fb52c602b5b1aafca38599add042a1d8f7961416ba5ecee571db554a8156a,inherited_team13_success
case_091,2,5,1860293,75841024,9186769,4.938345196159959,team13,8f3837f18546a015cb75ac992e870e51f48659c1,A题研究/直接迭代/第十三轮成果/方案/p2/n5/case_091_multicore_res.json,方案/p2/n5/case_091_multicore_res.json,ca74103aef1932a03df2de1bf60d8fee6ea338c603e99002e66ddccdd20e28fc,inherited_team13_success
case_091,3,1,9168820,53947008,9186769,1.001957612866214,team13,8f3837f18546a015cb75ac992e870e51f48659c1,A题研究/直接迭代/第十三轮成果/方案/p3/n1/case_091_multicore_res.json,方案/p3/n1/case_091_multicore_res.json,859a25e7ca38e9c95e28befb260dea16a537d40088c28281cd252ddf0a7878be,inherited_team13_success
case_091,3,2,4542858,53119456,9186769,2.022244366872132,team13,8f3837f18546a015cb75ac992e870e51f48659c1,A题研究/直接迭代/第十三轮成果/方案/p3/n2/case_091_multicore_res.json,方案/p3/n2/case_091_multicore_res.json,c6ad682cecec8a8089b847383b488e454e3e76033d4de43bf756c304e0c2808e,inherited_team13_success
case_091,3,3,3014454,61863936,9186769,3.0475731260122063,team13,8f3837f18546a015cb75ac992e870e51f48659c1,A题研究/直接迭代/第十三轮成果/方案/p3/n3/case_091_multicore_res.json,方案/p3/n3/case_091_multicore_res.json,94eaea5724423e6ec3bed3380c80ef1c2b73a2a82147b57bfbc53ff29a74b594,inherited_team13_success
case_091,3,4,2300004,66074432,9186769,3.9942404447992264,team13,8f3837f18546a015cb75ac992e870e51f48659c1,A题研究/直接迭代/第十三轮成果/方案/p3/n4/case_091_multicore_res.json,方案/p3/n4/case_091_multicore_res.json,10ba6f873244b372001e74ea006e0b9efb28a9b8275f96b4279af2835ce42932,inherited_team13_success
case_091,3,5,1818751,74685440,9186769,5.051141690093916,team13,8f3837f18546a015cb75ac992e870e51f48659c1,A题研究/直接迭代/第十三轮成果/方案/p3/n5/case_091_multicore_res.json,方案/p3/n5/case_091_multicore_res.json,19338df329a5f5b9f3ea1119a3e5af0186be942e2ce9a78195a5c31162351411,inherited_team13_success
case_092,1,1,4912704,71983424,4815554,0.9802247397767095,team13,8f3837f18546a015cb75ac992e870e51f48659c1,A题研究/直接迭代/第十三轮成果/方案/p1/n1/case_092_multicore_res.json,方案/p1/n1/case_092_multicore_res.json,a221ce97d1047dfbdf601d359890113411976c59ade8434144f8449aa125146c,inherited_team13_success
case_092,1,2,2821724,131186400,4815554,1.7065999367762403,team13,8f3837f18546a015cb75ac992e870e51f48659c1,A题研究/直接迭代/第十三轮成果/方案/p1/n2/case_092_multicore_res.json,方案/p1/n2/case_092_multicore_res.json,9e2c07b1affc652d66b41f003fd8a5712d006473ba31a0bae77e7db7bcfd746b,inherited_team13_success
case_092,1,3,2231804,66784736,4815554,2.157695747476033,team13,8f3837f18546a015cb75ac992e870e51f48659c1,A题研究/直接迭代/第十三轮成果/方案/p1/n3/case_092_multicore_res.json,方案/p1/n3/case_092_multicore_res.json,858e8829764a5553d7abbc9460b18fe8a8d54607de0fe36505e971a06a322ef5,inherited_team13_success
case_092,1,4,1927728,67180384,4815554,2.4980464048869964,team13,8f3837f18546a015cb75ac992e870e51f48659c1,A题研究/直接迭代/第十三轮成果/方案/p1/n4/case_092_multicore_res.json,方案/p1/n4/case_092_multicore_res.json,f1470057fc8d0f1b2626de94780d071d34dc46a0d4e537e79da27549015409c1,inherited_team13_success
case_092,1,5,1618214,69058400,4815554,2.975844974768479,team13,8f3837f18546a015cb75ac992e870e51f48659c1,A题研究/直接迭代/第十三轮成果/方案/p1/n5/case_092_multicore_res.json,方案/p1/n5/case_092_multicore_res.json,338c6033cb3735c5f90a27bd7906355627b5201156fae8fc5675c7cb89c39206,inherited_team13_success
case_092,2,1,4815554,66000096,4815554,1.0,team13,8f3837f18546a015cb75ac992e870e51f48659c1,A题研究/直接迭代/第十三轮成果/方案/p2/n1/case_092_multicore_res.json,方案/p2/n1/case_092_multicore_res.json,d9f0ba6365e658c0abca1a55603f57f7f80bf118d3df772fde845ac231f9f3e8,inherited_team13_success
case_092,2,2,2126364,19020384,4815554,2.2646893946662003,team13,8f3837f18546a015cb75ac992e870e51f48659c1,A题研究/直接迭代/第十三轮成果/方案/p2/n2/case_092_multicore_res.json,方案/p2/n2/case_092_multicore_res.json,4b2803f9455154de35675e31746d0a94b53ca26628dff74cb7ecd217411f819f,inherited_team13_success
case_092,2,3,1357066,10514624,4815554,3.548503904747448,team13,8f3837f18546a015cb75ac992e870e51f48659c1,A题研究/直接迭代/第十三轮成果/方案/p2/n3/case_092_multicore_res.json,方案/p2/n3/case_092_multicore_res.json,2c71e442aae659005c2f7fbda2ea6687ae9901284f495c5f91a03ef8cd9d4794,inherited_team13_success
case_092,2,4,1122381,39622432,4815554,4.290480683475575,team13,8f3837f18546a015cb75ac992e870e51f48659c1,A题研究/直接迭代/第十三轮成果/方案/p2/n4/case_092_multicore_res.json,方案/p2/n4/case_092_multicore_res.json,8db3bfbb39d36f06cc1b8150f261531958b348353f3f7bcf9c8088f89d90cf7f,inherited_team13_success
case_092,2,5,786613,4327808,4815554,6.121884586194228,team13,8f3837f18546a015cb75ac992e870e51f48659c1,A题研究/直接迭代/第十三轮成果/方案/p2/n5/case_092_multicore_res.json,方案/p2/n5/case_092_multicore_res.json,812f5a2739c29fb6ddc567ce735cea19035d7eb21380d398060d95f6aeccd51e,inherited_team13_success
case_092,3,1,4333631,66000096,4815554,1.111205361047122,team13,8f3837f18546a015cb75ac992e870e51f48659c1,A题研究/直接迭代/第十三轮成果/方案/p3/n1/case_092_multicore_res.json,方案/p3/n1/case_092_multicore_res.json,d9f0ba6365e658c0abca1a55603f57f7f80bf118d3df772fde845ac231f9f3e8,inherited_team13_success
case_092,3,2,2126411,19020384,4815554,2.264639338302896,team13,8f3837f18546a015cb75ac992e870e51f48659c1,A题研究/直接迭代/第十三轮成果/方案/p3/n2/case_092_multicore_res.json,方案/p3/n2/case_092_multicore_res.json,4b2803f9455154de35675e31746d0a94b53ca26628dff74cb7ecd217411f819f,inherited_team13_success
case_092,3,3,1348155,10514624,4815554,3.571958713946097,team13,8f3837f18546a015cb75ac992e870e51f48659c1,A题研究/直接迭代/第十三轮成果/方案/p3/n3/case_092_multicore_res.json,方案/p3/n3/case_092_multicore_res.json,2c71e442aae659005c2f7fbda2ea6687ae9901284f495c5f91a03ef8cd9d4794,inherited_team13_success
case_092,3,4,1121490,39622432,4815554,4.293889379307885,team13,8f3837f18546a015cb75ac992e870e51f48659c1,A题研究/直接迭代/第十三轮成果/方案/p3/n4/case_092_multicore_res.json,方案/p3/n4/case_092_multicore_res.json,8db3bfbb39d36f06cc1b8150f261531958b348353f3f7bcf9c8088f89d90cf7f,inherited_team13_success
case_092,3,5,774426,4327808,4815554,6.21822356170893,team13,8f3837f18546a015cb75ac992e870e51f48659c1,A题研究/直接迭代/第十三轮成果/方案/p3/n5/case_092_multicore_res.json,方案/p3/n5/case_092_multicore_res.json,812f5a2739c29fb6ddc567ce735cea19035d7eb21380d398060d95f6aeccd51e,inherited_team13_success
case_093,1,1,74205,0,74205,1.0,team13,8f3837f18546a015cb75ac992e870e51f48659c1,A题研究/直接迭代/第十三轮成果/方案/p1/n1/case_093_multicore_res.json,方案/p1/n1/case_093_multicore_res.json,87c8f4c2bc33d743b17bcd07995475d159c0808dacae7920d0178f775bde571c,inherited_team13_success
case_093,1,2,37827,8192,74205,1.9616940280751844,team13,8f3837f18546a015cb75ac992e870e51f48659c1,A题研究/直接迭代/第十三轮成果/方案/p1/n2/case_093_multicore_res.json,方案/p1/n2/case_093_multicore_res.json,339a5efc1543d40eecb3591fc04eb8afb66d16e8f88fe412b384ac706cd14a1e,inherited_team13_success
case_093,1,3,25103,16384,74205,2.956021192686133,team13,8f3837f18546a015cb75ac992e870e51f48659c1,A题研究/直接迭代/第十三轮成果/方案/p1/n3/case_093_multicore_res.json,方案/p1/n3/case_093_multicore_res.json,6f1efd69145bca81a5223c8e47ab10d4fb8f9339a2eadee47aea2601efb29755,inherited_team13_success
case_093,1,4,19779,24576,74205,3.751706355225239,team13,8f3837f18546a015cb75ac992e870e51f48659c1,A题研究/直接迭代/第十三轮成果/方案/p1/n4/case_093_multicore_res.json,方案/p1/n4/case_093_multicore_res.json,27db271be3c8ab3ae2906110002bd962726e7a013206ab2dd7655d986413d13c,inherited_team13_success
case_093,1,5,15876,32768,74205,4.674036281179139,team13,8f3837f18546a015cb75ac992e870e51f48659c1,A题研究/直接迭代/第十三轮成果/方案/p1/n5/case_093_multicore_res.json,方案/p1/n5/case_093_multicore_res.json,37f84ac73f276a8bd248823c582d73525cbaa292be0a0043b979bfc55c2e112a,inherited_team13_success
case_093,2,1,74205,0,74205,1.0,team13,8f3837f18546a015cb75ac992e870e51f48659c1,A题研究/直接迭代/第十三轮成果/方案/p2/n1/case_093_multicore_res.json,方案/p2/n1/case_093_multicore_res.json,87c8f4c2bc33d743b17bcd07995475d159c0808dacae7920d0178f775bde571c,inherited_team13_success
case_093,2,2,37559,12288,74205,1.9756915785830294,team13,8f3837f18546a015cb75ac992e870e51f48659c1,A题研究/直接迭代/第十三轮成果/方案/p2/n2/case_093_multicore_res.json,方案/p2/n2/case_093_multicore_res.json,52a807164efbc2d783b36fa4c6a55c35018ba101e1f82463f16f55e86ce6dd2f,inherited_team13_success
case_093,2,3,25103,16384,74205,2.956021192686133,team13,8f3837f18546a015cb75ac992e870e51f48659c1,A题研究/直接迭代/第十三轮成果/方案/p2/n3/case_093_multicore_res.json,方案/p2/n3/case_093_multicore_res.json,6f1efd69145bca81a5223c8e47ab10d4fb8f9339a2eadee47aea2601efb29755,inherited_team13_success
case_093,2,4,19546,28672,74205,3.796428936866878,team13,8f3837f18546a015cb75ac992e870e51f48659c1,A题研究/直接迭代/第十三轮成果/方案/p2/n4/case_093_multicore_res.json,方案/p2/n4/case_093_multicore_res.json,14d6e15bbe12aab2151fcb6e0d1574119862f64f1d4decd5eb3ab09727472d91,inherited_team13_success
case_093,2,5,15630,32768,74205,4.747600767754319,team13,8f3837f18546a015cb75ac992e870e51f48659c1,A题研究/直接迭代/第十三轮成果/方案/p2/n5/case_093_multicore_res.json,方案/p2/n5/case_093_multicore_res.json,0c4cfb67aa1d454f8b52227073e9a4415f09b4f4745686100b7c04f43fd2dec5,inherited_team13_success
case_093,3,1,74205,0,74205,1.0,team13,8f3837f18546a015cb75ac992e870e51f48659c1,A题研究/直接迭代/第十三轮成果/方案/p3/n1/case_093_multicore_res.json,方案/p3/n1/case_093_multicore_res.json,87c8f4c2bc33d743b17bcd07995475d159c0808dacae7920d0178f775bde571c,inherited_team13_success
case_093,3,2,37559,12288,74205,1.9756915785830294,team13,8f3837f18546a015cb75ac992e870e51f48659c1,A题研究/直接迭代/第十三轮成果/方案/p3/n2/case_093_multicore_res.json,方案/p3/n2/case_093_multicore_res.json,52a807164efbc2d783b36fa4c6a55c35018ba101e1f82463f16f55e86ce6dd2f,inherited_team13_success
case_093,3,3,25103,16384,74205,2.956021192686133,team13,8f3837f18546a015cb75ac992e870e51f48659c1,A题研究/直接迭代/第十三轮成果/方案/p3/n3/case_093_multicore_res.json,方案/p3/n3/case_093_multicore_res.json,6f1efd69145bca81a5223c8e47ab10d4fb8f9339a2eadee47aea2601efb29755,inherited_team13_success
case_093,3,4,19475,28672,74205,3.8102695763799743,team13,8f3837f18546a015cb75ac992e870e51f48659c1,A题研究/直接迭代/第十三轮成果/方案/p3/n4/case_093_multicore_res.json,方案/p3/n4/case_093_multicore_res.json,b7762378ed64fef43929d18ee20721b4d11cc64cec6975f96b5804d7f3668637,inherited_team13_success
case_093,3,5,15630,32768,74205,4.747600767754319,team13,8f3837f18546a015cb75ac992e870e51f48659c1,A题研究/直接迭代/第十三轮成果/方案/p3/n5/case_093_multicore_res.json,方案/p3/n5/case_093_multicore_res.json,0c4cfb67aa1d454f8b52227073e9a4415f09b4f4745686100b7c04f43fd2dec5,inherited_team13_success
case_094,1,1,94892,0,94892,1.0,team13,8f3837f18546a015cb75ac992e870e51f48659c1,A题研究/直接迭代/第十三轮成果/方案/p1/n1/case_094_multicore_res.json,方案/p1/n1/case_094_multicore_res.json,6c3d9c135e2609fd2c0c12299d289bc261b79c5ebbcf5e66fc85870e5a44676b,inherited_team13_success
case_094,1,2,44002,170784,94892,2.1565383391664015,team13,8f3837f18546a015cb75ac992e870e51f48659c1,A题研究/直接迭代/第十三轮成果/方案/p1/n2/case_094_multicore_res.json,方案/p1/n2/case_094_multicore_res.json,120db3eb0f6d3ee906fe3ead2dc9d8a50cb23be2bad6cfd3014f27953357f9bf,inherited_team13_success
case_094,1,3,35671,221472,94892,2.6602001625970675,team13,8f3837f18546a015cb75ac992e870e51f48659c1,A题研究/直接迭代/第十三轮成果/方案/p1/n3/case_094_multicore_res.json,方案/p1/n3/case_094_multicore_res.json,66d9f983a28625aae22233315f19d161d8433289e7f58f71399a47f2a34bdb7c,inherited_team13_success
case_094,1,4,23422,318816,94892,4.051404662283323,team13,8f3837f18546a015cb75ac992e870e51f48659c1,A题研究/直接迭代/第十三轮成果/方案/p1/n4/case_094_multicore_res.json,方案/p1/n4/case_094_multicore_res.json,50abe349cbfcf93d1ab66402548e73831f63ca7a846770cce023a36143a95ff7,inherited_team13_success
case_094,1,5,20730,408800,94892,4.577520501688374,joint_panel_strong,2362dd73dd4be460e35ce9302e0521f0934e5de6,/home/konglingrui/.mathmodel/questionA/统一算法迭代/A题研究/直接迭代/联合整合_20260926/同预算对照/slots/development/case_094/p1_n5/strong/summary.json,方案/p1/n5/case_094_multicore_res.json,53db4bad337ae3f0c28c24bbf979a02b63f603713bf3e72e650993acd9711aba,fresh_panel_winner_replay
case_094,2,1,94892,0,94892,1.0,team13,8f3837f18546a015cb75ac992e870e51f48659c1,A题研究/直接迭代/第十三轮成果/方案/p2/n1/case_094_multicore_res.json,方案/p2/n1/case_094_multicore_res.json,3047fd25763a2d23a744ac2ff28b1e5f4c914c08dcc85f6706564142f0afb3ac,inherited_team13_success
case_094,2,2,42158,106272,94892,2.250865790597277,team13,8f3837f18546a015cb75ac992e870e51f48659c1,A题研究/直接迭代/第十三轮成果/方案/p2/n2/case_094_multicore_res.json,方案/p2/n2/case_094_multicore_res.json,bb8f0cc65d273885472697917b5d4fe58c5323ac05904348274678f22c24c3c5,inherited_team13_success
case_094,2,3,25046,212544,94892,3.7887087758524314,team13,8f3837f18546a015cb75ac992e870e51f48659c1,A题研究/直接迭代/第十三轮成果/方案/p2/n3/case_094_multicore_res.json,方案/p2/n3/case_094_multicore_res.json,22d74520a692b2e25a3b46751091773bf413ccf9811c06af34662140a537f17a,inherited_team13_success
case_094,2,4,21760,318816,94892,4.360845588235295,team13,8f3837f18546a015cb75ac992e870e51f48659c1,A题研究/直接迭代/第十三轮成果/方案/p2/n4/case_094_multicore_res.json,方案/p2/n4/case_094_multicore_res.json,fc9f12ad129842c05730d0a4648258aeb0b79cd720ee5bc0dd9d3bbff7a5ac76,inherited_team13_success
case_094,2,5,17465,259200,94892,5.433266533066132,team13,8f3837f18546a015cb75ac992e870e51f48659c1,A题研究/直接迭代/第十三轮成果/方案/p2/n5/case_094_multicore_res.json,方案/p2/n5/case_094_multicore_res.json,79985c6dd1c1792cbc5d10e9823e97f7129cb8748881bdcc5ea862edc41ff6f5,inherited_team13_success
case_094,3,1,94892,0,94892,1.0,team13,8f3837f18546a015cb75ac992e870e51f48659c1,A题研究/直接迭代/第十三轮成果/方案/p3/n1/case_094_multicore_res.json,方案/p3/n1/case_094_multicore_res.json,3047fd25763a2d23a744ac2ff28b1e5f4c914c08dcc85f6706564142f0afb3ac,inherited_team13_success
case_094,3,2,41343,106272,94892,2.29523740415548,team13,8f3837f18546a015cb75ac992e870e51f48659c1,A题研究/直接迭代/第十三轮成果/方案/p3/n2/case_094_multicore_res.json,方案/p3/n2/case_094_multicore_res.json,5c6a93f2229515db089020d107b1f9107f69db730c17382036866e9a602c9f8b,inherited_team13_success
case_094,3,3,25046,212544,94892,3.7887087758524314,team13,8f3837f18546a015cb75ac992e870e51f48659c1,A题研究/直接迭代/第十三轮成果/方案/p3/n3/case_094_multicore_res.json,方案/p3/n3/case_094_multicore_res.json,22d74520a692b2e25a3b46751091773bf413ccf9811c06af34662140a537f17a,inherited_team13_success
case_094,3,4,21760,318816,94892,4.360845588235295,team13,8f3837f18546a015cb75ac992e870e51f48659c1,A题研究/直接迭代/第十三轮成果/方案/p3/n4/case_094_multicore_res.json,方案/p3/n4/case_094_multicore_res.json,fc9f12ad129842c05730d0a4648258aeb0b79cd720ee5bc0dd9d3bbff7a5ac76,inherited_team13_success
case_094,3,5,16243,259200,94892,5.842024256602844,team13,8f3837f18546a015cb75ac992e870e51f48659c1,A题研究/直接迭代/第十三轮成果/方案/p3/n5/case_094_multicore_res.json,方案/p3/n5/case_094_multicore_res.json,79985c6dd1c1792cbc5d10e9823e97f7129cb8748881bdcc5ea862edc41ff6f5,inherited_team13_success
case_095,1,1,2086080,0,2084853,0.9994118154624942,team13,8f3837f18546a015cb75ac992e870e51f48659c1,A题研究/直接迭代/第十三轮成果/方案/p1/n1/case_095_multicore_res.json,方案/p1/n1/case_095_multicore_res.json,c21824fdab10d8527f1e99a4dc95e84dc0597b984c58b5c0197a74829793a52f,inherited_team13_success
case_095,1,2,1042860,73728,2084853,1.9991686324147058,team13,8f3837f18546a015cb75ac992e870e51f48659c1,A题研究/直接迭代/第十三轮成果/方案/p1/n2/case_095_multicore_res.json,方案/p1/n2/case_095_multicore_res.json,5776d78c1022ee88c6e480563cf39a7ba97c1e1967c60edd2e4da9df2221b861,inherited_team13_success
case_095,1,3,695775,0,2084853,2.9964471273040854,team13,8f3837f18546a015cb75ac992e870e51f48659c1,A题研究/直接迭代/第十三轮成果/方案/p1/n3/case_095_multicore_res.json,方案/p1/n3/case_095_multicore_res.json,79b96a3fb6ad532e0aa33fdf0dc65c6f5481fe63319eb7aa03bb95e218665c59,inherited_team13_success
case_095,1,4,524422,0,2084853,3.9755254356224565,team13,8f3837f18546a015cb75ac992e870e51f48659c1,A题研究/直接迭代/第十三轮成果/方案/p1/n4/case_095_multicore_res.json,方案/p1/n4/case_095_multicore_res.json,e115b12b1edb55b70d73b6f65f38c33b702bdd199a475406dcead00fc7f159ae,inherited_team13_success
case_095,1,5,420852,0,2084853,4.953886401870491,team13,8f3837f18546a015cb75ac992e870e51f48659c1,A题研究/直接迭代/第十三轮成果/方案/p1/n5/case_095_multicore_res.json,方案/p1/n5/case_095_multicore_res.json,4135806b80707120b0298977fe1bec78a6e9ebd84fb66339d3099a8e211945a4,inherited_team13_success
case_095,2,1,2084853,0,2084853,1.0,team13,8f3837f18546a015cb75ac992e870e51f48659c1,A题研究/直接迭代/第十三轮成果/方案/p2/n1/case_095_multicore_res.json,方案/p2/n1/case_095_multicore_res.json,d7026c0e64c19daa6b79e5a24528655e0607994d4ac319f407cf7c988f734a54,inherited_team13_success
case_095,2,2,539178,0,2084853,3.866724903464162,joint_panel_strong,2362dd73dd4be460e35ce9302e0521f0934e5de6,/home/konglingrui/.mathmodel/questionA/统一算法迭代/A题研究/直接迭代/联合整合_20260926/同预算对照/slots/lowcore/case_095/p2_n2/strong/summary.json,方案/p2/n2/case_095_multicore_res.json,9682b4cc7b86c802929f0e8fcfd017b5f45478839bd91dc1358dc8aa4529357b,fresh_panel_winner_replay
case_095,2,3,361155,0,2084853,5.772737467292437,joint_panel_joint,2362dd73dd4be460e35ce9302e0521f0934e5de6,/home/konglingrui/.mathmodel/questionA/统一算法迭代/A题研究/直接迭代/联合整合_20260926/同预算对照/slots/lowcore/case_095/p2_n3/joint/summary.json,方案/p2/n3/case_095_multicore_res.json,27f567e79ee38444dba6c013084a6b6c343a1831a9b42c2f4e1f98d22dffdb7f,fresh_panel_winner_replay
case_095,2,4,273250,0,2084853,7.62983714547118,joint_panel_joint,2362dd73dd4be460e35ce9302e0521f0934e5de6,/home/konglingrui/.mathmodel/questionA/统一算法迭代/A题研究/直接迭代/联合整合_20260926/同预算对照/slots/lowcore/case_095/p2_n4/joint/summary.json,方案/p2/n4/case_095_multicore_res.json,185454a324d49b6025115968fd8323b4a8357b756ff01018f17eb63eaae182b8,fresh_panel_winner_replay
case_095,2,5,220188,0,2084853,9.468513270477954,team13,8f3837f18546a015cb75ac992e870e51f48659c1,A题研究/直接迭代/第十三轮成果/方案/p2/n5/case_095_multicore_res.json,方案/p2/n5/case_095_multicore_res.json,51f798d4c5e9bdad79964b2049ab3a8fb50a166ef79fc04747291d0797b1d982,inherited_team13_success
case_095,3,1,2084853,0,2084853,1.0,team13,8f3837f18546a015cb75ac992e870e51f48659c1,A题研究/直接迭代/第十三轮成果/方案/p3/n1/case_095_multicore_res.json,方案/p3/n1/case_095_multicore_res.json,d7026c0e64c19daa6b79e5a24528655e0607994d4ac319f407cf7c988f734a54,inherited_team13_success
case_095,3,2,539178,0,2084853,3.866724903464162,joint_panel_strong,2362dd73dd4be460e35ce9302e0521f0934e5de6,/home/konglingrui/.mathmodel/questionA/统一算法迭代/A题研究/直接迭代/联合整合_20260926/同预算对照/slots/lowcore/case_095/p3_n2/strong/summary.json,方案/p3/n2/case_095_multicore_res.json,9682b4cc7b86c802929f0e8fcfd017b5f45478839bd91dc1358dc8aa4529357b,fresh_panel_winner_replay
case_095,3,3,361155,0,2084853,5.772737467292437,joint_panel_strong,2362dd73dd4be460e35ce9302e0521f0934e5de6,/home/konglingrui/.mathmodel/questionA/统一算法迭代/A题研究/直接迭代/联合整合_20260926/同预算对照/slots/lowcore/case_095/p3_n3/strong/summary.json,方案/p3/n3/case_095_multicore_res.json,27f567e79ee38444dba6c013084a6b6c343a1831a9b42c2f4e1f98d22dffdb7f,fresh_panel_winner_replay
case_095,3,4,273250,0,2084853,7.62983714547118,joint_panel_strong,2362dd73dd4be460e35ce9302e0521f0934e5de6,/home/konglingrui/.mathmodel/questionA/统一算法迭代/A题研究/直接迭代/联合整合_20260926/同预算对照/slots/lowcore/case_095/p3_n4/strong/summary.json,方案/p3/n4/case_095_multicore_res.json,185454a324d49b6025115968fd8323b4a8357b756ff01018f17eb63eaae182b8,fresh_panel_winner_replay
case_095,3,5,220188,0,2084853,9.468513270477954,team13,8f3837f18546a015cb75ac992e870e51f48659c1,A题研究/直接迭代/第十三轮成果/方案/p3/n5/case_095_multicore_res.json,方案/p3/n5/case_095_multicore_res.json,51f798d4c5e9bdad79964b2049ab3a8fb50a166ef79fc04747291d0797b1d982,inherited_team13_success
case_096,1,1,84343,65664,84194,0.9982334040762126,team13,8f3837f18546a015cb75ac992e870e51f48659c1,A题研究/直接迭代/第十三轮成果/方案/p1/n1/case_096_multicore_res.json,方案/p1/n1/case_096_multicore_res.json,9fb82c9dffb13e7c93c111a031ec3058f377214c1c0ad09e19ed8506e5525d3e,inherited_team13_success
case_096,1,2,46535,120960,84194,1.809261845922424,team13,8f3837f18546a015cb75ac992e870e51f48659c1,A题研究/直接迭代/第十三轮成果/方案/p1/n2/case_096_multicore_res.json,方案/p1/n2/case_096_multicore_res.json,88602d781546c3fcae6ecb123ea064b0fd9a79ecc4354f833f62bfbe66cda000,inherited_team13_success
case_096,1,3,33662,67392,84194,2.5011585764363375,team13,8f3837f18546a015cb75ac992e870e51f48659c1,A题研究/直接迭代/第十三轮成果/方案/p1/n3/case_096_multicore_res.json,方案/p1/n3/case_096_multicore_res.json,d122dafcb1a2bb05817b274a4d968921b439780b98c00c1d20bc8b28f9c4bbf3,inherited_team13_success
case_096,1,4,26984,78336,84194,3.120145271271865,team13,8f3837f18546a015cb75ac992e870e51f48659c1,A题研究/直接迭代/第十三轮成果/方案/p1/n4/case_096_multicore_res.json,方案/p1/n4/case_096_multicore_res.json,5553b8367020cef3c147f23e643c0320680206d1e75ee0ee306b23d0ccb49bd1,inherited_team13_success
case_096,1,5,24966,798822,84194,3.372346391091885,team13,8f3837f18546a015cb75ac992e870e51f48659c1,A题研究/直接迭代/第十三轮成果/方案/p1/n5/case_096_multicore_res.json,方案/p1/n5/case_096_multicore_res.json,819859fbfd870a01c7dc2dc1e0bed14cc1cbf1f99d5357a63f658f32cc00e11a,inherited_team13_success
case_096,2,1,84194,0,84194,1.0,team13,8f3837f18546a015cb75ac992e870e51f48659c1,A题研究/直接迭代/第十三轮成果/方案/p2/n1/case_096_multicore_res.json,方案/p2/n1/case_096_multicore_res.json,8d3c608543955874793c1b4c66d753a5fc724a716e673fc88967c9b71fcae732,inherited_team13_success
case_096,2,2,34851,816880,84194,2.4158273794152247,team13,8f3837f18546a015cb75ac992e870e51f48659c1,A题研究/直接迭代/第十三轮成果/方案/p2/n2/case_096_multicore_res.json,方案/p2/n2/case_096_multicore_res.json,e3cb56bf307662cfee2987a96f7f21db7e6f5957c59e213cca5fcf05f3cbff62,inherited_team13_success
case_096,2,3,24231,764004,84194,3.474639924064215,team13,8f3837f18546a015cb75ac992e870e51f48659c1,A题研究/直接迭代/第十三轮成果/方案/p2/n3/case_096_multicore_res.json,方案/p2/n3/case_096_multicore_res.json,2dfd23fa32427bc1f7a709fce0c855c0294feac0662c2e81545726580eaf3066,inherited_team13_success
case_096,2,4,24231,764004,84194,3.474639924064215,team13,8f3837f18546a015cb75ac992e870e51f48659c1,A题研究/直接迭代/第十三轮成果/方案/p2/n4/case_096_multicore_res.json,方案/p2/n4/case_096_multicore_res.json,91133869c4e08fa2e2e74c7697340927159ca13c5b3a546eb593d324edc38870,inherited_team13_success
case_096,2,5,24231,764004,84194,3.474639924064215,team13,8f3837f18546a015cb75ac992e870e51f48659c1,A题研究/直接迭代/第十三轮成果/方案/p2/n5/case_096_multicore_res.json,方案/p2/n5/case_096_multicore_res.json,cab8330013f105681446483a56a01b92e053b60fdd27e740e47b5252a0dfe68a,inherited_team13_success
case_096,3,1,84194,0,84194,1.0,team13,8f3837f18546a015cb75ac992e870e51f48659c1,A题研究/直接迭代/第十三轮成果/方案/p3/n1/case_096_multicore_res.json,方案/p3/n1/case_096_multicore_res.json,8d3c608543955874793c1b4c66d753a5fc724a716e673fc88967c9b71fcae732,inherited_team13_success
case_096,3,2,34370,816880,84194,2.449636310736107,team13,8f3837f18546a015cb75ac992e870e51f48659c1,A题研究/直接迭代/第十三轮成果/方案/p3/n2/case_096_multicore_res.json,方案/p3/n2/case_096_multicore_res.json,e3cb56bf307662cfee2987a96f7f21db7e6f5957c59e213cca5fcf05f3cbff62,inherited_team13_success
case_096,3,3,24072,764004,84194,3.497590561648388,team13,8f3837f18546a015cb75ac992e870e51f48659c1,A题研究/直接迭代/第十三轮成果/方案/p3/n3/case_096_multicore_res.json,方案/p3/n3/case_096_multicore_res.json,2dfd23fa32427bc1f7a709fce0c855c0294feac0662c2e81545726580eaf3066,inherited_team13_success
case_096,3,4,24072,764004,84194,3.497590561648388,team13,8f3837f18546a015cb75ac992e870e51f48659c1,A题研究/直接迭代/第十三轮成果/方案/p3/n4/case_096_multicore_res.json,方案/p3/n4/case_096_multicore_res.json,91133869c4e08fa2e2e74c7697340927159ca13c5b3a546eb593d324edc38870,inherited_team13_success
case_096,3,5,21779,235312,84194,3.8658340603333485,ours,238aafecf447488e1397467ddebe4d994477c899,新增精选方案/p3/n5/case_096_multicore_res.json,方案/p3/n5/case_096_multicore_res.json,cd9d96f69dca9e556c5bdc86fd2660991a2b1414578498214ed1b9988234b0d2,fresh_import_replay
case_097,1,1,11215101,12988416,11491509,1.024646055349836,team13,8f3837f18546a015cb75ac992e870e51f48659c1,A题研究/直接迭代/第十三轮成果/方案/p1/n1/case_097_multicore_res.json,方案/p1/n1/case_097_multicore_res.json,f9e11ac229decb1fd0514d2a3b3ff49cfbfdaa2ba346040a57bd9a81d922dba3,inherited_team13_success
case_097,1,2,5156692,11927552,11491509,2.2284652641654765,team13,8f3837f18546a015cb75ac992e870e51f48659c1,A题研究/直接迭代/第十三轮成果/方案/p1/n2/case_097_multicore_res.json,方案/p1/n2/case_097_multicore_res.json,27c3280e9bce93a7496debe699ca2ebd328a4e0460b9ae3e16fb4ba22a22d90f,inherited_team13_success
case_097,1,3,3577028,29818880,11491509,3.2125856996366817,team13,8f3837f18546a015cb75ac992e870e51f48659c1,A题研究/直接迭代/第十三轮成果/方案/p1/n3/case_097_multicore_res.json,方案/p1/n3/case_097_multicore_res.json,8796f77bf5213cb08d9da13da75c10c106af74375c6d3ab0d411b695c57f3be1,inherited_team13_success
case_097,1,4,2579804,11927552,11491509,4.454411652978289,team13,8f3837f18546a015cb75ac992e870e51f48659c1,A题研究/直接迭代/第十三轮成果/方案/p1/n4/case_097_multicore_res.json,方案/p1/n4/case_097_multicore_res.json,ff19c4c9b5ec672ed3db260b0b5b09f6c0a09e2bc0d3bbdeccc154e5bded1398,inherited_team13_success
case_097,1,5,2102348,21311488,11491509,5.466035594487687,team13,8f3837f18546a015cb75ac992e870e51f48659c1,A题研究/直接迭代/第十三轮成果/方案/p1/n5/case_097_multicore_res.json,方案/p1/n5/case_097_multicore_res.json,6b3e021d6953c18134b26ef4344b4c9709e4e8fb248ec3fc3c5c10fff22de702,inherited_team13_success
case_097,2,1,11491509,10584064,11491509,1.0,team13,8f3837f18546a015cb75ac992e870e51f48659c1,A题研究/直接迭代/第十三轮成果/方案/p2/n1/case_097_multicore_res.json,方案/p2/n1/case_097_multicore_res.json,978c51fa31db752702a8f548b865ace2b6968b239d47bbe075f0a18fc89aa60c,inherited_team13_success
case_097,2,2,5601821,11821056,11491509,2.0513881111160104,team13,8f3837f18546a015cb75ac992e870e51f48659c1,A题研究/直接迭代/第十三轮成果/方案/p2/n2/case_097_multicore_res.json,方案/p2/n2/case_097_multicore_res.json,6a13ef92fcbeb1fb54afef7c0add655919630e3a454b6d05f2f0d58230b13565,inherited_team13_success
case_097,2,3,3651847,16058368,11491509,3.146766280186437,team13,8f3837f18546a015cb75ac992e870e51f48659c1,A题研究/直接迭代/第十三轮成果/方案/p2/n3/case_097_multicore_res.json,方案/p2/n3/case_097_multicore_res.json,fc78101663f4349798bb69b56ceeedfffda8c98fc31f2a58da538a2af1ea30b9,inherited_team13_success
case_097,2,4,2624984,14254080,11491509,4.3777443976801385,team13,8f3837f18546a015cb75ac992e870e51f48659c1,A题研究/直接迭代/第十三轮成果/方案/p2/n4/case_097_multicore_res.json,方案/p2/n4/case_097_multicore_res.json,616512e33b0961ca0318152f33e33614c3afc7936a8e0351ecde3b06445cbb6c,inherited_team13_success
case_097,2,5,2102294,21319680,11491509,5.466175996316405,team13,8f3837f18546a015cb75ac992e870e51f48659c1,A题研究/直接迭代/第十三轮成果/方案/p2/n5/case_097_multicore_res.json,方案/p2/n5/case_097_multicore_res.json,a9b0b727c038c2eb7f405024ad2a35729426c32096cc531d9fa11a60eaf1019c,inherited_team13_success
case_097,3,1,11491509,10584064,11491509,1.0,team13,8f3837f18546a015cb75ac992e870e51f48659c1,A题研究/直接迭代/第十三轮成果/方案/p3/n1/case_097_multicore_res.json,方案/p3/n1/case_097_multicore_res.json,978c51fa31db752702a8f548b865ace2b6968b239d47bbe075f0a18fc89aa60c,inherited_team13_success
case_097,3,2,5601821,11821056,11491509,2.0513881111160104,team13,8f3837f18546a015cb75ac992e870e51f48659c1,A题研究/直接迭代/第十三轮成果/方案/p3/n2/case_097_multicore_res.json,方案/p3/n2/case_097_multicore_res.json,6a13ef92fcbeb1fb54afef7c0add655919630e3a454b6d05f2f0d58230b13565,inherited_team13_success
case_097,3,3,3651113,16058368,11491509,3.147398889051092,team13,8f3837f18546a015cb75ac992e870e51f48659c1,A题研究/直接迭代/第十三轮成果/方案/p3/n3/case_097_multicore_res.json,方案/p3/n3/case_097_multicore_res.json,fc78101663f4349798bb69b56ceeedfffda8c98fc31f2a58da538a2af1ea30b9,inherited_team13_success
case_097,3,4,2624356,14254080,11491509,4.37879197791763,team13,8f3837f18546a015cb75ac992e870e51f48659c1,A题研究/直接迭代/第十三轮成果/方案/p3/n4/case_097_multicore_res.json,方案/p3/n4/case_097_multicore_res.json,616512e33b0961ca0318152f33e33614c3afc7936a8e0351ecde3b06445cbb6c,inherited_team13_success
case_097,3,5,2101714,21319680,11491509,5.467684470865208,team13,8f3837f18546a015cb75ac992e870e51f48659c1,A题研究/直接迭代/第十三轮成果/方案/p3/n5/case_097_multicore_res.json,方案/p3/n5/case_097_multicore_res.json,a9b0b727c038c2eb7f405024ad2a35729426c32096cc531d9fa11a60eaf1019c,inherited_team13_success
case_098,1,1,177600,0,177430,0.9990427927927928,team13,8f3837f18546a015cb75ac992e870e51f48659c1,A题研究/直接迭代/第十三轮成果/方案/p1/n1/case_098_multicore_res.json,方案/p1/n1/case_098_multicore_res.json,b56a4e7811897b307037b3fee44d891522a07c9e16427ed04396617396739cf4,inherited_team13_success
case_098,1,2,89756,0,177430,1.9768037791345425,team13,8f3837f18546a015cb75ac992e870e51f48659c1,A题研究/直接迭代/第十三轮成果/方案/p1/n2/case_098_multicore_res.json,方案/p1/n2/case_098_multicore_res.json,407f021386a2a862b3cc94b91178ad8e185cb52a9c88d1fae6af3ffabce58ae5,inherited_team13_success
case_098,1,3,89756,0,177430,1.9768037791345425,team13,8f3837f18546a015cb75ac992e870e51f48659c1,A题研究/直接迭代/第十三轮成果/方案/p1/n3/case_098_multicore_res.json,方案/p1/n3/case_098_multicore_res.json,16c3d8a86c05dfb0cccff9ea18a6fbe1752f4aeb2fca45666c8b91cf41dfc78e,inherited_team13_success
case_098,1,4,89756,0,177430,1.9768037791345425,team13,8f3837f18546a015cb75ac992e870e51f48659c1,A题研究/直接迭代/第十三轮成果/方案/p1/n4/case_098_multicore_res.json,方案/p1/n4/case_098_multicore_res.json,683cd7099f0c9e24ceb7143d481eccb56aa55c5b1d720f8f7a11f86d200a5ffe,inherited_team13_success
case_098,1,5,82199,1028624,177430,2.1585420747211037,ours,238aafecf447488e1397467ddebe4d994477c899,新增精选方案/p1/n5/case_098_multicore_res.json,方案/p1/n5/case_098_multicore_res.json,95c8e727c79e73cbc9ef35c505c652c2513cae60611d38c34a8ae5167a78670a,fresh_import_replay
case_098,2,1,177430,0,177430,1.0,team13,8f3837f18546a015cb75ac992e870e51f48659c1,A题研究/直接迭代/第十三轮成果/方案/p2/n1/case_098_multicore_res.json,方案/p2/n1/case_098_multicore_res.json,20a15138c046ace58228a2c9035ada66041ee3cfccad6223c32d421cda9b35eb,inherited_team13_success
case_098,2,2,89620,0,177430,1.9798036152644498,team13,8f3837f18546a015cb75ac992e870e51f48659c1,A题研究/直接迭代/第十三轮成果/方案/p2/n2/case_098_multicore_res.json,方案/p2/n2/case_098_multicore_res.json,9d5786238e97c04902cc752e066a802077547c6f21552ad215dcbb6ac7c3071d,inherited_team13_success
case_098,2,3,63811,1054616,177430,2.780555076710912,team13,8f3837f18546a015cb75ac992e870e51f48659c1,A题研究/直接迭代/第十三轮成果/方案/p2/n3/case_098_multicore_res.json,方案/p2/n3/case_098_multicore_res.json,f4d5e1f039a16ee2d071b976d7a96865a8f107fb0e94e0ac6a5da7e6f4895737,inherited_team13_success
case_098,2,4,63811,1054616,177430,2.780555076710912,team13,8f3837f18546a015cb75ac992e870e51f48659c1,A题研究/直接迭代/第十三轮成果/方案/p2/n4/case_098_multicore_res.json,方案/p2/n4/case_098_multicore_res.json,079bef1c9fda849d90c322cf3c2bdd9193b8134df6f694b58c08073da21080bb,inherited_team13_success
case_098,2,5,45597,858868,177430,3.891264776191416,team13,8f3837f18546a015cb75ac992e870e51f48659c1,A题研究/直接迭代/第十三轮成果/方案/p2/n5/case_098_multicore_res.json,方案/p2/n5/case_098_multicore_res.json,629925b3b17646255c5c1b57abc33c747eb9ef74463822e8acacbe9ef33028ce,inherited_team13_success
case_098,3,1,177430,0,177430,1.0,team13,8f3837f18546a015cb75ac992e870e51f48659c1,A题研究/直接迭代/第十三轮成果/方案/p3/n1/case_098_multicore_res.json,方案/p3/n1/case_098_multicore_res.json,20a15138c046ace58228a2c9035ada66041ee3cfccad6223c32d421cda9b35eb,inherited_team13_success
case_098,3,2,89620,0,177430,1.9798036152644498,team13,8f3837f18546a015cb75ac992e870e51f48659c1,A题研究/直接迭代/第十三轮成果/方案/p3/n2/case_098_multicore_res.json,方案/p3/n2/case_098_multicore_res.json,9d5786238e97c04902cc752e066a802077547c6f21552ad215dcbb6ac7c3071d,inherited_team13_success
case_098,3,3,62695,1054616,177430,2.8300502432410877,team13,8f3837f18546a015cb75ac992e870e51f48659c1,A题研究/直接迭代/第十三轮成果/方案/p3/n3/case_098_multicore_res.json,方案/p3/n3/case_098_multicore_res.json,f4d5e1f039a16ee2d071b976d7a96865a8f107fb0e94e0ac6a5da7e6f4895737,inherited_team13_success
case_098,3,4,62695,1054616,177430,2.8300502432410877,team13,8f3837f18546a015cb75ac992e870e51f48659c1,A题研究/直接迭代/第十三轮成果/方案/p3/n4/case_098_multicore_res.json,方案/p3/n4/case_098_multicore_res.json,079bef1c9fda849d90c322cf3c2bdd9193b8134df6f694b58c08073da21080bb,inherited_team13_success
case_098,3,5,44288,875252,177430,4.006277095375722,team13,8f3837f18546a015cb75ac992e870e51f48659c1,A题研究/直接迭代/第十三轮成果/方案/p3/n5/case_098_multicore_res.json,方案/p3/n5/case_098_multicore_res.json,36708cd785ebfbf4fdb4d7aa13c7bdec660d79d190fa2dcebf419391e6fb9d35,inherited_team13_success
case_099,1,1,1611716,7073792,1622999,1.0070006130112252,team13,8f3837f18546a015cb75ac992e870e51f48659c1,A题研究/直接迭代/第十三轮成果/方案/p1/n1/case_099_multicore_res.json,方案/p1/n1/case_099_multicore_res.json,e8ec6fee1ba3a56bdcc7208bb8a4ff831c1cde2b438b23d578ce8ba173127d07,inherited_team13_success
case_099,1,2,807246,8232960,1622999,2.0105382993536045,team13,8f3837f18546a015cb75ac992e870e51f48659c1,A题研究/直接迭代/第十三轮成果/方案/p1/n2/case_099_multicore_res.json,方案/p1/n2/case_099_multicore_res.json,4a91560962e3e2bcf957fb692ac6e813308936dc81d9b1aa37af80daad5908dc,inherited_team13_success
case_099,1,3,537682,9621504,1622999,3.018510941411466,team13,8f3837f18546a015cb75ac992e870e51f48659c1,A题研究/直接迭代/第十三轮成果/方案/p1/n3/case_099_multicore_res.json,方案/p1/n3/case_099_multicore_res.json,a28ae260550c9adad1a7b40d54f7482b6c618d5e7502273939dc1be686879f00,inherited_team13_success
case_099,1,4,405655,9764864,1622999,4.000934291454561,team13,8f3837f18546a015cb75ac992e870e51f48659c1,A题研究/直接迭代/第十三轮成果/方案/p1/n4/case_099_multicore_res.json,方案/p1/n4/case_099_multicore_res.json,897e8ec4c7b4bbb49b57ca20851d6c29bc6c68777110836bc76ee0f077607d06,inherited_team13_success
case_099,1,5,331480,8609792,1622999,4.89621998310607,joint_panel_joint,2362dd73dd4be460e35ce9302e0521f0934e5de6,/home/konglingrui/.mathmodel/questionA/统一算法迭代/A题研究/直接迭代/联合整合_20260926/同预算对照/slots/validation/case_099/p1_n5/joint/summary.json,方案/p1/n5/case_099_multicore_res.json,84f193a08bf9ea3e020d3799da52249d5a10b0d56e6167fb70f61e76d582d525,fresh_panel_winner_replay
case_099,2,1,1622999,5484544,1622999,1.0,team13,8f3837f18546a015cb75ac992e870e51f48659c1,A题研究/直接迭代/第十三轮成果/方案/p2/n1/case_099_multicore_res.json,方案/p2/n1/case_099_multicore_res.json,d271f2c2b717c2476ebfdd1baa2b75f59bd044c119c51cb2715286ce69921e0f,inherited_team13_success
case_099,2,2,809444,3375104,1622999,2.0050787948270665,team13,8f3837f18546a015cb75ac992e870e51f48659c1,A题研究/直接迭代/第十三轮成果/方案/p2/n2/case_099_multicore_res.json,方案/p2/n2/case_099_multicore_res.json,13c4f53ddfdffd8e17edb1d35120ec7fcb43620b2559465c6c259388114bf903,inherited_team13_success
case_099,2,3,539401,8294400,1622999,3.0088913442874596,team13,8f3837f18546a015cb75ac992e870e51f48659c1,A题研究/直接迭代/第十三轮成果/方案/p2/n3/case_099_multicore_res.json,方案/p2/n3/case_099_multicore_res.json,a28ae260550c9adad1a7b40d54f7482b6c618d5e7502273939dc1be686879f00,inherited_team13_success
case_099,2,4,405317,9764864,1622999,4.00427073130414,team13,8f3837f18546a015cb75ac992e870e51f48659c1,A题研究/直接迭代/第十三轮成果/方案/p2/n4/case_099_multicore_res.json,方案/p2/n4/case_099_multicore_res.json,d183f976b4d88162ecc7207ca69f33f3ed89e251699403b11496398e36fed9b2,inherited_team13_success
case_099,2,5,327678,9375744,1622999,4.953030108826348,joint_panel_strong,2362dd73dd4be460e35ce9302e0521f0934e5de6,/home/konglingrui/.mathmodel/questionA/统一算法迭代/A题研究/直接迭代/联合整合_20260926/同预算对照/slots/validation/case_099/p2_n5/strong/summary.json,方案/p2/n5/case_099_multicore_res.json,b3eb2f0974ce227e89b3d227a4f698411bc21b9075542cb648a7b6d7f7d51b06,fresh_panel_winner_replay
case_099,3,1,1618902,5484544,1622999,1.002530727616619,team13,8f3837f18546a015cb75ac992e870e51f48659c1,A题研究/直接迭代/第十三轮成果/方案/p3/n1/case_099_multicore_res.json,方案/p3/n1/case_099_multicore_res.json,d271f2c2b717c2476ebfdd1baa2b75f59bd044c119c51cb2715286ce69921e0f,inherited_team13_success
case_099,3,2,806972,7319552,1622999,2.0112209593393575,team13,8f3837f18546a015cb75ac992e870e51f48659c1,A题研究/直接迭代/第十三轮成果/方案/p3/n2/case_099_multicore_res.json,方案/p3/n2/case_099_multicore_res.json,f26030e4d41d1728776ee76dc33163e1499ac8e043f0a76c7e06866cc3e890fd,inherited_team13_success
case_099,3,3,538579,8294400,1622999,3.0134836300709833,team13,8f3837f18546a015cb75ac992e870e51f48659c1,A题研究/直接迭代/第十三轮成果/方案/p3/n3/case_099_multicore_res.json,方案/p3/n3/case_099_multicore_res.json,a28ae260550c9adad1a7b40d54f7482b6c618d5e7502273939dc1be686879f00,inherited_team13_success
case_099,3,4,403402,9764864,1622999,4.0232795077862775,team13,8f3837f18546a015cb75ac992e870e51f48659c1,A题研究/直接迭代/第十三轮成果/方案/p3/n4/case_099_multicore_res.json,方案/p3/n4/case_099_multicore_res.json,d183f976b4d88162ecc7207ca69f33f3ed89e251699403b11496398e36fed9b2,inherited_team13_success
case_099,3,5,322542,10719232,1622999,5.031899721586646,joint_panel_strong,2362dd73dd4be460e35ce9302e0521f0934e5de6,/home/konglingrui/.mathmodel/questionA/统一算法迭代/A题研究/直接迭代/联合整合_20260926/同预算对照/slots/validation/case_099/p3_n5/strong/summary.json,方案/p3/n5/case_099_multicore_res.json,04dbaa76d29fbfb34172d91656867b8c46a21d5a638fa4e1f9a2eeac58ff67f4,fresh_panel_winner_replay
case_100,1,1,151461,0,151223,0.9984286383953626,team13,8f3837f18546a015cb75ac992e870e51f48659c1,A题研究/直接迭代/第十三轮成果/方案/p1/n1/case_100_multicore_res.json,方案/p1/n1/case_100_multicore_res.json,3d88d24397c5926233f24562b2ad6479827a4475e5968c383f139ef9bacefc95,inherited_team13_success
case_100,1,2,82475,534528,151223,1.8335616853591998,team13,8f3837f18546a015cb75ac992e870e51f48659c1,A题研究/直接迭代/第十三轮成果/方案/p1/n2/case_100_multicore_res.json,方案/p1/n2/case_100_multicore_res.json,add3261c1b9616b3ebca9c879db3ac345246a4b6b242bed93d6633f0b937c8b5,inherited_team13_success
case_100,1,3,57811,72192,151223,2.6158170590372074,team13,8f3837f18546a015cb75ac992e870e51f48659c1,A题研究/直接迭代/第十三轮成果/方案/p1/n3/case_100_multicore_res.json,方案/p1/n3/case_100_multicore_res.json,21dd970e3d9cc9730d65591d6f33d4038825bc5254d55d7a9e0e0afaea7d4c2b,inherited_team13_success
case_100,1,4,57811,72192,151223,2.6158170590372074,team13,8f3837f18546a015cb75ac992e870e51f48659c1,A题研究/直接迭代/第十三轮成果/方案/p1/n4/case_100_multicore_res.json,方案/p1/n4/case_100_multicore_res.json,0fe002f937615c3ad99a585b4fa343f84a4c23744aefee29050eafc548a15ce0,inherited_team13_success
case_100,1,5,57811,0,151223,2.6158170590372074,ours,238aafecf447488e1397467ddebe4d994477c899,A题研究/直接迭代/联合推进成果_20260925/方案/case_100_p1_n5.json,方案/p1/n5/case_100_multicore_res.json,d27cffb624e9544cea37875f9db8d198bb049e3fd53ad35563bab176822ebf28,fresh_import_replay
case_100,2,1,151223,0,151223,1.0,team13,8f3837f18546a015cb75ac992e870e51f48659c1,A题研究/直接迭代/第十三轮成果/方案/p2/n1/case_100_multicore_res.json,方案/p2/n1/case_100_multicore_res.json,3f657c98a55a249ea5837154b800d9ce87abd37a7b6ecb4dac59ec3ef5b81093,inherited_team13_success
case_100,2,2,80697,3197966,151223,1.873960618114676,team13,8f3837f18546a015cb75ac992e870e51f48659c1,A题研究/直接迭代/第十三轮成果/方案/p2/n2/case_100_multicore_res.json,方案/p2/n2/case_100_multicore_res.json,5068335936d9c03d00c5cc1c9a967d37c4d2fe62814c8b021fe89d167968bbe7,inherited_team13_success
case_100,2,3,57811,0,151223,2.6158170590372074,team13,8f3837f18546a015cb75ac992e870e51f48659c1,A题研究/直接迭代/第十三轮成果/方案/p2/n3/case_100_multicore_res.json,方案/p2/n3/case_100_multicore_res.json,18ea821ec521fcefe25f583b1d6031465397051cd8c1b22d54cb49d58b945445,inherited_team13_success
case_100,2,4,57811,0,151223,2.6158170590372074,team13,8f3837f18546a015cb75ac992e870e51f48659c1,A题研究/直接迭代/第十三轮成果/方案/p2/n4/case_100_multicore_res.json,方案/p2/n4/case_100_multicore_res.json,4587bc3185c865e698e2935274f320fcb5fa9dc4abf650fb7a6784e46427d1c7,inherited_team13_success
case_100,2,5,57811,0,151223,2.6158170590372074,team13,8f3837f18546a015cb75ac992e870e51f48659c1,A题研究/直接迭代/第十三轮成果/方案/p2/n5/case_100_multicore_res.json,方案/p2/n5/case_100_multicore_res.json,c649ec9f2a9e1fdcc550ac4ec2c5e82d5cfaaee4d164270061bbbe456de954a4,inherited_team13_success
case_100,3,1,151223,0,151223,1.0,team13,8f3837f18546a015cb75ac992e870e51f48659c1,A题研究/直接迭代/第十三轮成果/方案/p3/n1/case_100_multicore_res.json,方案/p3/n1/case_100_multicore_res.json,3f657c98a55a249ea5837154b800d9ce87abd37a7b6ecb4dac59ec3ef5b81093,inherited_team13_success
case_100,3,2,79693,3197966,151223,1.8975694226594557,team13,8f3837f18546a015cb75ac992e870e51f48659c1,A题研究/直接迭代/第十三轮成果/方案/p3/n2/case_100_multicore_res.json,方案/p3/n2/case_100_multicore_res.json,5068335936d9c03d00c5cc1c9a967d37c4d2fe62814c8b021fe89d167968bbe7,inherited_team13_success
case_100,3,3,57811,0,151223,2.6158170590372074,team13,8f3837f18546a015cb75ac992e870e51f48659c1,A题研究/直接迭代/第十三轮成果/方案/p3/n3/case_100_multicore_res.json,方案/p3/n3/case_100_multicore_res.json,18ea821ec521fcefe25f583b1d6031465397051cd8c1b22d54cb49d58b945445,inherited_team13_success
case_100,3,4,57811,0,151223,2.6158170590372074,team13,8f3837f18546a015cb75ac992e870e51f48659c1,A题研究/直接迭代/第十三轮成果/方案/p3/n4/case_100_multicore_res.json,方案/p3/n4/case_100_multicore_res.json,4587bc3185c865e698e2935274f320fcb5fa9dc4abf650fb7a6784e46427d1c7,inherited_team13_success
case_100,3,5,57811,0,151223,2.6158170590372074,team13,8f3837f18546a015cb75ac992e870e51f48659c1,A题研究/直接迭代/第十三轮成果/方案/p3/n5/case_100_multicore_res.json,方案/p3/n5/case_100_multicore_res.json,c649ec9f2a9e1fdcc550ac4ec2c5e82d5cfaaee4d164270061bbbe456de954a4,inherited_team13_success
