case,problem,cores,before,after,before_copy_bytes,after_copy_bytes,reduction_pct,original_singlecore,plan,official_record,official_result
case_002,1,2,252542,136619,4018176,56832,45.90246374860419,261945,方案/p1/n2/case_002_multicore_res.json,/Users/liyu/Desktop/中文题目/A题研究/advanced_solver/runs/formal_v2/evaluations/attempts/20260924T234214-d276fb7c5e4a4c4294ba7932c8d660d9/record.json,/Users/liyu/Desktop/中文题目/A题研究/advanced_solver/runs/formal_v2/evaluations/attempts/20260924T234214-d276fb7c5e4a4c4294ba7932c8d660d9/official_result.json.gz
case_002,1,3,171449,124980,451584,565248,27.10368681065506,261945,方案/p1/n3/case_002_multicore_res.json,/Users/liyu/Desktop/中文题目/A题研究/advanced_solver/runs/formal_v2/evaluations/attempts/20260924T234416-163950c089bd435b97cce858c277ad2c/record.json,/Users/liyu/Desktop/中文题目/A题研究/advanced_solver/runs/formal_v2/evaluations/attempts/20260924T234213-96dfd015b80449ddbf8e022587cd1b23/official_result.json.gz
case_002,1,4,171449,103993,451584,1602048,39.344644763165725,261945,方案/p1/n4/case_002_multicore_res.json,/Users/liyu/Desktop/中文题目/A题研究/advanced_solver/runs/formal_v2/evaluations/attempts/20260924T234216-ff98a78fb7534f8bb68c0e4e0f09e288/record.json,/Users/liyu/Desktop/中文题目/A题研究/advanced_solver/runs/formal_v2/evaluations/attempts/20260924T234216-ff98a78fb7534f8bb68c0e4e0f09e288/official_result.json.gz
case_002,1,5,114925,103993,2179584,1602048,9.512290624320208,261945,方案/p1/n5/case_002_multicore_res.json,/Users/liyu/Desktop/中文题目/A题研究/advanced_solver/runs/formal_v2/evaluations/attempts/20260924T235538-47ace5e055a44da5ae8b0cad9930c42d/record.json,/Users/liyu/Desktop/中文题目/A题研究/advanced_solver/runs/formal_v2/evaluations/attempts/20260924T235538-47ace5e055a44da5ae8b0cad9930c42d/official_result.json.gz
case_002,2,2,126927,125561,4131840,3975168,1.0762091595956758,261945,方案/p2/n2/case_002_multicore_res.json,/Users/liyu/Desktop/中文题目/A题研究/advanced_solver/runs/formal_v2/evaluations/attempts/20260924T233842-816453b498644d07a70248ef440cb15c/record.json,/Users/liyu/Desktop/中文题目/A题研究/advanced_solver/runs/formal_v2/evaluations/attempts/20260924T233842-816453b498644d07a70248ef440cb15c/official_result.json.gz
case_002,2,3,82020,82013,635904,632832,0.008534503779566993,261945,方案/p2/n3/case_002_multicore_res.json,/Users/liyu/Desktop/中文题目/A题研究/advanced_solver/runs/formal_v2/evaluations/attempts/20260924T234837-26955026c63c459c8b06b877bfec61cc/record.json,/Users/liyu/Desktop/中文题目/A题研究/advanced_solver/runs/formal_v2/evaluations/attempts/20260924T234837-26955026c63c459c8b06b877bfec61cc/official_result.json.gz
case_002,2,4,63330,63304,599040,595968,0.04105479235749776,261945,方案/p2/n4/case_002_multicore_res.json,/Users/liyu/Desktop/中文题目/A题研究/advanced_solver/runs/formal_v2/evaluations/attempts/20260924T234838-54b1a69fcc954d4c933f03abd4c396ea/record.json,/Users/liyu/Desktop/中文题目/A题研究/advanced_solver/runs/formal_v2/evaluations/attempts/20260924T234838-54b1a69fcc954d4c933f03abd4c396ea/official_result.json.gz
case_002,3,3,82020,82013,635904,632832,0.008534503779566993,261945,方案/p3/n3/case_002_multicore_res.json,/Users/liyu/Desktop/中文题目/A题研究/advanced_solver/runs/formal_v2/evaluations/attempts/20260924T235419-c71fce48a1df44afbc2ac359833aa977/record.json,/Users/liyu/Desktop/中文题目/A题研究/advanced_solver/runs/formal_v2/evaluations/attempts/20260924T235419-c71fce48a1df44afbc2ac359833aa977/official_result.json.gz
case_002,3,4,63330,63304,599040,595968,0.04105479235749776,261945,方案/p3/n4/case_002_multicore_res.json,/Users/liyu/Desktop/中文题目/A题研究/advanced_solver/runs/formal_v2/evaluations/attempts/20260924T235419-39097fec8b4a4c3991a484756fc8755e/record.json,/Users/liyu/Desktop/中文题目/A题研究/advanced_solver/runs/formal_v2/evaluations/attempts/20260924T235419-39097fec8b4a4c3991a484756fc8755e/official_result.json.gz
case_003,2,2,337267,321883,6032838,6032838,4.5613712577868615,602212,方案/p2/n2/case_003_multicore_res.json,/Users/liyu/Desktop/中文题目/A题研究/advanced_solver/runs/formal_v2/evaluations/attempts/20260924T235306-f25f56025df24171b078af28a1e96ccb/record.json,/Users/liyu/Desktop/中文题目/A题研究/advanced_solver/runs/formal_v2/evaluations/attempts/20260924T235306-f25f56025df24171b078af28a1e96ccb/official_result.json.gz
case_003,2,3,205952,201189,3430748,3430748,2.312674798011183,602212,方案/p2/n3/case_003_multicore_res.json,/Users/liyu/Desktop/中文题目/A题研究/advanced_solver/runs/formal_v2/evaluations/attempts/20260924T233649-0d1f997b07f0453f915985256948ebf8/record.json,/Users/liyu/Desktop/中文题目/A题研究/advanced_solver/runs/formal_v2/evaluations/attempts/20260924T233649-0d1f997b07f0453f915985256948ebf8/official_result.json.gz
case_003,3,2,323431,321549,6032838,6032838,0.5818860900779432,602212,方案/p3/n2/case_003_multicore_res.json,/Users/liyu/Desktop/中文题目/A题研究/advanced_solver/runs/formal_v2/evaluations/attempts/20260924T234455-2a48bf4fecd04b9ca46b0f1ce2bd1530/record.json,/Users/liyu/Desktop/中文题目/A题研究/advanced_solver/runs/formal_v2/evaluations/attempts/20260924T234455-2a48bf4fecd04b9ca46b0f1ce2bd1530/official_result.json.gz
case_004,2,2,198019,197916,125952,125952,0.05201521066160453,392357,方案/p2/n2/case_004_multicore_res.json,/Users/liyu/Desktop/中文题目/A题研究/advanced_solver/runs/formal_v2/evaluations/attempts/20260924T235427-0112808f4f54447f8862f4d9a6bbe40c/record.json,/Users/liyu/Desktop/中文题目/A题研究/advanced_solver/runs/formal_v2/evaluations/attempts/20260924T235427-0112808f4f54447f8862f4d9a6bbe40c/official_result.json.gz
case_004,2,3,132570,130725,1723392,1474560,1.3917175831636097,392357,方案/p2/n3/case_004_multicore_res.json,/Users/liyu/Desktop/中文题目/A题研究/advanced_solver/runs/formal_v2/evaluations/attempts/20260924T233854-65111f2f21c64bdd8039827649091008/record.json,/Users/liyu/Desktop/中文题目/A题研究/advanced_solver/runs/formal_v2/evaluations/attempts/20260924T233854-65111f2f21c64bdd8039827649091008/official_result.json.gz
case_004,3,2,198832,197916,125952,125952,0.4606904321236005,392357,方案/p3/n2/case_004_multicore_res.json,/Users/liyu/Desktop/中文题目/A题研究/advanced_solver/runs/formal_v2/evaluations/attempts/20260924T234005-b51dcd2dc7f94f81bf2ba1fdf868ae89/record.json,/Users/liyu/Desktop/中文题目/A题研究/advanced_solver/runs/formal_v2/evaluations/attempts/20260924T234005-b51dcd2dc7f94f81bf2ba1fdf868ae89/official_result.json.gz
case_005,1,4,94672,70732,261520,1362706,25.287307757309453,95618,方案/p1/n4/case_005_multicore_res.json,/Users/liyu/Desktop/中文题目/A题研究/advanced_solver/runs/formal_v2/evaluations/attempts/20260924T234318-184145049e414191b85baa118c384c46/record.json,/Users/liyu/Desktop/中文题目/A题研究/advanced_solver/runs/formal_v2/evaluations/attempts/20260924T234318-184145049e414191b85baa118c384c46/official_result.json.gz
case_005,1,5,77072,70732,1173930,1362706,8.22607432011625,95618,方案/p1/n5/case_005_multicore_res.json,/Users/liyu/Desktop/中文题目/A题研究/advanced_solver/runs/formal_v2/evaluations/attempts/20260924T235537-883fa03d09b442cca9bc7ce80decd5eb/record.json,/Users/liyu/Desktop/中文题目/A题研究/advanced_solver/runs/formal_v2/evaluations/attempts/20260924T235537-883fa03d09b442cca9bc7ce80decd5eb/official_result.json.gz
case_005,2,2,54868,51025,690726,690726,7.004082525333533,95618,方案/p2/n2/case_005_multicore_res.json,/Users/liyu/Desktop/中文题目/A题研究/advanced_solver/runs/formal_v2/evaluations/attempts/20260924T233826-8b3f6187bae345d6826081d6b4dfb2f7/record.json,/Users/liyu/Desktop/中文题目/A题研究/advanced_solver/runs/formal_v2/evaluations/attempts/20260924T233826-8b3f6187bae345d6826081d6b4dfb2f7/official_result.json.gz
case_005,2,3,39495,39002,1152972,1152972,1.2482592733257358,95618,方案/p2/n3/case_005_multicore_res.json,/Users/liyu/Desktop/中文题目/A题研究/advanced_solver/runs/formal_v2/evaluations/attempts/20260924T235408-e224608db98541a69c293940c925de15/record.json,/Users/liyu/Desktop/中文题目/A题研究/advanced_solver/runs/formal_v2/evaluations/attempts/20260924T235408-e224608db98541a69c293940c925de15/official_result.json.gz
case_005,2,4,38159,37038,1555314,1555314,2.9377080112162224,95618,方案/p2/n4/case_005_multicore_res.json,/Users/liyu/Desktop/中文题目/A题研究/advanced_solver/runs/formal_v2/evaluations/attempts/20260924T235409-cda4edd2162e45e58bee8e6724ac3a72/record.json,/Users/liyu/Desktop/中文题目/A题研究/advanced_solver/runs/formal_v2/evaluations/attempts/20260924T235409-cda4edd2162e45e58bee8e6724ac3a72/official_result.json.gz
case_005,2,5,38159,37038,1555314,1555314,2.9377080112162224,95618,方案/p2/n5/case_005_multicore_res.json,/Users/liyu/Desktop/中文题目/A题研究/advanced_solver/runs/formal_v2/evaluations/attempts/20260924T235409-1287c5734ee247fdb8ebe3baf9b3d656/record.json,/Users/liyu/Desktop/中文题目/A题研究/advanced_solver/runs/formal_v2/evaluations/attempts/20260924T235409-1287c5734ee247fdb8ebe3baf9b3d656/official_result.json.gz
case_005,3,3,37248,37103,1152972,1152972,0.3892826460481058,95618,方案/p3/n3/case_005_multicore_res.json,/Users/liyu/Desktop/中文题目/A题研究/advanced_solver/runs/formal_v2/evaluations/attempts/20260924T234057-a395c370f54647048b9a57c79091ce3e/record.json,/Users/liyu/Desktop/中文题目/A题研究/advanced_solver/runs/formal_v2/evaluations/attempts/20260924T234057-a395c370f54647048b9a57c79091ce3e/official_result.json.gz
case_005,3,4,34244,34188,1555314,1555314,0.16353229762877675,95618,方案/p3/n4/case_005_multicore_res.json,/Users/liyu/Desktop/中文题目/A题研究/advanced_solver/runs/formal_v2/evaluations/attempts/20260924T234058-7af7ae1cbdcf4b95a34cbd56077dc44f/record.json,/Users/liyu/Desktop/中文题目/A题研究/advanced_solver/runs/formal_v2/evaluations/attempts/20260924T234058-7af7ae1cbdcf4b95a34cbd56077dc44f/official_result.json.gz
case_006,1,2,45998,45580,31104,91264,0.9087351623983664,82837,方案/p1/n2/case_006_multicore_res.json,/Users/liyu/Desktop/中文题目/A题研究/advanced_solver/runs/formal_v2/evaluations/attempts/20260924T234138-e2ddf62ae5d3405288ec038f90b96989/record.json,/Users/liyu/Desktop/中文题目/A题研究/advanced_solver/runs/formal_v2/evaluations/attempts/20260924T234138-e2ddf62ae5d3405288ec038f90b96989/official_result.json.gz
case_006,2,2,39407,39362,3456,3456,0.11419290988911035,82837,方案/p2/n2/case_006_multicore_res.json,/Users/liyu/Desktop/中文题目/A题研究/advanced_solver/runs/formal_v2/evaluations/attempts/20260924T233856-0bdeed03f43e4e2ea92ddbf58fd6f5b9/record.json,/Users/liyu/Desktop/中文题目/A题研究/advanced_solver/runs/formal_v2/evaluations/attempts/20260924T233856-0bdeed03f43e4e2ea92ddbf58fd6f5b9/official_result.json.gz
case_009,1,2,92198,91819,0,193618,0.41107182368380624,153261,方案/p1/n2/case_009_multicore_res.json,/Users/liyu/Desktop/中文题目/A题研究/advanced_solver/runs/formal_v2/evaluations/attempts/20260924T234459-d3c0f5721f9e4938ab95e57b9c29e920/record.json,/Users/liyu/Desktop/中文题目/A题研究/advanced_solver/runs/formal_v2/evaluations/attempts/20260924T234459-d3c0f5721f9e4938ab95e57b9c29e920/official_result.json.gz
case_009,1,3,92198,91819,0,193618,0.41107182368380624,153261,方案/p1/n3/case_009_multicore_res.json,/Users/liyu/Desktop/中文题目/A题研究/advanced_solver/runs/formal_v2/evaluations/attempts/20260924T235534-f1bbce7724914a31a9b1a183ad71c626/record.json,/Users/liyu/Desktop/中文题目/A题研究/advanced_solver/runs/formal_v2/evaluations/attempts/20260924T235534-f1bbce7724914a31a9b1a183ad71c626/official_result.json.gz
case_009,1,4,92198,91819,0,193618,0.41107182368380624,153261,方案/p1/n4/case_009_multicore_res.json,/Users/liyu/Desktop/中文题目/A题研究/advanced_solver/runs/formal_v2/evaluations/attempts/20260924T235535-bda6fedd2d814bc0af1809073b79d2a4/record.json,/Users/liyu/Desktop/中文题目/A题研究/advanced_solver/runs/formal_v2/evaluations/attempts/20260924T235535-bda6fedd2d814bc0af1809073b79d2a4/official_result.json.gz
case_009,2,4,59071,58230,1094910,1094910,1.423710450136273,153261,方案/p2/n4/case_009_multicore_res.json,/Users/liyu/Desktop/中文题目/A题研究/advanced_solver/runs/formal_v2/evaluations/attempts/20260924T235353-af34638a379c409da73aecaef014b4a8/record.json,/Users/liyu/Desktop/中文题目/A题研究/advanced_solver/runs/formal_v2/evaluations/attempts/20260924T235353-af34638a379c409da73aecaef014b4a8/official_result.json.gz
case_009,3,4,57096,56944,1094910,1094910,0.2662182990051831,153261,方案/p3/n4/case_009_multicore_res.json,/Users/liyu/Desktop/中文题目/A题研究/advanced_solver/runs/formal_v2/evaluations/attempts/20260924T234158-29fe69e0ff5e425d9eac095325a3b017/record.json,/Users/liyu/Desktop/中文题目/A题研究/advanced_solver/runs/formal_v2/evaluations/attempts/20260924T234158-29fe69e0ff5e425d9eac095325a3b017/official_result.json.gz
case_010,1,4,29856,29780,96768,362880,0.2545551982851002,86969,方案/p1/n4/case_010_multicore_res.json,/Users/liyu/Desktop/中文题目/A题研究/advanced_solver/runs/formal_v2/evaluations/attempts/20260924T234137-47340fa971014951823cb3ddcaab984f/record.json,/Users/liyu/Desktop/中文题目/A题研究/advanced_solver/runs/formal_v2/evaluations/attempts/20260924T234137-47340fa971014951823cb3ddcaab984f/official_result.json.gz
case_010,1,5,29856,29780,96768,362880,0.2545551982851002,86969,方案/p1/n5/case_010_multicore_res.json,/Users/liyu/Desktop/中文题目/A题研究/advanced_solver/runs/formal_v2/evaluations/attempts/20260924T235539-4efee61fdcce41f0b7db4d95c6c2f68c/record.json,/Users/liyu/Desktop/中文题目/A题研究/advanced_solver/runs/formal_v2/evaluations/attempts/20260924T235539-4efee61fdcce41f0b7db4d95c6c2f68c/official_result.json.gz
case_010,2,2,45197,41049,63936,1561020,9.177600283204635,86969,方案/p2/n2/case_010_multicore_res.json,/Users/liyu/Desktop/中文题目/A题研究/advanced_solver/runs/formal_v2/evaluations/attempts/20260924T235428-a0bdb111e7db41a5967b3e83480f63a6/record.json,/Users/liyu/Desktop/中文题目/A题研究/advanced_solver/runs/formal_v2/evaluations/attempts/20260924T235428-a0bdb111e7db41a5967b3e83480f63a6/official_result.json.gz
case_010,2,3,30183,29848,10368,10368,1.1098962992412975,86969,方案/p2/n3/case_010_multicore_res.json,/Users/liyu/Desktop/中文题目/A题研究/advanced_solver/runs/formal_v2/evaluations/attempts/20260924T235429-d3e6c9a440cd4fafbbed4447a4f9fc3e/record.json,/Users/liyu/Desktop/中文题目/A题研究/advanced_solver/runs/formal_v2/evaluations/attempts/20260924T235429-d3e6c9a440cd4fafbbed4447a4f9fc3e/official_result.json.gz
case_010,2,4,29856,29617,96768,133632,0.8005091103965745,86969,方案/p2/n4/case_010_multicore_res.json,/Users/liyu/Desktop/中文题目/A题研究/advanced_solver/runs/formal_v2/evaluations/attempts/20260924T233857-d2baa7fad2f045ea928497e8b7d6953d/record.json,/Users/liyu/Desktop/中文题目/A题研究/advanced_solver/runs/formal_v2/evaluations/attempts/20260924T233857-d2baa7fad2f045ea928497e8b7d6953d/official_result.json.gz
case_010,3,2,41019,40461,1561020,1561020,1.360345205880198,86969,方案/p3/n2/case_010_multicore_res.json,/Users/liyu/Desktop/中文题目/A题研究/advanced_solver/runs/formal_v2/evaluations/attempts/20260924T233957-7ab56c1f76e141128d71e547265d252a/record.json,/Users/liyu/Desktop/中文题目/A题研究/advanced_solver/runs/formal_v2/evaluations/attempts/20260924T233957-7ab56c1f76e141128d71e547265d252a/official_result.json.gz
case_010,3,3,30315,29848,10368,10368,1.5404915058551905,86969,方案/p3/n3/case_010_multicore_res.json,/Users/liyu/Desktop/中文题目/A题研究/advanced_solver/runs/formal_v2/evaluations/attempts/20260924T233957-7ff4a9234f4442b38a80274602ffb1f3/record.json,/Users/liyu/Desktop/中文题目/A题研究/advanced_solver/runs/formal_v2/evaluations/attempts/20260924T233957-7ff4a9234f4442b38a80274602ffb1f3/official_result.json.gz
case_012,2,2,26557,26437,9792,12096,0.4518582671235505,59088,方案/p2/n2/case_012_multicore_res.json,/Users/liyu/Desktop/中文题目/A题研究/advanced_solver/runs/formal_v2/evaluations/attempts/20260924T235425-a34f9de6072c45b8a655bd23388895ca/record.json,/Users/liyu/Desktop/中文题目/A题研究/advanced_solver/runs/formal_v2/evaluations/attempts/20260924T235425-a34f9de6072c45b8a655bd23388895ca/official_result.json.gz
case_012,2,3,18265,17932,32832,32064,1.823159047358336,59088,方案/p2/n3/case_012_multicore_res.json,/Users/liyu/Desktop/中文题目/A题研究/advanced_solver/runs/formal_v2/evaluations/attempts/20260924T235425-a87ecd62f7f94305b44153987b5cdc80/record.json,/Users/liyu/Desktop/中文题目/A题研究/advanced_solver/runs/formal_v2/evaluations/attempts/20260924T235425-a87ecd62f7f94305b44153987b5cdc80/official_result.json.gz
case_012,3,2,27385,26437,28224,12096,3.461749132736902,59088,方案/p3/n2/case_012_multicore_res.json,/Users/liyu/Desktop/中文题目/A题研究/advanced_solver/runs/formal_v2/evaluations/attempts/20260924T234012-9a0f1e731316407d9a3d0e353c189659/record.json,/Users/liyu/Desktop/中文题目/A题研究/advanced_solver/runs/formal_v2/evaluations/attempts/20260924T234012-9a0f1e731316407d9a3d0e353c189659/official_result.json.gz
case_012,3,3,17932,17932,32832,32064,0.0,59088,方案/p3/n3/case_012_multicore_res.json,/Users/liyu/Desktop/中文题目/A题研究/advanced_solver/runs/formal_v2/evaluations/attempts/20260924T234012-608ce10f5e424fec8c72916524a9fec0/record.json,/Users/liyu/Desktop/中文题目/A题研究/advanced_solver/runs/formal_v2/evaluations/attempts/20260924T234012-608ce10f5e424fec8c72916524a9fec0/official_result.json.gz
case_012,3,4,16118,14747,3456,3456,8.506018116391612,59088,方案/p3/n4/case_012_multicore_res.json,/Users/liyu/Desktop/中文题目/A题研究/advanced_solver/runs/formal_v2/evaluations/attempts/20260924T233851-7bb98f86babd476c9b3c4469abac1089/record.json,/Users/liyu/Desktop/中文题目/A题研究/advanced_solver/runs/formal_v2/evaluations/attempts/20260924T233851-7bb98f86babd476c9b3c4469abac1089/official_result.json.gz
case_012,3,5,12756,12452,12288,0,2.383192223267483,59088,方案/p3/n5/case_012_multicore_res.json,/Users/liyu/Desktop/中文题目/A题研究/advanced_solver/runs/formal_v2/evaluations/attempts/20260924T235425-b6432b97b5984890b6b9086f612ec82c/record.json,/Users/liyu/Desktop/中文题目/A题研究/advanced_solver/runs/formal_v2/evaluations/attempts/20260924T235425-b6432b97b5984890b6b9086f612ec82c/official_result.json.gz
case_013,3,4,66970,66958,24576,24576,0.017918470957145605,263949,方案/p3/n4/case_013_multicore_res.json,/Users/liyu/Desktop/中文题目/A题研究/advanced_solver/runs/formal_v2/evaluations/attempts/20260924T234034-02cf5c7b2d234ba1abcdb385c7a65f4e/record.json,/Users/liyu/Desktop/中文题目/A题研究/advanced_solver/runs/formal_v2/evaluations/attempts/20260924T234034-02cf5c7b2d234ba1abcdb385c7a65f4e/official_result.json.gz
case_013,3,5,53943,53418,36864,45056,0.9732495411823638,263949,方案/p3/n5/case_013_multicore_res.json,/Users/liyu/Desktop/中文题目/A题研究/advanced_solver/runs/formal_v2/evaluations/attempts/20260924T235418-1cb3a91ca3244c27bfd54902e84a87c9/record.json,/Users/liyu/Desktop/中文题目/A题研究/advanced_solver/runs/formal_v2/evaluations/attempts/20260924T235418-1cb3a91ca3244c27bfd54902e84a87c9/official_result.json.gz
case_014,1,3,6186882,6175832,165905592,165905592,0.17860369730665626,17698626,方案/p1/n3/case_014_multicore_res.json,/Users/liyu/Desktop/中文题目/A题研究/advanced_solver/runs/formal_v2/evaluations/attempts/20260924T233608-be74b0d68fd442fdbf54c0b899611f77/record.json,/Users/liyu/Desktop/中文题目/A题研究/advanced_solver/runs/formal_v2/evaluations/attempts/20260924T233608-be74b0d68fd442fdbf54c0b899611f77/official_result.json.gz
case_014,1,4,4792614,4697458,165905592,165905592,1.9854718114164838,17698626,方案/p1/n4/case_014_multicore_res.json,/Users/liyu/Desktop/中文题目/A题研究/advanced_solver/runs/formal_v2/evaluations/attempts/20260924T233708-0417260dc1014e308dc61a245d7b27aa/record.json,/Users/liyu/Desktop/中文题目/A题研究/advanced_solver/runs/formal_v2/evaluations/attempts/20260924T233708-0417260dc1014e308dc61a245d7b27aa/official_result.json.gz
case_014,2,4,4519833,4517885,98547144,98239944,0.04309893750499283,17698626,方案/p2/n4/case_014_multicore_res.json,/Users/liyu/Desktop/中文题目/A题研究/advanced_solver/runs/formal_v2/evaluations/attempts/20260924T235149-0bdc6a856ac147e5a5cfb82fb61bbbef/record.json,/Users/liyu/Desktop/中文题目/A题研究/advanced_solver/runs/formal_v2/evaluations/attempts/20260924T235149-0bdc6a856ac147e5a5cfb82fb61bbbef/official_result.json.gz
case_014,3,2,8859268,8799327,92081040,84413112,0.676590887644446,17698626,方案/p3/n2/case_014_multicore_res.json,/Users/liyu/Desktop/中文题目/A题研究/advanced_solver/runs/formal_v2/evaluations/attempts/20260924T233343-4d57cd73c4a443cd8650499ff4bc39b2/record.json,/Users/liyu/Desktop/中文题目/A题研究/advanced_solver/runs/formal_v2/evaluations/attempts/20260924T233343-4d57cd73c4a443cd8650499ff4bc39b2/official_result.json.gz
case_014,3,3,5963760,5949209,84088488,82715304,0.24399036849236388,17698626,方案/p3/n3/case_014_multicore_res.json,/Users/liyu/Desktop/中文题目/A题研究/advanced_solver/runs/formal_v2/evaluations/attempts/20260924T233345-7b18532b657a4d91834debbf316baeea/record.json,/Users/liyu/Desktop/中文题目/A题研究/advanced_solver/runs/formal_v2/evaluations/attempts/20260924T233345-7b18532b657a4d91834debbf316baeea/official_result.json.gz
case_014,3,4,4517365,4484616,89863320,98239944,0.7249580230953234,17698626,方案/p3/n4/case_014_multicore_res.json,/Users/liyu/Desktop/中文题目/A题研究/advanced_solver/runs/formal_v2/evaluations/attempts/20260924T235058-f996988365f845d298aaad5b1d98e4dc/record.json,/Users/liyu/Desktop/中文题目/A题研究/advanced_solver/runs/formal_v2/evaluations/attempts/20260924T235058-f996988365f845d298aaad5b1d98e4dc/official_result.json.gz
case_014,3,5,3698171,3686924,93975048,84373512,0.3041233085219641,17698626,方案/p3/n5/case_014_multicore_res.json,/Users/liyu/Desktop/中文题目/A题研究/advanced_solver/runs/formal_v2/evaluations/attempts/20260924T235150-0e86b2a0298d425cb683f87e42e53f8c/record.json,/Users/liyu/Desktop/中文题目/A题研究/advanced_solver/runs/formal_v2/evaluations/attempts/20260924T235150-0e86b2a0298d425cb683f87e42e53f8c/official_result.json.gz
case_015,2,2,82923,82882,109824,109824,0.04944345959504437,177362,方案/p2/n2/case_015_multicore_res.json,/Users/liyu/Desktop/中文题目/A题研究/advanced_solver/runs/formal_v2/evaluations/attempts/20260924T235425-d5e186eccae44d6fac8c11a723aace4b/record.json,/Users/liyu/Desktop/中文题目/A题研究/advanced_solver/runs/formal_v2/evaluations/attempts/20260924T235425-d5e186eccae44d6fac8c11a723aace4b/official_result.json.gz
case_015,2,3,54804,54594,208128,208128,0.38318370921830436,177362,方案/p2/n3/case_015_multicore_res.json,/Users/liyu/Desktop/中文题目/A题研究/advanced_solver/runs/formal_v2/evaluations/attempts/20260924T235425-cdfe83ebf977422cbb70fa0fd1b32f67/record.json,/Users/liyu/Desktop/中文题目/A题研究/advanced_solver/runs/formal_v2/evaluations/attempts/20260924T235425-cdfe83ebf977422cbb70fa0fd1b32f67/official_result.json.gz
case_015,3,2,83527,82882,137472,109824,0.772205394662806,177362,方案/p3/n2/case_015_multicore_res.json,/Users/liyu/Desktop/中文题目/A题研究/advanced_solver/runs/formal_v2/evaluations/attempts/20260924T234010-a1f24026251f43de93cf405ee5aa926e/record.json,/Users/liyu/Desktop/中文题目/A题研究/advanced_solver/runs/formal_v2/evaluations/attempts/20260924T234010-a1f24026251f43de93cf405ee5aa926e/official_result.json.gz
case_015,3,3,60954,54545,208128,208128,10.514486333956752,177362,方案/p3/n3/case_015_multicore_res.json,/Users/liyu/Desktop/中文题目/A题研究/advanced_solver/runs/formal_v2/evaluations/attempts/20260924T234010-2fb839e9dba24aa2a1328ac48e649008/record.json,/Users/liyu/Desktop/中文题目/A题研究/advanced_solver/runs/formal_v2/evaluations/attempts/20260924T234010-2fb839e9dba24aa2a1328ac48e649008/official_result.json.gz
case_017,2,2,72048,71999,87552,87552,0.06801021541195107,162810,方案/p2/n2/case_017_multicore_res.json,/Users/liyu/Desktop/中文题目/A题研究/advanced_solver/runs/formal_v2/evaluations/attempts/20260924T235421-4583afdf5baf4810b203263f60f2c7e2/record.json,/Users/liyu/Desktop/中文题目/A题研究/advanced_solver/runs/formal_v2/evaluations/attempts/20260924T235421-4583afdf5baf4810b203263f60f2c7e2/official_result.json.gz
case_017,3,2,76480,71999,86400,87552,5.859048117154808,162810,方案/p3/n2/case_017_multicore_res.json,/Users/liyu/Desktop/中文题目/A题研究/advanced_solver/runs/formal_v2/evaluations/attempts/20260924T234021-5a16898c996149b6a8a1c14b4b6198b6/record.json,/Users/liyu/Desktop/中文题目/A题研究/advanced_solver/runs/formal_v2/evaluations/attempts/20260924T234021-5a16898c996149b6a8a1c14b4b6198b6/official_result.json.gz
case_017,3,3,51594,49831,171648,175104,3.4170639996898844,162810,方案/p3/n3/case_017_multicore_res.json,/Users/liyu/Desktop/中文题目/A题研究/advanced_solver/runs/formal_v2/evaluations/attempts/20260924T233846-3f8b38ad653c4d15b07453a0d7810405/record.json,/Users/liyu/Desktop/中文题目/A题研究/advanced_solver/runs/formal_v2/evaluations/attempts/20260924T233846-3f8b38ad653c4d15b07453a0d7810405/official_result.json.gz
case_018,2,2,502893,502396,2561024,3253248,0.09882818014965711,1004367,方案/p2/n2/case_018_multicore_res.json,/Users/liyu/Desktop/中文题目/A题研究/advanced_solver/runs/formal_v2/evaluations/attempts/20260924T235418-34e261d25b394cde946602052e1b9138/record.json,/Users/liyu/Desktop/中文题目/A题研究/advanced_solver/runs/formal_v2/evaluations/attempts/20260924T235418-34e261d25b394cde946602052e1b9138/official_result.json.gz
case_018,2,3,339838,337775,4075904,4075904,0.6070539492346372,1004367,方案/p2/n3/case_018_multicore_res.json,/Users/liyu/Desktop/中文题目/A题研究/advanced_solver/runs/formal_v2/evaluations/attempts/20260924T235419-0648aa6f52fb4f859ab251fd469e8488/record.json,/Users/liyu/Desktop/中文题目/A题研究/advanced_solver/runs/formal_v2/evaluations/attempts/20260924T235419-0648aa6f52fb4f859ab251fd469e8488/official_result.json.gz
case_018,3,2,501076,500499,3253248,3253248,0.11515219248178221,1004367,方案/p3/n2/case_018_multicore_res.json,/Users/liyu/Desktop/中文题目/A题研究/advanced_solver/runs/formal_v2/evaluations/attempts/20260924T234028-e227b547b96c4224bfdcbceb6bfcc7e0/record.json,/Users/liyu/Desktop/中文题目/A题研究/advanced_solver/runs/formal_v2/evaluations/attempts/20260924T234028-e227b547b96c4224bfdcbceb6bfcc7e0/official_result.json.gz
case_018,3,3,338035,336999,4075904,4075904,0.30647713994113035,1004367,方案/p3/n3/case_018_multicore_res.json,/Users/liyu/Desktop/中文题目/A题研究/advanced_solver/runs/formal_v2/evaluations/attempts/20260924T234029-b657691737f94048b4d1c49ddedde8f3/record.json,/Users/liyu/Desktop/中文题目/A题研究/advanced_solver/runs/formal_v2/evaluations/attempts/20260924T234029-b657691737f94048b4d1c49ddedde8f3/official_result.json.gz
case_019,2,2,32238,31100,1043448,1043448,3.5299956572988345,81144,方案/p2/n2/case_019_multicore_res.json,/Users/liyu/Desktop/中文题目/A题研究/advanced_solver/runs/formal_v2/evaluations/attempts/20260924T235429-068d46fc2e964d9e828070d8849c2f9f/record.json,/Users/liyu/Desktop/中文题目/A题研究/advanced_solver/runs/formal_v2/evaluations/attempts/20260924T235429-068d46fc2e964d9e828070d8849c2f9f/official_result.json.gz
case_019,3,2,30689,30570,1043448,1043448,0.3877610870344439,81144,方案/p3/n2/case_019_multicore_res.json,/Users/liyu/Desktop/中文题目/A题研究/advanced_solver/runs/formal_v2/evaluations/attempts/20260924T233956-c65e691618ee4381a46f1810d24b2dab/record.json,/Users/liyu/Desktop/中文题目/A题研究/advanced_solver/runs/formal_v2/evaluations/attempts/20260924T233956-c65e691618ee4381a46f1810d24b2dab/official_result.json.gz
case_021,1,2,3162700,3102580,18124800,6656000,1.900907452493128,6567937,方案/p1/n2/case_021_multicore_res.json,/Users/liyu/Desktop/中文题目/A题研究/advanced_solver/runs/formal_v2/evaluations/attempts/20260924T234340-23ef5d9cad724615bcbc741d4cd3df17/record.json,/Users/liyu/Desktop/中文题目/A题研究/advanced_solver/runs/formal_v2/evaluations/attempts/20260924T234340-23ef5d9cad724615bcbc741d4cd3df17/official_result.json.gz
case_021,2,2,3194570,3193754,3174400,3174400,0.0255433438616115,6567937,方案/p2/n2/case_021_multicore_res.json,/Users/liyu/Desktop/中文题目/A题研究/advanced_solver/runs/formal_v2/evaluations/attempts/20260924T233816-35e66aeca2764f5a9d45706a8dcca2f2/record.json,/Users/liyu/Desktop/中文题目/A题研究/advanced_solver/runs/formal_v2/evaluations/attempts/20260924T233816-35e66aeca2764f5a9d45706a8dcca2f2/official_result.json.gz
case_021,2,3,2117041,2101778,6356992,6299648,0.7209591122703807,6567937,方案/p2/n3/case_021_multicore_res.json,/Users/liyu/Desktop/中文题目/A题研究/advanced_solver/runs/formal_v2/evaluations/attempts/20260924T235402-3e797ffb3e6942d6b92193e8e4ff84b2/record.json,/Users/liyu/Desktop/中文题目/A题研究/advanced_solver/runs/formal_v2/evaluations/attempts/20260924T235402-3e797ffb3e6942d6b92193e8e4ff84b2/official_result.json.gz
case_021,3,3,2107657,2101648,6311936,6299648,0.2851033161467953,6567937,方案/p3/n3/case_021_multicore_res.json,/Users/liyu/Desktop/中文题目/A题研究/advanced_solver/runs/formal_v2/evaluations/attempts/20260924T234117-6f6fbee648c44bc6a5f1814add06de84/record.json,/Users/liyu/Desktop/中文题目/A题研究/advanced_solver/runs/formal_v2/evaluations/attempts/20260924T234117-6f6fbee648c44bc6a5f1814add06de84/official_result.json.gz
case_023,2,2,49489,49177,135456,1908610,0.6304431287760925,122614,方案/p2/n2/case_023_multicore_res.json,/Users/liyu/Desktop/中文题目/A题研究/advanced_solver/runs/formal_v2/evaluations/attempts/20260924T235426-5cd130cdcdf64082a560cd676cc00500/record.json,/Users/liyu/Desktop/中文题目/A题研究/advanced_solver/runs/formal_v2/evaluations/attempts/20260924T235426-5cd130cdcdf64082a560cd676cc00500/official_result.json.gz
case_023,2,4,25247,24223,281280,278208,4.055927436923201,122614,方案/p2/n4/case_023_multicore_res.json,/Users/liyu/Desktop/中文题目/A题研究/advanced_solver/runs/formal_v2/evaluations/attempts/20260924T233852-d9450b097b134ed581a095a01dd61ac7/record.json,/Users/liyu/Desktop/中文题目/A题研究/advanced_solver/runs/formal_v2/evaluations/attempts/20260924T233852-d9450b097b134ed581a095a01dd61ac7/official_result.json.gz
case_023,3,2,48532,47920,1908610,1908610,1.2610236544960074,122614,方案/p3/n2/case_023_multicore_res.json,/Users/liyu/Desktop/中文题目/A题研究/advanced_solver/runs/formal_v2/evaluations/attempts/20260924T234010-3b32fe8f880e4706ad7b012fe967684d/record.json,/Users/liyu/Desktop/中文题目/A题研究/advanced_solver/runs/formal_v2/evaluations/attempts/20260924T234010-3b32fe8f880e4706ad7b012fe967684d/official_result.json.gz
case_026,1,2,58112,56614,288,217872,2.5777808370044064,99203,方案/p1/n2/case_026_multicore_res.json,/Users/liyu/Desktop/中文题目/A题研究/advanced_solver/runs/formal_v2/evaluations/attempts/20260924T234135-0ee6a20552e54dccae0784e106acdaeb/record.json,/Users/liyu/Desktop/中文题目/A题研究/advanced_solver/runs/formal_v2/evaluations/attempts/20260924T234135-0ee6a20552e54dccae0784e106acdaeb/official_result.json.gz
case_026,2,2,49745,49039,288,288,1.4192381143833588,99203,方案/p2/n2/case_026_multicore_res.json,/Users/liyu/Desktop/中文题目/A题研究/advanced_solver/runs/formal_v2/evaluations/attempts/20260924T235429-363addb7d84246edbd6102d0ed1271f2/record.json,/Users/liyu/Desktop/中文题目/A题研究/advanced_solver/runs/formal_v2/evaluations/attempts/20260924T235429-363addb7d84246edbd6102d0ed1271f2/official_result.json.gz
case_026,3,2,57387,49039,39200,288,14.546848589401783,99203,方案/p3/n2/case_026_multicore_res.json,/Users/liyu/Desktop/中文题目/A题研究/advanced_solver/runs/formal_v2/evaluations/attempts/20260924T233956-64c407e0ca784a318d384286fd0038fe/record.json,/Users/liyu/Desktop/中文题目/A题研究/advanced_solver/runs/formal_v2/evaluations/attempts/20260924T233956-64c407e0ca784a318d384286fd0038fe/official_result.json.gz
case_026,3,4,41792,41655,160592,95664,0.32781393568146466,99203,方案/p3/n4/case_026_multicore_res.json,/Users/liyu/Desktop/中文题目/A题研究/advanced_solver/runs/formal_v2/evaluations/attempts/20260924T233156-7c15b096e1534dd5a0342ee853ea89e2/record.json,/Users/liyu/Desktop/中文题目/A题研究/advanced_solver/runs/formal_v2/evaluations/attempts/20260924T233156-7c15b096e1534dd5a0342ee853ea89e2/official_result.json.gz
case_027,2,3,763106,761753,12165120,12165120,0.17730171168880426,2363952,方案/p2/n3/case_027_multicore_res.json,/Users/liyu/Desktop/中文题目/A题研究/advanced_solver/runs/formal_v2/evaluations/attempts/20260924T233842-8ef1b38215ed4024af99feaada07ff13/record.json,/Users/liyu/Desktop/中文题目/A题研究/advanced_solver/runs/formal_v2/evaluations/attempts/20260924T233842-8ef1b38215ed4024af99feaada07ff13/official_result.json.gz
case_028,2,2,20346364,20076161,94005888,93967488,1.328016150698963,43836040,方案/p2/n2/case_028_multicore_res.json,/Users/liyu/Desktop/中文题目/A题研究/advanced_solver/runs/formal_v2/evaluations/attempts/20260924T235218-43af702ba1574245bfc4c9e47a2831db/record.json,/Users/liyu/Desktop/中文题目/A题研究/advanced_solver/runs/formal_v2/evaluations/attempts/20260924T235218-43af702ba1574245bfc4c9e47a2831db/official_result.json.gz
case_028,2,3,13888009,13786498,57016152,56899416,0.7309255055926278,43836040,方案/p2/n3/case_028_multicore_res.json,/Users/liyu/Desktop/中文题目/A题研究/advanced_solver/runs/formal_v2/evaluations/attempts/20260924T235228-713ca5e4f0024a8c89c45d21528acb27/record.json,/Users/liyu/Desktop/中文题目/A题研究/advanced_solver/runs/formal_v2/evaluations/attempts/20260924T235228-713ca5e4f0024a8c89c45d21528acb27/official_result.json.gz
case_028,2,4,10551180,10487595,115615968,115615968,0.6026340181856438,43836040,方案/p2/n4/case_028_multicore_res.json,/Users/liyu/Desktop/中文题目/A题研究/advanced_solver/runs/formal_v2/evaluations/attempts/20260924T233535-6360aab2de524bb598143fb91e7b49d9/record.json,/Users/liyu/Desktop/中文题目/A题研究/advanced_solver/runs/formal_v2/evaluations/attempts/20260924T233535-6360aab2de524bb598143fb91e7b49d9/official_result.json.gz
case_028,3,2,20165023,20075994,93967488,93967488,0.44150209994801015,43836040,方案/p3/n2/case_028_multicore_res.json,/Users/liyu/Desktop/中文题目/A题研究/advanced_solver/runs/formal_v2/evaluations/attempts/20260924T234744-3e8370a6e464436f9c8dc9525497ab0d/record.json,/Users/liyu/Desktop/中文题目/A题研究/advanced_solver/runs/formal_v2/evaluations/attempts/20260924T234744-3e8370a6e464436f9c8dc9525497ab0d/official_result.json.gz
case_028,3,3,13770285,13769194,56911704,56899416,0.007922857079578627,43836040,方案/p3/n3/case_028_multicore_res.json,/Users/liyu/Desktop/中文题目/A题研究/advanced_solver/runs/formal_v2/evaluations/attempts/20260924T234747-b5881969650d43baa15a3957f54646f4/record.json,/Users/liyu/Desktop/中文题目/A题研究/advanced_solver/runs/formal_v2/evaluations/attempts/20260924T234747-b5881969650d43baa15a3957f54646f4/official_result.json.gz
case_028,3,4,10445977,10445902,115615968,115615968,0.0007179797543166444,43836040,方案/p3/n4/case_028_multicore_res.json,/Users/liyu/Desktop/中文题目/A题研究/advanced_solver/runs/formal_v2/evaluations/attempts/20260924T234804-96c72b0ad81f44c3a26af8624ebba643/record.json,/Users/liyu/Desktop/中文题目/A题研究/advanced_solver/runs/formal_v2/evaluations/attempts/20260924T234804-96c72b0ad81f44c3a26af8624ebba643/official_result.json.gz
case_030,2,2,1388868,1388867,1765376,1765376,7.200108289584506e-05,2808034,方案/p2/n2/case_030_multicore_res.json,/Users/liyu/Desktop/中文题目/A题研究/advanced_solver/runs/formal_v2/evaluations/attempts/20260924T235317-bc62f2cf847e48ab8cc59488d10d0857/record.json,/Users/liyu/Desktop/中文题目/A题研究/advanced_solver/runs/formal_v2/evaluations/attempts/20260924T235317-bc62f2cf847e48ab8cc59488d10d0857/official_result.json.gz
case_030,2,3,932203,932050,8030208,8046592,0.01641273413623967,2808034,方案/p2/n3/case_030_multicore_res.json,/Users/liyu/Desktop/中文题目/A题研究/advanced_solver/runs/formal_v2/evaluations/attempts/20260924T235320-52943e624ebf4ca28165de8ee4ecf1d8/record.json,/Users/liyu/Desktop/中文题目/A题研究/advanced_solver/runs/formal_v2/evaluations/attempts/20260924T235320-52943e624ebf4ca28165de8ee4ecf1d8/official_result.json.gz
case_030,2,4,696595,695057,4761600,4761600,0.22078826290742315,2808034,方案/p2/n4/case_030_multicore_res.json,/Users/liyu/Desktop/中文题目/A题研究/advanced_solver/runs/formal_v2/evaluations/attempts/20260924T235320-9f884cf548e54b398b6943ed36536d49/record.json,/Users/liyu/Desktop/中文题目/A题研究/advanced_solver/runs/formal_v2/evaluations/attempts/20260924T235320-9f884cf548e54b398b6943ed36536d49/official_result.json.gz
case_030,3,2,1400653,1388867,6432960,1765376,0.8414646596980102,2808034,方案/p3/n2/case_030_multicore_res.json,/Users/liyu/Desktop/中文题目/A题研究/advanced_solver/runs/formal_v2/evaluations/attempts/20260924T234418-46253330481846b190e5e1cf86fdf9a4/record.json,/Users/liyu/Desktop/中文题目/A题研究/advanced_solver/runs/formal_v2/evaluations/attempts/20260924T234418-46253330481846b190e5e1cf86fdf9a4/official_result.json.gz
case_030,3,3,933201,932019,9242624,8046592,0.12666081583709854,2808034,方案/p3/n3/case_030_multicore_res.json,/Users/liyu/Desktop/中文题目/A题研究/advanced_solver/runs/formal_v2/evaluations/attempts/20260924T234432-9a60de4f41134e8a904034190eeb6e1c/record.json,/Users/liyu/Desktop/中文题目/A题研究/advanced_solver/runs/formal_v2/evaluations/attempts/20260924T234432-9a60de4f41134e8a904034190eeb6e1c/official_result.json.gz
case_030,3,4,699914,695057,10404864,4761600,0.6939423986375481,2808034,方案/p3/n4/case_030_multicore_res.json,/Users/liyu/Desktop/中文题目/A题研究/advanced_solver/runs/formal_v2/evaluations/attempts/20260924T234430-cda65188c66f4e51a038f73fa83bf93d/record.json,/Users/liyu/Desktop/中文题目/A题研究/advanced_solver/runs/formal_v2/evaluations/attempts/20260924T234430-cda65188c66f4e51a038f73fa83bf93d/official_result.json.gz
case_030,3,5,560819,560198,11479040,7257600,0.11073091318233308,2808034,方案/p3/n5/case_030_multicore_res.json,/Users/liyu/Desktop/中文题目/A题研究/advanced_solver/runs/formal_v2/evaluations/attempts/20260924T235323-b2e312cd994f42b79e1bf5588df4fafb/record.json,/Users/liyu/Desktop/中文题目/A题研究/advanced_solver/runs/formal_v2/evaluations/attempts/20260924T235323-b2e312cd994f42b79e1bf5588df4fafb/official_result.json.gz
case_031,2,2,717771,716905,4680192,4631040,0.12065129407569097,1414369,方案/p2/n2/case_031_multicore_res.json,/Users/liyu/Desktop/中文题目/A题研究/advanced_solver/runs/formal_v2/evaluations/attempts/20260924T235347-f12aac3ba5314b329a4adde9bd1a1896/record.json,/Users/liyu/Desktop/中文题目/A题研究/advanced_solver/runs/formal_v2/evaluations/attempts/20260924T235347-f12aac3ba5314b329a4adde9bd1a1896/official_result.json.gz
case_031,2,3,485202,484947,7348224,7348224,0.05255543052171685,1414369,方案/p2/n3/case_031_multicore_res.json,/Users/liyu/Desktop/中文题目/A题研究/advanced_solver/runs/formal_v2/evaluations/attempts/20260924T233749-6144677c5beb43548ebee494f0bc8f08/record.json,/Users/liyu/Desktop/中文题目/A题研究/advanced_solver/runs/formal_v2/evaluations/attempts/20260924T233749-6144677c5beb43548ebee494f0bc8f08/official_result.json.gz
case_031,2,4,378248,376640,5047296,5047296,0.4251179120576931,1414369,方案/p2/n4/case_031_multicore_res.json,/Users/liyu/Desktop/中文题目/A题研究/advanced_solver/runs/formal_v2/evaluations/attempts/20260924T235348-d8f88ce9247d4888816ed2f1ad315506/record.json,/Users/liyu/Desktop/中文题目/A题研究/advanced_solver/runs/formal_v2/evaluations/attempts/20260924T235348-d8f88ce9247d4888816ed2f1ad315506/official_result.json.gz
case_031,3,2,727756,716807,4775424,4631040,1.5044877678782487,1414369,方案/p3/n2/case_031_multicore_res.json,/Users/liyu/Desktop/中文题目/A题研究/advanced_solver/runs/formal_v2/evaluations/attempts/20260924T234225-3942a185eb754210882f36d4c1f861c7/record.json,/Users/liyu/Desktop/中文题目/A题研究/advanced_solver/runs/formal_v2/evaluations/attempts/20260924T234225-3942a185eb754210882f36d4c1f861c7/official_result.json.gz
case_031,3,4,394555,376640,5660160,5047296,4.540558350546819,1414369,方案/p3/n4/case_031_multicore_res.json,/Users/liyu/Desktop/中文题目/A题研究/advanced_solver/runs/formal_v2/evaluations/attempts/20260924T234232-00871c9999b942a495e780fb1156b117/record.json,/Users/liyu/Desktop/中文题目/A题研究/advanced_solver/runs/formal_v2/evaluations/attempts/20260924T234232-00871c9999b942a495e780fb1156b117/official_result.json.gz
case_032,2,4,10061,9948,6144,10240,1.1231487923665684,41443,方案/p2/n4/case_032_multicore_res.json,/Users/liyu/Desktop/中文题目/A题研究/advanced_solver/runs/formal_v2/evaluations/attempts/20260924T233855-08ca03de87074ea08e0f285625d244e0/record.json,/Users/liyu/Desktop/中文题目/A题研究/advanced_solver/runs/formal_v2/evaluations/attempts/20260924T233855-08ca03de87074ea08e0f285625d244e0/official_result.json.gz
case_032,2,5,10061,9948,6144,10240,1.1231487923665684,41443,方案/p2/n5/case_032_multicore_res.json,/Users/liyu/Desktop/中文题目/A题研究/advanced_solver/runs/formal_v2/evaluations/attempts/20260924T235428-2b851dd7cbd44633ae6d26199764b574/record.json,/Users/liyu/Desktop/中文题目/A题研究/advanced_solver/runs/formal_v2/evaluations/attempts/20260924T235428-2b851dd7cbd44633ae6d26199764b574/official_result.json.gz
case_032,3,2,17616,17325,6216,6144,1.6519073569482234,41443,方案/p3/n2/case_032_multicore_res.json,/Users/liyu/Desktop/中文题目/A题研究/advanced_solver/runs/formal_v2/evaluations/attempts/20260924T233855-efa70ac218a34c3c93a3ed0deaa33c1e/record.json,/Users/liyu/Desktop/中文题目/A题研究/advanced_solver/runs/formal_v2/evaluations/attempts/20260924T233855-efa70ac218a34c3c93a3ed0deaa33c1e/official_result.json.gz
case_032,3,3,11874,11865,6144,6216,0.0757958564931771,41443,方案/p3/n3/case_032_multicore_res.json,/Users/liyu/Desktop/中文题目/A题研究/advanced_solver/runs/formal_v2/evaluations/attempts/20260924T233855-ccad26f4c90e48a6ade132e14042e02e/record.json,/Users/liyu/Desktop/中文题目/A题研究/advanced_solver/runs/formal_v2/evaluations/attempts/20260924T233855-ccad26f4c90e48a6ade132e14042e02e/official_result.json.gz
case_033,2,2,883929,881861,5776416,5770272,0.2339554421226131,1774196,方案/p2/n2/case_033_multicore_res.json,/Users/liyu/Desktop/中文题目/A题研究/advanced_solver/runs/formal_v2/evaluations/attempts/20260924T235414-80001cd804bb4f1a941dbed9e3892cc7/record.json,/Users/liyu/Desktop/中文题目/A题研究/advanced_solver/runs/formal_v2/evaluations/attempts/20260924T235414-80001cd804bb4f1a941dbed9e3892cc7/official_result.json.gz
case_033,2,3,593570,587547,6289440,6246432,1.0147076166248326,1774196,方案/p2/n3/case_033_multicore_res.json,/Users/liyu/Desktop/中文题目/A题研究/advanced_solver/runs/formal_v2/evaluations/attempts/20260924T235414-fc5da9ef72e647c5be4b1032c90c4ab0/record.json,/Users/liyu/Desktop/中文题目/A题研究/advanced_solver/runs/formal_v2/evaluations/attempts/20260924T235414-fc5da9ef72e647c5be4b1032c90c4ab0/official_result.json.gz
case_033,2,4,449670,442361,5571168,5376576,1.625414192630148,1774196,方案/p2/n4/case_033_multicore_res.json,/Users/liyu/Desktop/中文题目/A题研究/advanced_solver/runs/formal_v2/evaluations/attempts/20260924T235415-7c10ec734fd844f1ac72b16d4c616de0/record.json,/Users/liyu/Desktop/中文题目/A题研究/advanced_solver/runs/formal_v2/evaluations/attempts/20260924T235415-7c10ec734fd844f1ac72b16d4c616de0/official_result.json.gz
case_033,3,2,896894,880331,5877792,5770272,1.8467065227328994,1774196,方案/p3/n2/case_033_multicore_res.json,/Users/liyu/Desktop/中文题目/A题研究/advanced_solver/runs/formal_v2/evaluations/attempts/20260924T234043-02e9411b5356475ead86a68da81386be/record.json,/Users/liyu/Desktop/中文题目/A题研究/advanced_solver/runs/formal_v2/evaluations/attempts/20260924T234043-02e9411b5356475ead86a68da81386be/official_result.json.gz
case_033,3,3,601395,586217,6999108,6246432,2.523798834376745,1774196,方案/p3/n3/case_033_multicore_res.json,/Users/liyu/Desktop/中文题目/A题研究/advanced_solver/runs/formal_v2/evaluations/attempts/20260924T234044-a60b91f88ee3479e9c750500b396c620/record.json,/Users/liyu/Desktop/中文题目/A题研究/advanced_solver/runs/formal_v2/evaluations/attempts/20260924T234044-a60b91f88ee3479e9c750500b396c620/official_result.json.gz
case_033,3,4,456091,441272,5101632,5376576,3.249132300352342,1774196,方案/p3/n4/case_033_multicore_res.json,/Users/liyu/Desktop/中文题目/A题研究/advanced_solver/runs/formal_v2/evaluations/attempts/20260924T234047-dd0a985aa3eb4410ac81b8293a63d26e/record.json,/Users/liyu/Desktop/中文题目/A题研究/advanced_solver/runs/formal_v2/evaluations/attempts/20260924T234047-dd0a985aa3eb4410ac81b8293a63d26e/official_result.json.gz
case_034,2,2,384440,380968,1078784,1078784,0.9031318281136236,842996,方案/p2/n2/case_034_multicore_res.json,/Users/liyu/Desktop/中文题目/A题研究/advanced_solver/runs/formal_v2/evaluations/attempts/20260924T235404-d178da6795474a9091f27673cc1ff3c2/record.json,/Users/liyu/Desktop/中文题目/A题研究/advanced_solver/runs/formal_v2/evaluations/attempts/20260924T235404-d178da6795474a9091f27673cc1ff3c2/official_result.json.gz
case_034,2,3,262007,256145,1889280,1893376,2.2373448037647847,842996,方案/p2/n3/case_034_multicore_res.json,/Users/liyu/Desktop/中文题目/A题研究/advanced_solver/runs/formal_v2/evaluations/attempts/20260924T235404-72ea3d987db64bdea67b7389f3ff726c/record.json,/Users/liyu/Desktop/中文题目/A题研究/advanced_solver/runs/formal_v2/evaluations/attempts/20260924T235404-72ea3d987db64bdea67b7389f3ff726c/official_result.json.gz
case_034,2,4,195362,192378,2357760,2357760,1.5274208904495268,842996,方案/p2/n4/case_034_multicore_res.json,/Users/liyu/Desktop/中文题目/A题研究/advanced_solver/runs/formal_v2/evaluations/attempts/20260924T235405-108c3ebe862c4894a42a5aa53b0daffd/record.json,/Users/liyu/Desktop/中文题目/A题研究/advanced_solver/runs/formal_v2/evaluations/attempts/20260924T235405-108c3ebe862c4894a42a5aa53b0daffd/official_result.json.gz
case_034,3,2,389601,380968,1177088,1078784,2.215856735480659,842996,方案/p3/n2/case_034_multicore_res.json,/Users/liyu/Desktop/中文题目/A题研究/advanced_solver/runs/formal_v2/evaluations/attempts/20260924T234106-b0ace33747a44ca49a0cc0c36f3b49a0/record.json,/Users/liyu/Desktop/中文题目/A题研究/advanced_solver/runs/formal_v2/evaluations/attempts/20260924T234106-b0ace33747a44ca49a0cc0c36f3b49a0/official_result.json.gz
case_034,3,3,264333,256145,1889280,1893376,3.0976079414980373,842996,方案/p3/n3/case_034_multicore_res.json,/Users/liyu/Desktop/中文题目/A题研究/advanced_solver/runs/formal_v2/evaluations/attempts/20260924T234109-e09cfb2b7e074e529c4b0404e87dac46/record.json,/Users/liyu/Desktop/中文题目/A题研究/advanced_solver/runs/formal_v2/evaluations/attempts/20260924T234109-e09cfb2b7e074e529c4b0404e87dac46/official_result.json.gz
case_034,3,4,206482,192378,3059200,2357760,6.830619618174949,842996,方案/p3/n4/case_034_multicore_res.json,/Users/liyu/Desktop/中文题目/A题研究/advanced_solver/runs/formal_v2/evaluations/attempts/20260924T234109-1aa8295451ca4d5786269a4511eabe44/record.json,/Users/liyu/Desktop/中文题目/A题研究/advanced_solver/runs/formal_v2/evaluations/attempts/20260924T234109-1aa8295451ca4d5786269a4511eabe44/official_result.json.gz
case_034,3,5,163557,163174,2840580,2803712,0.2341691275824287,842996,方案/p3/n5/case_034_multicore_res.json,/Users/liyu/Desktop/中文题目/A题研究/advanced_solver/runs/formal_v2/evaluations/attempts/20260924T235405-76122108c8324a8f9e7a8989bc7cd6c6/record.json,/Users/liyu/Desktop/中文题目/A题研究/advanced_solver/runs/formal_v2/evaluations/attempts/20260924T235405-76122108c8324a8f9e7a8989bc7cd6c6/official_result.json.gz
case_035,1,3,95424,95406,0,0,0.018863179074446457,169571,方案/p1/n3/case_035_multicore_res.json,/Users/liyu/Desktop/中文题目/A题研究/advanced_solver/runs/formal_v2/evaluations/attempts/20260924T233150-35f16583e77045448436004975c24bb6/record.json,/Users/liyu/Desktop/中文题目/A题研究/advanced_solver/runs/formal_v2/evaluations/attempts/20260924T233150-35f16583e77045448436004975c24bb6/official_result.json.gz
case_035,1,4,95442,95406,0,0,0.03771924310052022,169571,方案/p1/n4/case_035_multicore_res.json,/Users/liyu/Desktop/中文题目/A题研究/advanced_solver/runs/formal_v2/evaluations/attempts/20260924T233151-e14462b1bffc447888af077fa0285b3e/record.json,/Users/liyu/Desktop/中文题目/A题研究/advanced_solver/runs/formal_v2/evaluations/attempts/20260924T233151-e14462b1bffc447888af077fa0285b3e/official_result.json.gz
case_035,2,4,57955,57103,1119718,1119718,1.4701061168147733,169571,方案/p2/n4/case_035_multicore_res.json,/Users/liyu/Desktop/中文题目/A题研究/advanced_solver/runs/formal_v2/evaluations/attempts/20260924T233836-60ccf8a6c03647ba80c830fa1b2e2f9d/record.json,/Users/liyu/Desktop/中文题目/A题研究/advanced_solver/runs/formal_v2/evaluations/attempts/20260924T233836-60ccf8a6c03647ba80c830fa1b2e2f9d/official_result.json.gz
case_038,2,2,680922,677265,6798976,6798848,0.5370659194445127,1364555,方案/p2/n2/case_038_multicore_res.json,/Users/liyu/Desktop/中文题目/A题研究/advanced_solver/runs/formal_v2/evaluations/attempts/20260924T235344-be03d74f63bf47c58d4dc3ed56b3e76b/record.json,/Users/liyu/Desktop/中文题目/A题研究/advanced_solver/runs/formal_v2/evaluations/attempts/20260924T235344-be03d74f63bf47c58d4dc3ed56b3e76b/official_result.json.gz
case_038,2,4,343442,339551,6811712,6811648,1.132942389107916,1364555,方案/p2/n4/case_038_multicore_res.json,/Users/liyu/Desktop/中文题目/A题研究/advanced_solver/runs/formal_v2/evaluations/attempts/20260924T233747-7142c042017640eabb5aadde413b7404/record.json,/Users/liyu/Desktop/中文题目/A题研究/advanced_solver/runs/formal_v2/evaluations/attempts/20260924T233747-7142c042017640eabb5aadde413b7404/official_result.json.gz
case_038,3,2,678824,677060,6798848,6798848,0.259861171673359,1364555,方案/p3/n2/case_038_multicore_res.json,/Users/liyu/Desktop/中文题目/A题研究/advanced_solver/runs/formal_v2/evaluations/attempts/20260924T234234-1d0dabf4390d48518698779f767ff817/record.json,/Users/liyu/Desktop/中文题目/A题研究/advanced_solver/runs/formal_v2/evaluations/attempts/20260924T234234-1d0dabf4390d48518698779f767ff817/official_result.json.gz
case_038,3,3,457550,457545,5411328,5411328,0.0010927767457147297,1364555,方案/p3/n3/case_038_multicore_res.json,/Users/liyu/Desktop/中文题目/A题研究/advanced_solver/runs/formal_v2/evaluations/attempts/20260924T234240-23f173fe868d4ec59c00f5b74d64df71/record.json,/Users/liyu/Desktop/中文题目/A题研究/advanced_solver/runs/formal_v2/evaluations/attempts/20260924T234240-23f173fe868d4ec59c00f5b74d64df71/official_result.json.gz
case_038,3,4,337975,337655,6811648,6811648,0.09468155928692434,1364555,方案/p3/n4/case_038_multicore_res.json,/Users/liyu/Desktop/中文题目/A题研究/advanced_solver/runs/formal_v2/evaluations/attempts/20260924T234245-f7b34012b8ac41be8122b5fe0db43629/record.json,/Users/liyu/Desktop/中文题目/A题研究/advanced_solver/runs/formal_v2/evaluations/attempts/20260924T234245-f7b34012b8ac41be8122b5fe0db43629/official_result.json.gz
case_039,3,3,481574,481474,14344192,14344192,0.02076524064837937,1435262,方案/p3/n3/case_039_multicore_res.json,/Users/liyu/Desktop/中文题目/A题研究/advanced_solver/runs/formal_v2/evaluations/attempts/20260924T234221-9b3a8bba6e5140c7ac23473f896956eb/record.json,/Users/liyu/Desktop/中文题目/A题研究/advanced_solver/runs/formal_v2/evaluations/attempts/20260924T234221-9b3a8bba6e5140c7ac23473f896956eb/official_result.json.gz
case_039,3,4,367725,367436,17604608,17604608,0.07859133863621359,1435262,方案/p3/n4/case_039_multicore_res.json,/Users/liyu/Desktop/中文题目/A题研究/advanced_solver/runs/formal_v2/evaluations/attempts/20260924T234223-70106763da8a41d8a500293571e3c026/record.json,/Users/liyu/Desktop/中文题目/A题研究/advanced_solver/runs/formal_v2/evaluations/attempts/20260924T234223-70106763da8a41d8a500293571e3c026/official_result.json.gz
case_040,1,4,110202,110105,53760,0,0.08802018112193943,253454,方案/p1/n4/case_040_multicore_res.json,/Users/liyu/Desktop/中文题目/A题研究/advanced_solver/runs/formal_v2/evaluations/attempts/20260924T233153-582ea16d28d745f9962763cc1050cc3f/record.json,/Users/liyu/Desktop/中文题目/A题研究/advanced_solver/runs/formal_v2/evaluations/attempts/20260924T233153-582ea16d28d745f9962763cc1050cc3f/official_result.json.gz
case_040,2,2,137941,137591,20540,20540,0.25373166788699164,253454,方案/p2/n2/case_040_multicore_res.json,/Users/liyu/Desktop/中文题目/A题研究/advanced_solver/runs/formal_v2/evaluations/attempts/20260924T233841-cd9eed6d8bdb44188fa5b9772834e5f1/record.json,/Users/liyu/Desktop/中文题目/A题研究/advanced_solver/runs/formal_v2/evaluations/attempts/20260924T233841-cd9eed6d8bdb44188fa5b9772834e5f1/official_result.json.gz
case_040,2,4,100182,100050,0,0,0.13176019644247638,253454,方案/p2/n4/case_040_multicore_res.json,/Users/liyu/Desktop/中文题目/A题研究/advanced_solver/runs/formal_v2/evaluations/attempts/20260924T233842-029565c4ff694f51bc3319006251c5eb/record.json,/Users/liyu/Desktop/中文题目/A题研究/advanced_solver/runs/formal_v2/evaluations/attempts/20260924T233842-029565c4ff694f51bc3319006251c5eb/official_result.json.gz
case_041,2,2,2992480,2990074,33490944,33490944,0.08040153985992005,6003957,方案/p2/n2/case_041_multicore_res.json,/Users/liyu/Desktop/中文题目/A题研究/advanced_solver/runs/formal_v2/evaluations/attempts/20260924T235244-57b23af7751f4ac28bd5958b3d386394/record.json,/Users/liyu/Desktop/中文题目/A题研究/advanced_solver/runs/formal_v2/evaluations/attempts/20260924T235244-57b23af7751f4ac28bd5958b3d386394/official_result.json.gz
case_041,3,2,2985862,2985657,33490944,33490944,0.006865689037205414,6003957,方案/p3/n2/case_041_multicore_res.json,/Users/liyu/Desktop/中文题目/A题研究/advanced_solver/runs/formal_v2/evaluations/attempts/20260924T234653-3ce1286330e940b8ac6b0510bbd1371c/record.json,/Users/liyu/Desktop/中文题目/A题研究/advanced_solver/runs/formal_v2/evaluations/attempts/20260924T234653-3ce1286330e940b8ac6b0510bbd1371c/official_result.json.gz
case_042,1,4,436254,433223,8484864,17044896,0.6947787298225316,1686740,方案/p1/n4/case_042_multicore_res.json,/Users/liyu/Desktop/中文题目/A题研究/advanced_solver/runs/formal_v2/evaluations/attempts/20260924T234417-c827f61441d24c43b47c0ee48b44e462/record.json,/Users/liyu/Desktop/中文题目/A题研究/advanced_solver/runs/formal_v2/evaluations/attempts/20260924T234417-c827f61441d24c43b47c0ee48b44e462/official_result.json.gz
case_042,2,2,840111,834436,7262496,7262496,0.6755059748057124,1686740,方案/p2/n2/case_042_multicore_res.json,/Users/liyu/Desktop/中文题目/A题研究/advanced_solver/runs/formal_v2/evaluations/attempts/20260924T235355-be6cce39ab84436086545f3b53e95870/record.json,/Users/liyu/Desktop/中文题目/A题研究/advanced_solver/runs/formal_v2/evaluations/attempts/20260924T235355-be6cce39ab84436086545f3b53e95870/official_result.json.gz
case_042,2,3,571947,566534,8251680,8258848,0.946416363753988,1686740,方案/p2/n3/case_042_multicore_res.json,/Users/liyu/Desktop/中文题目/A题研究/advanced_solver/runs/formal_v2/evaluations/attempts/20260924T235355-187d8774b5a64dcfbe1ab43bb5d6cfd4/record.json,/Users/liyu/Desktop/中文题目/A题研究/advanced_solver/runs/formal_v2/evaluations/attempts/20260924T235355-187d8774b5a64dcfbe1ab43bb5d6cfd4/official_result.json.gz
case_042,2,4,444135,437808,7130112,8924448,1.424566854672571,1686740,方案/p2/n4/case_042_multicore_res.json,/Users/liyu/Desktop/中文题目/A题研究/advanced_solver/runs/formal_v2/evaluations/attempts/20260924T235356-cde866a9331745b1ab5fa518bb1ff4d6/record.json,/Users/liyu/Desktop/中文题目/A题研究/advanced_solver/runs/formal_v2/evaluations/attempts/20260924T235356-cde866a9331745b1ab5fa518bb1ff4d6/official_result.json.gz
case_042,3,2,835401,833725,7262496,7262496,0.2006222161572757,1686740,方案/p3/n2/case_042_multicore_res.json,/Users/liyu/Desktop/中文题目/A题研究/advanced_solver/runs/formal_v2/evaluations/attempts/20260924T234143-fa9cc68b64084970848be84b49d5bd1a/record.json,/Users/liyu/Desktop/中文题目/A题研究/advanced_solver/runs/formal_v2/evaluations/attempts/20260924T234143-fa9cc68b64084970848be84b49d5bd1a/official_result.json.gz
case_042,3,3,567721,565883,8251680,8258848,0.3237505746660818,1686740,方案/p3/n3/case_042_multicore_res.json,/Users/liyu/Desktop/中文题目/A题研究/advanced_solver/runs/formal_v2/evaluations/attempts/20260924T234148-bef1a07827a549daa27d44c47bda118f/record.json,/Users/liyu/Desktop/中文题目/A题研究/advanced_solver/runs/formal_v2/evaluations/attempts/20260924T234148-bef1a07827a549daa27d44c47bda118f/official_result.json.gz
case_042,3,4,436193,433925,8924448,8924448,0.5199533234141795,1686740,方案/p3/n4/case_042_multicore_res.json,/Users/liyu/Desktop/中文题目/A题研究/advanced_solver/runs/formal_v2/evaluations/attempts/20260924T234149-1db6b38a4bfb4c5e9a30b473d2e4b37f/record.json,/Users/liyu/Desktop/中文题目/A题研究/advanced_solver/runs/formal_v2/evaluations/attempts/20260924T234149-1db6b38a4bfb4c5e9a30b473d2e4b37f/official_result.json.gz
case_043,1,2,355614,351328,556040,2398214,1.2052393887754698,677656,方案/p1/n2/case_043_multicore_res.json,/Users/liyu/Desktop/中文题目/A题研究/advanced_solver/runs/formal_v2/evaluations/attempts/20260924T234744-cc48913697cc4030934da3281ebd7080/record.json,/Users/liyu/Desktop/中文题目/A题研究/advanced_solver/runs/formal_v2/evaluations/attempts/20260924T234744-cc48913697cc4030934da3281ebd7080/official_result.json.gz
case_043,1,4,269193,266766,1198080,2819424,0.901583622159563,677656,方案/p1/n4/case_043_multicore_res.json,/Users/liyu/Desktop/中文题目/A题研究/advanced_solver/runs/formal_v2/evaluations/attempts/20260924T234807-489389af3fb64315b669ea7d561cdd9a/record.json,/Users/liyu/Desktop/中文题目/A题研究/advanced_solver/runs/formal_v2/evaluations/attempts/20260924T234807-489389af3fb64315b669ea7d561cdd9a/official_result.json.gz
case_043,2,2,352991,352934,458788,458788,0.0161477204801308,677656,方案/p2/n2/case_043_multicore_res.json,/Users/liyu/Desktop/中文题目/A题研究/advanced_solver/runs/formal_v2/evaluations/attempts/20260924T235323-9eedaa2c4b204a51a137768a25ab78b7/record.json,/Users/liyu/Desktop/中文题目/A题研究/advanced_solver/runs/formal_v2/evaluations/attempts/20260924T235323-9eedaa2c4b204a51a137768a25ab78b7/official_result.json.gz
case_043,2,5,170750,169830,6691004,6691004,0.5387994143484676,677656,方案/p2/n5/case_043_multicore_res.json,/Users/liyu/Desktop/中文题目/A题研究/advanced_solver/runs/formal_v2/evaluations/attempts/20260924T235325-105335a018ca4f788aab567d1249de58/record.json,/Users/liyu/Desktop/中文题目/A题研究/advanced_solver/runs/formal_v2/evaluations/attempts/20260924T235325-105335a018ca4f788aab567d1249de58/official_result.json.gz
case_043,3,2,352991,352934,458788,458788,0.0161477204801308,677656,方案/p3/n2/case_043_multicore_res.json,/Users/liyu/Desktop/中文题目/A题研究/advanced_solver/runs/formal_v2/evaluations/attempts/20260924T234411-5645b8fee2664a66b06d6bacfdec2a3b/record.json,/Users/liyu/Desktop/中文题目/A题研究/advanced_solver/runs/formal_v2/evaluations/attempts/20260924T234411-5645b8fee2664a66b06d6bacfdec2a3b/official_result.json.gz
case_043,3,4,255536,255399,1470490,1045530,0.05361279819673381,677656,方案/p3/n4/case_043_multicore_res.json,/Users/liyu/Desktop/中文题目/A题研究/advanced_solver/runs/formal_v2/evaluations/attempts/20260924T233717-84db0cbec2504913933d4dae307651fa/record.json,/Users/liyu/Desktop/中文题目/A题研究/advanced_solver/runs/formal_v2/evaluations/attempts/20260924T233717-84db0cbec2504913933d4dae307651fa/official_result.json.gz
case_044,1,3,97729,96349,280704,222208,1.4120680657737195,154407,方案/p1/n3/case_044_multicore_res.json,/Users/liyu/Desktop/中文题目/A题研究/advanced_solver/runs/formal_v2/evaluations/attempts/20260924T233154-6ea229a97c3d4b84aa0a73dcad38e481/record.json,/Users/liyu/Desktop/中文题目/A题研究/advanced_solver/runs/formal_v2/evaluations/attempts/20260924T233154-6ea229a97c3d4b84aa0a73dcad38e481/official_result.json.gz
case_044,1,4,97889,96349,368640,222208,1.5732104730868612,154407,方案/p1/n4/case_044_multicore_res.json,/Users/liyu/Desktop/中文题目/A题研究/advanced_solver/runs/formal_v2/evaluations/attempts/20260924T233155-41e23229570a4f4eb6eedd4abed5b4a2/record.json,/Users/liyu/Desktop/中文题目/A题研究/advanced_solver/runs/formal_v2/evaluations/attempts/20260924T233155-41e23229570a4f4eb6eedd4abed5b4a2/official_result.json.gz
case_044,2,3,54028,44806,1860800,1020512,17.06892722292145,154407,方案/p2/n3/case_044_multicore_res.json,/Users/liyu/Desktop/中文题目/A题研究/advanced_solver/runs/formal_v2/evaluations/attempts/20260924T233155-58706cf7bd064c7eac49bccbe734aeef/record.json,/Users/liyu/Desktop/中文题目/A题研究/advanced_solver/runs/formal_v2/evaluations/attempts/20260924T233155-58706cf7bd064c7eac49bccbe734aeef/official_result.json.gz
case_044,2,4,67402,44806,2832160,1020512,33.524227767722024,154407,方案/p2/n4/case_044_multicore_res.json,/Users/liyu/Desktop/中文题目/A题研究/advanced_solver/runs/formal_v2/evaluations/attempts/20260924T233155-addc4e3ca89541dcb0803dc064441e20/record.json,/Users/liyu/Desktop/中文题目/A题研究/advanced_solver/runs/formal_v2/evaluations/attempts/20260924T233155-addc4e3ca89541dcb0803dc064441e20/official_result.json.gz
case_044,3,2,44293,43843,1021024,1021024,1.0159618901406597,154407,方案/p3/n2/case_044_multicore_res.json,/Users/liyu/Desktop/中文题目/A题研究/advanced_solver/runs/formal_v2/evaluations/attempts/20260924T234020-b48b14644e164363909abfbc5a57b8c0/record.json,/Users/liyu/Desktop/中文题目/A题研究/advanced_solver/runs/formal_v2/evaluations/attempts/20260924T234020-b48b14644e164363909abfbc5a57b8c0/official_result.json.gz
case_044,3,3,44247,43843,1903808,1021024,0.9130562524012897,154407,方案/p3/n3/case_044_multicore_res.json,/Users/liyu/Desktop/中文题目/A题研究/advanced_solver/runs/formal_v2/evaluations/attempts/20260924T235538-f9ba198bac96426da56dd28e0ef55bfe/record.json,/Users/liyu/Desktop/中文题目/A题研究/advanced_solver/runs/formal_v2/evaluations/attempts/20260924T235538-f9ba198bac96426da56dd28e0ef55bfe/official_result.json.gz
case_044,3,4,48902,43843,4764064,1021024,10.345180156230827,154407,方案/p3/n4/case_044_multicore_res.json,/Users/liyu/Desktop/中文题目/A题研究/advanced_solver/runs/formal_v2/evaluations/attempts/20260924T235539-355263159faa44a78d875c37b9120777/record.json,/Users/liyu/Desktop/中文题目/A题研究/advanced_solver/runs/formal_v2/evaluations/attempts/20260924T235539-355263159faa44a78d875c37b9120777/official_result.json.gz
case_044,3,5,44247,43843,1903808,1021024,0.9130562524012897,154407,方案/p3/n5/case_044_multicore_res.json,/Users/liyu/Desktop/中文题目/A题研究/advanced_solver/runs/formal_v2/evaluations/attempts/20260924T235539-f4ef4e3f7f6148c384087e27fe5f32d2/record.json,/Users/liyu/Desktop/中文题目/A题研究/advanced_solver/runs/formal_v2/evaluations/attempts/20260924T235539-f4ef4e3f7f6148c384087e27fe5f32d2/official_result.json.gz
case_046,2,3,98226,97230,2570432,2502848,1.0139881497770453,276455,方案/p2/n3/case_046_multicore_res.json,/Users/liyu/Desktop/中文题目/A题研究/advanced_solver/runs/formal_v2/evaluations/attempts/20260924T233853-b01e931e1ec14268b6a56cfc1b119bfa/record.json,/Users/liyu/Desktop/中文题目/A题研究/advanced_solver/runs/formal_v2/evaluations/attempts/20260924T233853-b01e931e1ec14268b6a56cfc1b119bfa/official_result.json.gz
case_046,3,3,93554,92874,2502848,2435264,0.7268529405477064,276455,方案/p3/n3/case_046_multicore_res.json,/Users/liyu/Desktop/中文题目/A题研究/advanced_solver/runs/formal_v2/evaluations/attempts/20260924T234006-4bceecdd96e24b35b2cdbac553e38648/record.json,/Users/liyu/Desktop/中文题目/A题研究/advanced_solver/runs/formal_v2/evaluations/attempts/20260924T234006-4bceecdd96e24b35b2cdbac553e38648/official_result.json.gz
case_047,1,2,325238,323254,265938,501350,0.6100148199164934,326508,方案/p1/n2/case_047_multicore_res.json,/Users/liyu/Desktop/中文题目/A题研究/advanced_solver/runs/formal_v2/evaluations/attempts/20260924T235526-5b9235940ad34b0996fe4d5115e8eb77/record.json,/Users/liyu/Desktop/中文题目/A题研究/advanced_solver/runs/formal_v2/evaluations/attempts/20260924T235526-5b9235940ad34b0996fe4d5115e8eb77/official_result.json.gz
case_047,1,3,325720,323254,96076,501350,0.7570919808424392,326508,方案/p1/n3/case_047_multicore_res.json,/Users/liyu/Desktop/中文题目/A题研究/advanced_solver/runs/formal_v2/evaluations/attempts/20260924T235527-a2b6a7df09934371ad17f890b906cc35/record.json,/Users/liyu/Desktop/中文题目/A题研究/advanced_solver/runs/formal_v2/evaluations/attempts/20260924T235527-a2b6a7df09934371ad17f890b906cc35/official_result.json.gz
case_047,1,4,325238,323254,265938,501350,0.6100148199164934,326508,方案/p1/n4/case_047_multicore_res.json,/Users/liyu/Desktop/中文题目/A题研究/advanced_solver/runs/formal_v2/evaluations/attempts/20260924T235528-0b4589f97b574dc28c0d1649c0e3cfcd/record.json,/Users/liyu/Desktop/中文题目/A题研究/advanced_solver/runs/formal_v2/evaluations/attempts/20260924T235528-0b4589f97b574dc28c0d1649c0e3cfcd/official_result.json.gz
case_047,2,2,196688,185848,902662,902790,5.5112665744732725,326508,方案/p2/n2/case_047_multicore_res.json,/Users/liyu/Desktop/中文题目/A题研究/advanced_solver/runs/formal_v2/evaluations/attempts/20260924T233636-0b3f5f61f604479c89d597efc43b1e83/record.json,/Users/liyu/Desktop/中文题目/A题研究/advanced_solver/runs/formal_v2/evaluations/attempts/20260924T233636-0b3f5f61f604479c89d597efc43b1e83/official_result.json.gz
case_047,2,3,129324,128075,1560748,1560748,0.9657913457672196,326508,方案/p2/n3/case_047_multicore_res.json,/Users/liyu/Desktop/中文题目/A题研究/advanced_solver/runs/formal_v2/evaluations/attempts/20260924T233640-83e8518bcc8940f3851a9930be1edec2/record.json,/Users/liyu/Desktop/中文题目/A题研究/advanced_solver/runs/formal_v2/evaluations/attempts/20260924T233640-83e8518bcc8940f3851a9930be1edec2/official_result.json.gz
case_047,2,4,112277,110320,2114418,2112370,1.7430105898803894,326508,方案/p2/n4/case_047_multicore_res.json,/Users/liyu/Desktop/中文题目/A题研究/advanced_solver/runs/formal_v2/evaluations/attempts/20260924T233642-825ac19a4aef49dcb1b59460d0c38667/record.json,/Users/liyu/Desktop/中文题目/A题研究/advanced_solver/runs/formal_v2/evaluations/attempts/20260924T233642-825ac19a4aef49dcb1b59460d0c38667/official_result.json.gz
case_048,3,3,103968,103311,724876,725004,0.6319252077562343,222220,方案/p3/n3/case_048_multicore_res.json,/Users/liyu/Desktop/中文题目/A题研究/advanced_solver/runs/formal_v2/evaluations/attempts/20260924T234025-56308a008a3a4562949af5d054d62ee8/record.json,/Users/liyu/Desktop/中文题目/A题研究/advanced_solver/runs/formal_v2/evaluations/attempts/20260924T234025-56308a008a3a4562949af5d054d62ee8/official_result.json.gz
case_048,3,4,102062,101542,788432,792656,0.5094942289980642,222220,方案/p3/n4/case_048_multicore_res.json,/Users/liyu/Desktop/中文题目/A题研究/advanced_solver/runs/formal_v2/evaluations/attempts/20260924T234025-83510cda4846443788d6a32a9b717dc0/record.json,/Users/liyu/Desktop/中文题目/A题研究/advanced_solver/runs/formal_v2/evaluations/attempts/20260924T234025-83510cda4846443788d6a32a9b717dc0/official_result.json.gz
case_049,1,3,160224,142360,0,746906,11.149390852806073,196276,方案/p1/n3/case_049_multicore_res.json,/Users/liyu/Desktop/中文题目/A题研究/advanced_solver/runs/formal_v2/evaluations/attempts/20260924T234302-68328f9b820941d68a4b1fea7c4b376d/record.json,/Users/liyu/Desktop/中文题目/A题研究/advanced_solver/runs/formal_v2/evaluations/attempts/20260924T234302-68328f9b820941d68a4b1fea7c4b376d/official_result.json.gz
case_049,1,4,160242,141356,0,353564,11.785923790267216,196276,方案/p1/n4/case_049_multicore_res.json,/Users/liyu/Desktop/中文题目/A题研究/advanced_solver/runs/formal_v2/evaluations/attempts/20260924T234309-509e2add0b3d4bf7bbf17d4fd4d0156c/record.json,/Users/liyu/Desktop/中文题目/A题研究/advanced_solver/runs/formal_v2/evaluations/attempts/20260924T234309-509e2add0b3d4bf7bbf17d4fd4d0156c/official_result.json.gz
case_049,2,2,128585,121112,3165178,3169338,5.811719874013299,196276,方案/p2/n2/case_049_multicore_res.json,/Users/liyu/Desktop/中文题目/A题研究/advanced_solver/runs/formal_v2/evaluations/attempts/20260924T235410-f3995b00b89d4e9aac1999ecc5195a98/record.json,/Users/liyu/Desktop/中文题目/A题研究/advanced_solver/runs/formal_v2/evaluations/attempts/20260924T235410-f3995b00b89d4e9aac1999ecc5195a98/official_result.json.gz
case_049,2,3,94641,93625,3868720,3835440,1.0735304994664019,196276,方案/p2/n3/case_049_multicore_res.json,/Users/liyu/Desktop/中文题目/A题研究/advanced_solver/runs/formal_v2/evaluations/attempts/20260924T235410-c454199e8bc8472b88837642c168f4f2/record.json,/Users/liyu/Desktop/中文题目/A题研究/advanced_solver/runs/formal_v2/evaluations/attempts/20260924T235410-c454199e8bc8472b88837642c168f4f2/official_result.json.gz
case_049,3,2,123335,121088,3169338,3169338,1.8218672720638929,196276,方案/p3/n2/case_049_multicore_res.json,/Users/liyu/Desktop/中文题目/A题研究/advanced_solver/runs/formal_v2/evaluations/attempts/20260924T234051-65d1efd9f37742658f567184dce61718/record.json,/Users/liyu/Desktop/中文题目/A题研究/advanced_solver/runs/formal_v2/evaluations/attempts/20260924T234051-65d1efd9f37742658f567184dce61718/official_result.json.gz
case_049,3,3,91301,91236,3852080,3835440,0.0711930866036492,196276,方案/p3/n3/case_049_multicore_res.json,/Users/liyu/Desktop/中文题目/A题研究/advanced_solver/runs/formal_v2/evaluations/attempts/20260924T234055-d00cda8aedde4d2ab0e7479b84be52b5/record.json,/Users/liyu/Desktop/中文题目/A题研究/advanced_solver/runs/formal_v2/evaluations/attempts/20260924T234055-d00cda8aedde4d2ab0e7479b84be52b5/official_result.json.gz
case_050,1,2,108121,102445,3456,64082,5.249673976378322,149690,方案/p1/n2/case_050_multicore_res.json,/Users/liyu/Desktop/中文题目/A题研究/advanced_solver/runs/formal_v2/evaluations/attempts/20260924T234333-7ae10f63f60841efaa1ce5a9583a3f69/record.json,/Users/liyu/Desktop/中文题目/A题研究/advanced_solver/runs/formal_v2/evaluations/attempts/20260924T234333-7ae10f63f60841efaa1ce5a9583a3f69/official_result.json.gz
case_050,1,3,108134,91511,6912,466052,15.372593263913291,149690,方案/p1/n3/case_050_multicore_res.json,/Users/liyu/Desktop/中文题目/A题研究/advanced_solver/runs/formal_v2/evaluations/attempts/20260924T234333-ddf7dc011c7d4d888b57aae3c2abf162/record.json,/Users/liyu/Desktop/中文题目/A题研究/advanced_solver/runs/formal_v2/evaluations/attempts/20260924T234333-ddf7dc011c7d4d888b57aae3c2abf162/official_result.json.gz
case_050,1,4,108147,91511,6912,466052,15.382766049913544,149690,方案/p1/n4/case_050_multicore_res.json,/Users/liyu/Desktop/中文题目/A题研究/advanced_solver/runs/formal_v2/evaluations/attempts/20260924T235537-b048ab2ac5814878a2a13c98bd18b6aa/record.json,/Users/liyu/Desktop/中文题目/A题研究/advanced_solver/runs/formal_v2/evaluations/attempts/20260924T235537-b048ab2ac5814878a2a13c98bd18b6aa/official_result.json.gz
case_050,2,2,93560,88024,950954,950954,5.917058572039336,149690,方案/p2/n2/case_050_multicore_res.json,/Users/liyu/Desktop/中文题目/A题研究/advanced_solver/runs/formal_v2/evaluations/attempts/20260924T235403-c7db0e24b6974e5da356461f70ee0200/record.json,/Users/liyu/Desktop/中文题目/A题研究/advanced_solver/runs/formal_v2/evaluations/attempts/20260924T235403-c7db0e24b6974e5da356461f70ee0200/official_result.json.gz
case_050,2,3,56241,56006,1214252,1214252,0.41784463291903995,149690,方案/p2/n3/case_050_multicore_res.json,/Users/liyu/Desktop/中文题目/A题研究/advanced_solver/runs/formal_v2/evaluations/attempts/20260924T233818-e2cc39ba58e34e36b5dbdc13ca70d3f2/record.json,/Users/liyu/Desktop/中文题目/A题研究/advanced_solver/runs/formal_v2/evaluations/attempts/20260924T233818-e2cc39ba58e34e36b5dbdc13ca70d3f2/official_result.json.gz
case_050,2,4,60703,56006,1237226,1214252,7.737673591091054,149690,方案/p2/n4/case_050_multicore_res.json,/Users/liyu/Desktop/中文题目/A题研究/advanced_solver/runs/formal_v2/evaluations/attempts/20260924T233819-8e9b34c4a4424218b8a87a9872574070/record.json,/Users/liyu/Desktop/中文题目/A题研究/advanced_solver/runs/formal_v2/evaluations/attempts/20260924T233819-8e9b34c4a4424218b8a87a9872574070/official_result.json.gz
case_050,3,2,96808,87754,2791004,950954,9.35253284852492,149690,方案/p3/n2/case_050_multicore_res.json,/Users/liyu/Desktop/中文题目/A题研究/advanced_solver/runs/formal_v2/evaluations/attempts/20260924T234111-1403addb89854bcd895d33e470ac5aa4/record.json,/Users/liyu/Desktop/中文题目/A题研究/advanced_solver/runs/formal_v2/evaluations/attempts/20260924T234111-1403addb89854bcd895d33e470ac5aa4/official_result.json.gz
case_050,3,4,60574,55123,1237226,1214252,8.998910423614092,149690,方案/p3/n4/case_050_multicore_res.json,/Users/liyu/Desktop/中文题目/A题研究/advanced_solver/runs/formal_v2/evaluations/attempts/20260924T233148-1a7bfc58032145658201be4661f4dd2f/record.json,/Users/liyu/Desktop/中文题目/A题研究/advanced_solver/runs/formal_v2/evaluations/attempts/20260924T233148-1a7bfc58032145658201be4661f4dd2f/official_result.json.gz
case_052,2,2,86229,85972,102912,102912,0.29804358162567324,180301,方案/p2/n2/case_052_multicore_res.json,/Users/liyu/Desktop/中文题目/A题研究/advanced_solver/runs/formal_v2/evaluations/attempts/20260924T233849-4892af49b2404e5f8c0ad4b1cbe25ad4/record.json,/Users/liyu/Desktop/中文题目/A题研究/advanced_solver/runs/formal_v2/evaluations/attempts/20260924T233849-4892af49b2404e5f8c0ad4b1cbe25ad4/official_result.json.gz
case_052,2,3,55736,54776,181248,181248,1.7224056265250476,180301,方案/p2/n3/case_052_multicore_res.json,/Users/liyu/Desktop/中文题目/A题研究/advanced_solver/runs/formal_v2/evaluations/attempts/20260924T233850-477ba42993a542e5973c378be0b9c7a0/record.json,/Users/liyu/Desktop/中文题目/A题研究/advanced_solver/runs/formal_v2/evaluations/attempts/20260924T233850-477ba42993a542e5973c378be0b9c7a0/official_result.json.gz
case_052,2,4,40802,40702,259584,259584,0.24508602519484057,180301,方案/p2/n4/case_052_multicore_res.json,/Users/liyu/Desktop/中文题目/A题研究/advanced_solver/runs/formal_v2/evaluations/attempts/20260924T235424-0b5c3c06c39848158a2f31926f0c0a5f/record.json,/Users/liyu/Desktop/中文题目/A题研究/advanced_solver/runs/formal_v2/evaluations/attempts/20260924T235424-0b5c3c06c39848158a2f31926f0c0a5f/official_result.json.gz
case_052,3,4,42274,40702,259584,259584,3.71859771963855,180301,方案/p3/n4/case_052_multicore_res.json,/Users/liyu/Desktop/中文题目/A题研究/advanced_solver/runs/formal_v2/evaluations/attempts/20260924T234015-04cb7850524346c0a0e0397a805e48eb/record.json,/Users/liyu/Desktop/中文题目/A题研究/advanced_solver/runs/formal_v2/evaluations/attempts/20260924T234015-04cb7850524346c0a0e0397a805e48eb/official_result.json.gz
case_053,2,2,723842,709198,10834526,10834526,2.023093437518131,1472686,方案/p2/n2/case_053_multicore_res.json,/Users/liyu/Desktop/中文题目/A题研究/advanced_solver/runs/formal_v2/evaluations/attempts/20260924T235309-355a8373c16c459ea255b936ad57c74f/record.json,/Users/liyu/Desktop/中文题目/A题研究/advanced_solver/runs/formal_v2/evaluations/attempts/20260924T235309-355a8373c16c459ea255b936ad57c74f/official_result.json.gz
case_053,2,3,527257,526435,5882944,5882944,0.15590120188068157,1472686,方案/p2/n3/case_053_multicore_res.json,/Users/liyu/Desktop/中文题目/A题研究/advanced_solver/runs/formal_v2/evaluations/attempts/20260924T233659-6b63f0ff07024e288bab228f26d7f528/record.json,/Users/liyu/Desktop/中文题目/A题研究/advanced_solver/runs/formal_v2/evaluations/attempts/20260924T233659-6b63f0ff07024e288bab228f26d7f528/official_result.json.gz
case_053,2,4,473648,432146,6281120,17979556,8.762203155085635,1472686,方案/p2/n4/case_053_multicore_res.json,/Users/liyu/Desktop/中文题目/A题研究/advanced_solver/runs/formal_v2/evaluations/attempts/20260924T234934-1c24276f012e4257a366bf882542c4dd/record.json,/Users/liyu/Desktop/中文题目/A题研究/advanced_solver/runs/formal_v2/evaluations/attempts/20260924T234934-1c24276f012e4257a366bf882542c4dd/official_result.json.gz
case_053,2,5,453519,432146,21711392,17979556,4.7127022241626015,1472686,方案/p2/n5/case_053_multicore_res.json,/Users/liyu/Desktop/中文题目/A题研究/advanced_solver/runs/formal_v2/evaluations/attempts/20260924T235529-362c8cf5c8aa4e978f54c132e64b1e1f/record.json,/Users/liyu/Desktop/中文题目/A题研究/advanced_solver/runs/formal_v2/evaluations/attempts/20260924T235529-362c8cf5c8aa4e978f54c132e64b1e1f/official_result.json.gz
case_053,3,2,708285,707962,10834526,10834526,0.04560311174174325,1472686,方案/p3/n2/case_053_multicore_res.json,/Users/liyu/Desktop/中文题目/A题研究/advanced_solver/runs/formal_v2/evaluations/attempts/20260924T234435-a4781e36432f4efda8e5dde16a01d83d/record.json,/Users/liyu/Desktop/中文题目/A题研究/advanced_solver/runs/formal_v2/evaluations/attempts/20260924T234435-a4781e36432f4efda8e5dde16a01d83d/official_result.json.gz
case_053,3,4,402617,402244,17995940,17995940,0.09264387743189717,1472686,方案/p3/n4/case_053_multicore_res.json,/Users/liyu/Desktop/中文题目/A题研究/advanced_solver/runs/formal_v2/evaluations/attempts/20260924T234453-aeb3eed47ef640b8849092776005b40e/record.json,/Users/liyu/Desktop/中文题目/A题研究/advanced_solver/runs/formal_v2/evaluations/attempts/20260924T234453-aeb3eed47ef640b8849092776005b40e/official_result.json.gz
case_054,1,3,517986,517960,98304,49152,0.005019440679865372,815051,方案/p1/n3/case_054_multicore_res.json,/Users/liyu/Desktop/中文题目/A题研究/advanced_solver/runs/formal_v2/evaluations/attempts/20260924T233054-7c2754df744044aa9d235b175b121ce9/record.json,/Users/liyu/Desktop/中文题目/A题研究/advanced_solver/runs/formal_v2/evaluations/attempts/20260924T233054-7c2754df744044aa9d235b175b121ce9/official_result.json.gz
case_054,1,4,518015,517960,147456,49152,0.01061745316255358,815051,方案/p1/n4/case_054_multicore_res.json,/Users/liyu/Desktop/中文题目/A题研究/advanced_solver/runs/formal_v2/evaluations/attempts/20260924T233113-afcfac5782ad48729ca7c7fca18ad6fe/record.json,/Users/liyu/Desktop/中文题目/A题研究/advanced_solver/runs/formal_v2/evaluations/attempts/20260924T233113-afcfac5782ad48729ca7c7fca18ad6fe/official_result.json.gz
case_054,2,2,477137,467888,8223706,8232922,1.9384369688370429,815051,方案/p2/n2/case_054_multicore_res.json,/Users/liyu/Desktop/中文题目/A题研究/advanced_solver/runs/formal_v2/evaluations/attempts/20260924T235257-7fb94deccf69484987b9b121189d4251/record.json,/Users/liyu/Desktop/中文题目/A题研究/advanced_solver/runs/formal_v2/evaluations/attempts/20260924T235257-7fb94deccf69484987b9b121189d4251/official_result.json.gz
case_054,2,3,312014,306968,4798500,4800036,1.6172351240649419,815051,方案/p2/n3/case_054_multicore_res.json,/Users/liyu/Desktop/中文题目/A题研究/advanced_solver/runs/formal_v2/evaluations/attempts/20260924T235258-02329099c02545dcb585c5b7c44e27ac/record.json,/Users/liyu/Desktop/中文题目/A题研究/advanced_solver/runs/formal_v2/evaluations/attempts/20260924T235258-02329099c02545dcb585c5b7c44e27ac/official_result.json.gz
case_054,2,4,257464,252914,5695422,5695422,1.7672373613398351,815051,方案/p2/n4/case_054_multicore_res.json,/Users/liyu/Desktop/中文题目/A题研究/advanced_solver/runs/formal_v2/evaluations/attempts/20260924T235303-83fbd4227ec344d3b072fef9bb0a367b/record.json,/Users/liyu/Desktop/中文题目/A题研究/advanced_solver/runs/formal_v2/evaluations/attempts/20260924T235303-83fbd4227ec344d3b072fef9bb0a367b/official_result.json.gz
case_054,3,2,467502,467045,8232922,8232922,0.09775359249799553,815051,方案/p3/n2/case_054_multicore_res.json,/Users/liyu/Desktop/中文题目/A题研究/advanced_solver/runs/formal_v2/evaluations/attempts/20260924T234546-9f463b4252c74c0399f40d94233cdb16/record.json,/Users/liyu/Desktop/中文题目/A题研究/advanced_solver/runs/formal_v2/evaluations/attempts/20260924T234546-9f463b4252c74c0399f40d94233cdb16/official_result.json.gz
case_054,3,3,306878,306732,4800036,4800036,0.04757590964487024,815051,方案/p3/n3/case_054_multicore_res.json,/Users/liyu/Desktop/中文题目/A题研究/advanced_solver/runs/formal_v2/evaluations/attempts/20260924T234600-7289ee76d9254e689d902b443e434b95/record.json,/Users/liyu/Desktop/中文题目/A题研究/advanced_solver/runs/formal_v2/evaluations/attempts/20260924T234600-7289ee76d9254e689d902b443e434b95/official_result.json.gz
case_054,3,4,254498,250944,5695422,5695422,1.3964746284843121,815051,方案/p3/n4/case_054_multicore_res.json,/Users/liyu/Desktop/中文题目/A题研究/advanced_solver/runs/formal_v2/evaluations/attempts/20260924T234615-70f47d4a1440493ebb647f5ef1f695bb/record.json,/Users/liyu/Desktop/中文题目/A题研究/advanced_solver/runs/formal_v2/evaluations/attempts/20260924T234615-70f47d4a1440493ebb647f5ef1f695bb/official_result.json.gz
case_055,2,2,51836,51558,16384,16384,0.5363068137973603,118835,方案/p2/n2/case_055_multicore_res.json,/Users/liyu/Desktop/中文题目/A题研究/advanced_solver/runs/formal_v2/evaluations/attempts/20260924T233849-b40387cfd56a4fcf85a86f0fd7920ee6/record.json,/Users/liyu/Desktop/中文题目/A题研究/advanced_solver/runs/formal_v2/evaluations/attempts/20260924T233849-b40387cfd56a4fcf85a86f0fd7920ee6/official_result.json.gz
case_055,2,3,40867,40867,82432,68608,0.0,118835,方案/p2/n3/case_055_multicore_res.json,/Users/liyu/Desktop/中文题目/A题研究/advanced_solver/runs/formal_v2/evaluations/attempts/20260924T235423-87855d0c87c54367b2ccbf5ee3bc84f9/record.json,/Users/liyu/Desktop/中文题目/A题研究/advanced_solver/runs/formal_v2/evaluations/attempts/20260924T235423-87855d0c87c54367b2ccbf5ee3bc84f9/official_result.json.gz
case_055,3,2,51558,51557,16384,16384,0.0019395632103624827,118835,方案/p3/n2/case_055_multicore_res.json,/Users/liyu/Desktop/中文题目/A题研究/advanced_solver/runs/formal_v2/evaluations/attempts/20260924T234016-9476124cceac422ebdf59f46c01895c7/record.json,/Users/liyu/Desktop/中文题目/A题研究/advanced_solver/runs/formal_v2/evaluations/attempts/20260924T234016-9476124cceac422ebdf59f46c01895c7/official_result.json.gz
case_055,3,3,41395,40867,68608,68608,1.2755163667109604,118835,方案/p3/n3/case_055_multicore_res.json,/Users/liyu/Desktop/中文题目/A题研究/advanced_solver/runs/formal_v2/evaluations/attempts/20260924T234016-63b42c1302664bf08fc29a81085fb534/record.json,/Users/liyu/Desktop/中文题目/A题研究/advanced_solver/runs/formal_v2/evaluations/attempts/20260924T234016-63b42c1302664bf08fc29a81085fb534/official_result.json.gz
case_055,3,5,26309,26309,198656,157184,0.0,118835,方案/p3/n5/case_055_multicore_res.json,/Users/liyu/Desktop/中文题目/A题研究/advanced_solver/runs/formal_v2/evaluations/attempts/20260924T235424-0e9de8f63ef44aa28412c6e576a8d20b/record.json,/Users/liyu/Desktop/中文题目/A题研究/advanced_solver/runs/formal_v2/evaluations/attempts/20260924T235424-0e9de8f63ef44aa28412c6e576a8d20b/official_result.json.gz
case_056,1,3,265728,255706,0,110810,3.7715257707129135,277285,方案/p1/n3/case_056_multicore_res.json,/Users/liyu/Desktop/中文题目/A题研究/advanced_solver/runs/formal_v2/evaluations/attempts/20260924T234649-7de84a86a90e4adbb940227b2f302383/record.json,/Users/liyu/Desktop/中文题目/A题研究/advanced_solver/runs/formal_v2/evaluations/attempts/20260924T234649-7de84a86a90e4adbb940227b2f302383/official_result.json.gz
case_056,1,4,265746,222412,0,952620,16.306548358206708,277285,方案/p1/n4/case_056_multicore_res.json,/Users/liyu/Desktop/中文题目/A题研究/advanced_solver/runs/formal_v2/evaluations/attempts/20260924T234700-1103c5c34d3a4d98badd662b6c7c18ee/record.json,/Users/liyu/Desktop/中文题目/A题研究/advanced_solver/runs/formal_v2/evaluations/attempts/20260924T234700-1103c5c34d3a4d98badd662b6c7c18ee/official_result.json.gz
case_056,2,2,186853,172826,3631650,3631650,7.5069707202988445,277285,方案/p2/n2/case_056_multicore_res.json,/Users/liyu/Desktop/中文题目/A题研究/advanced_solver/runs/formal_v2/evaluations/attempts/20260924T235339-0dd009b72cc546ccacdd10e618047659/record.json,/Users/liyu/Desktop/中文题目/A题研究/advanced_solver/runs/formal_v2/evaluations/attempts/20260924T235339-0dd009b72cc546ccacdd10e618047659/official_result.json.gz
case_056,2,3,126294,125443,5730556,5730556,0.673824568071324,277285,方案/p2/n3/case_056_multicore_res.json,/Users/liyu/Desktop/中文题目/A题研究/advanced_solver/runs/formal_v2/evaluations/attempts/20260924T233735-89c11fc84cdc4513bf276d36589228c0/record.json,/Users/liyu/Desktop/中文题目/A题研究/advanced_solver/runs/formal_v2/evaluations/attempts/20260924T233735-89c11fc84cdc4513bf276d36589228c0/official_result.json.gz
case_056,2,4,128265,125443,5819338,5730556,2.2001325381047043,277285,方案/p2/n4/case_056_multicore_res.json,/Users/liyu/Desktop/中文题目/A题研究/advanced_solver/runs/formal_v2/evaluations/attempts/20260924T235532-941bb715e0684faa859f641f68b0050c/record.json,/Users/liyu/Desktop/中文题目/A题研究/advanced_solver/runs/formal_v2/evaluations/attempts/20260924T235532-941bb715e0684faa859f641f68b0050c/official_result.json.gz
case_056,3,2,175078,172496,3631650,3631650,1.4747712448165973,277285,方案/p3/n2/case_056_multicore_res.json,/Users/liyu/Desktop/中文题目/A题研究/advanced_solver/runs/formal_v2/evaluations/attempts/20260924T234310-cd5e61f8fca24136a569c6411e9239be/record.json,/Users/liyu/Desktop/中文题目/A题研究/advanced_solver/runs/formal_v2/evaluations/attempts/20260924T234310-cd5e61f8fca24136a569c6411e9239be/official_result.json.gz
case_057,1,2,33730,33201,288,70272,1.5683367921731417,59726,方案/p1/n2/case_057_multicore_res.json,/Users/liyu/Desktop/中文题目/A题研究/advanced_solver/runs/formal_v2/evaluations/attempts/20260924T234142-b6952cd4a48e4e88ab18371dd7947491/record.json,/Users/liyu/Desktop/中文题目/A题研究/advanced_solver/runs/formal_v2/evaluations/attempts/20260924T234142-b6952cd4a48e4e88ab18371dd7947491/official_result.json.gz
case_057,1,3,25250,22973,288,70272,9.017821782178215,59726,方案/p1/n3/case_057_multicore_res.json,/Users/liyu/Desktop/中文题目/A题研究/advanced_solver/runs/formal_v2/evaluations/attempts/20260924T234142-7a69754e2a56452e8c167a9f13944cc1/record.json,/Users/liyu/Desktop/中文题目/A题研究/advanced_solver/runs/formal_v2/evaluations/attempts/20260924T234142-7a69754e2a56452e8c167a9f13944cc1/official_result.json.gz
case_057,1,4,20957,18187,288,70272,13.217540678532236,59726,方案/p1/n4/case_057_multicore_res.json,/Users/liyu/Desktop/中文题目/A题研究/advanced_solver/runs/formal_v2/evaluations/attempts/20260924T234143-2cc2aa2a980847cebc246ce9cf9b3dd3/record.json,/Users/liyu/Desktop/中文题目/A题研究/advanced_solver/runs/formal_v2/evaluations/attempts/20260924T234143-2cc2aa2a980847cebc246ce9cf9b3dd3/official_result.json.gz
case_057,2,2,32479,32260,295200,1186582,0.6742818436528242,59726,方案/p2/n2/case_057_multicore_res.json,/Users/liyu/Desktop/中文题目/A题研究/advanced_solver/runs/formal_v2/evaluations/attempts/20260924T235427-8292008a0270427a83159cb5e7fb8502/record.json,/Users/liyu/Desktop/中文题目/A题研究/advanced_solver/runs/formal_v2/evaluations/attempts/20260924T235427-8292008a0270427a83159cb5e7fb8502/official_result.json.gz
case_057,2,3,22235,22235,65824,57640,0.0,59726,方案/p2/n3/case_057_multicore_res.json,/Users/liyu/Desktop/中文题目/A题研究/advanced_solver/runs/formal_v2/evaluations/attempts/20260924T235427-02bc9c28e8ca47b5be039e05d35957c3/record.json,/Users/liyu/Desktop/中文题目/A题研究/advanced_solver/runs/formal_v2/evaluations/attempts/20260924T235427-02bc9c28e8ca47b5be039e05d35957c3/official_result.json.gz
case_057,3,2,29720,29663,1186582,1186582,0.1917900403768491,59726,方案/p3/n2/case_057_multicore_res.json,/Users/liyu/Desktop/中文题目/A题研究/advanced_solver/runs/formal_v2/evaluations/attempts/20260924T234002-b3eace77427f4a12aa6650b37108f72d/record.json,/Users/liyu/Desktop/中文题目/A题研究/advanced_solver/runs/formal_v2/evaluations/attempts/20260924T234002-b3eace77427f4a12aa6650b37108f72d/official_result.json.gz
case_057,3,3,22235,22235,61732,57640,0.0,59726,方案/p3/n3/case_057_multicore_res.json,/Users/liyu/Desktop/中文题目/A题研究/advanced_solver/runs/formal_v2/evaluations/attempts/20260924T234003-1b61bf4d04a140bbbbe9106a1494cdb2/record.json,/Users/liyu/Desktop/中文题目/A题研究/advanced_solver/runs/formal_v2/evaluations/attempts/20260924T234003-1b61bf4d04a140bbbbe9106a1494cdb2/official_result.json.gz
case_058,2,2,2266191,2263305,29569024,29569024,0.1273502542371796,4539717,方案/p2/n2/case_058_multicore_res.json,/Users/liyu/Desktop/中文题目/A题研究/advanced_solver/runs/formal_v2/evaluations/attempts/20260924T233540-aff30ef95ddf41cca24cedbfb0b00cf3/record.json,/Users/liyu/Desktop/中文题目/A题研究/advanced_solver/runs/formal_v2/evaluations/attempts/20260924T233540-aff30ef95ddf41cca24cedbfb0b00cf3/official_result.json.gz
case_058,2,3,1554831,1554261,30400512,30400512,0.036659932815852336,4539717,方案/p2/n3/case_058_multicore_res.json,/Users/liyu/Desktop/中文题目/A题研究/advanced_solver/runs/formal_v2/evaluations/attempts/20260924T233548-e1a5a0b09b104d7289b918028e4a8692/record.json,/Users/liyu/Desktop/中文题目/A题研究/advanced_solver/runs/formal_v2/evaluations/attempts/20260924T233548-e1a5a0b09b104d7289b918028e4a8692/official_result.json.gz
case_058,2,4,1132993,1131299,34217984,34217984,0.14951548685649962,4539717,方案/p2/n4/case_058_multicore_res.json,/Users/liyu/Desktop/中文题目/A题研究/advanced_solver/runs/formal_v2/evaluations/attempts/20260924T233548-3985e6a60daa434a8b19248e7f8eac6f/record.json,/Users/liyu/Desktop/中文题目/A题研究/advanced_solver/runs/formal_v2/evaluations/attempts/20260924T233548-3985e6a60daa434a8b19248e7f8eac6f/official_result.json.gz
case_058,3,4,1128019,1126957,34217984,34217984,0.09414735035491173,4539717,方案/p3/n4/case_058_multicore_res.json,/Users/liyu/Desktop/中文题目/A题研究/advanced_solver/runs/formal_v2/evaluations/attempts/20260924T234738-a63ef1c18e7449b494c75167d440e6a5/record.json,/Users/liyu/Desktop/中文题目/A题研究/advanced_solver/runs/formal_v2/evaluations/attempts/20260924T234738-a63ef1c18e7449b494c75167d440e6a5/official_result.json.gz
case_059,3,5,150736,150736,1802240,1757184,0.0,829473,方案/p3/n5/case_059_multicore_res.json,/Users/liyu/Desktop/中文题目/A题研究/advanced_solver/runs/formal_v2/evaluations/attempts/20260924T235417-5f1c424facb044f5bcd840e29a0fda10/record.json,/Users/liyu/Desktop/中文题目/A题研究/advanced_solver/runs/formal_v2/evaluations/attempts/20260924T235417-5f1c424facb044f5bcd840e29a0fda10/official_result.json.gz
case_060,1,3,321713,312009,8109056,8109056,3.0163530848924314,888789,方案/p1/n3/case_060_multicore_res.json,/Users/liyu/Desktop/中文题目/A题研究/advanced_solver/runs/formal_v2/evaluations/attempts/20260924T234535-b1b3f663d7114539b45b817863387ddb/record.json,/Users/liyu/Desktop/中文题目/A题研究/advanced_solver/runs/formal_v2/evaluations/attempts/20260924T234535-b1b3f663d7114539b45b817863387ddb/official_result.json.gz
case_060,2,2,431712,427562,2034816,2034816,0.9612890074864766,888789,方案/p2/n2/case_060_multicore_res.json,/Users/liyu/Desktop/中文题目/A题研究/advanced_solver/runs/formal_v2/evaluations/attempts/20260924T233757-5b74056a914a479cacaf0f0ac6ce53ce/record.json,/Users/liyu/Desktop/中文题目/A题研究/advanced_solver/runs/formal_v2/evaluations/attempts/20260924T233757-5b74056a914a479cacaf0f0ac6ce53ce/official_result.json.gz
case_060,2,3,303604,298513,1905664,1904640,1.676855377399511,888789,方案/p2/n3/case_060_multicore_res.json,/Users/liyu/Desktop/中文题目/A题研究/advanced_solver/runs/formal_v2/evaluations/attempts/20260924T233757-0cc44363e3334303a0084c9a0c218b00/record.json,/Users/liyu/Desktop/中文题目/A题研究/advanced_solver/runs/formal_v2/evaluations/attempts/20260924T233757-0cc44363e3334303a0084c9a0c218b00/official_result.json.gz
case_060,2,4,231537,228155,3979520,3979520,1.4606736720265023,888789,方案/p2/n4/case_060_multicore_res.json,/Users/liyu/Desktop/中文题目/A题研究/advanced_solver/runs/formal_v2/evaluations/attempts/20260924T235351-02350d449933488ab768c480ae5207e3/record.json,/Users/liyu/Desktop/中文题目/A题研究/advanced_solver/runs/formal_v2/evaluations/attempts/20260924T235351-02350d449933488ab768c480ae5207e3/official_result.json.gz
case_060,3,3,298487,298485,1904640,1904640,0.0006700459316499874,888789,方案/p3/n3/case_060_multicore_res.json,/Users/liyu/Desktop/中文题目/A题研究/advanced_solver/runs/formal_v2/evaluations/attempts/20260924T234211-070bfa3f056941f79a2c1aa500cd079d/record.json,/Users/liyu/Desktop/中文题目/A题研究/advanced_solver/runs/formal_v2/evaluations/attempts/20260924T234211-070bfa3f056941f79a2c1aa500cd079d/official_result.json.gz
case_060,3,4,228568,226610,3979520,3979520,0.8566378495677429,888789,方案/p3/n4/case_060_multicore_res.json,/Users/liyu/Desktop/中文题目/A题研究/advanced_solver/runs/formal_v2/evaluations/attempts/20260924T234214-843ddba2fa0b4e3285c99eb7705b64dc/record.json,/Users/liyu/Desktop/中文题目/A题研究/advanced_solver/runs/formal_v2/evaluations/attempts/20260924T234214-843ddba2fa0b4e3285c99eb7705b64dc/official_result.json.gz
case_061,1,4,27170,26992,62208,278016,0.655134339344865,77191,方案/p1/n4/case_061_multicore_res.json,/Users/liyu/Desktop/中文题目/A题研究/advanced_solver/runs/formal_v2/evaluations/attempts/20260924T234158-b348c55ca78d4428b6345090216f0827/record.json,/Users/liyu/Desktop/中文题目/A题研究/advanced_solver/runs/formal_v2/evaluations/attempts/20260924T234158-b348c55ca78d4428b6345090216f0827/official_result.json.gz
case_061,2,2,39298,38566,34560,34560,1.8626902132424017,77191,方案/p2/n2/case_061_multicore_res.json,/Users/liyu/Desktop/中文题目/A题研究/advanced_solver/runs/formal_v2/evaluations/attempts/20260924T233848-0e0f0d4800f54f33b1687b0dbe125d49/record.json,/Users/liyu/Desktop/中文题目/A题研究/advanced_solver/runs/formal_v2/evaluations/attempts/20260924T233848-0e0f0d4800f54f33b1687b0dbe125d49/official_result.json.gz
case_061,2,3,26642,25837,43008,43008,3.021544929059383,77191,方案/p2/n3/case_061_multicore_res.json,/Users/liyu/Desktop/中文题目/A题研究/advanced_solver/runs/formal_v2/evaluations/attempts/20260924T235423-7a8228fee37d49e2a09442c7a4ffe4e0/record.json,/Users/liyu/Desktop/中文题目/A题研究/advanced_solver/runs/formal_v2/evaluations/attempts/20260924T235423-7a8228fee37d49e2a09442c7a4ffe4e0/official_result.json.gz
case_061,3,3,26130,25837,43008,43008,1.1213164944508192,77191,方案/p3/n3/case_061_multicore_res.json,/Users/liyu/Desktop/中文题目/A题研究/advanced_solver/runs/formal_v2/evaluations/attempts/20260924T234017-102bc056bb304ebfbf43236d5826f5c3/record.json,/Users/liyu/Desktop/中文题目/A题研究/advanced_solver/runs/formal_v2/evaluations/attempts/20260924T234017-102bc056bb304ebfbf43236d5826f5c3/official_result.json.gz
case_062,1,3,2835886,2784050,63241728,43739136,1.8278590888350266,2854809,方案/p1/n3/case_062_multicore_res.json,/Users/liyu/Desktop/中文题目/A题研究/advanced_solver/runs/formal_v2/evaluations/attempts/20260924T233048-7e72da9656fb4001b0e04b41bb1c29a9/record.json,/Users/liyu/Desktop/中文题目/A题研究/advanced_solver/runs/formal_v2/evaluations/attempts/20260924T233048-7e72da9656fb4001b0e04b41bb1c29a9/official_result.json.gz
case_062,3,2,1578725,1578487,10951680,10948608,0.015075456460122982,2854809,方案/p3/n2/case_062_multicore_res.json,/Users/liyu/Desktop/中文题目/A题研究/advanced_solver/runs/formal_v2/evaluations/attempts/20260924T233456-6802cc64ee434a2aaf00fc3db9bd8e0c/record.json,/Users/liyu/Desktop/中文题目/A题研究/advanced_solver/runs/formal_v2/evaluations/attempts/20260924T233456-6802cc64ee434a2aaf00fc3db9bd8e0c/official_result.json.gz
case_063,1,2,1044349,545276,16395264,99840,47.78795211179404,1070397,方案/p1/n2/case_063_multicore_res.json,/Users/liyu/Desktop/中文题目/A题研究/advanced_solver/runs/formal_v2/evaluations/attempts/20260924T234724-78606794a3d14b51975e8bf7c8ffc35b/record.json,/Users/liyu/Desktop/中文题目/A题研究/advanced_solver/runs/formal_v2/evaluations/attempts/20260924T234724-78606794a3d14b51975e8bf7c8ffc35b/official_result.json.gz
case_063,1,3,1052062,523847,23692800,2552832,50.2075923282088,1070397,方案/p1/n3/case_063_multicore_res.json,/Users/liyu/Desktop/中文题目/A题研究/advanced_solver/runs/formal_v2/evaluations/attempts/20260924T234727-856a0e104db64c2b9d0e1fe1306c18c9/record.json,/Users/liyu/Desktop/中文题目/A题研究/advanced_solver/runs/formal_v2/evaluations/attempts/20260924T234727-856a0e104db64c2b9d0e1fe1306c18c9/official_result.json.gz
case_063,1,4,938717,416043,31572480,6394368,55.679613770710446,1070397,方案/p1/n4/case_063_multicore_res.json,/Users/liyu/Desktop/中文题目/A题研究/advanced_solver/runs/formal_v2/evaluations/attempts/20260924T234728-e2dbb5fcda8848aab249a053b290e7c7/record.json,/Users/liyu/Desktop/中文题目/A题研究/advanced_solver/runs/formal_v2/evaluations/attempts/20260924T234728-e2dbb5fcda8848aab249a053b290e7c7/official_result.json.gz
case_063,1,5,464830,416043,8830464,6394368,10.495665081857886,1070397,方案/p1/n5/case_063_multicore_res.json,/Users/liyu/Desktop/中文题目/A题研究/advanced_solver/runs/formal_v2/evaluations/attempts/20260924T235530-3bba66ddf88f448babc0703874795611/record.json,/Users/liyu/Desktop/中文题目/A题研究/advanced_solver/runs/formal_v2/evaluations/attempts/20260924T235530-3bba66ddf88f448babc0703874795611/official_result.json.gz
case_063,2,3,352688,335762,7021056,6199296,4.799142584947602,1070397,方案/p2/n3/case_063_multicore_res.json,/Users/liyu/Desktop/中文题目/A题研究/advanced_solver/runs/formal_v2/evaluations/attempts/20260924T235326-0c1efcc9a8cc4cc28a06b3aebd8de3d8/record.json,/Users/liyu/Desktop/中文题目/A题研究/advanced_solver/runs/formal_v2/evaluations/attempts/20260924T235326-0c1efcc9a8cc4cc28a06b3aebd8de3d8/official_result.json.gz
case_063,2,4,275977,273116,7417344,6474240,1.0366805929479583,1070397,方案/p2/n4/case_063_multicore_res.json,/Users/liyu/Desktop/中文题目/A题研究/advanced_solver/runs/formal_v2/evaluations/attempts/20260924T233719-d9e6034c0d78483b8ec5eb9d7f2b561a/record.json,/Users/liyu/Desktop/中文题目/A题研究/advanced_solver/runs/formal_v2/evaluations/attempts/20260924T233719-d9e6034c0d78483b8ec5eb9d7f2b561a/official_result.json.gz
case_063,3,3,337562,335063,6213120,6199296,0.7403084470408383,1070397,方案/p3/n3/case_063_multicore_res.json,/Users/liyu/Desktop/中文题目/A题研究/advanced_solver/runs/formal_v2/evaluations/attempts/20260924T234357-ab448bb29a05452686cb5809a1678eb3/record.json,/Users/liyu/Desktop/中文题目/A题研究/advanced_solver/runs/formal_v2/evaluations/attempts/20260924T234357-ab448bb29a05452686cb5809a1678eb3/official_result.json.gz
case_064,1,2,19116,17896,0,48856,6.382088302992262,19116,方案/p1/n2/case_064_multicore_res.json,/Users/liyu/Desktop/中文题目/A题研究/advanced_solver/runs/formal_v2/evaluations/attempts/20260924T234143-636f4e2547334afd86f0b7956c95c1ed/record.json,/Users/liyu/Desktop/中文题目/A题研究/advanced_solver/runs/formal_v2/evaluations/attempts/20260924T234143-636f4e2547334afd86f0b7956c95c1ed/official_result.json.gz
case_064,1,3,19116,17896,0,48856,6.382088302992262,19116,方案/p1/n3/case_064_multicore_res.json,/Users/liyu/Desktop/中文题目/A题研究/advanced_solver/runs/formal_v2/evaluations/attempts/20260924T235539-2cbe7ffccc0747de8b66e430f634c37e/record.json,/Users/liyu/Desktop/中文题目/A题研究/advanced_solver/runs/formal_v2/evaluations/attempts/20260924T235539-2cbe7ffccc0747de8b66e430f634c37e/official_result.json.gz
case_064,1,4,19116,16863,0,48856,11.78593848085373,19116,方案/p1/n4/case_064_multicore_res.json,/Users/liyu/Desktop/中文题目/A题研究/advanced_solver/runs/formal_v2/evaluations/attempts/20260924T234144-3d6e27c715874dff9ca2fdc88faef86b/record.json,/Users/liyu/Desktop/中文题目/A题研究/advanced_solver/runs/formal_v2/evaluations/attempts/20260924T234144-3d6e27c715874dff9ca2fdc88faef86b/official_result.json.gz
case_064,1,5,17325,16863,79816,48856,2.6666666666666616,19116,方案/p1/n5/case_064_multicore_res.json,/Users/liyu/Desktop/中文题目/A题研究/advanced_solver/runs/formal_v2/evaluations/attempts/20260924T235539-557fdbedd5484aee8f4465a8e4dec59e/record.json,/Users/liyu/Desktop/中文题目/A题研究/advanced_solver/runs/formal_v2/evaluations/attempts/20260924T235539-557fdbedd5484aee8f4465a8e4dec59e/official_result.json.gz
case_064,2,2,14632,14566,33828,33828,0.4510661563696061,19116,方案/p2/n2/case_064_multicore_res.json,/Users/liyu/Desktop/中文题目/A题研究/advanced_solver/runs/formal_v2/evaluations/attempts/20260924T233854-3bf352ee29124c82adea2a6a3b71eb75/record.json,/Users/liyu/Desktop/中文题目/A题研究/advanced_solver/runs/formal_v2/evaluations/attempts/20260924T233854-3bf352ee29124c82adea2a6a3b71eb75/official_result.json.gz
case_064,2,3,10971,10854,102252,102764,1.066447908121415,19116,方案/p2/n3/case_064_multicore_res.json,/Users/liyu/Desktop/中文题目/A题研究/advanced_solver/runs/formal_v2/evaluations/attempts/20260924T233854-dca672da6d4e4c0b806a7e6ce839d4c7/record.json,/Users/liyu/Desktop/中文题目/A题研究/advanced_solver/runs/formal_v2/evaluations/attempts/20260924T233854-dca672da6d4e4c0b806a7e6ce839d4c7/official_result.json.gz
case_065,2,3,17969,17093,27936,27936,4.875062607824587,53068,方案/p2/n3/case_065_multicore_res.json,/Users/liyu/Desktop/中文题目/A题研究/advanced_solver/runs/formal_v2/evaluations/attempts/20260924T233856-4a4bdf961ca94405ac42cc3c8b0783d6/record.json,/Users/liyu/Desktop/中文题目/A题研究/advanced_solver/runs/formal_v2/evaluations/attempts/20260924T233856-4a4bdf961ca94405ac42cc3c8b0783d6/official_result.json.gz
case_065,3,5,10448,9869,64656,55440,5.5417304747320095,53068,方案/p3/n5/case_065_multicore_res.json,/Users/liyu/Desktop/中文题目/A题研究/advanced_solver/runs/formal_v2/evaluations/attempts/20260924T235428-8443964d5668468a9aa819cc62e612bf/record.json,/Users/liyu/Desktop/中文题目/A题研究/advanced_solver/runs/formal_v2/evaluations/attempts/20260924T235428-8443964d5668468a9aa819cc62e612bf/official_result.json.gz
case_066,1,2,248146,247728,0,142662,0.16844921941114865,359070,方案/p1/n2/case_066_multicore_res.json,/Users/liyu/Desktop/中文题目/A题研究/advanced_solver/runs/formal_v2/evaluations/attempts/20260924T234518-a97a1c8ad10242bba82629f79f7517ef/record.json,/Users/liyu/Desktop/中文题目/A题研究/advanced_solver/runs/formal_v2/evaluations/attempts/20260924T234518-a97a1c8ad10242bba82629f79f7517ef/official_result.json.gz
case_066,1,3,248271,234251,91200,1119442,5.647055032605497,359070,方案/p1/n3/case_066_multicore_res.json,/Users/liyu/Desktop/中文题目/A题研究/advanced_solver/runs/formal_v2/evaluations/attempts/20260924T234525-86d99b2af4e84032852ae37d619c19b9/record.json,/Users/liyu/Desktop/中文题目/A题研究/advanced_solver/runs/formal_v2/evaluations/attempts/20260924T234525-86d99b2af4e84032852ae37d619c19b9/official_result.json.gz
case_066,1,4,248396,203497,91200,1859170,18.075572875569655,359070,方案/p1/n4/case_066_multicore_res.json,/Users/liyu/Desktop/中文题目/A题研究/advanced_solver/runs/formal_v2/evaluations/attempts/20260924T234536-5df75a03e3444cf9951a6bd63ebb5578/record.json,/Users/liyu/Desktop/中文题目/A题研究/advanced_solver/runs/formal_v2/evaluations/attempts/20260924T234536-5df75a03e3444cf9951a6bd63ebb5578/official_result.json.gz
case_066,1,5,205062,203497,2217964,1859170,0.7631838175771177,359070,方案/p1/n5/case_066_multicore_res.json,/Users/liyu/Desktop/中文题目/A题研究/advanced_solver/runs/formal_v2/evaluations/attempts/20260924T235534-4b5258c5520049fdafd6c1a076224359/record.json,/Users/liyu/Desktop/中文题目/A题研究/advanced_solver/runs/formal_v2/evaluations/attempts/20260924T235534-4b5258c5520049fdafd6c1a076224359/official_result.json.gz
case_066,2,2,200209,193251,1321880,1315736,3.475368240189003,359070,方案/p2/n2/case_066_multicore_res.json,/Users/liyu/Desktop/中文题目/A题研究/advanced_solver/runs/formal_v2/evaluations/attempts/20260924T235352-2045d23dd933429686acff9d216c67a9/record.json,/Users/liyu/Desktop/中文题目/A题研究/advanced_solver/runs/formal_v2/evaluations/attempts/20260924T235352-2045d23dd933429686acff9d216c67a9/official_result.json.gz
case_066,2,3,136903,136691,2152710,2152710,0.1548541668188408,359070,方案/p2/n3/case_066_multicore_res.json,/Users/liyu/Desktop/中文题目/A题研究/advanced_solver/runs/formal_v2/evaluations/attempts/20260924T233800-9b73a0369d354aabbdc7b3a6803cb14c/record.json,/Users/liyu/Desktop/中文题目/A题研究/advanced_solver/runs/formal_v2/evaluations/attempts/20260924T233800-9b73a0369d354aabbdc7b3a6803cb14c/official_result.json.gz
case_066,2,4,123450,121966,2619424,2619424,1.2021061158363655,359070,方案/p2/n4/case_066_multicore_res.json,/Users/liyu/Desktop/中文题目/A题研究/advanced_solver/runs/formal_v2/evaluations/attempts/20260924T235352-af5b255cb88a4754940467213fb30b1d/record.json,/Users/liyu/Desktop/中文题目/A题研究/advanced_solver/runs/formal_v2/evaluations/attempts/20260924T235352-af5b255cb88a4754940467213fb30b1d/official_result.json.gz
case_066,3,2,193293,193085,1315736,1315736,0.10760865628863803,359070,方案/p3/n2/case_066_multicore_res.json,/Users/liyu/Desktop/中文题目/A题研究/advanced_solver/runs/formal_v2/evaluations/attempts/20260924T234158-97cdbcbf06af4f768cc8eac014716b32/record.json,/Users/liyu/Desktop/中文题目/A题研究/advanced_solver/runs/formal_v2/evaluations/attempts/20260924T234158-97cdbcbf06af4f768cc8eac014716b32/official_result.json.gz
case_066,3,4,120291,120257,2619424,2619424,0.02826479121463832,359070,方案/p3/n4/case_066_multicore_res.json,/Users/liyu/Desktop/中文题目/A题研究/advanced_solver/runs/formal_v2/evaluations/attempts/20260924T234205-d9829e58e56d4cb5b4ce70dc135c9b2b/record.json,/Users/liyu/Desktop/中文题目/A题研究/advanced_solver/runs/formal_v2/evaluations/attempts/20260924T234205-d9829e58e56d4cb5b4ce70dc135c9b2b/official_result.json.gz
case_067,2,2,30288803,30166430,61014400,60981632,0.40402058807011976,63834834,方案/p2/n2/case_067_multicore_res.json,/Users/liyu/Desktop/中文题目/A题研究/advanced_solver/runs/formal_v2/evaluations/attempts/20260924T235328-16e3c776c26044b4855447547a48a30b/record.json,/Users/liyu/Desktop/中文题目/A题研究/advanced_solver/runs/formal_v2/evaluations/attempts/20260924T235328-16e3c776c26044b4855447547a48a30b/official_result.json.gz
case_067,2,3,20142525,20034746,62309120,62186240,0.535081872803933,63834834,方案/p2/n3/case_067_multicore_res.json,/Users/liyu/Desktop/中文题目/A题研究/advanced_solver/runs/formal_v2/evaluations/attempts/20260924T235328-9929b27c15c2415faae4a2df766c261d/record.json,/Users/liyu/Desktop/中文题目/A题研究/advanced_solver/runs/formal_v2/evaluations/attempts/20260924T235328-9929b27c15c2415faae4a2df766c261d/official_result.json.gz
case_067,2,4,15105284,15025891,69887104,69837952,0.5255975326250106,63834834,方案/p2/n4/case_067_multicore_res.json,/Users/liyu/Desktop/中文题目/A题研究/advanced_solver/runs/formal_v2/evaluations/attempts/20260924T235332-e3847165d855446ca85dd78f630cf8c4/record.json,/Users/liyu/Desktop/中文题目/A题研究/advanced_solver/runs/formal_v2/evaluations/attempts/20260924T235332-e3847165d855446ca85dd78f630cf8c4/official_result.json.gz
case_067,2,5,12072979,12057191,77944320,77944320,0.1307713696843127,63834834,方案/p2/n5/case_067_multicore_res.json,/Users/liyu/Desktop/中文题目/A题研究/advanced_solver/runs/formal_v2/evaluations/attempts/20260924T235332-27305ac55b4a4e50857c8fd8b26aa96a/record.json,/Users/liyu/Desktop/中文题目/A题研究/advanced_solver/runs/formal_v2/evaluations/attempts/20260924T235332-27305ac55b4a4e50857c8fd8b26aa96a/official_result.json.gz
case_067,3,2,30179959,30145037,60981632,60981632,0.11571254951009413,63834834,方案/p3/n2/case_067_multicore_res.json,/Users/liyu/Desktop/中文题目/A题研究/advanced_solver/runs/formal_v2/evaluations/attempts/20260924T234342-345834ad00244aefb38590d616282e70/record.json,/Users/liyu/Desktop/中文题目/A题研究/advanced_solver/runs/formal_v2/evaluations/attempts/20260924T234342-345834ad00244aefb38590d616282e70/official_result.json.gz
case_067,3,3,20039851,20005690,62194432,62186240,0.17046533928820606,63834834,方案/p3/n3/case_067_multicore_res.json,/Users/liyu/Desktop/中文题目/A题研究/advanced_solver/runs/formal_v2/evaluations/attempts/20260924T234339-354a27229aa54f5e88aafd588f582790/record.json,/Users/liyu/Desktop/中文题目/A题研究/advanced_solver/runs/formal_v2/evaluations/attempts/20260924T234339-354a27229aa54f5e88aafd588f582790/official_result.json.gz
case_067,3,4,14978543,14964449,69887104,69837952,0.09409459918765517,63834834,方案/p3/n4/case_067_multicore_res.json,/Users/liyu/Desktop/中文题目/A题研究/advanced_solver/runs/formal_v2/evaluations/attempts/20260924T234351-f0386715380040859e99ef1b6081a656/record.json,/Users/liyu/Desktop/中文题目/A题研究/advanced_solver/runs/formal_v2/evaluations/attempts/20260924T234351-f0386715380040859e99ef1b6081a656/official_result.json.gz
case_068,1,2,302408,302089,0,200380,0.10548662733790293,362095,方案/p1/n2/case_068_multicore_res.json,/Users/liyu/Desktop/中文题目/A题研究/advanced_solver/runs/formal_v2/evaluations/attempts/20260924T234437-d47bd4a8761b4225a4f49626798a7fdd/record.json,/Users/liyu/Desktop/中文题目/A题研究/advanced_solver/runs/formal_v2/evaluations/attempts/20260924T234437-d47bd4a8761b4225a4f49626798a7fdd/official_result.json.gz
case_068,1,3,303088,301848,5184,105814,0.40912210315156017,362095,方案/p1/n3/case_068_multicore_res.json,/Users/liyu/Desktop/中文题目/A题研究/advanced_solver/runs/formal_v2/evaluations/attempts/20260924T234446-841a419cab63470db203300f7f656984/record.json,/Users/liyu/Desktop/中文题目/A题研究/advanced_solver/runs/formal_v2/evaluations/attempts/20260924T234446-841a419cab63470db203300f7f656984/official_result.json.gz
case_068,1,4,303225,287436,5184,657174,5.207024486767253,362095,方案/p1/n4/case_068_multicore_res.json,/Users/liyu/Desktop/中文题目/A题研究/advanced_solver/runs/formal_v2/evaluations/attempts/20260924T234448-6b55e9d62fd746edb9c60af8cac6ce98/record.json,/Users/liyu/Desktop/中文题目/A题研究/advanced_solver/runs/formal_v2/evaluations/attempts/20260924T234448-6b55e9d62fd746edb9c60af8cac6ce98/official_result.json.gz
case_068,2,2,210029,204172,2205494,2205494,2.7886625180332247,362095,方案/p2/n2/case_068_multicore_res.json,/Users/liyu/Desktop/中文题目/A题研究/advanced_solver/runs/formal_v2/evaluations/attempts/20260924T235354-cc1b09038ebb4a3e86173b138838053e/record.json,/Users/liyu/Desktop/中文题目/A题研究/advanced_solver/runs/formal_v2/evaluations/attempts/20260924T235354-cc1b09038ebb4a3e86173b138838053e/official_result.json.gz
case_068,3,2,202414,201418,2205494,2205494,0.4920608258322079,362095,方案/p3/n2/case_068_multicore_res.json,/Users/liyu/Desktop/中文题目/A题研究/advanced_solver/runs/formal_v2/evaluations/attempts/20260924T234154-926379944b284738a0eb295e9cf5eaeb/record.json,/Users/liyu/Desktop/中文题目/A题研究/advanced_solver/runs/formal_v2/evaluations/attempts/20260924T234154-926379944b284738a0eb295e9cf5eaeb/official_result.json.gz
case_069,1,3,24279,22899,247878,192108,5.683924379093042,25144,方案/p1/n3/case_069_multicore_res.json,/Users/liyu/Desktop/中文题目/A题研究/advanced_solver/runs/formal_v2/evaluations/attempts/20260924T234148-67127bc4dbf44264ab6ba1d21901feac/record.json,/Users/liyu/Desktop/中文题目/A题研究/advanced_solver/runs/formal_v2/evaluations/attempts/20260924T234148-67127bc4dbf44264ab6ba1d21901feac/official_result.json.gz
case_069,1,4,25144,17041,0,626568,32.22637607381482,25144,方案/p1/n4/case_069_multicore_res.json,/Users/liyu/Desktop/中文题目/A题研究/advanced_solver/runs/formal_v2/evaluations/attempts/20260924T234149-87ecee58676e4a5cb0859f0a13ed9fbc/record.json,/Users/liyu/Desktop/中文题目/A题研究/advanced_solver/runs/formal_v2/evaluations/attempts/20260924T234149-87ecee58676e4a5cb0859f0a13ed9fbc/official_result.json.gz
case_069,2,2,14187,13478,322852,322852,4.997532952703176,25144,方案/p2/n2/case_069_multicore_res.json,/Users/liyu/Desktop/中文题目/A题研究/advanced_solver/runs/formal_v2/evaluations/attempts/20260924T235426-e711f91cc1a84d10a81296947e997233/record.json,/Users/liyu/Desktop/中文题目/A题研究/advanced_solver/runs/formal_v2/evaluations/attempts/20260924T235426-e711f91cc1a84d10a81296947e997233/official_result.json.gz
case_069,2,4,10675,10455,433744,433744,2.0608899297423933,25144,方案/p2/n4/case_069_multicore_res.json,/Users/liyu/Desktop/中文题目/A题研究/advanced_solver/runs/formal_v2/evaluations/attempts/20260924T235426-f40f79aaa54c4746af96e48644b0be76/record.json,/Users/liyu/Desktop/中文题目/A题研究/advanced_solver/runs/formal_v2/evaluations/attempts/20260924T235426-f40f79aaa54c4746af96e48644b0be76/official_result.json.gz
case_069,2,5,10675,10453,433744,433744,2.0796252927400505,25144,方案/p2/n5/case_069_multicore_res.json,/Users/liyu/Desktop/中文题目/A题研究/advanced_solver/runs/formal_v2/evaluations/attempts/20260924T235427-d985ea9b4ffb4b71b61b58402296ca63/record.json,/Users/liyu/Desktop/中文题目/A题研究/advanced_solver/runs/formal_v2/evaluations/attempts/20260924T235427-d985ea9b4ffb4b71b61b58402296ca63/official_result.json.gz
case_069,3,2,13476,13447,322852,322852,0.21519738794895105,25144,方案/p3/n2/case_069_multicore_res.json,/Users/liyu/Desktop/中文题目/A题研究/advanced_solver/runs/formal_v2/evaluations/attempts/20260924T234006-2d76980073d04c0fb637f106917a2bc3/record.json,/Users/liyu/Desktop/中文题目/A题研究/advanced_solver/runs/formal_v2/evaluations/attempts/20260924T234006-2d76980073d04c0fb637f106917a2bc3/official_result.json.gz
case_069,3,4,9460,9422,433744,433744,0.4016913319238924,25144,方案/p3/n4/case_069_multicore_res.json,/Users/liyu/Desktop/中文题目/A题研究/advanced_solver/runs/formal_v2/evaluations/attempts/20260924T234007-9b99323bf8e94d01b2385f72ffc1b6a7/record.json,/Users/liyu/Desktop/中文题目/A题研究/advanced_solver/runs/formal_v2/evaluations/attempts/20260924T234007-9b99323bf8e94d01b2385f72ffc1b6a7/official_result.json.gz
case_070,2,2,54019,53120,129536,129536,1.6642292526703573,117300,方案/p2/n2/case_070_multicore_res.json,/Users/liyu/Desktop/中文题目/A题研究/advanced_solver/runs/formal_v2/evaluations/attempts/20260924T235424-b27a811077a7415c8b349ccc73135923/record.json,/Users/liyu/Desktop/中文题目/A题研究/advanced_solver/runs/formal_v2/evaluations/attempts/20260924T235424-b27a811077a7415c8b349ccc73135923/official_result.json.gz
case_070,3,2,53144,53120,129536,129536,0.045160319132919735,117300,方案/p3/n2/case_070_multicore_res.json,/Users/liyu/Desktop/中文题目/A题研究/advanced_solver/runs/formal_v2/evaluations/attempts/20260924T234015-f1605e596ffd4cae8fed018db0d117cb/record.json,/Users/liyu/Desktop/中文题目/A题研究/advanced_solver/runs/formal_v2/evaluations/attempts/20260924T234015-f1605e596ffd4cae8fed018db0d117cb/official_result.json.gz
case_071,1,3,18006,17281,184902,148042,4.026435632566927,18919,方案/p1/n3/case_071_multicore_res.json,/Users/liyu/Desktop/中文题目/A题研究/advanced_solver/runs/formal_v2/evaluations/attempts/20260924T234140-dba399a0d2664fee83b068445c3b21c6/record.json,/Users/liyu/Desktop/中文题目/A题研究/advanced_solver/runs/formal_v2/evaluations/attempts/20260924T234140-dba399a0d2664fee83b068445c3b21c6/official_result.json.gz
case_071,1,4,18919,13897,0,465378,26.54474337967123,18919,方案/p1/n4/case_071_multicore_res.json,/Users/liyu/Desktop/中文题目/A题研究/advanced_solver/runs/formal_v2/evaluations/attempts/20260924T234140-e82923f0d1e14e218617a1e645b456e5/record.json,/Users/liyu/Desktop/中文题目/A题研究/advanced_solver/runs/formal_v2/evaluations/attempts/20260924T234140-e82923f0d1e14e218617a1e645b456e5/official_result.json.gz
case_071,2,2,10781,10697,133732,133732,0.7791485019942535,18919,方案/p2/n2/case_071_multicore_res.json,/Users/liyu/Desktop/中文题目/A题研究/advanced_solver/runs/formal_v2/evaluations/attempts/20260924T233856-65ead0e76efb4fdfb8c6f47b83f8d51e/record.json,/Users/liyu/Desktop/中文题目/A题研究/advanced_solver/runs/formal_v2/evaluations/attempts/20260924T233856-65ead0e76efb4fdfb8c6f47b83f8d51e/official_result.json.gz
case_071,3,4,8464,8463,302060,302060,0.011814744801508237,18919,方案/p3/n4/case_071_multicore_res.json,/Users/liyu/Desktop/中文题目/A题研究/advanced_solver/runs/formal_v2/evaluations/attempts/20260924T234000-f9e8a2d2b2c9434da8fe8a9638bd48a2/record.json,/Users/liyu/Desktop/中文题目/A题研究/advanced_solver/runs/formal_v2/evaluations/attempts/20260924T234000-f9e8a2d2b2c9434da8fe8a9638bd48a2/official_result.json.gz
case_073,2,2,4151233,4145658,9475456,10114688,0.13429744849301484,10081626,方案/p2/n2/case_073_multicore_res.json,/Users/liyu/Desktop/中文题目/A题研究/advanced_solver/runs/formal_v2/evaluations/attempts/20260924T235400-de7b332464e243d49fd5bb3be588e910/record.json,/Users/liyu/Desktop/中文题目/A题研究/advanced_solver/runs/formal_v2/evaluations/attempts/20260924T235400-de7b332464e243d49fd5bb3be588e910/official_result.json.gz
case_073,2,4,2172959,2152516,19084928,19069056,0.9407908754836103,10081626,方案/p2/n4/case_073_multicore_res.json,/Users/liyu/Desktop/中文题目/A题研究/advanced_solver/runs/formal_v2/evaluations/attempts/20260924T233812-9e0f18dd19b348cb98f5f332a2cd38a8/record.json,/Users/liyu/Desktop/中文题目/A题研究/advanced_solver/runs/formal_v2/evaluations/attempts/20260924T233812-9e0f18dd19b348cb98f5f332a2cd38a8/official_result.json.gz
case_073,3,2,4147469,4137477,9475456,10114688,0.24091801530041757,10081626,方案/p3/n2/case_073_multicore_res.json,/Users/liyu/Desktop/中文题目/A题研究/advanced_solver/runs/formal_v2/evaluations/attempts/20260924T234124-43226ae486be440b9d18aa26fa1920eb/record.json,/Users/liyu/Desktop/中文题目/A题研究/advanced_solver/runs/formal_v2/evaluations/attempts/20260924T234124-43226ae486be440b9d18aa26fa1920eb/official_result.json.gz
case_073,3,4,2131569,2120862,19069056,19694720,0.5023060477985952,10081626,方案/p3/n4/case_073_multicore_res.json,/Users/liyu/Desktop/中文题目/A题研究/advanced_solver/runs/formal_v2/evaluations/attempts/20260924T234125-4ff29cd722a34c63bc1f216a47d9d69f/record.json,/Users/liyu/Desktop/中文题目/A题研究/advanced_solver/runs/formal_v2/evaluations/attempts/20260924T234125-4ff29cd722a34c63bc1f216a47d9d69f/official_result.json.gz
case_074,2,2,826889,820615,6168576,6176768,0.7587475465268056,1682239,方案/p2/n2/case_074_multicore_res.json,/Users/liyu/Desktop/中文题目/A题研究/advanced_solver/runs/formal_v2/evaluations/attempts/20260924T235412-33fdcc713b79422487c3eef8c48a7177/record.json,/Users/liyu/Desktop/中文题目/A题研究/advanced_solver/runs/formal_v2/evaluations/attempts/20260924T235412-33fdcc713b79422487c3eef8c48a7177/official_result.json.gz
case_074,2,3,548347,545184,7626752,7626752,0.5768245289935026,1682239,方案/p2/n3/case_074_multicore_res.json,/Users/liyu/Desktop/中文题目/A题研究/advanced_solver/runs/formal_v2/evaluations/attempts/20260924T235412-f4c269f8a3ed4c8c9d07a75946ece0f6/record.json,/Users/liyu/Desktop/中文题目/A题研究/advanced_solver/runs/formal_v2/evaluations/attempts/20260924T235412-f4c269f8a3ed4c8c9d07a75946ece0f6/official_result.json.gz
case_074,2,4,413574,412510,6524932,7225348,0.257269557564066,1682239,方案/p2/n4/case_074_multicore_res.json,/Users/liyu/Desktop/中文题目/A题研究/advanced_solver/runs/formal_v2/evaluations/attempts/20260924T235412-3479a701ed0c458fa2410334cd61f670/record.json,/Users/liyu/Desktop/中文题目/A题研究/advanced_solver/runs/formal_v2/evaluations/attempts/20260924T235412-3479a701ed0c458fa2410334cd61f670/official_result.json.gz
case_074,2,5,331884,331744,5619712,5619712,0.042183413481822196,1682239,方案/p2/n5/case_074_multicore_res.json,/Users/liyu/Desktop/中文题目/A题研究/advanced_solver/runs/formal_v2/evaluations/attempts/20260924T235413-86d62f1b30404c4081f91d8726d57720/record.json,/Users/liyu/Desktop/中文题目/A题研究/advanced_solver/runs/formal_v2/evaluations/attempts/20260924T235413-86d62f1b30404c4081f91d8726d57720/official_result.json.gz
case_074,3,2,822067,819556,6176768,6176768,0.30544955581479627,1682239,方案/p3/n2/case_074_multicore_res.json,/Users/liyu/Desktop/中文题目/A题研究/advanced_solver/runs/formal_v2/evaluations/attempts/20260924T234048-fff6705630234a1fbb5e9cc82f4d5432/record.json,/Users/liyu/Desktop/中文题目/A题研究/advanced_solver/runs/formal_v2/evaluations/attempts/20260924T234048-fff6705630234a1fbb5e9cc82f4d5432/official_result.json.gz
case_074,3,3,545383,543845,7626752,7626752,0.2820036561462347,1682239,方案/p3/n3/case_074_multicore_res.json,/Users/liyu/Desktop/中文题目/A题研究/advanced_solver/runs/formal_v2/evaluations/attempts/20260924T234048-1ff2f6defc69494e8d724a8506b60530/record.json,/Users/liyu/Desktop/中文题目/A题研究/advanced_solver/runs/formal_v2/evaluations/attempts/20260924T234048-1ff2f6defc69494e8d724a8506b60530/official_result.json.gz
case_074,3,4,412485,412345,7225348,7225348,0.03394062814405796,1682239,方案/p3/n4/case_074_multicore_res.json,/Users/liyu/Desktop/中文题目/A题研究/advanced_solver/runs/formal_v2/evaluations/attempts/20260924T234049-1d78112356384b509ad6cf23c34b8ec7/record.json,/Users/liyu/Desktop/中文题目/A题研究/advanced_solver/runs/formal_v2/evaluations/attempts/20260924T234049-1d78112356384b509ad6cf23c34b8ec7/official_result.json.gz
case_075,1,2,1441809,1436708,0,875304,0.35379166033780995,1441809,方案/p1/n2/case_075_multicore_res.json,/Users/liyu/Desktop/中文题目/A题研究/advanced_solver/runs/formal_v2/evaluations/attempts/20260924T235532-cac686860ed8457d9e8ebb8b6afcd9d5/record.json,/Users/liyu/Desktop/中文题目/A题研究/advanced_solver/runs/formal_v2/evaluations/attempts/20260924T235532-cac686860ed8457d9e8ebb8b6afcd9d5/official_result.json.gz
case_075,1,3,1441242,1436708,227084,875304,0.3145897774280759,1441809,方案/p1/n3/case_075_multicore_res.json,/Users/liyu/Desktop/中文题目/A题研究/advanced_solver/runs/formal_v2/evaluations/attempts/20260924T235533-4980aa262d654d95a9642ed137d6c423/record.json,/Users/liyu/Desktop/中文题目/A题研究/advanced_solver/runs/formal_v2/evaluations/attempts/20260924T235533-4980aa262d654d95a9642ed137d6c423/official_result.json.gz
case_075,1,4,1440738,1436708,271762,875304,0.27971775576128843,1441809,方案/p1/n4/case_075_multicore_res.json,/Users/liyu/Desktop/中文题目/A题研究/advanced_solver/runs/formal_v2/evaluations/attempts/20260924T235533-c0354283cdcc4bf7be551b6c80e6feef/record.json,/Users/liyu/Desktop/中文题目/A题研究/advanced_solver/runs/formal_v2/evaluations/attempts/20260924T235533-c0354283cdcc4bf7be551b6c80e6feef/official_result.json.gz
case_075,2,2,781077,745608,3907972,3907972,4.541037567358918,1441809,方案/p2/n2/case_075_multicore_res.json,/Users/liyu/Desktop/中文题目/A题研究/advanced_solver/runs/formal_v2/evaluations/attempts/20260924T235339-a99c548145514b0dacae879543625175/record.json,/Users/liyu/Desktop/中文题目/A题研究/advanced_solver/runs/formal_v2/evaluations/attempts/20260924T235339-a99c548145514b0dacae879543625175/official_result.json.gz
case_075,2,3,574305,563822,12181164,12172972,1.8253367113293506,1441809,方案/p2/n3/case_075_multicore_res.json,/Users/liyu/Desktop/中文题目/A题研究/advanced_solver/runs/formal_v2/evaluations/attempts/20260924T235341-ab998a866e0f4b0f9dbc291585920ef5/record.json,/Users/liyu/Desktop/中文题目/A题研究/advanced_solver/runs/formal_v2/evaluations/attempts/20260924T235341-ab998a866e0f4b0f9dbc291585920ef5/official_result.json.gz
case_075,2,4,463009,458423,7116882,7116882,0.9904775069167093,1441809,方案/p2/n4/case_075_multicore_res.json,/Users/liyu/Desktop/中文题目/A题研究/advanced_solver/runs/formal_v2/evaluations/attempts/20260924T235342-90d16e3926b54c8a923c4df9ef9d4e39/record.json,/Users/liyu/Desktop/中文题目/A题研究/advanced_solver/runs/formal_v2/evaluations/attempts/20260924T235342-90d16e3926b54c8a923c4df9ef9d4e39/official_result.json.gz
case_075,3,2,745305,745220,3907972,3907972,0.011404726923880393,1441809,方案/p3/n2/case_075_multicore_res.json,/Users/liyu/Desktop/中文题目/A题研究/advanced_solver/runs/formal_v2/evaluations/attempts/20260924T234251-52ad69835d7d43f58fe7f7b999222377/record.json,/Users/liyu/Desktop/中文题目/A题研究/advanced_solver/runs/formal_v2/evaluations/attempts/20260924T234251-52ad69835d7d43f58fe7f7b999222377/official_result.json.gz
case_075,3,3,562957,562643,12181164,12172972,0.055776906584337205,1441809,方案/p3/n3/case_075_multicore_res.json,/Users/liyu/Desktop/中文题目/A题研究/advanced_solver/runs/formal_v2/evaluations/attempts/20260924T234307-9f28df171bee466a953a9d5c77cf6ea2/record.json,/Users/liyu/Desktop/中文题目/A题研究/advanced_solver/runs/formal_v2/evaluations/attempts/20260924T234307-9f28df171bee466a953a9d5c77cf6ea2/official_result.json.gz
case_075,3,4,455541,455143,7116882,7116882,0.08736864519329757,1441809,方案/p3/n4/case_075_multicore_res.json,/Users/liyu/Desktop/中文题目/A题研究/advanced_solver/runs/formal_v2/evaluations/attempts/20260924T234301-23510a709e60419eb40d966280c8b7cf/record.json,/Users/liyu/Desktop/中文题目/A题研究/advanced_solver/runs/formal_v2/evaluations/attempts/20260924T234301-23510a709e60419eb40d966280c8b7cf/official_result.json.gz
case_076,1,3,2150307,2148577,74277888,74277888,0.0804536282493662,6185113,方案/p1/n3/case_076_multicore_res.json,/Users/liyu/Desktop/中文题目/A题研究/advanced_solver/runs/formal_v2/evaluations/attempts/20260924T233756-7687c9f957e548e69931e6b1e2455955/record.json,/Users/liyu/Desktop/中文题目/A题研究/advanced_solver/runs/formal_v2/evaluations/attempts/20260924T233756-7687c9f957e548e69931e6b1e2455955/official_result.json.gz
case_076,1,4,1614167,1612294,74277888,74277888,0.11603508187194578,6185113,方案/p1/n4/case_076_multicore_res.json,/Users/liyu/Desktop/中文题目/A题研究/advanced_solver/runs/formal_v2/evaluations/attempts/20260924T233806-8edd3156c2114884bdfad968fa5d3534/record.json,/Users/liyu/Desktop/中文题目/A题研究/advanced_solver/runs/formal_v2/evaluations/attempts/20260924T233806-8edd3156c2114884bdfad968fa5d3534/official_result.json.gz
case_076,2,2,3064800,3063348,29907968,29871104,0.04737666405638663,6185113,方案/p2/n2/case_076_multicore_res.json,/Users/liyu/Desktop/中文题目/A题研究/advanced_solver/runs/formal_v2/evaluations/attempts/20260924T233401-49d3b4b62a414be092d10c0503c32ffe/record.json,/Users/liyu/Desktop/中文题目/A题研究/advanced_solver/runs/formal_v2/evaluations/attempts/20260924T233401-49d3b4b62a414be092d10c0503c32ffe/official_result.json.gz
case_076,2,3,2047042,2045432,32490496,32451584,0.07865007166437676,6185113,方案/p2/n3/case_076_multicore_res.json,/Users/liyu/Desktop/中文题目/A题研究/advanced_solver/runs/formal_v2/evaluations/attempts/20260924T233411-20c27104d9c14f18bf89f060b7478143/record.json,/Users/liyu/Desktop/中文题目/A题研究/advanced_solver/runs/formal_v2/evaluations/attempts/20260924T233411-20c27104d9c14f18bf89f060b7478143/official_result.json.gz
case_076,2,4,1534538,1533060,33214464,33171456,0.09631563376077956,6185113,方案/p2/n4/case_076_multicore_res.json,/Users/liyu/Desktop/中文题目/A题研究/advanced_solver/runs/formal_v2/evaluations/attempts/20260924T233418-6bf0f8155cc741c499396785087592ed/record.json,/Users/liyu/Desktop/中文题目/A题研究/advanced_solver/runs/formal_v2/evaluations/attempts/20260924T233418-6bf0f8155cc741c499396785087592ed/official_result.json.gz
case_077,2,2,246658,244870,57344,57344,0.7248903339847068,495320,方案/p2/n2/case_077_multicore_res.json,/Users/liyu/Desktop/中文题目/A题研究/advanced_solver/runs/formal_v2/evaluations/attempts/20260924T233815-df9ca6b7fed24f38a24d6580e176054b/record.json,/Users/liyu/Desktop/中文题目/A题研究/advanced_solver/runs/formal_v2/evaluations/attempts/20260924T233815-df9ca6b7fed24f38a24d6580e176054b/official_result.json.gz
case_077,2,3,176712,173746,114688,114688,1.6784372312010465,495320,方案/p2/n3/case_077_multicore_res.json,/Users/liyu/Desktop/中文题目/A题研究/advanced_solver/runs/formal_v2/evaluations/attempts/20260924T235402-ee8e66787fe54444a50293622c92d99a/record.json,/Users/liyu/Desktop/中文题目/A题研究/advanced_solver/runs/formal_v2/evaluations/attempts/20260924T235402-ee8e66787fe54444a50293622c92d99a/official_result.json.gz
case_077,3,3,174544,173746,114688,114688,0.45719130992758483,495320,方案/p3/n3/case_077_multicore_res.json,/Users/liyu/Desktop/中文题目/A题研究/advanced_solver/runs/formal_v2/evaluations/attempts/20260924T234120-840bfc19ae714afc906170ac0001340e/record.json,/Users/liyu/Desktop/中文题目/A题研究/advanced_solver/runs/formal_v2/evaluations/attempts/20260924T234120-840bfc19ae714afc906170ac0001340e/official_result.json.gz
case_078,2,2,1030339,1029517,2959488,2910336,0.0797795676956814,2296143,方案/p2/n2/case_078_multicore_res.json,/Users/liyu/Desktop/中文题目/A题研究/advanced_solver/runs/formal_v2/evaluations/attempts/20260924T234817-3f4d3cc2fb544373b8fd9c968ba46245/record.json,/Users/liyu/Desktop/中文题目/A题研究/advanced_solver/runs/formal_v2/evaluations/attempts/20260924T234817-3f4d3cc2fb544373b8fd9c968ba46245/official_result.json.gz
case_078,2,3,697752,691742,8639232,8567040,0.8613375525974853,2296143,方案/p2/n3/case_078_multicore_res.json,/Users/liyu/Desktop/中文题目/A题研究/advanced_solver/runs/formal_v2/evaluations/attempts/20260924T233852-7a81b41312d347ba8fac601803a778ab/record.json,/Users/liyu/Desktop/中文题目/A题研究/advanced_solver/runs/formal_v2/evaluations/attempts/20260924T233852-7a81b41312d347ba8fac601803a778ab/official_result.json.gz
case_078,2,4,518308,517385,7595328,7595328,0.1780794431110455,2296143,方案/p2/n4/case_078_multicore_res.json,/Users/liyu/Desktop/中文题目/A题研究/advanced_solver/runs/formal_v2/evaluations/attempts/20260924T235426-195076c827c3413aab4baf469a9c51d8/record.json,/Users/liyu/Desktop/中文题目/A题研究/advanced_solver/runs/formal_v2/evaluations/attempts/20260924T235426-195076c827c3413aab4baf469a9c51d8/official_result.json.gz
case_078,3,2,1030339,1029517,2959488,2910336,0.0797795676956814,2296143,方案/p3/n2/case_078_multicore_res.json,/Users/liyu/Desktop/中文题目/A题研究/advanced_solver/runs/formal_v2/evaluations/attempts/20260924T235426-75f837d7357c4926887c73ee88cde423/record.json,/Users/liyu/Desktop/中文题目/A题研究/advanced_solver/runs/formal_v2/evaluations/attempts/20260924T235426-75f837d7357c4926887c73ee88cde423/official_result.json.gz
case_078,3,3,691442,691338,8567040,8567040,0.01504103019487335,2296143,方案/p3/n3/case_078_multicore_res.json,/Users/liyu/Desktop/中文题目/A题研究/advanced_solver/runs/formal_v2/evaluations/attempts/20260924T234008-34025e5442f2485c867636dd0d72ff6f/record.json,/Users/liyu/Desktop/中文题目/A题研究/advanced_solver/runs/formal_v2/evaluations/attempts/20260924T234008-34025e5442f2485c867636dd0d72ff6f/official_result.json.gz
case_078,3,4,518312,515912,7110528,7595328,0.4630415656978859,2296143,方案/p3/n4/case_078_multicore_res.json,/Users/liyu/Desktop/中文题目/A题研究/advanced_solver/runs/formal_v2/evaluations/attempts/20260924T234008-4325a0bd66714336bdf4303b40409436/record.json,/Users/liyu/Desktop/中文题目/A题研究/advanced_solver/runs/formal_v2/evaluations/attempts/20260924T234008-4325a0bd66714336bdf4303b40409436/official_result.json.gz
case_079,2,3,10181692,10178800,39960576,39981056,0.028403923434339173,31052251,方案/p2/n3/case_079_multicore_res.json,/Users/liyu/Desktop/中文题目/A题研究/advanced_solver/runs/formal_v2/evaluations/attempts/20260924T235208-5a2673988ada4eba808bf6d1713dd1b5/record.json,/Users/liyu/Desktop/中文题目/A题研究/advanced_solver/runs/formal_v2/evaluations/attempts/20260924T235208-5a2673988ada4eba808bf6d1713dd1b5/official_result.json.gz
case_079,3,3,10174940,10174866,39981056,39981056,0.0007272770158883723,31052251,方案/p3/n3/case_079_multicore_res.json,/Users/liyu/Desktop/中文题目/A题研究/advanced_solver/runs/formal_v2/evaluations/attempts/20260924T234846-dcea5130769d48699dec2a0d1b91c373/record.json,/Users/liyu/Desktop/中文题目/A题研究/advanced_solver/runs/formal_v2/evaluations/attempts/20260924T234846-dcea5130769d48699dec2a0d1b91c373/official_result.json.gz
case_080,2,5,80306,79721,2109440,2109440,0.7284636266281508,292138,方案/p2/n5/case_080_multicore_res.json,/Users/liyu/Desktop/中文题目/A题研究/advanced_solver/runs/formal_v2/evaluations/attempts/20260924T235422-f02c58ea7c4843d28588fadec7b8e1ea/record.json,/Users/liyu/Desktop/中文题目/A题研究/advanced_solver/runs/formal_v2/evaluations/attempts/20260924T235422-f02c58ea7c4843d28588fadec7b8e1ea/official_result.json.gz
case_080,3,4,90278,90143,4190208,4190208,0.14953809344468993,292138,方案/p3/n4/case_080_multicore_res.json,/Users/liyu/Desktop/中文题目/A题研究/advanced_solver/runs/formal_v2/evaluations/attempts/20260924T234020-86d642d88bba47fc9d3c33aaa851625c/record.json,/Users/liyu/Desktop/中文题目/A题研究/advanced_solver/runs/formal_v2/evaluations/attempts/20260924T234020-86d642d88bba47fc9d3c33aaa851625c/official_result.json.gz
case_082,1,2,715040,657900,462470,1030938,7.9911613336316805,721041,方案/p1/n2/case_082_multicore_res.json,/Users/liyu/Desktop/中文题目/A题研究/advanced_solver/runs/formal_v2/evaluations/attempts/20260924T234321-31192542736648c8bf7567c89f060c4f/record.json,/Users/liyu/Desktop/中文题目/A题研究/advanced_solver/runs/formal_v2/evaluations/attempts/20260924T234321-31192542736648c8bf7567c89f060c4f/official_result.json.gz
case_082,1,3,703563,656864,1441432,816014,6.6375008350353815,721041,方案/p1/n3/case_082_multicore_res.json,/Users/liyu/Desktop/中文题目/A题研究/advanced_solver/runs/formal_v2/evaluations/attempts/20260924T234325-23339f90f3434b8791a2805b4e1bd018/record.json,/Users/liyu/Desktop/中文题目/A题研究/advanced_solver/runs/formal_v2/evaluations/attempts/20260924T234325-23339f90f3434b8791a2805b4e1bd018/official_result.json.gz
case_082,1,4,712281,427273,492688,2277584,40.013421669256935,721041,方案/p1/n4/case_082_multicore_res.json,/Users/liyu/Desktop/中文题目/A题研究/advanced_solver/runs/formal_v2/evaluations/attempts/20260924T234326-f1a942f4a558466eba7b4ee369e66fc2/record.json,/Users/liyu/Desktop/中文题目/A题研究/advanced_solver/runs/formal_v2/evaluations/attempts/20260924T234326-f1a942f4a558466eba7b4ee369e66fc2/official_result.json.gz
case_082,2,2,429814,426708,3885670,3885638,0.7226381644153013,721041,方案/p2/n2/case_082_multicore_res.json,/Users/liyu/Desktop/中文题目/A题研究/advanced_solver/runs/formal_v2/evaluations/attempts/20260924T235406-52702a4b9ff340f2a54766d4d295be30/record.json,/Users/liyu/Desktop/中文题目/A题研究/advanced_solver/runs/formal_v2/evaluations/attempts/20260924T235406-52702a4b9ff340f2a54766d4d295be30/official_result.json.gz
case_082,2,3,274300,270489,5756268,5756268,1.3893547211082713,721041,方案/p2/n3/case_082_multicore_res.json,/Users/liyu/Desktop/中文题目/A题研究/advanced_solver/runs/formal_v2/evaluations/attempts/20260924T235406-56a1ff3f4be04cad84a8f1fa419d4688/record.json,/Users/liyu/Desktop/中文题目/A题研究/advanced_solver/runs/formal_v2/evaluations/attempts/20260924T235406-56a1ff3f4be04cad84a8f1fa419d4688/official_result.json.gz
case_082,2,4,216791,211881,6752624,6752624,2.2648541683003454,721041,方案/p2/n4/case_082_multicore_res.json,/Users/liyu/Desktop/中文题目/A题研究/advanced_solver/runs/formal_v2/evaluations/attempts/20260924T235407-1ec044e0f71749258132190b8104e625/record.json,/Users/liyu/Desktop/中文题目/A题研究/advanced_solver/runs/formal_v2/evaluations/attempts/20260924T235407-1ec044e0f71749258132190b8104e625/official_result.json.gz
case_082,3,2,427345,426720,3885638,3885638,0.1462518573985938,721041,方案/p3/n2/case_082_multicore_res.json,/Users/liyu/Desktop/中文题目/A题研究/advanced_solver/runs/formal_v2/evaluations/attempts/20260924T234059-cc9036efef7041d4a15e168a1f52a241/record.json,/Users/liyu/Desktop/中文题目/A题研究/advanced_solver/runs/formal_v2/evaluations/attempts/20260924T234059-cc9036efef7041d4a15e168a1f52a241/official_result.json.gz
case_082,3,3,269456,269306,5756268,5756268,0.05566771569384121,721041,方案/p3/n3/case_082_multicore_res.json,/Users/liyu/Desktop/中文题目/A题研究/advanced_solver/runs/formal_v2/evaluations/attempts/20260924T234101-7b494c1f212e41b0ac091fec17dd4aec/record.json,/Users/liyu/Desktop/中文题目/A题研究/advanced_solver/runs/formal_v2/evaluations/attempts/20260924T234101-7b494c1f212e41b0ac091fec17dd4aec/official_result.json.gz
case_082,3,4,213138,209447,6752624,6752624,1.7317418761553571,721041,方案/p3/n4/case_082_multicore_res.json,/Users/liyu/Desktop/中文题目/A题研究/advanced_solver/runs/formal_v2/evaluations/attempts/20260924T234105-86698c12ef8e44f89785bf9a640ef5f1/record.json,/Users/liyu/Desktop/中文题目/A题研究/advanced_solver/runs/formal_v2/evaluations/attempts/20260924T234105-86698c12ef8e44f89785bf9a640ef5f1/official_result.json.gz
case_083,2,2,411928,411909,8206944,8206944,0.004612456545804999,1057993,方案/p2/n2/case_083_multicore_res.json,/Users/liyu/Desktop/中文题目/A题研究/advanced_solver/runs/formal_v2/evaluations/attempts/20260924T235415-d60dbfeabf8c419eba92e77c4e9f0f82/record.json,/Users/liyu/Desktop/中文题目/A题研究/advanced_solver/runs/formal_v2/evaluations/attempts/20260924T235415-d60dbfeabf8c419eba92e77c4e9f0f82/official_result.json.gz
case_083,2,4,268874,265354,11607840,11609888,1.3091633999568586,1057993,方案/p2/n4/case_083_multicore_res.json,/Users/liyu/Desktop/中文题目/A题研究/advanced_solver/runs/formal_v2/evaluations/attempts/20260924T233838-e925fb3a65ad4b9bb9a74df402cf5f03/record.json,/Users/liyu/Desktop/中文题目/A题研究/advanced_solver/runs/formal_v2/evaluations/attempts/20260924T233838-e925fb3a65ad4b9bb9a74df402cf5f03/official_result.json.gz
case_083,3,2,411883,411871,8206944,8206944,0.0029134487220860983,1057993,方案/p3/n2/case_083_multicore_res.json,/Users/liyu/Desktop/中文题目/A题研究/advanced_solver/runs/formal_v2/evaluations/attempts/20260924T234035-bd1a1ca6127840098576e4a16a94d8c4/record.json,/Users/liyu/Desktop/中文题目/A题研究/advanced_solver/runs/formal_v2/evaluations/attempts/20260924T234035-bd1a1ca6127840098576e4a16a94d8c4/official_result.json.gz
case_083,3,4,253622,250483,11609888,11610912,1.2376686565045647,1057993,方案/p3/n4/case_083_multicore_res.json,/Users/liyu/Desktop/中文题目/A题研究/advanced_solver/runs/formal_v2/evaluations/attempts/20260924T234040-97c17a32624e4fbc872886e69a76c770/record.json,/Users/liyu/Desktop/中文题目/A题研究/advanced_solver/runs/formal_v2/evaluations/attempts/20260924T234040-97c17a32624e4fbc872886e69a76c770/official_result.json.gz
case_085,1,2,3176642,3155166,745606,3497710,0.6760598141055896,3187899,方案/p1/n2/case_085_multicore_res.json,/Users/liyu/Desktop/中文题目/A题研究/advanced_solver/runs/formal_v2/evaluations/attempts/20260924T235526-0ae32788b9124786b4b76779004b6121/record.json,/Users/liyu/Desktop/中文题目/A题研究/advanced_solver/runs/formal_v2/evaluations/attempts/20260924T235526-0ae32788b9124786b4b76779004b6121/official_result.json.gz
case_085,1,4,3178036,3152050,733586,2399134,0.8176748155149904,3187899,方案/p1/n4/case_085_multicore_res.json,/Users/liyu/Desktop/中文题目/A题研究/advanced_solver/runs/formal_v2/evaluations/attempts/20260924T233047-a661982f8dca466d9f806a84ec3c1e6c/record.json,/Users/liyu/Desktop/中文题目/A题研究/advanced_solver/runs/formal_v2/evaluations/attempts/20260924T233047-a661982f8dca466d9f806a84ec3c1e6c/official_result.json.gz
case_085,2,2,1628709,1582933,10319736,10318712,2.8105695983751566,3187899,方案/p2/n2/case_085_multicore_res.json,/Users/liyu/Desktop/中文题目/A题研究/advanced_solver/runs/formal_v2/evaluations/attempts/20260924T235208-ec0f6fb482ba46b0a782be0b27a936c5/record.json,/Users/liyu/Desktop/中文题目/A题研究/advanced_solver/runs/formal_v2/evaluations/attempts/20260924T235208-ec0f6fb482ba46b0a782be0b27a936c5/official_result.json.gz
case_085,2,3,1167341,1074433,34838636,34838636,7.958942588326801,3187899,方案/p2/n3/case_085_multicore_res.json,/Users/liyu/Desktop/中文题目/A题研究/advanced_solver/runs/formal_v2/evaluations/attempts/20260924T235216-16e1b8481fb2405b84dd4a58e0e4b70f/record.json,/Users/liyu/Desktop/中文题目/A题研究/advanced_solver/runs/formal_v2/evaluations/attempts/20260924T235216-16e1b8481fb2405b84dd4a58e0e4b70f/official_result.json.gz
case_085,2,4,974517,964456,30035794,30035794,1.0324088753710825,3187899,方案/p2/n4/case_085_multicore_res.json,/Users/liyu/Desktop/中文题目/A题研究/advanced_solver/runs/formal_v2/evaluations/attempts/20260924T233515-70eb0ad6b80f46d1bb461b8d9925b686/record.json,/Users/liyu/Desktop/中文题目/A题研究/advanced_solver/runs/formal_v2/evaluations/attempts/20260924T233515-70eb0ad6b80f46d1bb461b8d9925b686/official_result.json.gz
case_085,3,2,1595685,1582931,10318712,10318712,0.7992805597595964,3187899,方案/p3/n2/case_085_multicore_res.json,/Users/liyu/Desktop/中文题目/A题研究/advanced_solver/runs/formal_v2/evaluations/attempts/20260924T234807-dcf380b5562d4a62a4f9fd8491a50226/record.json,/Users/liyu/Desktop/中文题目/A题研究/advanced_solver/runs/formal_v2/evaluations/attempts/20260924T234807-dcf380b5562d4a62a4f9fd8491a50226/official_result.json.gz
case_085,3,3,1092441,1066007,34838636,34838636,2.419718776574664,3187899,方案/p3/n3/case_085_multicore_res.json,/Users/liyu/Desktop/中文题目/A题研究/advanced_solver/runs/formal_v2/evaluations/attempts/20260924T234824-fcb0294aa98b47a291c1df65453a4c3b/record.json,/Users/liyu/Desktop/中文题目/A题研究/advanced_solver/runs/formal_v2/evaluations/attempts/20260924T234824-fcb0294aa98b47a291c1df65453a4c3b/official_result.json.gz
case_086,1,2,118005,117789,115686,459442,0.1830430913944303,118403,方案/p1/n2/case_086_multicore_res.json,/Users/liyu/Desktop/中文题目/A题研究/advanced_solver/runs/formal_v2/evaluations/attempts/20260924T235535-f554c552a3ad4c44b43251f4df08bb60/record.json,/Users/liyu/Desktop/中文题目/A题研究/advanced_solver/runs/formal_v2/evaluations/attempts/20260924T235535-f554c552a3ad4c44b43251f4df08bb60/official_result.json.gz
case_086,1,3,118403,117789,0,459442,0.5185679416906619,118403,方案/p1/n3/case_086_multicore_res.json,/Users/liyu/Desktop/中文题目/A题研究/advanced_solver/runs/formal_v2/evaluations/attempts/20260924T235536-82dfdc98e51a484995e5f2a29466f677/record.json,/Users/liyu/Desktop/中文题目/A题研究/advanced_solver/runs/formal_v2/evaluations/attempts/20260924T235536-82dfdc98e51a484995e5f2a29466f677/official_result.json.gz
case_086,1,4,116887,86066,326128,1676764,26.36820176751906,118403,方案/p1/n4/case_086_multicore_res.json,/Users/liyu/Desktop/中文题目/A题研究/advanced_solver/runs/formal_v2/evaluations/attempts/20260924T234413-90ea493d3a7848bcba9ea1b865bd2e03/record.json,/Users/liyu/Desktop/中文题目/A题研究/advanced_solver/runs/formal_v2/evaluations/attempts/20260924T234413-90ea493d3a7848bcba9ea1b865bd2e03/official_result.json.gz
case_086,1,5,95806,86066,1458930,1676764,10.16637788864998,118403,方案/p1/n5/case_086_multicore_res.json,/Users/liyu/Desktop/中文题目/A题研究/advanced_solver/runs/formal_v2/evaluations/attempts/20260924T235536-ed25affdb65e428e9ff2f2f26b30edda/record.json,/Users/liyu/Desktop/中文题目/A题研究/advanced_solver/runs/formal_v2/evaluations/attempts/20260924T235536-ed25affdb65e428e9ff2f2f26b30edda/official_result.json.gz
case_086,2,2,64461,64138,788550,788550,0.5010781712973755,118403,方案/p2/n2/case_086_multicore_res.json,/Users/liyu/Desktop/中文题目/A题研究/advanced_solver/runs/formal_v2/evaluations/attempts/20260924T233806-a0d49130e0b447cbade82f10d6d270b8/record.json,/Users/liyu/Desktop/中文题目/A题研究/advanced_solver/runs/formal_v2/evaluations/attempts/20260924T233806-a0d49130e0b447cbade82f10d6d270b8/official_result.json.gz
case_086,2,3,48038,47404,1308172,1305868,1.3197885007702248,118403,方案/p2/n3/case_086_multicore_res.json,/Users/liyu/Desktop/中文题目/A题研究/advanced_solver/runs/formal_v2/evaluations/attempts/20260924T233806-0a75fda00ddc4da484e37302f895ea06/record.json,/Users/liyu/Desktop/中文题目/A题研究/advanced_solver/runs/formal_v2/evaluations/attempts/20260924T233806-0a75fda00ddc4da484e37302f895ea06/official_result.json.gz
case_086,2,4,46880,45893,1780850,1780850,2.105375426621159,118403,方案/p2/n4/case_086_multicore_res.json,/Users/liyu/Desktop/中文题目/A题研究/advanced_solver/runs/formal_v2/evaluations/attempts/20260924T233807-31d0f6b29a0a44e091875a1cf7304552/record.json,/Users/liyu/Desktop/中文题目/A题研究/advanced_solver/runs/formal_v2/evaluations/attempts/20260924T233807-31d0f6b29a0a44e091875a1cf7304552/official_result.json.gz
case_086,2,5,46880,45893,1780850,1780850,2.105375426621159,118403,方案/p2/n5/case_086_multicore_res.json,/Users/liyu/Desktop/中文题目/A题研究/advanced_solver/runs/formal_v2/evaluations/attempts/20260924T235537-755435b032474b6b8f2abc6378e88f5e/record.json,/Users/liyu/Desktop/中文题目/A题研究/advanced_solver/runs/formal_v2/evaluations/attempts/20260924T235537-755435b032474b6b8f2abc6378e88f5e/official_result.json.gz
case_086,3,3,46123,45981,1305868,1301260,0.30787242807276405,118403,方案/p3/n3/case_086_multicore_res.json,/Users/liyu/Desktop/中文题目/A题研究/advanced_solver/runs/formal_v2/evaluations/attempts/20260924T234142-63ac2e2a0ce14d8c98ad6ca90218673d/record.json,/Users/liyu/Desktop/中文题目/A题研究/advanced_solver/runs/formal_v2/evaluations/attempts/20260924T234142-63ac2e2a0ce14d8c98ad6ca90218673d/official_result.json.gz
case_087,2,2,1977382,1973360,6764544,6578688,0.20340025346645696,3974071,方案/p2/n2/case_087_multicore_res.json,/Users/liyu/Desktop/中文题目/A题研究/advanced_solver/runs/formal_v2/evaluations/attempts/20260924T233443-9e66d12ecda84f0f884bc73f0c94a742/record.json,/Users/liyu/Desktop/中文题目/A题研究/advanced_solver/runs/formal_v2/evaluations/attempts/20260924T233443-9e66d12ecda84f0f884bc73f0c94a742/official_result.json.gz
case_087,2,3,1368521,1366372,7584768,7497216,0.15703083840146181,3974071,方案/p2/n3/case_087_multicore_res.json,/Users/liyu/Desktop/中文题目/A题研究/advanced_solver/runs/formal_v2/evaluations/attempts/20260924T233443-f57ad334ceec4a6e944fe2c39f39b1b9/record.json,/Users/liyu/Desktop/中文题目/A题研究/advanced_solver/runs/formal_v2/evaluations/attempts/20260924T233443-f57ad334ceec4a6e944fe2c39f39b1b9/official_result.json.gz
case_087,2,4,1037355,1034680,7534080,7437312,0.25786736459553206,3974071,方案/p2/n4/case_087_multicore_res.json,/Users/liyu/Desktop/中文题目/A题研究/advanced_solver/runs/formal_v2/evaluations/attempts/20260924T233454-c8442a84dd0640408ac83bdced09c637/record.json,/Users/liyu/Desktop/中文题目/A题研究/advanced_solver/runs/formal_v2/evaluations/attempts/20260924T233454-c8442a84dd0640408ac83bdced09c637/official_result.json.gz
case_088,1,2,202059,201411,221184,348602,0.3206984098703791,243623,方案/p1/n2/case_088_multicore_res.json,/Users/liyu/Desktop/中文题目/A题研究/advanced_solver/runs/formal_v2/evaluations/attempts/20260924T234227-d6dc68f35e4a427184f9e45a4a5335e2/record.json,/Users/liyu/Desktop/中文题目/A题研究/advanced_solver/runs/formal_v2/evaluations/attempts/20260924T234227-d6dc68f35e4a427184f9e45a4a5335e2/official_result.json.gz
case_088,1,3,202428,201396,73728,431884,0.5098108957258929,243623,方案/p1/n3/case_088_multicore_res.json,/Users/liyu/Desktop/中文题目/A题研究/advanced_solver/runs/formal_v2/evaluations/attempts/20260924T234227-a0e013c441f94b0a9aaa586ea420ade5/record.json,/Users/liyu/Desktop/中文题目/A题研究/advanced_solver/runs/formal_v2/evaluations/attempts/20260924T234227-a0e013c441f94b0a9aaa586ea420ade5/official_result.json.gz
case_088,1,4,202670,186407,147456,894280,8.024374599101991,243623,方案/p1/n4/case_088_multicore_res.json,/Users/liyu/Desktop/中文题目/A题研究/advanced_solver/runs/formal_v2/evaluations/attempts/20260924T234233-ce997c2b5e2d477f886c7b12ae229700/record.json,/Users/liyu/Desktop/中文题目/A题研究/advanced_solver/runs/formal_v2/evaluations/attempts/20260924T234233-ce997c2b5e2d477f886c7b12ae229700/official_result.json.gz
case_088,2,2,137415,135939,1312570,1312570,1.074118546010261,243623,方案/p2/n2/case_088_multicore_res.json,/Users/liyu/Desktop/中文题目/A题研究/advanced_solver/runs/formal_v2/evaluations/attempts/20260924T233839-334a18a322c74d269d6af1cb3829a7f6/record.json,/Users/liyu/Desktop/中文题目/A题研究/advanced_solver/runs/formal_v2/evaluations/attempts/20260924T233839-334a18a322c74d269d6af1cb3829a7f6/official_result.json.gz
case_088,2,3,100331,99006,2078542,2078542,1.3206287189403088,243623,方案/p2/n3/case_088_multicore_res.json,/Users/liyu/Desktop/中文题目/A题研究/advanced_solver/runs/formal_v2/evaluations/attempts/20260924T233839-3ea3c60a5bb44e7993bbec4064d1920a/record.json,/Users/liyu/Desktop/中文题目/A题研究/advanced_solver/runs/formal_v2/evaluations/attempts/20260924T233839-3ea3c60a5bb44e7993bbec4064d1920a/official_result.json.gz
case_088,2,4,89769,89756,2468822,2468882,0.014481613920169778,243623,方案/p2/n4/case_088_multicore_res.json,/Users/liyu/Desktop/中文题目/A题研究/advanced_solver/runs/formal_v2/evaluations/attempts/20260924T234847-f696f719e6a942448adbf421605c980f/record.json,/Users/liyu/Desktop/中文题目/A题研究/advanced_solver/runs/formal_v2/evaluations/attempts/20260924T234847-f696f719e6a942448adbf421605c980f/official_result.json.gz
case_088,2,5,89769,89756,2468822,2468882,0.014481613920169778,243623,方案/p2/n5/case_088_multicore_res.json,/Users/liyu/Desktop/中文题目/A题研究/advanced_solver/runs/formal_v2/evaluations/attempts/20260924T235538-22936fe3ce034237875183775336f5f8/record.json,/Users/liyu/Desktop/中文题目/A题研究/advanced_solver/runs/formal_v2/evaluations/attempts/20260924T235538-22936fe3ce034237875183775336f5f8/official_result.json.gz
case_088,3,4,82229,82216,2468822,2468882,0.015809507594644057,243623,方案/p3/n4/case_088_multicore_res.json,/Users/liyu/Desktop/中文题目/A题研究/advanced_solver/runs/formal_v2/evaluations/attempts/20260924T235418-8ee561c0d03e4d30b639584c5bb4d49a/record.json,/Users/liyu/Desktop/中文题目/A题研究/advanced_solver/runs/formal_v2/evaluations/attempts/20260924T235418-8ee561c0d03e4d30b639584c5bb4d49a/official_result.json.gz
case_088,3,5,82229,82216,2468822,2468882,0.015809507594644057,243623,方案/p3/n5/case_088_multicore_res.json,/Users/liyu/Desktop/中文题目/A题研究/advanced_solver/runs/formal_v2/evaluations/attempts/20260924T235538-2143c535a89f4e5c9db6ea03f715b671/record.json,/Users/liyu/Desktop/中文题目/A题研究/advanced_solver/runs/formal_v2/evaluations/attempts/20260924T235538-2143c535a89f4e5c9db6ea03f715b671/official_result.json.gz
case_089,2,2,313494,313368,2204224,2204224,0.04019215678768839,693092,方案/p2/n2/case_089_multicore_res.json,/Users/liyu/Desktop/中文题目/A题研究/advanced_solver/runs/formal_v2/evaluations/attempts/20260924T233808-a079cb4fe1a9447196df96f3391eaa9e/record.json,/Users/liyu/Desktop/中文题目/A题研究/advanced_solver/runs/formal_v2/evaluations/attempts/20260924T233808-a079cb4fe1a9447196df96f3391eaa9e/official_result.json.gz
case_089,2,3,231618,230533,7116032,7132416,0.468443730625423,693092,方案/p2/n3/case_089_multicore_res.json,/Users/liyu/Desktop/中文题目/A题研究/advanced_solver/runs/formal_v2/evaluations/attempts/20260924T235358-e6169891ae6d4ff291f3524a683dcbb4/record.json,/Users/liyu/Desktop/中文题目/A题研究/advanced_solver/runs/formal_v2/evaluations/attempts/20260924T235358-e6169891ae6d4ff291f3524a683dcbb4/official_result.json.gz
case_089,2,5,140534,140432,4110592,4102400,0.07258030085246503,693092,方案/p2/n5/case_089_multicore_res.json,/Users/liyu/Desktop/中文题目/A题研究/advanced_solver/runs/formal_v2/evaluations/attempts/20260924T235359-7c9c6c282e31416a8950d6beec91d5c4/record.json,/Users/liyu/Desktop/中文题目/A题研究/advanced_solver/runs/formal_v2/evaluations/attempts/20260924T235359-7c9c6c282e31416a8950d6beec91d5c4/official_result.json.gz
case_089,3,3,227508,227310,7132416,7132416,0.08702990664064547,693092,方案/p3/n3/case_089_multicore_res.json,/Users/liyu/Desktop/中文题目/A题研究/advanced_solver/runs/formal_v2/evaluations/attempts/20260924T234130-2da908f77b374e458ffe1ea3142fcf10/record.json,/Users/liyu/Desktop/中文题目/A题研究/advanced_solver/runs/formal_v2/evaluations/attempts/20260924T234130-2da908f77b374e458ffe1ea3142fcf10/official_result.json.gz
case_090,2,2,432637,431288,3818928,3818928,0.31180874497558353,1178363,方案/p2/n2/case_090_multicore_res.json,/Users/liyu/Desktop/中文题目/A题研究/advanced_solver/runs/formal_v2/evaluations/attempts/20260924T235420-1c412fb637964338b435424b5dfbe48b/record.json,/Users/liyu/Desktop/中文题目/A题研究/advanced_solver/runs/formal_v2/evaluations/attempts/20260924T235420-1c412fb637964338b435424b5dfbe48b/official_result.json.gz
case_090,2,4,292056,290083,8399472,7972848,0.6755553729421715,1178363,方案/p2/n4/case_090_multicore_res.json,/Users/liyu/Desktop/中文题目/A题研究/advanced_solver/runs/formal_v2/evaluations/attempts/20260924T235420-9922194725b648f6b35f6113135a72c2/record.json,/Users/liyu/Desktop/中文题目/A题研究/advanced_solver/runs/formal_v2/evaluations/attempts/20260924T235420-9922194725b648f6b35f6113135a72c2/official_result.json.gz
case_090,2,5,292056,290083,8399472,7972848,0.6755553729421715,1178363,方案/p2/n5/case_090_multicore_res.json,/Users/liyu/Desktop/中文题目/A题研究/advanced_solver/runs/formal_v2/evaluations/attempts/20260924T235538-69230f888a4c47b084dd2bd0c156ef33/record.json,/Users/liyu/Desktop/中文题目/A题研究/advanced_solver/runs/formal_v2/evaluations/attempts/20260924T235538-69230f888a4c47b084dd2bd0c156ef33/official_result.json.gz
case_090,3,2,431269,431243,3818928,3818928,0.006028719894080048,1178363,方案/p3/n2/case_090_multicore_res.json,/Users/liyu/Desktop/中文题目/A题研究/advanced_solver/runs/formal_v2/evaluations/attempts/20260924T234023-ff46c3942a3b4bf39cd6f9e10489bbc1/record.json,/Users/liyu/Desktop/中文题目/A题研究/advanced_solver/runs/formal_v2/evaluations/attempts/20260924T234023-ff46c3942a3b4bf39cd6f9e10489bbc1/official_result.json.gz
case_090,3,4,265407,264773,8136816,7972848,0.2388784018507395,1178363,方案/p3/n4/case_090_multicore_res.json,/Users/liyu/Desktop/中文题目/A题研究/advanced_solver/runs/formal_v2/evaluations/attempts/20260924T234024-71e73d667a154483a24d4181bbde0f92/record.json,/Users/liyu/Desktop/中文题目/A题研究/advanced_solver/runs/formal_v2/evaluations/attempts/20260924T234024-71e73d667a154483a24d4181bbde0f92/official_result.json.gz
case_092,2,2,2166150,2126364,19018336,19020384,1.8367149089398294,4815554,方案/p2/n2/case_092_multicore_res.json,/Users/liyu/Desktop/中文题目/A题研究/advanced_solver/runs/formal_v2/evaluations/attempts/20260924T235249-7fdfe6ed2bbc4fad8e5874ef8f53e40a/record.json,/Users/liyu/Desktop/中文题目/A题研究/advanced_solver/runs/formal_v2/evaluations/attempts/20260924T235249-7fdfe6ed2bbc4fad8e5874ef8f53e40a/official_result.json.gz
case_092,2,3,1487814,1357066,49893568,10514624,8.787926447795225,4815554,方案/p2/n3/case_092_multicore_res.json,/Users/liyu/Desktop/中文题目/A题研究/advanced_solver/runs/formal_v2/evaluations/attempts/20260924T235252-54bacf3478914f598b010c76caf35b0f/record.json,/Users/liyu/Desktop/中文题目/A题研究/advanced_solver/runs/formal_v2/evaluations/attempts/20260924T235252-54bacf3478914f598b010c76caf35b0f/official_result.json.gz
case_092,3,2,2132544,2126411,19020384,19020384,0.2875907835899305,4815554,方案/p3/n2/case_092_multicore_res.json,/Users/liyu/Desktop/中文题目/A题研究/advanced_solver/runs/formal_v2/evaluations/attempts/20260924T234623-4913e23601534ab497a26407778012c7/record.json,/Users/liyu/Desktop/中文题目/A题研究/advanced_solver/runs/formal_v2/evaluations/attempts/20260924T234623-4913e23601534ab497a26407778012c7/official_result.json.gz
case_092,3,3,1359694,1348155,10563776,10514624,0.8486468278892212,4815554,方案/p3/n3/case_092_multicore_res.json,/Users/liyu/Desktop/中文题目/A题研究/advanced_solver/runs/formal_v2/evaluations/attempts/20260924T234625-463abbed012c46da98a2155e300f0420/record.json,/Users/liyu/Desktop/中文题目/A题研究/advanced_solver/runs/formal_v2/evaluations/attempts/20260924T234625-463abbed012c46da98a2155e300f0420/official_result.json.gz
case_092,3,4,1122035,1121490,39638816,39622432,0.048572459860873884,4815554,方案/p3/n4/case_092_multicore_res.json,/Users/liyu/Desktop/中文题目/A题研究/advanced_solver/runs/formal_v2/evaluations/attempts/20260924T233618-0254d3f2d0e24e8d90a408a16857092a/record.json,/Users/liyu/Desktop/中文题目/A题研究/advanced_solver/runs/formal_v2/evaluations/attempts/20260924T233618-0254d3f2d0e24e8d90a408a16857092a/official_result.json.gz
case_094,2,2,43762,42158,106272,106272,3.665280380238567,94892,方案/p2/n2/case_094_multicore_res.json,/Users/liyu/Desktop/中文题目/A题研究/advanced_solver/runs/formal_v2/evaluations/attempts/20260924T233856-c8c3af6914f84dc79f3448c5f7c75ec9/record.json,/Users/liyu/Desktop/中文题目/A题研究/advanced_solver/runs/formal_v2/evaluations/attempts/20260924T233856-c8c3af6914f84dc79f3448c5f7c75ec9/official_result.json.gz
case_094,2,3,33725,30112,313632,322848,10.713120830244627,94892,方案/p2/n3/case_094_multicore_res.json,/Users/liyu/Desktop/中文题目/A题研究/advanced_solver/runs/formal_v2/evaluations/attempts/20260924T235428-236d3bd5b2da4a2ea2a6adbff3c31fcf/record.json,/Users/liyu/Desktop/中文题目/A题研究/advanced_solver/runs/formal_v2/evaluations/attempts/20260924T235428-236d3bd5b2da4a2ea2a6adbff3c31fcf/official_result.json.gz
case_094,2,4,23026,21760,318816,318816,5.498132545817769,94892,方案/p2/n4/case_094_multicore_res.json,/Users/liyu/Desktop/中文题目/A题研究/advanced_solver/runs/formal_v2/evaluations/attempts/20260924T233857-1af5b011b8a94446be89c88baf8d675d/record.json,/Users/liyu/Desktop/中文题目/A题研究/advanced_solver/runs/formal_v2/evaluations/attempts/20260924T233857-1af5b011b8a94446be89c88baf8d675d/official_result.json.gz
case_094,3,3,32399,30061,313632,322848,7.216272107163801,94892,方案/p3/n3/case_094_multicore_res.json,/Users/liyu/Desktop/中文题目/A题研究/advanced_solver/runs/formal_v2/evaluations/attempts/20260924T233958-1dbd4a3aa7bb4da4ba1aec51a6218ee0/record.json,/Users/liyu/Desktop/中文题目/A题研究/advanced_solver/runs/formal_v2/evaluations/attempts/20260924T233958-1dbd4a3aa7bb4da4ba1aec51a6218ee0/official_result.json.gz
case_096,2,2,35439,34851,816880,816880,1.6591890290358124,84194,方案/p2/n2/case_096_multicore_res.json,/Users/liyu/Desktop/中文题目/A题研究/advanced_solver/runs/formal_v2/evaluations/attempts/20260924T235424-bd3c1da655004cce92274bdc928c37a6/record.json,/Users/liyu/Desktop/中文题目/A题研究/advanced_solver/runs/formal_v2/evaluations/attempts/20260924T235424-bd3c1da655004cce92274bdc928c37a6/official_result.json.gz
case_096,2,3,24367,24231,764004,764004,0.5581318997004092,84194,方案/p2/n3/case_096_multicore_res.json,/Users/liyu/Desktop/中文题目/A题研究/advanced_solver/runs/formal_v2/evaluations/attempts/20260924T233850-0eb629dc24de45f6ae56fa999eafa165/record.json,/Users/liyu/Desktop/中文题目/A题研究/advanced_solver/runs/formal_v2/evaluations/attempts/20260924T233850-0eb629dc24de45f6ae56fa999eafa165/official_result.json.gz
case_096,2,4,26298,24231,966328,764004,7.859913301391741,84194,方案/p2/n4/case_096_multicore_res.json,/Users/liyu/Desktop/中文题目/A题研究/advanced_solver/runs/formal_v2/evaluations/attempts/20260924T233850-8d12064eb9154bfbaa68cbb6b660acf0/record.json,/Users/liyu/Desktop/中文题目/A题研究/advanced_solver/runs/formal_v2/evaluations/attempts/20260924T233850-8d12064eb9154bfbaa68cbb6b660acf0/official_result.json.gz
case_096,2,5,24367,24231,764004,764004,0.5581318997004092,84194,方案/p2/n5/case_096_multicore_res.json,/Users/liyu/Desktop/中文题目/A题研究/advanced_solver/runs/formal_v2/evaluations/attempts/20260924T235424-19045fa09be34d1690fee35b2dace8cc/record.json,/Users/liyu/Desktop/中文题目/A题研究/advanced_solver/runs/formal_v2/evaluations/attempts/20260924T235424-19045fa09be34d1690fee35b2dace8cc/official_result.json.gz
case_096,3,2,34381,34370,816880,816880,0.03199441552019788,84194,方案/p3/n2/case_096_multicore_res.json,/Users/liyu/Desktop/中文题目/A题研究/advanced_solver/runs/formal_v2/evaluations/attempts/20260924T234012-0cc329e185704594b17d15cee67fe28e/record.json,/Users/liyu/Desktop/中文题目/A题研究/advanced_solver/runs/formal_v2/evaluations/attempts/20260924T234012-0cc329e185704594b17d15cee67fe28e/official_result.json.gz
case_096,3,4,25698,24072,958648,764004,6.327340649077751,84194,方案/p3/n4/case_096_multicore_res.json,/Users/liyu/Desktop/中文题目/A题研究/advanced_solver/runs/formal_v2/evaluations/attempts/20260924T233156-71acff9ed431423a90e3e0dbd5f97fe9/record.json,/Users/liyu/Desktop/中文题目/A题研究/advanced_solver/runs/formal_v2/evaluations/attempts/20260924T233156-71acff9ed431423a90e3e0dbd5f97fe9/official_result.json.gz
case_097,1,2,5192028,5156692,29818880,11927552,0.6805818458606172,11491509,方案/p1/n2/case_097_multicore_res.json,/Users/liyu/Desktop/中文题目/A题研究/advanced_solver/runs/formal_v2/evaluations/attempts/20260924T234658-588cad59363f4a9c8b033aa95f48da10/record.json,/Users/liyu/Desktop/中文题目/A题研究/advanced_solver/runs/formal_v2/evaluations/attempts/20260924T234658-588cad59363f4a9c8b033aa95f48da10/official_result.json.gz
case_097,2,2,5617602,5601821,11796480,11821056,0.2809205778551038,11491509,方案/p2/n2/case_097_multicore_res.json,/Users/liyu/Desktop/中文题目/A题研究/advanced_solver/runs/formal_v2/evaluations/attempts/20260924T235337-3bfc6116a0464cfcacbfcc6a7de74156/record.json,/Users/liyu/Desktop/中文题目/A题研究/advanced_solver/runs/formal_v2/evaluations/attempts/20260924T235337-3bfc6116a0464cfcacbfcc6a7de74156/official_result.json.gz
case_097,2,3,3653429,3651847,16058368,16058368,0.043301785801774795,11491509,方案/p2/n3/case_097_multicore_res.json,/Users/liyu/Desktop/中文题目/A题研究/advanced_solver/runs/formal_v2/evaluations/attempts/20260924T233731-2cd167770a2647f4960adbe91ba36534/record.json,/Users/liyu/Desktop/中文题目/A题研究/advanced_solver/runs/formal_v2/evaluations/attempts/20260924T233731-2cd167770a2647f4960adbe91ba36534/official_result.json.gz
case_097,2,4,2626908,2624984,14221312,14254080,0.07324200162319716,11491509,方案/p2/n4/case_097_multicore_res.json,/Users/liyu/Desktop/中文题目/A题研究/advanced_solver/runs/formal_v2/evaluations/attempts/20260924T235337-5a1722f82f064ef48b1b589f72e84af1/record.json,/Users/liyu/Desktop/中文题目/A题研究/advanced_solver/runs/formal_v2/evaluations/attempts/20260924T235337-5a1722f82f064ef48b1b589f72e84af1/official_result.json.gz
case_097,3,2,5610272,5601821,11808768,11821056,0.15063440774351067,11491509,方案/p3/n2/case_097_multicore_res.json,/Users/liyu/Desktop/中文题目/A题研究/advanced_solver/runs/formal_v2/evaluations/attempts/20260924T234329-54f9981d2dfb40c2a800067252b326f2/record.json,/Users/liyu/Desktop/中文题目/A题研究/advanced_solver/runs/formal_v2/evaluations/attempts/20260924T234329-54f9981d2dfb40c2a800067252b326f2/official_result.json.gz
case_097,3,4,2625006,2624356,14237696,14254080,0.024761848163390443,11491509,方案/p3/n4/case_097_multicore_res.json,/Users/liyu/Desktop/中文题目/A题研究/advanced_solver/runs/formal_v2/evaluations/attempts/20260924T234333-88c8a753b1dc453c9d4a1e10b5166d98/record.json,/Users/liyu/Desktop/中文题目/A题研究/advanced_solver/runs/formal_v2/evaluations/attempts/20260924T234333-88c8a753b1dc453c9d4a1e10b5166d98/official_result.json.gz
case_098,1,3,89825,89756,0,0,0.07681603117172253,177430,方案/p1/n3/case_098_multicore_res.json,/Users/liyu/Desktop/中文题目/A题研究/advanced_solver/runs/formal_v2/evaluations/attempts/20260924T233155-b9bb183ccf514bf99ba1712519881bc1/record.json,/Users/liyu/Desktop/中文题目/A题研究/advanced_solver/runs/formal_v2/evaluations/attempts/20260924T233155-b9bb183ccf514bf99ba1712519881bc1/official_result.json.gz
case_098,1,4,89894,89756,0,0,0.15351413887467746,177430,方案/p1/n4/case_098_multicore_res.json,/Users/liyu/Desktop/中文题目/A题研究/advanced_solver/runs/formal_v2/evaluations/attempts/20260924T233155-67446a535c674658ba8677c1f1418a0c/record.json,/Users/liyu/Desktop/中文题目/A题研究/advanced_solver/runs/formal_v2/evaluations/attempts/20260924T233155-67446a535c674658ba8677c1f1418a0c/official_result.json.gz
case_098,2,3,65491,63811,1038236,1054616,2.565237971629686,177430,方案/p2/n3/case_098_multicore_res.json,/Users/liyu/Desktop/中文题目/A题研究/advanced_solver/runs/formal_v2/evaluations/attempts/20260924T234828-4ace30d0b1994e2caba58cca3171a8f7/record.json,/Users/liyu/Desktop/中文题目/A题研究/advanced_solver/runs/formal_v2/evaluations/attempts/20260924T234828-4ace30d0b1994e2caba58cca3171a8f7/official_result.json.gz
case_098,2,4,75779,63811,2830210,1054616,15.793293656553931,177430,方案/p2/n4/case_098_multicore_res.json,/Users/liyu/Desktop/中文题目/A题研究/advanced_solver/runs/formal_v2/evaluations/attempts/20260924T235539-e8f9bbb6bb914ba5b2a0ffb35068c154/record.json,/Users/liyu/Desktop/中文题目/A题研究/advanced_solver/runs/formal_v2/evaluations/attempts/20260924T235539-e8f9bbb6bb914ba5b2a0ffb35068c154/official_result.json.gz
case_098,3,3,63301,62695,1030040,1054616,0.9573308478538989,177430,方案/p3/n3/case_098_multicore_res.json,/Users/liyu/Desktop/中文题目/A题研究/advanced_solver/runs/formal_v2/evaluations/attempts/20260924T235423-4f89fdb3f123424f894aee007f6d88aa/record.json,/Users/liyu/Desktop/中文题目/A题研究/advanced_solver/runs/formal_v2/evaluations/attempts/20260924T235423-4f89fdb3f123424f894aee007f6d88aa/official_result.json.gz
case_098,3,4,69940,62695,2830210,1054616,10.358879039176438,177430,方案/p3/n4/case_098_multicore_res.json,/Users/liyu/Desktop/中文题目/A题研究/advanced_solver/runs/formal_v2/evaluations/attempts/20260924T235539-002081ef0fc54ff5a71b4a1b3ce477d7/record.json,/Users/liyu/Desktop/中文题目/A题研究/advanced_solver/runs/formal_v2/evaluations/attempts/20260924T235539-002081ef0fc54ff5a71b4a1b3ce477d7/official_result.json.gz
case_099,2,4,405655,405317,9764864,9764864,0.08332203473394584,1622999,方案/p2/n4/case_099_multicore_res.json,/Users/liyu/Desktop/中文题目/A题研究/advanced_solver/runs/formal_v2/evaluations/attempts/20260924T233743-3b0cb5adb66e4af9938fbae0ee6525e7/record.json,/Users/liyu/Desktop/中文题目/A题研究/advanced_solver/runs/formal_v2/evaluations/attempts/20260924T233743-3b0cb5adb66e4af9938fbae0ee6525e7/official_result.json.gz
case_100,1,2,86444,82475,64512,534528,4.5914117810374355,151223,方案/p1/n2/case_100_multicore_res.json,/Users/liyu/Desktop/中文题目/A题研究/advanced_solver/runs/formal_v2/evaluations/attempts/20260924T234204-a4affb164b1f4e74bc542dc0b401f739/record.json,/Users/liyu/Desktop/中文题目/A题研究/advanced_solver/runs/formal_v2/evaluations/attempts/20260924T234204-a4affb164b1f4e74bc542dc0b401f739/official_result.json.gz
case_100,1,4,58086,57811,144384,72192,0.4734359398133825,151223,方案/p1/n4/case_100_multicore_res.json,/Users/liyu/Desktop/中文题目/A题研究/advanced_solver/runs/formal_v2/evaluations/attempts/20260924T233154-d8b061d3a96949278386ea5ee1582d4c/record.json,/Users/liyu/Desktop/中文题目/A题研究/advanced_solver/runs/formal_v2/evaluations/attempts/20260924T233154-d8b061d3a96949278386ea5ee1582d4c/official_result.json.gz
case_100,2,2,82203,80697,3197966,3197966,1.8320499251852085,151223,方案/p2/n2/case_100_multicore_res.json,/Users/liyu/Desktop/中文题目/A题研究/advanced_solver/runs/formal_v2/evaluations/attempts/20260924T233846-8ecc88b68cd848b3845c2dda6edda982/record.json,/Users/liyu/Desktop/中文题目/A题研究/advanced_solver/runs/formal_v2/evaluations/attempts/20260924T233846-8ecc88b68cd848b3845c2dda6edda982/official_result.json.gz
case_100,2,4,58086,57811,144384,0,0.4734359398133825,151223,方案/p2/n4/case_100_multicore_res.json,/Users/liyu/Desktop/中文题目/A题研究/advanced_solver/runs/formal_v2/evaluations/attempts/20260924T233154-7658feba683e4044b6447762f680ff73/record.json,/Users/liyu/Desktop/中文题目/A题研究/advanced_solver/runs/formal_v2/evaluations/attempts/20260924T233154-7658feba683e4044b6447762f680ff73/official_result.json.gz
case_100,3,4,58086,57811,144384,0,0.4734359398133825,151223,方案/p3/n4/case_100_multicore_res.json,/Users/liyu/Desktop/中文题目/A题研究/advanced_solver/runs/formal_v2/evaluations/attempts/20260924T233154-f124a9aea89b46c3b957761dd393380a/record.json,/Users/liyu/Desktop/中文题目/A题研究/advanced_solver/runs/formal_v2/evaluations/attempts/20260924T233154-f124a9aea89b46c3b957761dd393380a/official_result.json.gz
