config_id,case,problem,cores,group,variant,event_index,event,parent_record,family,accepted,lineage,record,protected_remaining,depth,local_accepted,global_accepted,stale_parent,status,global_improvement,visits_carried,observation,quota,origin,reason,visits,scope
case_060_p2_n5,case_060,2,5,frozen_regression,legacy,1,legacy_visit,/home/konglingrui/.mathmodel/questionA/真机启发算法攻坚/A题研究/直接迭代/运行结果/持续联合冲刺_20260926/正式75配置_6并发/configurations/case_060_p2_n5/legacy/attempt_001/evaluations/attempts/20260926T125412-f6c90feafe52494384cc70f5af2bfa88/record.json,legacy,False,,,,,,,,,,,,,,,,
case_060_p2_n5,case_060,2,5,frozen_regression,legacy,2,legacy_visit,/home/konglingrui/.mathmodel/questionA/真机启发算法攻坚/A题研究/直接迭代/运行结果/持续联合冲刺_20260926/正式75配置_6并发/configurations/case_060_p2_n5/legacy/attempt_001/evaluations/attempts/20260926T125430-faea479b928a4314a2d5f7d9b99bfbe5/record.json,data,False,,,,,,,,,,,,,,,,
case_060_p2_n5,case_060,2,5,frozen_regression,legacy,3,legacy_visit,/home/konglingrui/.mathmodel/questionA/真机启发算法攻坚/A题研究/直接迭代/运行结果/持续联合冲刺_20260926/正式75配置_6并发/configurations/case_060_p2_n5/legacy/attempt_001/evaluations/attempts/20260926T125441-d00d275967ba455983390ebbed0b9c62/record.json,region,False,,,,,,,,,,,,,,,,
case_060_p2_n5,case_060,2,5,frozen_regression,legacy,4,legacy_visit,/home/konglingrui/.mathmodel/questionA/真机启发算法攻坚/A题研究/直接迭代/运行结果/持续联合冲刺_20260926/正式75配置_6并发/configurations/case_060_p2_n5/legacy/attempt_001/evaluations/attempts/20260926T125412-f6c90feafe52494384cc70f5af2bfa88/record.json,legacy,False,,,,,,,,,,,,,,,,
case_060_p2_n5,case_060,2,5,frozen_regression,legacy,5,legacy_visit,/home/konglingrui/.mathmodel/questionA/真机启发算法攻坚/A题研究/直接迭代/运行结果/持续联合冲刺_20260926/正式75配置_6并发/configurations/case_060_p2_n5/legacy/attempt_001/evaluations/attempts/20260926T125430-faea479b928a4314a2d5f7d9b99bfbe5/record.json,region,False,,,,,,,,,,,,,,,,
case_060_p2_n5,case_060,2,5,frozen_regression,legacy,6,legacy_visit,/home/konglingrui/.mathmodel/questionA/真机启发算法攻坚/A题研究/直接迭代/运行结果/持续联合冲刺_20260926/正式75配置_6并发/configurations/case_060_p2_n5/legacy/attempt_001/evaluations/attempts/20260926T125441-d00d275967ba455983390ebbed0b9c62/record.json,data,True,,,,,,,,,,,,,,,,
case_060_p2_n5,case_060,2,5,frozen_regression,legacy,7,legacy_visit,/home/konglingrui/.mathmodel/questionA/真机启发算法攻坚/A题研究/直接迭代/运行结果/持续联合冲刺_20260926/正式75配置_6并发/configurations/case_060_p2_n5/legacy/attempt_001/evaluations/attempts/20260926T125502-3432c481c31843a09a0daa9cb634be1d/record.json,region,False,,,,,,,,,,,,,,,,
case_060_p2_n5,case_060,2,5,frozen_regression,legacy,8,legacy_visit,/home/konglingrui/.mathmodel/questionA/真机启发算法攻坚/A题研究/直接迭代/运行结果/持续联合冲刺_20260926/正式75配置_6并发/configurations/case_060_p2_n5/legacy/attempt_001/evaluations/attempts/20260926T125505-34a52f69013e421280050c1d40e08e87/record.json,legacy,True,,,,,,,,,,,,,,,,
case_060_p2_n5,case_060,2,5,frozen_regression,legacy,9,legacy_visit,/home/konglingrui/.mathmodel/questionA/真机启发算法攻坚/A题研究/直接迭代/运行结果/持续联合冲刺_20260926/正式75配置_6并发/configurations/case_060_p2_n5/legacy/attempt_001/evaluations/attempts/20260926T125507-e8e19c8e5bda4d7f8dfaab3edd116063/record.json,data,False,,,,,,,,,,,,,,,,
case_060_p2_n5,case_060,2,5,frozen_regression,legacy,10,legacy_visit,/home/konglingrui/.mathmodel/questionA/真机启发算法攻坚/A题研究/直接迭代/运行结果/持续联合冲刺_20260926/正式75配置_6并发/configurations/case_060_p2_n5/legacy/attempt_001/evaluations/attempts/20260926T125507-e8e19c8e5bda4d7f8dfaab3edd116063/record.json,data,False,,,,,,,,,,,,,,,,
case_060_p2_n5,case_060,2,5,frozen_regression,legacy,11,legacy_visit,/home/konglingrui/.mathmodel/questionA/真机启发算法攻坚/A题研究/直接迭代/运行结果/持续联合冲刺_20260926/正式75配置_6并发/configurations/case_060_p2_n5/legacy/attempt_001/evaluations/attempts/20260926T125502-3432c481c31843a09a0daa9cb634be1d/record.json,region,False,,,,,,,,,,,,,,,,
case_060_p2_n5,case_060,2,5,frozen_regression,legacy,12,legacy_visit,/home/konglingrui/.mathmodel/questionA/真机启发算法攻坚/A题研究/直接迭代/运行结果/持续联合冲刺_20260926/正式75配置_6并发/configurations/case_060_p2_n5/legacy/attempt_001/evaluations/attempts/20260926T125505-34a52f69013e421280050c1d40e08e87/record.json,legacy,False,,,,,,,,,,,,,,,,
case_060_p2_n5,case_060,2,5,frozen_regression,legacy,13,legacy_visit,/home/konglingrui/.mathmodel/questionA/真机启发算法攻坚/A题研究/直接迭代/运行结果/持续联合冲刺_20260926/正式75配置_6并发/configurations/case_060_p2_n5/legacy/attempt_001/evaluations/attempts/20260926T125507-e8e19c8e5bda4d7f8dfaab3edd116063/record.json,data,False,,,,,,,,,,,,,,,,
case_060_p2_n5,case_060,2,5,frozen_regression,legacy,14,legacy_visit,/home/konglingrui/.mathmodel/questionA/真机启发算法攻坚/A题研究/直接迭代/运行结果/持续联合冲刺_20260926/正式75配置_6并发/configurations/case_060_p2_n5/legacy/attempt_001/evaluations/attempts/20260926T125502-3432c481c31843a09a0daa9cb634be1d/record.json,region,False,,,,,,,,,,,,,,,,
case_060_p2_n5,case_060,2,5,frozen_regression,legacy,15,legacy_visit,/home/konglingrui/.mathmodel/questionA/真机启发算法攻坚/A题研究/直接迭代/运行结果/持续联合冲刺_20260926/正式75配置_6并发/configurations/case_060_p2_n5/legacy/attempt_001/evaluations/attempts/20260926T125505-34a52f69013e421280050c1d40e08e87/record.json,legacy,False,,,,,,,,,,,,,,,,
case_060_p2_n5,case_060,2,5,frozen_regression,legacy,16,legacy_visit,/home/konglingrui/.mathmodel/questionA/真机启发算法攻坚/A题研究/直接迭代/运行结果/持续联合冲刺_20260926/正式75配置_6并发/configurations/case_060_p2_n5/legacy/attempt_001/evaluations/attempts/20260926T125507-e8e19c8e5bda4d7f8dfaab3edd116063/record.json,data,True,,,,,,,,,,,,,,,,
case_060_p2_n5,case_060,2,5,frozen_regression,legacy,17,legacy_visit,/home/konglingrui/.mathmodel/questionA/真机启发算法攻坚/A题研究/直接迭代/运行结果/持续联合冲刺_20260926/正式75配置_6并发/configurations/case_060_p2_n5/legacy/attempt_001/evaluations/attempts/20260926T125534-9cd5a8e1cfaf47a19bd02f3e3bd20fca/record.json,data,False,,,,,,,,,,,,,,,,
case_060_p2_n5,case_060,2,5,frozen_regression,legacy,18,legacy_visit,/home/konglingrui/.mathmodel/questionA/真机启发算法攻坚/A题研究/直接迭代/运行结果/持续联合冲刺_20260926/正式75配置_6并发/configurations/case_060_p2_n5/legacy/attempt_001/evaluations/attempts/20260926T125546-63e17dfb4579484494835f8b80f183c9/record.json,data,False,,,,,,,,,,,,,,,,
case_060_p2_n5,case_060,2,5,frozen_regression,persistent,1,visit,/home/konglingrui/.mathmodel/questionA/真机启发算法攻坚/A题研究/直接迭代/运行结果/持续联合冲刺_20260926/正式75配置_6并发/configurations/case_060_p2_n5/persistent/attempt_001/evaluations/attempts/20260926T125601-f94ea9b8b58946a1ad3dd0a913d62ff0/record.json,insertion,,0,/home/konglingrui/.mathmodel/questionA/真机启发算法攻坚/A题研究/直接迭代/运行结果/持续联合冲刺_20260926/正式75配置_6并发/configurations/case_060_p2_n5/persistent/attempt_001/evaluations/attempts/20260926T125622-acd07aac2b34487da04cab936b52d8a8/record.json,1,0,False,False,True,success,,,,,,,,
case_060_p2_n5,case_060,2,5,frozen_regression,persistent,2,advance,/home/konglingrui/.mathmodel/questionA/真机启发算法攻坚/A题研究/直接迭代/运行结果/持续联合冲刺_20260926/正式75配置_6并发/configurations/case_060_p2_n5/persistent/attempt_001/evaluations/attempts/20260926T125607-ddd23552cae4494facc989d87608ff87/record.json,insertion,,1,/home/konglingrui/.mathmodel/questionA/真机启发算法攻坚/A题研究/直接迭代/运行结果/持续联合冲刺_20260926/正式75配置_6并发/configurations/case_060_p2_n5/persistent/attempt_001/evaluations/attempts/20260926T125624-76395d3f460346bf804c1ebe55ac3008/record.json,,1,,,,,False,1,,,,,,
case_060_p2_n5,case_060,2,5,frozen_regression,persistent,3,visit,/home/konglingrui/.mathmodel/questionA/真机启发算法攻坚/A题研究/直接迭代/运行结果/持续联合冲刺_20260926/正式75配置_6并发/configurations/case_060_p2_n5/persistent/attempt_001/evaluations/attempts/20260926T125607-ddd23552cae4494facc989d87608ff87/record.json,insertion,,1,/home/konglingrui/.mathmodel/questionA/真机启发算法攻坚/A题研究/直接迭代/运行结果/持续联合冲刺_20260926/正式75配置_6并发/configurations/case_060_p2_n5/persistent/attempt_001/evaluations/attempts/20260926T125624-76395d3f460346bf804c1ebe55ac3008/record.json,1,0,True,False,False,success,,,,,,,,
case_060_p2_n5,case_060,2,5,frozen_regression,persistent,4,advance,/home/konglingrui/.mathmodel/questionA/真机启发算法攻坚/A题研究/直接迭代/运行结果/持续联合冲刺_20260926/正式75配置_6并发/configurations/case_060_p2_n5/persistent/attempt_001/evaluations/attempts/20260926T125611-e741cb33362a4e30901bc46506656ce7/record.json,insertion,,2,/home/konglingrui/.mathmodel/questionA/真机启发算法攻坚/A题研究/直接迭代/运行结果/持续联合冲刺_20260926/正式75配置_6并发/configurations/case_060_p2_n5/persistent/attempt_001/evaluations/attempts/20260926T125628-da174cb8453d445cb5e2d1e82d2ea282/record.json,,1,,,,,False,1,,,,,,
case_060_p2_n5,case_060,2,5,frozen_regression,persistent,5,visit,/home/konglingrui/.mathmodel/questionA/真机启发算法攻坚/A题研究/直接迭代/运行结果/持续联合冲刺_20260926/正式75配置_6并发/configurations/case_060_p2_n5/persistent/attempt_001/evaluations/attempts/20260926T125611-e741cb33362a4e30901bc46506656ce7/record.json,insertion,,2,/home/konglingrui/.mathmodel/questionA/真机启发算法攻坚/A题研究/直接迭代/运行结果/持续联合冲刺_20260926/正式75配置_6并发/configurations/case_060_p2_n5/persistent/attempt_001/evaluations/attempts/20260926T125628-da174cb8453d445cb5e2d1e82d2ea282/record.json,1,0,True,False,False,success,,,,,,,,
case_060_p2_n5,case_060,2,5,frozen_regression,persistent,6,observe,/home/konglingrui/.mathmodel/questionA/真机启发算法攻坚/A题研究/直接迭代/运行结果/持续联合冲刺_20260926/正式75配置_6并发/configurations/case_060_p2_n5/persistent/attempt_001/evaluations/attempts/20260926T125605-c4d7e859897f4b42b6c107718a9d8c10/record.json,,,,,,0,,,,,,,"{'makespan': 164455, 'official_copy': {'original_graph_copy_bytes': 2099006, 'scheduled_copy_bytes': 5743806, 'added_copy_bytes': 3644800, 'partition_added_copy_bytes': 3441024, 'spill_added_copy_bytes': 203776}, 'path_bytes': {'DDR': 5743806}, 'nominal_pool_work_cycles': {'DDR': 97577}, 'pool_occupancy': {'DDR': {'busy_cycles': 97577, 'overlap_cycles': 74674, 'peak_concurrent': 7}, 'CACHE_READ': {'busy_cycles': 0, 'overlap_cycles': 0, 'peak_concurrent': 0}}, 'projected_live_peak': {'0:UB': 131072, '0:L1': 524288, '1:UB': 131072, '1:L1': 513024, '2:L1': 495616, '2:UB': 98318, '3:UB': 131072, '3:L1': 401408, '4:L1': 468096, '4:UB': 98320}, 'projected_live_byte_cycles': {'0:UB': 3818537980, '0:L1': 49481391360, '1:UB': 3816810450, '1:L1': 52259241728, '2:L1': 48487382016, '2:UB': 2182432744, '3:UB': 5212262432, '3:L1': 42985662976, '4:L1': 47168462336, '4:UB': 1085554104}, 'memory_dependency_count': 12335, 'critical_chain_ops': 478, 'critical_chain_memory_edges': 2, 'top_copy_waits': [{'task_id': 3, 'op_id': 1000006875, 'op': 'COPY_IN', 'subgraph_id': 3315, 'pipe': 'PIPE_MTE2', 'start': 7305, 'end': 8127, 'duration': 822, 'core_id': 3, 'size_bytes': 8192, 'path': 'DDR', 'nominal_cycles': 137, 'duration_excess': 685, 'original_tensors': [1000000711], 'slack': 0, 'congestion_exposure': 685.0, 'wait_priority': 1507.0, 'task': 3}, {'task_id': 3, 'op_id': 1000007029, 'op': 'COPY_IN', 'subgraph_id': 3310, 'pipe': 'PIPE_MTE2', 'start': 4404, 'end': 5226, 'duration': 822, 'core_id': 3, 'size_bytes': 8192, 'path': 'DDR', 'nominal_cycles': 137, 'duration_excess': 685, 'original_tensors': [1000001337], 'slack': 0, 'congestion_exposure': 685.0, 'wait_priority': 1507.0, 'task': 3}, {'task_id': 3, 'op_id': 1000011170, 'op': 'COPY_OUT', 'subgraph_id': 3322, 'pipe': 'PIPE_MTE3', 'start': 11631, 'end': 12453, 'duration': 822, 'core_id': 3, 'size_bytes': 8192, 'path': 'DDR', 'nominal_cycles': 137, 'duration_excess': 685, 'original_tensors': [1000001365], 'slack': 0, 'congestion_exposure': 685.0, 'wait_priority': 1507.0, 'task': 3}, {'task_id': 3, 'op_id': 1000007027, 'op': 'COPY_IN', 'subgraph_id': 3309, 'pipe': 'PIPE_MTE2', 'start': 3610, 'end': 4404, 'duration': 794, 'core_id': 3, 'size_bytes': 8192, 'path': 'DDR', 'nominal_cycles': 137, 'duration_excess': 657, 'original_tensors': [1000001335], 'slack': 0, 'congestion_exposure': 657.0, 'wait_priority': 1451.0, 'task': 3}, {'task_id': 3, 'op_id': 1000007033, 'op': 'COPY_IN', 'subgraph_id': 3314, 'pipe': 'PIPE_MTE2', 'start': 6511, 'end': 7305, 'duration': 794, 'core_id': 3, 'size_bytes': 8192, 'path': 'DDR', 'nominal_cycles': 137, 'duration_excess': 657, 'original_tensors': [1000001341], 'slack': 0, 'congestion_exposure': 657.0, 'wait_priority': 1451.0, 'task': 3}, {'task_id': 3, 'op_id': 1000007035, 'op': 'COPY_IN', 'subgraph_id': 3318, 'pipe': 'PIPE_MTE2', 'start': 9412, 'end': 10206, 'duration': 794, 'core_id': 3, 'size_bytes': 8192, 'path': 'DDR', 'nominal_cycles': 137, 'duration_excess': 657, 'original_tensors': [1000001343], 'slack': 0, 'congestion_exposure': 657.0, 'wait_priority': 1451.0, 'task': 3}, {'task_id': 3, 'op_id': 1000011154, 'op': 'COPY_OUT', 'subgraph_id': 3317, 'pipe': 'PIPE_MTE3', 'start': 9552, 'end': 10374, 'duration': 822, 'core_id': 3, 'size_bytes': 8192, 'path': 'DDR', 'nominal_cycles': 137, 'duration_excess': 685, 'original_tensors': [1000000733], 'slack': 295, 'congestion_exposure': 685.0, 'wait_priority': 1421.9751847991356, 'task': 3}, {'task_id': 3, 'op_id': 1000011162, 'op': 'COPY_OUT', 'subgraph_id': 3318, 'pipe': 'PIPE_MTE3', 'start': 10374, 'end': 11196, 'duration': 822, 'core_id': 3, 'size_bytes': 8192, 'path': 'DDR', 'nominal_cycles': 137, 'duration_excess': 685, 'original_tensors': [1000001364], 'slack': 295, 'congestion_exposure': 685.0, 'wait_priority': 1421.9751847991356, 'task': 3}, {'task_id': 3, 'op_id': 1000006877, 'op': 'COPY_IN', 'subgraph_id': 3317, 'pipe': 'PIPE_MTE2', 'start': 8649, 'end': 9412, 'duration': 763, 'core_id': 3, 'size_bytes': 8192, 'path': 'DDR', 'nominal_cycles': 137, 'duration_excess': 626, 'original_tensors': [1000000713], 'slack': 0, 'congestion_exposure': 626.0, 'wait_priority': 1389.0, 'task': 3}, {'task_id': 3, 'op_id': 1000007031, 'op': 'COPY_IN', 'subgraph_id': 3313, 'pipe': 'PIPE_MTE2', 'start': 5748, 'end': 6511, 'duration': 763, 'core_id': 3, 'size_bytes': 8192, 'path': 'DDR', 'nominal_cycles': 137, 'duration_excess': 626, 'original_tensors': [1000001339], 'slack': 0, 'congestion_exposure': 626.0, 'wait_priority': 1389.0, 'task': 3}, {'task_id': 3, 'op_id': 1000007037, 'op': 'COPY_IN', 'subgraph_id': 3322, 'pipe': 'PIPE_MTE2', 'start': 10728, 'end': 11491, 'duration': 763, 'core_id': 3, 'size_bytes': 8192, 'path': 'DDR', 'nominal_cycles': 137, 'duration_excess': 626, 'original_tensors': [1000001345], 'slack': 0, 'congestion_exposure': 626.0, 'wait_priority': 1389.0, 'task': 3}, {'task_id': 3, 'op_id': 1000011138, 'op': 'COPY_OUT', 'subgraph_id': 3314, 'pipe': 'PIPE_MTE3', 'start': 7473, 'end': 8295, 'duration': 822, 'core_id': 3, 'size_bytes': 8192, 'path': 'DDR', 'nominal_cycles': 137, 'duration_excess': 685, 'original_tensors': [1000001363], 'slack': 730, 'congestion_exposure': 685.0, 'wait_priority': 1312.7595366945343, 'task': 3}, {'task_id': 3, 'op_id': 1000011142, 'op': 'COPY_OUT', 'subgraph_id': 3313, 'pipe': 'PIPE_MTE3', 'start': 6651, 'end': 7473, 'duration': 822, 'core_id': 3, 'size_bytes': 8192, 'path': 'DDR', 'nominal_cycles': 137, 'duration_excess': 685, 'original_tensors': [1000001362], 'slack': 730, 'congestion_exposure': 685.0, 'wait_priority': 1312.7595366945343, 'task': 3}, {'task_id': 3, 'op_id': 1000011146, 'op': 'COPY_OUT', 'subgraph_id': 3315, 'pipe': 'PIPE_MTE3', 'start': 8295, 'end': 9117, 'duration': 822, 'core_id': 3, 'size_bytes': 8192, 'path': 'DDR', 'nominal_cycles': 137, 'duration_excess': 685, 'original_tensors': [1000000732], 'slack': 730, 'congestion_exposure': 685.0, 'wait_priority': 1312.7595366945343, 'task': 3}, {'task_id': 3, 'op_id': 1000011139, 'op': 'COPY_IN', 'subgraph_id': 3357, 'pipe': 'PIPE_MTE2', 'start': 18124, 'end': 18821, 'duration': 697, 'core_id': 3, 'size_bytes': 8192, 'path': 'DDR', 'nominal_cycles': 137, 'duration_excess': 560, 'original_tensors': [], 'slack': 0, 'congestion_exposure': 559.9999999999999, 'wait_priority': 1257.0, 'task': 3}, {'task_id': 3, 'op_id': 1000011159, 'op': 'COPY_IN', 'subgraph_id': 3351, 'pipe': 'PIPE_MTE2', 'start': 15633, 'end': 16319, 'duration': 686, 'core_id': 3, 'size_bytes': 8192, 'path': 'DDR', 'nominal_cycles': 137, 'duration_excess': 549, 'original_tensors': [], 'slack': 0, 'congestion_exposure': 549.0, 'wait_priority': 1235.0, 'task': 3}, {'task_id': 3, 'op_id': 1000011171, 'op': 'COPY_IN', 'subgraph_id': 3362, 'pipe': 'PIPE_MTE2', 'start': 21311, 'end': 21997, 'duration': 686, 'core_id': 3, 'size_bytes': 8192, 'path': 'DDR', 'nominal_cycles': 137, 'duration_excess': 549, 'original_tensors': [], 'slack': 0, 'congestion_exposure': 549.0, 'wait_priority': 1235.0, 'task': 3}, {'task_id': 3, 'op_id': 1000006867, 'op': 'COPY_IN', 'subgraph_id': 3303, 'pipe': 'PIPE_MTE2', 'start': 0, 'end': 685, 'duration': 685, 'core_id': 3, 'size_bytes': 8192, 'path': 'DDR', 'nominal_cycles': 137, 'duration_excess': 548, 'original_tensors': [1000000703], 'slack': 0, 'congestion_exposure': 548.0, 'wait_priority': 1233.0, 'task': 3}, {'task_id': 3, 'op_id': 1000006869, 'op': 'COPY_IN', 'subgraph_id': 3305, 'pipe': 'PIPE_MTE2', 'start': 1120, 'end': 1805, 'duration': 685, 'core_id': 3, 'size_bytes': 8192, 'path': 'DDR', 'nominal_cycles': 137, 'duration_excess': 548, 'original_tensors': [1000000705], 'slack': 0, 'congestion_exposure': 548.0, 'wait_priority': 1233.0, 'task': 3}, {'task_id': 3, 'op_id': 1000006871, 'op': 'COPY_IN', 'subgraph_id': 3306, 'pipe': 'PIPE_MTE2', 'start': 1805, 'end': 2490, 'duration': 685, 'core_id': 3, 'size_bytes': 8192, 'path': 'DDR', 'nominal_cycles': 137, 'duration_excess': 548, 'original_tensors': [1000000707], 'slack': 0, 'congestion_exposure': 548.0, 'wait_priority': 1233.0, 'task': 3}], 'compile_seconds': 1.7825411800004076, 'limitations': 'Observed durations include dynamic contention; chain/slack and projected residency are ranking diagnostics, not removable-delay certificates.'}",,,,,
case_060_p2_n5,case_060,2,5,frozen_regression,persistent,7,visit,/home/konglingrui/.mathmodel/questionA/真机启发算法攻坚/A题研究/直接迭代/运行结果/持续联合冲刺_20260926/正式75配置_6并发/configurations/case_060_p2_n5/persistent/attempt_001/evaluations/attempts/20260926T125605-c4d7e859897f4b42b6c107718a9d8c10/record.json,joint,,0,/home/konglingrui/.mathmodel/questionA/真机启发算法攻坚/A题研究/直接迭代/运行结果/持续联合冲刺_20260926/正式75配置_6并发/configurations/case_060_p2_n5/persistent/attempt_001/evaluations/attempts/20260926T125635-977294e581714b07955cf19a1001e25d/record.json,0,0,False,False,False,success,,,,,,,,
case_060_p2_n5,case_060,2,5,frozen_regression,persistent,8,observe,/home/konglingrui/.mathmodel/questionA/真机启发算法攻坚/A题研究/直接迭代/运行结果/持续联合冲刺_20260926/正式75配置_6并发/configurations/case_060_p2_n5/persistent/attempt_001/evaluations/attempts/20260926T125614-963294ec34a84f858fb57e6498b8c24b/record.json,,,,,,0,,,,,,,"{'makespan': 326268, 'official_copy': {'original_graph_copy_bytes': 2099006, 'scheduled_copy_bytes': 19030774, 'added_copy_bytes': 16931768, 'partition_added_copy_bytes': 14986168, 'spill_added_copy_bytes': 1945600}, 'path_bytes': {'DDR': 19030774}, 'nominal_pool_work_cycles': {'DDR': 321891}, 'pool_occupancy': {'DDR': {'busy_cycles': 321891, 'overlap_cycles': 309168, 'peak_concurrent': 10}, 'CACHE_READ': {'busy_cycles': 0, 'overlap_cycles': 0, 'peak_concurrent': 0}}, 'projected_live_peak': {'0:UB': 129042, '0:L1': 323584, '1:UB': 127018, '1:L1': 455680, '2:UB': 131072, '2:L1': 397312, '3:UB': 126980, '3:L1': 414720, '4:UB': 131072, '4:L1': 446464}, 'projected_live_byte_cycles': {'0:UB': 11212740680, '0:L1': 62931466880, '1:UB': 15276433226, '1:L1': 86043257728, '2:UB': 15943555242, '2:L1': 74670173056, '3:UB': 9404734392, '3:L1': 79628825856, '4:UB': 13165103042, '4:L1': 80603504384}, 'memory_dependency_count': 15723, 'critical_chain_ops': 1143, 'critical_chain_memory_edges': 28, 'top_copy_waits': [{'task_id': 4, 'op_id': 1000006833, 'op': 'COPY_OUT', 'subgraph_id': 68, 'pipe': 'PIPE_MTE3', 'start': 3845, 'end': 5143, 'duration': 1298, 'core_id': 4, 'size_bytes': 8192, 'path': 'DDR', 'nominal_cycles': 137, 'duration_excess': 1161, 'original_tensors': [1000000129], 'slack': 0, 'congestion_exposure': 1161.0277777777778, 'wait_priority': 2459.027777777778, 'task': 4}, {'task_id': 4, 'op_id': 1000006827, 'op': 'COPY_OUT', 'subgraph_id': 2, 'pipe': 'PIPE_MTE3', 'start': 825, 'end': 2111, 'duration': 1286, 'core_id': 4, 'size_bytes': 8192, 'path': 'DDR', 'nominal_cycles': 137, 'duration_excess': 1149, 'original_tensors': [1000000121], 'slack': 0, 'congestion_exposure': 1149.0, 'wait_priority': 2435.0, 'task': 4}, {'task_id': 4, 'op_id': 1000016059, 'op': 'COPY_OUT', 'subgraph_id': 85, 'pipe': 'PIPE_MTE3', 'start': 5143, 'end': 6376, 'duration': 1233, 'core_id': 4, 'size_bytes': 8192, 'path': 'DDR', 'nominal_cycles': 137, 'duration_excess': 1096, 'original_tensors': [1000000192], 'slack': 0, 'congestion_exposure': 1096.0000000000002, 'wait_priority': 2329.0, 'task': 4}, {'task_id': 4, 'op_id': 1000016060, 'op': 'COPY_IN', 'subgraph_id': 935, 'pipe': 'PIPE_MTE2', 'start': 67202, 'end': 68428, 'duration': 1226, 'core_id': 4, 'size_bytes': 8192, 'path': 'DDR', 'nominal_cycles': 137, 'duration_excess': 1089, 'original_tensors': [], 'slack': 0, 'congestion_exposure': 1088.9603174603176, 'wait_priority': 2314.9603174603176, 'task': 4}, {'task_id': 4, 'op_id': 1000007990, 'op': 'COPY_IN', 'subgraph_id': 168, 'pipe': 'PIPE_MTE2', 'start': 3735, 'end': 5013, 'duration': 1278, 'core_id': 4, 'size_bytes': 8192, 'path': 'DDR', 'nominal_cycles': 137, 'duration_excess': 1141, 'original_tensors': [1000001177], 'slack': 1050, 'congestion_exposure': 1141.0257936507937, 'wait_priority': 2184.6681899389296, 'task': 4}, {'task_id': 4, 'op_id': 1000006869, 'op': 'COPY_IN', 'subgraph_id': 29, 'pipe': 'PIPE_MTE2', 'start': 685, 'end': 1915, 'duration': 1230, 'core_id': 4, 'size_bytes': 8192, 'path': 'DDR', 'nominal_cycles': 137, 'duration_excess': 1093, 'original_tensors': [1000000187], 'slack': 810, 'congestion_exposure': 1093.0, 'wait_priority': 2145.4549067563435, 'task': 4}, {'task_id': 4, 'op_id': 1000007998, 'op': 'COPY_IN', 'subgraph_id': 174, 'pipe': 'PIPE_MTE2', 'start': 5013, 'end': 6246, 'duration': 1233, 'core_id': 4, 'size_bytes': 8192, 'path': 'DDR', 'nominal_cycles': 137, 'duration_excess': 1096, 'original_tensors': [1000001181], 'slack': 1050, 'congestion_exposure': 1096.0, 'wait_priority': 2103.3641839299357, 'task': 4}, {'task_id': 4, 'op_id': 1000008119, 'op': 'COPY_IN', 'subgraph_id': 311, 'pipe': 'PIPE_MTE2', 'start': 25012, 'end': 26080, 'duration': 1068, 'core_id': 4, 'size_bytes': 8192, 'path': 'DDR', 'nominal_cycles': 137, 'duration_excess': 931, 'original_tensors': [1000001260], 'slack': 0, 'congestion_exposure': 930.9801587301588, 'wait_priority': 1998.9801587301588, 'task': 4}, {'task_id': 4, 'op_id': 1000016109, 'op': 'COPY_OUT', 'subgraph_id': 301, 'pipe': 'PIPE_MTE3', 'start': 25012, 'end': 26080, 'duration': 1068, 'core_id': 4, 'size_bytes': 8192, 'path': 'DDR', 'nominal_cycles': 137, 'duration_excess': 931, 'original_tensors': [1000001281], 'slack': 0, 'congestion_exposure': 930.9801587301588, 'wait_priority': 1998.9801587301588, 'task': 4}, {'task_id': 2, 'op_id': 1000007856, 'op': 'COPY_IN', 'subgraph_id': 2063, 'pipe': 'PIPE_MTE2', 'start': 151674, 'end': 152731, 'duration': 1057, 'core_id': 2, 'size_bytes': 8192, 'path': 'DDR', 'nominal_cycles': 137, 'duration_excess': 920, 'original_tensors': [1000001072], 'slack': 0, 'congestion_exposure': 919.9563492063493, 'wait_priority': 1976.9563492063494, 'task': 2}, {'task_id': 4, 'op_id': 1000016055, 'op': 'COPY_OUT', 'subgraph_id': 123, 'pipe': 'PIPE_MTE3', 'start': 6376, 'end': 7431, 'duration': 1055, 'core_id': 4, 'size_bytes': 8192, 'path': 'DDR', 'nominal_cycles': 137, 'duration_excess': 918, 'original_tensors': [1000000133], 'slack': 0, 'congestion_exposure': 918.0019841269841, 'wait_priority': 1973.001984126984, 'task': 4}, {'task_id': 4, 'op_id': 1000008111, 'op': 'COPY_IN', 'subgraph_id': 301, 'pipe': 'PIPE_MTE2', 'start': 23822, 'end': 24872, 'duration': 1050, 'core_id': 4, 'size_bytes': 8192, 'path': 'DDR', 'nominal_cycles': 137, 'duration_excess': 913, 'original_tensors': [1000001256], 'slack': 0, 'congestion_exposure': 913.0698412698413, 'wait_priority': 1963.0698412698412, 'task': 4}, {'task_id': 4, 'op_id': 1000007968, 'op': 'COPY_IN', 'subgraph_id': 1237, 'pipe': 'PIPE_MTE2', 'start': 91938, 'end': 92984, 'duration': 1046, 'core_id': 4, 'size_bytes': 8192, 'path': 'DDR', 'nominal_cycles': 137, 'duration_excess': 909, 'original_tensors': [1000001149], 'slack': 0, 'congestion_exposure': 909.1190476190477, 'wait_priority': 1955.1190476190477, 'task': 4}, {'task_id': 4, 'op_id': 1000016105, 'op': 'COPY_OUT', 'subgraph_id': 295, 'pipe': 'PIPE_MTE3', 'start': 23363, 'end': 24426, 'duration': 1063, 'core_id': 4, 'size_bytes': 8192, 'path': 'DDR', 'nominal_cycles': 137, 'duration_excess': 926, 'original_tensors': [1000001125], 'slack': 225, 'congestion_exposure': 926.0555555555555, 'wait_priority': 1944.3600884446685, 'task': 4}, {'task_id': 4, 'op_id': 1000016152, 'op': 'COPY_IN', 'subgraph_id': 1220, 'pipe': 'PIPE_MTE2', 'start': 90383, 'end': 91414, 'duration': 1031, 'core_id': 4, 'size_bytes': 8192, 'path': 'DDR', 'nominal_cycles': 137, 'duration_excess': 894, 'original_tensors': [], 'slack': 0, 'congestion_exposure': 894.1369047619048, 'wait_priority': 1925.1369047619048, 'task': 4}, {'task_id': 4, 'op_id': 1000016164, 'op': 'COPY_IN', 'subgraph_id': 1196, 'pipe': 'PIPE_MTE2', 'start': 87490, 'end': 88513, 'duration': 1023, 'core_id': 4, 'size_bytes': 8192, 'path': 'DDR', 'nominal_cycles': 137, 'duration_excess': 886, 'original_tensors': [], 'slack': 0, 'congestion_exposure': 886.0535714285714, 'wait_priority': 1909.0535714285716, 'task': 4}, {'task_id': 4, 'op_id': 1000016064, 'op': 'COPY_IN', 'subgraph_id': 935, 'pipe': 'PIPE_MTE2', 'start': 68428, 'end': 69451, 'duration': 1023, 'core_id': 4, 'size_bytes': 8192, 'path': 'DDR', 'nominal_cycles': 137, 'duration_excess': 886, 'original_tensors': [], 'slack': 0, 'congestion_exposure': 886.0238095238094, 'wait_priority': 1909.0238095238094, 'task': 4}, {'task_id': 4, 'op_id': 1000016156, 'op': 'COPY_IN', 'subgraph_id': 1208, 'pipe': 'PIPE_MTE2', 'start': 88865, 'end': 89888, 'duration': 1023, 'core_id': 4, 'size_bytes': 8192, 'path': 'DDR', 'nominal_cycles': 137, 'duration_excess': 886, 'original_tensors': [], 'slack': 0, 'congestion_exposure': 886.0119047619048, 'wait_priority': 1909.0119047619048, 'task': 4}, {'task_id': 4, 'op_id': 1000007883, 'op': 'COPY_IN', 'subgraph_id': 295, 'pipe': 'PIPE_MTE2', 'start': 22202, 'end': 23223, 'duration': 1021, 'core_id': 4, 'size_bytes': 8192, 'path': 'DDR', 'nominal_cycles': 137, 'duration_excess': 884, 'original_tensors': [1000001102], 'slack': 0, 'congestion_exposure': 884.0496031746031, 'wait_priority': 1905.0496031746031, 'task': 4}, {'task_id': 4, 'op_id': 1000006907, 'op': 'COPY_IN', 'subgraph_id': 896, 'pipe': 'PIPE_MTE2', 'start': 65575, 'end': 66585, 'duration': 1010, 'core_id': 4, 'size_bytes': 8192, 'path': 'DDR', 'nominal_cycles': 137, 'duration_excess': 873, 'original_tensors': [1000000253], 'slack': 0, 'congestion_exposure': 873.1428571428572, 'wait_priority': 1883.1428571428573, 'task': 4}], 'compile_seconds': 3.100863497995306, 'limitations': 'Observed durations include dynamic contention; chain/slack and projected residency are ranking diagnostics, not removable-delay certificates.'}",,,,,
case_060_p2_n5,case_060,2,5,frozen_regression,persistent,9,visit,/home/konglingrui/.mathmodel/questionA/真机启发算法攻坚/A题研究/直接迭代/运行结果/持续联合冲刺_20260926/正式75配置_6并发/configurations/case_060_p2_n5/persistent/attempt_001/evaluations/attempts/20260926T125614-963294ec34a84f858fb57e6498b8c24b/record.json,joint,,3,/home/konglingrui/.mathmodel/questionA/真机启发算法攻坚/A题研究/直接迭代/运行结果/持续联合冲刺_20260926/正式75配置_6并发/configurations/case_060_p2_n5/persistent/attempt_001/evaluations/attempts/20260926T125640-3f17c4a2aa9d44d4af3a28a80979d418/record.json,1,0,False,False,False,success,,,,,,,,
case_060_p2_n5,case_060,2,5,frozen_regression,persistent,10,observe,/home/konglingrui/.mathmodel/questionA/真机启发算法攻坚/A题研究/直接迭代/运行结果/持续联合冲刺_20260926/正式75配置_6并发/configurations/case_060_p2_n5/persistent/attempt_001/evaluations/attempts/20260926T125624-76395d3f460346bf804c1ebe55ac3008/record.json,,,,,,1,,,,,,,"{'makespan': 512276, 'official_copy': {'original_graph_copy_bytes': 2099006, 'scheduled_copy_bytes': 30231544, 'added_copy_bytes': 28132538, 'partition_added_copy_bytes': 28046522, 'spill_added_copy_bytes': 86016}, 'path_bytes': {'DDR': 30231544}, 'nominal_pool_work_cycles': {'DDR': 511256}, 'pool_occupancy': {'DDR': {'busy_cycles': 511256, 'overlap_cycles': 509287, 'peak_concurrent': 10}, 'CACHE_READ': {'busy_cycles': 0, 'overlap_cycles': 0, 'peak_concurrent': 0}}, 'projected_live_peak': {'0:UB': 126986, '0:L1': 395264, '1:UB': 131072, '1:L1': 423936, '2:UB': 131072, '2:L1': 415744, '3:UB': 114688, '3:L1': 390144, '4:UB': 122880, '4:L1': 413696}, 'projected_live_byte_cycles': {'0:UB': 15922617874, '0:L1': 102041456640, '1:UB': 19659388636, '1:L1': 106916005632, '2:UB': 15949661518, '2:L1': 114834605312, '3:UB': 13087740502, '3:L1': 99881216128, '4:UB': 12663801924, '4:L1': 118514314368}, 'memory_dependency_count': 18147, 'critical_chain_ops': 1412, 'critical_chain_memory_edges': 1, 'top_copy_waits': [{'task_id': 0, 'op_id': 1000007959, 'op': 'COPY_IN', 'subgraph_id': 227, 'pipe': 'PIPE_MTE2', 'start': 13844, 'end': 15214, 'duration': 1370, 'core_id': 0, 'size_bytes': 8192, 'path': 'DDR', 'nominal_cycles': 137, 'duration_excess': 1233, 'original_tensors': [1000000703], 'slack': 0, 'congestion_exposure': 1232.9999999999998, 'wait_priority': 2603.0, 'task': 0}, {'task_id': 3, 'op_id': 1000008692, 'op': 'COPY_IN', 'subgraph_id': 710, 'pipe': 'PIPE_MTE2', 'start': 65139, 'end': 66509, 'duration': 1370, 'core_id': 3, 'size_bytes': 8192, 'path': 'DDR', 'nominal_cycles': 137, 'duration_excess': 1233, 'original_tensors': [1000001023], 'slack': 0, 'congestion_exposure': 1233.0, 'wait_priority': 2603.0, 'task': 3}, {'task_id': 0, 'op_id': 1000007781, 'op': 'COPY_IN', 'subgraph_id': 220, 'pipe': 'PIPE_MTE2', 'start': 12490, 'end': 13844, 'duration': 1354, 'core_id': 0, 'size_bytes': 8192, 'path': 'DDR', 'nominal_cycles': 137, 'duration_excess': 1217, 'original_tensors': [1000000626], 'slack': 0, 'congestion_exposure': 1217.0444444444447, 'wait_priority': 2571.0444444444447, 'task': 0}, {'task_id': 0, 'op_id': 1000008481, 'op': 'COPY_IN', 'subgraph_id': 271, 'pipe': 'PIPE_MTE2', 'start': 22574, 'end': 23912, 'duration': 1338, 'core_id': 0, 'size_bytes': 8192, 'path': 'DDR', 'nominal_cycles': 137, 'duration_excess': 1201, 'original_tensors': [1000000944], 'slack': 0, 'congestion_exposure': 1200.9555555555555, 'wait_priority': 2538.9555555555553, 'task': 0}, {'task_id': 3, 'op_id': 1000008489, 'op': 'COPY_IN', 'subgraph_id': 702, 'pipe': 'PIPE_MTE2', 'start': 63795, 'end': 65129, 'duration': 1334, 'core_id': 3, 'size_bytes': 8192, 'path': 'DDR', 'nominal_cycles': 137, 'duration_excess': 1197, 'original_tensors': [1000000946], 'slack': 0, 'congestion_exposure': 1196.9888888888888, 'wait_priority': 2530.988888888889, 'task': 3}, {'task_id': 0, 'op_id': 1000008871, 'op': 'COPY_IN', 'subgraph_id': 278, 'pipe': 'PIPE_MTE2', 'start': 23912, 'end': 25237, 'duration': 1325, 'core_id': 0, 'size_bytes': 8192, 'path': 'DDR', 'nominal_cycles': 137, 'duration_excess': 1188, 'original_tensors': [1000001102], 'slack': 0, 'congestion_exposure': 1188.0222222222224, 'wait_priority': 2513.0222222222224, 'task': 0}, {'task_id': 3, 'op_id': 1000009004, 'op': 'COPY_IN', 'subgraph_id': 1013, 'pipe': 'PIPE_MTE2', 'start': 100697, 'end': 102015, 'duration': 1318, 'core_id': 3, 'size_bytes': 8192, 'path': 'DDR', 'nominal_cycles': 137, 'duration_excess': 1181, 'original_tensors': [1000001156], 'slack': 0, 'congestion_exposure': 1181.0555555555554, 'wait_priority': 2499.0555555555557, 'task': 3}, {'task_id': 3, 'op_id': 1000008088, 'op': 'COPY_IN', 'subgraph_id': 990, 'pipe': 'PIPE_MTE2', 'start': 97581, 'end': 98898, 'duration': 1317, 'core_id': 3, 'size_bytes': 8192, 'path': 'DDR', 'nominal_cycles': 137, 'duration_excess': 1180, 'original_tensors': [1000000765], 'slack': 0, 'congestion_exposure': 1180.0222222222224, 'wait_priority': 2497.0222222222224, 'task': 3}, {'task_id': 0, 'op_id': 1000009749, 'op': 'COPY_IN', 'subgraph_id': 207, 'pipe': 'PIPE_MTE2', 'start': 9917, 'end': 11222, 'duration': 1305, 'core_id': 0, 'size_bytes': 8192, 'path': 'DDR', 'nominal_cycles': 137, 'duration_excess': 1168, 'original_tensors': [1000001482], 'slack': 0, 'congestion_exposure': 1167.9444444444446, 'wait_priority': 2472.9444444444443, 'task': 0}, {'task_id': 3, 'op_id': 1000007049, 'op': 'COPY_IN', 'subgraph_id': 861, 'pipe': 'PIPE_MTE2', 'start': 79444, 'end': 80739, 'duration': 1295, 'core_id': 3, 'size_bytes': 8192, 'path': 'DDR', 'nominal_cycles': 137, 'duration_excess': 1158, 'original_tensors': [1000000192], 'slack': 0, 'congestion_exposure': 1157.9916666666668, 'wait_priority': 2452.991666666667, 'task': 3}, {'task_id': 0, 'op_id': 1000009045, 'op': 'COPY_IN', 'subgraph_id': 206, 'pipe': 'PIPE_MTE2', 'start': 8623, 'end': 9917, 'duration': 1294, 'core_id': 0, 'size_bytes': 8192, 'path': 'DDR', 'nominal_cycles': 137, 'duration_excess': 1157, 'original_tensors': [1000001177], 'slack': 0, 'congestion_exposure': 1157.0055555555557, 'wait_priority': 2451.0055555555555, 'task': 0}, {'task_id': 3, 'op_id': 1000008130, 'op': 'COPY_IN', 'subgraph_id': 747, 'pipe': 'PIPE_MTE2', 'start': 69378, 'end': 70671, 'duration': 1293, 'core_id': 3, 'size_bytes': 8192, 'path': 'DDR', 'nominal_cycles': 137, 'duration_excess': 1156, 'original_tensors': [1000000786], 'slack': 0, 'congestion_exposure': 1156.0944444444444, 'wait_priority': 2449.0944444444444, 'task': 3}, {'task_id': 2, 'op_id': 1000009228, 'op': 'COPY_IN', 'subgraph_id': 716, 'pipe': 'PIPE_MTE2', 'start': 65069, 'end': 66439, 'duration': 1370, 'core_id': 2, 'size_bytes': 8192, 'path': 'DDR', 'nominal_cycles': 137, 'duration_excess': 1233, 'original_tensors': [1000001256], 'slack': 1045, 'congestion_exposure': 1233.0, 'wait_priority': 2437.2723087646104, 'task': 2}, {'task_id': 2, 'op_id': 1000009435, 'op': 'COPY_IN', 'subgraph_id': 765, 'pipe': 'PIPE_MTE2', 'start': 70763, 'end': 72128, 'duration': 1365, 'core_id': 2, 'size_bytes': 8192, 'path': 'DDR', 'nominal_cycles': 137, 'duration_excess': 1228, 'original_tensors': [1000001343], 'slack': 1045, 'congestion_exposure': 1227.9666666666667, 'wait_priority': 2427.8777772632893, 'task': 2}, {'task_id': 0, 'op_id': 1000009236, 'op': 'COPY_IN', 'subgraph_id': 286, 'pipe': 'PIPE_MTE2', 'start': 26035, 'end': 27317, 'duration': 1282, 'core_id': 0, 'size_bytes': 8192, 'path': 'DDR', 'nominal_cycles': 137, 'duration_excess': 1145, 'original_tensors': [1000001260], 'slack': 0, 'congestion_exposure': 1145.0444444444445, 'wait_priority': 2427.0444444444447, 'task': 0}, {'task_id': 3, 'op_id': 1000009248, 'op': 'COPY_IN', 'subgraph_id': 768, 'pipe': 'PIPE_MTE2', 'start': 71528, 'end': 72808, 'duration': 1280, 'core_id': 3, 'size_bytes': 8192, 'path': 'DDR', 'nominal_cycles': 137, 'duration_excess': 1143, 'original_tensors': [1000001264], 'slack': 0, 'congestion_exposure': 1142.9694444444444, 'wait_priority': 2422.9694444444444, 'task': 3}, {'task_id': 3, 'op_id': 1000007162, 'op': 'COPY_OUT', 'subgraph_id': 1101, 'pipe': 'PIPE_MTE3', 'start': 114720, 'end': 115993, 'duration': 1273, 'core_id': 3, 'size_bytes': 8192, 'path': 'DDR', 'nominal_cycles': 137, 'duration_excess': 1136, 'original_tensors': [1000000274], 'slack': 0, 'congestion_exposure': 1135.9361111111111, 'wait_priority': 2408.936111111111, 'task': 3}, {'task_id': 0, 'op_id': 1000009053, 'op': 'COPY_IN', 'subgraph_id': 213, 'pipe': 'PIPE_MTE2', 'start': 11222, 'end': 12490, 'duration': 1268, 'core_id': 0, 'size_bytes': 8192, 'path': 'DDR', 'nominal_cycles': 137, 'duration_excess': 1131, 'original_tensors': [1000001181], 'slack': 0, 'congestion_exposure': 1131.0000000000002, 'wait_priority': 2399.0, 'task': 0}, {'task_id': 1, 'op_id': 1000007148, 'op': 'COPY_IN', 'subgraph_id': 1044, 'pipe': 'PIPE_MTE2', 'start': 101554, 'end': 102902, 'duration': 1348, 'core_id': 1, 'size_bytes': 8192, 'path': 'DDR', 'nominal_cycles': 137, 'duration_excess': 1211, 'original_tensors': [1000000268], 'slack': 1045, 'congestion_exposure': 1211.0555555555554, 'wait_priority': 2396.125717305337, 'task': 1}, {'task_id': 1, 'op_id': 1000006803, 'op': 'COPY_IN', 'subgraph_id': 1196, 'pipe': 'PIPE_MTE2', 'start': 124795, 'end': 126060, 'duration': 1265, 'core_id': 1, 'size_bytes': 8192, 'path': 'DDR', 'nominal_cycles': 137, 'duration_excess': 1128, 'original_tensors': [1000000028], 'slack': 0, 'congestion_exposure': 1128.0083333333334, 'wait_priority': 2393.008333333333, 'task': 1}], 'compile_seconds': 4.788092544011306, 'limitations': 'Observed durations include dynamic contention; chain/slack and projected residency are ranking diagnostics, not removable-delay certificates.'}",,,,,
case_060_p2_n5,case_060,2,5,frozen_regression,persistent,11,advance,/home/konglingrui/.mathmodel/questionA/真机启发算法攻坚/A题研究/直接迭代/运行结果/持续联合冲刺_20260926/正式75配置_6并发/configurations/case_060_p2_n5/persistent/attempt_001/evaluations/attempts/20260926T125624-76395d3f460346bf804c1ebe55ac3008/record.json,joint,,1,/home/konglingrui/.mathmodel/questionA/真机启发算法攻坚/A题研究/直接迭代/运行结果/持续联合冲刺_20260926/正式75配置_6并发/configurations/case_060_p2_n5/persistent/attempt_001/evaluations/attempts/20260926T125649-4c9e66b0a6ca4608aaa11eb0b367b756/record.json,,2,,,,,False,2,,,,,,
case_060_p2_n5,case_060,2,5,frozen_regression,persistent,12,visit,/home/konglingrui/.mathmodel/questionA/真机启发算法攻坚/A题研究/直接迭代/运行结果/持续联合冲刺_20260926/正式75配置_6并发/configurations/case_060_p2_n5/persistent/attempt_001/evaluations/attempts/20260926T125624-76395d3f460346bf804c1ebe55ac3008/record.json,joint,,1,/home/konglingrui/.mathmodel/questionA/真机启发算法攻坚/A题研究/直接迭代/运行结果/持续联合冲刺_20260926/正式75配置_6并发/configurations/case_060_p2_n5/persistent/attempt_001/evaluations/attempts/20260926T125649-4c9e66b0a6ca4608aaa11eb0b367b756/record.json,0,1,True,False,False,success,,,,,,,,
case_060_p2_n5,case_060,2,5,frozen_regression,persistent,13,observe,/home/konglingrui/.mathmodel/questionA/真机启发算法攻坚/A题研究/直接迭代/运行结果/持续联合冲刺_20260926/正式75配置_6并发/configurations/case_060_p2_n5/persistent/attempt_001/evaluations/attempts/20260926T125628-da174cb8453d445cb5e2d1e82d2ea282/record.json,,,,,,1,,,,,,,"{'makespan': 345624, 'official_copy': {'original_graph_copy_bytes': 2099006, 'scheduled_copy_bytes': 19988786, 'added_copy_bytes': 17889780, 'partition_added_copy_bytes': 15976916, 'spill_added_copy_bytes': 1912864}, 'path_bytes': {'DDR': 19988786}, 'nominal_pool_work_cycles': {'DDR': 338067}, 'pool_occupancy': {'DDR': {'busy_cycles': 338067, 'overlap_cycles': 326656, 'peak_concurrent': 10}, 'CACHE_READ': {'busy_cycles': 0, 'overlap_cycles': 0, 'peak_concurrent': 0}}, 'projected_live_peak': {'0:UB': 131072, '0:L1': 312320, '1:UB': 126982, '1:L1': 371712, '2:UB': 131072, '2:L1': 347136, '3:UB': 131072, '3:L1': 304128, '4:UB': 131072, '4:L1': 373760}, 'projected_live_byte_cycles': {'0:UB': 14921611678, '0:L1': 61734545792, '1:UB': 9322231216, '1:L1': 73911429376, '2:UB': 11969976968, '2:L1': 68352828800, '3:UB': 14099545978, '3:L1': 59966526336, '4:UB': 16591549232, '4:L1': 79065260288}, 'memory_dependency_count': 15819, 'critical_chain_ops': 1143, 'critical_chain_memory_edges': 21, 'top_copy_waits': [{'task_id': 1, 'op_id': 1000006942, 'op': 'COPY_OUT', 'subgraph_id': 42, 'pipe': 'PIPE_MTE3', 'start': 3260, 'end': 4560, 'duration': 1300, 'core_id': 1, 'size_bytes': 8192, 'path': 'DDR', 'nominal_cycles': 137, 'duration_excess': 1163, 'original_tensors': [1000000253], 'slack': 0, 'congestion_exposure': 1162.9777777777779, 'wait_priority': 2462.977777777778, 'task': 1}, {'task_id': 1, 'op_id': 1000006936, 'op': 'COPY_OUT', 'subgraph_id': 0, 'pipe': 'PIPE_MTE3', 'start': 825, 'end': 2099, 'duration': 1274, 'core_id': 1, 'size_bytes': 8192, 'path': 'DDR', 'nominal_cycles': 137, 'duration_excess': 1137, 'original_tensors': [1000000245], 'slack': 0, 'congestion_exposure': 1137.0, 'wait_priority': 2411.0, 'task': 1}, {'task_id': 0, 'op_id': 1000006757, 'op': 'COPY_OUT', 'subgraph_id': 29, 'pipe': 'PIPE_MTE3', 'start': 3260, 'end': 4560, 'duration': 1300, 'core_id': 0, 'size_bytes': 8192, 'path': 'DDR', 'nominal_cycles': 137, 'duration_excess': 1163, 'original_tensors': [1000000002], 'slack': 1181, 'congestion_exposure': 1162.9777777777779, 'wait_priority': 2211.1295290275434, 'task': 0}, {'task_id': 1, 'op_id': 1000006939, 'op': 'COPY_OUT', 'subgraph_id': 21, 'pipe': 'PIPE_MTE3', 'start': 2099, 'end': 3260, 'duration': 1161, 'core_id': 1, 'size_bytes': 8192, 'path': 'DDR', 'nominal_cycles': 137, 'duration_excess': 1024, 'original_tensors': [1000000249], 'slack': 0, 'congestion_exposure': 1023.9444444444445, 'wait_priority': 2184.9444444444443, 'task': 1}, {'task_id': 0, 'op_id': 1000006917, 'op': 'COPY_OUT', 'subgraph_id': 4, 'pipe': 'PIPE_MTE3', 'start': 825, 'end': 2099, 'duration': 1274, 'core_id': 0, 'size_bytes': 8192, 'path': 'DDR', 'nominal_cycles': 137, 'duration_excess': 1137, 'original_tensors': [1000000214], 'slack': 1181, 'congestion_exposure': 1137.0, 'wait_priority': 2164.4666641269223, 'task': 0}, {'task_id': 3, 'op_id': 1000006870, 'op': 'COPY_OUT', 'subgraph_id': 26, 'pipe': 'PIPE_MTE3', 'start': 3260, 'end': 4560, 'duration': 1300, 'core_id': 3, 'size_bytes': 8192, 'path': 'DDR', 'nominal_cycles': 137, 'duration_excess': 1163, 'original_tensors': [1000000156], 'slack': 1504, 'congestion_exposure': 1162.9777777777779, 'wait_priority': 2150.975256217615, 'task': 3}, {'task_id': 1, 'op_id': 1000006945, 'op': 'COPY_OUT', 'subgraph_id': 89, 'pipe': 'PIPE_MTE3', 'start': 5779, 'end': 6918, 'duration': 1139, 'core_id': 1, 'size_bytes': 8192, 'path': 'DDR', 'nominal_cycles': 137, 'duration_excess': 1002, 'original_tensors': [1000000257], 'slack': 0, 'congestion_exposure': 1002.0416666666667, 'wait_priority': 2141.041666666667, 'task': 1}, {'task_id': 3, 'op_id': 1000006867, 'op': 'COPY_OUT', 'subgraph_id': 2, 'pipe': 'PIPE_MTE3', 'start': 825, 'end': 2099, 'duration': 1274, 'core_id': 3, 'size_bytes': 8192, 'path': 'DDR', 'nominal_cycles': 137, 'duration_excess': 1137, 'original_tensors': [1000000152], 'slack': 1504, 'congestion_exposure': 1137.0, 'wait_priority': 2105.581864981234, 'task': 3}, {'task_id': 4, 'op_id': 1000006801, 'op': 'COPY_OUT', 'subgraph_id': 22, 'pipe': 'PIPE_MTE3', 'start': 2994, 'end': 4293, 'duration': 1299, 'core_id': 4, 'size_bytes': 8192, 'path': 'DDR', 'nominal_cycles': 137, 'duration_excess': 1162, 'original_tensors': [1000000063], 'slack': 1867, 'congestion_exposure': 1162.088888888889, 'wait_priority': 2085.561093585012, 'task': 4}, {'task_id': 1, 'op_id': 1000008550, 'op': 'COPY_IN', 'subgraph_id': 151, 'pipe': 'PIPE_MTE2', 'start': 3844, 'end': 5108, 'duration': 1264, 'core_id': 1, 'size_bytes': 8192, 'path': 'DDR', 'nominal_cycles': 137, 'duration_excess': 1127, 'original_tensors': [1000001482], 'slack': 1647, 'congestion_exposure': 1127.088888888889, 'wait_priority': 2063.3412882457314, 'task': 1}, {'task_id': 1, 'op_id': 1000007395, 'op': 'COPY_IN', 'subgraph_id': 250, 'pipe': 'PIPE_MTE2', 'start': 11531, 'end': 12629, 'duration': 1098, 'core_id': 1, 'size_bytes': 8192, 'path': 'DDR', 'nominal_cycles': 137, 'duration_excess': 961, 'original_tensors': [1000000703], 'slack': 0, 'congestion_exposure': 961.0595238095237, 'wait_priority': 2059.059523809524, 'task': 1}, {'task_id': 4, 'op_id': 1000008552, 'op': 'COPY_IN', 'subgraph_id': 15, 'pipe': 'PIPE_MTE2', 'start': 895, 'end': 2155, 'duration': 1260, 'core_id': 4, 'size_bytes': 8192, 'path': 'DDR', 'nominal_cycles': 137, 'duration_excess': 1123, 'original_tensors': [1000001482], 'slack': 1647, 'congestion_exposure': 1123.0, 'wait_priority': 2056.361146897564, 'task': 4}, {'task_id': 0, 'op_id': 1000006829, 'op': 'COPY_OUT', 'subgraph_id': 34, 'pipe': 'PIPE_MTE3', 'start': 4560, 'end': 5771, 'duration': 1211, 'core_id': 0, 'size_bytes': 8192, 'path': 'DDR', 'nominal_cycles': 137, 'duration_excess': 1074, 'original_tensors': [1000000095], 'slack': 1181, 'congestion_exposure': 1074.0, 'wait_priority': 2051.350612828709, 'task': 0}, {'task_id': 2, 'op_id': 1000007805, 'op': 'COPY_IN', 'subgraph_id': 1267, 'pipe': 'PIPE_MTE2', 'start': 102475, 'end': 103549, 'duration': 1074, 'core_id': 2, 'size_bytes': 8192, 'path': 'DDR', 'nominal_cycles': 137, 'duration_excess': 937, 'original_tensors': [1000000991], 'slack': 0, 'congestion_exposure': 937.0317460317461, 'wait_priority': 2011.031746031746, 'task': 2}, {'task_id': 3, 'op_id': 1000006779, 'op': 'COPY_OUT', 'subgraph_id': 63, 'pipe': 'PIPE_MTE3', 'start': 4560, 'end': 5771, 'duration': 1211, 'core_id': 3, 'size_bytes': 8192, 'path': 'DDR', 'nominal_cycles': 137, 'duration_excess': 1074, 'original_tensors': [1000000032], 'slack': 1504, 'congestion_exposure': 1074.0, 'wait_priority': 1995.543161129042, 'task': 3}, {'task_id': 4, 'op_id': 1000006798, 'op': 'COPY_OUT', 'subgraph_id': 1, 'pipe': 'PIPE_MTE3', 'start': 825, 'end': 2099, 'duration': 1274, 'core_id': 4, 'size_bytes': 8192, 'path': 'DDR', 'nominal_cycles': 137, 'duration_excess': 1137, 'original_tensors': [1000000059], 'slack': 2227, 'congestion_exposure': 1137.0, 'wait_priority': 1984.7205177631768, 'task': 4}, {'task_id': 4, 'op_id': 1000006804, 'op': 'COPY_OUT', 'subgraph_id': 43, 'pipe': 'PIPE_MTE3', 'start': 4293, 'end': 5525, 'duration': 1232, 'core_id': 4, 'size_bytes': 8192, 'path': 'DDR', 'nominal_cycles': 137, 'duration_excess': 1095, 'original_tensors': [1000000067], 'slack': 1867, 'congestion_exposure': 1095.1111111111113, 'wait_priority': 1972.0264536945929, 'task': 4}, {'task_id': 2, 'op_id': 1000016472, 'op': 'COPY_IN', 'subgraph_id': 1101, 'pipe': 'PIPE_MTE2', 'start': 84002, 'end': 85056, 'duration': 1054, 'core_id': 2, 'size_bytes': 8192, 'path': 'DDR', 'nominal_cycles': 137, 'duration_excess': 917, 'original_tensors': [], 'slack': 0, 'congestion_exposure': 917.0837301587302, 'wait_priority': 1971.0837301587303, 'task': 2}, {'task_id': 0, 'op_id': 1000006920, 'op': 'COPY_OUT', 'subgraph_id': 25, 'pipe': 'PIPE_MTE3', 'start': 2099, 'end': 3260, 'duration': 1161, 'core_id': 0, 'size_bytes': 8192, 'path': 'DDR', 'nominal_cycles': 137, 'duration_excess': 1024, 'original_tensors': [1000000218], 'slack': 1181, 'congestion_exposure': 1023.9444444444445, 'wait_priority': 1961.5260941390784, 'task': 0}, {'task_id': 2, 'op_id': 1000006921, 'op': 'COPY_IN', 'subgraph_id': 802, 'pipe': 'PIPE_MTE2', 'start': 66263, 'end': 67305, 'duration': 1042, 'core_id': 2, 'size_bytes': 8192, 'path': 'DDR', 'nominal_cycles': 137, 'duration_excess': 905, 'original_tensors': [1000000218], 'slack': 0, 'congestion_exposure': 905.1174603174603, 'wait_priority': 1947.1174603174604, 'task': 2}], 'compile_seconds': 3.4222975879965816, 'limitations': 'Observed durations include dynamic contention; chain/slack and projected residency are ranking diagnostics, not removable-delay certificates.'}",,,,,
case_060_p2_n5,case_060,2,5,frozen_regression,persistent,14,visit,/home/konglingrui/.mathmodel/questionA/真机启发算法攻坚/A题研究/直接迭代/运行结果/持续联合冲刺_20260926/正式75配置_6并发/configurations/case_060_p2_n5/persistent/attempt_001/evaluations/attempts/20260926T125628-da174cb8453d445cb5e2d1e82d2ea282/record.json,joint,,2,/home/konglingrui/.mathmodel/questionA/真机启发算法攻坚/A题研究/直接迭代/运行结果/持续联合冲刺_20260926/正式75配置_6并发/configurations/case_060_p2_n5/persistent/attempt_001/evaluations/attempts/20260926T125658-8ce367531dc74170bc0a4ed93ec6c7fb/record.json,0,1,False,False,False,success,,,,,,,,
case_060_p2_n5,case_060,2,5,frozen_regression,persistent,15,visit,/home/konglingrui/.mathmodel/questionA/真机启发算法攻坚/A题研究/直接迭代/运行结果/持续联合冲刺_20260926/正式75配置_6并发/configurations/case_060_p2_n5/persistent/attempt_001/evaluations/attempts/20260926T125614-963294ec34a84f858fb57e6498b8c24b/record.json,trace,,3,/home/konglingrui/.mathmodel/questionA/真机启发算法攻坚/A题研究/直接迭代/运行结果/持续联合冲刺_20260926/正式75配置_6并发/configurations/case_060_p2_n5/persistent/attempt_001/evaluations/attempts/20260926T125701-03f67b1a2e134b7e9d724af1e8bb9bb3/record.json,0,0,False,False,False,success,,,,,,,,
case_060_p2_n5,case_060,2,5,frozen_regression,persistent,16,observe,/home/konglingrui/.mathmodel/questionA/真机启发算法攻坚/A题研究/直接迭代/运行结果/持续联合冲刺_20260926/正式75配置_6并发/configurations/case_060_p2_n5/persistent/attempt_001/evaluations/attempts/20260926T125617-5bb2b92e3e7f4afba6771e324957a8ef/record.json,,,,,,0,,,,,,,"{'makespan': 516194, 'official_copy': {'original_graph_copy_bytes': 2099006, 'scheduled_copy_bytes': 30442650, 'added_copy_bytes': 28343644, 'partition_added_copy_bytes': 28245340, 'spill_added_copy_bytes': 98304}, 'path_bytes': {'DDR': 30442650}, 'nominal_pool_work_cycles': {'DDR': 514730}, 'pool_occupancy': {'DDR': {'busy_cycles': 514730, 'overlap_cycles': 511964, 'peak_concurrent': 10}, 'CACHE_READ': {'busy_cycles': 0, 'overlap_cycles': 0, 'peak_concurrent': 0}}, 'projected_live_peak': {'0:UB': 98318, '0:L1': 430080, '1:UB': 126988, '1:L1': 440320, '2:UB': 131072, '2:L1': 468992, '3:UB': 122886, '3:L1': 420864, '4:UB': 131072, '4:L1': 433152}, 'projected_live_byte_cycles': {'0:UB': 11272431824, '0:L1': 117479427584, '1:UB': 14170224512, '1:L1': 119366101248, '2:UB': 15620451460, '2:L1': 123835250176, '3:UB': 12381481412, '3:L1': 111541336192, '4:UB': 22115000364, '4:L1': 118020468224}, 'memory_dependency_count': 18168, 'critical_chain_ops': 1379, 'critical_chain_memory_edges': 4, 'top_copy_waits': [{'task_id': 0, 'op_id': 1000007765, 'op': 'COPY_IN', 'subgraph_id': 220, 'pipe': 'PIPE_MTE2', 'start': 11767, 'end': 13137, 'duration': 1370, 'core_id': 0, 'size_bytes': 8192, 'path': 'DDR', 'nominal_cycles': 137, 'duration_excess': 1233, 'original_tensors': [1000000630], 'slack': 0, 'congestion_exposure': 1232.9999999999998, 'wait_priority': 2603.0, 'task': 0}, {'task_id': 0, 'op_id': 1000007937, 'op': 'COPY_IN', 'subgraph_id': 227, 'pipe': 'PIPE_MTE2', 'start': 13137, 'end': 14507, 'duration': 1370, 'core_id': 0, 'size_bytes': 8192, 'path': 'DDR', 'nominal_cycles': 137, 'duration_excess': 1233, 'original_tensors': [1000000709], 'slack': 0, 'congestion_exposure': 1232.9999999999998, 'wait_priority': 2603.0, 'task': 0}, {'task_id': 0, 'op_id': 1000008114, 'op': 'COPY_IN', 'subgraph_id': 233, 'pipe': 'PIPE_MTE2', 'start': 14507, 'end': 15877, 'duration': 1370, 'core_id': 0, 'size_bytes': 8192, 'path': 'DDR', 'nominal_cycles': 137, 'duration_excess': 1233, 'original_tensors': [1000000788], 'slack': 0, 'congestion_exposure': 1232.9999999999998, 'wait_priority': 2603.0, 'task': 0}, {'task_id': 0, 'op_id': 1000008291, 'op': 'COPY_IN', 'subgraph_id': 238, 'pipe': 'PIPE_MTE2', 'start': 15877, 'end': 17247, 'duration': 1370, 'core_id': 0, 'size_bytes': 8192, 'path': 'DDR', 'nominal_cycles': 137, 'duration_excess': 1233, 'original_tensors': [1000000867], 'slack': 0, 'congestion_exposure': 1232.9999999999998, 'wait_priority': 2603.0, 'task': 0}, {'task_id': 0, 'op_id': 1000009010, 'op': 'COPY_IN', 'subgraph_id': 206, 'pipe': 'PIPE_MTE2', 'start': 7657, 'end': 9027, 'duration': 1370, 'core_id': 0, 'size_bytes': 8192, 'path': 'DDR', 'nominal_cycles': 137, 'duration_excess': 1233, 'original_tensors': [1000001177], 'slack': 0, 'congestion_exposure': 1233.0, 'wait_priority': 2603.0, 'task': 0}, {'task_id': 0, 'op_id': 1000009026, 'op': 'COPY_IN', 'subgraph_id': 214, 'pipe': 'PIPE_MTE2', 'start': 10397, 'end': 11767, 'duration': 1370, 'core_id': 0, 'size_bytes': 8192, 'path': 'DDR', 'nominal_cycles': 137, 'duration_excess': 1233, 'original_tensors': [1000001183], 'slack': 0, 'congestion_exposure': 1233.0, 'wait_priority': 2603.0, 'task': 0}, {'task_id': 0, 'op_id': 1000009392, 'op': 'COPY_IN', 'subgraph_id': 244, 'pipe': 'PIPE_MTE2', 'start': 17247, 'end': 18617, 'duration': 1370, 'core_id': 0, 'size_bytes': 8192, 'path': 'DDR', 'nominal_cycles': 137, 'duration_excess': 1233, 'original_tensors': [1000001337], 'slack': 0, 'congestion_exposure': 1233.0, 'wait_priority': 2603.0, 'task': 0}, {'task_id': 0, 'op_id': 1000009712, 'op': 'COPY_IN', 'subgraph_id': 207, 'pipe': 'PIPE_MTE2', 'start': 9027, 'end': 10397, 'duration': 1370, 'core_id': 0, 'size_bytes': 8192, 'path': 'DDR', 'nominal_cycles': 137, 'duration_excess': 1233, 'original_tensors': [1000001482], 'slack': 0, 'congestion_exposure': 1233.0, 'wait_priority': 2603.0, 'task': 0}, {'task_id': 1, 'op_id': 1000008425, 'op': 'COPY_OUT', 'subgraph_id': 702, 'pipe': 'PIPE_MTE3', 'start': 63700, 'end': 65070, 'duration': 1370, 'core_id': 1, 'size_bytes': 8192, 'path': 'DDR', 'nominal_cycles': 137, 'duration_excess': 1233, 'original_tensors': [1000000931], 'slack': 0, 'congestion_exposure': 1233.0, 'wait_priority': 2603.0, 'task': 1}, {'task_id': 1, 'op_id': 1000008398, 'op': 'COPY_OUT', 'subgraph_id': 694, 'pipe': 'PIPE_MTE3', 'start': 62341, 'end': 63700, 'duration': 1359, 'core_id': 1, 'size_bytes': 8192, 'path': 'DDR', 'nominal_cycles': 137, 'duration_excess': 1222, 'original_tensors': [1000000915], 'slack': 0, 'congestion_exposure': 1221.988888888889, 'wait_priority': 2580.988888888889, 'task': 1}, {'task_id': 0, 'op_id': 1000009198, 'op': 'COPY_IN', 'subgraph_id': 278, 'pipe': 'PIPE_MTE2', 'start': 25207, 'end': 26562, 'duration': 1355, 'core_id': 0, 'size_bytes': 8192, 'path': 'DDR', 'nominal_cycles': 137, 'duration_excess': 1218, 'original_tensors': [1000001256], 'slack': 0, 'congestion_exposure': 1217.9444444444446, 'wait_priority': 2572.9444444444443, 'task': 0}, {'task_id': 0, 'op_id': 1000008822, 'op': 'COPY_IN', 'subgraph_id': 273, 'pipe': 'PIPE_MTE2', 'start': 23862, 'end': 25207, 'duration': 1345, 'core_id': 0, 'size_bytes': 8192, 'path': 'DDR', 'nominal_cycles': 137, 'duration_excess': 1208, 'original_tensors': [1000001098], 'slack': 0, 'congestion_exposure': 1207.9777777777776, 'wait_priority': 2552.9777777777776, 'task': 0}, {'task_id': 4, 'op_id': 1000008037, 'op': 'COPY_IN', 'subgraph_id': 1177, 'pipe': 'PIPE_MTE2', 'start': 130087, 'end': 131422, 'duration': 1335, 'core_id': 4, 'size_bytes': 8192, 'path': 'DDR', 'nominal_cycles': 137, 'duration_excess': 1198, 'original_tensors': [1000000754], 'slack': 0, 'congestion_exposure': 1198.05, 'wait_priority': 2533.05, 'task': 4}, {'task_id': 1, 'op_id': 1000007106, 'op': 'COPY_OUT', 'subgraph_id': 731, 'pipe': 'PIPE_MTE3', 'start': 69949, 'end': 71280, 'duration': 1331, 'core_id': 1, 'size_bytes': 8192, 'path': 'DDR', 'nominal_cycles': 137, 'duration_excess': 1194, 'original_tensors': [1000000232], 'slack': 0, 'congestion_exposure': 1193.9944444444445, 'wait_priority': 2524.9944444444445, 'task': 1}, {'task_id': 1, 'op_id': 1000007861, 'op': 'COPY_OUT', 'subgraph_id': 765, 'pipe': 'PIPE_MTE3', 'start': 74337, 'end': 75654, 'duration': 1317, 'core_id': 1, 'size_bytes': 8192, 'path': 'DDR', 'nominal_cycles': 137, 'duration_excess': 1180, 'original_tensors': [1000000678], 'slack': 0, 'congestion_exposure': 1180.0666666666668, 'wait_priority': 2497.0666666666666, 'task': 1}, {'task_id': 1, 'op_id': 1000009511, 'op': 'COPY_OUT', 'subgraph_id': 724, 'pipe': 'PIPE_MTE3', 'start': 68116, 'end': 69429, 'duration': 1313, 'core_id': 1, 'size_bytes': 8192, 'path': 'DDR', 'nominal_cycles': 137, 'duration_excess': 1176, 'original_tensors': [1000001393], 'slack': 0, 'congestion_exposure': 1176.0444444444445, 'wait_priority': 2489.0444444444447, 'task': 1}, {'task_id': 1, 'op_id': 1000007775, 'op': 'COPY_IN', 'subgraph_id': 260, 'pipe': 'PIPE_MTE2', 'start': 15196, 'end': 16566, 'duration': 1370, 'core_id': 1, 'size_bytes': 8192, 'path': 'DDR', 'nominal_cycles': 137, 'duration_excess': 1233, 'original_tensors': [1000000634], 'slack': 824, 'congestion_exposure': 1233.0, 'wait_priority': 2471.491988262286, 'task': 1}, {'task_id': 1, 'op_id': 1000007923, 'op': 'COPY_IN', 'subgraph_id': 229, 'pipe': 'PIPE_MTE2', 'start': 8346, 'end': 9716, 'duration': 1370, 'core_id': 1, 'size_bytes': 8192, 'path': 'DDR', 'nominal_cycles': 137, 'duration_excess': 1233, 'original_tensors': [1000000703], 'slack': 824, 'congestion_exposure': 1233.0, 'wait_priority': 2471.491988262286, 'task': 1}, {'task_id': 1, 'op_id': 1000008100, 'op': 'COPY_IN', 'subgraph_id': 236, 'pipe': 'PIPE_MTE2', 'start': 9716, 'end': 11086, 'duration': 1370, 'core_id': 1, 'size_bytes': 8192, 'path': 'DDR', 'nominal_cycles': 137, 'duration_excess': 1233, 'original_tensors': [1000000782], 'slack': 824, 'congestion_exposure': 1233.0, 'wait_priority': 2471.491988262286, 'task': 1}, {'task_id': 1, 'op_id': 1000008124, 'op': 'COPY_IN', 'subgraph_id': 267, 'pipe': 'PIPE_MTE2', 'start': 16566, 'end': 17936, 'duration': 1370, 'core_id': 1, 'size_bytes': 8192, 'path': 'DDR', 'nominal_cycles': 137, 'duration_excess': 1233, 'original_tensors': [1000000792], 'slack': 824, 'congestion_exposure': 1232.9999999999998, 'wait_priority': 2471.491988262286, 'task': 1}], 'compile_seconds': 4.435106819990324, 'limitations': 'Observed durations include dynamic contention; chain/slack and projected residency are ranking diagnostics, not removable-delay certificates.'}",,,,,
case_060_p2_n5,case_060,2,5,frozen_regression,persistent,17,advance,/home/konglingrui/.mathmodel/questionA/真机启发算法攻坚/A题研究/直接迭代/运行结果/持续联合冲刺_20260926/正式75配置_6并发/configurations/case_060_p2_n5/persistent/attempt_001/evaluations/attempts/20260926T125617-5bb2b92e3e7f4afba6771e324957a8ef/record.json,joint,,4,/home/konglingrui/.mathmodel/questionA/真机启发算法攻坚/A题研究/直接迭代/运行结果/持续联合冲刺_20260926/正式75配置_6并发/configurations/case_060_p2_n5/persistent/attempt_001/evaluations/attempts/20260926T125709-c52016e0ae894b38b0befc81f43410f0/record.json,,1,,,,,False,1,,,,,,
case_060_p2_n5,case_060,2,5,frozen_regression,persistent,18,visit,/home/konglingrui/.mathmodel/questionA/真机启发算法攻坚/A题研究/直接迭代/运行结果/持续联合冲刺_20260926/正式75配置_6并发/configurations/case_060_p2_n5/persistent/attempt_001/evaluations/attempts/20260926T125617-5bb2b92e3e7f4afba6771e324957a8ef/record.json,joint,,4,/home/konglingrui/.mathmodel/questionA/真机启发算法攻坚/A题研究/直接迭代/运行结果/持续联合冲刺_20260926/正式75配置_6并发/configurations/case_060_p2_n5/persistent/attempt_001/evaluations/attempts/20260926T125709-c52016e0ae894b38b0befc81f43410f0/record.json,1,0,True,False,False,success,,,,,,,,
case_060_p2_n5,case_060,2,5,frozen_regression,persistent,19,advance,/home/konglingrui/.mathmodel/questionA/真机启发算法攻坚/A题研究/直接迭代/运行结果/持续联合冲刺_20260926/正式75配置_6并发/configurations/case_060_p2_n5/persistent/attempt_001/evaluations/attempts/20260926T125709-c52016e0ae894b38b0befc81f43410f0/record.json,insertion,,4,/home/konglingrui/.mathmodel/questionA/真机启发算法攻坚/A题研究/直接迭代/运行结果/持续联合冲刺_20260926/正式75配置_6并发/configurations/case_060_p2_n5/persistent/attempt_001/evaluations/attempts/20260926T125713-44cfff70fd3e4e899552e88eac550820/record.json,,2,,,,,False,2,,,,,,
case_060_p2_n5,case_060,2,5,frozen_regression,persistent,20,visit,/home/konglingrui/.mathmodel/questionA/真机启发算法攻坚/A题研究/直接迭代/运行结果/持续联合冲刺_20260926/正式75配置_6并发/configurations/case_060_p2_n5/persistent/attempt_001/evaluations/attempts/20260926T125709-c52016e0ae894b38b0befc81f43410f0/record.json,insertion,,4,/home/konglingrui/.mathmodel/questionA/真机启发算法攻坚/A题研究/直接迭代/运行结果/持续联合冲刺_20260926/正式75配置_6并发/configurations/case_060_p2_n5/persistent/attempt_001/evaluations/attempts/20260926T125713-44cfff70fd3e4e899552e88eac550820/record.json,0,1,True,False,False,success,,,,,,,,
case_060_p2_n5,case_060,2,5,frozen_regression,persistent,21,observe,/home/konglingrui/.mathmodel/questionA/真机启发算法攻坚/A题研究/直接迭代/运行结果/持续联合冲刺_20260926/正式75配置_6并发/configurations/case_060_p2_n5/persistent/attempt_001/evaluations/attempts/20260926T125607-ddd23552cae4494facc989d87608ff87/record.json,,,,,,0,,,,,,,"{'makespan': 555925, 'official_copy': {'original_graph_copy_bytes': 2099006, 'scheduled_copy_bytes': 31511544, 'added_copy_bytes': 29412538, 'partition_added_copy_bytes': 28046522, 'spill_added_copy_bytes': 1366016}, 'path_bytes': {'DDR': 31511544}, 'nominal_pool_work_cycles': {'DDR': 532923}, 'pool_occupancy': {'DDR': {'busy_cycles': 532923, 'overlap_cycles': 513835, 'peak_concurrent': 10}, 'CACHE_READ': {'busy_cycles': 0, 'overlap_cycles': 0, 'peak_concurrent': 0}}, 'projected_live_peak': {'0:UB': 126984, '0:L1': 457728, '1:UB': 131072, '1:L1': 524288, '2:UB': 131072, '2:L1': 524288, '3:UB': 122880, '3:L1': 440320, '4:UB': 118784, '4:L1': 524288}, 'projected_live_byte_cycles': {'0:UB': 31813825890, '0:L1': 60682462464, '1:UB': 38367893728, '1:L1': 167634873472, '2:UB': 29074849866, '2:L1': 144554885248, '3:UB': 24533525902, '3:L1': 52152501888, '4:UB': 26370072816, '4:L1': 128867150336}, 'memory_dependency_count': 19580, 'critical_chain_ops': 1776, 'critical_chain_memory_edges': 171, 'top_copy_waits': [{'task_id': 1, 'op_id': 1000008613, 'op': 'COPY_IN', 'subgraph_id': 696, 'pipe': 'PIPE_MTE2', 'start': 73564, 'end': 74934, 'duration': 1370, 'core_id': 1, 'size_bytes': 8192, 'path': 'DDR', 'nominal_cycles': 137, 'duration_excess': 1233, 'original_tensors': [1000000994], 'slack': 0, 'congestion_exposure': 1233.0, 'wait_priority': 2603.0, 'task': 1}, {'task_id': 0, 'op_id': 1000008481, 'op': 'COPY_IN', 'subgraph_id': 232, 'pipe': 'PIPE_MTE2', 'start': 19636, 'end': 20974, 'duration': 1338, 'core_id': 0, 'size_bytes': 8192, 'path': 'DDR', 'nominal_cycles': 137, 'duration_excess': 1201, 'original_tensors': [1000000944], 'slack': 0, 'congestion_exposure': 1200.9666666666667, 'wait_priority': 2538.9666666666667, 'task': 0}, {'task_id': 0, 'op_id': 1000008491, 'op': 'COPY_IN', 'subgraph_id': 244, 'pipe': 'PIPE_MTE2', 'start': 23644, 'end': 24979, 'duration': 1335, 'core_id': 0, 'size_bytes': 8192, 'path': 'DDR', 'nominal_cycles': 137, 'duration_excess': 1198, 'original_tensors': [1000000948], 'slack': 0, 'congestion_exposure': 1198.0, 'wait_priority': 2533.0, 'task': 0}, {'task_id': 0, 'op_id': 1000008871, 'op': 'COPY_IN', 'subgraph_id': 236, 'pipe': 'PIPE_MTE2', 'start': 20974, 'end': 22309, 'duration': 1335, 'core_id': 0, 'size_bytes': 8192, 'path': 'DDR', 'nominal_cycles': 137, 'duration_excess': 1198, 'original_tensors': [1000001102], 'slack': 0, 'congestion_exposure': 1198.0, 'wait_priority': 2533.0, 'task': 0}, {'task_id': 0, 'op_id': 1000009236, 'op': 'COPY_IN', 'subgraph_id': 240, 'pipe': 'PIPE_MTE2', 'start': 22309, 'end': 23644, 'duration': 1335, 'core_id': 0, 'size_bytes': 8192, 'path': 'DDR', 'nominal_cycles': 137, 'duration_excess': 1198, 'original_tensors': [1000001260], 'slack': 0, 'congestion_exposure': 1198.0, 'wait_priority': 2533.0, 'task': 0}, {'task_id': 3, 'op_id': 1000006920, 'op': 'COPY_OUT', 'subgraph_id': 489, 'pipe': 'PIPE_MTE3', 'start': 51657, 'end': 52987, 'duration': 1330, 'core_id': 3, 'size_bytes': 8192, 'path': 'DDR', 'nominal_cycles': 137, 'duration_excess': 1193, 'original_tensors': [1000000108], 'slack': 0, 'congestion_exposure': 1193.025, 'wait_priority': 2523.025, 'task': 3}, {'task_id': 0, 'op_id': 1000007975, 'op': 'COPY_IN', 'subgraph_id': 224, 'pipe': 'PIPE_MTE2', 'start': 17064, 'end': 18386, 'duration': 1322, 'core_id': 0, 'size_bytes': 8192, 'path': 'DDR', 'nominal_cycles': 137, 'duration_excess': 1185, 'original_tensors': [1000000711], 'slack': 0, 'congestion_exposure': 1185.025, 'wait_priority': 2507.025, 'task': 0}, {'task_id': 1, 'op_id': 1000009567, 'op': 'COPY_IN', 'subgraph_id': 691, 'pipe': 'PIPE_MTE2', 'start': 72251, 'end': 73564, 'duration': 1313, 'core_id': 1, 'size_bytes': 8192, 'path': 'DDR', 'nominal_cycles': 137, 'duration_excess': 1176, 'original_tensors': [1000001397], 'slack': 0, 'congestion_exposure': 1175.9777777777776, 'wait_priority': 2488.9777777777776, 'task': 1}, {'task_id': 1, 'op_id': 1000006993, 'op': 'COPY_IN', 'subgraph_id': 670, 'pipe': 'PIPE_MTE2', 'start': 66254, 'end': 67563, 'duration': 1309, 'core_id': 1, 'size_bytes': 8192, 'path': 'DDR', 'nominal_cycles': 137, 'duration_excess': 1172, 'original_tensors': [1000000151], 'slack': 0, 'congestion_exposure': 1172.0333333333335, 'wait_priority': 2481.0333333333338, 'task': 1}, {'task_id': 3, 'op_id': 1000008489, 'op': 'COPY_IN', 'subgraph_id': 500, 'pipe': 'PIPE_MTE2', 'start': 51537, 'end': 52852, 'duration': 1315, 'core_id': 3, 'size_bytes': 8192, 'path': 'DDR', 'nominal_cycles': 137, 'duration_excess': 1178, 'original_tensors': [1000000946], 'slack': 103, 'congestion_exposure': 1178.025, 'wait_priority': 2477.7228487254743, 'task': 3}, {'task_id': 1, 'op_id': 1000006955, 'op': 'COPY_IN', 'subgraph_id': 2611, 'pipe': 'PIPE_MTE2', 'start': 274150, 'end': 275456, 'duration': 1306, 'core_id': 1, 'size_bytes': 8192, 'path': 'DDR', 'nominal_cycles': 137, 'duration_excess': 1169, 'original_tensors': [1000000125], 'slack': 0, 'congestion_exposure': 1169.05, 'wait_priority': 2475.05, 'task': 1}, {'task_id': 3, 'op_id': 1000009572, 'op': 'COPY_OUT', 'subgraph_id': 476, 'pipe': 'PIPE_MTE3', 'start': 47979, 'end': 49263, 'duration': 1284, 'core_id': 3, 'size_bytes': 8192, 'path': 'DDR', 'nominal_cycles': 137, 'duration_excess': 1147, 'original_tensors': [1000001401], 'slack': 0, 'congestion_exposure': 1147.0194444444444, 'wait_priority': 2431.019444444444, 'task': 3}, {'task_id': 3, 'op_id': 1000006918, 'op': 'COPY_IN', 'subgraph_id': 489, 'pipe': 'PIPE_MTE2', 'start': 49114, 'end': 50378, 'duration': 1264, 'core_id': 3, 'size_bytes': 8192, 'path': 'DDR', 'nominal_cycles': 137, 'duration_excess': 1127, 'original_tensors': [1000000107], 'slack': 103, 'congestion_exposure': 1127.0694444444443, 'wait_priority': 2376.393094890475, 'task': 3}, {'task_id': 0, 'op_id': 1000008321, 'op': 'COPY_IN', 'subgraph_id': 228, 'pipe': 'PIPE_MTE2', 'start': 18386, 'end': 19636, 'duration': 1250, 'core_id': 0, 'size_bytes': 8192, 'path': 'DDR', 'nominal_cycles': 137, 'duration_excess': 1113, 'original_tensors': [1000000869], 'slack': 0, 'congestion_exposure': 1113.0555555555557, 'wait_priority': 2363.0555555555557, 'task': 0}, {'task_id': 1, 'op_id': 1000009772, 'op': 'COPY_IN', 'subgraph_id': 1412, 'pipe': 'PIPE_MTE2', 'start': 156271, 'end': 157520, 'duration': 1249, 'core_id': 1, 'size_bytes': 8192, 'path': 'DDR', 'nominal_cycles': 137, 'duration_excess': 1112, 'original_tensors': [1000001494], 'slack': 0, 'congestion_exposure': 1112.0777777777778, 'wait_priority': 2361.0777777777776, 'task': 1}, {'task_id': 3, 'op_id': 1000008327, 'op': 'COPY_IN', 'subgraph_id': 484, 'pipe': 'PIPE_MTE2', 'start': 47848, 'end': 49104, 'duration': 1256, 'core_id': 3, 'size_bytes': 8192, 'path': 'DDR', 'nominal_cycles': 137, 'duration_excess': 1119, 'original_tensors': [1000000871], 'slack': 103, 'congestion_exposure': 1119.002777777778, 'wait_priority': 2360.42504519067, 'task': 3}, {'task_id': 0, 'op_id': 1000008688, 'op': 'COPY_IN', 'subgraph_id': 248, 'pipe': 'PIPE_MTE2', 'start': 24979, 'end': 26217, 'duration': 1238, 'core_id': 0, 'size_bytes': 8192, 'path': 'DDR', 'nominal_cycles': 137, 'duration_excess': 1101, 'original_tensors': [1000001023], 'slack': 0, 'congestion_exposure': 1101.04126984127, 'wait_priority': 2339.04126984127, 'task': 0}, {'task_id': 2, 'op_id': 1000009394, 'op': 'COPY_OUT', 'subgraph_id': 504, 'pipe': 'PIPE_MTE3', 'start': 51684, 'end': 53018, 'duration': 1334, 'core_id': 2, 'size_bytes': 8192, 'path': 'DDR', 'nominal_cycles': 137, 'duration_excess': 1197, 'original_tensors': [1000001322], 'slack': 1373, 'congestion_exposure': 1196.9555555555557, 'wait_priority': 2338.4426695105008, 'task': 2}, {'task_id': 3, 'op_id': 1000008069, 'op': 'COPY_OUT', 'subgraph_id': 480, 'pipe': 'PIPE_MTE3', 'start': 49263, 'end': 50498, 'duration': 1235, 'core_id': 3, 'size_bytes': 8192, 'path': 'DDR', 'nominal_cycles': 137, 'duration_excess': 1098, 'original_tensors': [1000000757], 'slack': 0, 'congestion_exposure': 1097.9694444444444, 'wait_priority': 2332.9694444444444, 'task': 3}, {'task_id': 1, 'op_id': 1000007193, 'op': 'COPY_IN', 'subgraph_id': 672, 'pipe': 'PIPE_MTE2', 'start': 67563, 'end': 68794, 'duration': 1231, 'core_id': 1, 'size_bytes': 8192, 'path': 'DDR', 'nominal_cycles': 137, 'duration_excess': 1094, 'original_tensors': [1000000294], 'slack': 0, 'congestion_exposure': 1094.0, 'wait_priority': 2325.0, 'task': 1}], 'compile_seconds': 4.408476344979135, 'limitations': 'Observed durations include dynamic contention; chain/slack and projected residency are ranking diagnostics, not removable-delay certificates.'}",,,,,
case_060_p2_n5,case_060,2,5,frozen_regression,persistent,22,advance_alternate,/home/konglingrui/.mathmodel/questionA/真机启发算法攻坚/A题研究/直接迭代/运行结果/持续联合冲刺_20260926/正式75配置_6并发/configurations/case_060_p2_n5/persistent/attempt_001/evaluations/attempts/20260926T125607-ddd23552cae4494facc989d87608ff87/record.json,joint,,1,/home/konglingrui/.mathmodel/questionA/真机启发算法攻坚/A题研究/直接迭代/运行结果/持续联合冲刺_20260926/正式75配置_6并发/configurations/case_060_p2_n5/persistent/attempt_001/evaluations/attempts/20260926T125722-9abd2d8300c94ac0817e9d3e1d90feeb/record.json,,1,,,,,,3,,,,,,
case_060_p2_n5,case_060,2,5,frozen_regression,persistent,23,visit,/home/konglingrui/.mathmodel/questionA/真机启发算法攻坚/A题研究/直接迭代/运行结果/持续联合冲刺_20260926/正式75配置_6并发/configurations/case_060_p2_n5/persistent/attempt_001/evaluations/attempts/20260926T125607-ddd23552cae4494facc989d87608ff87/record.json,joint,,1,/home/konglingrui/.mathmodel/questionA/真机启发算法攻坚/A题研究/直接迭代/运行结果/持续联合冲刺_20260926/正式75配置_6并发/configurations/case_060_p2_n5/persistent/attempt_001/evaluations/attempts/20260926T125722-9abd2d8300c94ac0817e9d3e1d90feeb/record.json,0,0,True,False,True,success,,,,,,,,
case_060_p2_n5,case_060,2,5,frozen_regression,persistent,24,observe,/home/konglingrui/.mathmodel/questionA/真机启发算法攻坚/A题研究/直接迭代/运行结果/持续联合冲刺_20260926/正式75配置_6并发/configurations/case_060_p2_n5/persistent/attempt_001/evaluations/attempts/20260926T125611-e741cb33362a4e30901bc46506656ce7/record.json,,,,,,0,,,,,,,"{'makespan': 371717, 'official_copy': {'original_graph_copy_bytes': 2099006, 'scheduled_copy_bytes': 18075922, 'added_copy_bytes': 15976916, 'partition_added_copy_bytes': 15976916, 'spill_added_copy_bytes': 0}, 'path_bytes': {'DDR': 18075922}, 'nominal_pool_work_cycles': {'DDR': 306047}, 'pool_occupancy': {'DDR': {'busy_cycles': 306047, 'overlap_cycles': 221008, 'peak_concurrent': 8}, 'CACHE_READ': {'busy_cycles': 0, 'overlap_cycles': 0, 'peak_concurrent': 0}}, 'projected_live_peak': {'0:UB': 73728, '0:L1': 153600, '1:UB': 81920, '1:L1': 172032, '2:UB': 98304, '2:L1': 165888, '3:UB': 114690, '3:L1': 147456, '4:UB': 65536, '4:L1': 158720}, 'projected_live_byte_cycles': {'0:UB': 3256147540, '0:L1': 27901720832, '1:UB': 2639576806, '1:L1': 20984731264, '2:UB': 3040642086, '2:L1': 28288449408, '3:UB': 3522573162, '3:L1': 27737625600, '4:UB': 1888377270, '4:L1': 29640175360}, 'memory_dependency_count': 14218, 'critical_chain_ops': 1674, 'critical_chain_memory_edges': 0, 'top_copy_waits': [{'task_id': 3, 'op_id': 1000007944, 'op': 'COPY_OUT', 'subgraph_id': 285, 'pipe': 'PIPE_MTE3', 'start': 70663, 'end': 71712, 'duration': 1049, 'core_id': 3, 'size_bytes': 8192, 'path': 'DDR', 'nominal_cycles': 137, 'duration_excess': 912, 'original_tensors': [1000001092], 'slack': 433, 'congestion_exposure': 912.0416666666666, 'wait_priority': 1887.742835583896, 'task': 3}, {'task_id': 0, 'op_id': 1000007938, 'op': 'COPY_OUT', 'subgraph_id': 282, 'pipe': 'PIPE_MTE3', 'start': 70658, 'end': 71707, 'duration': 1049, 'core_id': 0, 'size_bytes': 8192, 'path': 'DDR', 'nominal_cycles': 137, 'duration_excess': 912, 'original_tensors': [1000001080], 'slack': 483, 'congestion_exposure': 911.975, 'wait_priority': 1879.566249223216, 'task': 0}, {'task_id': 0, 'op_id': 1000007950, 'op': 'COPY_IN', 'subgraph_id': 287, 'pipe': 'PIPE_MTE2', 'start': 70518, 'end': 71499, 'duration': 981, 'core_id': 0, 'size_bytes': 8192, 'path': 'DDR', 'nominal_cycles': 137, 'duration_excess': 844, 'original_tensors': [1000001098], 'slack': 0, 'congestion_exposure': 844.0642857142857, 'wait_priority': 1825.0642857142857, 'task': 0}, {'task_id': 3, 'op_id': 1000007966, 'op': 'COPY_IN', 'subgraph_id': 290, 'pipe': 'PIPE_MTE2', 'start': 70523, 'end': 71507, 'duration': 984, 'core_id': 3, 'size_bytes': 8192, 'path': 'DDR', 'nominal_cycles': 137, 'duration_excess': 847, 'original_tensors': [1000001104], 'slack': 116, 'congestion_exposure': 847.0464285714286, 'wait_priority': 1812.195645593265, 'task': 3}, {'task_id': 1, 'op_id': 1000007941, 'op': 'COPY_OUT', 'subgraph_id': 284, 'pipe': 'PIPE_MTE3', 'start': 70660, 'end': 71710, 'duration': 1050, 'core_id': 1, 'size_bytes': 8192, 'path': 'DDR', 'nominal_cycles': 137, 'duration_excess': 913, 'original_tensors': [1000001088], 'slack': 965, 'congestion_exposure': 912.875, 'wait_priority': 1806.5449697355098, 'task': 1}, {'task_id': 1, 'op_id': 1000007956, 'op': 'COPY_IN', 'subgraph_id': 288, 'pipe': 'PIPE_MTE2', 'start': 70520, 'end': 71503, 'duration': 983, 'core_id': 1, 'size_bytes': 8192, 'path': 'DDR', 'nominal_cycles': 137, 'duration_excess': 846, 'original_tensors': [1000001100], 'slack': 502, 'congestion_exposure': 845.9642857142858, 'wait_priority': 1750.1777165665724, 'task': 1}, {'task_id': 2, 'op_id': 1000007960, 'op': 'COPY_IN', 'subgraph_id': 289, 'pipe': 'PIPE_MTE2', 'start': 70522, 'end': 71506, 'duration': 984, 'core_id': 2, 'size_bytes': 8192, 'path': 'DDR', 'nominal_cycles': 137, 'duration_excess': 847, 'original_tensors': [1000001102], 'slack': 1032, 'congestion_exposure': 846.9892857142856, 'wait_priority': 1675.8959716482123, 'task': 2}, {'task_id': 0, 'op_id': 1000008286, 'op': 'COPY_IN', 'subgraph_id': 359, 'pipe': 'PIPE_MTE2', 'start': 85631, 'end': 86531, 'duration': 900, 'core_id': 0, 'size_bytes': 8192, 'path': 'DDR', 'nominal_cycles': 137, 'duration_excess': 763, 'original_tensors': [1000001335], 'slack': 0, 'congestion_exposure': 763.0, 'wait_priority': 1663.0, 'task': 0}, {'task_id': 0, 'op_id': 1000008280, 'op': 'COPY_OUT', 'subgraph_id': 354, 'pipe': 'PIPE_MTE3', 'start': 85771, 'end': 86703, 'duration': 932, 'core_id': 0, 'size_bytes': 8192, 'path': 'DDR', 'nominal_cycles': 137, 'duration_excess': 795, 'original_tensors': [1000001317], 'slack': 474, 'congestion_exposure': 795.0238095238096, 'wait_priority': 1656.6088956220294, 'task': 0}, {'task_id': 4, 'op_id': 1000008283, 'op': 'COPY_OUT', 'subgraph_id': 357, 'pipe': 'PIPE_MTE3', 'start': 85789, 'end': 86718, 'duration': 929, 'core_id': 4, 'size_bytes': 8192, 'path': 'DDR', 'nominal_cycles': 137, 'duration_excess': 792, 'original_tensors': [1000001329], 'slack': 441, 'congestion_exposure': 791.9738095238097, 'wait_priority': 1655.504860176343, 'task': 4}, {'task_id': 4, 'op_id': 1000008058, 'op': 'COPY_OUT', 'subgraph_id': 309, 'pipe': 'PIPE_MTE3', 'start': 75816, 'end': 76739, 'duration': 923, 'core_id': 4, 'size_bytes': 8192, 'path': 'DDR', 'nominal_cycles': 137, 'duration_excess': 786, 'original_tensors': [1000001171], 'slack': 401, 'congestion_exposure': 786.0666666666666, 'wait_priority': 1649.7431314926368, 'task': 4}, {'task_id': 0, 'op_id': 1000008052, 'op': 'COPY_OUT', 'subgraph_id': 306, 'pipe': 'PIPE_MTE3', 'start': 75812, 'end': 76736, 'duration': 924, 'core_id': 0, 'size_bytes': 8192, 'path': 'DDR', 'nominal_cycles': 137, 'duration_excess': 787, 'original_tensors': [1000001159], 'slack': 449, 'congestion_exposure': 786.9333333333333, 'wait_priority': 1644.7113252779407, 'task': 0}, {'task_id': 0, 'op_id': 1000008166, 'op': 'COPY_OUT', 'subgraph_id': 330, 'pipe': 'PIPE_MTE3', 'start': 80922, 'end': 81834, 'duration': 912, 'core_id': 0, 'size_bytes': 8192, 'path': 'DDR', 'nominal_cycles': 137, 'duration_excess': 775, 'original_tensors': [1000001238], 'slack': 483, 'congestion_exposure': 774.9440476190476, 'wait_priority': 1616.9115344319857, 'task': 0}, {'task_id': 4, 'op_id': 1000008302, 'op': 'COPY_IN', 'subgraph_id': 362, 'pipe': 'PIPE_MTE2', 'start': 85649, 'end': 86556, 'duration': 907, 'core_id': 4, 'size_bytes': 8192, 'path': 'DDR', 'nominal_cycles': 137, 'duration_excess': 770, 'original_tensors': [1000001341], 'slack': 463, 'congestion_exposure': 769.9571428571429, 'wait_priority': 1610.107042668426, 'task': 4}, {'task_id': 0, 'op_id': 1000008175, 'op': 'COPY_IN', 'subgraph_id': 335, 'pipe': 'PIPE_MTE2', 'start': 80782, 'end': 81654, 'duration': 872, 'core_id': 0, 'size_bytes': 8192, 'path': 'DDR', 'nominal_cycles': 137, 'duration_excess': 735, 'original_tensors': [1000001256], 'slack': 0, 'congestion_exposure': 734.9619047619047, 'wait_priority': 1606.9619047619049, 'task': 0}, {'task_id': 3, 'op_id': 1000008191, 'op': 'COPY_IN', 'subgraph_id': 338, 'pipe': 'PIPE_MTE2', 'start': 80787, 'end': 81661, 'duration': 874, 'core_id': 3, 'size_bytes': 8192, 'path': 'DDR', 'nominal_cycles': 137, 'duration_excess': 737, 'original_tensors': [1000001262], 'slack': 88, 'congestion_exposure': 736.9142857142856, 'wait_priority': 1598.3015955576102, 'task': 3}, {'task_id': 1, 'op_id': 1000008292, 'op': 'COPY_IN', 'subgraph_id': 360, 'pipe': 'PIPE_MTE2', 'start': 85640, 'end': 86543, 'duration': 903, 'core_id': 1, 'size_bytes': 8192, 'path': 'DDR', 'nominal_cycles': 137, 'duration_excess': 766, 'original_tensors': [1000001337], 'slack': 499, 'congestion_exposure': 766.0857142857143, 'wait_priority': 1597.5975329590108, 'task': 1}, {'task_id': 1, 'op_id': 1000008055, 'op': 'COPY_OUT', 'subgraph_id': 308, 'pipe': 'PIPE_MTE3', 'start': 75814, 'end': 76738, 'duration': 924, 'core_id': 1, 'size_bytes': 8192, 'path': 'DDR', 'nominal_cycles': 137, 'duration_excess': 787, 'original_tensors': [1000001167], 'slack': 932, 'congestion_exposure': 786.9333333333333, 'wait_priority': 1578.9692048088677, 'task': 1}, {'task_id': 0, 'op_id': 1000008061, 'op': 'COPY_IN', 'subgraph_id': 311, 'pipe': 'PIPE_MTE2', 'start': 75672, 'end': 76524, 'duration': 852, 'core_id': 0, 'size_bytes': 8192, 'path': 'DDR', 'nominal_cycles': 137, 'duration_excess': 715, 'original_tensors': [1000001177], 'slack': 0, 'congestion_exposure': 715.1238095238095, 'wait_priority': 1567.1238095238095, 'task': 0}, {'task_id': 4, 'op_id': 1000008077, 'op': 'COPY_IN', 'subgraph_id': 314, 'pipe': 'PIPE_MTE2', 'start': 75676, 'end': 76532, 'duration': 856, 'core_id': 4, 'size_bytes': 8192, 'path': 'DDR', 'nominal_cycles': 137, 'duration_excess': 719, 'original_tensors': [1000001183], 'slack': 148, 'congestion_exposure': 718.9333333333333, 'wait_priority': 1554.304993402369, 'task': 4}], 'compile_seconds': 3.855124950991012, 'limitations': 'Observed durations include dynamic contention; chain/slack and projected residency are ranking diagnostics, not removable-delay certificates.'}",,,,,
case_060_p2_n5,case_060,2,5,frozen_regression,persistent,25,advance,/home/konglingrui/.mathmodel/questionA/真机启发算法攻坚/A题研究/直接迭代/运行结果/持续联合冲刺_20260926/正式75配置_6并发/configurations/case_060_p2_n5/persistent/attempt_001/evaluations/attempts/20260926T125611-e741cb33362a4e30901bc46506656ce7/record.json,joint,,2,/home/konglingrui/.mathmodel/questionA/真机启发算法攻坚/A题研究/直接迭代/运行结果/持续联合冲刺_20260926/正式75配置_6并发/configurations/case_060_p2_n5/persistent/attempt_001/evaluations/attempts/20260926T125730-b4243099223a44d2b7e3e758f7feb184/record.json,,1,,,,,False,3,,,,,,
case_060_p2_n5,case_060,2,5,frozen_regression,persistent,26,visit,/home/konglingrui/.mathmodel/questionA/真机启发算法攻坚/A题研究/直接迭代/运行结果/持续联合冲刺_20260926/正式75配置_6并发/configurations/case_060_p2_n5/persistent/attempt_001/evaluations/attempts/20260926T125611-e741cb33362a4e30901bc46506656ce7/record.json,joint,,2,/home/konglingrui/.mathmodel/questionA/真机启发算法攻坚/A题研究/直接迭代/运行结果/持续联合冲刺_20260926/正式75配置_6并发/configurations/case_060_p2_n5/persistent/attempt_001/evaluations/attempts/20260926T125730-b4243099223a44d2b7e3e758f7feb184/record.json,0,0,True,False,True,success,,,,,,,,
case_060_p2_n5,case_060,2,5,frozen_regression,persistent,27,visit,/home/konglingrui/.mathmodel/questionA/真机启发算法攻坚/A题研究/直接迭代/运行结果/持续联合冲刺_20260926/正式75配置_6并发/configurations/case_060_p2_n5/persistent/attempt_001/evaluations/attempts/20260926T125617-5bb2b92e3e7f4afba6771e324957a8ef/record.json,trace,,4,/home/konglingrui/.mathmodel/questionA/真机启发算法攻坚/A题研究/直接迭代/运行结果/持续联合冲刺_20260926/正式75配置_6并发/configurations/case_060_p2_n5/persistent/attempt_001/evaluations/attempts/20260926T125733-1f57a2452add49d794f0559870ff8efe/record.json,0,0,False,False,True,success,,,,,,,,
case_060_p2_n5,case_060,2,5,frozen_regression,persistent,28,visit,/home/konglingrui/.mathmodel/questionA/真机启发算法攻坚/A题研究/直接迭代/运行结果/持续联合冲刺_20260926/正式75配置_6并发/configurations/case_060_p2_n5/persistent/attempt_001/evaluations/attempts/20260926T125649-4c9e66b0a6ca4608aaa11eb0b367b756/record.json,insertion,,1,/home/konglingrui/.mathmodel/questionA/真机启发算法攻坚/A题研究/直接迭代/运行结果/持续联合冲刺_20260926/正式75配置_6并发/configurations/case_060_p2_n5/persistent/attempt_001/evaluations/attempts/20260926T125738-c7eb063a2b8749f59d7927905672fc70/record.json,0,2,False,False,False,success,,,,,,,,
case_060_p2_n5,case_060,2,5,frozen_regression,persistent,29,visit,/home/konglingrui/.mathmodel/questionA/真机启发算法攻坚/A题研究/直接迭代/运行结果/持续联合冲刺_20260926/正式75配置_6并发/configurations/case_060_p2_n5/persistent/attempt_001/evaluations/attempts/20260926T125730-b4243099223a44d2b7e3e758f7feb184/record.json,insertion,,2,/home/konglingrui/.mathmodel/questionA/真机启发算法攻坚/A题研究/直接迭代/运行结果/持续联合冲刺_20260926/正式75配置_6并发/configurations/case_060_p2_n5/persistent/attempt_001/evaluations/attempts/20260926T125744-6935f089ee8b4b18b059c35394e732ed/record.json,0,1,False,False,False,success,,,,,,,,
case_060_p2_n5,case_060,2,5,frozen_regression,persistent,30,observe,/home/konglingrui/.mathmodel/questionA/真机启发算法攻坚/A题研究/直接迭代/运行结果/持续联合冲刺_20260926/正式75配置_6并发/configurations/case_060_p2_n5/persistent/attempt_001/evaluations/attempts/20260926T125713-44cfff70fd3e4e899552e88eac550820/record.json,,,,,,2,,,,,,,"{'makespan': 515774, 'official_copy': {'original_graph_copy_bytes': 2099006, 'scheduled_copy_bytes': 30418074, 'added_copy_bytes': 28319068, 'partition_added_copy_bytes': 28237148, 'spill_added_copy_bytes': 81920}, 'path_bytes': {'DDR': 30418074}, 'nominal_pool_work_cycles': {'DDR': 514317}, 'pool_occupancy': {'DDR': {'busy_cycles': 514317, 'overlap_cycles': 511651, 'peak_concurrent': 10}, 'CACHE_READ': {'busy_cycles': 0, 'overlap_cycles': 0, 'peak_concurrent': 0}}, 'projected_live_peak': {'0:UB': 98318, '0:L1': 430080, '1:UB': 126988, '1:L1': 442368, '2:UB': 131072, '2:L1': 465920, '3:UB': 126980, '3:L1': 420864, '4:UB': 131072, '4:L1': 434176}, 'projected_live_byte_cycles': {'0:UB': 11169001290, '0:L1': 117579940224, '1:UB': 14253471670, '1:L1': 119212971264, '2:UB': 15193488536, '2:L1': 123804357888, '3:UB': 12826602888, '3:L1': 111534430976, '4:UB': 22127172974, '4:L1': 118081415552}, 'memory_dependency_count': 18190, 'critical_chain_ops': 1410, 'critical_chain_memory_edges': 0, 'top_copy_waits': [{'task_id': 0, 'op_id': 1000007935, 'op': 'COPY_IN', 'subgraph_id': 220, 'pipe': 'PIPE_MTE2', 'start': 11683, 'end': 13053, 'duration': 1370, 'core_id': 0, 'size_bytes': 8192, 'path': 'DDR', 'nominal_cycles': 137, 'duration_excess': 1233, 'original_tensors': [1000000709], 'slack': 0, 'congestion_exposure': 1233.0, 'wait_priority': 2603.0, 'task': 0}, {'task_id': 0, 'op_id': 1000008112, 'op': 'COPY_IN', 'subgraph_id': 227, 'pipe': 'PIPE_MTE2', 'start': 13053, 'end': 14423, 'duration': 1370, 'core_id': 0, 'size_bytes': 8192, 'path': 'DDR', 'nominal_cycles': 137, 'duration_excess': 1233, 'original_tensors': [1000000788], 'slack': 0, 'congestion_exposure': 1233.0, 'wait_priority': 2603.0, 'task': 0}, {'task_id': 0, 'op_id': 1000008289, 'op': 'COPY_IN', 'subgraph_id': 233, 'pipe': 'PIPE_MTE2', 'start': 14423, 'end': 15793, 'duration': 1370, 'core_id': 0, 'size_bytes': 8192, 'path': 'DDR', 'nominal_cycles': 137, 'duration_excess': 1233, 'original_tensors': [1000000867], 'slack': 0, 'congestion_exposure': 1233.0, 'wait_priority': 2603.0, 'task': 0}, {'task_id': 0, 'op_id': 1000009008, 'op': 'COPY_IN', 'subgraph_id': 206, 'pipe': 'PIPE_MTE2', 'start': 7573, 'end': 8943, 'duration': 1370, 'core_id': 0, 'size_bytes': 8192, 'path': 'DDR', 'nominal_cycles': 137, 'duration_excess': 1233, 'original_tensors': [1000001177], 'slack': 0, 'congestion_exposure': 1233.0, 'wait_priority': 2603.0, 'task': 0}, {'task_id': 0, 'op_id': 1000009024, 'op': 'COPY_IN', 'subgraph_id': 214, 'pipe': 'PIPE_MTE2', 'start': 10313, 'end': 11683, 'duration': 1370, 'core_id': 0, 'size_bytes': 8192, 'path': 'DDR', 'nominal_cycles': 137, 'duration_excess': 1233, 'original_tensors': [1000001183], 'slack': 0, 'congestion_exposure': 1233.0, 'wait_priority': 2603.0, 'task': 0}, {'task_id': 0, 'op_id': 1000009390, 'op': 'COPY_IN', 'subgraph_id': 238, 'pipe': 'PIPE_MTE2', 'start': 15793, 'end': 17163, 'duration': 1370, 'core_id': 0, 'size_bytes': 8192, 'path': 'DDR', 'nominal_cycles': 137, 'duration_excess': 1233, 'original_tensors': [1000001337], 'slack': 0, 'congestion_exposure': 1233.0, 'wait_priority': 2603.0, 'task': 0}, {'task_id': 0, 'op_id': 1000009710, 'op': 'COPY_IN', 'subgraph_id': 207, 'pipe': 'PIPE_MTE2', 'start': 8943, 'end': 10313, 'duration': 1370, 'core_id': 0, 'size_bytes': 8192, 'path': 'DDR', 'nominal_cycles': 137, 'duration_excess': 1233, 'original_tensors': [1000001482], 'slack': 0, 'congestion_exposure': 1233.0, 'wait_priority': 2603.0, 'task': 0}, {'task_id': 1, 'op_id': 1000008252, 'op': 'COPY_OUT', 'subgraph_id': 678, 'pipe': 'PIPE_MTE3', 'start': 62540, 'end': 63910, 'duration': 1370, 'core_id': 1, 'size_bytes': 8192, 'path': 'DDR', 'nominal_cycles': 137, 'duration_excess': 1233, 'original_tensors': [1000000852], 'slack': 0, 'congestion_exposure': 1232.9999999999998, 'wait_priority': 2603.0, 'task': 1}, {'task_id': 1, 'op_id': 1000008396, 'op': 'COPY_OUT', 'subgraph_id': 690, 'pipe': 'PIPE_MTE3', 'start': 63910, 'end': 65280, 'duration': 1370, 'core_id': 1, 'size_bytes': 8192, 'path': 'DDR', 'nominal_cycles': 137, 'duration_excess': 1233, 'original_tensors': [1000000915], 'slack': 0, 'congestion_exposure': 1233.0000000000002, 'wait_priority': 2603.0, 'task': 1}, {'task_id': 0, 'op_id': 1000009404, 'op': 'COPY_IN', 'subgraph_id': 278, 'pipe': 'PIPE_MTE2', 'start': 25052, 'end': 26396, 'duration': 1344, 'core_id': 0, 'size_bytes': 8192, 'path': 'DDR', 'nominal_cycles': 137, 'duration_excess': 1207, 'original_tensors': [1000001343], 'slack': 0, 'congestion_exposure': 1207.0, 'wait_priority': 2551.0, 'task': 0}, {'task_id': 0, 'op_id': 1000007769, 'op': 'COPY_IN', 'subgraph_id': 245, 'pipe': 'PIPE_MTE2', 'start': 18033, 'end': 19374, 'duration': 1341, 'core_id': 0, 'size_bytes': 8192, 'path': 'DDR', 'nominal_cycles': 137, 'duration_excess': 1204, 'original_tensors': [1000000632], 'slack': 0, 'congestion_exposure': 1203.9888888888888, 'wait_priority': 2544.988888888889, 'task': 0}, {'task_id': 1, 'op_id': 1000008414, 'op': 'COPY_OUT', 'subgraph_id': 710, 'pipe': 'PIPE_MTE3', 'start': 68297, 'end': 69637, 'duration': 1340, 'core_id': 1, 'size_bytes': 8192, 'path': 'DDR', 'nominal_cycles': 137, 'duration_excess': 1203, 'original_tensors': [1000000927], 'slack': 0, 'congestion_exposure': 1203.0, 'wait_priority': 2543.0, 'task': 1}, {'task_id': 0, 'op_id': 1000007069, 'op': 'COPY_OUT', 'subgraph_id': 1143, 'pipe': 'PIPE_MTE3', 'start': 129908, 'end': 131262, 'duration': 1354, 'core_id': 0, 'size_bytes': 8192, 'path': 'DDR', 'nominal_cycles': 137, 'duration_excess': 1217, 'original_tensors': [1000000205], 'slack': 314, 'congestion_exposure': 1217.0666666666668, 'wait_priority': 2519.9294218994855, 'task': 0}, {'task_id': 1, 'op_id': 1000008222, 'op': 'COPY_OUT', 'subgraph_id': 737, 'pipe': 'PIPE_MTE3', 'start': 72705, 'end': 74028, 'duration': 1323, 'core_id': 1, 'size_bytes': 8192, 'path': 'DDR', 'nominal_cycles': 137, 'duration_excess': 1186, 'original_tensors': [1000000840], 'slack': 0, 'congestion_exposure': 1186.0888888888885, 'wait_priority': 2509.0888888888885, 'task': 1}, {'task_id': 0, 'op_id': 1000008820, 'op': 'COPY_IN', 'subgraph_id': 266, 'pipe': 'PIPE_MTE2', 'start': 22476, 'end': 23799, 'duration': 1323, 'core_id': 0, 'size_bytes': 8192, 'path': 'DDR', 'nominal_cycles': 137, 'duration_excess': 1186, 'original_tensors': [1000001098], 'slack': 0, 'congestion_exposure': 1185.9777777777776, 'wait_priority': 2508.9777777777776, 'task': 0}, {'task_id': 0, 'op_id': 1000007055, 'op': 'COPY_IN', 'subgraph_id': 1149, 'pipe': 'PIPE_MTE2', 'start': 129768, 'end': 131116, 'duration': 1348, 'core_id': 0, 'size_bytes': 8192, 'path': 'DDR', 'nominal_cycles': 137, 'duration_excess': 1211, 'original_tensors': [1000000200], 'slack': 320, 'congestion_exposure': 1210.9916666666666, 'wait_priority': 2507.141737815341, 'task': 0}, {'task_id': 1, 'op_id': 1000007106, 'op': 'COPY_OUT', 'subgraph_id': 728, 'pipe': 'PIPE_MTE3', 'start': 71392, 'end': 72705, 'duration': 1313, 'core_id': 1, 'size_bytes': 8192, 'path': 'DDR', 'nominal_cycles': 137, 'duration_excess': 1176, 'original_tensors': [1000000232], 'slack': 0, 'congestion_exposure': 1176.0333333333333, 'wait_priority': 2489.0333333333333, 'task': 1}, {'task_id': 2, 'op_id': 1000009202, 'op': 'COPY_IN', 'subgraph_id': 708, 'pipe': 'PIPE_MTE2', 'start': 62940, 'end': 64310, 'duration': 1370, 'core_id': 2, 'size_bytes': 8192, 'path': 'DDR', 'nominal_cycles': 137, 'duration_excess': 1233, 'original_tensors': [1000001258], 'slack': 819, 'congestion_exposure': 1233.0000000000002, 'wait_priority': 2472.1487716222837, 'task': 2}, {'task_id': 1, 'op_id': 1000009509, 'op': 'COPY_OUT', 'subgraph_id': 719, 'pipe': 'PIPE_MTE3', 'start': 69637, 'end': 70941, 'duration': 1304, 'core_id': 1, 'size_bytes': 8192, 'path': 'DDR', 'nominal_cycles': 137, 'duration_excess': 1167, 'original_tensors': [1000001393], 'slack': 0, 'congestion_exposure': 1166.963888888889, 'wait_priority': 2470.963888888889, 'task': 1}, {'task_id': 3, 'op_id': 1000008253, 'op': 'COPY_IN', 'subgraph_id': 931, 'pipe': 'PIPE_MTE2', 'start': 88436, 'end': 89739, 'duration': 1303, 'core_id': 3, 'size_bytes': 8192, 'path': 'DDR', 'nominal_cycles': 137, 'duration_excess': 1166, 'original_tensors': [1000000852], 'slack': 0, 'congestion_exposure': 1166.0666666666666, 'wait_priority': 2469.0666666666666, 'task': 3}], 'compile_seconds': 5.136191915982636, 'limitations': 'Observed durations include dynamic contention; chain/slack and projected residency are ranking diagnostics, not removable-delay certificates.'}",,,,,
case_060_p2_n5,case_060,2,5,frozen_regression,persistent,31,advance,/home/konglingrui/.mathmodel/questionA/真机启发算法攻坚/A题研究/直接迭代/运行结果/持续联合冲刺_20260926/正式75配置_6并发/configurations/case_060_p2_n5/persistent/attempt_001/evaluations/attempts/20260926T125713-44cfff70fd3e4e899552e88eac550820/record.json,joint,,4,/home/konglingrui/.mathmodel/questionA/真机启发算法攻坚/A题研究/直接迭代/运行结果/持续联合冲刺_20260926/正式75配置_6并发/configurations/case_060_p2_n5/persistent/attempt_001/evaluations/attempts/20260926T125753-409ad7817bec4233bf1ee9968ab14aaa/record.json,,3,,,,,False,4,,,,,,
case_060_p2_n5,case_060,2,5,frozen_regression,persistent,32,visit,/home/konglingrui/.mathmodel/questionA/真机启发算法攻坚/A题研究/直接迭代/运行结果/持续联合冲刺_20260926/正式75配置_6并发/configurations/case_060_p2_n5/persistent/attempt_001/evaluations/attempts/20260926T125713-44cfff70fd3e4e899552e88eac550820/record.json,joint,,4,/home/konglingrui/.mathmodel/questionA/真机启发算法攻坚/A题研究/直接迭代/运行结果/持续联合冲刺_20260926/正式75配置_6并发/configurations/case_060_p2_n5/persistent/attempt_001/evaluations/attempts/20260926T125753-409ad7817bec4233bf1ee9968ab14aaa/record.json,0,2,True,False,False,success,,,,,,,,
case_060_p2_n5,case_060,2,5,frozen_regression,persistent,33,advance_alternate,/home/konglingrui/.mathmodel/questionA/真机启发算法攻坚/A题研究/直接迭代/运行结果/持续联合冲刺_20260926/正式75配置_6并发/configurations/case_060_p2_n5/persistent/attempt_001/evaluations/attempts/20260926T125624-76395d3f460346bf804c1ebe55ac3008/record.json,trace,,1,/home/konglingrui/.mathmodel/questionA/真机启发算法攻坚/A题研究/直接迭代/运行结果/持续联合冲刺_20260926/正式75配置_6并发/configurations/case_060_p2_n5/persistent/attempt_001/evaluations/attempts/20260926T125758-25cbe3167ae144e8a8d0af8516948f7b/record.json,,2,,,,,,5,,,,,,
case_060_p2_n5,case_060,2,5,frozen_regression,persistent,34,visit,/home/konglingrui/.mathmodel/questionA/真机启发算法攻坚/A题研究/直接迭代/运行结果/持续联合冲刺_20260926/正式75配置_6并发/configurations/case_060_p2_n5/persistent/attempt_001/evaluations/attempts/20260926T125624-76395d3f460346bf804c1ebe55ac3008/record.json,trace,,1,/home/konglingrui/.mathmodel/questionA/真机启发算法攻坚/A题研究/直接迭代/运行结果/持续联合冲刺_20260926/正式75配置_6并发/configurations/case_060_p2_n5/persistent/attempt_001/evaluations/attempts/20260926T125758-25cbe3167ae144e8a8d0af8516948f7b/record.json,0,1,True,False,True,success,,,,,,,,
case_060_p2_n5,case_060,2,5,frozen_regression,persistent,35,visit,/home/konglingrui/.mathmodel/questionA/真机启发算法攻坚/A题研究/直接迭代/运行结果/持续联合冲刺_20260926/正式75配置_6并发/configurations/case_060_p2_n5/persistent/attempt_001/evaluations/attempts/20260926T125628-da174cb8453d445cb5e2d1e82d2ea282/record.json,trace,,2,/home/konglingrui/.mathmodel/questionA/真机启发算法攻坚/A题研究/直接迭代/运行结果/持续联合冲刺_20260926/正式75配置_6并发/configurations/case_060_p2_n5/persistent/attempt_001/evaluations/attempts/20260926T125802-809411790d1245538068d0459b2175a5/record.json,0,1,False,False,True,success,,,,,,,,
case_060_p2_n5,case_060,2,5,frozen_regression,persistent,36,admit,,,,0,/home/konglingrui/.mathmodel/questionA/真机启发算法攻坚/A题研究/直接迭代/运行结果/持续联合冲刺_20260926/正式75配置_6并发/configurations/case_060_p2_n5/persistent/attempt_001/evaluations/attempts/20260926T125605-c4d7e859897f4b42b6c107718a9d8c10/record.json,,,,,,,,,,2,whole_component_interleave,,,
case_060_p2_n5,case_060,2,5,frozen_regression,persistent,37,admit,,,,1,/home/konglingrui/.mathmodel/questionA/真机启发算法攻坚/A题研究/直接迭代/运行结果/持续联合冲刺_20260926/正式75配置_6并发/configurations/case_060_p2_n5/persistent/attempt_001/evaluations/attempts/20260926T125607-ddd23552cae4494facc989d87608ff87/record.json,,,,,,,,,,2,critical_w100_control,,,
case_060_p2_n5,case_060,2,5,frozen_regression,persistent,38,admit,,,,2,/home/konglingrui/.mathmodel/questionA/真机启发算法攻坚/A题研究/直接迭代/运行结果/持续联合冲刺_20260926/正式75配置_6并发/configurations/case_060_p2_n5/persistent/attempt_001/evaluations/attempts/20260926T125611-e741cb33362a4e30901bc46506656ce7/record.json,,,,,,,,,,2,stable_w100_control,,,
case_060_p2_n5,case_060,2,5,frozen_regression,persistent,39,retire,,,,0,,0,,,,,,,,,,,completed_lease_stalled,2,
case_060_p2_n5,case_060,2,5,frozen_regression,persistent,40,admit,,,,3,/home/konglingrui/.mathmodel/questionA/真机启发算法攻坚/A题研究/直接迭代/运行结果/持续联合冲刺_20260926/正式75配置_6并发/configurations/case_060_p2_n5/persistent/attempt_001/evaluations/attempts/20260926T125614-963294ec34a84f858fb57e6498b8c24b/record.json,,,,,,,,,,2,stable_w200_joint,,,
case_060_p2_n5,case_060,2,5,frozen_regression,persistent,41,retire,,,,3,,0,,,,,,,,,,,completed_lease_stalled,2,
case_060_p2_n5,case_060,2,5,frozen_regression,persistent,42,admit,,,,4,/home/konglingrui/.mathmodel/questionA/真机启发算法攻坚/A题研究/直接迭代/运行结果/持续联合冲刺_20260926/正式75配置_6并发/configurations/case_060_p2_n5/persistent/attempt_001/evaluations/attempts/20260926T125617-5bb2b92e3e7f4afba6771e324957a8ef/record.json,,,,,,,,,,2,critical_w200_joint,,,
case_047_p3_n4,case_047,3,4,core_regression,legacy,1,legacy_visit,/home/konglingrui/.mathmodel/questionA/真机启发算法攻坚/A题研究/直接迭代/运行结果/持续联合冲刺_20260926/正式75配置_6并发/configurations/case_047_p3_n4/legacy/attempt_001/evaluations/attempts/20260926T130100-0d21fb1896a541949c4cc7fdf1b07f3e/record.json,region,True,,,,,,,,,,,,,,,,
case_047_p3_n4,case_047,3,4,core_regression,legacy,2,legacy_visit,/home/konglingrui/.mathmodel/questionA/真机启发算法攻坚/A题研究/直接迭代/运行结果/持续联合冲刺_20260926/正式75配置_6并发/configurations/case_047_p3_n4/legacy/attempt_001/evaluations/attempts/20260926T130143-ab876b28401440e8a9cf0d2363661f54/record.json,region,True,,,,,,,,,,,,,,,,
case_047_p3_n4,case_047,3,4,core_regression,legacy,3,legacy_visit,/home/konglingrui/.mathmodel/questionA/真机启发算法攻坚/A题研究/直接迭代/运行结果/持续联合冲刺_20260926/正式75配置_6并发/configurations/case_047_p3_n4/legacy/attempt_001/evaluations/attempts/20260926T130241-875c6d87254a4e559c5be9eb59ee4f7a/record.json,region,False,,,,,,,,,,,,,,,,
case_047_p3_n4,case_047,3,4,core_regression,persistent,1,observe,/home/konglingrui/.mathmodel/questionA/真机启发算法攻坚/A题研究/直接迭代/运行结果/持续联合冲刺_20260926/正式75配置_6并发/configurations/case_047_p3_n4/persistent/attempt_001/evaluations/attempts/20260926T125659-290948c3cfeb4897964fc076dadbc19c/record.json,,,,,,0,,,,,,,"{'makespan': 90079, 'official_copy': {'original_graph_copy_bytes': 463942, 'scheduled_copy_bytes': 2578360, 'added_copy_bytes': 2114418, 'partition_added_copy_bytes': 2114418, 'spill_added_copy_bytes': 0}, 'path_bytes': {'CACHE_READ': 660624, 'DDR': 1917736}, 'nominal_pool_work_cycles': {'CACHE_READ': 3399, 'DDR': 34117}, 'pool_occupancy': {'DDR': {'busy_cycles': 34117, 'overlap_cycles': 17204, 'peak_concurrent': 8}, 'CACHE_READ': {'busy_cycles': 3399, 'overlap_cycles': 193, 'peak_concurrent': 3}}, 'projected_live_peak': {'0:L1': 16896, '0:UB': 23172, '1:L1': 27776, '1:UB': 22404, '2:L1': 17856, '2:UB': 21924, '3:L1': 24832, '3:UB': 20578}, 'projected_live_byte_cycles': {'0:L1': 597297472, '0:UB': 619580462, '1:L1': 609074880, '1:UB': 610467648, '2:L1': 534301312, '2:UB': 554377056, '3:L1': 565510208, '3:UB': 565720112}, 'memory_dependency_count': 28996, 'critical_chain_ops': 2250, 'critical_chain_memory_edges': 0, 'top_copy_waits': [{'task_id': 0, 'op_id': 1000015125, 'op': 'COPY_IN', 'subgraph_id': 98, 'pipe': 'PIPE_MTE2', 'start': 1145, 'end': 1362, 'duration': 217, 'memory_path': 'DDR', 'cache_hit': False, 'cache_tensor_id': 1000001481, 'core_id': 0, 'size_bytes': 2048, 'path': 'DDR', 'nominal_cycles': 35, 'duration_excess': 182, 'original_tensors': [1000001481], 'slack': 8, 'congestion_exposure': 182.27619047619046, 'wait_priority': 398.09767627930603, 'task': 0}, {'task_id': 0, 'op_id': 1000018536, 'op': 'COPY_IN', 'subgraph_id': 9568, 'pipe': 'PIPE_MTE2', 'start': 62091, 'end': 62322, 'duration': 231, 'memory_path': 'DDR', 'cache_hit': False, 'cache_tensor_id': 1000008586, 'core_id': 0, 'size_bytes': 4096, 'path': 'DDR', 'nominal_cycles': 69, 'duration_excess': 162, 'original_tensors': [1000008586], 'slack': 19, 'congestion_exposure': 161.81666666666666, 'wait_priority': 390.0741080779166, 'task': 0}, {'task_id': 3, 'op_id': 1000018542, 'op': 'COPY_IN', 'subgraph_id': 9566, 'pipe': 'PIPE_MTE2', 'start': 62061, 'end': 62290, 'duration': 229, 'memory_path': 'DDR', 'cache_hit': False, 'cache_tensor_id': 1000008586, 'core_id': 3, 'size_bytes': 4096, 'path': 'DDR', 'nominal_cycles': 69, 'duration_excess': 160, 'original_tensors': [1000008586], 'slack': 0, 'congestion_exposure': 159.98333333333332, 'wait_priority': 388.98333333333335, 'task': 3}, {'task_id': 2, 'op_id': 1000015815, 'op': 'COPY_IN', 'subgraph_id': 97, 'pipe': 'PIPE_MTE2', 'start': 1086, 'end': 1295, 'duration': 209, 'memory_path': 'DDR', 'cache_hit': False, 'cache_tensor_id': 1000002898, 'core_id': 2, 'size_bytes': 2048, 'path': 'DDR', 'nominal_cycles': 35, 'duration_excess': 174, 'original_tensors': [1000002898], 'slack': 0, 'congestion_exposure': 174.23809523809527, 'wait_priority': 383.2380952380953, 'task': 2}, {'task_id': 0, 'op_id': 1000016531, 'op': 'COPY_IN', 'subgraph_id': 5654, 'pipe': 'PIPE_MTE2', 'start': 37279, 'end': 37506, 'duration': 227, 'memory_path': 'DDR', 'cache_hit': False, 'cache_tensor_id': 1000004346, 'core_id': 0, 'size_bytes': 4096, 'path': 'DDR', 'nominal_cycles': 69, 'duration_excess': 158, 'original_tensors': [1000004346], 'slack': 117, 'congestion_exposure': 159.0, 'wait_priority': 369.98152778812283, 'task': 0}, {'task_id': 1, 'op_id': 1000017233, 'op': 'COPY_IN', 'subgraph_id': 488, 'pipe': 'PIPE_MTE2', 'start': 4032, 'end': 4217, 'duration': 185, 'memory_path': 'DDR', 'cache_hit': False, 'cache_tensor_id': 1000005747, 'core_id': 1, 'size_bytes': 2048, 'path': 'DDR', 'nominal_cycles': 35, 'duration_excess': 150, 'original_tensors': [1000005747], 'slack': 0, 'congestion_exposure': 150.0666666666667, 'wait_priority': 335.0666666666667, 'task': 1}, {'task_id': 3, 'op_id': 1000017881, 'op': 'COPY_IN', 'subgraph_id': 8351, 'pipe': 'PIPE_MTE2', 'start': 54469, 'end': 54667, 'duration': 198, 'memory_path': 'DDR', 'cache_hit': False, 'cache_tensor_id': 1000007192, 'core_id': 3, 'size_bytes': 4096, 'path': 'DDR', 'nominal_cycles': 69, 'duration_excess': 129, 'original_tensors': [1000007192], 'slack': 116, 'congestion_exposure': 129.68333333333334, 'wait_priority': 314.1963650975564, 'task': 3}, {'task_id': 1, 'op_id': 1000016506, 'op': 'COPY_IN', 'subgraph_id': 165, 'pipe': 'PIPE_MTE2', 'start': 2157, 'end': 2325, 'duration': 168, 'memory_path': 'DDR', 'cache_hit': False, 'cache_tensor_id': 1000004321, 'core_id': 1, 'size_bytes': 2048, 'path': 'DDR', 'nominal_cycles': 35, 'duration_excess': 133, 'original_tensors': [1000004321], 'slack': 8, 'congestion_exposure': 133.3, 'wait_priority': 300.41067492630157, 'task': 1}, {'task_id': 1, 'op_id': 1000017228, 'op': 'COPY_IN', 'subgraph_id': 482, 'pipe': 'PIPE_MTE2', 'start': 3820, 'end': 3987, 'duration': 167, 'memory_path': 'DDR', 'cache_hit': False, 'cache_tensor_id': 1000005744, 'core_id': 1, 'size_bytes': 2048, 'path': 'DDR', 'nominal_cycles': 35, 'duration_excess': 132, 'original_tensors': [1000005744], 'slack': 0, 'congestion_exposure': 132.11666666666667, 'wait_priority': 299.1166666666667, 'task': 1}, {'task_id': 1, 'op_id': 1000017151, 'op': 'COPY_IN', 'subgraph_id': 493, 'pipe': 'PIPE_MTE2', 'start': 4217, 'end': 4383, 'duration': 166, 'memory_path': 'DDR', 'cache_hit': False, 'cache_tensor_id': 1000005721, 'core_id': 1, 'size_bytes': 2048, 'path': 'DDR', 'nominal_cycles': 35, 'duration_excess': 131, 'original_tensors': [1000005721], 'slack': 0, 'congestion_exposure': 131.11190476190475, 'wait_priority': 297.1119047619047, 'task': 1}, {'task_id': 3, 'op_id': 1000017843, 'op': 'COPY_IN', 'subgraph_id': 8157, 'pipe': 'PIPE_MTE2', 'start': 52122, 'end': 52322, 'duration': 200, 'memory_path': 'DDR', 'cache_hit': False, 'cache_tensor_id': 1000007163, 'core_id': 3, 'size_bytes': 4096, 'path': 'DDR', 'nominal_cycles': 69, 'duration_excess': 131, 'original_tensors': [1000007163], 'slack': 334, 'congestion_exposure': 131.25, 'wait_priority': 294.8125763658579, 'task': 3}, {'task_id': 2, 'op_id': 1000018562, 'op': 'COPY_IN', 'subgraph_id': 409, 'pipe': 'PIPE_MTE2', 'start': 4031, 'end': 4216, 'duration': 185, 'memory_path': 'DDR', 'cache_hit': False, 'cache_tensor_id': 1000008596, 'core_id': 2, 'size_bytes': 2048, 'path': 'DDR', 'nominal_cycles': 35, 'duration_excess': 150, 'original_tensors': [1000008596], 'slack': 403, 'congestion_exposure': 150.03333333333333, 'wait_priority': 291.55431687689384, 'task': 2}, {'task_id': 0, 'op_id': 1000019251, 'op': 'COPY_IN', 'subgraph_id': 417, 'pipe': 'PIPE_MTE2', 'start': 4128, 'end': 4317, 'duration': 189, 'memory_path': 'DDR', 'cache_hit': False, 'cache_tensor_id': 1000010019, 'core_id': 0, 'size_bytes': 2048, 'path': 'DDR', 'nominal_cycles': 35, 'duration_excess': 154, 'original_tensors': [1000010019], 'slack': 494, 'congestion_exposure': 154.07857142857142, 'wait_priority': 290.05566910946743, 'task': 0}, {'task_id': 3, 'op_id': 1000019937, 'op': 'COPY_IN', 'subgraph_id': 12176, 'pipe': 'PIPE_MTE2', 'start': 79173, 'end': 79355, 'duration': 182, 'memory_path': 'DDR', 'cache_hit': False, 'cache_tensor_id': 1000011432, 'core_id': 3, 'size_bytes': 4096, 'path': 'DDR', 'nominal_cycles': 69, 'duration_excess': 113, 'original_tensors': [1000011432], 'slack': 51, 'congestion_exposure': 113.0, 'wait_priority': 289.5357870536833, 'task': 3}, {'task_id': 2, 'op_id': 1000015820, 'op': 'COPY_IN', 'subgraph_id': 101, 'pipe': 'PIPE_MTE2', 'start': 1309, 'end': 1471, 'duration': 162, 'memory_path': 'DDR', 'cache_hit': False, 'cache_tensor_id': 1000002901, 'core_id': 2, 'size_bytes': 2048, 'path': 'DDR', 'nominal_cycles': 35, 'duration_excess': 127, 'original_tensors': [1000002901], 'slack': 0, 'congestion_exposure': 127.09761904761906, 'wait_priority': 289.09761904761905, 'task': 2}, {'task_id': 1, 'op_id': 1000017235, 'op': 'COPY_IN', 'subgraph_id': 500, 'pipe': 'PIPE_MTE2', 'start': 4383, 'end': 4543, 'duration': 160, 'memory_path': 'DDR', 'cache_hit': False, 'cache_tensor_id': 1000005750, 'core_id': 1, 'size_bytes': 2048, 'path': 'DDR', 'nominal_cycles': 35, 'duration_excess': 125, 'original_tensors': [1000005750], 'slack': 0, 'congestion_exposure': 125.20000000000002, 'wait_priority': 285.20000000000005, 'task': 1}, {'task_id': 1, 'op_id': 1000016414, 'op': 'COPY_IN', 'subgraph_id': 159, 'pipe': 'PIPE_MTE2', 'start': 1907, 'end': 2065, 'duration': 158, 'memory_path': 'DDR', 'cache_hit': False, 'cache_tensor_id': 1000004292, 'core_id': 1, 'size_bytes': 2048, 'path': 'DDR', 'nominal_cycles': 35, 'duration_excess': 123, 'original_tensors': [1000004292], 'slack': 8, 'congestion_exposure': 123.0, 'wait_priority': 280.17059294487467, 'task': 1}, {'task_id': 3, 'op_id': 1000017851, 'op': 'COPY_IN', 'subgraph_id': 8226, 'pipe': 'PIPE_MTE2', 'start': 52322, 'end': 52529, 'duration': 207, 'memory_path': 'DDR', 'cache_hit': False, 'cache_tensor_id': 1000007165, 'core_id': 3, 'size_bytes': 4096, 'path': 'DDR', 'nominal_cycles': 69, 'duration_excess': 138, 'original_tensors': [1000007165], 'slack': 643, 'congestion_exposure': 138.5, 'wait_priority': 279.0928462322553, 'task': 3}, {'task_id': 0, 'op_id': 1000015040, 'op': 'COPY_IN', 'subgraph_id': 96, 'pipe': 'PIPE_MTE2', 'start': 988, 'end': 1145, 'duration': 157, 'memory_path': 'DDR', 'cache_hit': False, 'cache_tensor_id': 1000001452, 'core_id': 0, 'size_bytes': 2048, 'path': 'DDR', 'nominal_cycles': 35, 'duration_excess': 122, 'original_tensors': [1000001452], 'slack': 8, 'congestion_exposure': 122.22619047619045, 'wait_priority': 278.40201904431603, 'task': 0}, {'task_id': 3, 'op_id': 1000017769, 'op': 'COPY_IN', 'subgraph_id': 162, 'pipe': 'PIPE_MTE2', 'start': 1903, 'end': 2062, 'duration': 159, 'memory_path': 'DDR', 'cache_hit': False, 'cache_tensor_id': 1000007141, 'core_id': 3, 'size_bytes': 2048, 'path': 'DDR', 'nominal_cycles': 35, 'duration_excess': 124, 'original_tensors': [1000007141], 'slack': 75, 'congestion_exposure': 124.0, 'wait_priority': 275.35787813651046, 'task': 3}], 'compile_seconds': 6.1092761929903645, 'limitations': 'Observed durations include dynamic contention; chain/slack and projected residency are ranking diagnostics, not removable-delay certificates.'}",,,,,
case_047_p3_n4,case_047,3,4,core_regression,persistent,2,visit,/home/konglingrui/.mathmodel/questionA/真机启发算法攻坚/A题研究/直接迭代/运行结果/持续联合冲刺_20260926/正式75配置_6并发/configurations/case_047_p3_n4/persistent/attempt_001/evaluations/attempts/20260926T125659-290948c3cfeb4897964fc076dadbc19c/record.json,joint,,0,/home/konglingrui/.mathmodel/questionA/真机启发算法攻坚/A题研究/直接迭代/运行结果/持续联合冲刺_20260926/正式75配置_6并发/configurations/case_047_p3_n4/persistent/attempt_001/evaluations/attempts/20260926T125721-530f2d6a4f904be7995c31bddd6e71d0/record.json,1,0,False,False,False,success,,,,,,,,
case_047_p3_n4,case_047,3,4,core_regression,persistent,3,advance,/home/konglingrui/.mathmodel/questionA/真机启发算法攻坚/A题研究/直接迭代/运行结果/持续联合冲刺_20260926/正式75配置_6并发/configurations/case_047_p3_n4/persistent/attempt_001/evaluations/attempts/20260926T125636-e858ab1af9cb452eb107b8231e9efc41/record.json,insertion,,1,/home/konglingrui/.mathmodel/questionA/真机启发算法攻坚/A题研究/直接迭代/运行结果/持续联合冲刺_20260926/正式75配置_6并发/configurations/case_047_p3_n4/persistent/attempt_001/evaluations/attempts/20260926T125728-f34825efdaff4c7c9157ef0d26063b77/record.json,,1,,,,,False,1,,,,,,
case_047_p3_n4,case_047,3,4,core_regression,persistent,4,visit,/home/konglingrui/.mathmodel/questionA/真机启发算法攻坚/A题研究/直接迭代/运行结果/持续联合冲刺_20260926/正式75配置_6并发/configurations/case_047_p3_n4/persistent/attempt_001/evaluations/attempts/20260926T125636-e858ab1af9cb452eb107b8231e9efc41/record.json,insertion,,1,/home/konglingrui/.mathmodel/questionA/真机启发算法攻坚/A题研究/直接迭代/运行结果/持续联合冲刺_20260926/正式75配置_6并发/configurations/case_047_p3_n4/persistent/attempt_001/evaluations/attempts/20260926T125728-f34825efdaff4c7c9157ef0d26063b77/record.json,1,0,True,False,False,success,,,,,,,,
case_047_p3_n4,case_047,3,4,core_regression,persistent,5,advance,/home/konglingrui/.mathmodel/questionA/真机启发算法攻坚/A题研究/直接迭代/运行结果/持续联合冲刺_20260926/正式75配置_6并发/configurations/case_047_p3_n4/persistent/attempt_001/evaluations/attempts/20260926T125645-52dbb7f105304823aa79cf1cd3fb9d31/record.json,insertion,,2,/home/konglingrui/.mathmodel/questionA/真机启发算法攻坚/A题研究/直接迭代/运行结果/持续联合冲刺_20260926/正式75配置_6并发/configurations/case_047_p3_n4/persistent/attempt_001/evaluations/attempts/20260926T125736-b9919269964c4b0e9e432fd248f585bc/record.json,,1,,,,,False,1,,,,,,
case_047_p3_n4,case_047,3,4,core_regression,persistent,6,visit,/home/konglingrui/.mathmodel/questionA/真机启发算法攻坚/A题研究/直接迭代/运行结果/持续联合冲刺_20260926/正式75配置_6并发/configurations/case_047_p3_n4/persistent/attempt_001/evaluations/attempts/20260926T125645-52dbb7f105304823aa79cf1cd3fb9d31/record.json,insertion,,2,/home/konglingrui/.mathmodel/questionA/真机启发算法攻坚/A题研究/直接迭代/运行结果/持续联合冲刺_20260926/正式75配置_6并发/configurations/case_047_p3_n4/persistent/attempt_001/evaluations/attempts/20260926T125736-b9919269964c4b0e9e432fd248f585bc/record.json,1,0,True,False,False,success,,,,,,,,
case_047_p3_n4,case_047,3,4,core_regression,persistent,7,advance,/home/konglingrui/.mathmodel/questionA/真机启发算法攻坚/A题研究/直接迭代/运行结果/持续联合冲刺_20260926/正式75配置_6并发/configurations/case_047_p3_n4/persistent/attempt_001/evaluations/attempts/20260926T125659-290948c3cfeb4897964fc076dadbc19c/record.json,cache,,0,/home/konglingrui/.mathmodel/questionA/真机启发算法攻坚/A题研究/直接迭代/运行结果/持续联合冲刺_20260926/正式75配置_6并发/configurations/case_047_p3_n4/persistent/attempt_001/evaluations/attempts/20260926T125747-e54bffafa3d4438bb43c8995cd834b34/record.json,,1,,,,,True,2,,,,,,
case_047_p3_n4,case_047,3,4,core_regression,persistent,8,visit,/home/konglingrui/.mathmodel/questionA/真机启发算法攻坚/A题研究/直接迭代/运行结果/持续联合冲刺_20260926/正式75配置_6并发/configurations/case_047_p3_n4/persistent/attempt_001/evaluations/attempts/20260926T125659-290948c3cfeb4897964fc076dadbc19c/record.json,cache,,0,/home/konglingrui/.mathmodel/questionA/真机启发算法攻坚/A题研究/直接迭代/运行结果/持续联合冲刺_20260926/正式75配置_6并发/configurations/case_047_p3_n4/persistent/attempt_001/evaluations/attempts/20260926T125747-e54bffafa3d4438bb43c8995cd834b34/record.json,0,0,True,True,False,success,,,,,,,,
case_047_p3_n4,case_047,3,4,core_regression,persistent,9,observe,/home/konglingrui/.mathmodel/questionA/真机启发算法攻坚/A题研究/直接迭代/运行结果/持续联合冲刺_20260926/正式75配置_6并发/configurations/case_047_p3_n4/persistent/attempt_001/evaluations/attempts/20260926T125728-f34825efdaff4c7c9157ef0d26063b77/record.json,,,,,,1,,,,,,,"{'makespan': 277066, 'official_copy': {'original_graph_copy_bytes': 463942, 'scheduled_copy_bytes': 463942, 'added_copy_bytes': 0, 'partition_added_copy_bytes': 0, 'spill_added_copy_bytes': 0}, 'path_bytes': {'DDR': 463942}, 'nominal_pool_work_cycles': {'DDR': 7979}, 'pool_occupancy': {'DDR': {'busy_cycles': 7979, 'overlap_cycles': 0, 'peak_concurrent': 1}, 'CACHE_READ': {'busy_cycles': 0, 'overlap_cycles': 0, 'peak_concurrent': 0}}, 'projected_live_peak': {'0:L1': 192192, '0:UB': 72676}, 'projected_live_byte_cycles': {'0:L1': 27518149440, '0:UB': 9611821840}, 'memory_dependency_count': 36530, 'critical_chain_ops': 10368, 'critical_chain_memory_edges': 0, 'top_copy_waits': [{'task_id': 0, 'op_id': 1000014282, 'op': 'COPY_IN', 'subgraph_id': 5, 'pipe': 'PIPE_MTE2', 'start': 92, 'end': 127, 'duration': 35, 'memory_path': 'DDR', 'cache_hit': False, 'cache_tensor_id': 1000000023, 'core_id': 0, 'size_bytes': 2048, 'path': 'DDR', 'nominal_cycles': 35, 'duration_excess': 0, 'original_tensors': [1000000023], 'slack': 13, 'congestion_exposure': 0, 'wait_priority': 34.945345214042554, 'task': 0}, {'task_id': 0, 'op_id': 1000014284, 'op': 'COPY_IN', 'subgraph_id': 7, 'pipe': 'PIPE_MTE2', 'start': 145, 'end': 180, 'duration': 35, 'memory_path': 'DDR', 'cache_hit': False, 'cache_tensor_id': 1000000026, 'core_id': 0, 'size_bytes': 2048, 'path': 'DDR', 'nominal_cycles': 35, 'duration_excess': 0, 'original_tensors': [1000000026], 'slack': 369, 'congestion_exposure': 0, 'wait_priority': 33.51226474430307, 'task': 0}, {'task_id': 0, 'op_id': 1000014286, 'op': 'COPY_IN', 'subgraph_id': 21, 'pipe': 'PIPE_MTE2', 'start': 250, 'end': 285, 'duration': 35, 'memory_path': 'DDR', 'cache_hit': False, 'cache_tensor_id': 1000000029, 'core_id': 0, 'size_bytes': 2048, 'path': 'DDR', 'nominal_cycles': 35, 'duration_excess': 0, 'original_tensors': [1000000029], 'slack': 369, 'congestion_exposure': 0, 'wait_priority': 33.51226474430307, 'task': 0}, {'task_id': 0, 'op_id': 1000014308, 'op': 'COPY_IN', 'subgraph_id': 12, 'pipe': 'PIPE_MTE2', 'start': 180, 'end': 215, 'duration': 35, 'memory_path': 'DDR', 'cache_hit': False, 'cache_tensor_id': 1000000052, 'core_id': 0, 'size_bytes': 2048, 'path': 'DDR', 'nominal_cycles': 35, 'duration_excess': 0, 'original_tensors': [1000000052], 'slack': 369, 'congestion_exposure': 0, 'wait_priority': 33.51226474430307, 'task': 0}, {'task_id': 0, 'op_id': 1000014310, 'op': 'COPY_IN', 'subgraph_id': 14, 'pipe': 'PIPE_MTE2', 'start': 215, 'end': 250, 'duration': 35, 'memory_path': 'DDR', 'cache_hit': False, 'cache_tensor_id': 1000000055, 'core_id': 0, 'size_bytes': 2048, 'path': 'DDR', 'nominal_cycles': 35, 'duration_excess': 0, 'original_tensors': [1000000055], 'slack': 369, 'congestion_exposure': 0, 'wait_priority': 33.51226474430307, 'task': 0}, {'task_id': 0, 'op_id': 1000014312, 'op': 'COPY_IN', 'subgraph_id': 29, 'pipe': 'PIPE_MTE2', 'start': 285, 'end': 320, 'duration': 35, 'memory_path': 'DDR', 'cache_hit': False, 'cache_tensor_id': 1000000058, 'core_id': 0, 'size_bytes': 2048, 'path': 'DDR', 'nominal_cycles': 35, 'duration_excess': 0, 'original_tensors': [1000000058], 'slack': 369, 'congestion_exposure': 0, 'wait_priority': 33.51226474430307, 'task': 0}, {'task_id': 0, 'op_id': 1000014334, 'op': 'COPY_IN', 'subgraph_id': 43, 'pipe': 'PIPE_MTE2', 'start': 321, 'end': 356, 'duration': 35, 'memory_path': 'DDR', 'cache_hit': False, 'cache_tensor_id': 1000001446, 'core_id': 0, 'size_bytes': 2048, 'path': 'DDR', 'nominal_cycles': 35, 'duration_excess': 0, 'original_tensors': [1000001446], 'slack': 803, 'congestion_exposure': 0, 'wait_priority': 31.916614188950497, 'task': 0}, {'task_id': 0, 'op_id': 1000014336, 'op': 'COPY_IN', 'subgraph_id': 45, 'pipe': 'PIPE_MTE2', 'start': 356, 'end': 391, 'duration': 35, 'memory_path': 'DDR', 'cache_hit': False, 'cache_tensor_id': 1000001449, 'core_id': 0, 'size_bytes': 2048, 'path': 'DDR', 'nominal_cycles': 35, 'duration_excess': 0, 'original_tensors': [1000001449], 'slack': 803, 'congestion_exposure': 0, 'wait_priority': 31.916614188950497, 'task': 0}, {'task_id': 0, 'op_id': 1000014338, 'op': 'COPY_IN', 'subgraph_id': 52, 'pipe': 'PIPE_MTE2', 'start': 461, 'end': 496, 'duration': 35, 'memory_path': 'DDR', 'cache_hit': False, 'cache_tensor_id': 1000001452, 'core_id': 0, 'size_bytes': 2048, 'path': 'DDR', 'nominal_cycles': 35, 'duration_excess': 0, 'original_tensors': [1000001452], 'slack': 803, 'congestion_exposure': 0, 'wait_priority': 31.916614188950497, 'task': 0}, {'task_id': 0, 'op_id': 1000014360, 'op': 'COPY_IN', 'subgraph_id': 47, 'pipe': 'PIPE_MTE2', 'start': 391, 'end': 426, 'duration': 35, 'memory_path': 'DDR', 'cache_hit': False, 'cache_tensor_id': 1000001475, 'core_id': 0, 'size_bytes': 2048, 'path': 'DDR', 'nominal_cycles': 35, 'duration_excess': 0, 'original_tensors': [1000001475], 'slack': 803, 'congestion_exposure': 0, 'wait_priority': 31.916614188950497, 'task': 0}, {'task_id': 0, 'op_id': 1000014362, 'op': 'COPY_IN', 'subgraph_id': 48, 'pipe': 'PIPE_MTE2', 'start': 426, 'end': 461, 'duration': 35, 'memory_path': 'DDR', 'cache_hit': False, 'cache_tensor_id': 1000001478, 'core_id': 0, 'size_bytes': 2048, 'path': 'DDR', 'nominal_cycles': 35, 'duration_excess': 0, 'original_tensors': [1000001478], 'slack': 803, 'congestion_exposure': 0, 'wait_priority': 31.916614188950497, 'task': 0}, {'task_id': 0, 'op_id': 1000014364, 'op': 'COPY_IN', 'subgraph_id': 61, 'pipe': 'PIPE_MTE2', 'start': 506, 'end': 541, 'duration': 35, 'memory_path': 'DDR', 'cache_hit': False, 'cache_tensor_id': 1000001481, 'core_id': 0, 'size_bytes': 2048, 'path': 'DDR', 'nominal_cycles': 35, 'duration_excess': 0, 'original_tensors': [1000001481], 'slack': 1081, 'congestion_exposure': 0, 'wait_priority': 30.971991849232086, 'task': 0}, {'task_id': 0, 'op_id': 1000014304, 'op': 'COPY_IN', 'subgraph_id': 1236, 'pipe': 'PIPE_MTE2', 'start': 2474, 'end': 2543, 'duration': 69, 'memory_path': 'DDR', 'cache_hit': False, 'cache_tensor_id': 1000000048, 'core_id': 0, 'size_bytes': 4096, 'path': 'DDR', 'nominal_cycles': 69, 'duration_excess': 0, 'original_tensors': [1000000048], 'slack': 20389, 'congestion_exposure': 0, 'wait_priority': 19.98282358302748, 'task': 0}, {'task_id': 0, 'op_id': 1000014260, 'op': 'COPY_IN', 'subgraph_id': 0, 'pipe': 'PIPE_MTE2', 'start': 0, 'end': 18, 'duration': 18, 'memory_path': 'DDR', 'cache_hit': False, 'cache_tensor_id': 1000000001, 'core_id': 0, 'size_bytes': 1024, 'path': 'DDR', 'nominal_cycles': 18, 'duration_excess': 0, 'original_tensors': [1000000001], 'slack': 0, 'congestion_exposure': 0, 'wait_priority': 18.0, 'task': 0}, {'task_id': 0, 'op_id': 1000014262, 'op': 'COPY_IN', 'subgraph_id': 1, 'pipe': 'PIPE_MTE2', 'start': 18, 'end': 36, 'duration': 18, 'memory_path': 'DDR', 'cache_hit': False, 'cache_tensor_id': 1000000003, 'core_id': 0, 'size_bytes': 1024, 'path': 'DDR', 'nominal_cycles': 18, 'duration_excess': 0, 'original_tensors': [1000000003], 'slack': 10, 'congestion_exposure': 0, 'wait_priority': 17.978370532012814, 'task': 0}, {'task_id': 0, 'op_id': 1000014264, 'op': 'COPY_IN', 'subgraph_id': 2, 'pipe': 'PIPE_MTE2', 'start': 36, 'end': 54, 'duration': 18, 'memory_path': 'DDR', 'cache_hit': False, 'cache_tensor_id': 1000000005, 'core_id': 0, 'size_bytes': 1024, 'path': 'DDR', 'nominal_cycles': 18, 'duration_excess': 0, 'original_tensors': [1000000005], 'slack': 13, 'congestion_exposure': 0, 'wait_priority': 17.971891824364743, 'task': 0}, {'task_id': 0, 'op_id': 1000014266, 'op': 'COPY_IN', 'subgraph_id': 3, 'pipe': 'PIPE_MTE2', 'start': 54, 'end': 72, 'duration': 18, 'memory_path': 'DDR', 'cache_hit': False, 'cache_tensor_id': 1000000007, 'core_id': 0, 'size_bytes': 1024, 'path': 'DDR', 'nominal_cycles': 18, 'duration_excess': 0, 'original_tensors': [1000000007], 'slack': 13, 'congestion_exposure': 0, 'wait_priority': 17.971891824364743, 'task': 0}, {'task_id': 0, 'op_id': 1000014268, 'op': 'COPY_IN', 'subgraph_id': 4, 'pipe': 'PIPE_MTE2', 'start': 72, 'end': 90, 'duration': 18, 'memory_path': 'DDR', 'cache_hit': False, 'cache_tensor_id': 1000000009, 'core_id': 0, 'size_bytes': 1024, 'path': 'DDR', 'nominal_cycles': 18, 'duration_excess': 0, 'original_tensors': [1000000009], 'slack': 13, 'congestion_exposure': 0, 'wait_priority': 17.971891824364743, 'task': 0}, {'task_id': 0, 'op_id': 1000014270, 'op': 'COPY_IN', 'subgraph_id': 6, 'pipe': 'PIPE_MTE2', 'start': 127, 'end': 145, 'duration': 18, 'memory_path': 'DDR', 'cache_hit': False, 'cache_tensor_id': 1000000011, 'core_id': 0, 'size_bytes': 1024, 'path': 'DDR', 'nominal_cycles': 18, 'duration_excess': 0, 'original_tensors': [1000000011], 'slack': 13, 'congestion_exposure': 0, 'wait_priority': 17.971891824364743, 'task': 0}, {'task_id': 0, 'op_id': 1000014306, 'op': 'COPY_IN', 'subgraph_id': 1402, 'pipe': 'PIPE_MTE2', 'start': 2579, 'end': 2648, 'duration': 69, 'memory_path': 'DDR', 'cache_hit': False, 'cache_tensor_id': 1000000050, 'core_id': 0, 'size_bytes': 4096, 'path': 'DDR', 'nominal_cycles': 69, 'duration_excess': 0, 'original_tensors': [1000000050], 'slack': 23864, 'congestion_exposure': 0, 'wait_priority': 17.824682262980023, 'task': 0}], 'compile_seconds': 8.636517593986355, 'limitations': 'Observed durations include dynamic contention; chain/slack and projected residency are ranking diagnostics, not removable-delay certificates.'}",,,,,
case_047_p3_n4,case_047,3,4,core_regression,persistent,10,visit,/home/konglingrui/.mathmodel/questionA/真机启发算法攻坚/A题研究/直接迭代/运行结果/持续联合冲刺_20260926/正式75配置_6并发/configurations/case_047_p3_n4/persistent/attempt_001/evaluations/attempts/20260926T125728-f34825efdaff4c7c9157ef0d26063b77/record.json,joint,,1,/home/konglingrui/.mathmodel/questionA/真机启发算法攻坚/A题研究/直接迭代/运行结果/持续联合冲刺_20260926/正式75配置_6并发/configurations/case_047_p3_n4/persistent/attempt_001/evaluations/attempts/20260926T125804-b593b01e1041478ebb840ffb446ea50b/record.json,0,1,False,False,False,success,,,,,,,,
case_047_p3_n4,case_047,3,4,core_regression,persistent,11,observe,/home/konglingrui/.mathmodel/questionA/真机启发算法攻坚/A题研究/直接迭代/运行结果/持续联合冲刺_20260926/正式75配置_6并发/configurations/case_047_p3_n4/persistent/attempt_001/evaluations/attempts/20260926T125736-b9919269964c4b0e9e432fd248f585bc/record.json,,,,,,1,,,,,,,"{'makespan': 121887, 'official_copy': {'original_graph_copy_bytes': 463942, 'scheduled_copy_bytes': 5420248, 'added_copy_bytes': 4956306, 'partition_added_copy_bytes': 4956306, 'spill_added_copy_bytes': 0}, 'path_bytes': {'DDR': 4746022, 'CACHE_READ': 674226}, 'nominal_pool_work_cycles': {'DDR': 85139, 'CACHE_READ': 3641}, 'pool_occupancy': {'DDR': {'busy_cycles': 85139, 'overlap_cycles': 69043, 'peak_concurrent': 8}, 'CACHE_READ': {'busy_cycles': 3641, 'overlap_cycles': 278, 'peak_concurrent': 3}}, 'projected_live_peak': {'0:L1': 11328, '0:UB': 12100, '1:L1': 19008, '1:UB': 18532, '2:L1': 16448, '2:UB': 15044, '3:L1': 16448, '3:UB': 11652}, 'projected_live_byte_cycles': {'0:L1': 291284352, '0:UB': 514306042, '1:L1': 736958144, '1:UB': 734305526, '2:L1': 503601216, '2:UB': 495600342, '3:L1': 505819968, '3:UB': 454686944}, 'memory_dependency_count': 37344, 'critical_chain_ops': 1854, 'critical_chain_memory_edges': 0, 'top_copy_waits': [{'task_id': 3, 'op_id': 1000014322, 'op': 'COPY_IN', 'subgraph_id': 9, 'pipe': 'PIPE_MTE2', 'start': 80, 'end': 220, 'duration': 140, 'memory_path': 'DDR', 'cache_hit': False, 'cache_tensor_id': 1000000026, 'core_id': 3, 'size_bytes': 2048, 'path': 'DDR', 'nominal_cycles': 35, 'duration_excess': 105, 'original_tensors': [1000000026], 'slack': 0, 'congestion_exposure': 104.83333333333333, 'wait_priority': 244.83333333333331, 'task': 3}, {'task_id': 2, 'op_id': 1000018176, 'op': 'COPY_IN', 'subgraph_id': 95, 'pipe': 'PIPE_MTE2', 'start': 1266, 'end': 1405, 'duration': 139, 'memory_path': 'DDR', 'cache_hit': False, 'cache_tensor_id': 1000002872, 'core_id': 2, 'size_bytes': 2048, 'path': 'DDR', 'nominal_cycles': 35, 'duration_excess': 104, 'original_tensors': [1000002872], 'slack': 0, 'congestion_exposure': 104.43333333333334, 'wait_priority': 243.43333333333334, 'task': 2}, {'task_id': 0, 'op_id': 1000014383, 'op': 'COPY_IN', 'subgraph_id': 1396, 'pipe': 'PIPE_MTE2', 'start': 12505, 'end': 12663, 'duration': 158, 'memory_path': 'DDR', 'cache_hit': False, 'cache_tensor_id': 1000000048, 'core_id': 0, 'size_bytes': 4096, 'path': 'DDR', 'nominal_cycles': 69, 'duration_excess': 89, 'original_tensors': [1000000048], 'slack': 264, 'congestion_exposure': 89.5, 'wait_priority': 230.8342260515583, 'task': 0}, {'task_id': 3, 'op_id': 1000014387, 'op': 'COPY_IN', 'subgraph_id': 1402, 'pipe': 'PIPE_MTE2', 'start': 12497, 'end': 12659, 'duration': 162, 'memory_path': 'DDR', 'cache_hit': False, 'cache_tensor_id': 1000000048, 'core_id': 3, 'size_bytes': 4096, 'path': 'DDR', 'nominal_cycles': 69, 'duration_excess': 93, 'original_tensors': [1000000048], 'slack': 400, 'congestion_exposure': 93.16666666666666, 'wait_priority': 230.0060851301949, 'task': 3}, {'task_id': 2, 'op_id': 1000018255, 'op': 'COPY_IN', 'subgraph_id': 195, 'pipe': 'PIPE_MTE2', 'start': 1947, 'end': 2096, 'duration': 149, 'memory_path': 'DDR', 'cache_hit': False, 'cache_tensor_id': 1000002901, 'core_id': 2, 'size_bytes': 2048, 'path': 'DDR', 'nominal_cycles': 35, 'duration_excess': 114, 'original_tensors': [1000002901], 'slack': 633, 'congestion_exposure': 114.35000000000001, 'wait_priority': 224.4885300761608, 'task': 2}, {'task_id': 2, 'op_id': 1000014320, 'op': 'COPY_IN', 'subgraph_id': 8, 'pipe': 'PIPE_MTE2', 'start': 80, 'end': 220, 'duration': 140, 'memory_path': 'DDR', 'cache_hit': False, 'cache_tensor_id': 1000000023, 'core_id': 2, 'size_bytes': 2048, 'path': 'DDR', 'nominal_cycles': 35, 'duration_excess': 105, 'original_tensors': [1000000023], 'slack': 349, 'congestion_exposure': 104.83333333333333, 'wait_priority': 223.50154283617226, 'task': 2}, {'task_id': 0, 'op_id': 1000014446, 'op': 'COPY_IN', 'subgraph_id': 331, 'pipe': 'PIPE_MTE2', 'start': 2974, 'end': 3095, 'duration': 121, 'memory_path': 'DDR', 'cache_hit': False, 'cache_tensor_id': 1000000119, 'core_id': 0, 'size_bytes': 1024, 'path': 'DDR', 'nominal_cycles': 18, 'duration_excess': 103, 'original_tensors': [1000000119], 'slack': 33, 'congestion_exposure': 102.99999999999999, 'wait_priority': 221.9965362192752, 'task': 0}, {'task_id': 3, 'op_id': 1000014395, 'op': 'COPY_IN', 'subgraph_id': 14, 'pipe': 'PIPE_MTE2', 'start': 220, 'end': 347, 'duration': 127, 'memory_path': 'DDR', 'cache_hit': False, 'cache_tensor_id': 1000000052, 'core_id': 3, 'size_bytes': 2048, 'path': 'DDR', 'nominal_cycles': 35, 'duration_excess': 92, 'original_tensors': [1000000052], 'slack': 0, 'congestion_exposure': 91.91666666666666, 'wait_priority': 218.91666666666666, 'task': 3}, {'task_id': 0, 'op_id': 1000027610, 'op': 'COPY_IN', 'subgraph_id': 10989, 'pipe': 'PIPE_MTE2', 'start': 97183, 'end': 97350, 'duration': 167, 'memory_path': 'DDR', 'cache_hit': False, 'cache_tensor_id': 1000010040, 'core_id': 0, 'size_bytes': 4096, 'path': 'DDR', 'nominal_cycles': 69, 'duration_excess': 98, 'original_tensors': [1000010040], 'slack': 791, 'congestion_exposure': 98.33333333333333, 'wait_priority': 218.14424376238023, 'task': 0}, {'task_id': 0, 'op_id': 1000014402, 'op': 'COPY_IN', 'subgraph_id': 45, 'pipe': 'PIPE_MTE2', 'start': 149, 'end': 293, 'duration': 144, 'memory_path': 'DDR', 'cache_hit': False, 'cache_tensor_id': 1000000058, 'core_id': 0, 'size_bytes': 2048, 'path': 'DDR', 'nominal_cycles': 35, 'duration_excess': 109, 'original_tensors': [1000000058], 'slack': 706, 'congestion_exposure': 109.16666666666666, 'wait_priority': 212.19677326187764, 'task': 0}, {'task_id': 0, 'op_id': 1000020132, 'op': 'COPY_IN', 'subgraph_id': 5574, 'pipe': 'PIPE_MTE2', 'start': 49361, 'end': 49520, 'duration': 159, 'memory_path': 'DDR', 'cache_hit': False, 'cache_tensor_id': 1000004346, 'core_id': 0, 'size_bytes': 4096, 'path': 'DDR', 'nominal_cycles': 69, 'duration_excess': 90, 'original_tensors': [1000004346], 'slack': 664, 'congestion_exposure': 89.83333333333333, 'wait_priority': 210.59212819486135, 'task': 0}, {'task_id': 1, 'op_id': 1000014333, 'op': 'COPY_IN', 'subgraph_id': 32, 'pipe': 'PIPE_MTE2', 'start': 145, 'end': 290, 'duration': 145, 'memory_path': 'DDR', 'cache_hit': False, 'cache_tensor_id': 1000000029, 'core_id': 1, 'size_bytes': 2048, 'path': 'DDR', 'nominal_cycles': 35, 'duration_excess': 110, 'original_tensors': [1000000029], 'slack': 822, 'congestion_exposure': 110.08333333333333, 'wait_priority': 208.26557067929556, 'task': 1}, {'task_id': 0, 'op_id': 1000029479, 'op': 'COPY_IN', 'subgraph_id': 12340, 'pipe': 'PIPE_MTE2', 'start': 109133, 'end': 109292, 'duration': 159, 'memory_path': 'DDR', 'cache_hit': False, 'cache_tensor_id': 1000011463, 'core_id': 0, 'size_bytes': 4096, 'path': 'DDR', 'nominal_cycles': 69, 'duration_excess': 90, 'original_tensors': [1000011463], 'slack': 793, 'congestion_exposure': 90.5, 'wait_priority': 205.03464236191485, 'task': 0}, {'task_id': 2, 'op_id': 1000025710, 'op': 'COPY_IN', 'subgraph_id': 9631, 'pipe': 'PIPE_MTE2', 'start': 83953, 'end': 84123, 'duration': 170, 'memory_path': 'DDR', 'cache_hit': False, 'cache_tensor_id': 1000008588, 'core_id': 2, 'size_bytes': 4096, 'path': 'DDR', 'nominal_cycles': 69, 'duration_excess': 101, 'original_tensors': [1000008588], 'slack': 1188, 'congestion_exposure': 101.16666666666667, 'wait_priority': 204.67091159040666, 'task': 2}, {'task_id': 3, 'op_id': 1000023843, 'op': 'COPY_IN', 'subgraph_id': 8280, 'pipe': 'PIPE_MTE2', 'start': 72040, 'end': 72208, 'duration': 168, 'memory_path': 'DDR', 'cache_hit': False, 'cache_tensor_id': 1000007165, 'core_id': 3, 'size_bytes': 4096, 'path': 'DDR', 'nominal_cycles': 69, 'duration_excess': 99, 'original_tensors': [1000007165], 'slack': 1187, 'congestion_exposure': 99.33333333333333, 'wait_priority': 201.81925051769238, 'task': 3}, {'task_id': 0, 'op_id': 1000016369, 'op': 'COPY_IN', 'subgraph_id': 1739, 'pipe': 'PIPE_MTE2', 'start': 16284, 'end': 16401, 'duration': 117, 'memory_path': 'DDR', 'cache_hit': False, 'cache_tensor_id': 1000001512, 'core_id': 0, 'size_bytes': 1024, 'path': 'DDR', 'nominal_cycles': 18, 'duration_excess': 99, 'original_tensors': [1000001512], 'slack': 274, 'congestion_exposure': 99.09523809523809, 'wait_priority': 201.03139425469035, 'task': 0}, {'task_id': 3, 'op_id': 1000014408, 'op': 'COPY_IN', 'subgraph_id': 161, 'pipe': 'PIPE_MTE2', 'start': 1786, 'end': 1904, 'duration': 118, 'memory_path': 'DDR', 'cache_hit': False, 'cache_tensor_id': 1000000065, 'core_id': 3, 'size_bytes': 1024, 'path': 'DDR', 'nominal_cycles': 18, 'duration_excess': 100, 'original_tensors': [1000000065], 'slack': 321, 'congestion_exposure': 100.16190476190475, 'wait_priority': 200.5558620808547, 'task': 3}, {'task_id': 0, 'op_id': 1000020134, 'op': 'COPY_IN', 'subgraph_id': 5585, 'pipe': 'PIPE_MTE2', 'start': 49520, 'end': 49676, 'duration': 156, 'memory_path': 'DDR', 'cache_hit': False, 'cache_tensor_id': 1000004348, 'core_id': 0, 'size_bytes': 4096, 'path': 'DDR', 'nominal_cycles': 69, 'duration_excess': 87, 'original_tensors': [1000004348], 'slack': 784, 'congestion_exposure': 87.0, 'wait_priority': 200.09778611497072, 'task': 0}, {'task_id': 3, 'op_id': 1000031319, 'op': 'COPY_IN', 'subgraph_id': 13684, 'pipe': 'PIPE_MTE2', 'start': 119760, 'end': 119923, 'duration': 163, 'memory_path': 'DDR', 'cache_hit': False, 'cache_tensor_id': 1000012857, 'core_id': 3, 'size_bytes': 4096, 'path': 'DDR', 'nominal_cycles': 69, 'duration_excess': 94, 'original_tensors': [1000012857], 'slack': 1074, 'congestion_exposure': 94.25, 'wait_priority': 198.84600981691577, 'task': 3}, {'task_id': 3, 'op_id': 1000014397, 'op': 'COPY_IN', 'subgraph_id': 19, 'pipe': 'PIPE_MTE2', 'start': 347, 'end': 462, 'duration': 115, 'memory_path': 'DDR', 'cache_hit': False, 'cache_tensor_id': 1000000055, 'core_id': 3, 'size_bytes': 2048, 'path': 'DDR', 'nominal_cycles': 35, 'duration_excess': 80, 'original_tensors': [1000000055], 'slack': 0, 'congestion_exposure': 80.0, 'wait_priority': 195.0, 'task': 3}], 'compile_seconds': 10.42638964598882, 'limitations': 'Observed durations include dynamic contention; chain/slack and projected residency are ranking diagnostics, not removable-delay certificates.'}",,,,,
case_047_p3_n4,case_047,3,4,core_regression,persistent,12,visit,/home/konglingrui/.mathmodel/questionA/真机启发算法攻坚/A题研究/直接迭代/运行结果/持续联合冲刺_20260926/正式75配置_6并发/configurations/case_047_p3_n4/persistent/attempt_001/evaluations/attempts/20260926T125736-b9919269964c4b0e9e432fd248f585bc/record.json,joint,,2,/home/konglingrui/.mathmodel/questionA/真机启发算法攻坚/A题研究/直接迭代/运行结果/持续联合冲刺_20260926/正式75配置_6并发/configurations/case_047_p3_n4/persistent/attempt_001/evaluations/attempts/20260926T125824-65cf05dab4b1401391a5c1eef3a739f9/record.json,0,1,False,False,False,success,,,,,,,,
case_047_p3_n4,case_047,3,4,core_regression,persistent,13,visit,/home/konglingrui/.mathmodel/questionA/真机启发算法攻坚/A题研究/直接迭代/运行结果/持续联合冲刺_20260926/正式75配置_6并发/configurations/case_047_p3_n4/persistent/attempt_001/evaluations/attempts/20260926T125659-290948c3cfeb4897964fc076dadbc19c/record.json,trace,,0,/home/konglingrui/.mathmodel/questionA/真机启发算法攻坚/A题研究/直接迭代/运行结果/持续联合冲刺_20260926/正式75配置_6并发/configurations/case_047_p3_n4/persistent/attempt_001/evaluations/attempts/20260926T125835-14c13a6d78eb4ea0843ebe0aab50a879/record.json,0,0,False,False,True,success,,,,,,,,
case_047_p3_n4,case_047,3,4,core_regression,persistent,14,observe,/home/konglingrui/.mathmodel/questionA/真机启发算法攻坚/A题研究/直接迭代/运行结果/持续联合冲刺_20260926/正式75配置_6并发/configurations/case_047_p3_n4/persistent/attempt_001/evaluations/attempts/20260926T125636-e858ab1af9cb452eb107b8231e9efc41/record.json,,,,,,0,,,,,,,"{'makespan': 326508, 'official_copy': {'original_graph_copy_bytes': 463942, 'scheduled_copy_bytes': 463942, 'added_copy_bytes': 0, 'partition_added_copy_bytes': 0, 'spill_added_copy_bytes': 0}, 'path_bytes': {'DDR': 463942}, 'nominal_pool_work_cycles': {'DDR': 7979}, 'pool_occupancy': {'DDR': {'busy_cycles': 7979, 'overlap_cycles': 0, 'peak_concurrent': 1}, 'CACHE_READ': {'busy_cycles': 0, 'overlap_cycles': 0, 'peak_concurrent': 0}}, 'projected_live_peak': {'0:L1': 172800, '0:UB': 19846}, 'projected_live_byte_cycles': {'0:L1': 41712125440, '0:UB': 4852422326}, 'memory_dependency_count': 35646, 'critical_chain_ops': 11135, 'critical_chain_memory_edges': 0, 'top_copy_waits': [{'task_id': 0, 'op_id': 1000014304, 'op': 'COPY_IN', 'subgraph_id': 0, 'pipe': 'PIPE_MTE2', 'start': 513, 'end': 582, 'duration': 69, 'memory_path': 'DDR', 'cache_hit': False, 'cache_tensor_id': 1000000048, 'core_id': 0, 'size_bytes': 4096, 'path': 'DDR', 'nominal_cycles': 69, 'duration_excess': 0, 'original_tensors': [1000000048], 'slack': 6091, 'congestion_exposure': 0, 'wait_priority': 42.5444636364552, 'task': 0}, {'task_id': 0, 'op_id': 1000014306, 'op': 'COPY_IN', 'subgraph_id': 0, 'pipe': 'PIPE_MTE2', 'start': 582, 'end': 651, 'duration': 69, 'memory_path': 'DDR', 'cache_hit': False, 'cache_tensor_id': 1000000050, 'core_id': 0, 'size_bytes': 4096, 'path': 'DDR', 'nominal_cycles': 69, 'duration_excess': 0, 'original_tensors': [1000000050], 'slack': 6538, 'congestion_exposure': 0, 'wait_priority': 41.38012788644507, 'task': 0}, {'task_id': 0, 'op_id': 1000014282, 'op': 'COPY_IN', 'subgraph_id': 0, 'pipe': 'PIPE_MTE2', 'start': 21, 'end': 56, 'duration': 35, 'memory_path': 'DDR', 'cache_hit': False, 'cache_tensor_id': 1000000023, 'core_id': 0, 'size_bytes': 2048, 'path': 'DDR', 'nominal_cycles': 35, 'duration_excess': 0, 'original_tensors': [1000000023], 'slack': 157, 'congestion_exposure': 0, 'wait_priority': 34.44786299365771, 'task': 0}, {'task_id': 0, 'op_id': 1000014284, 'op': 'COPY_IN', 'subgraph_id': 0, 'pipe': 'PIPE_MTE2', 'start': 57, 'end': 92, 'duration': 35, 'memory_path': 'DDR', 'cache_hit': False, 'cache_tensor_id': 1000000026, 'core_id': 0, 'size_bytes': 2048, 'path': 'DDR', 'nominal_cycles': 35, 'duration_excess': 0, 'original_tensors': [1000000026], 'slack': 162, 'congestion_exposure': 0, 'wait_priority': 34.430565096352005, 'task': 0}, {'task_id': 0, 'op_id': 1000014308, 'op': 'COPY_IN', 'subgraph_id': 0, 'pipe': 'PIPE_MTE2', 'start': 228, 'end': 263, 'duration': 35, 'memory_path': 'DDR', 'cache_hit': False, 'cache_tensor_id': 1000000052, 'core_id': 0, 'size_bytes': 2048, 'path': 'DDR', 'nominal_cycles': 35, 'duration_excess': 0, 'original_tensors': [1000000052], 'slack': 2923, 'congestion_exposure': 0, 'wait_priority': 26.95604108744606, 'task': 0}, {'task_id': 0, 'op_id': 1000014310, 'op': 'COPY_IN', 'subgraph_id': 0, 'pipe': 'PIPE_MTE2', 'start': 263, 'end': 298, 'duration': 35, 'memory_path': 'DDR', 'cache_hit': False, 'cache_tensor_id': 1000000055, 'core_id': 0, 'size_bytes': 2048, 'path': 'DDR', 'nominal_cycles': 35, 'duration_excess': 0, 'original_tensors': [1000000055], 'slack': 2923, 'congestion_exposure': 0, 'wait_priority': 26.95604108744606, 'task': 0}, {'task_id': 0, 'op_id': 1000014286, 'op': 'COPY_IN', 'subgraph_id': 0, 'pipe': 'PIPE_MTE2', 'start': 478, 'end': 513, 'duration': 35, 'memory_path': 'DDR', 'cache_hit': False, 'cache_tensor_id': 1000000029, 'core_id': 0, 'size_bytes': 2048, 'path': 'DDR', 'nominal_cycles': 35, 'duration_excess': 0, 'original_tensors': [1000000029], 'slack': 5851, 'congestion_exposure': 0, 'wait_priority': 21.91155191279183, 'task': 0}, {'task_id': 0, 'op_id': 1000014334, 'op': 'COPY_IN', 'subgraph_id': 0, 'pipe': 'PIPE_MTE2', 'start': 651, 'end': 686, 'duration': 35, 'memory_path': 'DDR', 'cache_hit': False, 'cache_tensor_id': 1000001446, 'core_id': 0, 'size_bytes': 2048, 'path': 'DDR', 'nominal_cycles': 35, 'duration_excess': 0, 'original_tensors': [1000001446], 'slack': 7022, 'congestion_exposure': 0, 'wait_priority': 20.385830255142935, 'task': 0}, {'task_id': 0, 'op_id': 1000014336, 'op': 'COPY_IN', 'subgraph_id': 0, 'pipe': 'PIPE_MTE2', 'start': 686, 'end': 721, 'duration': 35, 'memory_path': 'DDR', 'cache_hit': False, 'cache_tensor_id': 1000001449, 'core_id': 0, 'size_bytes': 2048, 'path': 'DDR', 'nominal_cycles': 35, 'duration_excess': 0, 'original_tensors': [1000001449], 'slack': 7028, 'congestion_exposure': 0, 'wait_priority': 20.378559659138194, 'task': 0}, {'task_id': 0, 'op_id': 1000014260, 'op': 'COPY_IN', 'subgraph_id': 0, 'pipe': 'PIPE_MTE2', 'start': 0, 'end': 18, 'duration': 18, 'memory_path': 'DDR', 'cache_hit': False, 'cache_tensor_id': 1000000001, 'core_id': 0, 'size_bytes': 1024, 'path': 'DDR', 'nominal_cycles': 18, 'duration_excess': 0, 'original_tensors': [1000000001], 'slack': 0, 'congestion_exposure': 0, 'wait_priority': 18.0, 'task': 0}, {'task_id': 0, 'op_id': 1000014288, 'op': 'COPY_IN', 'subgraph_id': 0, 'pipe': 'PIPE_MTE2', 'start': 92, 'end': 110, 'duration': 18, 'memory_path': 'DDR', 'cache_hit': False, 'cache_tensor_id': 1000000032, 'core_id': 0, 'size_bytes': 1024, 'path': 'DDR', 'nominal_cycles': 18, 'duration_excess': 0, 'original_tensors': [1000000032], 'slack': 192, 'congestion_exposure': 0, 'wait_priority': 17.653958450983456, 'task': 0}, {'task_id': 0, 'op_id': 1000014290, 'op': 'COPY_IN', 'subgraph_id': 0, 'pipe': 'PIPE_MTE2', 'start': 110, 'end': 128, 'duration': 18, 'memory_path': 'DDR', 'cache_hit': False, 'cache_tensor_id': 1000000034, 'core_id': 0, 'size_bytes': 1024, 'path': 'DDR', 'nominal_cycles': 18, 'duration_excess': 0, 'original_tensors': [1000000034], 'slack': 250, 'congestion_exposure': 0, 'wait_priority': 17.55202663151901, 'task': 0}, {'task_id': 0, 'op_id': 1000014262, 'op': 'COPY_IN', 'subgraph_id': 0, 'pipe': 'PIPE_MTE2', 'start': 129, 'end': 147, 'duration': 18, 'memory_path': 'DDR', 'cache_hit': False, 'cache_tensor_id': 1000000003, 'core_id': 0, 'size_bytes': 1024, 'path': 'DDR', 'nominal_cycles': 18, 'duration_excess': 0, 'original_tensors': [1000000003], 'slack': 415, 'congestion_exposure': 0, 'wait_priority': 17.268381546369135, 'task': 0}, {'task_id': 0, 'op_id': 1000014264, 'op': 'COPY_IN', 'subgraph_id': 0, 'pipe': 'PIPE_MTE2', 'start': 147, 'end': 165, 'duration': 18, 'memory_path': 'DDR', 'cache_hit': False, 'cache_tensor_id': 1000000005, 'core_id': 0, 'size_bytes': 1024, 'path': 'DDR', 'nominal_cycles': 18, 'duration_excess': 0, 'original_tensors': [1000000005], 'slack': 904, 'congestion_exposure': 0, 'wait_priority': 16.47914431305401, 'task': 0}, {'task_id': 0, 'op_id': 1000014266, 'op': 'COPY_IN', 'subgraph_id': 0, 'pipe': 'PIPE_MTE2', 'start': 165, 'end': 183, 'duration': 18, 'memory_path': 'DDR', 'cache_hit': False, 'cache_tensor_id': 1000000007, 'core_id': 0, 'size_bytes': 1024, 'path': 'DDR', 'nominal_cycles': 18, 'duration_excess': 0, 'original_tensors': [1000000007], 'slack': 1354, 'congestion_exposure': 0, 'wait_priority': 15.81402140414952, 'task': 0}, {'task_id': 0, 'op_id': 1000014330, 'op': 'COPY_IN', 'subgraph_id': 0, 'pipe': 'PIPE_MTE2', 'start': 864, 'end': 933, 'duration': 69, 'memory_path': 'DDR', 'cache_hit': False, 'cache_tensor_id': 1000000077, 'core_id': 0, 'size_bytes': 4096, 'path': 'DDR', 'nominal_cycles': 69, 'duration_excess': 0, 'original_tensors': [1000000077], 'slack': 34302, 'congestion_exposure': 0, 'wait_priority': 15.326844945397943, 'task': 0}, {'task_id': 0, 'op_id': 1000014332, 'op': 'COPY_IN', 'subgraph_id': 0, 'pipe': 'PIPE_MTE2', 'start': 933, 'end': 1002, 'duration': 69, 'memory_path': 'DDR', 'cache_hit': False, 'cache_tensor_id': 1000000079, 'core_id': 0, 'size_bytes': 4096, 'path': 'DDR', 'nominal_cycles': 69, 'duration_excess': 0, 'original_tensors': [1000000079], 'slack': 34509, 'congestion_exposure': 0, 'wait_priority': 15.255234262002915, 'task': 0}, {'task_id': 0, 'op_id': 1000014268, 'op': 'COPY_IN', 'subgraph_id': 0, 'pipe': 'PIPE_MTE2', 'start': 183, 'end': 201, 'duration': 18, 'memory_path': 'DDR', 'cache_hit': False, 'cache_tensor_id': 1000000009, 'core_id': 0, 'size_bytes': 1024, 'path': 'DDR', 'nominal_cycles': 18, 'duration_excess': 0, 'original_tensors': [1000000009], 'slack': 1882, 'congestion_exposure': 0, 'wait_priority': 15.098972017360268, 'task': 0}, {'task_id': 0, 'op_id': 1000014270, 'op': 'COPY_IN', 'subgraph_id': 0, 'pipe': 'PIPE_MTE2', 'start': 201, 'end': 219, 'duration': 18, 'memory_path': 'DDR', 'cache_hit': False, 'cache_tensor_id': 1000000011, 'core_id': 0, 'size_bytes': 1024, 'path': 'DDR', 'nominal_cycles': 18, 'duration_excess': 0, 'original_tensors': [1000000011], 'slack': 2332, 'congestion_exposure': 0, 'wait_priority': 14.538701303841599, 'task': 0}, {'task_id': 0, 'op_id': 1000014356, 'op': 'COPY_IN', 'subgraph_id': 0, 'pipe': 'PIPE_MTE2', 'start': 1287, 'end': 1356, 'duration': 69, 'memory_path': 'DDR', 'cache_hit': False, 'cache_tensor_id': 1000001471, 'core_id': 0, 'size_bytes': 4096, 'path': 'DDR', 'nominal_cycles': 69, 'duration_excess': 0, 'original_tensors': [1000001471], 'slack': 37950, 'congestion_exposure': 0, 'wait_priority': 14.155789351985662, 'task': 0}], 'compile_seconds': 9.566800099011743, 'limitations': 'Observed durations include dynamic contention; chain/slack and projected residency are ranking diagnostics, not removable-delay certificates.'}",,,,,
case_047_p3_n4,case_047,3,4,core_regression,persistent,15,visit,/home/konglingrui/.mathmodel/questionA/真机启发算法攻坚/A题研究/直接迭代/运行结果/持续联合冲刺_20260926/正式75配置_6并发/configurations/case_047_p3_n4/persistent/attempt_001/evaluations/attempts/20260926T125636-e858ab1af9cb452eb107b8231e9efc41/record.json,joint,,1,/home/konglingrui/.mathmodel/questionA/真机启发算法攻坚/A题研究/直接迭代/运行结果/持续联合冲刺_20260926/正式75配置_6并发/configurations/case_047_p3_n4/persistent/attempt_001/evaluations/attempts/20260926T125852-31235b57eeba416fb957b7eb928b6bdd/record.json,0,0,False,False,True,success,,,,,,,,
case_047_p3_n4,case_047,3,4,core_regression,persistent,16,advance,/home/konglingrui/.mathmodel/questionA/真机启发算法攻坚/A题研究/直接迭代/运行结果/持续联合冲刺_20260926/正式75配置_6并发/configurations/case_047_p3_n4/persistent/attempt_001/evaluations/attempts/20260926T125654-1cb79d6423194b2c9357e3640d7824cf/record.json,insertion,,3,/home/konglingrui/.mathmodel/questionA/真机启发算法攻坚/A题研究/直接迭代/运行结果/持续联合冲刺_20260926/正式75配置_6并发/configurations/case_047_p3_n4/persistent/attempt_001/evaluations/attempts/20260926T125902-c2994b9d77b24ca1871256bffd6f5c03/record.json,,1,,,,,False,1,,,,,,
case_047_p3_n4,case_047,3,4,core_regression,persistent,17,visit,/home/konglingrui/.mathmodel/questionA/真机启发算法攻坚/A题研究/直接迭代/运行结果/持续联合冲刺_20260926/正式75配置_6并发/configurations/case_047_p3_n4/persistent/attempt_001/evaluations/attempts/20260926T125654-1cb79d6423194b2c9357e3640d7824cf/record.json,insertion,,3,/home/konglingrui/.mathmodel/questionA/真机启发算法攻坚/A题研究/直接迭代/运行结果/持续联合冲刺_20260926/正式75配置_6并发/configurations/case_047_p3_n4/persistent/attempt_001/evaluations/attempts/20260926T125902-c2994b9d77b24ca1871256bffd6f5c03/record.json,1,0,True,False,False,success,,,,,,,,
case_047_p3_n4,case_047,3,4,core_regression,persistent,18,observe,/home/konglingrui/.mathmodel/questionA/真机启发算法攻坚/A题研究/直接迭代/运行结果/持续联合冲刺_20260926/正式75配置_6并发/configurations/case_047_p3_n4/persistent/attempt_001/evaluations/attempts/20260926T125902-c2994b9d77b24ca1871256bffd6f5c03/record.json,,,,,,1,,,,,,,"{'makespan': 91120, 'official_copy': {'original_graph_copy_bytes': 463942, 'scheduled_copy_bytes': 2615768, 'added_copy_bytes': 2151826, 'partition_added_copy_bytes': 2151826, 'spill_added_copy_bytes': 0}, 'path_bytes': {'CACHE_READ': 715664, 'DDR': 1900104}, 'nominal_pool_work_cycles': {'CACHE_READ': 3652, 'DDR': 33841}, 'pool_occupancy': {'DDR': {'busy_cycles': 33841, 'overlap_cycles': 15038, 'peak_concurrent': 8}, 'CACHE_READ': {'busy_cycles': 3652, 'overlap_cycles': 142, 'peak_concurrent': 2}}, 'projected_live_peak': {'0:L1': 21440, '0:UB': 22692, '1:L1': 16128, '1:UB': 18052, '2:L1': 14080, '2:UB': 11764, '3:L1': 15680, '3:UB': 17732}, 'projected_live_byte_cycles': {'0:L1': 586477504, '0:UB': 765256978, '1:L1': 529653824, '1:UB': 581283500, '2:L1': 473883968, '2:UB': 436416390, '3:L1': 525744192, '3:UB': 571439894}, 'memory_dependency_count': 29457, 'critical_chain_ops': 2226, 'critical_chain_memory_edges': 0, 'top_copy_waits': [{'task_id': 3, 'op_id': 1000016424, 'op': 'COPY_IN', 'subgraph_id': 163, 'pipe': 'PIPE_MTE2', 'start': 1734, 'end': 1983, 'duration': 249, 'memory_path': 'DDR', 'cache_hit': False, 'cache_tensor_id': 1000004292, 'core_id': 3, 'size_bytes': 2048, 'path': 'DDR', 'nominal_cycles': 35, 'duration_excess': 214, 'original_tensors': [1000004292], 'slack': 160, 'congestion_exposure': 214.05357142857144, 'wait_priority': 437.44928215964296, 'task': 3}, {'task_id': 1, 'op_id': 1000015826, 'op': 'COPY_IN', 'subgraph_id': 140, 'pipe': 'PIPE_MTE2', 'start': 1659, 'end': 1883, 'duration': 224, 'memory_path': 'DDR', 'cache_hit': False, 'cache_tensor_id': 1000002904, 'core_id': 1, 'size_bytes': 2048, 'path': 'DDR', 'nominal_cycles': 35, 'duration_excess': 189, 'original_tensors': [1000002904], 'slack': 409, 'congestion_exposure': 189.17738095238096, 'wait_priority': 359.40357938376775, 'task': 1}, {'task_id': 2, 'op_id': 1000016522, 'op': 'COPY_IN', 'subgraph_id': 171, 'pipe': 'PIPE_MTE2', 'start': 1883, 'end': 2083, 'duration': 200, 'memory_path': 'DDR', 'cache_hit': False, 'cache_tensor_id': 1000004324, 'core_id': 2, 'size_bytes': 2048, 'path': 'DDR', 'nominal_cycles': 35, 'duration_excess': 165, 'original_tensors': [1000004324], 'slack': 215, 'congestion_exposure': 165.05714285714282, 'wait_priority': 338.4386507882675, 'task': 2}, {'task_id': 1, 'op_id': 1000015748, 'op': 'COPY_IN', 'subgraph_id': 107, 'pipe': 'PIPE_MTE2', 'start': 1418, 'end': 1599, 'duration': 181, 'memory_path': 'DDR', 'cache_hit': False, 'cache_tensor_id': 1000002875, 'core_id': 1, 'size_bytes': 2048, 'path': 'DDR', 'nominal_cycles': 35, 'duration_excess': 146, 'original_tensors': [1000002875], 'slack': 0, 'congestion_exposure': 146.08333333333331, 'wait_priority': 327.0833333333333, 'task': 1}, {'task_id': 1, 'op_id': 1000017133, 'op': 'COPY_IN', 'subgraph_id': 219, 'pipe': 'PIPE_MTE2', 'start': 2404, 'end': 2591, 'duration': 187, 'memory_path': 'DDR', 'cache_hit': False, 'cache_tensor_id': 1000005718, 'core_id': 1, 'size_bytes': 2048, 'path': 'DDR', 'nominal_cycles': 35, 'duration_excess': 152, 'original_tensors': [1000005718], 'slack': 309, 'congestion_exposure': 152.32261904761904, 'wait_priority': 304.86173385544316, 'task': 1}, {'task_id': 1, 'op_id': 1000017122, 'op': 'COPY_IN', 'subgraph_id': 212, 'pipe': 'PIPE_MTE2', 'start': 2233, 'end': 2404, 'duration': 171, 'memory_path': 'DDR', 'cache_hit': False, 'cache_tensor_id': 1000005715, 'core_id': 1, 'size_bytes': 2048, 'path': 'DDR', 'nominal_cycles': 35, 'duration_excess': 136, 'original_tensors': [1000005715], 'slack': 309, 'congestion_exposure': 136.20238095238093, 'wait_priority': 276.0035589862054, 'task': 1}, {'task_id': 0, 'op_id': 1000014318, 'op': 'COPY_IN', 'subgraph_id': 9, 'pipe': 'PIPE_MTE2', 'start': 146, 'end': 292, 'duration': 146, 'memory_path': 'DDR', 'cache_hit': False, 'cache_tensor_id': 1000000023, 'core_id': 0, 'size_bytes': 2048, 'path': 'DDR', 'nominal_cycles': 35, 'duration_excess': 111, 'original_tensors': [1000000023], 'slack': 0, 'congestion_exposure': 111.0, 'wait_priority': 257.0, 'task': 0}, {'task_id': 2, 'op_id': 1000017220, 'op': 'COPY_IN', 'subgraph_id': 176, 'pipe': 'PIPE_MTE2', 'start': 2083, 'end': 2237, 'duration': 154, 'memory_path': 'DDR', 'cache_hit': False, 'cache_tensor_id': 1000005747, 'core_id': 2, 'size_bytes': 2048, 'path': 'DDR', 'nominal_cycles': 35, 'duration_excess': 119, 'original_tensors': [1000005747], 'slack': 215, 'congestion_exposure': 119.4, 'wait_priority': 253.4647765041036, 'task': 2}, {'task_id': 2, 'op_id': 1000014377, 'op': 'COPY_IN', 'subgraph_id': 162, 'pipe': 'PIPE_MTE2', 'start': 1740, 'end': 1883, 'duration': 143, 'memory_path': 'DDR', 'cache_hit': False, 'cache_tensor_id': 1000000042, 'core_id': 2, 'size_bytes': 1024, 'path': 'DDR', 'nominal_cycles': 18, 'duration_excess': 125, 'original_tensors': [1000000042], 'slack': 215, 'congestion_exposure': 124.94642857142857, 'wait_priority': 248.4088574723113, 'task': 2}, {'task_id': 3, 'op_id': 1000014411, 'op': 'COPY_IN', 'subgraph_id': 18, 'pipe': 'PIPE_MTE2', 'start': 80, 'end': 218, 'duration': 138, 'memory_path': 'DDR', 'cache_hit': False, 'cache_tensor_id': 1000000052, 'core_id': 3, 'size_bytes': 2048, 'path': 'DDR', 'nominal_cycles': 35, 'duration_excess': 103, 'original_tensors': [1000000052], 'slack': 73, 'congestion_exposure': 103.0, 'wait_priority': 234.7315613197463, 'task': 3}, {'task_id': 0, 'op_id': 1000014426, 'op': 'COPY_IN', 'subgraph_id': 160, 'pipe': 'PIPE_MTE2', 'start': 1730, 'end': 1873, 'duration': 143, 'memory_path': 'DDR', 'cache_hit': False, 'cache_tensor_id': 1000000067, 'core_id': 0, 'size_bytes': 1024, 'path': 'DDR', 'nominal_cycles': 18, 'duration_excess': 125, 'original_tensors': [1000000067], 'slack': 426, 'congestion_exposure': 125.05357142857143, 'wait_priority': 231.91266073463188, 'task': 0}, {'task_id': 1, 'op_id': 1000015822, 'op': 'COPY_IN', 'subgraph_id': 101, 'pipe': 'PIPE_MTE2', 'start': 1278, 'end': 1411, 'duration': 133, 'memory_path': 'DDR', 'cache_hit': False, 'cache_tensor_id': 1000002898, 'core_id': 1, 'size_bytes': 2048, 'path': 'DDR', 'nominal_cycles': 35, 'duration_excess': 98, 'original_tensors': [1000002898], 'slack': 0, 'congestion_exposure': 98.43333333333335, 'wait_priority': 231.43333333333334, 'task': 1}, {'task_id': 2, 'op_id': 1000014337, 'op': 'COPY_IN', 'subgraph_id': 32, 'pipe': 'PIPE_MTE2', 'start': 146, 'end': 292, 'duration': 146, 'memory_path': 'DDR', 'cache_hit': False, 'cache_tensor_id': 1000000029, 'core_id': 2, 'size_bytes': 2048, 'path': 'DDR', 'nominal_cycles': 35, 'duration_excess': 111, 'original_tensors': [1000000029], 'slack': 504, 'congestion_exposure': 111.0, 'wait_priority': 216.99258710155672, 'task': 2}, {'task_id': 3, 'op_id': 1000015025, 'op': 'COPY_IN', 'subgraph_id': 57, 'pipe': 'PIPE_MTE2', 'start': 226, 'end': 362, 'duration': 136, 'memory_path': 'DDR', 'cache_hit': False, 'cache_tensor_id': 1000001446, 'core_id': 3, 'size_bytes': 2048, 'path': 'DDR', 'nominal_cycles': 35, 'duration_excess': 101, 'original_tensors': [1000001446], 'slack': 381, 'congestion_exposure': 101.0, 'wait_priority': 208.00847620882297, 'task': 3}, {'task_id': 1, 'op_id': 1000014326, 'op': 'COPY_IN', 'subgraph_id': 8, 'pipe': 'PIPE_MTE2', 'start': 80, 'end': 218, 'duration': 138, 'memory_path': 'DDR', 'cache_hit': False, 'cache_tensor_id': 1000000026, 'core_id': 1, 'size_bytes': 2048, 'path': 'DDR', 'nominal_cycles': 35, 'duration_excess': 103, 'original_tensors': [1000000026], 'slack': 483, 'congestion_exposure': 103.0, 'wait_priority': 204.81178884536467, 'task': 1}, {'task_id': 1, 'op_id': 1000018518, 'op': 'COPY_IN', 'subgraph_id': 409, 'pipe': 'PIPE_MTE2', 'start': 3266, 'end': 3395, 'duration': 129, 'memory_path': 'DDR', 'cache_hit': False, 'cache_tensor_id': 1000008561, 'core_id': 1, 'size_bytes': 2048, 'path': 'DDR', 'nominal_cycles': 35, 'duration_excess': 94, 'original_tensors': [1000008561], 'slack': 249, 'congestion_exposure': 94.38333333333335, 'wait_priority': 204.7343525782874, 'task': 1}, {'task_id': 3, 'op_id': 1000015128, 'op': 'COPY_IN', 'subgraph_id': 83, 'pipe': 'PIPE_MTE2', 'start': 934, 'end': 1068, 'duration': 134, 'memory_path': 'DDR', 'cache_hit': False, 'cache_tensor_id': 1000001481, 'core_id': 3, 'size_bytes': 2048, 'path': 'DDR', 'nominal_cycles': 35, 'duration_excess': 99, 'original_tensors': [1000001481], 'slack': 403, 'congestion_exposure': 99.26666666666667, 'wait_priority': 203.2958490084805, 'task': 3}, {'task_id': 1, 'op_id': 1000014452, 'op': 'COPY_OUT', 'subgraph_id': 105, 'pipe': 'PIPE_MTE3', 'start': 1474, 'end': 1582, 'duration': 108, 'memory_path': 'DDR', 'core_id': 1, 'size_bytes': 1024, 'path': 'DDR', 'nominal_cycles': 18, 'duration_excess': 90, 'original_tensors': [1000000109], 'slack': 37, 'congestion_exposure': 89.93333333333335, 'wait_priority': 195.2900310402079, 'task': 1}, {'task_id': 0, 'op_id': 1000014413, 'op': 'COPY_IN', 'subgraph_id': 27, 'pipe': 'PIPE_MTE2', 'start': 292, 'end': 406, 'duration': 114, 'memory_path': 'DDR', 'cache_hit': False, 'cache_tensor_id': 1000000055, 'core_id': 0, 'size_bytes': 2048, 'path': 'DDR', 'nominal_cycles': 35, 'duration_excess': 79, 'original_tensors': [1000000055], 'slack': 0, 'congestion_exposure': 79.16666666666667, 'wait_priority': 193.16666666666669, 'task': 0}, {'task_id': 2, 'op_id': 1000018616, 'op': 'COPY_IN', 'subgraph_id': 318, 'pipe': 'PIPE_MTE2', 'start': 3261, 'end': 3392, 'duration': 131, 'memory_path': 'DDR', 'cache_hit': False, 'cache_tensor_id': 1000008593, 'core_id': 2, 'size_bytes': 2048, 'path': 'DDR', 'nominal_cycles': 35, 'duration_excess': 96, 'original_tensors': [1000008593], 'slack': 571, 'congestion_exposure': 96.21666666666667, 'wait_priority': 187.95602493493917, 'task': 2}], 'compile_seconds': 8.335748915997101, 'limitations': 'Observed durations include dynamic contention; chain/slack and projected residency are ranking diagnostics, not removable-delay certificates.'}",,,,,
case_047_p3_n4,case_047,3,4,core_regression,persistent,19,visit,/home/konglingrui/.mathmodel/questionA/真机启发算法攻坚/A题研究/直接迭代/运行结果/持续联合冲刺_20260926/正式75配置_6并发/configurations/case_047_p3_n4/persistent/attempt_001/evaluations/attempts/20260926T125902-c2994b9d77b24ca1871256bffd6f5c03/record.json,joint,,3,/home/konglingrui/.mathmodel/questionA/真机启发算法攻坚/A题研究/直接迭代/运行结果/持续联合冲刺_20260926/正式75配置_6并发/configurations/case_047_p3_n4/persistent/attempt_001/evaluations/attempts/20260926T125919-8b921838d4264e9db101dee1323e3397/record.json,0,1,False,False,False,success,,,,,,,,
case_047_p3_n4,case_047,3,4,core_regression,persistent,20,observe,/home/konglingrui/.mathmodel/questionA/真机启发算法攻坚/A题研究/直接迭代/运行结果/持续联合冲刺_20260926/正式75配置_6并发/configurations/case_047_p3_n4/persistent/attempt_001/evaluations/attempts/20260926T125645-52dbb7f105304823aa79cf1cd3fb9d31/record.json,,,,,,0,,,,,,,"{'makespan': 166090, 'official_copy': {'original_graph_copy_bytes': 463942, 'scheduled_copy_bytes': 5420248, 'added_copy_bytes': 4956306, 'partition_added_copy_bytes': 4956306, 'spill_added_copy_bytes': 0}, 'path_bytes': {'DDR': 4743240, 'CACHE_READ': 677008}, 'nominal_pool_work_cycles': {'DDR': 85091, 'CACHE_READ': 3655}, 'pool_occupancy': {'DDR': {'busy_cycles': 85091, 'overlap_cycles': 56943, 'peak_concurrent': 8}, 'CACHE_READ': {'busy_cycles': 3655, 'overlap_cycles': 531, 'peak_concurrent': 3}}, 'projected_live_peak': {'0:L1': 18496, '0:UB': 16358, '1:L1': 19520, '1:UB': 19428, '2:L1': 15488, '2:UB': 17284, '3:L1': 16448, '3:UB': 12932}, 'projected_live_byte_cycles': {'0:L1': 380774400, '0:UB': 511990842, '1:L1': 940881088, '1:UB': 837033288, '2:L1': 500721792, '2:UB': 693760206, '3:L1': 443101248, '3:UB': 698091476}, 'memory_dependency_count': 37797, 'critical_chain_ops': 3085, 'critical_chain_memory_edges': 0, 'top_copy_waits': [{'task_id': 2, 'op_id': 1000018255, 'op': 'COPY_IN', 'subgraph_id': 2004, 'pipe': 'PIPE_MTE2', 'start': 36057, 'end': 36276, 'duration': 219, 'memory_path': 'DDR', 'cache_hit': False, 'cache_tensor_id': 1000002901, 'core_id': 2, 'size_bytes': 2048, 'path': 'DDR', 'nominal_cycles': 35, 'duration_excess': 184, 'original_tensors': [1000002901], 'slack': 191, 'congestion_exposure': 184.20952380952383, 'wait_priority': 388.32404165021444, 'task': 2}, {'task_id': 1, 'op_id': 1000020109, 'op': 'COPY_IN', 'subgraph_id': 2951, 'pipe': 'PIPE_MTE2', 'start': 52486, 'end': 52694, 'duration': 208, 'memory_path': 'DDR', 'cache_hit': False, 'cache_tensor_id': 1000004324, 'core_id': 1, 'size_bytes': 2048, 'path': 'DDR', 'nominal_cycles': 35, 'duration_excess': 173, 'original_tensors': [1000004324], 'slack': 213, 'congestion_exposure': 173.21547619047618, 'wait_priority': 365.5873805674472, 'task': 1}, {'task_id': 1, 'op_id': 1000021978, 'op': 'COPY_IN', 'subgraph_id': 3897, 'pipe': 'PIPE_MTE2', 'start': 69026, 'end': 69222, 'duration': 196, 'memory_path': 'DDR', 'cache_hit': False, 'cache_tensor_id': 1000005747, 'core_id': 1, 'size_bytes': 2048, 'path': 'DDR', 'nominal_cycles': 35, 'duration_excess': 161, 'original_tensors': [1000005747], 'slack': 201, 'congestion_exposure': 161.16666666666666, 'wait_priority': 343.31738912359896, 'task': 1}, {'task_id': 1, 'op_id': 1000025716, 'op': 'COPY_IN', 'subgraph_id': 5789, 'pipe': 'PIPE_MTE2', 'start': 101971, 'end': 102167, 'duration': 196, 'memory_path': 'DDR', 'cache_hit': False, 'cache_tensor_id': 1000008593, 'core_id': 1, 'size_bytes': 2048, 'path': 'DDR', 'nominal_cycles': 35, 'duration_excess': 161, 'original_tensors': [1000008593], 'slack': 201, 'congestion_exposure': 161.16666666666666, 'wait_priority': 343.31738912359896, 'task': 1}, {'task_id': 1, 'op_id': 1000029454, 'op': 'COPY_IN', 'subgraph_id': 7681, 'pipe': 'PIPE_MTE2', 'start': 134916, 'end': 135112, 'duration': 196, 'memory_path': 'DDR', 'cache_hit': False, 'cache_tensor_id': 1000011439, 'core_id': 1, 'size_bytes': 2048, 'path': 'DDR', 'nominal_cycles': 35, 'duration_excess': 161, 'original_tensors': [1000011439], 'slack': 201, 'congestion_exposure': 161.16666666666666, 'wait_priority': 343.31738912359896, 'task': 1}, {'task_id': 1, 'op_id': 1000023847, 'op': 'COPY_IN', 'subgraph_id': 4843, 'pipe': 'PIPE_MTE2', 'start': 85483, 'end': 85679, 'duration': 196, 'memory_path': 'DDR', 'cache_hit': False, 'cache_tensor_id': 1000007170, 'core_id': 1, 'size_bytes': 2048, 'path': 'DDR', 'nominal_cycles': 35, 'duration_excess': 161, 'original_tensors': [1000007170], 'slack': 204, 'congestion_exposure': 161.16666666666666, 'wait_priority': 343.11881350376916, 'task': 1}, {'task_id': 1, 'op_id': 1000027585, 'op': 'COPY_IN', 'subgraph_id': 6735, 'pipe': 'PIPE_MTE2', 'start': 118428, 'end': 118624, 'duration': 196, 'memory_path': 'DDR', 'cache_hit': False, 'cache_tensor_id': 1000010016, 'core_id': 1, 'size_bytes': 2048, 'path': 'DDR', 'nominal_cycles': 35, 'duration_excess': 161, 'original_tensors': [1000010016], 'slack': 204, 'congestion_exposure': 161.16666666666666, 'wait_priority': 343.11881350376916, 'task': 1}, {'task_id': 1, 'op_id': 1000031323, 'op': 'COPY_IN', 'subgraph_id': 8627, 'pipe': 'PIPE_MTE2', 'start': 151373, 'end': 151569, 'duration': 196, 'memory_path': 'DDR', 'cache_hit': False, 'cache_tensor_id': 1000012862, 'core_id': 1, 'size_bytes': 2048, 'path': 'DDR', 'nominal_cycles': 35, 'duration_excess': 161, 'original_tensors': [1000012862], 'slack': 204, 'congestion_exposure': 161.16666666666666, 'wait_priority': 343.11881350376916, 'task': 1}, {'task_id': 2, 'op_id': 1000016336, 'op': 'COPY_IN', 'subgraph_id': 1027, 'pipe': 'PIPE_MTE2', 'start': 19402, 'end': 19585, 'duration': 183, 'memory_path': 'DDR', 'cache_hit': False, 'cache_tensor_id': 1000001475, 'core_id': 2, 'size_bytes': 2048, 'path': 'DDR', 'nominal_cycles': 35, 'duration_excess': 148, 'original_tensors': [1000001475], 'slack': 804, 'congestion_exposure': 148.22857142857143, 'wait_priority': 285.20790828229264, 'task': 2}, {'task_id': 2, 'op_id': 1000031311, 'op': 'COPY_IN', 'subgraph_id': 9469, 'pipe': 'PIPE_MTE2', 'start': 161801, 'end': 161976, 'duration': 175, 'memory_path': 'DDR', 'cache_hit': False, 'cache_tensor_id': 1000012855, 'core_id': 2, 'size_bytes': 4096, 'path': 'DDR', 'nominal_cycles': 69, 'duration_excess': 106, 'original_tensors': [1000012855], 'slack': 1037, 'congestion_exposure': 106.0, 'wait_priority': 232.59277040384075, 'task': 2}, {'task_id': 3, 'op_id': 1000014408, 'op': 'COPY_IN', 'subgraph_id': 577, 'pipe': 'PIPE_MTE2', 'start': 8564, 'end': 8686, 'duration': 122, 'memory_path': 'DDR', 'cache_hit': False, 'cache_tensor_id': 1000000065, 'core_id': 3, 'size_bytes': 1024, 'path': 'DDR', 'nominal_cycles': 18, 'duration_excess': 104, 'original_tensors': [1000000065], 'slack': 0, 'congestion_exposure': 104.12738095238095, 'wait_priority': 226.12738095238095, 'task': 3}, {'task_id': 3, 'op_id': 1000018245, 'op': 'COPY_IN', 'subgraph_id': 2840, 'pipe': 'PIPE_MTE2', 'start': 46515, 'end': 46689, 'duration': 174, 'memory_path': 'DDR', 'cache_hit': False, 'cache_tensor_id': 1000002894, 'core_id': 3, 'size_bytes': 4096, 'path': 'DDR', 'nominal_cycles': 69, 'duration_excess': 105, 'original_tensors': [1000002894], 'slack': 1224, 'congestion_exposure': 105.0, 'wait_priority': 223.97945768282662, 'task': 3}, {'task_id': 2, 'op_id': 1000020097, 'op': 'COPY_IN', 'subgraph_id': 3786, 'pipe': 'PIPE_MTE2', 'start': 62966, 'end': 63140, 'duration': 174, 'memory_path': 'DDR', 'cache_hit': False, 'cache_tensor_id': 1000004317, 'core_id': 2, 'size_bytes': 4096, 'path': 'DDR', 'nominal_cycles': 69, 'duration_excess': 105, 'original_tensors': [1000004317], 'slack': 1308, 'congestion_exposure': 105.0, 'wait_priority': 220.98864991177453, 'task': 2}, {'task_id': 2, 'op_id': 1000023835, 'op': 'COPY_IN', 'subgraph_id': 5678, 'pipe': 'PIPE_MTE2', 'start': 95911, 'end': 96085, 'duration': 174, 'memory_path': 'DDR', 'cache_hit': False, 'cache_tensor_id': 1000007163, 'core_id': 2, 'size_bytes': 4096, 'path': 'DDR', 'nominal_cycles': 69, 'duration_excess': 105, 'original_tensors': [1000007163], 'slack': 1308, 'congestion_exposure': 105.0, 'wait_priority': 220.98864991177453, 'task': 2}, {'task_id': 2, 'op_id': 1000027573, 'op': 'COPY_IN', 'subgraph_id': 7570, 'pipe': 'PIPE_MTE2', 'start': 128856, 'end': 129030, 'duration': 174, 'memory_path': 'DDR', 'cache_hit': False, 'cache_tensor_id': 1000010009, 'core_id': 2, 'size_bytes': 4096, 'path': 'DDR', 'nominal_cycles': 69, 'duration_excess': 105, 'original_tensors': [1000010009], 'slack': 1308, 'congestion_exposure': 105.0, 'wait_priority': 220.98864991177453, 'task': 2}, {'task_id': 3, 'op_id': 1000021968, 'op': 'COPY_IN', 'subgraph_id': 4732, 'pipe': 'PIPE_MTE2', 'start': 79421, 'end': 79595, 'duration': 174, 'memory_path': 'DDR', 'cache_hit': False, 'cache_tensor_id': 1000005740, 'core_id': 3, 'size_bytes': 4096, 'path': 'DDR', 'nominal_cycles': 69, 'duration_excess': 105, 'original_tensors': [1000005740], 'slack': 1310, 'congestion_exposure': 105.0, 'wait_priority': 220.91841339965356, 'task': 3}, {'task_id': 3, 'op_id': 1000025706, 'op': 'COPY_IN', 'subgraph_id': 6624, 'pipe': 'PIPE_MTE2', 'start': 112366, 'end': 112540, 'duration': 174, 'memory_path': 'DDR', 'cache_hit': False, 'cache_tensor_id': 1000008586, 'core_id': 3, 'size_bytes': 4096, 'path': 'DDR', 'nominal_cycles': 69, 'duration_excess': 105, 'original_tensors': [1000008586], 'slack': 1310, 'congestion_exposure': 105.0, 'wait_priority': 220.91841339965356, 'task': 3}, {'task_id': 3, 'op_id': 1000029444, 'op': 'COPY_IN', 'subgraph_id': 8516, 'pipe': 'PIPE_MTE2', 'start': 145311, 'end': 145485, 'duration': 174, 'memory_path': 'DDR', 'cache_hit': False, 'cache_tensor_id': 1000011432, 'core_id': 3, 'size_bytes': 4096, 'path': 'DDR', 'nominal_cycles': 69, 'duration_excess': 105, 'original_tensors': [1000011432], 'slack': 1310, 'congestion_exposure': 105.0, 'wait_priority': 220.91841339965356, 'task': 3}, {'task_id': 0, 'op_id': 1000014414, 'op': 'COPY_IN', 'subgraph_id': 582, 'pipe': 'PIPE_MTE2', 'start': 8180, 'end': 8305, 'duration': 125, 'memory_path': 'DDR', 'cache_hit': False, 'cache_tensor_id': 1000000071, 'core_id': 0, 'size_bytes': 1024, 'path': 'DDR', 'nominal_cycles': 18, 'duration_excess': 107, 'original_tensors': [1000000071], 'slack': 277, 'congestion_exposure': 107.09523809523807, 'wait_priority': 219.87203506989806, 'task': 0}, {'task_id': 3, 'op_id': 1000020158, 'op': 'COPY_IN', 'subgraph_id': 2944, 'pipe': 'PIPE_MTE2', 'start': 52503, 'end': 52607, 'duration': 104, 'memory_path': 'DDR', 'cache_hit': False, 'cache_tensor_id': 1000004388, 'core_id': 3, 'size_bytes': 1024, 'path': 'DDR', 'nominal_cycles': 18, 'duration_excess': 86, 'original_tensors': [1000004388], 'slack': 0, 'congestion_exposure': 86.0904761904762, 'wait_priority': 190.09047619047618, 'task': 3}], 'compile_seconds': 10.770265763014322, 'limitations': 'Observed durations include dynamic contention; chain/slack and projected residency are ranking diagnostics, not removable-delay certificates.'}",,,,,
case_047_p3_n4,case_047,3,4,core_regression,persistent,21,advance_alternate,/home/konglingrui/.mathmodel/questionA/真机启发算法攻坚/A题研究/直接迭代/运行结果/持续联合冲刺_20260926/正式75配置_6并发/configurations/case_047_p3_n4/persistent/attempt_001/evaluations/attempts/20260926T125645-52dbb7f105304823aa79cf1cd3fb9d31/record.json,joint,,2,/home/konglingrui/.mathmodel/questionA/真机启发算法攻坚/A题研究/直接迭代/运行结果/持续联合冲刺_20260926/正式75配置_6并发/configurations/case_047_p3_n4/persistent/attempt_001/evaluations/attempts/20260926T125936-5824c550edf941fc88fae07c4fb4cb76/record.json,,1,,,,,,3,,,,,,
case_047_p3_n4,case_047,3,4,core_regression,persistent,22,visit,/home/konglingrui/.mathmodel/questionA/真机启发算法攻坚/A题研究/直接迭代/运行结果/持续联合冲刺_20260926/正式75配置_6并发/configurations/case_047_p3_n4/persistent/attempt_001/evaluations/attempts/20260926T125645-52dbb7f105304823aa79cf1cd3fb9d31/record.json,joint,,2,/home/konglingrui/.mathmodel/questionA/真机启发算法攻坚/A题研究/直接迭代/运行结果/持续联合冲刺_20260926/正式75配置_6并发/configurations/case_047_p3_n4/persistent/attempt_001/evaluations/attempts/20260926T125936-5824c550edf941fc88fae07c4fb4cb76/record.json,0,0,True,False,True,success,,,,,,,,
case_047_p3_n4,case_047,3,4,core_regression,persistent,23,observe,/home/konglingrui/.mathmodel/questionA/真机启发算法攻坚/A题研究/直接迭代/运行结果/持续联合冲刺_20260926/正式75配置_6并发/configurations/case_047_p3_n4/persistent/attempt_001/evaluations/attempts/20260926T125654-1cb79d6423194b2c9357e3640d7824cf/record.json,,,,,,0,,,,,,,"{'makespan': 141315, 'official_copy': {'original_graph_copy_bytes': 463942, 'scheduled_copy_bytes': 2615768, 'added_copy_bytes': 2151826, 'partition_added_copy_bytes': 2151826, 'spill_added_copy_bytes': 0}, 'path_bytes': {'CACHE_READ': 729168, 'DDR': 1886600}, 'nominal_pool_work_cycles': {'CACHE_READ': 3731, 'DDR': 33608}, 'pool_occupancy': {'DDR': {'busy_cycles': 33608, 'overlap_cycles': 11369, 'peak_concurrent': 7}, 'CACHE_READ': {'busy_cycles': 3731, 'overlap_cycles': 158, 'peak_concurrent': 2}}, 'projected_live_peak': {'0:L1': 15936, '0:UB': 9542, '1:L1': 21120, '1:UB': 11078, '2:L1': 14656, '2:UB': 6470, '3:L1': 22592, '3:UB': 11078}, 'projected_live_byte_cycles': {'0:L1': 751381184, '0:UB': 628366986, '1:L1': 897082176, '1:UB': 379275770, '2:L1': 632161856, '2:UB': 362018026, '3:L1': 890334400, '3:UB': 378549474}, 'memory_dependency_count': 28757, 'critical_chain_ops': 2930, 'critical_chain_memory_edges': 0, 'top_copy_waits': [{'task_id': 0, 'op_id': 1000014318, 'op': 'COPY_IN', 'subgraph_id': 0, 'pipe': 'PIPE_MTE2', 'start': 8, 'end': 148, 'duration': 140, 'memory_path': 'DDR', 'cache_hit': False, 'cache_tensor_id': 1000000023, 'core_id': 0, 'size_bytes': 2048, 'path': 'DDR', 'nominal_cycles': 35, 'duration_excess': 105, 'original_tensors': [1000000023], 'slack': 0, 'congestion_exposure': 105.0, 'wait_priority': 245.0, 'task': 0}, {'task_id': 1, 'op_id': 1000014326, 'op': 'COPY_IN', 'subgraph_id': 1, 'pipe': 'PIPE_MTE2', 'start': 8, 'end': 148, 'duration': 140, 'memory_path': 'DDR', 'cache_hit': False, 'cache_tensor_id': 1000000026, 'core_id': 1, 'size_bytes': 2048, 'path': 'DDR', 'nominal_cycles': 35, 'duration_excess': 105, 'original_tensors': [1000000026], 'slack': 133, 'congestion_exposure': 105.0, 'wait_priority': 237.54765634827157, 'task': 1}, {'task_id': 3, 'op_id': 1000014411, 'op': 'COPY_IN', 'subgraph_id': 3, 'pipe': 'PIPE_MTE2', 'start': 8, 'end': 148, 'duration': 140, 'memory_path': 'DDR', 'cache_hit': False, 'cache_tensor_id': 1000000052, 'core_id': 3, 'size_bytes': 2048, 'path': 'DDR', 'nominal_cycles': 35, 'duration_excess': 105, 'original_tensors': [1000000052], 'slack': 359, 'congestion_exposure': 105.0, 'wait_priority': 225.87290282595225, 'task': 3}, {'task_id': 2, 'op_id': 1000014337, 'op': 'COPY_IN', 'subgraph_id': 2, 'pipe': 'PIPE_MTE2', 'start': 8, 'end': 148, 'duration': 140, 'memory_path': 'DDR', 'cache_hit': False, 'cache_tensor_id': 1000000029, 'core_id': 2, 'size_bytes': 2048, 'path': 'DDR', 'nominal_cycles': 35, 'duration_excess': 105, 'original_tensors': [1000000029], 'slack': 442, 'congestion_exposure': 105.0, 'wait_priority': 221.86827799079347, 'task': 2}, {'task_id': 0, 'op_id': 1000014413, 'op': 'COPY_IN', 'subgraph_id': 4, 'pipe': 'PIPE_MTE2', 'start': 148, 'end': 270, 'duration': 122, 'memory_path': 'DDR', 'cache_hit': False, 'cache_tensor_id': 1000000055, 'core_id': 0, 'size_bytes': 2048, 'path': 'DDR', 'nominal_cycles': 35, 'duration_excess': 87, 'original_tensors': [1000000055], 'slack': 0, 'congestion_exposure': 87.0, 'wait_priority': 209.0, 'task': 0}, {'task_id': 1, 'op_id': 1000015844, 'op': 'COPY_IN', 'subgraph_id': 450, 'pipe': 'PIPE_MTE2', 'start': 41795, 'end': 41943, 'duration': 148, 'memory_path': 'DDR', 'cache_hit': False, 'cache_tensor_id': 1000002923, 'core_id': 1, 'size_bytes': 4096, 'path': 'DDR', 'nominal_cycles': 69, 'duration_excess': 79, 'original_tensors': [1000002923], 'slack': 1102, 'congestion_exposure': 79.33333333333333, 'wait_priority': 180.43196135880706, 'task': 1}, {'task_id': 1, 'op_id': 1000017240, 'op': 'COPY_IN', 'subgraph_id': 744, 'pipe': 'PIPE_MTE2', 'start': 69657, 'end': 69805, 'duration': 148, 'memory_path': 'DDR', 'cache_hit': False, 'cache_tensor_id': 1000005769, 'core_id': 1, 'size_bytes': 4096, 'path': 'DDR', 'nominal_cycles': 69, 'duration_excess': 79, 'original_tensors': [1000005769], 'slack': 1102, 'congestion_exposure': 79.33333333333333, 'wait_priority': 180.43196135880706, 'task': 1}, {'task_id': 1, 'op_id': 1000018636, 'op': 'COPY_IN', 'subgraph_id': 1038, 'pipe': 'PIPE_MTE2', 'start': 97519, 'end': 97667, 'duration': 148, 'memory_path': 'DDR', 'cache_hit': False, 'cache_tensor_id': 1000008615, 'core_id': 1, 'size_bytes': 4096, 'path': 'DDR', 'nominal_cycles': 69, 'duration_excess': 79, 'original_tensors': [1000008615], 'slack': 1102, 'congestion_exposure': 79.33333333333333, 'wait_priority': 180.43196135880706, 'task': 1}, {'task_id': 1, 'op_id': 1000020032, 'op': 'COPY_IN', 'subgraph_id': 1332, 'pipe': 'PIPE_MTE2', 'start': 125381, 'end': 125529, 'duration': 148, 'memory_path': 'DDR', 'cache_hit': False, 'cache_tensor_id': 1000011461, 'core_id': 1, 'size_bytes': 4096, 'path': 'DDR', 'nominal_cycles': 69, 'duration_excess': 79, 'original_tensors': [1000011461], 'slack': 1102, 'congestion_exposure': 79.33333333333333, 'wait_priority': 180.43196135880706, 'task': 1}, {'task_id': 1, 'op_id': 1000014418, 'op': 'COPY_IN', 'subgraph_id': 5, 'pipe': 'PIPE_MTE2', 'start': 148, 'end': 270, 'duration': 122, 'memory_path': 'DDR', 'cache_hit': False, 'cache_tensor_id': 1000000058, 'core_id': 1, 'size_bytes': 2048, 'path': 'DDR', 'nominal_cycles': 35, 'duration_excess': 87, 'original_tensors': [1000000058], 'slack': 1145, 'congestion_exposure': 87.0, 'wait_priority': 164.556277799961, 'task': 1}, {'task_id': 1, 'op_id': 1000014436, 'op': 'COPY_IN', 'subgraph_id': 158, 'pipe': 'PIPE_MTE2', 'start': 13764, 'end': 13902, 'duration': 138, 'memory_path': 'DDR', 'cache_hit': False, 'cache_tensor_id': 1000000077, 'core_id': 1, 'size_bytes': 4096, 'path': 'DDR', 'nominal_cycles': 69, 'duration_excess': 69, 'original_tensors': [1000000077], 'slack': 1266, 'congestion_exposure': 69.0, 'wait_priority': 159.39953137345722, 'task': 1}, {'task_id': 3, 'op_id': 1000015061, 'op': 'COPY_IN', 'subgraph_id': 175, 'pipe': 'PIPE_MTE2', 'start': 16243, 'end': 16331, 'duration': 88, 'memory_path': 'DDR', 'cache_hit': False, 'cache_tensor_id': 1000001455, 'core_id': 3, 'size_bytes': 1024, 'path': 'DDR', 'nominal_cycles': 18, 'duration_excess': 70, 'original_tensors': [1000001455], 'slack': 9, 'congestion_exposure': 69.94999999999999, 'wait_priority': 157.6153956148713, 'task': 3}, {'task_id': 3, 'op_id': 1000015146, 'op': 'COPY_IN', 'subgraph_id': 302, 'pipe': 'PIPE_MTE2', 'start': 28080, 'end': 28212, 'duration': 132, 'memory_path': 'DDR', 'cache_hit': False, 'cache_tensor_id': 1000001500, 'core_id': 3, 'size_bytes': 4096, 'path': 'DDR', 'nominal_cycles': 69, 'duration_excess': 63, 'original_tensors': [1000001500], 'slack': 1139, 'congestion_exposure': 63.0, 'wait_priority': 153.7046453904006, 'task': 3}, {'task_id': 3, 'op_id': 1000016542, 'op': 'COPY_IN', 'subgraph_id': 596, 'pipe': 'PIPE_MTE2', 'start': 55942, 'end': 56074, 'duration': 132, 'memory_path': 'DDR', 'cache_hit': False, 'cache_tensor_id': 1000004346, 'core_id': 3, 'size_bytes': 4096, 'path': 'DDR', 'nominal_cycles': 69, 'duration_excess': 63, 'original_tensors': [1000004346], 'slack': 1139, 'congestion_exposure': 63.0, 'wait_priority': 153.7046453904006, 'task': 3}, {'task_id': 3, 'op_id': 1000017938, 'op': 'COPY_IN', 'subgraph_id': 890, 'pipe': 'PIPE_MTE2', 'start': 83804, 'end': 83936, 'duration': 132, 'memory_path': 'DDR', 'cache_hit': False, 'cache_tensor_id': 1000007192, 'core_id': 3, 'size_bytes': 4096, 'path': 'DDR', 'nominal_cycles': 69, 'duration_excess': 63, 'original_tensors': [1000007192], 'slack': 1139, 'congestion_exposure': 63.0, 'wait_priority': 153.7046453904006, 'task': 3}, {'task_id': 3, 'op_id': 1000019334, 'op': 'COPY_IN', 'subgraph_id': 1184, 'pipe': 'PIPE_MTE2', 'start': 111666, 'end': 111798, 'duration': 132, 'memory_path': 'DDR', 'cache_hit': False, 'cache_tensor_id': 1000010038, 'core_id': 3, 'size_bytes': 4096, 'path': 'DDR', 'nominal_cycles': 69, 'duration_excess': 63, 'original_tensors': [1000010038], 'slack': 1139, 'congestion_exposure': 63.0, 'wait_priority': 153.7046453904006, 'task': 3}, {'task_id': 3, 'op_id': 1000015165, 'op': 'COPY_OUT', 'subgraph_id': 165, 'pipe': 'PIPE_MTE3', 'start': 16208, 'end': 16290, 'duration': 82, 'memory_path': 'DDR', 'core_id': 3, 'size_bytes': 1024, 'path': 'DDR', 'nominal_cycles': 18, 'duration_excess': 64, 'original_tensors': [1000001542], 'slack': 114, 'congestion_exposure': 64.05, 'wait_priority': 142.2255159700927, 'task': 3}, {'task_id': 3, 'op_id': 1000014266, 'op': 'COPY_IN', 'subgraph_id': 9, 'pipe': 'PIPE_MTE2', 'start': 152, 'end': 238, 'duration': 86, 'memory_path': 'DDR', 'cache_hit': False, 'cache_tensor_id': 1000000003, 'core_id': 3, 'size_bytes': 1024, 'path': 'DDR', 'nominal_cycles': 18, 'duration_excess': 68, 'original_tensors': [1000000003], 'slack': 359, 'congestion_exposure': 68.0, 'wait_priority': 141.97725320488428, 'task': 3}, {'task_id': 2, 'op_id': 1000014260, 'op': 'COPY_IN', 'subgraph_id': 6, 'pipe': 'PIPE_MTE2', 'start': 152, 'end': 238, 'duration': 86, 'memory_path': 'DDR', 'cache_hit': False, 'cache_tensor_id': 1000000001, 'core_id': 2, 'size_bytes': 1024, 'path': 'DDR', 'nominal_cycles': 18, 'duration_excess': 68, 'original_tensors': [1000000001], 'slack': 442, 'congestion_exposure': 68.0, 'wait_priority': 139.4600604513559, 'task': 2}, {'task_id': 1, 'op_id': 1000015057, 'op': 'COPY_IN', 'subgraph_id': 178, 'pipe': 'PIPE_MTE2', 'start': 16243, 'end': 16331, 'duration': 88, 'memory_path': 'DDR', 'cache_hit': False, 'cache_tensor_id': 1000001455, 'core_id': 1, 'size_bytes': 1024, 'path': 'DDR', 'nominal_cycles': 18, 'duration_excess': 70, 'original_tensors': [1000001455], 'slack': 899, 'congestion_exposure': 69.94999999999999, 'wait_priority': 130.31578150998843, 'task': 1}], 'compile_seconds': 6.927434804994846, 'limitations': 'Observed durations include dynamic contention; chain/slack and projected residency are ranking diagnostics, not removable-delay certificates.'}",,,,,
case_047_p3_n4,case_047,3,4,core_regression,persistent,24,advance_alternate,/home/konglingrui/.mathmodel/questionA/真机启发算法攻坚/A题研究/直接迭代/运行结果/持续联合冲刺_20260926/正式75配置_6并发/configurations/case_047_p3_n4/persistent/attempt_001/evaluations/attempts/20260926T125654-1cb79d6423194b2c9357e3640d7824cf/record.json,joint,,3,/home/konglingrui/.mathmodel/questionA/真机启发算法攻坚/A题研究/直接迭代/运行结果/持续联合冲刺_20260926/正式75配置_6并发/configurations/case_047_p3_n4/persistent/attempt_001/evaluations/attempts/20260926T125952-bf76c788d752443c8dc0b1792e96c3f0/record.json,,1,,,,,,3,,,,,,
case_047_p3_n4,case_047,3,4,core_regression,persistent,25,visit,/home/konglingrui/.mathmodel/questionA/真机启发算法攻坚/A题研究/直接迭代/运行结果/持续联合冲刺_20260926/正式75配置_6并发/configurations/case_047_p3_n4/persistent/attempt_001/evaluations/attempts/20260926T125654-1cb79d6423194b2c9357e3640d7824cf/record.json,joint,,3,/home/konglingrui/.mathmodel/questionA/真机启发算法攻坚/A题研究/直接迭代/运行结果/持续联合冲刺_20260926/正式75配置_6并发/configurations/case_047_p3_n4/persistent/attempt_001/evaluations/attempts/20260926T125952-bf76c788d752443c8dc0b1792e96c3f0/record.json,0,0,True,False,True,success,,,,,,,,
case_047_p3_n4,case_047,3,4,core_regression,persistent,26,observe,/home/konglingrui/.mathmodel/questionA/真机启发算法攻坚/A题研究/直接迭代/运行结果/持续联合冲刺_20260926/正式75配置_6并发/configurations/case_047_p3_n4/persistent/attempt_001/evaluations/attempts/20260926T125747-e54bffafa3d4438bb43c8995cd834b34/record.json,,,,,,1,,,,,,,"{'makespan': 90052, 'official_copy': {'original_graph_copy_bytes': 463942, 'scheduled_copy_bytes': 2578360, 'added_copy_bytes': 2114418, 'partition_added_copy_bytes': 2114418, 'spill_added_copy_bytes': 0}, 'path_bytes': {'CACHE_READ': 658576, 'DDR': 1919784}, 'nominal_pool_work_cycles': {'CACHE_READ': 3393, 'DDR': 34152}, 'pool_occupancy': {'DDR': {'busy_cycles': 34152, 'overlap_cycles': 17313, 'peak_concurrent': 8}, 'CACHE_READ': {'busy_cycles': 3393, 'overlap_cycles': 241, 'peak_concurrent': 3}}, 'projected_live_peak': {'0:L1': 16896, '0:UB': 23172, '1:L1': 27776, '1:UB': 22404, '2:L1': 17856, '2:UB': 21924, '3:L1': 24832, '3:UB': 20578}, 'projected_live_byte_cycles': {'0:L1': 592806848, '0:UB': 619045910, '1:L1': 609241792, '1:UB': 609715840, '2:L1': 532497472, '2:UB': 555871222, '3:L1': 563358720, '3:UB': 567593436}, 'memory_dependency_count': 29008, 'critical_chain_ops': 2217, 'critical_chain_memory_edges': 0, 'top_copy_waits': [{'task_id': 3, 'op_id': 1000018542, 'op': 'COPY_IN', 'subgraph_id': 9577, 'pipe': 'PIPE_MTE2', 'start': 62019, 'end': 62255, 'duration': 236, 'memory_path': 'DDR', 'cache_hit': False, 'cache_tensor_id': 1000008586, 'core_id': 3, 'size_bytes': 4096, 'path': 'DDR', 'nominal_cycles': 69, 'duration_excess': 167, 'original_tensors': [1000008586], 'slack': 0, 'congestion_exposure': 167.18333333333334, 'wait_priority': 403.18333333333334, 'task': 3}, {'task_id': 0, 'op_id': 1000018536, 'op': 'COPY_IN', 'subgraph_id': 9581, 'pipe': 'PIPE_MTE2', 'start': 62032, 'end': 62269, 'duration': 237, 'memory_path': 'DDR', 'cache_hit': False, 'cache_tensor_id': 1000008586, 'core_id': 0, 'size_bytes': 4096, 'path': 'DDR', 'nominal_cycles': 69, 'duration_excess': 168, 'original_tensors': [1000008586], 'slack': 32, 'congestion_exposure': 167.85000000000002, 'wait_priority': 400.11068569923475, 'task': 0}, {'task_id': 0, 'op_id': 1000015125, 'op': 'COPY_IN', 'subgraph_id': 109, 'pipe': 'PIPE_MTE2', 'start': 1145, 'end': 1362, 'duration': 217, 'memory_path': 'DDR', 'cache_hit': False, 'cache_tensor_id': 1000001481, 'core_id': 0, 'size_bytes': 2048, 'path': 'DDR', 'nominal_cycles': 35, 'duration_excess': 182, 'original_tensors': [1000001481], 'slack': 0, 'congestion_exposure': 182.27619047619046, 'wait_priority': 399.27619047619044, 'task': 0}, {'task_id': 1, 'op_id': 1000017228, 'op': 'COPY_IN', 'subgraph_id': 452, 'pipe': 'PIPE_MTE2', 'start': 4103, 'end': 4315, 'duration': 212, 'memory_path': 'DDR', 'cache_hit': False, 'cache_tensor_id': 1000005744, 'core_id': 1, 'size_bytes': 2048, 'path': 'DDR', 'nominal_cycles': 35, 'duration_excess': 177, 'original_tensors': [1000005744], 'slack': 0, 'congestion_exposure': 177.03333333333333, 'wait_priority': 389.0333333333333, 'task': 1}, {'task_id': 2, 'op_id': 1000015815, 'op': 'COPY_IN', 'subgraph_id': 105, 'pipe': 'PIPE_MTE2', 'start': 1086, 'end': 1295, 'duration': 209, 'memory_path': 'DDR', 'cache_hit': False, 'cache_tensor_id': 1000002898, 'core_id': 2, 'size_bytes': 2048, 'path': 'DDR', 'nominal_cycles': 35, 'duration_excess': 174, 'original_tensors': [1000002898], 'slack': 69, 'congestion_exposure': 174.23809523809527, 'wait_priority': 373.6936606936607, 'task': 2}, {'task_id': 0, 'op_id': 1000016531, 'op': 'COPY_IN', 'subgraph_id': 5654, 'pipe': 'PIPE_MTE2', 'start': 37220, 'end': 37451, 'duration': 231, 'memory_path': 'DDR', 'cache_hit': False, 'cache_tensor_id': 1000004346, 'core_id': 0, 'size_bytes': 4096, 'path': 'DDR', 'nominal_cycles': 69, 'duration_excess': 162, 'original_tensors': [1000004346], 'slack': 146, 'congestion_exposure': 162.78333333333333, 'wait_priority': 373.5932875865653, 'task': 0}, {'task_id': 3, 'op_id': 1000019937, 'op': 'COPY_IN', 'subgraph_id': 12193, 'pipe': 'PIPE_MTE2', 'start': 79123, 'end': 79336, 'duration': 213, 'memory_path': 'DDR', 'cache_hit': False, 'cache_tensor_id': 1000011432, 'core_id': 3, 'size_bytes': 4096, 'path': 'DDR', 'nominal_cycles': 69, 'duration_excess': 144, 'original_tensors': [1000011432], 'slack': 62, 'congestion_exposure': 144.0, 'wait_priority': 348.99076553431087, 'task': 3}, {'task_id': 0, 'op_id': 1000017837, 'op': 'COPY_IN', 'subgraph_id': 8188, 'pipe': 'PIPE_MTE2', 'start': 52186, 'end': 52411, 'duration': 225, 'memory_path': 'DDR', 'cache_hit': False, 'cache_tensor_id': 1000007163, 'core_id': 0, 'size_bytes': 4096, 'path': 'DDR', 'nominal_cycles': 69, 'duration_excess': 156, 'original_tensors': [1000007163], 'slack': 274, 'congestion_exposure': 155.99999999999997, 'wait_priority': 345.9161838443856, 'task': 0}, {'task_id': 2, 'op_id': 1000020519, 'op': 'COPY_IN', 'subgraph_id': 511, 'pipe': 'PIPE_MTE2', 'start': 4111, 'end': 4321, 'duration': 210, 'memory_path': 'DDR', 'cache_hit': False, 'cache_tensor_id': 1000012830, 'core_id': 2, 'size_bytes': 2048, 'path': 'DDR', 'nominal_cycles': 35, 'duration_excess': 175, 'original_tensors': [1000012830], 'slack': 405, 'congestion_exposure': 175.06666666666666, 'wait_priority': 334.86580140090643, 'task': 2}, {'task_id': 0, 'op_id': 1000019251, 'op': 'COPY_IN', 'subgraph_id': 498, 'pipe': 'PIPE_MTE2', 'start': 4111, 'end': 4321, 'duration': 210, 'memory_path': 'DDR', 'cache_hit': False, 'cache_tensor_id': 1000010019, 'core_id': 0, 'size_bytes': 2048, 'path': 'DDR', 'nominal_cycles': 35, 'duration_excess': 175, 'original_tensors': [1000010019], 'slack': 416, 'congestion_exposure': 175.06666666666666, 'wait_priority': 333.68426076803655, 'task': 0}, {'task_id': 1, 'op_id': 1000016506, 'op': 'COPY_IN', 'subgraph_id': 189, 'pipe': 'PIPE_MTE2', 'start': 2165, 'end': 2344, 'duration': 179, 'memory_path': 'DDR', 'cache_hit': False, 'cache_tensor_id': 1000004321, 'core_id': 1, 'size_bytes': 2048, 'path': 'DDR', 'nominal_cycles': 35, 'duration_excess': 144, 'original_tensors': [1000004321], 'slack': 0, 'congestion_exposure': 144.2595238095238, 'wait_priority': 323.2595238095238, 'task': 1}, {'task_id': 3, 'op_id': 1000017843, 'op': 'COPY_IN', 'subgraph_id': 8154, 'pipe': 'PIPE_MTE2', 'start': 52078, 'end': 52291, 'duration': 213, 'memory_path': 'DDR', 'cache_hit': False, 'cache_tensor_id': 1000007163, 'core_id': 3, 'size_bytes': 4096, 'path': 'DDR', 'nominal_cycles': 69, 'duration_excess': 144, 'original_tensors': [1000007163], 'slack': 298, 'congestion_exposure': 144.08333333333334, 'wait_priority': 321.6078524850312, 'task': 3}, {'task_id': 3, 'op_id': 1000017853, 'op': 'COPY_IN', 'subgraph_id': 519, 'pipe': 'PIPE_MTE2', 'start': 4038, 'end': 4252, 'duration': 214, 'memory_path': 'DDR', 'cache_hit': False, 'cache_tensor_id': 1000007167, 'core_id': 3, 'size_bytes': 2048, 'path': 'DDR', 'nominal_cycles': 35, 'duration_excess': 179, 'original_tensors': [1000007167], 'slack': 667, 'congestion_exposure': 178.96666666666667, 'wait_priority': 315.1563362386302, 'task': 3}, {'task_id': 0, 'op_id': 1000019931, 'op': 'COPY_IN', 'subgraph_id': 12287, 'pipe': 'PIPE_MTE2', 'start': 79186, 'end': 79400, 'duration': 214, 'memory_path': 'DDR', 'cache_hit': False, 'cache_tensor_id': 1000011432, 'core_id': 0, 'size_bytes': 4096, 'path': 'DDR', 'nominal_cycles': 69, 'duration_excess': 145, 'original_tensors': [1000011432], 'slack': 391, 'congestion_exposure': 145.0, 'wait_priority': 313.61074320304215, 'task': 0}, {'task_id': 2, 'op_id': 1000017841, 'op': 'COPY_IN', 'subgraph_id': 8153, 'pipe': 'PIPE_MTE2', 'start': 52027, 'end': 52235, 'duration': 208, 'memory_path': 'DDR', 'cache_hit': False, 'cache_tensor_id': 1000007163, 'core_id': 2, 'size_bytes': 4096, 'path': 'DDR', 'nominal_cycles': 69, 'duration_excess': 139, 'original_tensors': [1000007163], 'slack': 292, 'congestion_exposure': 138.91666666666666, 'wait_priority': 313.077469634816, 'task': 2}, {'task_id': 3, 'op_id': 1000017881, 'op': 'COPY_IN', 'subgraph_id': 8349, 'pipe': 'PIPE_MTE2', 'start': 54374, 'end': 54574, 'duration': 200, 'memory_path': 'DDR', 'cache_hit': False, 'cache_tensor_id': 1000007192, 'core_id': 3, 'size_bytes': 4096, 'path': 'DDR', 'nominal_cycles': 69, 'duration_excess': 131, 'original_tensors': [1000007192], 'slack': 159, 'congestion_exposure': 131.5, 'wait_priority': 313.0740624213441, 'task': 3}, {'task_id': 3, 'op_id': 1000017851, 'op': 'COPY_IN', 'subgraph_id': 8224, 'pipe': 'PIPE_MTE2', 'start': 52291, 'end': 52516, 'duration': 225, 'memory_path': 'DDR', 'cache_hit': False, 'cache_tensor_id': 1000007165, 'core_id': 3, 'size_bytes': 4096, 'path': 'DDR', 'nominal_cycles': 69, 'duration_excess': 156, 'original_tensors': [1000007165], 'slack': 589, 'congestion_exposure': 156.00000000000003, 'wait_priority': 312.8021856462122, 'task': 3}, {'task_id': 3, 'op_id': 1000017883, 'op': 'COPY_IN', 'subgraph_id': 8377, 'pipe': 'PIPE_MTE2', 'start': 54830, 'end': 55017, 'duration': 187, 'memory_path': 'DDR', 'cache_hit': False, 'cache_tensor_id': 1000007194, 'core_id': 3, 'size_bytes': 4096, 'path': 'DDR', 'nominal_cycles': 69, 'duration_excess': 118, 'original_tensors': [1000007194], 'slack': 27, 'congestion_exposure': 118.99999999999999, 'wait_priority': 302.97202920221656, 'task': 3}, {'task_id': 2, 'op_id': 1000017849, 'op': 'COPY_IN', 'subgraph_id': 8244, 'pipe': 'PIPE_MTE2', 'start': 52235, 'end': 52460, 'duration': 225, 'memory_path': 'DDR', 'cache_hit': False, 'cache_tensor_id': 1000007165, 'core_id': 2, 'size_bytes': 4096, 'path': 'DDR', 'nominal_cycles': 69, 'duration_excess': 156, 'original_tensors': [1000007165], 'slack': 788, 'congestion_exposure': 156.0, 'wait_priority': 294.9639381469297, 'task': 2}, {'task_id': 1, 'op_id': 1000019933, 'op': 'COPY_IN', 'subgraph_id': 12213, 'pipe': 'PIPE_MTE2', 'start': 79097, 'end': 79288, 'duration': 191, 'memory_path': 'DDR', 'cache_hit': False, 'cache_tensor_id': 1000011432, 'core_id': 1, 'size_bytes': 4096, 'path': 'DDR', 'nominal_cycles': 69, 'duration_excess': 122, 'original_tensors': [1000011432], 'slack': 188, 'congestion_exposure': 122.0, 'wait_priority': 292.6356538711776, 'task': 1}], 'compile_seconds': 6.973584679013584, 'limitations': 'Observed durations include dynamic contention; chain/slack and projected residency are ranking diagnostics, not removable-delay certificates.'}",,,,,
case_047_p3_n4,case_047,3,4,core_regression,persistent,27,visit,/home/konglingrui/.mathmodel/questionA/真机启发算法攻坚/A题研究/直接迭代/运行结果/持续联合冲刺_20260926/正式75配置_6并发/configurations/case_047_p3_n4/persistent/attempt_001/evaluations/attempts/20260926T125747-e54bffafa3d4438bb43c8995cd834b34/record.json,joint,,0,/home/konglingrui/.mathmodel/questionA/真机启发算法攻坚/A题研究/直接迭代/运行结果/持续联合冲刺_20260926/正式75配置_6并发/configurations/case_047_p3_n4/persistent/attempt_001/evaluations/attempts/20260926T130006-63737f1de6dd4abd936d852cdec40ad4/record.json,0,1,False,False,False,success,,,,,,,,
case_047_p3_n4,case_047,3,4,core_regression,persistent,28,observe,/home/konglingrui/.mathmodel/questionA/真机启发算法攻坚/A题研究/直接迭代/运行结果/持续联合冲刺_20260926/正式75配置_6并发/configurations/case_047_p3_n4/persistent/attempt_001/evaluations/attempts/20260926T125705-60b0f9e224c245cdabdb9e6efb429d38/record.json,,,,,,0,,,,,,,"{'makespan': 137922, 'official_copy': {'original_graph_copy_bytes': 463942, 'scheduled_copy_bytes': 4683318, 'added_copy_bytes': 4219376, 'partition_added_copy_bytes': 4219376, 'spill_added_copy_bytes': 0}, 'path_bytes': {'DDR': 4178630, 'CACHE_READ': 504688}, 'nominal_pool_work_cycles': {'DDR': 74976, 'CACHE_READ': 2744}, 'pool_occupancy': {'DDR': {'busy_cycles': 74976, 'overlap_cycles': 50795, 'peak_concurrent': 8}, 'CACHE_READ': {'busy_cycles': 2744, 'overlap_cycles': 66, 'peak_concurrent': 2}}, 'projected_live_peak': {'0:L1': 18432, '0:UB': 28964, '1:L1': 16768, '1:UB': 32772, '2:L1': 15424, '2:UB': 10100, '3:L1': 19456, '3:UB': 29780}, 'projected_live_byte_cycles': {'0:L1': 610221888, '0:UB': 651992372, '1:L1': 543008128, '1:UB': 715779052, '2:L1': 387809408, '2:UB': 346469946, '3:L1': 599881152, '3:UB': 723969962}, 'memory_dependency_count': 35867, 'critical_chain_ops': 3063, 'critical_chain_memory_edges': 0, 'top_copy_waits': [{'task_id': 2, 'op_id': 1000019323, 'op': 'COPY_IN', 'subgraph_id': 359, 'pipe': 'PIPE_MTE2', 'start': 2901, 'end': 3158, 'duration': 257, 'memory_path': 'DDR', 'cache_hit': False, 'cache_tensor_id': 1000004295, 'core_id': 2, 'size_bytes': 2048, 'path': 'DDR', 'nominal_cycles': 35, 'duration_excess': 222, 'original_tensors': [1000004295], 'slack': 0, 'congestion_exposure': 222.05357142857142, 'wait_priority': 479.05357142857144, 'task': 2}, {'task_id': 2, 'op_id': 1000019321, 'op': 'COPY_IN', 'subgraph_id': 258, 'pipe': 'PIPE_MTE2', 'start': 2384, 'end': 2622, 'duration': 238, 'memory_path': 'DDR', 'cache_hit': False, 'cache_tensor_id': 1000004292, 'core_id': 2, 'size_bytes': 2048, 'path': 'DDR', 'nominal_cycles': 35, 'duration_excess': 203, 'original_tensors': [1000004292], 'slack': 0, 'congestion_exposure': 203.23214285714286, 'wait_priority': 441.2321428571429, 'task': 2}, {'task_id': 2, 'op_id': 1000019387, 'op': 'COPY_IN', 'subgraph_id': 364, 'pipe': 'PIPE_MTE2', 'start': 3158, 'end': 3361, 'duration': 203, 'memory_path': 'DDR', 'cache_hit': False, 'cache_tensor_id': 1000004324, 'core_id': 2, 'size_bytes': 2048, 'path': 'DDR', 'nominal_cycles': 35, 'duration_excess': 168, 'original_tensors': [1000004324], 'slack': 0, 'congestion_exposure': 168.15714285714287, 'wait_priority': 371.15714285714284, 'task': 2}, {'task_id': 2, 'op_id': 1000019392, 'op': 'COPY_IN', 'subgraph_id': 369, 'pipe': 'PIPE_MTE2', 'start': 3361, 'end': 3563, 'duration': 202, 'memory_path': 'DDR', 'cache_hit': False, 'cache_tensor_id': 1000004327, 'core_id': 2, 'size_bytes': 2048, 'path': 'DDR', 'nominal_cycles': 35, 'duration_excess': 167, 'original_tensors': [1000004327], 'slack': 0, 'congestion_exposure': 167.20000000000002, 'wait_priority': 369.20000000000005, 'task': 2}, {'task_id': 3, 'op_id': 1000024339, 'op': 'COPY_IN', 'subgraph_id': 372, 'pipe': 'PIPE_MTE2', 'start': 2849, 'end': 3100, 'duration': 251, 'memory_path': 'DDR', 'cache_hit': False, 'cache_tensor_id': 1000008567, 'core_id': 3, 'size_bytes': 2048, 'path': 'DDR', 'nominal_cycles': 35, 'duration_excess': 216, 'original_tensors': [1000008567], 'slack': 1831, 'congestion_exposure': 216.10714285714286, 'wait_priority': 323.81314075760486, 'task': 3}, {'task_id': 3, 'op_id': 1000029348, 'op': 'COPY_IN', 'subgraph_id': 431, 'pipe': 'PIPE_MTE2', 'start': 3100, 'end': 3325, 'duration': 225, 'memory_path': 'DDR', 'cache_hit': False, 'cache_tensor_id': 1000012865, 'core_id': 3, 'size_bytes': 2048, 'path': 'DDR', 'nominal_cycles': 35, 'duration_excess': 190, 'original_tensors': [1000012865], 'slack': 1831, 'congestion_exposure': 190.08928571428575, 'wait_priority': 287.75275085673695, 'task': 3}, {'task_id': 1, 'op_id': 1000019385, 'op': 'COPY_IN', 'subgraph_id': 484, 'pipe': 'PIPE_MTE2', 'start': 3438, 'end': 3614, 'duration': 176, 'memory_path': 'DDR', 'cache_hit': False, 'cache_tensor_id': 1000004321, 'core_id': 1, 'size_bytes': 2048, 'path': 'DDR', 'nominal_cycles': 35, 'duration_excess': 141, 'original_tensors': [1000004321], 'slack': 584, 'congestion_exposure': 141.13333333333333, 'wait_priority': 277.9085974000669, 'task': 1}, {'task_id': 2, 'op_id': 1000017757, 'op': 'COPY_IN', 'subgraph_id': 184, 'pipe': 'PIPE_MTE2', 'start': 1959, 'end': 2114, 'duration': 155, 'memory_path': 'DDR', 'cache_hit': False, 'cache_tensor_id': 1000002904, 'core_id': 2, 'size_bytes': 2048, 'path': 'DDR', 'nominal_cycles': 35, 'duration_excess': 120, 'original_tensors': [1000002904], 'slack': 51, 'congestion_exposure': 120.31666666666668, 'wait_priority': 271.9644848233087, 'task': 2}, {'task_id': 2, 'op_id': 1000014457, 'op': 'COPY_IN', 'subgraph_id': 342, 'pipe': 'PIPE_MTE2', 'start': 2763, 'end': 2901, 'duration': 138, 'memory_path': 'DDR', 'cache_hit': False, 'cache_tensor_id': 1000000139, 'core_id': 2, 'size_bytes': 1024, 'path': 'DDR', 'nominal_cycles': 18, 'duration_excess': 120, 'original_tensors': [1000000139], 'slack': 0, 'congestion_exposure': 120.03571428571429, 'wait_priority': 258.0357142857143, 'task': 2}, {'task_id': 1, 'op_id': 1000014392, 'op': 'COPY_IN', 'subgraph_id': 39, 'pipe': 'PIPE_MTE2', 'start': 149, 'end': 293, 'duration': 144, 'memory_path': 'DDR', 'cache_hit': False, 'cache_tensor_id': 1000000058, 'core_id': 1, 'size_bytes': 2048, 'path': 'DDR', 'nominal_cycles': 35, 'duration_excess': 109, 'original_tensors': [1000000058], 'slack': 140, 'congestion_exposure': 109.16666666666666, 'wait_priority': 244.880983995923, 'task': 1}, {'task_id': 2, 'op_id': 1000014314, 'op': 'COPY_IN', 'subgraph_id': 8, 'pipe': 'PIPE_MTE2', 'start': 80, 'end': 220, 'duration': 140, 'memory_path': 'DDR', 'cache_hit': False, 'cache_tensor_id': 1000000023, 'core_id': 2, 'size_bytes': 2048, 'path': 'DDR', 'nominal_cycles': 35, 'duration_excess': 105, 'original_tensors': [1000000023], 'slack': 0, 'congestion_exposure': 104.83333333333333, 'wait_priority': 244.83333333333331, 'task': 2}, {'task_id': 2, 'op_id': 1000014361, 'op': 'COPY_IN', 'subgraph_id': 323, 'pipe': 'PIPE_MTE2', 'start': 2628, 'end': 2758, 'duration': 130, 'memory_path': 'DDR', 'cache_hit': False, 'cache_tensor_id': 1000000042, 'core_id': 2, 'size_bytes': 1024, 'path': 'DDR', 'nominal_cycles': 18, 'duration_excess': 112, 'original_tensors': [1000000042], 'slack': 0, 'congestion_exposure': 112.02380952380952, 'wait_priority': 242.02380952380952, 'task': 2}, {'task_id': 0, 'op_id': 1000014327, 'op': 'COPY_IN', 'subgraph_id': 32, 'pipe': 'PIPE_MTE2', 'start': 145, 'end': 290, 'duration': 145, 'memory_path': 'DDR', 'cache_hit': False, 'cache_tensor_id': 1000000029, 'core_id': 0, 'size_bytes': 2048, 'path': 'DDR', 'nominal_cycles': 35, 'duration_excess': 110, 'original_tensors': [1000000029], 'slack': 480, 'congestion_exposure': 110.08333333333333, 'wait_priority': 228.5677388547446, 'task': 0}, {'task_id': 3, 'op_id': 1000014316, 'op': 'COPY_IN', 'subgraph_id': 9, 'pipe': 'PIPE_MTE2', 'start': 80, 'end': 220, 'duration': 140, 'memory_path': 'DDR', 'cache_hit': False, 'cache_tensor_id': 1000000026, 'core_id': 3, 'size_bytes': 2048, 'path': 'DDR', 'nominal_cycles': 35, 'duration_excess': 105, 'original_tensors': [1000000026], 'slack': 361, 'congestion_exposure': 104.83333333333333, 'wait_priority': 225.18640884174397, 'task': 3}, {'task_id': 1, 'op_id': 1000014400, 'op': 'COPY_IN', 'subgraph_id': 406, 'pipe': 'PIPE_MTE2', 'start': 3014, 'end': 3157, 'duration': 143, 'memory_path': 'DDR', 'cache_hit': False, 'cache_tensor_id': 1000000067, 'core_id': 1, 'size_bytes': 1024, 'path': 'DDR', 'nominal_cycles': 18, 'duration_excess': 125, 'original_tensors': [1000000067], 'slack': 819, 'congestion_exposure': 125.05357142857143, 'wait_priority': 223.7624812589814, 'task': 1}, {'task_id': 1, 'op_id': 1000014445, 'op': 'COPY_IN', 'subgraph_id': 354, 'pipe': 'PIPE_MTE2', 'start': 2743, 'end': 2886, 'duration': 143, 'memory_path': 'DDR', 'cache_hit': False, 'cache_tensor_id': 1000000129, 'core_id': 1, 'size_bytes': 1024, 'path': 'DDR', 'nominal_cycles': 18, 'duration_excess': 125, 'original_tensors': [1000000129], 'slack': 819, 'congestion_exposure': 124.94642857142857, 'wait_priority': 223.67304185537378, 'task': 1}, {'task_id': 3, 'op_id': 1000019427, 'op': 'COPY_IN', 'subgraph_id': 4469, 'pipe': 'PIPE_MTE2', 'start': 45385, 'end': 45505, 'duration': 120, 'memory_path': 'DDR', 'cache_hit': False, 'cache_tensor_id': 1000004378, 'core_id': 3, 'size_bytes': 1024, 'path': 'DDR', 'nominal_cycles': 18, 'duration_excess': 102, 'original_tensors': [1000004378], 'slack': 217, 'congestion_exposure': 102.03571428571429, 'wait_priority': 210.97130282764408, 'task': 3}, {'task_id': 3, 'op_id': 1000026070, 'op': 'COPY_IN', 'subgraph_id': 9873, 'pipe': 'PIPE_MTE2', 'start': 100189, 'end': 100309, 'duration': 120, 'memory_path': 'DDR', 'cache_hit': False, 'cache_tensor_id': 1000010070, 'core_id': 3, 'size_bytes': 1024, 'path': 'DDR', 'nominal_cycles': 18, 'duration_excess': 102, 'original_tensors': [1000010070], 'slack': 217, 'congestion_exposure': 102.03571428571429, 'wait_priority': 210.97130282764408, 'task': 3}, {'task_id': 1, 'op_id': 1000017752, 'op': 'COPY_IN', 'subgraph_id': 115, 'pipe': 'PIPE_MTE2', 'start': 965, 'end': 1088, 'duration': 123, 'memory_path': 'DDR', 'cache_hit': False, 'cache_tensor_id': 1000002901, 'core_id': 1, 'size_bytes': 2048, 'path': 'DDR', 'nominal_cycles': 35, 'duration_excess': 88, 'original_tensors': [1000002901], 'slack': 0, 'congestion_exposure': 87.83333333333333, 'wait_priority': 210.83333333333331, 'task': 1}, {'task_id': 1, 'op_id': 1000014433, 'op': 'COPY_IN', 'subgraph_id': 336, 'pipe': 'PIPE_MTE2', 'start': 2615, 'end': 2743, 'duration': 128, 'memory_path': 'DDR', 'cache_hit': False, 'cache_tensor_id': 1000000109, 'core_id': 1, 'size_bytes': 1024, 'path': 'DDR', 'nominal_cycles': 18, 'duration_excess': 110, 'original_tensors': [1000000109], 'slack': 819, 'congestion_exposure': 110.0595238095238, 'wait_priority': 198.72441710460555, 'task': 1}], 'compile_seconds': 8.741639464977197, 'limitations': 'Observed durations include dynamic contention; chain/slack and projected residency are ranking diagnostics, not removable-delay certificates.'}",,,,,
case_047_p3_n4,case_047,3,4,core_regression,persistent,29,visit,/home/konglingrui/.mathmodel/questionA/真机启发算法攻坚/A题研究/直接迭代/运行结果/持续联合冲刺_20260926/正式75配置_6并发/configurations/case_047_p3_n4/persistent/attempt_001/evaluations/attempts/20260926T125705-60b0f9e224c245cdabdb9e6efb429d38/record.json,joint,,4,/home/konglingrui/.mathmodel/questionA/真机启发算法攻坚/A题研究/直接迭代/运行结果/持续联合冲刺_20260926/正式75配置_6并发/configurations/case_047_p3_n4/persistent/attempt_001/evaluations/attempts/20260926T130022-ec2946a850904287a8d958da80ebc775/record.json,1,0,False,False,False,success,,,,,,,,
case_047_p3_n4,case_047,3,4,core_regression,persistent,30,visit,/home/konglingrui/.mathmodel/questionA/真机启发算法攻坚/A题研究/直接迭代/运行结果/持续联合冲刺_20260926/正式75配置_6并发/configurations/case_047_p3_n4/persistent/attempt_001/evaluations/attempts/20260926T125705-60b0f9e224c245cdabdb9e6efb429d38/record.json,cache,,4,/home/konglingrui/.mathmodel/questionA/真机启发算法攻坚/A题研究/直接迭代/运行结果/持续联合冲刺_20260926/正式75配置_6并发/configurations/case_047_p3_n4/persistent/attempt_001/evaluations/attempts/20260926T130031-958d7f17717f404ab93d3d390a1c0083/record.json,0,0,False,False,False,timeout,,,,,,,,
case_047_p3_n4,case_047,3,4,core_regression,persistent,31,admit,,,,0,/home/konglingrui/.mathmodel/questionA/真机启发算法攻坚/A题研究/直接迭代/运行结果/持续联合冲刺_20260926/正式75配置_6并发/configurations/case_047_p3_n4/persistent/attempt_001/evaluations/attempts/20260926T125659-290948c3cfeb4897964fc076dadbc19c/record.json,,,,,,,,,,2,stable_w200_joint,,,
case_047_p3_n4,case_047,3,4,core_regression,persistent,32,admit,,,,1,/home/konglingrui/.mathmodel/questionA/真机启发算法攻坚/A题研究/直接迭代/运行结果/持续联合冲刺_20260926/正式75配置_6并发/configurations/case_047_p3_n4/persistent/attempt_001/evaluations/attempts/20260926T125636-e858ab1af9cb452eb107b8231e9efc41/record.json,,,,,,,,,,2,whole_component_control,,,
case_047_p3_n4,case_047,3,4,core_regression,persistent,33,admit,,,,2,/home/konglingrui/.mathmodel/questionA/真机启发算法攻坚/A题研究/直接迭代/运行结果/持续联合冲刺_20260926/正式75配置_6并发/configurations/case_047_p3_n4/persistent/attempt_001/evaluations/attempts/20260926T125645-52dbb7f105304823aa79cf1cd3fb9d31/record.json,,,,,,,,,,2,critical_w100_control,,,
case_047_p3_n4,case_047,3,4,core_regression,persistent,34,retire,,,,1,,0,,,,,,,,,,,completed_lease_stalled,3,
case_047_p3_n4,case_047,3,4,core_regression,persistent,35,admit,,,,3,/home/konglingrui/.mathmodel/questionA/真机启发算法攻坚/A题研究/直接迭代/运行结果/持续联合冲刺_20260926/正式75配置_6并发/configurations/case_047_p3_n4/persistent/attempt_001/evaluations/attempts/20260926T125654-1cb79d6423194b2c9357e3640d7824cf/record.json,,,,,,,,,,2,stable_w100_control,,,
case_047_p3_n4,case_047,3,4,core_regression,persistent,36,retire,,,,0,,0,,,,,,,,,,,completed_lease_stalled,4,
case_047_p3_n4,case_047,3,4,core_regression,persistent,37,admit,,,,4,/home/konglingrui/.mathmodel/questionA/真机启发算法攻坚/A题研究/直接迭代/运行结果/持续联合冲刺_20260926/正式75配置_6并发/configurations/case_047_p3_n4/persistent/attempt_001/evaluations/attempts/20260926T125705-60b0f9e224c245cdabdb9e6efb429d38/record.json,,,,,,,,,,2,critical_w200_joint,,,
case_025_p3_n5,case_025,3,5,existing_regression,legacy,1,legacy_visit,/home/konglingrui/.mathmodel/questionA/真机启发算法攻坚/A题研究/直接迭代/运行结果/持续联合冲刺_20260926/正式75配置_6并发/configurations/case_025_p3_n5/legacy/attempt_001/evaluations/attempts/20260926T125827-2df6a51f5f704c539e25e9e1f749c989/record.json,legacy,True,,,,,,,,,,,,,,,,
case_025_p3_n5,case_025,3,5,existing_regression,legacy,2,legacy_visit,/home/konglingrui/.mathmodel/questionA/真机启发算法攻坚/A题研究/直接迭代/运行结果/持续联合冲刺_20260926/正式75配置_6并发/configurations/case_025_p3_n5/legacy/attempt_001/evaluations/attempts/20260926T125956-717259c3904049149980135cdce7d454/record.json,region,False,,,,,,,,,,,,,,,,
case_025_p3_n5,case_025,3,5,existing_regression,legacy,3,legacy_visit,/home/konglingrui/.mathmodel/questionA/真机启发算法攻坚/A题研究/直接迭代/运行结果/持续联合冲刺_20260926/正式75配置_6并发/configurations/case_025_p3_n5/legacy/attempt_001/evaluations/attempts/20260926T130009-5420e4a6c9624f10807b77b47bdd7f15/record.json,legacy,False,,,,,,,,,,,,,,,,
case_025_p3_n5,case_025,3,5,existing_regression,legacy,4,legacy_visit,/home/konglingrui/.mathmodel/questionA/真机启发算法攻坚/A题研究/直接迭代/运行结果/持续联合冲刺_20260926/正式75配置_6并发/configurations/case_025_p3_n5/legacy/attempt_001/evaluations/attempts/20260926T125956-717259c3904049149980135cdce7d454/record.json,region,False,,,,,,,,,,,,,,,,
case_025_p3_n5,case_025,3,5,existing_regression,legacy,5,legacy_visit,/home/konglingrui/.mathmodel/questionA/真机启发算法攻坚/A题研究/直接迭代/运行结果/持续联合冲刺_20260926/正式75配置_6并发/configurations/case_025_p3_n5/legacy/attempt_001/evaluations/attempts/20260926T130009-5420e4a6c9624f10807b77b47bdd7f15/record.json,legacy,False,,,,,,,,,,,,,,,,
case_025_p3_n5,case_025,3,5,existing_regression,persistent,1,advance_alternate,/home/konglingrui/.mathmodel/questionA/真机启发算法攻坚/A题研究/直接迭代/运行结果/持续联合冲刺_20260926/正式75配置_6并发/configurations/case_025_p3_n5/persistent/attempt_001/evaluations/attempts/20260926T130209-7cfb4bdc3b934b8e94a14cb46fb34c0c/record.json,insertion,,0,/home/konglingrui/.mathmodel/questionA/真机启发算法攻坚/A题研究/直接迭代/运行结果/持续联合冲刺_20260926/正式75配置_6并发/configurations/case_025_p3_n5/persistent/attempt_001/evaluations/attempts/20260926T130336-07be4183b5b54b25808743f7a50ea69d/record.json,,1,,,,,,1,,,,,,
case_025_p3_n5,case_025,3,5,existing_regression,persistent,2,visit,/home/konglingrui/.mathmodel/questionA/真机启发算法攻坚/A题研究/直接迭代/运行结果/持续联合冲刺_20260926/正式75配置_6并发/configurations/case_025_p3_n5/persistent/attempt_001/evaluations/attempts/20260926T130209-7cfb4bdc3b934b8e94a14cb46fb34c0c/record.json,insertion,,0,/home/konglingrui/.mathmodel/questionA/真机启发算法攻坚/A题研究/直接迭代/运行结果/持续联合冲刺_20260926/正式75配置_6并发/configurations/case_025_p3_n5/persistent/attempt_001/evaluations/attempts/20260926T130336-07be4183b5b54b25808743f7a50ea69d/record.json,1,0,True,False,True,success,,,,,,,,
case_025_p3_n5,case_025,3,5,existing_regression,persistent,3,advance,/home/konglingrui/.mathmodel/questionA/真机启发算法攻坚/A题研究/直接迭代/运行结果/持续联合冲刺_20260926/正式75配置_6并发/configurations/case_025_p3_n5/persistent/attempt_001/evaluations/attempts/20260926T130235-065beb471f444d00b921825cf6e5468e/record.json,insertion,,1,/home/konglingrui/.mathmodel/questionA/真机启发算法攻坚/A题研究/直接迭代/运行结果/持续联合冲刺_20260926/正式75配置_6并发/configurations/case_025_p3_n5/persistent/attempt_001/evaluations/attempts/20260926T130351-4fe20ff8b07844ff9c83d7ab894dae47/record.json,,1,,,,,False,1,,,,,,
case_025_p3_n5,case_025,3,5,existing_regression,persistent,4,visit,/home/konglingrui/.mathmodel/questionA/真机启发算法攻坚/A题研究/直接迭代/运行结果/持续联合冲刺_20260926/正式75配置_6并发/configurations/case_025_p3_n5/persistent/attempt_001/evaluations/attempts/20260926T130235-065beb471f444d00b921825cf6e5468e/record.json,insertion,,1,/home/konglingrui/.mathmodel/questionA/真机启发算法攻坚/A题研究/直接迭代/运行结果/持续联合冲刺_20260926/正式75配置_6并发/configurations/case_025_p3_n5/persistent/attempt_001/evaluations/attempts/20260926T130351-4fe20ff8b07844ff9c83d7ab894dae47/record.json,1,0,True,False,False,success,,,,,,,,
case_025_p3_n5,case_025,3,5,existing_regression,persistent,5,advance,/home/konglingrui/.mathmodel/questionA/真机启发算法攻坚/A题研究/直接迭代/运行结果/持续联合冲刺_20260926/正式75配置_6并发/configurations/case_025_p3_n5/persistent/attempt_001/evaluations/attempts/20260926T130255-d76ce997ca8f4dcb81961da570f1c5fc/record.json,insertion,,2,/home/konglingrui/.mathmodel/questionA/真机启发算法攻坚/A题研究/直接迭代/运行结果/持续联合冲刺_20260926/正式75配置_6并发/configurations/case_025_p3_n5/persistent/attempt_001/evaluations/attempts/20260926T130406-a4c393b7638c4511af60fb76a9a29aee/record.json,,1,,,,,False,1,,,,,,
case_025_p3_n5,case_025,3,5,existing_regression,persistent,6,visit,/home/konglingrui/.mathmodel/questionA/真机启发算法攻坚/A题研究/直接迭代/运行结果/持续联合冲刺_20260926/正式75配置_6并发/configurations/case_025_p3_n5/persistent/attempt_001/evaluations/attempts/20260926T130255-d76ce997ca8f4dcb81961da570f1c5fc/record.json,insertion,,2,/home/konglingrui/.mathmodel/questionA/真机启发算法攻坚/A题研究/直接迭代/运行结果/持续联合冲刺_20260926/正式75配置_6并发/configurations/case_025_p3_n5/persistent/attempt_001/evaluations/attempts/20260926T130406-a4c393b7638c4511af60fb76a9a29aee/record.json,1,0,True,False,False,success,,,,,,,,
case_025_p3_n5,case_025,3,5,existing_regression,persistent,7,observe,/home/konglingrui/.mathmodel/questionA/真机启发算法攻坚/A题研究/直接迭代/运行结果/持续联合冲刺_20260926/正式75配置_6并发/configurations/case_025_p3_n5/persistent/attempt_001/evaluations/attempts/20260926T130224-39505d31ff7745abb7618531d276924b/record.json,,,,,,0,,,,,,,"{'makespan': 942938, 'official_copy': {'original_graph_copy_bytes': 8217600, 'scheduled_copy_bytes': 8328192, 'added_copy_bytes': 110592, 'partition_added_copy_bytes': 110592, 'spill_added_copy_bytes': 0}, 'path_bytes': {'DDR': 8328192}, 'nominal_pool_work_cycles': {'DDR': 140942}, 'pool_occupancy': {'DDR': {'busy_cycles': 140942, 'overlap_cycles': 140864, 'peak_concurrent': 10}, 'CACHE_READ': {'busy_cycles': 0, 'overlap_cycles': 0, 'peak_concurrent': 0}}, 'projected_live_peak': {'0:L1': 118272, '0:UB': 9216, '1:L1': 118272, '1:UB': 9216, '2:L1': 118272, '2:UB': 9216, '3:L1': 118272, '3:UB': 9216, '4:L1': 118272, '4:UB': 9216}, 'projected_live_byte_cycles': {'0:L1': 104760023040, '0:UB': 5152794624, '1:L1': 104555501568, '1:UB': 5143418880, '2:L1': 104555501568, '2:UB': 5143418880, '3:L1': 104555501568, '3:UB': 5143418880, '4:L1': 104555501568, '4:UB': 5143418880}, 'memory_dependency_count': 50786, 'critical_chain_ops': 1606, 'critical_chain_memory_edges': 0, 'top_copy_waits': [{'task_id': 0, 'op_id': 1000026667, 'op': 'COPY_IN', 'subgraph_id': 0, 'pipe': 'PIPE_MTE2', 'start': 0, 'end': 770, 'duration': 770, 'memory_path': 'DDR', 'cache_hit': False, 'cache_tensor_id': 1000000001, 'core_id': 0, 'size_bytes': 9216, 'path': 'DDR', 'nominal_cycles': 154, 'duration_excess': 616, 'original_tensors': [1000000001], 'slack': 0, 'congestion_exposure': 616.0, 'wait_priority': 1386.0, 'task': 0}, {'task_id': 0, 'op_id': 1000026677, 'op': 'COPY_IN', 'subgraph_id': 5, 'pipe': 'PIPE_MTE2', 'start': 1030, 'end': 1800, 'duration': 770, 'memory_path': 'DDR', 'cache_hit': False, 'cache_tensor_id': 1000000003, 'core_id': 0, 'size_bytes': 9216, 'path': 'DDR', 'nominal_cycles': 154, 'duration_excess': 616, 'original_tensors': [1000000003], 'slack': 276, 'congestion_exposure': 616.0, 'wait_priority': 1372.6078236558149, 'task': 0}, {'task_id': 0, 'op_id': 1000026687, 'op': 'COPY_IN', 'subgraph_id': 10, 'pipe': 'PIPE_MTE2', 'start': 1800, 'end': 2570, 'duration': 770, 'memory_path': 'DDR', 'cache_hit': False, 'cache_tensor_id': 1000000005, 'core_id': 0, 'size_bytes': 9216, 'path': 'DDR', 'nominal_cycles': 154, 'duration_excess': 616, 'original_tensors': [1000000005], 'slack': 682, 'congestion_exposure': 616.0, 'wait_priority': 1353.3715073520527, 'task': 0}, {'task_id': 1, 'op_id': 1000026669, 'op': 'COPY_IN', 'subgraph_id': 3738, 'pipe': 'PIPE_MTE2', 'start': 0, 'end': 770, 'duration': 770, 'memory_path': 'DDR', 'cache_hit': False, 'cache_tensor_id': 1000000001, 'core_id': 1, 'size_bytes': 9216, 'path': 'DDR', 'nominal_cycles': 154, 'duration_excess': 616, 'original_tensors': [1000000001], 'slack': 1686, 'congestion_exposure': 616.0, 'wait_priority': 1308.0395981335912, 'task': 1}, {'task_id': 2, 'op_id': 1000026671, 'op': 'COPY_IN', 'subgraph_id': 7469, 'pipe': 'PIPE_MTE2', 'start': 0, 'end': 770, 'duration': 770, 'memory_path': 'DDR', 'cache_hit': False, 'cache_tensor_id': 1000000001, 'core_id': 2, 'size_bytes': 9216, 'path': 'DDR', 'nominal_cycles': 154, 'duration_excess': 616, 'original_tensors': [1000000001], 'slack': 1686, 'congestion_exposure': 616.0, 'wait_priority': 1308.0395981335912, 'task': 2}, {'task_id': 3, 'op_id': 1000026673, 'op': 'COPY_IN', 'subgraph_id': 11200, 'pipe': 'PIPE_MTE2', 'start': 0, 'end': 770, 'duration': 770, 'memory_path': 'DDR', 'cache_hit': False, 'cache_tensor_id': 1000000001, 'core_id': 3, 'size_bytes': 9216, 'path': 'DDR', 'nominal_cycles': 154, 'duration_excess': 616, 'original_tensors': [1000000001], 'slack': 1686, 'congestion_exposure': 616.0, 'wait_priority': 1308.0395981335912, 'task': 3}, {'task_id': 4, 'op_id': 1000026675, 'op': 'COPY_IN', 'subgraph_id': 14931, 'pipe': 'PIPE_MTE2', 'start': 0, 'end': 770, 'duration': 770, 'memory_path': 'DDR', 'cache_hit': False, 'cache_tensor_id': 1000000001, 'core_id': 4, 'size_bytes': 9216, 'path': 'DDR', 'nominal_cycles': 154, 'duration_excess': 616, 'original_tensors': [1000000001], 'slack': 1686, 'congestion_exposure': 616.0, 'wait_priority': 1308.0395981335912, 'task': 4}, {'task_id': 1, 'op_id': 1000026679, 'op': 'COPY_IN', 'subgraph_id': 3743, 'pipe': 'PIPE_MTE2', 'start': 1030, 'end': 1800, 'duration': 770, 'memory_path': 'DDR', 'cache_hit': False, 'cache_tensor_id': 1000000003, 'core_id': 1, 'size_bytes': 9216, 'path': 'DDR', 'nominal_cycles': 154, 'duration_excess': 616, 'original_tensors': [1000000003], 'slack': 1962, 'congestion_exposure': 616.0, 'wait_priority': 1296.1051433150394, 'task': 1}, {'task_id': 2, 'op_id': 1000026681, 'op': 'COPY_IN', 'subgraph_id': 7474, 'pipe': 'PIPE_MTE2', 'start': 1030, 'end': 1800, 'duration': 770, 'memory_path': 'DDR', 'cache_hit': False, 'cache_tensor_id': 1000000003, 'core_id': 2, 'size_bytes': 9216, 'path': 'DDR', 'nominal_cycles': 154, 'duration_excess': 616, 'original_tensors': [1000000003], 'slack': 1962, 'congestion_exposure': 616.0, 'wait_priority': 1296.1051433150394, 'task': 2}, {'task_id': 3, 'op_id': 1000026683, 'op': 'COPY_IN', 'subgraph_id': 11205, 'pipe': 'PIPE_MTE2', 'start': 1030, 'end': 1800, 'duration': 770, 'memory_path': 'DDR', 'cache_hit': False, 'cache_tensor_id': 1000000003, 'core_id': 3, 'size_bytes': 9216, 'path': 'DDR', 'nominal_cycles': 154, 'duration_excess': 616, 'original_tensors': [1000000003], 'slack': 1962, 'congestion_exposure': 616.0, 'wait_priority': 1296.1051433150394, 'task': 3}, {'task_id': 4, 'op_id': 1000026685, 'op': 'COPY_IN', 'subgraph_id': 14936, 'pipe': 'PIPE_MTE2', 'start': 1030, 'end': 1800, 'duration': 770, 'memory_path': 'DDR', 'cache_hit': False, 'cache_tensor_id': 1000000003, 'core_id': 4, 'size_bytes': 9216, 'path': 'DDR', 'nominal_cycles': 154, 'duration_excess': 616, 'original_tensors': [1000000003], 'slack': 1962, 'congestion_exposure': 616.0, 'wait_priority': 1296.1051433150394, 'task': 4}, {'task_id': 1, 'op_id': 1000026689, 'op': 'COPY_IN', 'subgraph_id': 3748, 'pipe': 'PIPE_MTE2', 'start': 1800, 'end': 2570, 'duration': 770, 'memory_path': 'DDR', 'cache_hit': False, 'cache_tensor_id': 1000000005, 'core_id': 1, 'size_bytes': 9216, 'path': 'DDR', 'nominal_cycles': 154, 'duration_excess': 616, 'original_tensors': [1000000005], 'slack': 2368, 'congestion_exposure': 616.0, 'wait_priority': 1278.939946124985, 'task': 1}, {'task_id': 2, 'op_id': 1000026691, 'op': 'COPY_IN', 'subgraph_id': 7479, 'pipe': 'PIPE_MTE2', 'start': 1800, 'end': 2570, 'duration': 770, 'memory_path': 'DDR', 'cache_hit': False, 'cache_tensor_id': 1000000005, 'core_id': 2, 'size_bytes': 9216, 'path': 'DDR', 'nominal_cycles': 154, 'duration_excess': 616, 'original_tensors': [1000000005], 'slack': 2368, 'congestion_exposure': 616.0, 'wait_priority': 1278.939946124985, 'task': 2}, {'task_id': 3, 'op_id': 1000026693, 'op': 'COPY_IN', 'subgraph_id': 11210, 'pipe': 'PIPE_MTE2', 'start': 1800, 'end': 2570, 'duration': 770, 'memory_path': 'DDR', 'cache_hit': False, 'cache_tensor_id': 1000000005, 'core_id': 3, 'size_bytes': 9216, 'path': 'DDR', 'nominal_cycles': 154, 'duration_excess': 616, 'original_tensors': [1000000005], 'slack': 2368, 'congestion_exposure': 616.0, 'wait_priority': 1278.939946124985, 'task': 3}, {'task_id': 4, 'op_id': 1000026695, 'op': 'COPY_IN', 'subgraph_id': 14941, 'pipe': 'PIPE_MTE2', 'start': 1800, 'end': 2570, 'duration': 770, 'memory_path': 'DDR', 'cache_hit': False, 'cache_tensor_id': 1000000005, 'core_id': 4, 'size_bytes': 9216, 'path': 'DDR', 'nominal_cycles': 154, 'duration_excess': 616, 'original_tensors': [1000000005], 'slack': 2368, 'congestion_exposure': 616.0, 'wait_priority': 1278.939946124985, 'task': 4}, {'task_id': 0, 'op_id': 1000026937, 'op': 'COPY_IN', 'subgraph_id': 82, 'pipe': 'PIPE_MTE2', 'start': 3870, 'end': 4124, 'duration': 254, 'memory_path': 'DDR', 'cache_hit': False, 'cache_tensor_id': 1000000547, 'core_id': 0, 'size_bytes': 1536, 'path': 'DDR', 'nominal_cycles': 26, 'duration_excess': 228, 'original_tensors': [1000000547], 'slack': 17356, 'congestion_exposure': 228.0, 'wait_priority': 298.72144551304945, 'task': 0}, {'task_id': 1, 'op_id': 1000026941, 'op': 'COPY_IN', 'subgraph_id': 3820, 'pipe': 'PIPE_MTE2', 'start': 3870, 'end': 4124, 'duration': 254, 'memory_path': 'DDR', 'cache_hit': False, 'cache_tensor_id': 1000000556, 'core_id': 1, 'size_bytes': 1536, 'path': 'DDR', 'nominal_cycles': 26, 'duration_excess': 228, 'original_tensors': [1000000556], 'slack': 19042, 'congestion_exposure': 228.0, 'wait_priority': 288.0803538717612, 'task': 1}, {'task_id': 2, 'op_id': 1000026945, 'op': 'COPY_IN', 'subgraph_id': 7551, 'pipe': 'PIPE_MTE2', 'start': 3870, 'end': 4124, 'duration': 254, 'memory_path': 'DDR', 'cache_hit': False, 'cache_tensor_id': 1000000565, 'core_id': 2, 'size_bytes': 1536, 'path': 'DDR', 'nominal_cycles': 26, 'duration_excess': 228, 'original_tensors': [1000000565], 'slack': 19042, 'congestion_exposure': 228.0, 'wait_priority': 288.0803538717612, 'task': 2}, {'task_id': 3, 'op_id': 1000026949, 'op': 'COPY_IN', 'subgraph_id': 11282, 'pipe': 'PIPE_MTE2', 'start': 3870, 'end': 4124, 'duration': 254, 'memory_path': 'DDR', 'cache_hit': False, 'cache_tensor_id': 1000000574, 'core_id': 3, 'size_bytes': 1536, 'path': 'DDR', 'nominal_cycles': 26, 'duration_excess': 228, 'original_tensors': [1000000574], 'slack': 19042, 'congestion_exposure': 228.0, 'wait_priority': 288.0803538717612, 'task': 3}, {'task_id': 4, 'op_id': 1000026953, 'op': 'COPY_IN', 'subgraph_id': 15013, 'pipe': 'PIPE_MTE2', 'start': 3870, 'end': 4124, 'duration': 254, 'memory_path': 'DDR', 'cache_hit': False, 'cache_tensor_id': 1000000583, 'core_id': 4, 'size_bytes': 1536, 'path': 'DDR', 'nominal_cycles': 26, 'duration_excess': 228, 'original_tensors': [1000000583], 'slack': 19042, 'congestion_exposure': 228.0, 'wait_priority': 288.0803538717612, 'task': 4}], 'compile_seconds': 9.6733826379932, 'limitations': 'Observed durations include dynamic contention; chain/slack and projected residency are ranking diagnostics, not removable-delay certificates.'}",,,,,
case_025_p3_n5,case_025,3,5,existing_regression,persistent,8,visit,/home/konglingrui/.mathmodel/questionA/真机启发算法攻坚/A题研究/直接迭代/运行结果/持续联合冲刺_20260926/正式75配置_6并发/configurations/case_025_p3_n5/persistent/attempt_001/evaluations/attempts/20260926T130224-39505d31ff7745abb7618531d276924b/record.json,joint,,0,/home/konglingrui/.mathmodel/questionA/真机启发算法攻坚/A题研究/直接迭代/运行结果/持续联合冲刺_20260926/正式75配置_6并发/configurations/case_025_p3_n5/persistent/attempt_001/evaluations/attempts/20260926T130433-8db0153f27604bf78fb159a714f84d39/record.json,0,0,False,False,False,success,,,,,,,,
case_025_p3_n5,case_025,3,5,existing_regression,persistent,9,advance,/home/konglingrui/.mathmodel/questionA/真机启发算法攻坚/A题研究/直接迭代/运行结果/持续联合冲刺_20260926/正式75配置_6并发/configurations/case_025_p3_n5/persistent/attempt_001/evaluations/attempts/20260926T130351-4fe20ff8b07844ff9c83d7ab894dae47/record.json,cache,,1,/home/konglingrui/.mathmodel/questionA/真机启发算法攻坚/A题研究/直接迭代/运行结果/持续联合冲刺_20260926/正式75配置_6并发/configurations/case_025_p3_n5/persistent/attempt_001/evaluations/attempts/20260926T130456-3bf0a41e7d0442c791bdb31c96f9082c/record.json,,2,,,,,False,2,,,,,,
case_025_p3_n5,case_025,3,5,existing_regression,persistent,10,visit,/home/konglingrui/.mathmodel/questionA/真机启发算法攻坚/A题研究/直接迭代/运行结果/持续联合冲刺_20260926/正式75配置_6并发/configurations/case_025_p3_n5/persistent/attempt_001/evaluations/attempts/20260926T130351-4fe20ff8b07844ff9c83d7ab894dae47/record.json,cache,,1,/home/konglingrui/.mathmodel/questionA/真机启发算法攻坚/A题研究/直接迭代/运行结果/持续联合冲刺_20260926/正式75配置_6并发/configurations/case_025_p3_n5/persistent/attempt_001/evaluations/attempts/20260926T130456-3bf0a41e7d0442c791bdb31c96f9082c/record.json,0,1,True,False,False,success,,,,,,,,
case_025_p3_n5,case_025,3,5,existing_regression,persistent,11,visit,/home/konglingrui/.mathmodel/questionA/真机启发算法攻坚/A题研究/直接迭代/运行结果/持续联合冲刺_20260926/正式75配置_6并发/configurations/case_025_p3_n5/persistent/attempt_001/evaluations/attempts/20260926T130406-a4c393b7638c4511af60fb76a9a29aee/record.json,cache,,2,/home/konglingrui/.mathmodel/questionA/真机启发算法攻坚/A题研究/直接迭代/运行结果/持续联合冲刺_20260926/正式75配置_6并发/configurations/case_025_p3_n5/persistent/attempt_001/evaluations/attempts/20260926T130526-fde5e16b4d724a4db300a2116ceb6256/record.json,0,1,False,False,False,success,,,,,,,,
case_025_p3_n5,case_025,3,5,existing_regression,persistent,12,visit,/home/konglingrui/.mathmodel/questionA/真机启发算法攻坚/A题研究/直接迭代/运行结果/持续联合冲刺_20260926/正式75配置_6并发/configurations/case_025_p3_n5/persistent/attempt_001/evaluations/attempts/20260926T130336-07be4183b5b54b25808743f7a50ea69d/record.json,cache,,0,/home/konglingrui/.mathmodel/questionA/真机启发算法攻坚/A题研究/直接迭代/运行结果/持续联合冲刺_20260926/正式75配置_6并发/configurations/case_025_p3_n5/persistent/attempt_001/evaluations/attempts/20260926T130555-066d685f51794e0ab878b3bb07a4b6a2/record.json,0,1,False,False,True,success,,,,,,,,
case_025_p3_n5,case_025,3,5,existing_regression,persistent,13,admit,,,,0,/home/konglingrui/.mathmodel/questionA/真机启发算法攻坚/A题研究/直接迭代/运行结果/持续联合冲刺_20260926/正式75配置_6并发/configurations/case_025_p3_n5/persistent/attempt_001/evaluations/attempts/20260926T130224-39505d31ff7745abb7618531d276924b/record.json,,,,,,,,,,2,whole_component_interleave,,,
case_025_p3_n5,case_025,3,5,existing_regression,persistent,14,admit,,,,1,/home/konglingrui/.mathmodel/questionA/真机启发算法攻坚/A题研究/直接迭代/运行结果/持续联合冲刺_20260926/正式75配置_6并发/configurations/case_025_p3_n5/persistent/attempt_001/evaluations/attempts/20260926T130235-065beb471f444d00b921825cf6e5468e/record.json,,,,,,,,,,2,critical_w100_control,,,
case_025_p3_n5,case_025,3,5,existing_regression,persistent,15,admit,,,,2,/home/konglingrui/.mathmodel/questionA/真机启发算法攻坚/A题研究/直接迭代/运行结果/持续联合冲刺_20260926/正式75配置_6并发/configurations/case_025_p3_n5/persistent/attempt_001/evaluations/attempts/20260926T130255-d76ce997ca8f4dcb81961da570f1c5fc/record.json,,,,,,,,,,2,stable_w100_control,,,
case_025_p3_n5,case_025,3,5,existing_regression,persistent,16,retire,,,,0,,0,,,,,,,,,,,completed_lease_stalled,3,
case_025_p3_n5,case_025,3,5,existing_regression,persistent,17,admit,,,,3,/home/konglingrui/.mathmodel/questionA/真机启发算法攻坚/A题研究/直接迭代/运行结果/持续联合冲刺_20260926/正式75配置_6并发/configurations/case_025_p3_n5/persistent/attempt_001/evaluations/attempts/20260926T130307-aa82a7f5146b449594411a5f30d55b8c/record.json,,,,,,,,,,2,stable_w200_joint,,,
case_047_p3_n1,case_047,3,1,core_regression,legacy,1,legacy_visit,/home/konglingrui/.mathmodel/questionA/真机启发算法攻坚/A题研究/直接迭代/运行结果/持续联合冲刺_20260926/正式75配置_6并发/configurations/case_047_p3_n1/legacy/attempt_001/evaluations/attempts/20260926T125655-07ef22a6087146c1a0b852b4f464e50e/record.json,legacy,False,,,,,,,,,,,,,,,,
case_047_p3_n1,case_047,3,1,core_regression,legacy,2,legacy_visit,/home/konglingrui/.mathmodel/questionA/真机启发算法攻坚/A题研究/直接迭代/运行结果/持续联合冲刺_20260926/正式75配置_6并发/configurations/case_047_p3_n1/legacy/attempt_001/evaluations/attempts/20260926T125655-07ef22a6087146c1a0b852b4f464e50e/record.json,region,False,,,,,,,,,,,,,,,,
case_047_p3_n1,case_047,3,1,core_regression,legacy,3,legacy_visit,/home/konglingrui/.mathmodel/questionA/真机启发算法攻坚/A题研究/直接迭代/运行结果/持续联合冲刺_20260926/正式75配置_6并发/configurations/case_047_p3_n1/legacy/attempt_001/evaluations/attempts/20260926T125709-aee55412a00340968e4f3dfc264cef78/record.json,legacy,False,,,,,,,,,,,,,,,,
case_047_p3_n1,case_047,3,1,core_regression,persistent,1,observe,/home/konglingrui/.mathmodel/questionA/真机启发算法攻坚/A题研究/直接迭代/运行结果/持续联合冲刺_20260926/正式75配置_6并发/configurations/case_047_p3_n1/persistent/attempt_001/evaluations/attempts/20260926T125413-eb1d88c5c02f4467996c2f05f0294ce4/record.json,,,,,,0,,,,,,,"{'makespan': 326508, 'official_copy': {'original_graph_copy_bytes': 463942, 'scheduled_copy_bytes': 463942, 'added_copy_bytes': 0, 'partition_added_copy_bytes': 0, 'spill_added_copy_bytes': 0}, 'path_bytes': {'DDR': 463942}, 'nominal_pool_work_cycles': {'DDR': 7979}, 'pool_occupancy': {'DDR': {'busy_cycles': 7979, 'overlap_cycles': 0, 'peak_concurrent': 1}, 'CACHE_READ': {'busy_cycles': 0, 'overlap_cycles': 0, 'peak_concurrent': 0}}, 'projected_live_peak': {'0:L1': 172800, '0:UB': 19846}, 'projected_live_byte_cycles': {'0:L1': 41712125440, '0:UB': 4852422326}, 'memory_dependency_count': 35646, 'critical_chain_ops': 11135, 'critical_chain_memory_edges': 0, 'top_copy_waits': [{'task_id': 0, 'op_id': 1000014304, 'op': 'COPY_IN', 'subgraph_id': 0, 'pipe': 'PIPE_MTE2', 'start': 513, 'end': 582, 'duration': 69, 'memory_path': 'DDR', 'cache_hit': False, 'cache_tensor_id': 1000000048, 'core_id': 0, 'size_bytes': 4096, 'path': 'DDR', 'nominal_cycles': 69, 'duration_excess': 0, 'original_tensors': [1000000048], 'slack': 6091, 'congestion_exposure': 0, 'wait_priority': 42.5444636364552, 'task': 0}, {'task_id': 0, 'op_id': 1000014306, 'op': 'COPY_IN', 'subgraph_id': 0, 'pipe': 'PIPE_MTE2', 'start': 582, 'end': 651, 'duration': 69, 'memory_path': 'DDR', 'cache_hit': False, 'cache_tensor_id': 1000000050, 'core_id': 0, 'size_bytes': 4096, 'path': 'DDR', 'nominal_cycles': 69, 'duration_excess': 0, 'original_tensors': [1000000050], 'slack': 6538, 'congestion_exposure': 0, 'wait_priority': 41.38012788644507, 'task': 0}, {'task_id': 0, 'op_id': 1000014282, 'op': 'COPY_IN', 'subgraph_id': 0, 'pipe': 'PIPE_MTE2', 'start': 21, 'end': 56, 'duration': 35, 'memory_path': 'DDR', 'cache_hit': False, 'cache_tensor_id': 1000000023, 'core_id': 0, 'size_bytes': 2048, 'path': 'DDR', 'nominal_cycles': 35, 'duration_excess': 0, 'original_tensors': [1000000023], 'slack': 157, 'congestion_exposure': 0, 'wait_priority': 34.44786299365771, 'task': 0}, {'task_id': 0, 'op_id': 1000014284, 'op': 'COPY_IN', 'subgraph_id': 0, 'pipe': 'PIPE_MTE2', 'start': 57, 'end': 92, 'duration': 35, 'memory_path': 'DDR', 'cache_hit': False, 'cache_tensor_id': 1000000026, 'core_id': 0, 'size_bytes': 2048, 'path': 'DDR', 'nominal_cycles': 35, 'duration_excess': 0, 'original_tensors': [1000000026], 'slack': 162, 'congestion_exposure': 0, 'wait_priority': 34.430565096352005, 'task': 0}, {'task_id': 0, 'op_id': 1000014308, 'op': 'COPY_IN', 'subgraph_id': 0, 'pipe': 'PIPE_MTE2', 'start': 228, 'end': 263, 'duration': 35, 'memory_path': 'DDR', 'cache_hit': False, 'cache_tensor_id': 1000000052, 'core_id': 0, 'size_bytes': 2048, 'path': 'DDR', 'nominal_cycles': 35, 'duration_excess': 0, 'original_tensors': [1000000052], 'slack': 2923, 'congestion_exposure': 0, 'wait_priority': 26.95604108744606, 'task': 0}, {'task_id': 0, 'op_id': 1000014310, 'op': 'COPY_IN', 'subgraph_id': 0, 'pipe': 'PIPE_MTE2', 'start': 263, 'end': 298, 'duration': 35, 'memory_path': 'DDR', 'cache_hit': False, 'cache_tensor_id': 1000000055, 'core_id': 0, 'size_bytes': 2048, 'path': 'DDR', 'nominal_cycles': 35, 'duration_excess': 0, 'original_tensors': [1000000055], 'slack': 2923, 'congestion_exposure': 0, 'wait_priority': 26.95604108744606, 'task': 0}, {'task_id': 0, 'op_id': 1000014286, 'op': 'COPY_IN', 'subgraph_id': 0, 'pipe': 'PIPE_MTE2', 'start': 478, 'end': 513, 'duration': 35, 'memory_path': 'DDR', 'cache_hit': False, 'cache_tensor_id': 1000000029, 'core_id': 0, 'size_bytes': 2048, 'path': 'DDR', 'nominal_cycles': 35, 'duration_excess': 0, 'original_tensors': [1000000029], 'slack': 5851, 'congestion_exposure': 0, 'wait_priority': 21.91155191279183, 'task': 0}, {'task_id': 0, 'op_id': 1000014334, 'op': 'COPY_IN', 'subgraph_id': 0, 'pipe': 'PIPE_MTE2', 'start': 651, 'end': 686, 'duration': 35, 'memory_path': 'DDR', 'cache_hit': False, 'cache_tensor_id': 1000001446, 'core_id': 0, 'size_bytes': 2048, 'path': 'DDR', 'nominal_cycles': 35, 'duration_excess': 0, 'original_tensors': [1000001446], 'slack': 7022, 'congestion_exposure': 0, 'wait_priority': 20.385830255142935, 'task': 0}, {'task_id': 0, 'op_id': 1000014336, 'op': 'COPY_IN', 'subgraph_id': 0, 'pipe': 'PIPE_MTE2', 'start': 686, 'end': 721, 'duration': 35, 'memory_path': 'DDR', 'cache_hit': False, 'cache_tensor_id': 1000001449, 'core_id': 0, 'size_bytes': 2048, 'path': 'DDR', 'nominal_cycles': 35, 'duration_excess': 0, 'original_tensors': [1000001449], 'slack': 7028, 'congestion_exposure': 0, 'wait_priority': 20.378559659138194, 'task': 0}, {'task_id': 0, 'op_id': 1000014260, 'op': 'COPY_IN', 'subgraph_id': 0, 'pipe': 'PIPE_MTE2', 'start': 0, 'end': 18, 'duration': 18, 'memory_path': 'DDR', 'cache_hit': False, 'cache_tensor_id': 1000000001, 'core_id': 0, 'size_bytes': 1024, 'path': 'DDR', 'nominal_cycles': 18, 'duration_excess': 0, 'original_tensors': [1000000001], 'slack': 0, 'congestion_exposure': 0, 'wait_priority': 18.0, 'task': 0}, {'task_id': 0, 'op_id': 1000014288, 'op': 'COPY_IN', 'subgraph_id': 0, 'pipe': 'PIPE_MTE2', 'start': 92, 'end': 110, 'duration': 18, 'memory_path': 'DDR', 'cache_hit': False, 'cache_tensor_id': 1000000032, 'core_id': 0, 'size_bytes': 1024, 'path': 'DDR', 'nominal_cycles': 18, 'duration_excess': 0, 'original_tensors': [1000000032], 'slack': 192, 'congestion_exposure': 0, 'wait_priority': 17.653958450983456, 'task': 0}, {'task_id': 0, 'op_id': 1000014290, 'op': 'COPY_IN', 'subgraph_id': 0, 'pipe': 'PIPE_MTE2', 'start': 110, 'end': 128, 'duration': 18, 'memory_path': 'DDR', 'cache_hit': False, 'cache_tensor_id': 1000000034, 'core_id': 0, 'size_bytes': 1024, 'path': 'DDR', 'nominal_cycles': 18, 'duration_excess': 0, 'original_tensors': [1000000034], 'slack': 250, 'congestion_exposure': 0, 'wait_priority': 17.55202663151901, 'task': 0}, {'task_id': 0, 'op_id': 1000014262, 'op': 'COPY_IN', 'subgraph_id': 0, 'pipe': 'PIPE_MTE2', 'start': 129, 'end': 147, 'duration': 18, 'memory_path': 'DDR', 'cache_hit': False, 'cache_tensor_id': 1000000003, 'core_id': 0, 'size_bytes': 1024, 'path': 'DDR', 'nominal_cycles': 18, 'duration_excess': 0, 'original_tensors': [1000000003], 'slack': 415, 'congestion_exposure': 0, 'wait_priority': 17.268381546369135, 'task': 0}, {'task_id': 0, 'op_id': 1000014264, 'op': 'COPY_IN', 'subgraph_id': 0, 'pipe': 'PIPE_MTE2', 'start': 147, 'end': 165, 'duration': 18, 'memory_path': 'DDR', 'cache_hit': False, 'cache_tensor_id': 1000000005, 'core_id': 0, 'size_bytes': 1024, 'path': 'DDR', 'nominal_cycles': 18, 'duration_excess': 0, 'original_tensors': [1000000005], 'slack': 904, 'congestion_exposure': 0, 'wait_priority': 16.47914431305401, 'task': 0}, {'task_id': 0, 'op_id': 1000014266, 'op': 'COPY_IN', 'subgraph_id': 0, 'pipe': 'PIPE_MTE2', 'start': 165, 'end': 183, 'duration': 18, 'memory_path': 'DDR', 'cache_hit': False, 'cache_tensor_id': 1000000007, 'core_id': 0, 'size_bytes': 1024, 'path': 'DDR', 'nominal_cycles': 18, 'duration_excess': 0, 'original_tensors': [1000000007], 'slack': 1354, 'congestion_exposure': 0, 'wait_priority': 15.81402140414952, 'task': 0}, {'task_id': 0, 'op_id': 1000014330, 'op': 'COPY_IN', 'subgraph_id': 0, 'pipe': 'PIPE_MTE2', 'start': 864, 'end': 933, 'duration': 69, 'memory_path': 'DDR', 'cache_hit': False, 'cache_tensor_id': 1000000077, 'core_id': 0, 'size_bytes': 4096, 'path': 'DDR', 'nominal_cycles': 69, 'duration_excess': 0, 'original_tensors': [1000000077], 'slack': 34302, 'congestion_exposure': 0, 'wait_priority': 15.326844945397943, 'task': 0}, {'task_id': 0, 'op_id': 1000014332, 'op': 'COPY_IN', 'subgraph_id': 0, 'pipe': 'PIPE_MTE2', 'start': 933, 'end': 1002, 'duration': 69, 'memory_path': 'DDR', 'cache_hit': False, 'cache_tensor_id': 1000000079, 'core_id': 0, 'size_bytes': 4096, 'path': 'DDR', 'nominal_cycles': 69, 'duration_excess': 0, 'original_tensors': [1000000079], 'slack': 34509, 'congestion_exposure': 0, 'wait_priority': 15.255234262002915, 'task': 0}, {'task_id': 0, 'op_id': 1000014268, 'op': 'COPY_IN', 'subgraph_id': 0, 'pipe': 'PIPE_MTE2', 'start': 183, 'end': 201, 'duration': 18, 'memory_path': 'DDR', 'cache_hit': False, 'cache_tensor_id': 1000000009, 'core_id': 0, 'size_bytes': 1024, 'path': 'DDR', 'nominal_cycles': 18, 'duration_excess': 0, 'original_tensors': [1000000009], 'slack': 1882, 'congestion_exposure': 0, 'wait_priority': 15.098972017360268, 'task': 0}, {'task_id': 0, 'op_id': 1000014270, 'op': 'COPY_IN', 'subgraph_id': 0, 'pipe': 'PIPE_MTE2', 'start': 201, 'end': 219, 'duration': 18, 'memory_path': 'DDR', 'cache_hit': False, 'cache_tensor_id': 1000000011, 'core_id': 0, 'size_bytes': 1024, 'path': 'DDR', 'nominal_cycles': 18, 'duration_excess': 0, 'original_tensors': [1000000011], 'slack': 2332, 'congestion_exposure': 0, 'wait_priority': 14.538701303841599, 'task': 0}, {'task_id': 0, 'op_id': 1000014356, 'op': 'COPY_IN', 'subgraph_id': 0, 'pipe': 'PIPE_MTE2', 'start': 1287, 'end': 1356, 'duration': 69, 'memory_path': 'DDR', 'cache_hit': False, 'cache_tensor_id': 1000001471, 'core_id': 0, 'size_bytes': 4096, 'path': 'DDR', 'nominal_cycles': 69, 'duration_excess': 0, 'original_tensors': [1000001471], 'slack': 37950, 'congestion_exposure': 0, 'wait_priority': 14.155789351985662, 'task': 0}], 'compile_seconds': 5.9456756050058175, 'limitations': 'Observed durations include dynamic contention; chain/slack and projected residency are ranking diagnostics, not removable-delay certificates.'}",,,,,
case_047_p3_n1,case_047,3,1,core_regression,persistent,2,visit,/home/konglingrui/.mathmodel/questionA/真机启发算法攻坚/A题研究/直接迭代/运行结果/持续联合冲刺_20260926/正式75配置_6并发/configurations/case_047_p3_n1/persistent/attempt_001/evaluations/attempts/20260926T125413-eb1d88c5c02f4467996c2f05f0294ce4/record.json,cache,,0,/home/konglingrui/.mathmodel/questionA/真机启发算法攻坚/A题研究/直接迭代/运行结果/持续联合冲刺_20260926/正式75配置_6并发/configurations/case_047_p3_n1/persistent/attempt_001/evaluations/attempts/20260926T125434-e8465f85ada747b3a9bf07f0ad965d89/record.json,1,0,False,False,True,success,,,,,,,,
case_047_p3_n1,case_047,3,1,core_regression,persistent,3,observe,/home/konglingrui/.mathmodel/questionA/真机启发算法攻坚/A题研究/直接迭代/运行结果/持续联合冲刺_20260926/正式75配置_6并发/configurations/case_047_p3_n1/persistent/attempt_001/evaluations/attempts/20260926T125419-58e3352339034209a3cfb687cd3f1c46/record.json,,,,,,0,,,,,,,"{'makespan': 277066, 'official_copy': {'original_graph_copy_bytes': 463942, 'scheduled_copy_bytes': 463942, 'added_copy_bytes': 0, 'partition_added_copy_bytes': 0, 'spill_added_copy_bytes': 0}, 'path_bytes': {'DDR': 463942}, 'nominal_pool_work_cycles': {'DDR': 7979}, 'pool_occupancy': {'DDR': {'busy_cycles': 7979, 'overlap_cycles': 0, 'peak_concurrent': 1}, 'CACHE_READ': {'busy_cycles': 0, 'overlap_cycles': 0, 'peak_concurrent': 0}}, 'projected_live_peak': {'0:L1': 192192, '0:UB': 72676}, 'projected_live_byte_cycles': {'0:L1': 27518149440, '0:UB': 9611821840}, 'memory_dependency_count': 36530, 'critical_chain_ops': 10368, 'critical_chain_memory_edges': 0, 'top_copy_waits': [{'task_id': 0, 'op_id': 1000014282, 'op': 'COPY_IN', 'subgraph_id': 5, 'pipe': 'PIPE_MTE2', 'start': 92, 'end': 127, 'duration': 35, 'memory_path': 'DDR', 'cache_hit': False, 'cache_tensor_id': 1000000023, 'core_id': 0, 'size_bytes': 2048, 'path': 'DDR', 'nominal_cycles': 35, 'duration_excess': 0, 'original_tensors': [1000000023], 'slack': 13, 'congestion_exposure': 0, 'wait_priority': 34.945345214042554, 'task': 0}, {'task_id': 0, 'op_id': 1000014284, 'op': 'COPY_IN', 'subgraph_id': 7, 'pipe': 'PIPE_MTE2', 'start': 145, 'end': 180, 'duration': 35, 'memory_path': 'DDR', 'cache_hit': False, 'cache_tensor_id': 1000000026, 'core_id': 0, 'size_bytes': 2048, 'path': 'DDR', 'nominal_cycles': 35, 'duration_excess': 0, 'original_tensors': [1000000026], 'slack': 369, 'congestion_exposure': 0, 'wait_priority': 33.51226474430307, 'task': 0}, {'task_id': 0, 'op_id': 1000014286, 'op': 'COPY_IN', 'subgraph_id': 21, 'pipe': 'PIPE_MTE2', 'start': 250, 'end': 285, 'duration': 35, 'memory_path': 'DDR', 'cache_hit': False, 'cache_tensor_id': 1000000029, 'core_id': 0, 'size_bytes': 2048, 'path': 'DDR', 'nominal_cycles': 35, 'duration_excess': 0, 'original_tensors': [1000000029], 'slack': 369, 'congestion_exposure': 0, 'wait_priority': 33.51226474430307, 'task': 0}, {'task_id': 0, 'op_id': 1000014308, 'op': 'COPY_IN', 'subgraph_id': 12, 'pipe': 'PIPE_MTE2', 'start': 180, 'end': 215, 'duration': 35, 'memory_path': 'DDR', 'cache_hit': False, 'cache_tensor_id': 1000000052, 'core_id': 0, 'size_bytes': 2048, 'path': 'DDR', 'nominal_cycles': 35, 'duration_excess': 0, 'original_tensors': [1000000052], 'slack': 369, 'congestion_exposure': 0, 'wait_priority': 33.51226474430307, 'task': 0}, {'task_id': 0, 'op_id': 1000014310, 'op': 'COPY_IN', 'subgraph_id': 14, 'pipe': 'PIPE_MTE2', 'start': 215, 'end': 250, 'duration': 35, 'memory_path': 'DDR', 'cache_hit': False, 'cache_tensor_id': 1000000055, 'core_id': 0, 'size_bytes': 2048, 'path': 'DDR', 'nominal_cycles': 35, 'duration_excess': 0, 'original_tensors': [1000000055], 'slack': 369, 'congestion_exposure': 0, 'wait_priority': 33.51226474430307, 'task': 0}, {'task_id': 0, 'op_id': 1000014312, 'op': 'COPY_IN', 'subgraph_id': 29, 'pipe': 'PIPE_MTE2', 'start': 285, 'end': 320, 'duration': 35, 'memory_path': 'DDR', 'cache_hit': False, 'cache_tensor_id': 1000000058, 'core_id': 0, 'size_bytes': 2048, 'path': 'DDR', 'nominal_cycles': 35, 'duration_excess': 0, 'original_tensors': [1000000058], 'slack': 369, 'congestion_exposure': 0, 'wait_priority': 33.51226474430307, 'task': 0}, {'task_id': 0, 'op_id': 1000014334, 'op': 'COPY_IN', 'subgraph_id': 43, 'pipe': 'PIPE_MTE2', 'start': 321, 'end': 356, 'duration': 35, 'memory_path': 'DDR', 'cache_hit': False, 'cache_tensor_id': 1000001446, 'core_id': 0, 'size_bytes': 2048, 'path': 'DDR', 'nominal_cycles': 35, 'duration_excess': 0, 'original_tensors': [1000001446], 'slack': 803, 'congestion_exposure': 0, 'wait_priority': 31.916614188950497, 'task': 0}, {'task_id': 0, 'op_id': 1000014336, 'op': 'COPY_IN', 'subgraph_id': 45, 'pipe': 'PIPE_MTE2', 'start': 356, 'end': 391, 'duration': 35, 'memory_path': 'DDR', 'cache_hit': False, 'cache_tensor_id': 1000001449, 'core_id': 0, 'size_bytes': 2048, 'path': 'DDR', 'nominal_cycles': 35, 'duration_excess': 0, 'original_tensors': [1000001449], 'slack': 803, 'congestion_exposure': 0, 'wait_priority': 31.916614188950497, 'task': 0}, {'task_id': 0, 'op_id': 1000014338, 'op': 'COPY_IN', 'subgraph_id': 52, 'pipe': 'PIPE_MTE2', 'start': 461, 'end': 496, 'duration': 35, 'memory_path': 'DDR', 'cache_hit': False, 'cache_tensor_id': 1000001452, 'core_id': 0, 'size_bytes': 2048, 'path': 'DDR', 'nominal_cycles': 35, 'duration_excess': 0, 'original_tensors': [1000001452], 'slack': 803, 'congestion_exposure': 0, 'wait_priority': 31.916614188950497, 'task': 0}, {'task_id': 0, 'op_id': 1000014360, 'op': 'COPY_IN', 'subgraph_id': 47, 'pipe': 'PIPE_MTE2', 'start': 391, 'end': 426, 'duration': 35, 'memory_path': 'DDR', 'cache_hit': False, 'cache_tensor_id': 1000001475, 'core_id': 0, 'size_bytes': 2048, 'path': 'DDR', 'nominal_cycles': 35, 'duration_excess': 0, 'original_tensors': [1000001475], 'slack': 803, 'congestion_exposure': 0, 'wait_priority': 31.916614188950497, 'task': 0}, {'task_id': 0, 'op_id': 1000014362, 'op': 'COPY_IN', 'subgraph_id': 48, 'pipe': 'PIPE_MTE2', 'start': 426, 'end': 461, 'duration': 35, 'memory_path': 'DDR', 'cache_hit': False, 'cache_tensor_id': 1000001478, 'core_id': 0, 'size_bytes': 2048, 'path': 'DDR', 'nominal_cycles': 35, 'duration_excess': 0, 'original_tensors': [1000001478], 'slack': 803, 'congestion_exposure': 0, 'wait_priority': 31.916614188950497, 'task': 0}, {'task_id': 0, 'op_id': 1000014364, 'op': 'COPY_IN', 'subgraph_id': 61, 'pipe': 'PIPE_MTE2', 'start': 506, 'end': 541, 'duration': 35, 'memory_path': 'DDR', 'cache_hit': False, 'cache_tensor_id': 1000001481, 'core_id': 0, 'size_bytes': 2048, 'path': 'DDR', 'nominal_cycles': 35, 'duration_excess': 0, 'original_tensors': [1000001481], 'slack': 1081, 'congestion_exposure': 0, 'wait_priority': 30.971991849232086, 'task': 0}, {'task_id': 0, 'op_id': 1000014304, 'op': 'COPY_IN', 'subgraph_id': 1236, 'pipe': 'PIPE_MTE2', 'start': 2474, 'end': 2543, 'duration': 69, 'memory_path': 'DDR', 'cache_hit': False, 'cache_tensor_id': 1000000048, 'core_id': 0, 'size_bytes': 4096, 'path': 'DDR', 'nominal_cycles': 69, 'duration_excess': 0, 'original_tensors': [1000000048], 'slack': 20389, 'congestion_exposure': 0, 'wait_priority': 19.98282358302748, 'task': 0}, {'task_id': 0, 'op_id': 1000014260, 'op': 'COPY_IN', 'subgraph_id': 0, 'pipe': 'PIPE_MTE2', 'start': 0, 'end': 18, 'duration': 18, 'memory_path': 'DDR', 'cache_hit': False, 'cache_tensor_id': 1000000001, 'core_id': 0, 'size_bytes': 1024, 'path': 'DDR', 'nominal_cycles': 18, 'duration_excess': 0, 'original_tensors': [1000000001], 'slack': 0, 'congestion_exposure': 0, 'wait_priority': 18.0, 'task': 0}, {'task_id': 0, 'op_id': 1000014262, 'op': 'COPY_IN', 'subgraph_id': 1, 'pipe': 'PIPE_MTE2', 'start': 18, 'end': 36, 'duration': 18, 'memory_path': 'DDR', 'cache_hit': False, 'cache_tensor_id': 1000000003, 'core_id': 0, 'size_bytes': 1024, 'path': 'DDR', 'nominal_cycles': 18, 'duration_excess': 0, 'original_tensors': [1000000003], 'slack': 10, 'congestion_exposure': 0, 'wait_priority': 17.978370532012814, 'task': 0}, {'task_id': 0, 'op_id': 1000014264, 'op': 'COPY_IN', 'subgraph_id': 2, 'pipe': 'PIPE_MTE2', 'start': 36, 'end': 54, 'duration': 18, 'memory_path': 'DDR', 'cache_hit': False, 'cache_tensor_id': 1000000005, 'core_id': 0, 'size_bytes': 1024, 'path': 'DDR', 'nominal_cycles': 18, 'duration_excess': 0, 'original_tensors': [1000000005], 'slack': 13, 'congestion_exposure': 0, 'wait_priority': 17.971891824364743, 'task': 0}, {'task_id': 0, 'op_id': 1000014266, 'op': 'COPY_IN', 'subgraph_id': 3, 'pipe': 'PIPE_MTE2', 'start': 54, 'end': 72, 'duration': 18, 'memory_path': 'DDR', 'cache_hit': False, 'cache_tensor_id': 1000000007, 'core_id': 0, 'size_bytes': 1024, 'path': 'DDR', 'nominal_cycles': 18, 'duration_excess': 0, 'original_tensors': [1000000007], 'slack': 13, 'congestion_exposure': 0, 'wait_priority': 17.971891824364743, 'task': 0}, {'task_id': 0, 'op_id': 1000014268, 'op': 'COPY_IN', 'subgraph_id': 4, 'pipe': 'PIPE_MTE2', 'start': 72, 'end': 90, 'duration': 18, 'memory_path': 'DDR', 'cache_hit': False, 'cache_tensor_id': 1000000009, 'core_id': 0, 'size_bytes': 1024, 'path': 'DDR', 'nominal_cycles': 18, 'duration_excess': 0, 'original_tensors': [1000000009], 'slack': 13, 'congestion_exposure': 0, 'wait_priority': 17.971891824364743, 'task': 0}, {'task_id': 0, 'op_id': 1000014270, 'op': 'COPY_IN', 'subgraph_id': 6, 'pipe': 'PIPE_MTE2', 'start': 127, 'end': 145, 'duration': 18, 'memory_path': 'DDR', 'cache_hit': False, 'cache_tensor_id': 1000000011, 'core_id': 0, 'size_bytes': 1024, 'path': 'DDR', 'nominal_cycles': 18, 'duration_excess': 0, 'original_tensors': [1000000011], 'slack': 13, 'congestion_exposure': 0, 'wait_priority': 17.971891824364743, 'task': 0}, {'task_id': 0, 'op_id': 1000014306, 'op': 'COPY_IN', 'subgraph_id': 1402, 'pipe': 'PIPE_MTE2', 'start': 2579, 'end': 2648, 'duration': 69, 'memory_path': 'DDR', 'cache_hit': False, 'cache_tensor_id': 1000000050, 'core_id': 0, 'size_bytes': 4096, 'path': 'DDR', 'nominal_cycles': 69, 'duration_excess': 0, 'original_tensors': [1000000050], 'slack': 23864, 'congestion_exposure': 0, 'wait_priority': 17.824682262980023, 'task': 0}], 'compile_seconds': 7.530645606020698, 'limitations': 'Observed durations include dynamic contention; chain/slack and projected residency are ranking diagnostics, not removable-delay certificates.'}",,,,,
case_047_p3_n1,case_047,3,1,core_regression,persistent,4,visit,/home/konglingrui/.mathmodel/questionA/真机启发算法攻坚/A题研究/直接迭代/运行结果/持续联合冲刺_20260926/正式75配置_6并发/configurations/case_047_p3_n1/persistent/attempt_001/evaluations/attempts/20260926T125419-58e3352339034209a3cfb687cd3f1c46/record.json,cache,,0,/home/konglingrui/.mathmodel/questionA/真机启发算法攻坚/A题研究/直接迭代/运行结果/持续联合冲刺_20260926/正式75配置_6并发/configurations/case_047_p3_n1/persistent/attempt_001/evaluations/attempts/20260926T125450-1ab99f212fca4b2b9aa695790163f84b/record.json,0,0,False,False,False,success,,,,,,,,
case_047_p3_n1,case_047,3,1,core_regression,persistent,5,observe,/home/konglingrui/.mathmodel/questionA/真机启发算法攻坚/A题研究/直接迭代/运行结果/持续联合冲刺_20260926/正式75配置_6并发/configurations/case_047_p3_n1/persistent/attempt_001/evaluations/attempts/20260926T125406-c083e597c38349ac94dd92b48e86e3b8/record.json,,,,,,0,,,,,,,"{'makespan': 326508, 'official_copy': {'original_graph_copy_bytes': 463942, 'scheduled_copy_bytes': 463942, 'added_copy_bytes': 0, 'partition_added_copy_bytes': 0, 'spill_added_copy_bytes': 0}, 'path_bytes': {'DDR': 463942}, 'nominal_pool_work_cycles': {'DDR': 7979}, 'pool_occupancy': {'DDR': {'busy_cycles': 7979, 'overlap_cycles': 0, 'peak_concurrent': 1}, 'CACHE_READ': {'busy_cycles': 0, 'overlap_cycles': 0, 'peak_concurrent': 0}}, 'projected_live_peak': {'0:L1': 172800, '0:UB': 19846}, 'projected_live_byte_cycles': {'0:L1': 41712125440, '0:UB': 4852422326}, 'memory_dependency_count': 35646, 'critical_chain_ops': 11135, 'critical_chain_memory_edges': 0, 'top_copy_waits': [{'task_id': 0, 'op_id': 1000014304, 'op': 'COPY_IN', 'subgraph_id': 0, 'pipe': 'PIPE_MTE2', 'start': 513, 'end': 582, 'duration': 69, 'memory_path': 'DDR', 'cache_hit': False, 'cache_tensor_id': 1000000048, 'core_id': 0, 'size_bytes': 4096, 'path': 'DDR', 'nominal_cycles': 69, 'duration_excess': 0, 'original_tensors': [1000000048], 'slack': 6091, 'congestion_exposure': 0, 'wait_priority': 42.5444636364552, 'task': 0}, {'task_id': 0, 'op_id': 1000014306, 'op': 'COPY_IN', 'subgraph_id': 0, 'pipe': 'PIPE_MTE2', 'start': 582, 'end': 651, 'duration': 69, 'memory_path': 'DDR', 'cache_hit': False, 'cache_tensor_id': 1000000050, 'core_id': 0, 'size_bytes': 4096, 'path': 'DDR', 'nominal_cycles': 69, 'duration_excess': 0, 'original_tensors': [1000000050], 'slack': 6538, 'congestion_exposure': 0, 'wait_priority': 41.38012788644507, 'task': 0}, {'task_id': 0, 'op_id': 1000014282, 'op': 'COPY_IN', 'subgraph_id': 0, 'pipe': 'PIPE_MTE2', 'start': 21, 'end': 56, 'duration': 35, 'memory_path': 'DDR', 'cache_hit': False, 'cache_tensor_id': 1000000023, 'core_id': 0, 'size_bytes': 2048, 'path': 'DDR', 'nominal_cycles': 35, 'duration_excess': 0, 'original_tensors': [1000000023], 'slack': 157, 'congestion_exposure': 0, 'wait_priority': 34.44786299365771, 'task': 0}, {'task_id': 0, 'op_id': 1000014284, 'op': 'COPY_IN', 'subgraph_id': 0, 'pipe': 'PIPE_MTE2', 'start': 57, 'end': 92, 'duration': 35, 'memory_path': 'DDR', 'cache_hit': False, 'cache_tensor_id': 1000000026, 'core_id': 0, 'size_bytes': 2048, 'path': 'DDR', 'nominal_cycles': 35, 'duration_excess': 0, 'original_tensors': [1000000026], 'slack': 162, 'congestion_exposure': 0, 'wait_priority': 34.430565096352005, 'task': 0}, {'task_id': 0, 'op_id': 1000014308, 'op': 'COPY_IN', 'subgraph_id': 0, 'pipe': 'PIPE_MTE2', 'start': 228, 'end': 263, 'duration': 35, 'memory_path': 'DDR', 'cache_hit': False, 'cache_tensor_id': 1000000052, 'core_id': 0, 'size_bytes': 2048, 'path': 'DDR', 'nominal_cycles': 35, 'duration_excess': 0, 'original_tensors': [1000000052], 'slack': 2923, 'congestion_exposure': 0, 'wait_priority': 26.95604108744606, 'task': 0}, {'task_id': 0, 'op_id': 1000014310, 'op': 'COPY_IN', 'subgraph_id': 0, 'pipe': 'PIPE_MTE2', 'start': 263, 'end': 298, 'duration': 35, 'memory_path': 'DDR', 'cache_hit': False, 'cache_tensor_id': 1000000055, 'core_id': 0, 'size_bytes': 2048, 'path': 'DDR', 'nominal_cycles': 35, 'duration_excess': 0, 'original_tensors': [1000000055], 'slack': 2923, 'congestion_exposure': 0, 'wait_priority': 26.95604108744606, 'task': 0}, {'task_id': 0, 'op_id': 1000014286, 'op': 'COPY_IN', 'subgraph_id': 0, 'pipe': 'PIPE_MTE2', 'start': 478, 'end': 513, 'duration': 35, 'memory_path': 'DDR', 'cache_hit': False, 'cache_tensor_id': 1000000029, 'core_id': 0, 'size_bytes': 2048, 'path': 'DDR', 'nominal_cycles': 35, 'duration_excess': 0, 'original_tensors': [1000000029], 'slack': 5851, 'congestion_exposure': 0, 'wait_priority': 21.91155191279183, 'task': 0}, {'task_id': 0, 'op_id': 1000014334, 'op': 'COPY_IN', 'subgraph_id': 0, 'pipe': 'PIPE_MTE2', 'start': 651, 'end': 686, 'duration': 35, 'memory_path': 'DDR', 'cache_hit': False, 'cache_tensor_id': 1000001446, 'core_id': 0, 'size_bytes': 2048, 'path': 'DDR', 'nominal_cycles': 35, 'duration_excess': 0, 'original_tensors': [1000001446], 'slack': 7022, 'congestion_exposure': 0, 'wait_priority': 20.385830255142935, 'task': 0}, {'task_id': 0, 'op_id': 1000014336, 'op': 'COPY_IN', 'subgraph_id': 0, 'pipe': 'PIPE_MTE2', 'start': 686, 'end': 721, 'duration': 35, 'memory_path': 'DDR', 'cache_hit': False, 'cache_tensor_id': 1000001449, 'core_id': 0, 'size_bytes': 2048, 'path': 'DDR', 'nominal_cycles': 35, 'duration_excess': 0, 'original_tensors': [1000001449], 'slack': 7028, 'congestion_exposure': 0, 'wait_priority': 20.378559659138194, 'task': 0}, {'task_id': 0, 'op_id': 1000014260, 'op': 'COPY_IN', 'subgraph_id': 0, 'pipe': 'PIPE_MTE2', 'start': 0, 'end': 18, 'duration': 18, 'memory_path': 'DDR', 'cache_hit': False, 'cache_tensor_id': 1000000001, 'core_id': 0, 'size_bytes': 1024, 'path': 'DDR', 'nominal_cycles': 18, 'duration_excess': 0, 'original_tensors': [1000000001], 'slack': 0, 'congestion_exposure': 0, 'wait_priority': 18.0, 'task': 0}, {'task_id': 0, 'op_id': 1000014288, 'op': 'COPY_IN', 'subgraph_id': 0, 'pipe': 'PIPE_MTE2', 'start': 92, 'end': 110, 'duration': 18, 'memory_path': 'DDR', 'cache_hit': False, 'cache_tensor_id': 1000000032, 'core_id': 0, 'size_bytes': 1024, 'path': 'DDR', 'nominal_cycles': 18, 'duration_excess': 0, 'original_tensors': [1000000032], 'slack': 192, 'congestion_exposure': 0, 'wait_priority': 17.653958450983456, 'task': 0}, {'task_id': 0, 'op_id': 1000014290, 'op': 'COPY_IN', 'subgraph_id': 0, 'pipe': 'PIPE_MTE2', 'start': 110, 'end': 128, 'duration': 18, 'memory_path': 'DDR', 'cache_hit': False, 'cache_tensor_id': 1000000034, 'core_id': 0, 'size_bytes': 1024, 'path': 'DDR', 'nominal_cycles': 18, 'duration_excess': 0, 'original_tensors': [1000000034], 'slack': 250, 'congestion_exposure': 0, 'wait_priority': 17.55202663151901, 'task': 0}, {'task_id': 0, 'op_id': 1000014262, 'op': 'COPY_IN', 'subgraph_id': 0, 'pipe': 'PIPE_MTE2', 'start': 129, 'end': 147, 'duration': 18, 'memory_path': 'DDR', 'cache_hit': False, 'cache_tensor_id': 1000000003, 'core_id': 0, 'size_bytes': 1024, 'path': 'DDR', 'nominal_cycles': 18, 'duration_excess': 0, 'original_tensors': [1000000003], 'slack': 415, 'congestion_exposure': 0, 'wait_priority': 17.268381546369135, 'task': 0}, {'task_id': 0, 'op_id': 1000014264, 'op': 'COPY_IN', 'subgraph_id': 0, 'pipe': 'PIPE_MTE2', 'start': 147, 'end': 165, 'duration': 18, 'memory_path': 'DDR', 'cache_hit': False, 'cache_tensor_id': 1000000005, 'core_id': 0, 'size_bytes': 1024, 'path': 'DDR', 'nominal_cycles': 18, 'duration_excess': 0, 'original_tensors': [1000000005], 'slack': 904, 'congestion_exposure': 0, 'wait_priority': 16.47914431305401, 'task': 0}, {'task_id': 0, 'op_id': 1000014266, 'op': 'COPY_IN', 'subgraph_id': 0, 'pipe': 'PIPE_MTE2', 'start': 165, 'end': 183, 'duration': 18, 'memory_path': 'DDR', 'cache_hit': False, 'cache_tensor_id': 1000000007, 'core_id': 0, 'size_bytes': 1024, 'path': 'DDR', 'nominal_cycles': 18, 'duration_excess': 0, 'original_tensors': [1000000007], 'slack': 1354, 'congestion_exposure': 0, 'wait_priority': 15.81402140414952, 'task': 0}, {'task_id': 0, 'op_id': 1000014330, 'op': 'COPY_IN', 'subgraph_id': 0, 'pipe': 'PIPE_MTE2', 'start': 864, 'end': 933, 'duration': 69, 'memory_path': 'DDR', 'cache_hit': False, 'cache_tensor_id': 1000000077, 'core_id': 0, 'size_bytes': 4096, 'path': 'DDR', 'nominal_cycles': 69, 'duration_excess': 0, 'original_tensors': [1000000077], 'slack': 34302, 'congestion_exposure': 0, 'wait_priority': 15.326844945397943, 'task': 0}, {'task_id': 0, 'op_id': 1000014332, 'op': 'COPY_IN', 'subgraph_id': 0, 'pipe': 'PIPE_MTE2', 'start': 933, 'end': 1002, 'duration': 69, 'memory_path': 'DDR', 'cache_hit': False, 'cache_tensor_id': 1000000079, 'core_id': 0, 'size_bytes': 4096, 'path': 'DDR', 'nominal_cycles': 69, 'duration_excess': 0, 'original_tensors': [1000000079], 'slack': 34509, 'congestion_exposure': 0, 'wait_priority': 15.255234262002915, 'task': 0}, {'task_id': 0, 'op_id': 1000014268, 'op': 'COPY_IN', 'subgraph_id': 0, 'pipe': 'PIPE_MTE2', 'start': 183, 'end': 201, 'duration': 18, 'memory_path': 'DDR', 'cache_hit': False, 'cache_tensor_id': 1000000009, 'core_id': 0, 'size_bytes': 1024, 'path': 'DDR', 'nominal_cycles': 18, 'duration_excess': 0, 'original_tensors': [1000000009], 'slack': 1882, 'congestion_exposure': 0, 'wait_priority': 15.098972017360268, 'task': 0}, {'task_id': 0, 'op_id': 1000014270, 'op': 'COPY_IN', 'subgraph_id': 0, 'pipe': 'PIPE_MTE2', 'start': 201, 'end': 219, 'duration': 18, 'memory_path': 'DDR', 'cache_hit': False, 'cache_tensor_id': 1000000011, 'core_id': 0, 'size_bytes': 1024, 'path': 'DDR', 'nominal_cycles': 18, 'duration_excess': 0, 'original_tensors': [1000000011], 'slack': 2332, 'congestion_exposure': 0, 'wait_priority': 14.538701303841599, 'task': 0}, {'task_id': 0, 'op_id': 1000014356, 'op': 'COPY_IN', 'subgraph_id': 0, 'pipe': 'PIPE_MTE2', 'start': 1287, 'end': 1356, 'duration': 69, 'memory_path': 'DDR', 'cache_hit': False, 'cache_tensor_id': 1000001471, 'core_id': 0, 'size_bytes': 4096, 'path': 'DDR', 'nominal_cycles': 69, 'duration_excess': 0, 'original_tensors': [1000001471], 'slack': 37950, 'congestion_exposure': 0, 'wait_priority': 14.155789351985662, 'task': 0}], 'compile_seconds': 6.938740877987584, 'limitations': 'Observed durations include dynamic contention; chain/slack and projected residency are ranking diagnostics, not removable-delay certificates.'}",,,,,
case_047_p3_n1,case_047,3,1,core_regression,persistent,6,advance_alternate,/home/konglingrui/.mathmodel/questionA/真机启发算法攻坚/A题研究/直接迭代/运行结果/持续联合冲刺_20260926/正式75配置_6并发/configurations/case_047_p3_n1/persistent/attempt_001/evaluations/attempts/20260926T125406-c083e597c38349ac94dd92b48e86e3b8/record.json,trace,,0,/home/konglingrui/.mathmodel/questionA/真机启发算法攻坚/A题研究/直接迭代/运行结果/持续联合冲刺_20260926/正式75配置_6并发/configurations/case_047_p3_n1/persistent/attempt_001/evaluations/attempts/20260926T125505-6a6e388c248340648d615d8e345ca254/record.json,,1,,,,,,3,,,,,,
case_047_p3_n1,case_047,3,1,core_regression,persistent,7,visit,/home/konglingrui/.mathmodel/questionA/真机启发算法攻坚/A题研究/直接迭代/运行结果/持续联合冲刺_20260926/正式75配置_6并发/configurations/case_047_p3_n1/persistent/attempt_001/evaluations/attempts/20260926T125406-c083e597c38349ac94dd92b48e86e3b8/record.json,trace,,0,/home/konglingrui/.mathmodel/questionA/真机启发算法攻坚/A题研究/直接迭代/运行结果/持续联合冲刺_20260926/正式75配置_6并发/configurations/case_047_p3_n1/persistent/attempt_001/evaluations/attempts/20260926T125505-6a6e388c248340648d615d8e345ca254/record.json,0,0,True,False,True,success,,,,,,,,
case_047_p3_n1,case_047,3,1,core_regression,persistent,8,visit,/home/konglingrui/.mathmodel/questionA/真机启发算法攻坚/A题研究/直接迭代/运行结果/持续联合冲刺_20260926/正式75配置_6并发/configurations/case_047_p3_n1/persistent/attempt_001/evaluations/attempts/20260926T125419-58e3352339034209a3cfb687cd3f1c46/record.json,trace,,0,/home/konglingrui/.mathmodel/questionA/真机启发算法攻坚/A题研究/直接迭代/运行结果/持续联合冲刺_20260926/正式75配置_6并发/configurations/case_047_p3_n1/persistent/attempt_001/evaluations/attempts/20260926T125513-96716e66a2f6408dafb37a30ea670f12/record.json,0,0,False,False,False,success,,,,,,,,
case_047_p3_n1,case_047,3,1,core_regression,persistent,9,observe,/home/konglingrui/.mathmodel/questionA/真机启发算法攻坚/A题研究/直接迭代/运行结果/持续联合冲刺_20260926/正式75配置_6并发/configurations/case_047_p3_n1/persistent/attempt_001/evaluations/attempts/20260926T125505-6a6e388c248340648d615d8e345ca254/record.json,,,,,,1,,,,,,,"{'makespan': 319389, 'official_copy': {'original_graph_copy_bytes': 463942, 'scheduled_copy_bytes': 463942, 'added_copy_bytes': 0, 'partition_added_copy_bytes': 0, 'spill_added_copy_bytes': 0}, 'path_bytes': {'DDR': 463942}, 'nominal_pool_work_cycles': {'DDR': 7979}, 'pool_occupancy': {'DDR': {'busy_cycles': 7979, 'overlap_cycles': 0, 'peak_concurrent': 1}, 'CACHE_READ': {'busy_cycles': 0, 'overlap_cycles': 0, 'peak_concurrent': 0}}, 'projected_live_peak': {'0:L1': 170624, '0:UB': 64550}, 'projected_live_byte_cycles': {'0:L1': 40068043904, '0:UB': 8809866770}, 'memory_dependency_count': 36110, 'critical_chain_ops': 11328, 'critical_chain_memory_edges': 0, 'top_copy_waits': [{'task_id': 0, 'op_id': 1000014282, 'op': 'COPY_IN', 'subgraph_id': 0, 'pipe': 'PIPE_MTE2', 'start': 21, 'end': 56, 'duration': 35, 'memory_path': 'DDR', 'cache_hit': False, 'cache_tensor_id': 1000000023, 'core_id': 0, 'size_bytes': 2048, 'path': 'DDR', 'nominal_cycles': 35, 'duration_excess': 0, 'original_tensors': [1000000023], 'slack': 157, 'congestion_exposure': 0, 'wait_priority': 34.435754574289916, 'task': 0}, {'task_id': 0, 'op_id': 1000014284, 'op': 'COPY_IN', 'subgraph_id': 0, 'pipe': 'PIPE_MTE2', 'start': 57, 'end': 92, 'duration': 35, 'memory_path': 'DDR', 'cache_hit': False, 'cache_tensor_id': 1000000026, 'core_id': 0, 'size_bytes': 2048, 'path': 'DDR', 'nominal_cycles': 35, 'duration_excess': 0, 'original_tensors': [1000000026], 'slack': 162, 'congestion_exposure': 0, 'wait_priority': 34.418083740520764, 'task': 0}, {'task_id': 0, 'op_id': 1000014308, 'op': 'COPY_IN', 'subgraph_id': 0, 'pipe': 'PIPE_MTE2', 'start': 228, 'end': 263, 'duration': 35, 'memory_path': 'DDR', 'cache_hit': False, 'cache_tensor_id': 1000000052, 'core_id': 0, 'size_bytes': 2048, 'path': 'DDR', 'nominal_cycles': 35, 'duration_excess': 0, 'original_tensors': [1000000052], 'slack': 2884, 'congestion_exposure': 0, 'wait_priority': 26.902561194063377, 'task': 0}, {'task_id': 0, 'op_id': 1000014310, 'op': 'COPY_IN', 'subgraph_id': 0, 'pipe': 'PIPE_MTE2', 'start': 263, 'end': 298, 'duration': 35, 'memory_path': 'DDR', 'cache_hit': False, 'cache_tensor_id': 1000000055, 'core_id': 0, 'size_bytes': 2048, 'path': 'DDR', 'nominal_cycles': 35, 'duration_excess': 0, 'original_tensors': [1000000055], 'slack': 2884, 'congestion_exposure': 0, 'wait_priority': 26.902561194063377, 'task': 0}, {'task_id': 0, 'op_id': 1000014304, 'op': 'COPY_IN', 'subgraph_id': 2, 'pipe': 'PIPE_MTE2', 'start': 513, 'end': 582, 'duration': 69, 'memory_path': 'DDR', 'cache_hit': False, 'cache_tensor_id': 1000000048, 'core_id': 0, 'size_bytes': 4096, 'path': 'DDR', 'nominal_cycles': 69, 'duration_excess': 0, 'original_tensors': [1000000048], 'slack': 18010, 'congestion_exposure': 0, 'wait_priority': 23.961406830394825, 'task': 0}, {'task_id': 0, 'op_id': 1000014306, 'op': 'COPY_IN', 'subgraph_id': 3, 'pipe': 'PIPE_MTE2', 'start': 618, 'end': 687, 'duration': 69, 'memory_path': 'DDR', 'cache_hit': False, 'cache_tensor_id': 1000000050, 'core_id': 0, 'size_bytes': 4096, 'path': 'DDR', 'nominal_cycles': 69, 'duration_excess': 0, 'original_tensors': [1000000050], 'slack': 25424, 'congestion_exposure': 0, 'wait_priority': 18.886518384021787, 'task': 0}, {'task_id': 0, 'op_id': 1000014260, 'op': 'COPY_IN', 'subgraph_id': 0, 'pipe': 'PIPE_MTE2', 'start': 0, 'end': 18, 'duration': 18, 'memory_path': 'DDR', 'cache_hit': False, 'cache_tensor_id': 1000000001, 'core_id': 0, 'size_bytes': 1024, 'path': 'DDR', 'nominal_cycles': 18, 'duration_excess': 0, 'original_tensors': [1000000001], 'slack': 0, 'congestion_exposure': 0, 'wait_priority': 18.0, 'task': 0}, {'task_id': 0, 'op_id': 1000014288, 'op': 'COPY_IN', 'subgraph_id': 0, 'pipe': 'PIPE_MTE2', 'start': 92, 'end': 110, 'duration': 18, 'memory_path': 'DDR', 'cache_hit': False, 'cache_tensor_id': 1000000032, 'core_id': 0, 'size_bytes': 1024, 'path': 'DDR', 'nominal_cycles': 18, 'duration_excess': 0, 'original_tensors': [1000000032], 'slack': 192, 'congestion_exposure': 0, 'wait_priority': 17.64639690106173, 'task': 0}, {'task_id': 0, 'op_id': 1000014290, 'op': 'COPY_IN', 'subgraph_id': 0, 'pipe': 'PIPE_MTE2', 'start': 110, 'end': 128, 'duration': 18, 'memory_path': 'DDR', 'cache_hit': False, 'cache_tensor_id': 1000000034, 'core_id': 0, 'size_bytes': 1024, 'path': 'DDR', 'nominal_cycles': 18, 'duration_excess': 0, 'original_tensors': [1000000034], 'slack': 250, 'congestion_exposure': 0, 'wait_priority': 17.542295459469244, 'task': 0}, {'task_id': 0, 'op_id': 1000014262, 'op': 'COPY_IN', 'subgraph_id': 0, 'pipe': 'PIPE_MTE2', 'start': 129, 'end': 147, 'duration': 18, 'memory_path': 'DDR', 'cache_hit': False, 'cache_tensor_id': 1000000003, 'core_id': 0, 'size_bytes': 1024, 'path': 'DDR', 'nominal_cycles': 18, 'duration_excess': 0, 'original_tensors': [1000000003], 'slack': 415, 'congestion_exposure': 0, 'wait_priority': 17.252751166138324, 'task': 0}, {'task_id': 0, 'op_id': 1000014264, 'op': 'COPY_IN', 'subgraph_id': 0, 'pipe': 'PIPE_MTE2', 'start': 147, 'end': 165, 'duration': 18, 'memory_path': 'DDR', 'cache_hit': False, 'cache_tensor_id': 1000000005, 'core_id': 0, 'size_bytes': 1024, 'path': 'DDR', 'nominal_cycles': 18, 'duration_excess': 0, 'original_tensors': [1000000005], 'slack': 904, 'congestion_exposure': 0, 'wait_priority': 16.44816783286142, 'task': 0}, {'task_id': 0, 'op_id': 1000014330, 'op': 'COPY_IN', 'subgraph_id': 3, 'pipe': 'PIPE_MTE2', 'start': 864, 'end': 933, 'duration': 69, 'memory_path': 'DDR', 'cache_hit': False, 'cache_tensor_id': 1000000077, 'core_id': 0, 'size_bytes': 4096, 'path': 'DDR', 'nominal_cycles': 69, 'duration_excess': 0, 'original_tensors': [1000000077], 'slack': 32053, 'congestion_exposure': 0, 'wait_priority': 15.87943965930317, 'task': 0}, {'task_id': 0, 'op_id': 1000014332, 'op': 'COPY_IN', 'subgraph_id': 3, 'pipe': 'PIPE_MTE2', 'start': 933, 'end': 1002, 'duration': 69, 'memory_path': 'DDR', 'cache_hit': False, 'cache_tensor_id': 1000000079, 'core_id': 0, 'size_bytes': 4096, 'path': 'DDR', 'nominal_cycles': 69, 'duration_excess': 0, 'original_tensors': [1000000079], 'slack': 32260, 'congestion_exposure': 0, 'wait_priority': 15.80088055758769, 'task': 0}, {'task_id': 0, 'op_id': 1000014266, 'op': 'COPY_IN', 'subgraph_id': 0, 'pipe': 'PIPE_MTE2', 'start': 165, 'end': 183, 'duration': 18, 'memory_path': 'DDR', 'cache_hit': False, 'cache_tensor_id': 1000000007, 'core_id': 0, 'size_bytes': 1024, 'path': 'DDR', 'nominal_cycles': 18, 'duration_excess': 0, 'original_tensors': [1000000007], 'slack': 1354, 'congestion_exposure': 0, 'wait_priority': 15.771329968808494, 'task': 0}, {'task_id': 0, 'op_id': 1000014268, 'op': 'COPY_IN', 'subgraph_id': 0, 'pipe': 'PIPE_MTE2', 'start': 183, 'end': 201, 'duration': 18, 'memory_path': 'DDR', 'cache_hit': False, 'cache_tensor_id': 1000000009, 'core_id': 0, 'size_bytes': 1024, 'path': 'DDR', 'nominal_cycles': 18, 'duration_excess': 0, 'original_tensors': [1000000009], 'slack': 1843, 'congestion_exposure': 0, 'wait_priority': 15.096283743863061, 'task': 0}, {'task_id': 0, 'op_id': 1000014270, 'op': 'COPY_IN', 'subgraph_id': 0, 'pipe': 'PIPE_MTE2', 'start': 201, 'end': 219, 'duration': 18, 'memory_path': 'DDR', 'cache_hit': False, 'cache_tensor_id': 1000000011, 'core_id': 0, 'size_bytes': 1024, 'path': 'DDR', 'nominal_cycles': 18, 'duration_excess': 0, 'original_tensors': [1000000011], 'slack': 2293, 'congestion_exposure': 0, 'wait_priority': 14.524198146137955, 'task': 0}, {'task_id': 0, 'op_id': 1000014316, 'op': 'COPY_IN', 'subgraph_id': 0, 'pipe': 'PIPE_MTE2', 'start': 298, 'end': 316, 'duration': 18, 'memory_path': 'DDR', 'cache_hit': False, 'cache_tensor_id': 1000000063, 'core_id': 0, 'size_bytes': 1024, 'path': 'DDR', 'nominal_cycles': 18, 'duration_excess': 0, 'original_tensors': [1000000063], 'slack': 2906, 'congestion_exposure': 0, 'wait_priority': 13.811228195492033, 'task': 0}, {'task_id': 0, 'op_id': 1000014294, 'op': 'COPY_IN', 'subgraph_id': 0, 'pipe': 'PIPE_MTE2', 'start': 316, 'end': 334, 'duration': 18, 'memory_path': 'DDR', 'cache_hit': False, 'cache_tensor_id': 1000000038, 'core_id': 0, 'size_bytes': 1024, 'path': 'DDR', 'nominal_cycles': 18, 'duration_excess': 0, 'original_tensors': [1000000038], 'slack': 2960, 'congestion_exposure': 0, 'wait_priority': 13.751761926442013, 'task': 0}, {'task_id': 0, 'op_id': 1000014296, 'op': 'COPY_IN', 'subgraph_id': 0, 'pipe': 'PIPE_MTE2', 'start': 334, 'end': 352, 'duration': 18, 'memory_path': 'DDR', 'cache_hit': False, 'cache_tensor_id': 1000000040, 'core_id': 0, 'size_bytes': 1024, 'path': 'DDR', 'nominal_cycles': 18, 'duration_excess': 0, 'original_tensors': [1000000040], 'slack': 3018, 'congestion_exposure': 0, 'wait_priority': 13.688458507246619, 'task': 0}, {'task_id': 0, 'op_id': 1000014812, 'op': 'COPY_OUT', 'subgraph_id': 31, 'pipe': 'PIPE_MTE3', 'start': 316236, 'end': 316254, 'duration': 18, 'memory_path': 'DDR', 'core_id': 0, 'size_bytes': 1024, 'path': 'DDR', 'nominal_cycles': 18, 'duration_excess': 0, 'original_tensors': [1000014232], 'slack': 3126, 'congestion_exposure': 0, 'wait_priority': 13.57212297769772, 'task': 0}], 'compile_seconds': 7.522138524975162, 'limitations': 'Observed durations include dynamic contention; chain/slack and projected residency are ranking diagnostics, not removable-delay certificates.'}",,,,,
case_047_p3_n1,case_047,3,1,core_regression,persistent,10,visit,/home/konglingrui/.mathmodel/questionA/真机启发算法攻坚/A题研究/直接迭代/运行结果/持续联合冲刺_20260926/正式75配置_6并发/configurations/case_047_p3_n1/persistent/attempt_001/evaluations/attempts/20260926T125505-6a6e388c248340648d615d8e345ca254/record.json,cache,,0,/home/konglingrui/.mathmodel/questionA/真机启发算法攻坚/A题研究/直接迭代/运行结果/持续联合冲刺_20260926/正式75配置_6并发/configurations/case_047_p3_n1/persistent/attempt_001/evaluations/attempts/20260926T125528-ea540d777ba04440b1c9c1b3f3da87e7/record.json,0,1,False,False,True,success,,,,,,,,
case_047_p3_n1,case_047,3,1,core_regression,persistent,11,admit,,,,0,/home/konglingrui/.mathmodel/questionA/真机启发算法攻坚/A题研究/直接迭代/运行结果/持续联合冲刺_20260926/正式75配置_6并发/configurations/case_047_p3_n1/persistent/attempt_001/evaluations/attempts/20260926T125419-58e3352339034209a3cfb687cd3f1c46/record.json,,,,,,,,,,2,stable_w200_joint,,,
case_047_p3_n1,case_047,3,1,core_regression,persistent,12,retire,,,,0,,0,,,,,,,,,,,exhausted,5,
case_053_p3_n5,case_053,3,5,existing_regression,legacy,1,legacy_visit,/home/konglingrui/.mathmodel/questionA/真机启发算法攻坚/A题研究/直接迭代/运行结果/持续联合冲刺_20260926/正式75配置_6并发/configurations/case_053_p3_n5/legacy/attempt_001/evaluations/attempts/20260926T125843-61fe188285bb46b0b4f696ecfd93ae83/record.json,legacy,False,,,,,,,,,,,,,,,,
case_053_p3_n5,case_053,3,5,existing_regression,legacy,2,legacy_visit,/home/konglingrui/.mathmodel/questionA/真机启发算法攻坚/A题研究/直接迭代/运行结果/持续联合冲刺_20260926/正式75配置_6并发/configurations/case_053_p3_n5/legacy/attempt_001/evaluations/attempts/20260926T125912-bedcc27aa66c4bd8ab0b905505fcaea8/record.json,region,False,,,,,,,,,,,,,,,,
case_053_p3_n5,case_053,3,5,existing_regression,legacy,3,legacy_visit,/home/konglingrui/.mathmodel/questionA/真机启发算法攻坚/A题研究/直接迭代/运行结果/持续联合冲刺_20260926/正式75配置_6并发/configurations/case_053_p3_n5/legacy/attempt_001/evaluations/attempts/20260926T125945-76c7bf6171d24830b275e09b5439387e/record.json,region,False,,,,,,,,,,,,,,,,
case_053_p3_n5,case_053,3,5,existing_regression,legacy,4,legacy_visit,/home/konglingrui/.mathmodel/questionA/真机启发算法攻坚/A题研究/直接迭代/运行结果/持续联合冲刺_20260926/正式75配置_6并发/configurations/case_053_p3_n5/legacy/attempt_001/evaluations/attempts/20260926T125843-61fe188285bb46b0b4f696ecfd93ae83/record.json,legacy,False,,,,,,,,,,,,,,,,
case_053_p3_n5,case_053,3,5,existing_regression,legacy,5,legacy_visit,/home/konglingrui/.mathmodel/questionA/真机启发算法攻坚/A题研究/直接迭代/运行结果/持续联合冲刺_20260926/正式75配置_6并发/configurations/case_053_p3_n5/legacy/attempt_001/evaluations/attempts/20260926T130046-e16369b568434afe9bcdb1248e82aa39/record.json,region,False,,,,,,,,,,,,,,,,
case_053_p3_n5,case_053,3,5,existing_regression,legacy,6,legacy_visit,/home/konglingrui/.mathmodel/questionA/真机启发算法攻坚/A题研究/直接迭代/运行结果/持续联合冲刺_20260926/正式75配置_6并发/configurations/case_053_p3_n5/legacy/attempt_001/evaluations/attempts/20260926T125912-bedcc27aa66c4bd8ab0b905505fcaea8/record.json,legacy,False,,,,,,,,,,,,,,,,
case_053_p3_n5,case_053,3,5,existing_regression,persistent,1,observe,/home/konglingrui/.mathmodel/questionA/真机启发算法攻坚/A题研究/直接迭代/运行结果/持续联合冲刺_20260926/正式75配置_6并发/configurations/case_053_p3_n5/persistent/attempt_001/evaluations/attempts/20260926T125437-762edcc0e21b458d9b63df14c7142aea/record.json,,,,,,0,,,,,,,"{'makespan': 325708, 'official_copy': {'original_graph_copy_bytes': 2995288, 'scheduled_copy_bytes': 13039550, 'added_copy_bytes': 10044262, 'partition_added_copy_bytes': 10044262, 'spill_added_copy_bytes': 0}, 'path_bytes': {'DDR': 8779916, 'CACHE_READ': 4259634}, 'nominal_pool_work_cycles': {'DDR': 148854, 'CACHE_READ': 17375}, 'pool_occupancy': {'DDR': {'busy_cycles': 148854, 'overlap_cycles': 68462, 'peak_concurrent': 7}, 'CACHE_READ': {'busy_cycles': 17375, 'overlap_cycles': 1116, 'peak_concurrent': 3}}, 'projected_live_peak': {'0:L1': 304512, '0:UB': 50692, '1:L1': 331536, '1:UB': 28468, '2:L1': 382880, '2:UB': 40612, '3:L1': 186912, '3:UB': 48582, '4:L1': 378768, '4:UB': 29378}, 'projected_live_byte_cycles': {'0:L1': 27935530672, '0:UB': 5586327198, '1:L1': 31057435376, '1:UB': 3215610652, '2:L1': 26060321296, '2:UB': 4169889060, '3:L1': 19588773344, '3:UB': 4102775494, '4:L1': 22956741488, '4:UB': 2883977978}, 'memory_dependency_count': 36234, 'critical_chain_ops': 1402, 'critical_chain_memory_edges': 0, 'top_copy_waits': [{'task_id': 0, 'op_id': 1000012979, 'op': 'COPY_IN', 'subgraph_id': 1184, 'pipe': 'PIPE_MTE2', 'start': 60498, 'end': 62877, 'duration': 2379, 'memory_path': 'DDR', 'cache_hit': False, 'cache_tensor_id': 1000000391, 'core_id': 0, 'size_bytes': 73728, 'path': 'DDR', 'nominal_cycles': 1229, 'duration_excess': 1150, 'original_tensors': [1000000391], 'slack': 0, 'congestion_exposure': 1152.0, 'wait_priority': 3531.0, 'task': 0}, {'task_id': 1, 'op_id': 1000013021, 'op': 'COPY_IN', 'subgraph_id': 5385, 'pipe': 'PIPE_MTE2', 'start': 149587, 'end': 151934, 'duration': 2347, 'memory_path': 'DDR', 'cache_hit': False, 'cache_tensor_id': 1000000401, 'core_id': 1, 'size_bytes': 73728, 'path': 'DDR', 'nominal_cycles': 1229, 'duration_excess': 1118, 'original_tensors': [1000000401], 'slack': 536, 'congestion_exposure': 1119.3333333333333, 'wait_priority': 3286.076090204555, 'task': 1}, {'task_id': 2, 'op_id': 1000014985, 'op': 'COPY_IN', 'subgraph_id': 4484, 'pipe': 'PIPE_MTE2', 'start': 122659, 'end': 123919, 'duration': 1260, 'memory_path': 'DDR', 'cache_hit': False, 'cache_tensor_id': 1000004172, 'core_id': 2, 'size_bytes': 20736, 'path': 'DDR', 'nominal_cycles': 346, 'duration_excess': 914, 'original_tensors': [1000004172], 'slack': 0, 'congestion_exposure': 914.1166666666666, 'wait_priority': 2174.116666666667, 'task': 2}, {'task_id': 1, 'op_id': 1000012981, 'op': 'COPY_IN', 'subgraph_id': 4213, 'pipe': 'PIPE_MTE2', 'start': 117765, 'end': 119430, 'duration': 1665, 'memory_path': 'DDR', 'cache_hit': False, 'cache_tensor_id': 1000000391, 'core_id': 1, 'size_bytes': 73728, 'path': 'DDR', 'nominal_cycles': 1229, 'duration_excess': 436, 'original_tensors': [1000000391], 'slack': 1670, 'congestion_exposure': 436.6666666666667, 'wait_priority': 1794.9006751016495, 'task': 1}, {'task_id': 4, 'op_id': 1000014989, 'op': 'COPY_IN', 'subgraph_id': 4445, 'pipe': 'PIPE_MTE2', 'start': 122262, 'end': 123415, 'duration': 1153, 'memory_path': 'DDR', 'cache_hit': False, 'cache_tensor_id': 1000004172, 'core_id': 4, 'size_bytes': 20736, 'path': 'DDR', 'nominal_cycles': 346, 'duration_excess': 807, 'original_tensors': [1000004172], 'slack': 1074, 'congestion_exposure': 807.05, 'wait_priority': 1765.9469925976744, 'task': 4}, {'task_id': 1, 'op_id': 1000013013, 'op': 'COPY_IN', 'subgraph_id': 5133, 'pipe': 'PIPE_MTE2', 'start': 129641, 'end': 132251, 'duration': 2610, 'memory_path': 'DDR', 'cache_hit': False, 'cache_tensor_id': 1000000399, 'core_id': 1, 'size_bytes': 73728, 'path': 'DDR', 'nominal_cycles': 1229, 'duration_excess': 1381, 'original_tensors': [1000000399], 'slack': 14903, 'congestion_exposure': 1382.083333333333, 'wait_priority': 1580.9039852899218, 'task': 1}, {'task_id': 4, 'op_id': 1000014999, 'op': 'COPY_IN', 'subgraph_id': 4546, 'pipe': 'PIPE_MTE2', 'start': 123415, 'end': 124580, 'duration': 1165, 'memory_path': 'DDR', 'cache_hit': False, 'cache_tensor_id': 1000004174, 'core_id': 4, 'size_bytes': 20736, 'path': 'DDR', 'nominal_cycles': 346, 'duration_excess': 819, 'original_tensors': [1000004174], 'slack': 2645, 'congestion_exposure': 819.0666666666666, 'wait_priority': 1561.4059953738006, 'task': 4}, {'task_id': 0, 'op_id': 1000016328, 'op': 'COPY_IN', 'subgraph_id': 7295, 'pipe': 'PIPE_MTE2', 'start': 192903, 'end': 193801, 'duration': 898, 'memory_path': 'DDR', 'cache_hit': False, 'cache_tensor_id': 1000006243, 'core_id': 0, 'size_bytes': 20736, 'path': 'DDR', 'nominal_cycles': 346, 'duration_excess': 552, 'original_tensors': [1000006243], 'slack': 0, 'congestion_exposure': 552.1666666666667, 'wait_priority': 1450.1666666666667, 'task': 0}, {'task_id': 4, 'op_id': 1000017750, 'op': 'COPY_IN', 'subgraph_id': 9455, 'pipe': 'PIPE_MTE2', 'start': 242463, 'end': 243345, 'duration': 882, 'memory_path': 'DDR', 'cache_hit': False, 'cache_tensor_id': 1000008277, 'core_id': 4, 'size_bytes': 20736, 'path': 'DDR', 'nominal_cycles': 346, 'duration_excess': 536, 'original_tensors': [1000008277], 'slack': 0, 'congestion_exposure': 535.8333333333334, 'wait_priority': 1417.8333333333335, 'task': 4}, {'task_id': 2, 'op_id': 1000017752, 'op': 'COPY_IN', 'subgraph_id': 9464, 'pipe': 'PIPE_MTE2', 'start': 243042, 'end': 243899, 'duration': 857, 'memory_path': 'DDR', 'cache_hit': False, 'cache_tensor_id': 1000008279, 'core_id': 2, 'size_bytes': 20736, 'path': 'DDR', 'nominal_cycles': 346, 'duration_excess': 511, 'original_tensors': [1000008279], 'slack': 463, 'congestion_exposure': 511.16666666666663, 'wait_priority': 1306.2704079638547, 'task': 2}, {'task_id': 3, 'op_id': 1000013763, 'op': 'COPY_IN', 'subgraph_id': 2302, 'pipe': 'PIPE_MTE2', 'start': 72010, 'end': 73022, 'duration': 1012, 'memory_path': 'DDR', 'cache_hit': False, 'cache_tensor_id': 1000002140, 'core_id': 3, 'size_bytes': 20736, 'path': 'DDR', 'nominal_cycles': 346, 'duration_excess': 666, 'original_tensors': [1000002140], 'slack': 2878, 'congestion_exposure': 666.0, 'wait_priority': 1296.2154817206408, 'task': 3}, {'task_id': 0, 'op_id': 1000012963, 'op': 'COPY_IN', 'subgraph_id': 661, 'pipe': 'PIPE_MTE2', 'start': 50379, 'end': 51678, 'duration': 1299, 'memory_path': 'DDR', 'cache_hit': False, 'cache_tensor_id': 1000000387, 'core_id': 0, 'size_bytes': 73728, 'path': 'DDR', 'nominal_cycles': 1229, 'duration_excess': 70, 'original_tensors': [1000000387], 'slack': 692, 'congestion_exposure': 70.0, 'wait_priority': 1278.4594026324542, 'task': 0}, {'task_id': 3, 'op_id': 1000013671, 'op': 'COPY_IN', 'subgraph_id': 9, 'pipe': 'PIPE_MTE2', 'start': 885, 'end': 1608, 'duration': 723, 'memory_path': 'DDR', 'cache_hit': False, 'cache_tensor_id': 1000002105, 'core_id': 3, 'size_bytes': 10368, 'path': 'DDR', 'nominal_cycles': 173, 'duration_excess': 550, 'original_tensors': [1000002105], 'slack': 0, 'congestion_exposure': 550.0, 'wait_priority': 1273.0, 'task': 3}, {'task_id': 2, 'op_id': 1000016330, 'op': 'COPY_IN', 'subgraph_id': 7294, 'pipe': 'PIPE_MTE2', 'start': 192791, 'end': 193604, 'duration': 813, 'memory_path': 'DDR', 'cache_hit': False, 'cache_tensor_id': 1000006243, 'core_id': 2, 'size_bytes': 20736, 'path': 'DDR', 'nominal_cycles': 346, 'duration_excess': 467, 'original_tensors': [1000006243], 'slack': 98, 'congestion_exposure': 467.16666666666674, 'wait_priority': 1267.4548131365739, 'task': 2}, {'task_id': 2, 'op_id': 1000016334, 'op': 'COPY_IN', 'subgraph_id': 7314, 'pipe': 'PIPE_MTE2', 'start': 193604, 'end': 194415, 'duration': 811, 'memory_path': 'DDR', 'cache_hit': False, 'cache_tensor_id': 1000006245, 'core_id': 2, 'size_bytes': 20736, 'path': 'DDR', 'nominal_cycles': 346, 'duration_excess': 465, 'original_tensors': [1000006245], 'slack': 223, 'congestion_exposure': 465.0, 'wait_priority': 1247.5288005891393, 'task': 2}, {'task_id': 0, 'op_id': 1000013553, 'op': 'COPY_IN', 'subgraph_id': 5363, 'pipe': 'PIPE_MTE2', 'start': 151888, 'end': 152661, 'duration': 773, 'memory_path': 'DDR', 'cache_hit': False, 'cache_tensor_id': 1000002013, 'core_id': 0, 'size_bytes': 18432, 'path': 'DDR', 'nominal_cycles': 308, 'duration_excess': 465, 'original_tensors': [1000002013], 'slack': 264, 'congestion_exposure': 465.16666666666663, 'wait_priority': 1205.5938532611078, 'task': 0}, {'task_id': 4, 'op_id': 1000013059, 'op': 'COPY_IN', 'subgraph_id': 5310, 'pipe': 'PIPE_MTE2', 'start': 151117, 'end': 151868, 'duration': 751, 'memory_path': 'DDR', 'cache_hit': False, 'cache_tensor_id': 1000000411, 'core_id': 4, 'size_bytes': 18432, 'path': 'DDR', 'nominal_cycles': 308, 'duration_excess': 443, 'original_tensors': [1000000411], 'slack': 0, 'congestion_exposure': 443.01666666666665, 'wait_priority': 1194.0166666666667, 'task': 4}, {'task_id': 0, 'op_id': 1000012987, 'op': 'COPY_IN', 'subgraph_id': 2324, 'pipe': 'PIPE_MTE2', 'start': 72772, 'end': 74325, 'duration': 1553, 'memory_path': 'DDR', 'cache_hit': False, 'cache_tensor_id': 1000000393, 'core_id': 0, 'size_bytes': 73728, 'path': 'DDR', 'nominal_cycles': 1229, 'duration_excess': 324, 'original_tensors': [1000000393], 'slack': 5747, 'congestion_exposure': 324.0, 'wait_priority': 1181.8748440544805, 'task': 0}, {'task_id': 1, 'op_id': 1000012989, 'op': 'COPY_IN', 'subgraph_id': 4785, 'pipe': 'PIPE_MTE2', 'start': 124656, 'end': 126068, 'duration': 1412, 'memory_path': 'DDR', 'cache_hit': False, 'cache_tensor_id': 1000000393, 'core_id': 1, 'size_bytes': 73728, 'path': 'DDR', 'nominal_cycles': 1229, 'duration_excess': 183, 'original_tensors': [1000000393], 'slack': 3706, 'congestion_exposure': 183.0, 'wait_priority': 1156.403521789328, 'task': 1}, {'task_id': 2, 'op_id': 1000013239, 'op': 'COPY_IN', 'subgraph_id': 3, 'pipe': 'PIPE_MTE2', 'start': 25, 'end': 710, 'duration': 685, 'memory_path': 'DDR', 'cache_hit': False, 'cache_tensor_id': 1000000581, 'core_id': 2, 'size_bytes': 8192, 'path': 'DDR', 'nominal_cycles': 137, 'duration_excess': 548, 'original_tensors': [1000000581], 'slack': 693, 'congestion_exposure': 548.0, 'wait_priority': 1151.343902662783, 'task': 2}], 'compile_seconds': 5.45188969001174, 'limitations': 'Observed durations include dynamic contention; chain/slack and projected residency are ranking diagnostics, not removable-delay certificates.'}",,,,,
case_053_p3_n5,case_053,3,5,existing_regression,persistent,2,visit,/home/konglingrui/.mathmodel/questionA/真机启发算法攻坚/A题研究/直接迭代/运行结果/持续联合冲刺_20260926/正式75配置_6并发/configurations/case_053_p3_n5/persistent/attempt_001/evaluations/attempts/20260926T125437-762edcc0e21b458d9b63df14c7142aea/record.json,joint,,0,/home/konglingrui/.mathmodel/questionA/真机启发算法攻坚/A题研究/直接迭代/运行结果/持续联合冲刺_20260926/正式75配置_6并发/configurations/case_053_p3_n5/persistent/attempt_001/evaluations/attempts/20260926T125458-17b566e09fdd4273bc660cdedd409628/record.json,1,0,False,False,False,success,,,,,,,,
case_053_p3_n5,case_053,3,5,existing_regression,persistent,3,advance,/home/konglingrui/.mathmodel/questionA/真机启发算法攻坚/A题研究/直接迭代/运行结果/持续联合冲刺_20260926/正式75配置_6并发/configurations/case_053_p3_n5/persistent/attempt_001/evaluations/attempts/20260926T125408-e0e27e7fb27e43ec955de61146925ded/record.json,insertion,,1,/home/konglingrui/.mathmodel/questionA/真机启发算法攻坚/A题研究/直接迭代/运行结果/持续联合冲刺_20260926/正式75配置_6并发/configurations/case_053_p3_n5/persistent/attempt_001/evaluations/attempts/20260926T125504-6ad448875fe240aaafd79da1b2cb3a85/record.json,,1,,,,,False,1,,,,,,
case_053_p3_n5,case_053,3,5,existing_regression,persistent,4,visit,/home/konglingrui/.mathmodel/questionA/真机启发算法攻坚/A题研究/直接迭代/运行结果/持续联合冲刺_20260926/正式75配置_6并发/configurations/case_053_p3_n5/persistent/attempt_001/evaluations/attempts/20260926T125408-e0e27e7fb27e43ec955de61146925ded/record.json,insertion,,1,/home/konglingrui/.mathmodel/questionA/真机启发算法攻坚/A题研究/直接迭代/运行结果/持续联合冲刺_20260926/正式75配置_6并发/configurations/case_053_p3_n5/persistent/attempt_001/evaluations/attempts/20260926T125504-6ad448875fe240aaafd79da1b2cb3a85/record.json,1,0,True,False,True,success,,,,,,,,
case_053_p3_n5,case_053,3,5,existing_regression,persistent,5,advance,/home/konglingrui/.mathmodel/questionA/真机启发算法攻坚/A题研究/直接迭代/运行结果/持续联合冲刺_20260926/正式75配置_6并发/configurations/case_053_p3_n5/persistent/attempt_001/evaluations/attempts/20260926T125422-3cc5a9340c4945a190508b877e1ef7a9/record.json,insertion,,2,/home/konglingrui/.mathmodel/questionA/真机启发算法攻坚/A题研究/直接迭代/运行结果/持续联合冲刺_20260926/正式75配置_6并发/configurations/case_053_p3_n5/persistent/attempt_001/evaluations/attempts/20260926T125511-d55ab941288547298204ffb19949c76c/record.json,,1,,,,,False,1,,,,,,
case_053_p3_n5,case_053,3,5,existing_regression,persistent,6,visit,/home/konglingrui/.mathmodel/questionA/真机启发算法攻坚/A题研究/直接迭代/运行结果/持续联合冲刺_20260926/正式75配置_6并发/configurations/case_053_p3_n5/persistent/attempt_001/evaluations/attempts/20260926T125422-3cc5a9340c4945a190508b877e1ef7a9/record.json,insertion,,2,/home/konglingrui/.mathmodel/questionA/真机启发算法攻坚/A题研究/直接迭代/运行结果/持续联合冲刺_20260926/正式75配置_6并发/configurations/case_053_p3_n5/persistent/attempt_001/evaluations/attempts/20260926T125511-d55ab941288547298204ffb19949c76c/record.json,1,0,True,False,False,success,,,,,,,,
case_053_p3_n5,case_053,3,5,existing_regression,persistent,7,visit,/home/konglingrui/.mathmodel/questionA/真机启发算法攻坚/A题研究/直接迭代/运行结果/持续联合冲刺_20260926/正式75配置_6并发/configurations/case_053_p3_n5/persistent/attempt_001/evaluations/attempts/20260926T125437-762edcc0e21b458d9b63df14c7142aea/record.json,cache,,0,/home/konglingrui/.mathmodel/questionA/真机启发算法攻坚/A题研究/直接迭代/运行结果/持续联合冲刺_20260926/正式75配置_6并发/configurations/case_053_p3_n5/persistent/attempt_001/evaluations/attempts/20260926T125521-2689f0fe28224aa98b375a5ff586678a/record.json,0,0,False,False,False,success,,,,,,,,
case_053_p3_n5,case_053,3,5,existing_regression,persistent,8,advance,/home/konglingrui/.mathmodel/questionA/真机启发算法攻坚/A题研究/直接迭代/运行结果/持续联合冲刺_20260926/正式75配置_6并发/configurations/case_053_p3_n5/persistent/attempt_001/evaluations/attempts/20260926T125432-3f0a49ad65d74cab9450e2f9a78fe061/record.json,insertion,,3,/home/konglingrui/.mathmodel/questionA/真机启发算法攻坚/A题研究/直接迭代/运行结果/持续联合冲刺_20260926/正式75配置_6并发/configurations/case_053_p3_n5/persistent/attempt_001/evaluations/attempts/20260926T125526-5a71ce1e66e04736b23c48419d42a105/record.json,,1,,,,,False,1,,,,,,
case_053_p3_n5,case_053,3,5,existing_regression,persistent,9,visit,/home/konglingrui/.mathmodel/questionA/真机启发算法攻坚/A题研究/直接迭代/运行结果/持续联合冲刺_20260926/正式75配置_6并发/configurations/case_053_p3_n5/persistent/attempt_001/evaluations/attempts/20260926T125432-3f0a49ad65d74cab9450e2f9a78fe061/record.json,insertion,,3,/home/konglingrui/.mathmodel/questionA/真机启发算法攻坚/A题研究/直接迭代/运行结果/持续联合冲刺_20260926/正式75配置_6并发/configurations/case_053_p3_n5/persistent/attempt_001/evaluations/attempts/20260926T125526-5a71ce1e66e04736b23c48419d42a105/record.json,1,0,True,False,False,success,,,,,,,,
case_053_p3_n5,case_053,3,5,existing_regression,persistent,10,observe,/home/konglingrui/.mathmodel/questionA/真机启发算法攻坚/A题研究/直接迭代/运行结果/持续联合冲刺_20260926/正式75配置_6并发/configurations/case_053_p3_n5/persistent/attempt_001/evaluations/attempts/20260926T125504-6ad448875fe240aaafd79da1b2cb3a85/record.json,,,,,,1,,,,,,,"{'makespan': 374457, 'official_copy': {'original_graph_copy_bytes': 2995288, 'scheduled_copy_bytes': 6242980, 'added_copy_bytes': 3247692, 'partition_added_copy_bytes': 3104256, 'spill_added_copy_bytes': 143436}, 'path_bytes': {'DDR': 6118364, 'CACHE_READ': 124616}, 'nominal_pool_work_cycles': {'DDR': 102319, 'CACHE_READ': 510}, 'pool_occupancy': {'DDR': {'busy_cycles': 102319, 'overlap_cycles': 86045, 'peak_concurrent': 6}, 'CACHE_READ': {'busy_cycles': 510, 'overlap_cycles': 506, 'peak_concurrent': 2}}, 'projected_live_peak': {'0:L1': 417552, '0:UB': 130946, '1:L1': 492544, '1:UB': 27648, '2:L1': 492544, '2:UB': 18432, '3:L1': 492544, '3:UB': 18432, '4:L1': 492544, '4:UB': 27648}, 'projected_live_byte_cycles': {'0:L1': 41541479776, '0:UB': 23260563768, '1:L1': 52410725888, '1:UB': 946802558, '2:L1': 51564927872, '2:UB': 441391132, '3:L1': 51564927872, '3:UB': 441391184, '4:L1': 52410725888, '4:UB': 946813526}, 'memory_dependency_count': 35066, 'critical_chain_ops': 3404, 'critical_chain_memory_edges': 4, 'top_copy_waits': [{'task_id': 0, 'op_id': 1000013138, 'op': 'COPY_IN', 'subgraph_id': 1991, 'pipe': 'PIPE_MTE2', 'start': 50821, 'end': 52551, 'duration': 1730, 'memory_path': 'DDR', 'cache_hit': False, 'cache_tensor_id': 1000002138, 'core_id': 0, 'size_bytes': 20736, 'path': 'DDR', 'nominal_cycles': 346, 'duration_excess': 1384, 'original_tensors': [1000002138], 'slack': 2807, 'congestion_exposure': 1384.0, 'wait_priority': 2491.4532769354255, 'task': 0}, {'task_id': 0, 'op_id': 1000013108, 'op': 'COPY_IN', 'subgraph_id': 11, 'pipe': 'PIPE_MTE2', 'start': 1465, 'end': 2330, 'duration': 865, 'memory_path': 'DDR', 'cache_hit': False, 'cache_tensor_id': 1000002105, 'core_id': 0, 'size_bytes': 10368, 'path': 'DDR', 'nominal_cycles': 173, 'duration_excess': 692, 'original_tensors': [1000002105], 'slack': 0, 'congestion_exposure': 692.0, 'wait_priority': 1557.0, 'task': 0}, {'task_id': 0, 'op_id': 1000013110, 'op': 'COPY_IN', 'subgraph_id': 14, 'pipe': 'PIPE_MTE2', 'start': 2330, 'end': 3195, 'duration': 865, 'memory_path': 'DDR', 'cache_hit': False, 'cache_tensor_id': 1000002108, 'core_id': 0, 'size_bytes': 10368, 'path': 'DDR', 'nominal_cycles': 173, 'duration_excess': 692, 'original_tensors': [1000002108], 'slack': 0, 'congestion_exposure': 692.0, 'wait_priority': 1557.0, 'task': 0}, {'task_id': 0, 'op_id': 1000013142, 'op': 'COPY_IN', 'subgraph_id': 24, 'pipe': 'PIPE_MTE2', 'start': 3195, 'end': 4060, 'duration': 865, 'memory_path': 'DDR', 'cache_hit': False, 'cache_tensor_id': 1000002142, 'core_id': 0, 'size_bytes': 10368, 'path': 'DDR', 'nominal_cycles': 173, 'duration_excess': 692, 'original_tensors': [1000002142], 'slack': 0, 'congestion_exposure': 692.0, 'wait_priority': 1557.0, 'task': 0}, {'task_id': 1, 'op_id': 1000012766, 'op': 'COPY_IN', 'subgraph_id': 2836, 'pipe': 'PIPE_MTE2', 'start': 58410, 'end': 64487, 'duration': 6077, 'memory_path': 'DDR', 'cache_hit': False, 'cache_tensor_id': 1000000393, 'core_id': 1, 'size_bytes': 73728, 'path': 'DDR', 'nominal_cycles': 1229, 'duration_excess': 4848, 'original_tensors': [1000000393], 'slack': 165159, 'congestion_exposure': 4848.0, 'wait_priority': 695.7673123226011, 'task': 1}, {'task_id': 4, 'op_id': 1000012772, 'op': 'COPY_IN', 'subgraph_id': 2839, 'pipe': 'PIPE_MTE2', 'start': 58410, 'end': 64487, 'duration': 6077, 'memory_path': 'DDR', 'cache_hit': False, 'cache_tensor_id': 1000000393, 'core_id': 4, 'size_bytes': 73728, 'path': 'DDR', 'nominal_cycles': 1229, 'duration_excess': 4848, 'original_tensors': [1000000393], 'slack': 165159, 'congestion_exposure': 4848.0, 'wait_priority': 695.7673123226011, 'task': 4}, {'task_id': 2, 'op_id': 1000012768, 'op': 'COPY_IN', 'subgraph_id': 2837, 'pipe': 'PIPE_MTE2', 'start': 58410, 'end': 64487, 'duration': 6077, 'memory_path': 'DDR', 'cache_hit': False, 'cache_tensor_id': 1000000393, 'core_id': 2, 'size_bytes': 73728, 'path': 'DDR', 'nominal_cycles': 1229, 'duration_excess': 4848, 'original_tensors': [1000000393], 'slack': 170516, 'congestion_exposure': 4848.0, 'wait_priority': 675.2598491078747, 'task': 2}, {'task_id': 3, 'op_id': 1000012770, 'op': 'COPY_IN', 'subgraph_id': 2838, 'pipe': 'PIPE_MTE2', 'start': 58410, 'end': 64487, 'duration': 6077, 'memory_path': 'DDR', 'cache_hit': False, 'cache_tensor_id': 1000000393, 'core_id': 3, 'size_bytes': 73728, 'path': 'DDR', 'nominal_cycles': 1229, 'duration_excess': 4848, 'original_tensors': [1000000393], 'slack': 170516, 'congestion_exposure': 4848.0, 'wait_priority': 675.2598491078747, 'task': 3}, {'task_id': 0, 'op_id': 1000013144, 'op': 'COPY_IN', 'subgraph_id': 35, 'pipe': 'PIPE_MTE2', 'start': 4060, 'end': 4477, 'duration': 417, 'memory_path': 'DDR', 'cache_hit': False, 'cache_tensor_id': 1000002145, 'core_id': 0, 'size_bytes': 10368, 'path': 'DDR', 'nominal_cycles': 173, 'duration_excess': 244, 'original_tensors': [1000002145], 'slack': 0, 'congestion_exposure': 244.0, 'wait_priority': 661.0, 'task': 0}, {'task_id': 1, 'op_id': 1000012734, 'op': 'COPY_IN', 'subgraph_id': 2530, 'pipe': 'PIPE_MTE2', 'start': 18762, 'end': 24615, 'duration': 5853, 'memory_path': 'DDR', 'cache_hit': False, 'cache_tensor_id': 1000000385, 'core_id': 1, 'size_bytes': 73728, 'path': 'DDR', 'nominal_cycles': 1229, 'duration_excess': 4624, 'original_tensors': [1000000385], 'slack': 183738, 'congestion_exposure': 4623.85, 'wait_priority': 603.646009021001, 'task': 1}, {'task_id': 4, 'op_id': 1000012740, 'op': 'COPY_IN', 'subgraph_id': 2533, 'pipe': 'PIPE_MTE2', 'start': 18762, 'end': 24615, 'duration': 5853, 'memory_path': 'DDR', 'cache_hit': False, 'cache_tensor_id': 1000000385, 'core_id': 4, 'size_bytes': 73728, 'path': 'DDR', 'nominal_cycles': 1229, 'duration_excess': 4624, 'original_tensors': [1000000385], 'slack': 183738, 'congestion_exposure': 4623.85, 'wait_priority': 603.646009021001, 'task': 4}, {'task_id': 2, 'op_id': 1000012736, 'op': 'COPY_IN', 'subgraph_id': 2531, 'pipe': 'PIPE_MTE2', 'start': 18762, 'end': 24615, 'duration': 5853, 'memory_path': 'DDR', 'cache_hit': False, 'cache_tensor_id': 1000000385, 'core_id': 2, 'size_bytes': 73728, 'path': 'DDR', 'nominal_cycles': 1229, 'duration_excess': 4624, 'original_tensors': [1000000385], 'slack': 189095, 'congestion_exposure': 4623.85, 'wait_priority': 587.5038810637776, 'task': 2}, {'task_id': 3, 'op_id': 1000012738, 'op': 'COPY_IN', 'subgraph_id': 2532, 'pipe': 'PIPE_MTE2', 'start': 18762, 'end': 24615, 'duration': 5853, 'memory_path': 'DDR', 'cache_hit': False, 'cache_tensor_id': 1000000385, 'core_id': 3, 'size_bytes': 73728, 'path': 'DDR', 'nominal_cycles': 1229, 'duration_excess': 4624, 'original_tensors': [1000000385], 'slack': 189095, 'congestion_exposure': 4623.85, 'wait_priority': 587.5038810637776, 'task': 3}, {'task_id': 1, 'op_id': 1000012774, 'op': 'COPY_IN', 'subgraph_id': 2875, 'pipe': 'PIPE_MTE2', 'start': 67130, 'end': 72220, 'duration': 5090, 'memory_path': 'DDR', 'cache_hit': False, 'cache_tensor_id': 1000000395, 'core_id': 1, 'size_bytes': 73728, 'path': 'DDR', 'nominal_cycles': 1229, 'duration_excess': 3861, 'original_tensors': [1000000395], 'slack': 162516, 'congestion_exposure': 3861.0, 'wait_priority': 578.7229124583862, 'task': 1}, {'task_id': 1, 'op_id': 1000012782, 'op': 'COPY_IN', 'subgraph_id': 2927, 'pipe': 'PIPE_MTE2', 'start': 72220, 'end': 77310, 'duration': 5090, 'memory_path': 'DDR', 'cache_hit': False, 'cache_tensor_id': 1000000397, 'core_id': 1, 'size_bytes': 73728, 'path': 'DDR', 'nominal_cycles': 1229, 'duration_excess': 3861, 'original_tensors': [1000000397], 'slack': 162516, 'congestion_exposure': 3861.0, 'wait_priority': 578.7229124583862, 'task': 1}, {'task_id': 4, 'op_id': 1000012780, 'op': 'COPY_IN', 'subgraph_id': 2878, 'pipe': 'PIPE_MTE2', 'start': 67130, 'end': 72220, 'duration': 5090, 'memory_path': 'DDR', 'cache_hit': False, 'cache_tensor_id': 1000000395, 'core_id': 4, 'size_bytes': 73728, 'path': 'DDR', 'nominal_cycles': 1229, 'duration_excess': 3861, 'original_tensors': [1000000395], 'slack': 162516, 'congestion_exposure': 3861.0, 'wait_priority': 578.7229124583862, 'task': 4}, {'task_id': 4, 'op_id': 1000012788, 'op': 'COPY_IN', 'subgraph_id': 2930, 'pipe': 'PIPE_MTE2', 'start': 72220, 'end': 77310, 'duration': 5090, 'memory_path': 'DDR', 'cache_hit': False, 'cache_tensor_id': 1000000397, 'core_id': 4, 'size_bytes': 73728, 'path': 'DDR', 'nominal_cycles': 1229, 'duration_excess': 3861, 'original_tensors': [1000000397], 'slack': 162516, 'congestion_exposure': 3861.0, 'wait_priority': 578.7229124583862, 'task': 4}, {'task_id': 1, 'op_id': 1000012758, 'op': 'COPY_IN', 'subgraph_id': 2788, 'pipe': 'PIPE_MTE2', 'start': 48558, 'end': 53826, 'duration': 5268, 'memory_path': 'DDR', 'cache_hit': False, 'cache_tensor_id': 1000000391, 'core_id': 1, 'size_bytes': 73728, 'path': 'DDR', 'nominal_cycles': 1229, 'duration_excess': 4039, 'original_tensors': [1000000391], 'slack': 169743, 'congestion_exposure': 4039.0, 'wait_priority': 577.7104632413751, 'task': 1}, {'task_id': 4, 'op_id': 1000012764, 'op': 'COPY_IN', 'subgraph_id': 2791, 'pipe': 'PIPE_MTE2', 'start': 48558, 'end': 53826, 'duration': 5268, 'memory_path': 'DDR', 'cache_hit': False, 'cache_tensor_id': 1000000391, 'core_id': 4, 'size_bytes': 73728, 'path': 'DDR', 'nominal_cycles': 1229, 'duration_excess': 4039, 'original_tensors': [1000000391], 'slack': 169743, 'congestion_exposure': 4039.0, 'wait_priority': 577.7104632413751, 'task': 4}, {'task_id': 0, 'op_id': 1000013310, 'op': 'COPY_IN', 'subgraph_id': 7793, 'pipe': 'PIPE_MTE2', 'start': 219215, 'end': 219835, 'duration': 620, 'memory_path': 'DDR', 'cache_hit': False, 'cache_tensor_id': 1000006245, 'core_id': 0, 'size_bytes': 20736, 'path': 'DDR', 'nominal_cycles': 346, 'duration_excess': 274, 'original_tensors': [1000006245], 'slack': 6405, 'congestion_exposure': 274.0, 'wait_priority': 569.3691171293138, 'task': 0}], 'compile_seconds': 5.444975713995518, 'limitations': 'Observed durations include dynamic contention; chain/slack and projected residency are ranking diagnostics, not removable-delay certificates.'}",,,,,
case_053_p3_n5,case_053,3,5,existing_regression,persistent,11,visit,/home/konglingrui/.mathmodel/questionA/真机启发算法攻坚/A题研究/直接迭代/运行结果/持续联合冲刺_20260926/正式75配置_6并发/configurations/case_053_p3_n5/persistent/attempt_001/evaluations/attempts/20260926T125504-6ad448875fe240aaafd79da1b2cb3a85/record.json,joint,,1,/home/konglingrui/.mathmodel/questionA/真机启发算法攻坚/A题研究/直接迭代/运行结果/持续联合冲刺_20260926/正式75配置_6并发/configurations/case_053_p3_n5/persistent/attempt_001/evaluations/attempts/20260926T125539-92b87c8258c8453a9975b5c4c96e744b/record.json,0,1,False,False,False,success,,,,,,,,
case_053_p3_n5,case_053,3,5,existing_regression,persistent,12,observe,/home/konglingrui/.mathmodel/questionA/真机启发算法攻坚/A题研究/直接迭代/运行结果/持续联合冲刺_20260926/正式75配置_6并发/configurations/case_053_p3_n5/persistent/attempt_001/evaluations/attempts/20260926T125511-d55ab941288547298204ffb19949c76c/record.json,,,,,,1,,,,,,,"{'makespan': 421178, 'official_copy': {'original_graph_copy_bytes': 2995288, 'scheduled_copy_bytes': 25949110, 'added_copy_bytes': 22953822, 'partition_added_copy_bytes': 22953822, 'spill_added_copy_bytes': 0}, 'path_bytes': {'DDR': 20963972, 'CACHE_READ': 4985138}, 'nominal_pool_work_cycles': {'DDR': 357301, 'CACHE_READ': 20675}, 'pool_occupancy': {'DDR': {'busy_cycles': 357301, 'overlap_cycles': 302718, 'peak_concurrent': 10}, 'CACHE_READ': {'busy_cycles': 20675, 'overlap_cycles': 2262, 'peak_concurrent': 4}}, 'projected_live_peak': {'0:L1': 161040, '0:UB': 35714, '1:L1': 181920, '1:UB': 25684, '2:L1': 186624, '2:UB': 34610, '3:L1': 203024, '3:UB': 34880, '4:L1': 171296, '4:UB': 23140}, 'projected_live_byte_cycles': {'0:L1': 16834027616, '0:UB': 3533841546, '1:L1': 20820399568, '1:UB': 3066111266, '2:L1': 20064616896, '2:UB': 2602525964, '3:L1': 22340884736, '3:UB': 3174885874, '4:L1': 18418435344, '4:UB': 2514711700}, 'memory_dependency_count': 46634, 'critical_chain_ops': 1473, 'critical_chain_memory_edges': 0, 'top_copy_waits': [{'task_id': 0, 'op_id': 1000013210, 'op': 'COPY_IN', 'subgraph_id': 4856, 'pipe': 'PIPE_MTE2', 'start': 172335, 'end': 178289, 'duration': 5954, 'memory_path': 'DDR', 'cache_hit': False, 'cache_tensor_id': 1000000401, 'core_id': 0, 'size_bytes': 73728, 'path': 'DDR', 'nominal_cycles': 1229, 'duration_excess': 4725, 'original_tensors': [1000000401], 'slack': 1063, 'congestion_exposure': 4724.933333333333, 'wait_priority': 9850.241233901335, 'task': 0}, {'task_id': 2, 'op_id': 1000013164, 'op': 'COPY_IN', 'subgraph_id': 3199, 'pipe': 'PIPE_MTE2', 'start': 121864, 'end': 127393, 'duration': 5529, 'memory_path': 'DDR', 'cache_hit': False, 'cache_tensor_id': 1000000391, 'core_id': 2, 'size_bytes': 73728, 'path': 'DDR', 'nominal_cycles': 1229, 'duration_excess': 4300, 'original_tensors': [1000000391], 'slack': 0, 'congestion_exposure': 4300.7357142857145, 'wait_priority': 9829.735714285714, 'task': 2}, {'task_id': 3, 'op_id': 1000013136, 'op': 'COPY_IN', 'subgraph_id': 2550, 'pipe': 'PIPE_MTE2', 'start': 95631, 'end': 101561, 'duration': 5930, 'memory_path': 'DDR', 'cache_hit': False, 'cache_tensor_id': 1000000385, 'core_id': 3, 'size_bytes': 73728, 'path': 'DDR', 'nominal_cycles': 1229, 'duration_excess': 4701, 'original_tensors': [1000000385], 'slack': 1126, 'congestion_exposure': 4700.990476190475, 'wait_priority': 9761.126402183841, 'task': 3}, {'task_id': 4, 'op_id': 1000013168, 'op': 'COPY_IN', 'subgraph_id': 3195, 'pipe': 'PIPE_MTE2', 'start': 121768, 'end': 127339, 'duration': 5571, 'memory_path': 'DDR', 'cache_hit': False, 'cache_tensor_id': 1000000391, 'core_id': 4, 'size_bytes': 73728, 'path': 'DDR', 'nominal_cycles': 1229, 'duration_excess': 4342, 'original_tensors': [1000000391], 'slack': 238, 'congestion_exposure': 4342.521428571428, 'wait_priority': 9730.24202322674, 'task': 4}, {'task_id': 2, 'op_id': 1000013134, 'op': 'COPY_IN', 'subgraph_id': 2549, 'pipe': 'PIPE_MTE2', 'start': 94974, 'end': 101125, 'duration': 6151, 'memory_path': 'DDR', 'cache_hit': False, 'cache_tensor_id': 1000000385, 'core_id': 2, 'size_bytes': 73728, 'path': 'DDR', 'nominal_cycles': 1229, 'duration_excess': 4922, 'original_tensors': [1000000385], 'slack': 1920, 'congestion_exposure': 4922.02380952381, 'wait_priority': 9612.377358510936, 'task': 2}, {'task_id': 3, 'op_id': 1000013216, 'op': 'COPY_IN', 'subgraph_id': 4867, 'pipe': 'PIPE_MTE2', 'start': 171992, 'end': 178033, 'duration': 6041, 'memory_path': 'DDR', 'cache_hit': False, 'cache_tensor_id': 1000000401, 'core_id': 3, 'size_bytes': 73728, 'path': 'DDR', 'nominal_cycles': 1229, 'duration_excess': 4812, 'original_tensors': [1000000401], 'slack': 1838, 'congestion_exposure': 4812.083333333334, 'wait_priority': 9474.827369839995, 'task': 3}, {'task_id': 0, 'op_id': 1000013190, 'op': 'COPY_IN', 'subgraph_id': 4693, 'pipe': 'PIPE_MTE2', 'start': 157022, 'end': 162495, 'duration': 5473, 'memory_path': 'DDR', 'cache_hit': False, 'cache_tensor_id': 1000000397, 'core_id': 0, 'size_bytes': 73728, 'path': 'DDR', 'nominal_cycles': 1229, 'duration_excess': 4244, 'original_tensors': [1000000397], 'slack': 423, 'congestion_exposure': 4244.066666666666, 'wait_priority': 9402.300838850879, 'task': 0}, {'task_id': 4, 'op_id': 1000013138, 'op': 'COPY_IN', 'subgraph_id': 2558, 'pipe': 'PIPE_MTE2', 'start': 94675, 'end': 100834, 'duration': 6159, 'memory_path': 'DDR', 'cache_hit': False, 'cache_tensor_id': 1000000385, 'core_id': 4, 'size_bytes': 73728, 'path': 'DDR', 'nominal_cycles': 1229, 'duration_excess': 4930, 'original_tensors': [1000000385], 'slack': 2402, 'congestion_exposure': 4930.223809523809, 'wait_priority': 9317.878904741701, 'task': 4}, {'task_id': 0, 'op_id': 1000013130, 'op': 'COPY_IN', 'subgraph_id': 2556, 'pipe': 'PIPE_MTE2', 'start': 94922, 'end': 101073, 'duration': 6151, 'memory_path': 'DDR', 'cache_hit': False, 'cache_tensor_id': 1000000385, 'core_id': 0, 'size_bytes': 73728, 'path': 'DDR', 'nominal_cycles': 1229, 'duration_excess': 4922, 'original_tensors': [1000000385], 'slack': 2566, 'congestion_exposure': 4922.023809523809, 'wait_priority': 9203.887332394945, 'task': 0}, {'task_id': 1, 'op_id': 1000013182, 'op': 'COPY_IN', 'subgraph_id': 4647, 'pipe': 'PIPE_MTE2', 'start': 153583, 'end': 158784, 'duration': 5201, 'memory_path': 'DDR', 'cache_hit': False, 'cache_tensor_id': 1000000395, 'core_id': 1, 'size_bytes': 73728, 'path': 'DDR', 'nominal_cycles': 1229, 'duration_excess': 3972, 'original_tensors': [1000000395], 'slack': 0, 'congestion_exposure': 3972.6166666666677, 'wait_priority': 9173.616666666669, 'task': 1}, {'task_id': 4, 'op_id': 1000013198, 'op': 'COPY_IN', 'subgraph_id': 4690, 'pipe': 'PIPE_MTE2', 'start': 157851, 'end': 162969, 'duration': 5118, 'memory_path': 'DDR', 'cache_hit': False, 'cache_tensor_id': 1000000397, 'core_id': 4, 'size_bytes': 73728, 'path': 'DDR', 'nominal_cycles': 1229, 'duration_excess': 3889, 'original_tensors': [1000000397], 'slack': 18, 'congestion_exposure': 3888.866666666667, 'wait_priority': 8994.053954766092, 'task': 4}, {'task_id': 2, 'op_id': 1000013194, 'op': 'COPY_IN', 'subgraph_id': 4688, 'pipe': 'PIPE_MTE2', 'start': 155634, 'end': 161518, 'duration': 5884, 'memory_path': 'DDR', 'cache_hit': False, 'cache_tensor_id': 1000000397, 'core_id': 2, 'size_bytes': 73728, 'path': 'DDR', 'nominal_cycles': 1229, 'duration_excess': 4655, 'original_tensors': [1000000397], 'slack': 2264, 'congestion_exposure': 4655.200000000001, 'wait_priority': 8937.736525778995, 'task': 2}, {'task_id': 3, 'op_id': 1000013166, 'op': 'COPY_IN', 'subgraph_id': 3167, 'pipe': 'PIPE_MTE2', 'start': 122256, 'end': 127609, 'duration': 5353, 'memory_path': 'DDR', 'cache_hit': False, 'cache_tensor_id': 1000000391, 'core_id': 3, 'size_bytes': 73728, 'path': 'DDR', 'nominal_cycles': 1229, 'duration_excess': 4124, 'original_tensors': [1000000391], 'slack': 1107, 'congestion_exposure': 4124.330952380952, 'wait_priority': 8713.894349569078, 'task': 3}, {'task_id': 1, 'op_id': 1000013212, 'op': 'COPY_IN', 'subgraph_id': 4864, 'pipe': 'PIPE_MTE2', 'start': 171239, 'end': 177055, 'duration': 5816, 'memory_path': 'DDR', 'cache_hit': False, 'cache_tensor_id': 1000000401, 'core_id': 1, 'size_bytes': 73728, 'path': 'DDR', 'nominal_cycles': 1229, 'duration_excess': 4587, 'original_tensors': [1000000401], 'slack': 3387, 'congestion_exposure': 4587.483333333334, 'wait_priority': 8204.266611556115, 'task': 1}, {'task_id': 1, 'op_id': 1000013192, 'op': 'COPY_IN', 'subgraph_id': 4683, 'pipe': 'PIPE_MTE2', 'start': 158880, 'end': 163505, 'duration': 4625, 'memory_path': 'DDR', 'cache_hit': False, 'cache_tensor_id': 1000000397, 'core_id': 1, 'size_bytes': 73728, 'path': 'DDR', 'nominal_cycles': 1229, 'duration_excess': 3396, 'original_tensors': [1000000397], 'slack': 0, 'congestion_exposure': 3396.266666666667, 'wait_priority': 8021.266666666666, 'task': 1}, {'task_id': 1, 'op_id': 1000013132, 'op': 'COPY_IN', 'subgraph_id': 2554, 'pipe': 'PIPE_MTE2', 'start': 98407, 'end': 102980, 'duration': 4573, 'memory_path': 'DDR', 'cache_hit': False, 'cache_tensor_id': 1000000385, 'core_id': 1, 'size_bytes': 73728, 'path': 'DDR', 'nominal_cycles': 1229, 'duration_excess': 3344, 'original_tensors': [1000000385], 'slack': 0, 'congestion_exposure': 3344.7500000000005, 'wait_priority': 7917.75, 'task': 1}, {'task_id': 3, 'op_id': 1000013186, 'op': 'COPY_IN', 'subgraph_id': 4642, 'pipe': 'PIPE_MTE2', 'start': 150341, 'end': 154875, 'duration': 4534, 'memory_path': 'DDR', 'cache_hit': False, 'cache_tensor_id': 1000000395, 'core_id': 3, 'size_bytes': 73728, 'path': 'DDR', 'nominal_cycles': 1229, 'duration_excess': 3305, 'original_tensors': [1000000395], 'slack': 18, 'congestion_exposure': 3305.466666666667, 'wait_priority': 7828.314638822635, 'task': 3}, {'task_id': 1, 'op_id': 1000013172, 'op': 'COPY_IN', 'subgraph_id': 4332, 'pipe': 'PIPE_MTE2', 'start': 142388, 'end': 146827, 'duration': 4439, 'memory_path': 'DDR', 'cache_hit': False, 'cache_tensor_id': 1000000393, 'core_id': 1, 'size_bytes': 73728, 'path': 'DDR', 'nominal_cycles': 1229, 'duration_excess': 3210, 'original_tensors': [1000000393], 'slack': 0, 'congestion_exposure': 3210.216666666667, 'wait_priority': 7649.216666666667, 'task': 1}, {'task_id': 3, 'op_id': 1000013176, 'op': 'COPY_IN', 'subgraph_id': 4364, 'pipe': 'PIPE_MTE2', 'start': 142953, 'end': 147293, 'duration': 4340, 'memory_path': 'DDR', 'cache_hit': False, 'cache_tensor_id': 1000000393, 'core_id': 3, 'size_bytes': 73728, 'path': 'DDR', 'nominal_cycles': 1229, 'duration_excess': 3111, 'original_tensors': [1000000393], 'slack': 18, 'congestion_exposure': 3111.65, 'wait_priority': 7441.049660484899, 'task': 3}, {'task_id': 2, 'op_id': 1000013174, 'op': 'COPY_IN', 'subgraph_id': 4318, 'pipe': 'PIPE_MTE2', 'start': 142021, 'end': 146466, 'duration': 4445, 'memory_path': 'DDR', 'cache_hit': False, 'cache_tensor_id': 1000000393, 'core_id': 2, 'size_bytes': 73728, 'path': 'DDR', 'nominal_cycles': 1229, 'duration_excess': 3216, 'original_tensors': [1000000393], 'slack': 403, 'congestion_exposure': 3216.65, 'wait_priority': 7424.837265403418, 'task': 2}], 'compile_seconds': 9.38264111301396, 'limitations': 'Observed durations include dynamic contention; chain/slack and projected residency are ranking diagnostics, not removable-delay certificates.'}",,,,,
case_053_p3_n5,case_053,3,5,existing_regression,persistent,13,advance,/home/konglingrui/.mathmodel/questionA/真机启发算法攻坚/A题研究/直接迭代/运行结果/持续联合冲刺_20260926/正式75配置_6并发/configurations/case_053_p3_n5/persistent/attempt_001/evaluations/attempts/20260926T125511-d55ab941288547298204ffb19949c76c/record.json,joint,,2,/home/konglingrui/.mathmodel/questionA/真机启发算法攻坚/A题研究/直接迭代/运行结果/持续联合冲刺_20260926/正式75配置_6并发/configurations/case_053_p3_n5/persistent/attempt_001/evaluations/attempts/20260926T125556-e47903e6e51446dfba6af94de03c539e/record.json,,2,,,,,False,2,,,,,,
case_053_p3_n5,case_053,3,5,existing_regression,persistent,14,visit,/home/konglingrui/.mathmodel/questionA/真机启发算法攻坚/A题研究/直接迭代/运行结果/持续联合冲刺_20260926/正式75配置_6并发/configurations/case_053_p3_n5/persistent/attempt_001/evaluations/attempts/20260926T125511-d55ab941288547298204ffb19949c76c/record.json,joint,,2,/home/konglingrui/.mathmodel/questionA/真机启发算法攻坚/A题研究/直接迭代/运行结果/持续联合冲刺_20260926/正式75配置_6并发/configurations/case_053_p3_n5/persistent/attempt_001/evaluations/attempts/20260926T125556-e47903e6e51446dfba6af94de03c539e/record.json,0,1,True,False,False,success,,,,,,,,
case_053_p3_n5,case_053,3,5,existing_regression,persistent,15,observe,/home/konglingrui/.mathmodel/questionA/真机启发算法攻坚/A题研究/直接迭代/运行结果/持续联合冲刺_20260926/正式75配置_6并发/configurations/case_053_p3_n5/persistent/attempt_001/evaluations/attempts/20260926T125526-5a71ce1e66e04736b23c48419d42a105/record.json,,,,,,1,,,,,,,"{'makespan': 354711, 'official_copy': {'original_graph_copy_bytes': 2995288, 'scheduled_copy_bytes': 14495344, 'added_copy_bytes': 11500056, 'partition_added_copy_bytes': 11500056, 'spill_added_copy_bytes': 0}, 'path_bytes': {'DDR': 10966010, 'CACHE_READ': 3529334}, 'nominal_pool_work_cycles': {'DDR': 186627, 'CACHE_READ': 14509}, 'pool_occupancy': {'DDR': {'busy_cycles': 186627, 'overlap_cycles': 113640, 'peak_concurrent': 9}, 'CACHE_READ': {'busy_cycles': 14509, 'overlap_cycles': 1035, 'peak_concurrent': 3}}, 'projected_live_peak': {'0:L1': 309248, '0:UB': 46948, '1:L1': 268800, '1:UB': 29668, '2:L1': 274976, '2:UB': 30628, '3:L1': 132000, '3:UB': 39558, '4:L1': 385952, '4:UB': 41092}, 'projected_live_byte_cycles': {'0:L1': 21552609488, '0:UB': 3384542422, '1:L1': 26428053040, '1:UB': 3713048622, '2:L1': 23521474256, '2:UB': 3797226872, '3:L1': 16854263936, '3:UB': 3899689214, '4:L1': 20539156432, '4:UB': 5419952678}, 'memory_dependency_count': 37620, 'critical_chain_ops': 1236, 'critical_chain_memory_edges': 0, 'top_copy_waits': [{'task_id': 1, 'op_id': 1000012995, 'op': 'COPY_IN', 'subgraph_id': 4729, 'pipe': 'PIPE_MTE2', 'start': 140913, 'end': 144595, 'duration': 3682, 'memory_path': 'DDR', 'cache_hit': False, 'cache_tensor_id': 1000000393, 'core_id': 1, 'size_bytes': 73728, 'path': 'DDR', 'nominal_cycles': 1229, 'duration_excess': 2453, 'original_tensors': [1000000393], 'slack': 1646, 'congestion_exposure': 2453.4833333333336, 'wait_priority': 5313.579342257432, 'task': 1}, {'task_id': 1, 'op_id': 1000012971, 'op': 'COPY_IN', 'subgraph_id': 2675, 'pipe': 'PIPE_MTE2', 'start': 110011, 'end': 112674, 'duration': 2663, 'memory_path': 'DDR', 'cache_hit': False, 'cache_tensor_id': 1000000387, 'core_id': 1, 'size_bytes': 73728, 'path': 'DDR', 'nominal_cycles': 1229, 'duration_excess': 1434, 'original_tensors': [1000000387], 'slack': 0, 'congestion_exposure': 1437.7333333333333, 'wait_priority': 4100.733333333334, 'task': 1}, {'task_id': 0, 'op_id': 1000012961, 'op': 'COPY_IN', 'subgraph_id': 1163, 'pipe': 'PIPE_MTE2', 'start': 54181, 'end': 56702, 'duration': 2521, 'memory_path': 'DDR', 'cache_hit': False, 'cache_tensor_id': 1000000385, 'core_id': 0, 'size_bytes': 73728, 'path': 'DDR', 'nominal_cycles': 1229, 'duration_excess': 1292, 'original_tensors': [1000000385], 'slack': 0, 'congestion_exposure': 1292.0, 'wait_priority': 3813.0, 'task': 0}, {'task_id': 2, 'op_id': 1000013029, 'op': 'COPY_IN', 'subgraph_id': 5128, 'pipe': 'PIPE_MTE2', 'start': 167927, 'end': 170447, 'duration': 2520, 'memory_path': 'DDR', 'cache_hit': False, 'cache_tensor_id': 1000000401, 'core_id': 2, 'size_bytes': 73728, 'path': 'DDR', 'nominal_cycles': 1229, 'duration_excess': 1291, 'original_tensors': [1000000401], 'slack': 0, 'congestion_exposure': 1291.0, 'wait_priority': 3811.0, 'task': 2}, {'task_id': 1, 'op_id': 1000013027, 'op': 'COPY_IN', 'subgraph_id': 5134, 'pipe': 'PIPE_MTE2', 'start': 168344, 'end': 170808, 'duration': 2464, 'memory_path': 'DDR', 'cache_hit': False, 'cache_tensor_id': 1000000401, 'core_id': 1, 'size_bytes': 73728, 'path': 'DDR', 'nominal_cycles': 1229, 'duration_excess': 1235, 'original_tensors': [1000000401], 'slack': 334, 'congestion_exposure': 1235.0, 'wait_priority': 3586.4324507782453, 'task': 1}, {'task_id': 0, 'op_id': 1000013009, 'op': 'COPY_IN', 'subgraph_id': 1347, 'pipe': 'PIPE_MTE2', 'start': 66025, 'end': 68760, 'duration': 2735, 'memory_path': 'DDR', 'cache_hit': False, 'cache_tensor_id': 1000000397, 'core_id': 0, 'size_bytes': 73728, 'path': 'DDR', 'nominal_cycles': 1229, 'duration_excess': 1506, 'original_tensors': [1000000397], 'slack': 2101, 'congestion_exposure': 1506.0666666666666, 'wait_priority': 3541.7847404674026, 'task': 0}, {'task_id': 0, 'op_id': 1000013001, 'op': 'COPY_IN', 'subgraph_id': 1326, 'pipe': 'PIPE_MTE2', 'start': 63329, 'end': 66025, 'duration': 2696, 'memory_path': 'DDR', 'cache_hit': False, 'cache_tensor_id': 1000000395, 'core_id': 0, 'size_bytes': 73728, 'path': 'DDR', 'nominal_cycles': 1229, 'duration_excess': 1467, 'original_tensors': [1000000395], 'slack': 2101, 'congestion_exposure': 1467.0, 'wait_priority': 3476.589979226719, 'task': 0}, {'task_id': 0, 'op_id': 1000013017, 'op': 'COPY_IN', 'subgraph_id': 1374, 'pipe': 'PIPE_MTE2', 'start': 68760, 'end': 71425, 'duration': 2665, 'memory_path': 'DDR', 'cache_hit': False, 'cache_tensor_id': 1000000399, 'core_id': 0, 'size_bytes': 73728, 'path': 'DDR', 'nominal_cycles': 1229, 'duration_excess': 1436, 'original_tensors': [1000000399], 'slack': 2101, 'congestion_exposure': 1436.15, 'wait_priority': 3424.93802385435, 'task': 0}, {'task_id': 4, 'op_id': 1000013015, 'op': 'COPY_IN', 'subgraph_id': 1367, 'pipe': 'PIPE_MTE2', 'start': 66765, 'end': 69689, 'duration': 2924, 'memory_path': 'DDR', 'cache_hit': False, 'cache_tensor_id': 1000000397, 'core_id': 4, 'size_bytes': 73728, 'path': 'DDR', 'nominal_cycles': 1229, 'duration_excess': 1695, 'original_tensors': [1000000397], 'slack': 3760, 'congestion_exposure': 1695.3000000000002, 'wait_priority': 3413.260835561716, 'task': 4}, {'task_id': 4, 'op_id': 1000012999, 'op': 'COPY_IN', 'subgraph_id': 1317, 'pipe': 'PIPE_MTE2', 'start': 61199, 'end': 64082, 'duration': 2883, 'memory_path': 'DDR', 'cache_hit': False, 'cache_tensor_id': 1000000393, 'core_id': 4, 'size_bytes': 73728, 'path': 'DDR', 'nominal_cycles': 1229, 'duration_excess': 1654, 'original_tensors': [1000000393], 'slack': 3760, 'congestion_exposure': 1654.0, 'wait_priority': 3352.4482954004948, 'task': 4}, {'task_id': 0, 'op_id': 1000012993, 'op': 'COPY_IN', 'subgraph_id': 1303, 'pipe': 'PIPE_MTE2', 'start': 60838, 'end': 63329, 'duration': 2491, 'memory_path': 'DDR', 'cache_hit': False, 'cache_tensor_id': 1000000393, 'core_id': 0, 'size_bytes': 73728, 'path': 'DDR', 'nominal_cycles': 1229, 'duration_excess': 1262, 'original_tensors': [1000000393], 'slack': 2101, 'congestion_exposure': 1262.0, 'wait_priority': 3134.1922152385005, 'task': 0}, {'task_id': 4, 'op_id': 1000013007, 'op': 'COPY_IN', 'subgraph_id': 1339, 'pipe': 'PIPE_MTE2', 'start': 64082, 'end': 66765, 'duration': 2683, 'memory_path': 'DDR', 'cache_hit': False, 'cache_tensor_id': 1000000395, 'core_id': 4, 'size_bytes': 73728, 'path': 'DDR', 'nominal_cycles': 1229, 'duration_excess': 1454, 'original_tensors': [1000000395], 'slack': 3760, 'congestion_exposure': 1453.9166666666667, 'wait_priority': 3056.821518047292, 'task': 4}, {'task_id': 1, 'op_id': 1000013011, 'op': 'COPY_IN', 'subgraph_id': 4892, 'pipe': 'PIPE_MTE2', 'start': 149272, 'end': 151942, 'duration': 2670, 'memory_path': 'DDR', 'cache_hit': False, 'cache_tensor_id': 1000000397, 'core_id': 1, 'size_bytes': 73728, 'path': 'DDR', 'nominal_cycles': 1229, 'duration_excess': 1441, 'original_tensors': [1000000397], 'slack': 3793, 'congestion_exposure': 1442.1666666666665, 'wait_priority': 3031.586676693688, 'task': 1}, {'task_id': 4, 'op_id': 1000012967, 'op': 'COPY_IN', 'subgraph_id': 1184, 'pipe': 'PIPE_MTE2', 'start': 54497, 'end': 56958, 'duration': 2461, 'memory_path': 'DDR', 'cache_hit': False, 'cache_tensor_id': 1000000385, 'core_id': 4, 'size_bytes': 73728, 'path': 'DDR', 'nominal_cycles': 1229, 'duration_excess': 1232, 'original_tensors': [1000000385], 'slack': 2365, 'congestion_exposure': 1232.0, 'wait_priority': 3021.485053047247, 'task': 4}, {'task_id': 4, 'op_id': 1000013023, 'op': 'COPY_IN', 'subgraph_id': 1385, 'pipe': 'PIPE_MTE2', 'start': 69689, 'end': 72147, 'duration': 2458, 'memory_path': 'DDR', 'cache_hit': False, 'cache_tensor_id': 1000000399, 'core_id': 4, 'size_bytes': 73728, 'path': 'DDR', 'nominal_cycles': 1229, 'duration_excess': 1229, 'original_tensors': [1000000399], 'slack': 3760, 'congestion_exposure': 1229.0, 'wait_priority': 2724.372242702584, 'task': 4}, {'task_id': 1, 'op_id': 1000012987, 'op': 'COPY_IN', 'subgraph_id': 3663, 'pipe': 'PIPE_MTE2', 'start': 129435, 'end': 131401, 'duration': 1966, 'memory_path': 'DDR', 'cache_hit': False, 'cache_tensor_id': 1000000391, 'core_id': 1, 'size_bytes': 73728, 'path': 'DDR', 'nominal_cycles': 1229, 'duration_excess': 737, 'original_tensors': [1000000391], 'slack': 0, 'congestion_exposure': 738.8333333333334, 'wait_priority': 2704.8333333333335, 'task': 1}, {'task_id': 4, 'op_id': 1000015893, 'op': 'COPY_IN', 'subgraph_id': 4652, 'pipe': 'PIPE_MTE2', 'start': 140639, 'end': 142097, 'duration': 1458, 'memory_path': 'DDR', 'cache_hit': False, 'cache_tensor_id': 1000004211, 'core_id': 4, 'size_bytes': 20736, 'path': 'DDR', 'nominal_cycles': 346, 'duration_excess': 1112, 'original_tensors': [1000004211], 'slack': 0, 'congestion_exposure': 1111.9, 'wait_priority': 2569.9, 'task': 4}, {'task_id': 1, 'op_id': 1000012979, 'op': 'COPY_IN', 'subgraph_id': 3076, 'pipe': 'PIPE_MTE2', 'start': 118022, 'end': 119816, 'duration': 1794, 'memory_path': 'DDR', 'cache_hit': False, 'cache_tensor_id': 1000000389, 'core_id': 1, 'size_bytes': 73728, 'path': 'DDR', 'nominal_cycles': 1229, 'duration_excess': 565, 'original_tensors': [1000000389], 'slack': 0, 'congestion_exposure': 565.0, 'wait_priority': 2359.0, 'task': 1}, {'task_id': 1, 'op_id': 1000013003, 'op': 'COPY_IN', 'subgraph_id': 4832, 'pipe': 'PIPE_MTE2', 'start': 147282, 'end': 149272, 'duration': 1990, 'memory_path': 'DDR', 'cache_hit': False, 'cache_tensor_id': 1000000395, 'core_id': 1, 'size_bytes': 73728, 'path': 'DDR', 'nominal_cycles': 1229, 'duration_excess': 761, 'original_tensors': [1000000395], 'slack': 1807, 'congestion_exposure': 761.5, 'wait_priority': 2352.092167784755, 'task': 1}, {'task_id': 4, 'op_id': 1000019779, 'op': 'COPY_IN', 'subgraph_id': 8750, 'pipe': 'PIPE_MTE2', 'start': 241291, 'end': 242578, 'duration': 1287, 'memory_path': 'DDR', 'cache_hit': False, 'cache_tensor_id': 1000008240, 'core_id': 4, 'size_bytes': 20736, 'path': 'DDR', 'nominal_cycles': 346, 'duration_excess': 941, 'original_tensors': [1000008240], 'slack': 0, 'congestion_exposure': 941.1666666666667, 'wait_priority': 2228.166666666667, 'task': 4}], 'compile_seconds': 6.695739785995102, 'limitations': 'Observed durations include dynamic contention; chain/slack and projected residency are ranking diagnostics, not removable-delay certificates.'}",,,,,
case_053_p3_n5,case_053,3,5,existing_regression,persistent,16,visit,/home/konglingrui/.mathmodel/questionA/真机启发算法攻坚/A题研究/直接迭代/运行结果/持续联合冲刺_20260926/正式75配置_6并发/configurations/case_053_p3_n5/persistent/attempt_001/evaluations/attempts/20260926T125526-5a71ce1e66e04736b23c48419d42a105/record.json,joint,,3,/home/konglingrui/.mathmodel/questionA/真机启发算法攻坚/A题研究/直接迭代/运行结果/持续联合冲刺_20260926/正式75配置_6并发/configurations/case_053_p3_n5/persistent/attempt_001/evaluations/attempts/20260926T125613-e898ea90b6d347829be0bf5fd7f07c7e/record.json,0,1,False,False,False,success,,,,,,,,
case_053_p3_n5,case_053,3,5,existing_regression,persistent,17,observe,/home/konglingrui/.mathmodel/questionA/真机启发算法攻坚/A题研究/直接迭代/运行结果/持续联合冲刺_20260926/正式75配置_6并发/configurations/case_053_p3_n5/persistent/attempt_001/evaluations/attempts/20260926T125415-62a073aae32c45278ed3dfc35cce20d6/record.json,,,,,,0,,,,,,,"{'makespan': 405585, 'official_copy': {'original_graph_copy_bytes': 2995288, 'scheduled_copy_bytes': 6265164, 'added_copy_bytes': 3269876, 'partition_added_copy_bytes': 3104256, 'spill_added_copy_bytes': 165620}, 'path_bytes': {'DDR': 6134080, 'CACHE_READ': 131084}, 'nominal_pool_work_cycles': {'DDR': 102612, 'CACHE_READ': 533}, 'pool_occupancy': {'DDR': {'busy_cycles': 102612, 'overlap_cycles': 85589, 'peak_concurrent': 9}, 'CACHE_READ': {'busy_cycles': 533, 'overlap_cycles': 174, 'peak_concurrent': 3}}, 'projected_live_peak': {'0:L1': 149376, '0:UB': 130560, '1:L1': 492544, '1:UB': 27648, '2:L1': 492544, '2:UB': 18432, '3:L1': 492544, '3:UB': 18432, '4:L1': 492544, '4:UB': 27648}, 'projected_live_byte_cycles': {'0:L1': 32641689488, '0:UB': 23821766888, '1:L1': 48817525216, '1:UB': 134630528, '2:L1': 48075351520, '2:UB': 54297890, '3:L1': 47951222240, '3:UB': 54297940, '4:L1': 49017001440, '4:UB': 343627866}, 'memory_dependency_count': 36506, 'critical_chain_ops': 3988, 'critical_chain_memory_edges': 0, 'top_copy_waits': [{'task_id': 0, 'op_id': 1000013138, 'op': 'COPY_IN', 'subgraph_id': 1545, 'pipe': 'PIPE_MTE2', 'start': 59472, 'end': 61202, 'duration': 1730, 'memory_path': 'DDR', 'cache_hit': False, 'cache_tensor_id': 1000002138, 'core_id': 0, 'size_bytes': 20736, 'path': 'DDR', 'nominal_cycles': 346, 'duration_excess': 1384, 'original_tensors': [1000002138], 'slack': 4226, 'congestion_exposure': 1384.0, 'wait_priority': 2311.2596539492665, 'task': 0}, {'task_id': 0, 'op_id': 1000013172, 'op': 'COPY_IN', 'subgraph_id': 2039, 'pipe': 'PIPE_MTE2', 'start': 80452, 'end': 82182, 'duration': 1730, 'memory_path': 'DDR', 'cache_hit': False, 'cache_tensor_id': 1000002175, 'core_id': 0, 'size_bytes': 20736, 'path': 'DDR', 'nominal_cycles': 346, 'duration_excess': 1384, 'original_tensors': [1000002175], 'slack': 6414, 'congestion_exposure': 1384.0, 'wait_priority': 2039.10603259685, 'task': 0}, {'task_id': 0, 'op_id': 1000013174, 'op': 'COPY_IN', 'subgraph_id': 2047, 'pipe': 'PIPE_MTE2', 'start': 82182, 'end': 83912, 'duration': 1730, 'memory_path': 'DDR', 'cache_hit': False, 'cache_tensor_id': 1000002177, 'core_id': 0, 'size_bytes': 20736, 'path': 'DDR', 'nominal_cycles': 346, 'duration_excess': 1384, 'original_tensors': [1000002177], 'slack': 7542, 'congestion_exposure': 1384.0, 'wait_priority': 1922.40567136236, 'task': 0}, {'task_id': 0, 'op_id': 1000013108, 'op': 'COPY_IN', 'subgraph_id': 0, 'pipe': 'PIPE_MTE2', 'start': 15, 'end': 880, 'duration': 865, 'memory_path': 'DDR', 'cache_hit': False, 'cache_tensor_id': 1000002105, 'core_id': 0, 'size_bytes': 10368, 'path': 'DDR', 'nominal_cycles': 173, 'duration_excess': 692, 'original_tensors': [1000002105], 'slack': 0, 'congestion_exposure': 692.0, 'wait_priority': 1557.0, 'task': 0}, {'task_id': 0, 'op_id': 1000013110, 'op': 'COPY_IN', 'subgraph_id': 2, 'pipe': 'PIPE_MTE2', 'start': 1170, 'end': 2035, 'duration': 865, 'memory_path': 'DDR', 'cache_hit': False, 'cache_tensor_id': 1000002108, 'core_id': 0, 'size_bytes': 10368, 'path': 'DDR', 'nominal_cycles': 173, 'duration_excess': 692, 'original_tensors': [1000002108], 'slack': 0, 'congestion_exposure': 692.0, 'wait_priority': 1557.0, 'task': 0}, {'task_id': 0, 'op_id': 1000013142, 'op': 'COPY_IN', 'subgraph_id': 4, 'pipe': 'PIPE_MTE2', 'start': 2325, 'end': 3190, 'duration': 865, 'memory_path': 'DDR', 'cache_hit': False, 'cache_tensor_id': 1000002142, 'core_id': 0, 'size_bytes': 10368, 'path': 'DDR', 'nominal_cycles': 173, 'duration_excess': 692, 'original_tensors': [1000002142], 'slack': 0, 'congestion_exposure': 692.0, 'wait_priority': 1557.0, 'task': 0}, {'task_id': 0, 'op_id': 1000013144, 'op': 'COPY_IN', 'subgraph_id': 6, 'pipe': 'PIPE_MTE2', 'start': 3480, 'end': 4345, 'duration': 865, 'memory_path': 'DDR', 'cache_hit': False, 'cache_tensor_id': 1000002145, 'core_id': 0, 'size_bytes': 10368, 'path': 'DDR', 'nominal_cycles': 173, 'duration_excess': 692, 'original_tensors': [1000002145], 'slack': 0, 'congestion_exposure': 692.0, 'wait_priority': 1557.0, 'task': 0}, {'task_id': 0, 'op_id': 1000013316, 'op': 'COPY_IN', 'subgraph_id': 40, 'pipe': 'PIPE_MTE2', 'start': 9699, 'end': 10564, 'duration': 865, 'memory_path': 'DDR', 'cache_hit': False, 'cache_tensor_id': 1000008213, 'core_id': 0, 'size_bytes': 10368, 'path': 'DDR', 'nominal_cycles': 173, 'duration_excess': 692, 'original_tensors': [1000008213], 'slack': 0, 'congestion_exposure': 692.0, 'wait_priority': 1557.0, 'task': 0}, {'task_id': 0, 'op_id': 1000013346, 'op': 'COPY_IN', 'subgraph_id': 37, 'pipe': 'PIPE_MTE2', 'start': 7969, 'end': 8834, 'duration': 865, 'memory_path': 'DDR', 'cache_hit': False, 'cache_tensor_id': 1000008244, 'core_id': 0, 'size_bytes': 10368, 'path': 'DDR', 'nominal_cycles': 173, 'duration_excess': 692, 'original_tensors': [1000008244], 'slack': 0, 'congestion_exposure': 692.0, 'wait_priority': 1557.0, 'task': 0}, {'task_id': 0, 'op_id': 1000013348, 'op': 'COPY_IN', 'subgraph_id': 38, 'pipe': 'PIPE_MTE2', 'start': 8834, 'end': 9699, 'duration': 865, 'memory_path': 'DDR', 'cache_hit': False, 'cache_tensor_id': 1000008247, 'core_id': 0, 'size_bytes': 10368, 'path': 'DDR', 'nominal_cycles': 173, 'duration_excess': 692, 'original_tensors': [1000008247], 'slack': 0, 'congestion_exposure': 692.0, 'wait_priority': 1557.0, 'task': 0}, {'task_id': 0, 'op_id': 1000013350, 'op': 'COPY_IN', 'subgraph_id': 42, 'pipe': 'PIPE_MTE2', 'start': 10564, 'end': 11429, 'duration': 865, 'memory_path': 'DDR', 'cache_hit': False, 'cache_tensor_id': 1000008250, 'core_id': 0, 'size_bytes': 10368, 'path': 'DDR', 'nominal_cycles': 173, 'duration_excess': 692, 'original_tensors': [1000008250], 'slack': 0, 'congestion_exposure': 692.0, 'wait_priority': 1557.0, 'task': 0}, {'task_id': 0, 'op_id': 1000013380, 'op': 'COPY_IN', 'subgraph_id': 44, 'pipe': 'PIPE_MTE2', 'start': 11429, 'end': 12294, 'duration': 865, 'memory_path': 'DDR', 'cache_hit': False, 'cache_tensor_id': 1000010241, 'core_id': 0, 'size_bytes': 10368, 'path': 'DDR', 'nominal_cycles': 173, 'duration_excess': 692, 'original_tensors': [1000010241], 'slack': 0, 'congestion_exposure': 692.0, 'wait_priority': 1557.0, 'task': 0}, {'task_id': 0, 'op_id': 1000013382, 'op': 'COPY_IN', 'subgraph_id': 46, 'pipe': 'PIPE_MTE2', 'start': 12299, 'end': 13164, 'duration': 865, 'memory_path': 'DDR', 'cache_hit': False, 'cache_tensor_id': 1000010244, 'core_id': 0, 'size_bytes': 10368, 'path': 'DDR', 'nominal_cycles': 173, 'duration_excess': 692, 'original_tensors': [1000010244], 'slack': 0, 'congestion_exposure': 692.0, 'wait_priority': 1557.0, 'task': 0}, {'task_id': 0, 'op_id': 1000013140, 'op': 'COPY_IN', 'subgraph_id': 1560, 'pipe': 'PIPE_MTE2', 'start': 61202, 'end': 62932, 'duration': 1730, 'memory_path': 'DDR', 'cache_hit': False, 'cache_tensor_id': 1000002140, 'core_id': 0, 'size_bytes': 20736, 'path': 'DDR', 'nominal_cycles': 346, 'duration_excess': 1384, 'original_tensors': [1000002140], 'slack': 13056, 'congestion_exposure': 1384.0, 'wait_priority': 1502.157733546626, 'task': 0}, {'task_id': 0, 'op_id': 1000013414, 'op': 'COPY_IN', 'subgraph_id': 51, 'pipe': 'PIPE_MTE2', 'start': 13164, 'end': 14001, 'duration': 837, 'memory_path': 'DDR', 'cache_hit': False, 'cache_tensor_id': 1000010278, 'core_id': 0, 'size_bytes': 10368, 'path': 'DDR', 'nominal_cycles': 173, 'duration_excess': 664, 'original_tensors': [1000010278], 'slack': 0, 'congestion_exposure': 664.0, 'wait_priority': 1501.0, 'task': 0}, {'task_id': 0, 'op_id': 1000013242, 'op': 'COPY_IN', 'subgraph_id': 3993, 'pipe': 'PIPE_MTE2', 'start': 158922, 'end': 160090, 'duration': 1168, 'memory_path': 'DDR', 'cache_hit': False, 'cache_tensor_id': 1000004211, 'core_id': 0, 'size_bytes': 20736, 'path': 'DDR', 'nominal_cycles': 346, 'duration_excess': 822, 'original_tensors': [1000004211], 'slack': 9146, 'congestion_exposure': 822.0, 'wait_priority': 1136.057789528258, 'task': 0}, {'task_id': 0, 'op_id': 1000013112, 'op': 'COPY_IN', 'subgraph_id': 8, 'pipe': 'PIPE_MTE2', 'start': 4635, 'end': 5208, 'duration': 573, 'memory_path': 'DDR', 'cache_hit': False, 'cache_tensor_id': 1000002111, 'core_id': 0, 'size_bytes': 10368, 'path': 'DDR', 'nominal_cycles': 173, 'duration_excess': 400, 'original_tensors': [1000002111], 'slack': 0, 'congestion_exposure': 400.0, 'wait_priority': 973.0, 'task': 0}, {'task_id': 1, 'op_id': 1000012766, 'op': 'COPY_IN', 'subgraph_id': 10032, 'pipe': 'PIPE_MTE2', 'start': 58410, 'end': 64192, 'duration': 5782, 'memory_path': 'DDR', 'cache_hit': False, 'cache_tensor_id': 1000000393, 'core_id': 1, 'size_bytes': 73728, 'path': 'DDR', 'nominal_cycles': 1229, 'duration_excess': 4553, 'original_tensors': [1000000393], 'slack': 195939, 'congestion_exposure': 4553.0, 'wait_priority': 604.2655997612761, 'task': 1}, {'task_id': 4, 'op_id': 1000012772, 'op': 'COPY_IN', 'subgraph_id': 11392, 'pipe': 'PIPE_MTE2', 'start': 58410, 'end': 64192, 'duration': 5782, 'memory_path': 'DDR', 'cache_hit': False, 'cache_tensor_id': 1000000393, 'core_id': 4, 'size_bytes': 73728, 'path': 'DDR', 'nominal_cycles': 1229, 'duration_excess': 4553, 'original_tensors': [1000000393], 'slack': 195939, 'congestion_exposure': 4553.0, 'wait_priority': 604.2655997612761, 'task': 4}, {'task_id': 1, 'op_id': 1000012790, 'op': 'COPY_IN', 'subgraph_id': 10054, 'pipe': 'PIPE_MTE2', 'start': 78126, 'end': 83697, 'duration': 5571, 'memory_path': 'DDR', 'cache_hit': False, 'cache_tensor_id': 1000000399, 'core_id': 1, 'size_bytes': 73728, 'path': 'DDR', 'nominal_cycles': 1229, 'duration_excess': 4342, 'original_tensors': [1000000399], 'slack': 191837, 'congestion_exposure': 4342.0, 'wait_priority': 591.2462400961155, 'task': 1}], 'compile_seconds': 6.505119545996422, 'limitations': 'Observed durations include dynamic contention; chain/slack and projected residency are ranking diagnostics, not removable-delay certificates.'}",,,,,
case_053_p3_n5,case_053,3,5,existing_regression,persistent,18,visit,/home/konglingrui/.mathmodel/questionA/真机启发算法攻坚/A题研究/直接迭代/运行结果/持续联合冲刺_20260926/正式75配置_6并发/configurations/case_053_p3_n5/persistent/attempt_001/evaluations/attempts/20260926T125415-62a073aae32c45278ed3dfc35cce20d6/record.json,joint,,1,/home/konglingrui/.mathmodel/questionA/真机启发算法攻坚/A题研究/直接迭代/运行结果/持续联合冲刺_20260926/正式75配置_6并发/configurations/case_053_p3_n5/persistent/attempt_001/evaluations/attempts/20260926T125627-3e95f0499a104ac196dede5b6df6b35c/record.json,0,0,False,False,True,success,,,,,,,,
case_053_p3_n5,case_053,3,5,existing_regression,persistent,19,observe,/home/konglingrui/.mathmodel/questionA/真机启发算法攻坚/A题研究/直接迭代/运行结果/持续联合冲刺_20260926/正式75配置_6并发/configurations/case_053_p3_n5/persistent/attempt_001/evaluations/attempts/20260926T125443-34d8387a0c5b4ce49c7fd2b52ba825a3/record.json,,,,,,0,,,,,,,"{'makespan': 390575, 'official_copy': {'original_graph_copy_bytes': 2995288, 'scheduled_copy_bytes': 24706680, 'added_copy_bytes': 21711392, 'partition_added_copy_bytes': 21711392, 'spill_added_copy_bytes': 0}, 'path_bytes': {'CACHE_READ': 5302086, 'DDR': 19404594}, 'nominal_pool_work_cycles': {'CACHE_READ': 21854, 'DDR': 330421}, 'pool_occupancy': {'DDR': {'busy_cycles': 330421, 'overlap_cycles': 278662, 'peak_concurrent': 10}, 'CACHE_READ': {'busy_cycles': 21854, 'overlap_cycles': 2508, 'peak_concurrent': 3}}, 'projected_live_peak': {'0:L1': 179200, '0:UB': 30000, '1:L1': 194960, '1:UB': 28516, '2:L1': 180992, '2:UB': 22468, '3:L1': 192528, '3:UB': 32354, '4:L1': 188304, '4:UB': 55680}, 'projected_live_byte_cycles': {'0:L1': 17201290624, '0:UB': 1926128834, '1:L1': 15400349744, '1:UB': 3249003078, '2:L1': 18565178016, '2:UB': 2033438622, '3:L1': 14289757232, '3:UB': 3098032262, '4:L1': 16557289296, '4:UB': 3812607194}, 'memory_dependency_count': 44786, 'critical_chain_ops': 1477, 'critical_chain_memory_edges': 0, 'top_copy_waits': [{'task_id': 1, 'op_id': 1000013129, 'op': 'COPY_IN', 'subgraph_id': 4655, 'pipe': 'PIPE_MTE2', 'start': 151093, 'end': 156411, 'duration': 5318, 'memory_path': 'DDR', 'cache_hit': False, 'cache_tensor_id': 1000000397, 'core_id': 1, 'size_bytes': 73728, 'path': 'DDR', 'nominal_cycles': 1229, 'duration_excess': 4089, 'original_tensors': [1000000397], 'slack': 777, 'congestion_exposure': 4088.890476190476, 'wait_priority': 8821.889063540657, 'task': 1}, {'task_id': 3, 'op_id': 1000013133, 'op': 'COPY_IN', 'subgraph_id': 4651, 'pipe': 'PIPE_MTE2', 'start': 151857, 'end': 156661, 'duration': 4804, 'memory_path': 'DDR', 'cache_hit': False, 'cache_tensor_id': 1000000397, 'core_id': 3, 'size_bytes': 73728, 'path': 'DDR', 'nominal_cycles': 1229, 'duration_excess': 3575, 'original_tensors': [1000000397], 'slack': 0, 'congestion_exposure': 3575.5714285714284, 'wait_priority': 8379.571428571428, 'task': 3}, {'task_id': 0, 'op_id': 1000013127, 'op': 'COPY_IN', 'subgraph_id': 4661, 'pipe': 'PIPE_MTE2', 'start': 151581, 'end': 156607, 'duration': 5026, 'memory_path': 'DDR', 'cache_hit': False, 'cache_tensor_id': 1000000397, 'core_id': 0, 'size_bytes': 73728, 'path': 'DDR', 'nominal_cycles': 1229, 'duration_excess': 3797, 'original_tensors': [1000000397], 'slack': 825, 'congestion_exposure': 3797.0238095238096, 'wait_priority': 8242.665848005172, 'task': 0}, {'task_id': 2, 'op_id': 1000013131, 'op': 'COPY_IN', 'subgraph_id': 4643, 'pipe': 'PIPE_MTE2', 'start': 149698, 'end': 154902, 'duration': 5204, 'memory_path': 'DDR', 'cache_hit': False, 'cache_tensor_id': 1000000397, 'core_id': 2, 'size_bytes': 73728, 'path': 'DDR', 'nominal_cycles': 1229, 'duration_excess': 3975, 'original_tensors': [1000000397], 'slack': 1860, 'congestion_exposure': 3975.1738095238097, 'wait_priority': 7921.683280461277, 'task': 2}, {'task_id': 1, 'op_id': 1000013069, 'op': 'COPY_IN', 'subgraph_id': 2557, 'pipe': 'PIPE_MTE2', 'start': 93666, 'end': 98185, 'duration': 4519, 'memory_path': 'DDR', 'cache_hit': False, 'cache_tensor_id': 1000000385, 'core_id': 1, 'size_bytes': 73728, 'path': 'DDR', 'nominal_cycles': 1229, 'duration_excess': 3290, 'original_tensors': [1000000385], 'slack': 0, 'congestion_exposure': 3290.749999999999, 'wait_priority': 7809.749999999999, 'task': 1}, {'task_id': 0, 'op_id': 1000013067, 'op': 'COPY_IN', 'subgraph_id': 2559, 'pipe': 'PIPE_MTE2', 'start': 93465, 'end': 98033, 'duration': 4568, 'memory_path': 'DDR', 'cache_hit': False, 'cache_tensor_id': 1000000385, 'core_id': 0, 'size_bytes': 73728, 'path': 'DDR', 'nominal_cycles': 1229, 'duration_excess': 3339, 'original_tensors': [1000000385], 'slack': 1170, 'congestion_exposure': 3339.5833333333326, 'wait_priority': 7189.67435352771, 'task': 0}, {'task_id': 0, 'op_id': 1000013107, 'op': 'COPY_IN', 'subgraph_id': 4260, 'pipe': 'PIPE_MTE2', 'start': 136505, 'end': 141375, 'duration': 4870, 'memory_path': 'DDR', 'cache_hit': False, 'cache_tensor_id': 1000000393, 'core_id': 0, 'size_bytes': 73728, 'path': 'DDR', 'nominal_cycles': 1229, 'duration_excess': 3641, 'original_tensors': [1000000393], 'slack': 2541, 'congestion_exposure': 3641.2666666666664, 'wait_priority': 6994.451587677309, 'task': 0}, {'task_id': 0, 'op_id': 1000013097, 'op': 'COPY_IN', 'subgraph_id': 3214, 'pipe': 'PIPE_MTE2', 'start': 117816, 'end': 121913, 'duration': 4097, 'memory_path': 'DDR', 'cache_hit': False, 'cache_tensor_id': 1000000391, 'core_id': 0, 'size_bytes': 73728, 'path': 'DDR', 'nominal_cycles': 1229, 'duration_excess': 2868, 'original_tensors': [1000000391], 'slack': 0, 'congestion_exposure': 2870.228571428572, 'wait_priority': 6967.228571428572, 'task': 0}, {'task_id': 1, 'op_id': 1000013109, 'op': 'COPY_IN', 'subgraph_id': 4311, 'pipe': 'PIPE_MTE2', 'start': 137933, 'end': 141991, 'duration': 4058, 'memory_path': 'DDR', 'cache_hit': False, 'cache_tensor_id': 1000000393, 'core_id': 1, 'size_bytes': 73728, 'path': 'DDR', 'nominal_cycles': 1229, 'duration_excess': 2829, 'original_tensors': [1000000393], 'slack': 0, 'congestion_exposure': 2830.0333333333338, 'wait_priority': 6888.033333333334, 'task': 1}, {'task_id': 3, 'op_id': 1000013103, 'op': 'COPY_IN', 'subgraph_id': 3236, 'pipe': 'PIPE_MTE2', 'start': 117795, 'end': 121901, 'duration': 4106, 'memory_path': 'DDR', 'cache_hit': False, 'cache_tensor_id': 1000000391, 'core_id': 3, 'size_bytes': 73728, 'path': 'DDR', 'nominal_cycles': 1229, 'duration_excess': 2877, 'original_tensors': [1000000391], 'slack': 554, 'congestion_exposure': 2878.9785714285717, 'wait_priority': 6669.63350645382, 'task': 3}, {'task_id': 4, 'op_id': 1000013075, 'op': 'COPY_IN', 'subgraph_id': 2552, 'pipe': 'PIPE_MTE2', 'start': 91720, 'end': 95943, 'duration': 4223, 'memory_path': 'DDR', 'cache_hit': False, 'cache_tensor_id': 1000000385, 'core_id': 4, 'size_bytes': 73728, 'path': 'DDR', 'nominal_cycles': 1229, 'duration_excess': 2994, 'original_tensors': [1000000385], 'slack': 1196, 'congestion_exposure': 2994.3, 'wait_priority': 6548.847766828645, 'task': 4}, {'task_id': 4, 'op_id': 1000013115, 'op': 'COPY_IN', 'subgraph_id': 4294, 'pipe': 'PIPE_MTE2', 'start': 134606, 'end': 139652, 'duration': 5046, 'memory_path': 'DDR', 'cache_hit': False, 'cache_tensor_id': 1000000393, 'core_id': 4, 'size_bytes': 73728, 'path': 'DDR', 'nominal_cycles': 1229, 'duration_excess': 3817, 'original_tensors': [1000000393], 'slack': 4468, 'congestion_exposure': 3817.495238095238, 'wait_priority': 6416.693568438635, 'task': 4}, {'task_id': 2, 'op_id': 1000013111, 'op': 'COPY_IN', 'subgraph_id': 4254, 'pipe': 'PIPE_MTE2', 'start': 134624, 'end': 139684, 'duration': 5060, 'memory_path': 'DDR', 'cache_hit': False, 'cache_tensor_id': 1000000393, 'core_id': 2, 'size_bytes': 73728, 'path': 'DDR', 'nominal_cycles': 1229, 'duration_excess': 3831, 'original_tensors': [1000000393], 'slack': 4688, 'congestion_exposure': 3831.3285714285716, 'wait_priority': 6350.523137627982, 'task': 2}, {'task_id': 2, 'op_id': 1000013071, 'op': 'COPY_IN', 'subgraph_id': 2538, 'pipe': 'PIPE_MTE2', 'start': 91605, 'end': 95571, 'duration': 3966, 'memory_path': 'DDR', 'cache_hit': False, 'cache_tensor_id': 1000000385, 'core_id': 2, 'size_bytes': 73728, 'path': 'DDR', 'nominal_cycles': 1229, 'duration_excess': 2737, 'original_tensors': [1000000385], 'slack': 1276, 'congestion_exposure': 2737.4666666666667, 'wait_priority': 6045.153814480596, 'task': 2}, {'task_id': 4, 'op_id': 1000013135, 'op': 'COPY_IN', 'subgraph_id': 4659, 'pipe': 'PIPE_MTE2', 'start': 149345, 'end': 153990, 'duration': 4645, 'memory_path': 'DDR', 'cache_hit': False, 'cache_tensor_id': 1000000397, 'core_id': 4, 'size_bytes': 73728, 'path': 'DDR', 'nominal_cycles': 1229, 'duration_excess': 3416, 'original_tensors': [1000000397], 'slack': 3960, 'congestion_exposure': 3416.1738095238097, 'wait_priority': 6024.959021489282, 'task': 4}, {'task_id': 0, 'op_id': 1000013057, 'op': 'COPY_IN', 'subgraph_id': 2443, 'pipe': 'PIPE_MTE2', 'start': 87746, 'end': 90684, 'duration': 2938, 'memory_path': 'DDR', 'cache_hit': False, 'cache_tensor_id': 1000000383, 'core_id': 0, 'size_bytes': 36864, 'path': 'DDR', 'nominal_cycles': 615, 'duration_excess': 2323, 'original_tensors': [1000000383], 'slack': 0, 'congestion_exposure': 2323.0837301587308, 'wait_priority': 5261.083730158731, 'task': 0}, {'task_id': 2, 'op_id': 1000013061, 'op': 'COPY_IN', 'subgraph_id': 2453, 'pipe': 'PIPE_MTE2', 'start': 86825, 'end': 90003, 'duration': 3178, 'memory_path': 'DDR', 'cache_hit': False, 'cache_tensor_id': 1000000383, 'core_id': 2, 'size_bytes': 36864, 'path': 'DDR', 'nominal_cycles': 615, 'duration_excess': 2563, 'original_tensors': [1000000383], 'slack': 1423, 'congestion_exposure': 2563.4051587301587, 'wait_priority': 5119.649899821613, 'task': 2}, {'task_id': 1, 'op_id': 1000013089, 'op': 'COPY_IN', 'subgraph_id': 2768, 'pipe': 'PIPE_MTE2', 'start': 102721, 'end': 106117, 'duration': 3396, 'memory_path': 'DDR', 'cache_hit': False, 'cache_tensor_id': 1000000389, 'core_id': 1, 'size_bytes': 73728, 'path': 'DDR', 'nominal_cycles': 1229, 'duration_excess': 2167, 'original_tensors': [1000000389], 'slack': 1311, 'congestion_exposure': 2168.9833333333336, 'wait_priority': 5004.993069867404, 'task': 1}, {'task_id': 4, 'op_id': 1000013065, 'op': 'COPY_IN', 'subgraph_id': 2473, 'pipe': 'PIPE_MTE2', 'start': 87543, 'end': 90595, 'duration': 3052, 'memory_path': 'DDR', 'cache_hit': False, 'cache_tensor_id': 1000000383, 'core_id': 4, 'size_bytes': 36864, 'path': 'DDR', 'nominal_cycles': 615, 'duration_excess': 2437, 'original_tensors': [1000000383], 'slack': 1722, 'congestion_exposure': 2437.238492063492, 'wait_priority': 4785.890560941344, 'task': 4}, {'task_id': 1, 'op_id': 1000013163, 'op': 'COPY_IN', 'subgraph_id': 5798, 'pipe': 'PIPE_MTE2', 'start': 183958, 'end': 185997, 'duration': 2039, 'memory_path': 'DDR', 'cache_hit': False, 'cache_tensor_id': 1000000405, 'core_id': 1, 'size_bytes': 18432, 'path': 'DDR', 'nominal_cycles': 308, 'duration_excess': 1731, 'original_tensors': [1000000405], 'slack': 0, 'congestion_exposure': 1731.7067460317462, 'wait_priority': 3770.706746031746, 'task': 1}], 'compile_seconds': 10.130902589007746, 'limitations': 'Observed durations include dynamic contention; chain/slack and projected residency are ranking diagnostics, not removable-delay certificates.'}",,,,,
case_053_p3_n5,case_053,3,5,existing_regression,persistent,20,advance,/home/konglingrui/.mathmodel/questionA/真机启发算法攻坚/A题研究/直接迭代/运行结果/持续联合冲刺_20260926/正式75配置_6并发/configurations/case_053_p3_n5/persistent/attempt_001/evaluations/attempts/20260926T125443-34d8387a0c5b4ce49c7fd2b52ba825a3/record.json,joint,,4,/home/konglingrui/.mathmodel/questionA/真机启发算法攻坚/A题研究/直接迭代/运行结果/持续联合冲刺_20260926/正式75配置_6并发/configurations/case_053_p3_n5/persistent/attempt_001/evaluations/attempts/20260926T125645-3e6384604ec5442f9283131ef5f31d65/record.json,,1,,,,,False,1,,,,,,
case_053_p3_n5,case_053,3,5,existing_regression,persistent,21,visit,/home/konglingrui/.mathmodel/questionA/真机启发算法攻坚/A题研究/直接迭代/运行结果/持续联合冲刺_20260926/正式75配置_6并发/configurations/case_053_p3_n5/persistent/attempt_001/evaluations/attempts/20260926T125443-34d8387a0c5b4ce49c7fd2b52ba825a3/record.json,joint,,4,/home/konglingrui/.mathmodel/questionA/真机启发算法攻坚/A题研究/直接迭代/运行结果/持续联合冲刺_20260926/正式75配置_6并发/configurations/case_053_p3_n5/persistent/attempt_001/evaluations/attempts/20260926T125645-3e6384604ec5442f9283131ef5f31d65/record.json,1,0,True,False,False,success,,,,,,,,
case_053_p3_n5,case_053,3,5,existing_regression,persistent,22,visit,/home/konglingrui/.mathmodel/questionA/真机启发算法攻坚/A题研究/直接迭代/运行结果/持续联合冲刺_20260926/正式75配置_6并发/configurations/case_053_p3_n5/persistent/attempt_001/evaluations/attempts/20260926T125645-3e6384604ec5442f9283131ef5f31d65/record.json,insertion,,4,/home/konglingrui/.mathmodel/questionA/真机启发算法攻坚/A题研究/直接迭代/运行结果/持续联合冲刺_20260926/正式75配置_6并发/configurations/case_053_p3_n5/persistent/attempt_001/evaluations/attempts/20260926T125654-a9d326429d54434191f673a99a107b7c/record.json,0,1,False,False,False,success,,,,,,,,
case_053_p3_n5,case_053,3,5,existing_regression,persistent,23,observe,/home/konglingrui/.mathmodel/questionA/真机启发算法攻坚/A题研究/直接迭代/运行结果/持续联合冲刺_20260926/正式75配置_6并发/configurations/case_053_p3_n5/persistent/attempt_001/evaluations/attempts/20260926T125422-3cc5a9340c4945a190508b877e1ef7a9/record.json,,,,,,0,,,,,,,"{'makespan': 508364, 'official_copy': {'original_graph_copy_bytes': 2995288, 'scheduled_copy_bytes': 25949110, 'added_copy_bytes': 22953822, 'partition_added_copy_bytes': 22953822, 'spill_added_copy_bytes': 0}, 'path_bytes': {'CACHE_READ': 3673376, 'DDR': 22275734}, 'nominal_pool_work_cycles': {'CACHE_READ': 15369, 'DDR': 379219}, 'pool_occupancy': {'DDR': {'busy_cycles': 379219, 'overlap_cycles': 315598, 'peak_concurrent': 10}, 'CACHE_READ': {'busy_cycles': 15369, 'overlap_cycles': 1648, 'peak_concurrent': 3}}, 'projected_live_peak': {'0:L1': 164112, '0:UB': 36866, '1:L1': 181648, '1:UB': 31206, '2:L1': 202240, '2:UB': 46228, '3:L1': 189968, '3:UB': 34848, '4:L1': 180624, '4:UB': 32258}, 'projected_live_byte_cycles': {'0:L1': 22424879728, '0:UB': 2659360264, '1:L1': 25741419184, '1:UB': 2918856374, '2:L1': 22073265024, '2:UB': 3154950234, '3:L1': 26999492784, '3:UB': 3148203390, '4:L1': 23078955568, '4:UB': 2720903190}, 'memory_dependency_count': 46044, 'critical_chain_ops': 2360, 'critical_chain_memory_edges': 0, 'top_copy_waits': [{'task_id': 3, 'op_id': 1000013176, 'op': 'COPY_IN', 'subgraph_id': 3388, 'pipe': 'PIPE_MTE2', 'start': 170634, 'end': 177676, 'duration': 7042, 'memory_path': 'DDR', 'cache_hit': False, 'cache_tensor_id': 1000000393, 'core_id': 3, 'size_bytes': 73728, 'path': 'DDR', 'nominal_cycles': 1229, 'duration_excess': 5813, 'original_tensors': [1000000393], 'slack': 0, 'congestion_exposure': 5813.177380952381, 'wait_priority': 12855.17738095238, 'task': 3}, {'task_id': 0, 'op_id': 1000013170, 'op': 'COPY_IN', 'subgraph_id': 3391, 'pipe': 'PIPE_MTE2', 'start': 171039, 'end': 178110, 'duration': 7071, 'memory_path': 'DDR', 'cache_hit': False, 'cache_tensor_id': 1000000393, 'core_id': 0, 'size_bytes': 73728, 'path': 'DDR', 'nominal_cycles': 1229, 'duration_excess': 5842, 'original_tensors': [1000000393], 'slack': 635, 'congestion_exposure': 5842.260714285716, 'wait_priority': 12397.085349335404, 'task': 0}, {'task_id': 3, 'op_id': 1000013186, 'op': 'COPY_IN', 'subgraph_id': 3410, 'pipe': 'PIPE_MTE2', 'start': 177676, 'end': 183941, 'duration': 6265, 'memory_path': 'DDR', 'cache_hit': False, 'cache_tensor_id': 1000000395, 'core_id': 3, 'size_bytes': 73728, 'path': 'DDR', 'nominal_cycles': 1229, 'duration_excess': 5036, 'original_tensors': [1000000395], 'slack': 0, 'congestion_exposure': 5036.035714285714, 'wait_priority': 11301.035714285714, 'task': 3}, {'task_id': 2, 'op_id': 1000013204, 'op': 'COPY_IN', 'subgraph_id': 3793, 'pipe': 'PIPE_MTE2', 'start': 206409, 'end': 212605, 'duration': 6196, 'memory_path': 'DDR', 'cache_hit': False, 'cache_tensor_id': 1000000399, 'core_id': 2, 'size_bytes': 73728, 'path': 'DDR', 'nominal_cycles': 1229, 'duration_excess': 4967, 'original_tensors': [1000000399], 'slack': 0, 'congestion_exposure': 4967.100000000001, 'wait_priority': 11163.100000000002, 'task': 2}, {'task_id': 2, 'op_id': 1000013174, 'op': 'COPY_IN', 'subgraph_id': 3387, 'pipe': 'PIPE_MTE2', 'start': 168922, 'end': 175401, 'duration': 6479, 'memory_path': 'DDR', 'cache_hit': False, 'cache_tensor_id': 1000000393, 'core_id': 2, 'size_bytes': 73728, 'path': 'DDR', 'nominal_cycles': 1229, 'duration_excess': 5250, 'original_tensors': [1000000393], 'slack': 814, 'congestion_exposure': 5250.077380952382, 'wait_priority': 11134.771963428035, 'task': 2}, {'task_id': 2, 'op_id': 1000013184, 'op': 'COPY_IN', 'subgraph_id': 3409, 'pipe': 'PIPE_MTE2', 'start': 175476, 'end': 181845, 'duration': 6369, 'memory_path': 'DDR', 'cache_hit': False, 'cache_tensor_id': 1000000395, 'core_id': 2, 'size_bytes': 73728, 'path': 'DDR', 'nominal_cycles': 1229, 'duration_excess': 5140, 'original_tensors': [1000000395], 'slack': 814, 'congestion_exposure': 5140.035714285714, 'wait_priority': 10925.879677938905, 'task': 2}, {'task_id': 0, 'op_id': 1000013180, 'op': 'COPY_IN', 'subgraph_id': 3412, 'pipe': 'PIPE_MTE2', 'start': 178200, 'end': 184392, 'duration': 6192, 'memory_path': 'DDR', 'cache_hit': False, 'cache_tensor_id': 1000000395, 'core_id': 0, 'size_bytes': 73728, 'path': 'DDR', 'nominal_cycles': 1229, 'duration_excess': 4963, 'original_tensors': [1000000395], 'slack': 635, 'congestion_exposure': 4963.266666666666, 'wait_priority': 10709.362725734485, 'task': 0}, {'task_id': 3, 'op_id': 1000013206, 'op': 'COPY_IN', 'subgraph_id': 3791, 'pipe': 'PIPE_MTE2', 'start': 205953, 'end': 212100, 'duration': 6147, 'memory_path': 'DDR', 'cache_hit': False, 'cache_tensor_id': 1000000399, 'core_id': 3, 'size_bytes': 73728, 'path': 'DDR', 'nominal_cycles': 1229, 'duration_excess': 4918, 'original_tensors': [1000000399], 'slack': 812, 'congestion_exposure': 4918.050000000001, 'wait_priority': 10505.698362813238, 'task': 3}, {'task_id': 0, 'op_id': 1000013200, 'op': 'COPY_IN', 'subgraph_id': 3795, 'pipe': 'PIPE_MTE2', 'start': 205783, 'end': 211900, 'duration': 6117, 'memory_path': 'DDR', 'cache_hit': False, 'cache_tensor_id': 1000000399, 'core_id': 0, 'size_bytes': 73728, 'path': 'DDR', 'nominal_cycles': 1229, 'duration_excess': 4888, 'original_tensors': [1000000399], 'slack': 772, 'congestion_exposure': 4888.000000000001, 'wait_priority': 10474.768306900365, 'task': 0}, {'task_id': 4, 'op_id': 1000013148, 'op': 'COPY_IN', 'subgraph_id': 2114, 'pipe': 'PIPE_MTE2', 'start': 113963, 'end': 119793, 'duration': 5830, 'memory_path': 'DDR', 'cache_hit': False, 'cache_tensor_id': 1000000387, 'core_id': 4, 'size_bytes': 73728, 'path': 'DDR', 'nominal_cycles': 1229, 'duration_excess': 4601, 'original_tensors': [1000000387], 'slack': 0, 'congestion_exposure': 4601.133333333332, 'wait_priority': 10431.133333333331, 'task': 4}, {'task_id': 0, 'op_id': 1000013190, 'op': 'COPY_IN', 'subgraph_id': 3447, 'pipe': 'PIPE_MTE2', 'start': 184866, 'end': 190893, 'duration': 6027, 'memory_path': 'DDR', 'cache_hit': False, 'cache_tensor_id': 1000000397, 'core_id': 0, 'size_bytes': 73728, 'path': 'DDR', 'nominal_cycles': 1229, 'duration_excess': 4798, 'original_tensors': [1000000397], 'slack': 814, 'congestion_exposure': 4798.185714285714, 'wait_priority': 10276.679953197046, 'task': 0}, {'task_id': 3, 'op_id': 1000013166, 'op': 'COPY_IN', 'subgraph_id': 3298, 'pipe': 'PIPE_MTE2', 'start': 157019, 'end': 162711, 'duration': 5692, 'memory_path': 'DDR', 'cache_hit': False, 'cache_tensor_id': 1000000391, 'core_id': 3, 'size_bytes': 73728, 'path': 'DDR', 'nominal_cycles': 1229, 'duration_excess': 4463, 'original_tensors': [1000000391], 'slack': 130, 'congestion_exposure': 4462.799999999999, 'wait_priority': 10068.971323952013, 'task': 3}, {'task_id': 1, 'op_id': 1000013202, 'op': 'COPY_IN', 'subgraph_id': 3792, 'pipe': 'PIPE_MTE2', 'start': 205279, 'end': 210851, 'duration': 5572, 'memory_path': 'DDR', 'cache_hit': False, 'cache_tensor_id': 1000000399, 'core_id': 1, 'size_bytes': 73728, 'path': 'DDR', 'nominal_cycles': 1229, 'duration_excess': 4343, 'original_tensors': [1000000399], 'slack': 397, 'congestion_exposure': 4343.150000000001, 'wait_priority': 9663.594869989112, 'task': 1}, {'task_id': 1, 'op_id': 1000013162, 'op': 'COPY_IN', 'subgraph_id': 3300, 'pipe': 'PIPE_MTE2', 'start': 157745, 'end': 163138, 'duration': 5393, 'memory_path': 'DDR', 'cache_hit': False, 'cache_tensor_id': 1000000391, 'core_id': 1, 'size_bytes': 73728, 'path': 'DDR', 'nominal_cycles': 1229, 'duration_excess': 4164, 'original_tensors': [1000000391], 'slack': 0, 'congestion_exposure': 4164.683333333333, 'wait_priority': 9557.683333333334, 'task': 1}, {'task_id': 2, 'op_id': 1000013164, 'op': 'COPY_IN', 'subgraph_id': 3301, 'pipe': 'PIPE_MTE2', 'start': 157224, 'end': 162897, 'duration': 5673, 'memory_path': 'DDR', 'cache_hit': False, 'cache_tensor_id': 1000000391, 'core_id': 2, 'size_bytes': 73728, 'path': 'DDR', 'nominal_cycles': 1229, 'duration_excess': 4444, 'original_tensors': [1000000391], 'slack': 907, 'congestion_exposure': 4444.133333333332, 'wait_priority': 9549.223606503805, 'task': 2}, {'task_id': 3, 'op_id': 1000013136, 'op': 'COPY_IN', 'subgraph_id': 1720, 'pipe': 'PIPE_MTE2', 'start': 98736, 'end': 104204, 'duration': 5468, 'memory_path': 'DDR', 'cache_hit': False, 'cache_tensor_id': 1000000385, 'core_id': 3, 'size_bytes': 73728, 'path': 'DDR', 'nominal_cycles': 1229, 'duration_excess': 4239, 'original_tensors': [1000000385], 'slack': 698, 'congestion_exposure': 4239.144047619048, 'wait_priority': 9282.31361739317, 'task': 3}, {'task_id': 4, 'op_id': 1000013178, 'op': 'COPY_IN', 'subgraph_id': 3385, 'pipe': 'PIPE_MTE2', 'start': 168431, 'end': 175002, 'duration': 6571, 'memory_path': 'DDR', 'cache_hit': False, 'cache_tensor_id': 1000000393, 'core_id': 4, 'size_bytes': 73728, 'path': 'DDR', 'nominal_cycles': 1229, 'duration_excess': 5342, 'original_tensors': [1000000393], 'slack': 4502, 'congestion_exposure': 5342.239285714286, 'wait_priority': 9198.02536978258, 'task': 4}, {'task_id': 1, 'op_id': 1000013212, 'op': 'COPY_IN', 'subgraph_id': 3860, 'pipe': 'PIPE_MTE2', 'start': 212152, 'end': 217469, 'duration': 5317, 'memory_path': 'DDR', 'cache_hit': False, 'cache_tensor_id': 1000000401, 'core_id': 1, 'size_bytes': 73728, 'path': 'DDR', 'nominal_cycles': 1229, 'duration_excess': 4088, 'original_tensors': [1000000401], 'slack': 397, 'congestion_exposure': 4088.25, 'wait_priority': 9166.63143280385, 'task': 1}, {'task_id': 3, 'op_id': 1000013146, 'op': 'COPY_IN', 'subgraph_id': 2113, 'pipe': 'PIPE_MTE2', 'start': 113495, 'end': 118973, 'duration': 5478, 'memory_path': 'DDR', 'cache_hit': False, 'cache_tensor_id': 1000000387, 'core_id': 3, 'size_bytes': 73728, 'path': 'DDR', 'nominal_cycles': 1229, 'duration_excess': 4249, 'original_tensors': [1000000387], 'slack': 1081, 'congestion_exposure': 4248.95, 'wait_priority': 9083.12900712225, 'task': 3}, {'task_id': 4, 'op_id': 1000013188, 'op': 'COPY_IN', 'subgraph_id': 3411, 'pipe': 'PIPE_MTE2', 'start': 175440, 'end': 181805, 'duration': 6365, 'memory_path': 'DDR', 'cache_hit': False, 'cache_tensor_id': 1000000395, 'core_id': 4, 'size_bytes': 73728, 'path': 'DDR', 'nominal_cycles': 1229, 'duration_excess': 5136, 'original_tensors': [1000000395], 'slack': 4190, 'congestion_exposure': 5135.935714285713, 'wait_priority': 9022.199078218227, 'task': 4}], 'compile_seconds': 10.072470320010325, 'limitations': 'Observed durations include dynamic contention; chain/slack and projected residency are ranking diagnostics, not removable-delay certificates.'}",,,,,
case_053_p3_n5,case_053,3,5,existing_regression,persistent,24,advance_alternate,/home/konglingrui/.mathmodel/questionA/真机启发算法攻坚/A题研究/直接迭代/运行结果/持续联合冲刺_20260926/正式75配置_6并发/configurations/case_053_p3_n5/persistent/attempt_001/evaluations/attempts/20260926T125422-3cc5a9340c4945a190508b877e1ef7a9/record.json,joint,,2,/home/konglingrui/.mathmodel/questionA/真机启发算法攻坚/A题研究/直接迭代/运行结果/持续联合冲刺_20260926/正式75配置_6并发/configurations/case_053_p3_n5/persistent/attempt_001/evaluations/attempts/20260926T125713-2a9eda675f8c4b5186d5653e541e4f7b/record.json,,1,,,,,,3,,,,,,
case_053_p3_n5,case_053,3,5,existing_regression,persistent,25,visit,/home/konglingrui/.mathmodel/questionA/真机启发算法攻坚/A题研究/直接迭代/运行结果/持续联合冲刺_20260926/正式75配置_6并发/configurations/case_053_p3_n5/persistent/attempt_001/evaluations/attempts/20260926T125422-3cc5a9340c4945a190508b877e1ef7a9/record.json,joint,,2,/home/konglingrui/.mathmodel/questionA/真机启发算法攻坚/A题研究/直接迭代/运行结果/持续联合冲刺_20260926/正式75配置_6并发/configurations/case_053_p3_n5/persistent/attempt_001/evaluations/attempts/20260926T125713-2a9eda675f8c4b5186d5653e541e4f7b/record.json,0,0,True,False,True,success,,,,,,,,
case_053_p3_n5,case_053,3,5,existing_regression,persistent,26,observe,/home/konglingrui/.mathmodel/questionA/真机启发算法攻坚/A题研究/直接迭代/运行结果/持续联合冲刺_20260926/正式75配置_6并发/configurations/case_053_p3_n5/persistent/attempt_001/evaluations/attempts/20260926T125432-3f0a49ad65d74cab9450e2f9a78fe061/record.json,,,,,,0,,,,,,,"{'makespan': 765949, 'official_copy': {'original_graph_copy_bytes': 2995288, 'scheduled_copy_bytes': 18116464, 'added_copy_bytes': 15121176, 'partition_added_copy_bytes': 11500056, 'spill_added_copy_bytes': 3621120}, 'path_bytes': {'DDR': 9949320, 'CACHE_READ': 8167144}, 'nominal_pool_work_cycles': {'DDR': 169639, 'CACHE_READ': 33152}, 'pool_occupancy': {'DDR': {'busy_cycles': 169639, 'overlap_cycles': 57820, 'peak_concurrent': 8}, 'CACHE_READ': {'busy_cycles': 33152, 'overlap_cycles': 1388, 'peak_concurrent': 2}}, 'projected_live_peak': {'0:L1': 519904, '0:UB': 20790, '1:L1': 520160, '1:UB': 19734, '2:L1': 519904, '2:UB': 23478, '3:L1': 101520, '3:UB': 26554, '4:L1': 522880, '4:UB': 25348}, 'projected_live_byte_cycles': {'0:L1': 98936226800, '0:UB': 2640024798, '1:L1': 136878855776, '1:UB': 1921900504, '2:L1': 135903153840, '2:UB': 3635618296, '3:L1': 10759411888, '3:UB': 4023370998, '4:L1': 99433728608, '4:UB': 4039357260}, 'memory_dependency_count': 35147, 'critical_chain_ops': 4781, 'critical_chain_memory_edges': 0, 'top_copy_waits': [{'task_id': 4, 'op_id': 1000013561, 'op': 'COPY_IN', 'subgraph_id': 222, 'pipe': 'PIPE_MTE2', 'start': 354561, 'end': 355439, 'duration': 878, 'memory_path': 'DDR', 'cache_hit': False, 'cache_tensor_id': 1000002013, 'core_id': 4, 'size_bytes': 18432, 'path': 'DDR', 'nominal_cycles': 308, 'duration_excess': 570, 'original_tensors': [1000002013], 'slack': 1029, 'congestion_exposure': 570.25, 'wait_priority': 1386.1756019064064, 'task': 4}, {'task_id': 0, 'op_id': 1000013551, 'op': 'COPY_IN', 'subgraph_id': 221, 'pipe': 'PIPE_MTE2', 'start': 353945, 'end': 354869, 'duration': 924, 'memory_path': 'DDR', 'cache_hit': False, 'cache_tensor_id': 1000002011, 'core_id': 0, 'size_bytes': 18432, 'path': 'DDR', 'nominal_cycles': 308, 'duration_excess': 616, 'original_tensors': [1000002011], 'slack': 2683, 'congestion_exposure': 616.0, 'wait_priority': 1378.9874001762173, 'task': 0}, {'task_id': 1, 'op_id': 1000012384, 'op': 'COPY_IN', 'subgraph_id': 1, 'pipe': 'PIPE_MTE2', 'start': 0, 'end': 685, 'duration': 685, 'memory_path': 'DDR', 'cache_hit': False, 'cache_tensor_id': 1000000003, 'core_id': 1, 'size_bytes': 8192, 'path': 'DDR', 'nominal_cycles': 137, 'duration_excess': 548, 'original_tensors': [1000000003], 'slack': 0, 'congestion_exposure': 548.0, 'wait_priority': 1233.0, 'task': 1}, {'task_id': 1, 'op_id': 1000012394, 'op': 'COPY_IN', 'subgraph_id': 1, 'pipe': 'PIPE_MTE2', 'start': 685, 'end': 1370, 'duration': 685, 'memory_path': 'DDR', 'cache_hit': False, 'cache_tensor_id': 1000000010, 'core_id': 1, 'size_bytes': 8192, 'path': 'DDR', 'nominal_cycles': 137, 'duration_excess': 548, 'original_tensors': [1000000010], 'slack': 0, 'congestion_exposure': 548.0, 'wait_priority': 1233.0, 'task': 1}, {'task_id': 2, 'op_id': 1000012388, 'op': 'COPY_IN', 'subgraph_id': 2, 'pipe': 'PIPE_MTE2', 'start': 0, 'end': 685, 'duration': 685, 'memory_path': 'DDR', 'cache_hit': False, 'cache_tensor_id': 1000000005, 'core_id': 2, 'size_bytes': 8192, 'path': 'DDR', 'nominal_cycles': 137, 'duration_excess': 548, 'original_tensors': [1000000005], 'slack': 274, 'congestion_exposure': 548.0, 'wait_priority': 1218.4707048326477, 'task': 2}, {'task_id': 2, 'op_id': 1000012399, 'op': 'COPY_IN', 'subgraph_id': 2, 'pipe': 'PIPE_MTE2', 'start': 685, 'end': 1370, 'duration': 685, 'memory_path': 'DDR', 'cache_hit': False, 'cache_tensor_id': 1000000013, 'core_id': 2, 'size_bytes': 8192, 'path': 'DDR', 'nominal_cycles': 137, 'duration_excess': 548, 'original_tensors': [1000000013], 'slack': 274, 'congestion_exposure': 548.0, 'wait_priority': 1218.4707048326477, 'task': 2}, {'task_id': 4, 'op_id': 1000012386, 'op': 'COPY_IN', 'subgraph_id': 5, 'pipe': 'PIPE_MTE2', 'start': 0, 'end': 685, 'duration': 685, 'memory_path': 'DDR', 'cache_hit': False, 'cache_tensor_id': 1000000003, 'core_id': 4, 'size_bytes': 8192, 'path': 'DDR', 'nominal_cycles': 137, 'duration_excess': 548, 'original_tensors': [1000000003], 'slack': 438, 'congestion_exposure': 548.0, 'wait_priority': 1209.9370020331844, 'task': 4}, {'task_id': 4, 'op_id': 1000012409, 'op': 'COPY_IN', 'subgraph_id': 5, 'pipe': 'PIPE_MTE2', 'start': 685, 'end': 1370, 'duration': 685, 'memory_path': 'DDR', 'cache_hit': False, 'cache_tensor_id': 1000000022, 'core_id': 4, 'size_bytes': 8192, 'path': 'DDR', 'nominal_cycles': 137, 'duration_excess': 548, 'original_tensors': [1000000022], 'slack': 438, 'congestion_exposure': 548.0, 'wait_priority': 1209.9370020331844, 'task': 4}, {'task_id': 0, 'op_id': 1000012378, 'op': 'COPY_IN', 'subgraph_id': 0, 'pipe': 'PIPE_MTE2', 'start': 0, 'end': 685, 'duration': 685, 'memory_path': 'DDR', 'cache_hit': False, 'cache_tensor_id': 1000000001, 'core_id': 0, 'size_bytes': 8192, 'path': 'DDR', 'nominal_cycles': 137, 'duration_excess': 548, 'original_tensors': [1000000001], 'slack': 1877, 'congestion_exposure': 548.0, 'wait_priority': 1139.888061259755, 'task': 0}, {'task_id': 0, 'op_id': 1000012392, 'op': 'COPY_IN', 'subgraph_id': 0, 'pipe': 'PIPE_MTE2', 'start': 685, 'end': 1370, 'duration': 685, 'memory_path': 'DDR', 'cache_hit': False, 'cache_tensor_id': 1000000007, 'core_id': 0, 'size_bytes': 8192, 'path': 'DDR', 'nominal_cycles': 137, 'duration_excess': 548, 'original_tensors': [1000000007], 'slack': 1877, 'congestion_exposure': 548.0, 'wait_priority': 1139.888061259755, 'task': 0}, {'task_id': 3, 'op_id': 1000012380, 'op': 'COPY_IN', 'subgraph_id': 4, 'pipe': 'PIPE_MTE2', 'start': 0, 'end': 685, 'duration': 685, 'memory_path': 'DDR', 'cache_hit': False, 'cache_tensor_id': 1000000001, 'core_id': 3, 'size_bytes': 8192, 'path': 'DDR', 'nominal_cycles': 137, 'duration_excess': 548, 'original_tensors': [1000000001], 'slack': 2014, 'congestion_exposure': 548.0, 'wait_priority': 1133.639592645305, 'task': 3}, {'task_id': 3, 'op_id': 1000012407, 'op': 'COPY_IN', 'subgraph_id': 4, 'pipe': 'PIPE_MTE2', 'start': 685, 'end': 1370, 'duration': 685, 'memory_path': 'DDR', 'cache_hit': False, 'cache_tensor_id': 1000000019, 'core_id': 3, 'size_bytes': 8192, 'path': 'DDR', 'nominal_cycles': 137, 'duration_excess': 548, 'original_tensors': [1000000019], 'slack': 2014, 'congestion_exposure': 548.0, 'wait_priority': 1133.639592645305, 'task': 3}, {'task_id': 3, 'op_id': 1000013559, 'op': 'COPY_IN', 'subgraph_id': 226, 'pipe': 'PIPE_MTE2', 'start': 353857, 'end': 354713, 'duration': 856, 'memory_path': 'DDR', 'cache_hit': False, 'cache_tensor_id': 1000002013, 'core_id': 3, 'size_bytes': 18432, 'path': 'DDR', 'nominal_cycles': 308, 'duration_excess': 548, 'original_tensors': [1000002013], 'slack': 7178, 'congestion_exposure': 547.8333333333334, 'wait_priority': 1069.685614231374, 'task': 3}, {'task_id': 2, 'op_id': 1000023634, 'op': 'COPY_IN', 'subgraph_id': 176, 'pipe': 'PIPE_MTE2', 'start': 252360, 'end': 253726, 'duration': 1366, 'memory_path': 'DDR', 'cache_hit': False, 'cache_tensor_id': 1000000389, 'core_id': 2, 'size_bytes': 73728, 'path': 'DDR', 'nominal_cycles': 1229, 'duration_excess': 137, 'original_tensors': [], 'slack': 13275, 'congestion_exposure': 137.0, 'wait_priority': 952.6437168635168, 'task': 2}, {'task_id': 2, 'op_id': 1000023638, 'op': 'COPY_IN', 'subgraph_id': 176, 'pipe': 'PIPE_MTE2', 'start': 257283, 'end': 258649, 'duration': 1366, 'memory_path': 'DDR', 'cache_hit': False, 'cache_tensor_id': 1000000393, 'core_id': 2, 'size_bytes': 73728, 'path': 'DDR', 'nominal_cycles': 1229, 'duration_excess': 137, 'original_tensors': [], 'slack': 13275, 'congestion_exposure': 137.0, 'wait_priority': 952.6437168635168, 'task': 2}, {'task_id': 0, 'op_id': 1000013563, 'op': 'COPY_IN', 'subgraph_id': 223, 'pipe': 'PIPE_MTE2', 'start': 354973, 'end': 355693, 'duration': 720, 'memory_path': 'DDR', 'cache_hit': False, 'cache_tensor_id': 1000002015, 'core_id': 0, 'size_bytes': 18432, 'path': 'DDR', 'nominal_cycles': 308, 'duration_excess': 412, 'original_tensors': [1000002015], 'slack': 4569, 'congestion_exposure': 412.4166666666667, 'wait_priority': 944.5949991959335, 'task': 0}, {'task_id': 3, 'op_id': 1000012560, 'op': 'COPY_OUT', 'subgraph_id': 49, 'pipe': 'PIPE_MTE3', 'start': 22443, 'end': 22981, 'duration': 538, 'memory_path': 'DDR', 'core_id': 3, 'size_bytes': 8192, 'path': 'DDR', 'nominal_cycles': 137, 'duration_excess': 401, 'original_tensors': [1000000147], 'slack': 595, 'congestion_exposure': 401.0, 'wait_priority': 915.2994162505562, 'task': 3}, {'task_id': 3, 'op_id': 1000012488, 'op': 'COPY_OUT', 'subgraph_id': 28, 'pipe': 'PIPE_MTE3', 'start': 13860, 'end': 14389, 'duration': 529, 'memory_path': 'DDR', 'core_id': 3, 'size_bytes': 8192, 'path': 'DDR', 'nominal_cycles': 137, 'duration_excess': 392, 'original_tensors': [1000000087], 'slack': 691, 'congestion_exposure': 391.91666666666663, 'wait_priority': 894.0316786772158, 'task': 3}, {'task_id': 3, 'op_id': 1000012635, 'op': 'COPY_OUT', 'subgraph_id': 70, 'pipe': 'PIPE_MTE3', 'start': 31007, 'end': 31526, 'duration': 519, 'memory_path': 'DDR', 'core_id': 3, 'size_bytes': 8192, 'path': 'DDR', 'nominal_cycles': 137, 'duration_excess': 382, 'original_tensors': [1000000207], 'slack': 592, 'congestion_exposure': 382.08333333333337, 'wait_priority': 878.4515685304536, 'task': 3}, {'task_id': 0, 'op_id': 1000012548, 'op': 'COPY_OUT', 'subgraph_id': 45, 'pipe': 'PIPE_MTE3', 'start': 22473, 'end': 23011, 'duration': 538, 'memory_path': 'DDR', 'core_id': 0, 'size_bytes': 8192, 'path': 'DDR', 'nominal_cycles': 137, 'duration_excess': 401, 'original_tensors': [1000000137], 'slack': 1613, 'congestion_exposure': 401.0, 'wait_priority': 877.4092532898603, 'task': 0}], 'compile_seconds': 7.614899267995497, 'limitations': 'Observed durations include dynamic contention; chain/slack and projected residency are ranking diagnostics, not removable-delay certificates.'}",,,,,
case_053_p3_n5,case_053,3,5,existing_regression,persistent,27,advance_alternate,/home/konglingrui/.mathmodel/questionA/真机启发算法攻坚/A题研究/直接迭代/运行结果/持续联合冲刺_20260926/正式75配置_6并发/configurations/case_053_p3_n5/persistent/attempt_001/evaluations/attempts/20260926T125432-3f0a49ad65d74cab9450e2f9a78fe061/record.json,joint,,3,/home/konglingrui/.mathmodel/questionA/真机启发算法攻坚/A题研究/直接迭代/运行结果/持续联合冲刺_20260926/正式75配置_6并发/configurations/case_053_p3_n5/persistent/attempt_001/evaluations/attempts/20260926T125730-3bfbb1c704ae401f83df1f4b23bbcf93/record.json,,1,,,,,,3,,,,,,
case_053_p3_n5,case_053,3,5,existing_regression,persistent,28,visit,/home/konglingrui/.mathmodel/questionA/真机启发算法攻坚/A题研究/直接迭代/运行结果/持续联合冲刺_20260926/正式75配置_6并发/configurations/case_053_p3_n5/persistent/attempt_001/evaluations/attempts/20260926T125432-3f0a49ad65d74cab9450e2f9a78fe061/record.json,joint,,3,/home/konglingrui/.mathmodel/questionA/真机启发算法攻坚/A题研究/直接迭代/运行结果/持续联合冲刺_20260926/正式75配置_6并发/configurations/case_053_p3_n5/persistent/attempt_001/evaluations/attempts/20260926T125730-3bfbb1c704ae401f83df1f4b23bbcf93/record.json,0,0,True,False,True,success,,,,,,,,
case_053_p3_n5,case_053,3,5,existing_regression,persistent,29,visit,/home/konglingrui/.mathmodel/questionA/真机启发算法攻坚/A题研究/直接迭代/运行结果/持续联合冲刺_20260926/正式75配置_6并发/configurations/case_053_p3_n5/persistent/attempt_001/evaluations/attempts/20260926T125443-34d8387a0c5b4ce49c7fd2b52ba825a3/record.json,cache,,4,/home/konglingrui/.mathmodel/questionA/真机启发算法攻坚/A题研究/直接迭代/运行结果/持续联合冲刺_20260926/正式75配置_6并发/configurations/case_053_p3_n5/persistent/attempt_001/evaluations/attempts/20260926T125737-be4e7bbab4b341ce9d174f214f170377/record.json,0,0,False,False,True,success,,,,,,,,
case_053_p3_n5,case_053,3,5,existing_regression,persistent,30,advance,/home/konglingrui/.mathmodel/questionA/真机启发算法攻坚/A题研究/直接迭代/运行结果/持续联合冲刺_20260926/正式75配置_6并发/configurations/case_053_p3_n5/persistent/attempt_001/evaluations/attempts/20260926T125556-e47903e6e51446dfba6af94de03c539e/record.json,insertion,,2,/home/konglingrui/.mathmodel/questionA/真机启发算法攻坚/A题研究/直接迭代/运行结果/持续联合冲刺_20260926/正式75配置_6并发/configurations/case_053_p3_n5/persistent/attempt_001/evaluations/attempts/20260926T125748-8ec3a69ee770480ea0092c841bcf854e/record.json,,3,,,,,False,4,,,,,,
case_053_p3_n5,case_053,3,5,existing_regression,persistent,31,visit,/home/konglingrui/.mathmodel/questionA/真机启发算法攻坚/A题研究/直接迭代/运行结果/持续联合冲刺_20260926/正式75配置_6并发/configurations/case_053_p3_n5/persistent/attempt_001/evaluations/attempts/20260926T125556-e47903e6e51446dfba6af94de03c539e/record.json,insertion,,2,/home/konglingrui/.mathmodel/questionA/真机启发算法攻坚/A题研究/直接迭代/运行结果/持续联合冲刺_20260926/正式75配置_6并发/configurations/case_053_p3_n5/persistent/attempt_001/evaluations/attempts/20260926T125748-8ec3a69ee770480ea0092c841bcf854e/record.json,0,2,True,False,False,success,,,,,,,,
case_053_p3_n5,case_053,3,5,existing_regression,persistent,32,advance,/home/konglingrui/.mathmodel/questionA/真机启发算法攻坚/A题研究/直接迭代/运行结果/持续联合冲刺_20260926/正式75配置_6并发/configurations/case_053_p3_n5/persistent/attempt_001/evaluations/attempts/20260926T125526-5a71ce1e66e04736b23c48419d42a105/record.json,cache,,3,/home/konglingrui/.mathmodel/questionA/真机启发算法攻坚/A题研究/直接迭代/运行结果/持续联合冲刺_20260926/正式75配置_6并发/configurations/case_053_p3_n5/persistent/attempt_001/evaluations/attempts/20260926T125759-1377c61627964e53aa848359565ddabe/record.json,,2,,,,,False,4,,,,,,
case_053_p3_n5,case_053,3,5,existing_regression,persistent,33,visit,/home/konglingrui/.mathmodel/questionA/真机启发算法攻坚/A题研究/直接迭代/运行结果/持续联合冲刺_20260926/正式75配置_6并发/configurations/case_053_p3_n5/persistent/attempt_001/evaluations/attempts/20260926T125526-5a71ce1e66e04736b23c48419d42a105/record.json,cache,,3,/home/konglingrui/.mathmodel/questionA/真机启发算法攻坚/A题研究/直接迭代/运行结果/持续联合冲刺_20260926/正式75配置_6并发/configurations/case_053_p3_n5/persistent/attempt_001/evaluations/attempts/20260926T125759-1377c61627964e53aa848359565ddabe/record.json,0,1,True,False,False,success,,,,,,,,
case_053_p3_n5,case_053,3,5,existing_regression,persistent,34,admit,,,,0,/home/konglingrui/.mathmodel/questionA/真机启发算法攻坚/A题研究/直接迭代/运行结果/持续联合冲刺_20260926/正式75配置_6并发/configurations/case_053_p3_n5/persistent/attempt_001/evaluations/attempts/20260926T125437-762edcc0e21b458d9b63df14c7142aea/record.json,,,,,,,,,,2,stable_w200_joint,,,
case_053_p3_n5,case_053,3,5,existing_regression,persistent,35,admit,,,,1,/home/konglingrui/.mathmodel/questionA/真机启发算法攻坚/A题研究/直接迭代/运行结果/持续联合冲刺_20260926/正式75配置_6并发/configurations/case_053_p3_n5/persistent/attempt_001/evaluations/attempts/20260926T125415-62a073aae32c45278ed3dfc35cce20d6/record.json,,,,,,,,,,2,whole_component_interleave,,,
case_053_p3_n5,case_053,3,5,existing_regression,persistent,36,admit,,,,2,/home/konglingrui/.mathmodel/questionA/真机启发算法攻坚/A题研究/直接迭代/运行结果/持续联合冲刺_20260926/正式75配置_6并发/configurations/case_053_p3_n5/persistent/attempt_001/evaluations/attempts/20260926T125422-3cc5a9340c4945a190508b877e1ef7a9/record.json,,,,,,,,,,2,critical_w100_control,,,
case_053_p3_n5,case_053,3,5,existing_regression,persistent,37,retire,,,,0,,0,,,,,,,,,,,completed_lease_stalled,2,
case_053_p3_n5,case_053,3,5,existing_regression,persistent,38,admit,,,,3,/home/konglingrui/.mathmodel/questionA/真机启发算法攻坚/A题研究/直接迭代/运行结果/持续联合冲刺_20260926/正式75配置_6并发/configurations/case_053_p3_n5/persistent/attempt_001/evaluations/attempts/20260926T125432-3f0a49ad65d74cab9450e2f9a78fe061/record.json,,,,,,,,,,2,stable_w100_control,,,
case_053_p3_n5,case_053,3,5,existing_regression,persistent,39,retire,,,,1,,0,,,,,,,,,,,completed_lease_stalled,3,
case_053_p3_n5,case_053,3,5,existing_regression,persistent,40,admit,,,,4,/home/konglingrui/.mathmodel/questionA/真机启发算法攻坚/A题研究/直接迭代/运行结果/持续联合冲刺_20260926/正式75配置_6并发/configurations/case_053_p3_n5/persistent/attempt_001/evaluations/attempts/20260926T125443-34d8387a0c5b4ce49c7fd2b52ba825a3/record.json,,,,,,,,,,2,critical_w200_joint,,,
case_095_p2_n5,case_095,2,5,existing_regression,legacy,1,legacy_visit,/home/konglingrui/.mathmodel/questionA/真机启发算法攻坚/A题研究/直接迭代/运行结果/持续联合冲刺_20260926/正式75配置_6并发/configurations/case_095_p2_n5/legacy/attempt_001/evaluations/attempts/20260926T125629-e8b12cf51fc246fab2e33f9a916ac4de/record.json,legacy,False,,,,,,,,,,,,,,,,
case_095_p2_n5,case_095,2,5,existing_regression,legacy,2,legacy_visit,/home/konglingrui/.mathmodel/questionA/真机启发算法攻坚/A题研究/直接迭代/运行结果/持续联合冲刺_20260926/正式75配置_6并发/configurations/case_095_p2_n5/legacy/attempt_001/evaluations/attempts/20260926T125629-e8b12cf51fc246fab2e33f9a916ac4de/record.json,region,False,,,,,,,,,,,,,,,,
case_095_p2_n5,case_095,2,5,existing_regression,legacy,3,legacy_visit,/home/konglingrui/.mathmodel/questionA/真机启发算法攻坚/A题研究/直接迭代/运行结果/持续联合冲刺_20260926/正式75配置_6并发/configurations/case_095_p2_n5/legacy/attempt_001/evaluations/attempts/20260926T125629-e8b12cf51fc246fab2e33f9a916ac4de/record.json,data,False,,,,,,,,,,,,,,,,
case_095_p2_n5,case_095,2,5,existing_regression,legacy,4,legacy_visit,/home/konglingrui/.mathmodel/questionA/真机启发算法攻坚/A题研究/直接迭代/运行结果/持续联合冲刺_20260926/正式75配置_6并发/configurations/case_095_p2_n5/legacy/attempt_001/evaluations/attempts/20260926T125654-e265a2fc3d8b4dfdba3c4c7c8f265d04/record.json,region,False,,,,,,,,,,,,,,,,
case_095_p2_n5,case_095,2,5,existing_regression,legacy,5,legacy_visit,/home/konglingrui/.mathmodel/questionA/真机启发算法攻坚/A题研究/直接迭代/运行结果/持续联合冲刺_20260926/正式75配置_6并发/configurations/case_095_p2_n5/legacy/attempt_001/evaluations/attempts/20260926T125656-5ca7394fea6c4b78be1307149eaa2a25/record.json,data,False,,,,,,,,,,,,,,,,
case_095_p2_n5,case_095,2,5,existing_regression,legacy,6,legacy_visit,/home/konglingrui/.mathmodel/questionA/真机启发算法攻坚/A题研究/直接迭代/运行结果/持续联合冲刺_20260926/正式75配置_6并发/configurations/case_095_p2_n5/legacy/attempt_001/evaluations/attempts/20260926T125654-e265a2fc3d8b4dfdba3c4c7c8f265d04/record.json,data,False,,,,,,,,,,,,,,,,
case_095_p2_n5,case_095,2,5,existing_regression,legacy,7,legacy_visit,/home/konglingrui/.mathmodel/questionA/真机启发算法攻坚/A题研究/直接迭代/运行结果/持续联合冲刺_20260926/正式75配置_6并发/configurations/case_095_p2_n5/legacy/attempt_001/evaluations/attempts/20260926T125656-5ca7394fea6c4b78be1307149eaa2a25/record.json,region,False,,,,,,,,,,,,,,,,
case_095_p2_n5,case_095,2,5,existing_regression,legacy,8,legacy_visit,/home/konglingrui/.mathmodel/questionA/真机启发算法攻坚/A题研究/直接迭代/运行结果/持续联合冲刺_20260926/正式75配置_6并发/configurations/case_095_p2_n5/legacy/attempt_001/evaluations/attempts/20260926T125654-e265a2fc3d8b4dfdba3c4c7c8f265d04/record.json,data,False,,,,,,,,,,,,,,,,
case_095_p2_n5,case_095,2,5,existing_regression,legacy,9,legacy_visit,/home/konglingrui/.mathmodel/questionA/真机启发算法攻坚/A题研究/直接迭代/运行结果/持续联合冲刺_20260926/正式75配置_6并发/configurations/case_095_p2_n5/legacy/attempt_001/evaluations/attempts/20260926T125656-5ca7394fea6c4b78be1307149eaa2a25/record.json,region,False,,,,,,,,,,,,,,,,
case_095_p2_n5,case_095,2,5,existing_regression,legacy,10,legacy_visit,/home/konglingrui/.mathmodel/questionA/真机启发算法攻坚/A题研究/直接迭代/运行结果/持续联合冲刺_20260926/正式75配置_6并发/configurations/case_095_p2_n5/legacy/attempt_001/evaluations/attempts/20260926T125629-e8b12cf51fc246fab2e33f9a916ac4de/record.json,data,False,,,,,,,,,,,,,,,,
case_095_p2_n5,case_095,2,5,existing_regression,legacy,11,legacy_visit,/home/konglingrui/.mathmodel/questionA/真机启发算法攻坚/A题研究/直接迭代/运行结果/持续联合冲刺_20260926/正式75配置_6并发/configurations/case_095_p2_n5/legacy/attempt_001/evaluations/attempts/20260926T125654-e265a2fc3d8b4dfdba3c4c7c8f265d04/record.json,data,True,,,,,,,,,,,,,,,,
case_095_p2_n5,case_095,2,5,existing_regression,legacy,12,legacy_visit,/home/konglingrui/.mathmodel/questionA/真机启发算法攻坚/A题研究/直接迭代/运行结果/持续联合冲刺_20260926/正式75配置_6并发/configurations/case_095_p2_n5/legacy/attempt_001/evaluations/attempts/20260926T125720-6132f7e234e247119bc2816f4175fc42/record.json,data,True,,,,,,,,,,,,,,,,
case_095_p2_n5,case_095,2,5,existing_regression,legacy,13,legacy_visit,/home/konglingrui/.mathmodel/questionA/真机启发算法攻坚/A题研究/直接迭代/运行结果/持续联合冲刺_20260926/正式75配置_6并发/configurations/case_095_p2_n5/legacy/attempt_001/evaluations/attempts/20260926T125728-c4138b00678c474095f86850b00efa0f/record.json,data,True,,,,,,,,,,,,,,,,
case_095_p2_n5,case_095,2,5,existing_regression,legacy,14,legacy_visit,/home/konglingrui/.mathmodel/questionA/真机启发算法攻坚/A题研究/直接迭代/运行结果/持续联合冲刺_20260926/正式75配置_6并发/configurations/case_095_p2_n5/legacy/attempt_001/evaluations/attempts/20260926T125736-ac74c8e6de5b46d58e86708da3566479/record.json,data,False,,,,,,,,,,,,,,,,
case_095_p2_n5,case_095,2,5,existing_regression,legacy,15,legacy_visit,/home/konglingrui/.mathmodel/questionA/真机启发算法攻坚/A题研究/直接迭代/运行结果/持续联合冲刺_20260926/正式75配置_6并发/configurations/case_095_p2_n5/legacy/attempt_001/evaluations/attempts/20260926T125745-4a974ef9a9954997aa1e8914056a15aa/record.json,region,False,,,,,,,,,,,,,,,,
case_095_p2_n5,case_095,2,5,existing_regression,legacy,16,legacy_visit,/home/konglingrui/.mathmodel/questionA/真机启发算法攻坚/A题研究/直接迭代/运行结果/持续联合冲刺_20260926/正式75配置_6并发/configurations/case_095_p2_n5/legacy/attempt_001/evaluations/attempts/20260926T125747-be178eeac841459d9fd0c6c4dd39ff0b/record.json,legacy,False,,,,,,,,,,,,,,,,
case_095_p2_n5,case_095,2,5,existing_regression,legacy,17,legacy_visit,/home/konglingrui/.mathmodel/questionA/真机启发算法攻坚/A题研究/直接迭代/运行结果/持续联合冲刺_20260926/正式75配置_6并发/configurations/case_095_p2_n5/legacy/attempt_001/evaluations/attempts/20260926T125736-ac74c8e6de5b46d58e86708da3566479/record.json,data,False,,,,,,,,,,,,,,,,
case_095_p2_n5,case_095,2,5,existing_regression,legacy,18,legacy_visit,/home/konglingrui/.mathmodel/questionA/真机启发算法攻坚/A题研究/直接迭代/运行结果/持续联合冲刺_20260926/正式75配置_6并发/configurations/case_095_p2_n5/legacy/attempt_001/evaluations/attempts/20260926T125745-4a974ef9a9954997aa1e8914056a15aa/record.json,data,False,,,,,,,,,,,,,,,,
case_095_p2_n5,case_095,2,5,existing_regression,persistent,1,observe,/home/konglingrui/.mathmodel/questionA/真机启发算法攻坚/A题研究/直接迭代/运行结果/持续联合冲刺_20260926/正式75配置_6并发/configurations/case_095_p2_n5/persistent/attempt_001/evaluations/attempts/20260926T125454-eb3d2ca2891a48bc91c90dab7c9eec9c/record.json,,,,,,0,,,,,,,"{'makespan': 420852, 'official_copy': {'original_graph_copy_bytes': 11355036, 'scheduled_copy_bytes': 11355036, 'added_copy_bytes': 0, 'partition_added_copy_bytes': 0, 'spill_added_copy_bytes': 0}, 'path_bytes': {'DDR': 11355036}, 'nominal_pool_work_cycles': {'DDR': 190806}, 'pool_occupancy': {'DDR': {'busy_cycles': 190806, 'overlap_cycles': 190806, 'peak_concurrent': 10}, 'CACHE_READ': {'busy_cycles': 0, 'overlap_cycles': 0, 'peak_concurrent': 0}}, 'projected_live_peak': {'0:L1': 73728, '0:UB': 37060, '1:L1': 73728, '1:UB': 37060, '2:L1': 73728, '2:UB': 37060, '3:L1': 73728, '3:UB': 37060, '4:L1': 73728, '4:UB': 37060}, 'projected_live_byte_cycles': {'0:L1': 23732994048, '0:UB': 8021799492, '1:L1': 23732994048, '1:UB': 8021799492, '2:L1': 23474085888, '2:UB': 7935543324, '3:L1': 23474085888, '3:UB': 7935543324, '4:L1': 23474085888, '4:UB': 7935543324}, 'memory_dependency_count': 11302, 'critical_chain_ops': 747, 'critical_chain_memory_edges': 0, 'top_copy_waits': [{'task_id': 0, 'op_id': 1000007855, 'op': 'COPY_IN', 'subgraph_id': 0, 'pipe': 'PIPE_MTE2', 'start': 0, 'end': 515, 'duration': 515, 'core_id': 0, 'size_bytes': 6144, 'path': 'DDR', 'nominal_cycles': 103, 'duration_excess': 412, 'original_tensors': [1000000001], 'slack': 0, 'congestion_exposure': 412.0, 'wait_priority': 927.0, 'task': 0}, {'task_id': 0, 'op_id': 1000007857, 'op': 'COPY_IN', 'subgraph_id': 0, 'pipe': 'PIPE_MTE2', 'start': 515, 'end': 1030, 'duration': 515, 'core_id': 0, 'size_bytes': 6144, 'path': 'DDR', 'nominal_cycles': 103, 'duration_excess': 412, 'original_tensors': [1000000003], 'slack': 0, 'congestion_exposure': 412.0, 'wait_priority': 927.0, 'task': 0}, {'task_id': 1, 'op_id': 1000007865, 'op': 'COPY_IN', 'subgraph_id': 1, 'pipe': 'PIPE_MTE2', 'start': 0, 'end': 515, 'duration': 515, 'core_id': 1, 'size_bytes': 6144, 'path': 'DDR', 'nominal_cycles': 103, 'duration_excess': 412, 'original_tensors': [1000000017], 'slack': 0, 'congestion_exposure': 412.0, 'wait_priority': 927.0, 'task': 1}, {'task_id': 1, 'op_id': 1000007867, 'op': 'COPY_IN', 'subgraph_id': 1, 'pipe': 'PIPE_MTE2', 'start': 515, 'end': 1030, 'duration': 515, 'core_id': 1, 'size_bytes': 6144, 'path': 'DDR', 'nominal_cycles': 103, 'duration_excess': 412, 'original_tensors': [1000000019], 'slack': 0, 'congestion_exposure': 412.0, 'wait_priority': 927.0, 'task': 1}, {'task_id': 0, 'op_id': 1000007859, 'op': 'COPY_IN', 'subgraph_id': 0, 'pipe': 'PIPE_MTE2', 'start': 1035, 'end': 1550, 'duration': 515, 'core_id': 0, 'size_bytes': 6144, 'path': 'DDR', 'nominal_cycles': 103, 'duration_excess': 412, 'original_tensors': [1000000005], 'slack': 2834, 'congestion_exposure': 412.0, 'wait_priority': 757.0651506252442, 'task': 0}, {'task_id': 1, 'op_id': 1000007869, 'op': 'COPY_IN', 'subgraph_id': 1, 'pipe': 'PIPE_MTE2', 'start': 1035, 'end': 1550, 'duration': 515, 'core_id': 1, 'size_bytes': 6144, 'path': 'DDR', 'nominal_cycles': 103, 'duration_excess': 412, 'original_tensors': [1000000021], 'slack': 2834, 'congestion_exposure': 412.0, 'wait_priority': 757.0651506252442, 'task': 1}, {'task_id': 0, 'op_id': 1000007905, 'op': 'COPY_IN', 'subgraph_id': 0, 'pipe': 'PIPE_MTE2', 'start': 1550, 'end': 2065, 'duration': 515, 'core_id': 0, 'size_bytes': 6144, 'path': 'DDR', 'nominal_cycles': 103, 'duration_excess': 412, 'original_tensors': [1000000081], 'slack': 2962, 'congestion_exposure': 412.0, 'wait_priority': 750.8483765258962, 'task': 0}, {'task_id': 0, 'op_id': 1000007907, 'op': 'COPY_IN', 'subgraph_id': 0, 'pipe': 'PIPE_MTE2', 'start': 2065, 'end': 2580, 'duration': 515, 'core_id': 0, 'size_bytes': 6144, 'path': 'DDR', 'nominal_cycles': 103, 'duration_excess': 412, 'original_tensors': [1000000083], 'slack': 2962, 'congestion_exposure': 412.0, 'wait_priority': 750.8483765258962, 'task': 0}, {'task_id': 1, 'op_id': 1000007915, 'op': 'COPY_IN', 'subgraph_id': 1, 'pipe': 'PIPE_MTE2', 'start': 1550, 'end': 2065, 'duration': 515, 'core_id': 1, 'size_bytes': 6144, 'path': 'DDR', 'nominal_cycles': 103, 'duration_excess': 412, 'original_tensors': [1000000097], 'slack': 2962, 'congestion_exposure': 412.0, 'wait_priority': 750.8483765258962, 'task': 1}, {'task_id': 1, 'op_id': 1000007917, 'op': 'COPY_IN', 'subgraph_id': 1, 'pipe': 'PIPE_MTE2', 'start': 2065, 'end': 2580, 'duration': 515, 'core_id': 1, 'size_bytes': 6144, 'path': 'DDR', 'nominal_cycles': 103, 'duration_excess': 412, 'original_tensors': [1000000099], 'slack': 2962, 'congestion_exposure': 412.0, 'wait_priority': 750.8483765258962, 'task': 1}, {'task_id': 0, 'op_id': 1000008007, 'op': 'COPY_IN', 'subgraph_id': 0, 'pipe': 'PIPE_MTE2', 'start': 5165, 'end': 5818, 'duration': 653, 'core_id': 0, 'size_bytes': 6144, 'path': 'DDR', 'nominal_cycles': 103, 'duration_excess': 550, 'original_tensors': [1000000243], 'slack': 8748, 'congestion_exposure': 550.0, 'wait_priority': 710.6232504084486, 'task': 0}, {'task_id': 1, 'op_id': 1000008017, 'op': 'COPY_IN', 'subgraph_id': 1, 'pipe': 'PIPE_MTE2', 'start': 5165, 'end': 5818, 'duration': 653, 'core_id': 1, 'size_bytes': 6144, 'path': 'DDR', 'nominal_cycles': 103, 'duration_excess': 550, 'original_tensors': [1000000259], 'slack': 8748, 'congestion_exposure': 550.0, 'wait_priority': 710.6232504084486, 'task': 1}, {'task_id': 0, 'op_id': 1000012413, 'op': 'COPY_OUT', 'subgraph_id': 0, 'pipe': 'PIPE_MTE3', 'start': 416134, 'end': 416649, 'duration': 515, 'core_id': 0, 'size_bytes': 6144, 'path': 'DDR', 'nominal_cycles': 103, 'duration_excess': 412, 'original_tensors': [1000007295], 'slack': 3997, 'congestion_exposure': 412.0, 'wait_priority': 704.0969694198727, 'task': 0}, {'task_id': 1, 'op_id': 1000012423, 'op': 'COPY_OUT', 'subgraph_id': 1, 'pipe': 'PIPE_MTE3', 'start': 416134, 'end': 416649, 'duration': 515, 'core_id': 1, 'size_bytes': 6144, 'path': 'DDR', 'nominal_cycles': 103, 'duration_excess': 412, 'original_tensors': [1000007311], 'slack': 3997, 'congestion_exposure': 412.0, 'wait_priority': 704.0969694198727, 'task': 1}, {'task_id': 2, 'op_id': 1000007875, 'op': 'COPY_IN', 'subgraph_id': 2, 'pipe': 'PIPE_MTE2', 'start': 0, 'end': 515, 'duration': 515, 'core_id': 2, 'size_bytes': 6144, 'path': 'DDR', 'nominal_cycles': 103, 'duration_excess': 412, 'original_tensors': [1000000033], 'slack': 4203, 'congestion_exposure': 412.0, 'wait_priority': 695.4780515979977, 'task': 2}, {'task_id': 2, 'op_id': 1000007877, 'op': 'COPY_IN', 'subgraph_id': 2, 'pipe': 'PIPE_MTE2', 'start': 515, 'end': 1030, 'duration': 515, 'core_id': 2, 'size_bytes': 6144, 'path': 'DDR', 'nominal_cycles': 103, 'duration_excess': 412, 'original_tensors': [1000000035], 'slack': 4203, 'congestion_exposure': 412.0, 'wait_priority': 695.4780515979977, 'task': 2}, {'task_id': 2, 'op_id': 1000012433, 'op': 'COPY_OUT', 'subgraph_id': 2, 'pipe': 'PIPE_MTE3', 'start': 416134, 'end': 416649, 'duration': 515, 'core_id': 2, 'size_bytes': 6144, 'path': 'DDR', 'nominal_cycles': 103, 'duration_excess': 412, 'original_tensors': [1000007327], 'slack': 4203, 'congestion_exposure': 412.0, 'wait_priority': 695.4780515979977, 'task': 2}, {'task_id': 3, 'op_id': 1000007885, 'op': 'COPY_IN', 'subgraph_id': 3, 'pipe': 'PIPE_MTE2', 'start': 0, 'end': 515, 'duration': 515, 'core_id': 3, 'size_bytes': 6144, 'path': 'DDR', 'nominal_cycles': 103, 'duration_excess': 412, 'original_tensors': [1000000049], 'slack': 4203, 'congestion_exposure': 412.0, 'wait_priority': 695.4780515979977, 'task': 3}, {'task_id': 3, 'op_id': 1000007887, 'op': 'COPY_IN', 'subgraph_id': 3, 'pipe': 'PIPE_MTE2', 'start': 515, 'end': 1030, 'duration': 515, 'core_id': 3, 'size_bytes': 6144, 'path': 'DDR', 'nominal_cycles': 103, 'duration_excess': 412, 'original_tensors': [1000000051], 'slack': 4203, 'congestion_exposure': 412.0, 'wait_priority': 695.4780515979977, 'task': 3}, {'task_id': 3, 'op_id': 1000012443, 'op': 'COPY_OUT', 'subgraph_id': 3, 'pipe': 'PIPE_MTE3', 'start': 416134, 'end': 416649, 'duration': 515, 'core_id': 3, 'size_bytes': 6144, 'path': 'DDR', 'nominal_cycles': 103, 'duration_excess': 412, 'original_tensors': [1000007343], 'slack': 4203, 'congestion_exposure': 412.0, 'wait_priority': 695.4780515979977, 'task': 3}], 'compile_seconds': 1.6141110149910673, 'limitations': 'Observed durations include dynamic contention; chain/slack and projected residency are ranking diagnostics, not removable-delay certificates.'}",,,,,
case_095_p2_n5,case_095,2,5,existing_regression,persistent,2,advance_alternate,/home/konglingrui/.mathmodel/questionA/真机启发算法攻坚/A题研究/直接迭代/运行结果/持续联合冲刺_20260926/正式75配置_6并发/configurations/case_095_p2_n5/persistent/attempt_001/evaluations/attempts/20260926T125454-eb3d2ca2891a48bc91c90dab7c9eec9c/record.json,joint,,0,/home/konglingrui/.mathmodel/questionA/真机启发算法攻坚/A题研究/直接迭代/运行结果/持续联合冲刺_20260926/正式75配置_6并发/configurations/case_095_p2_n5/persistent/attempt_001/evaluations/attempts/20260926T125512-e6ccc17c7a9e4db3a46e84f557232366/record.json,,1,,,,,,1,,,,,,
case_095_p2_n5,case_095,2,5,existing_regression,persistent,3,visit,/home/konglingrui/.mathmodel/questionA/真机启发算法攻坚/A题研究/直接迭代/运行结果/持续联合冲刺_20260926/正式75配置_6并发/configurations/case_095_p2_n5/persistent/attempt_001/evaluations/attempts/20260926T125454-eb3d2ca2891a48bc91c90dab7c9eec9c/record.json,joint,,0,/home/konglingrui/.mathmodel/questionA/真机启发算法攻坚/A题研究/直接迭代/运行结果/持续联合冲刺_20260926/正式75配置_6并发/configurations/case_095_p2_n5/persistent/attempt_001/evaluations/attempts/20260926T125512-e6ccc17c7a9e4db3a46e84f557232366/record.json,1,0,True,False,True,success,,,,,,,,
case_095_p2_n5,case_095,2,5,existing_regression,persistent,4,advance,/home/konglingrui/.mathmodel/questionA/真机启发算法攻坚/A题研究/直接迭代/运行结果/持续联合冲刺_20260926/正式75配置_6并发/configurations/case_095_p2_n5/persistent/attempt_001/evaluations/attempts/20260926T125459-bc64f9485f4c4c6e864063854ad61251/record.json,insertion,,1,/home/konglingrui/.mathmodel/questionA/真机启发算法攻坚/A题研究/直接迭代/运行结果/持续联合冲刺_20260926/正式75配置_6并发/configurations/case_095_p2_n5/persistent/attempt_001/evaluations/attempts/20260926T125513-7b3e0f74d7e14387b4f5626379f544ff/record.json,,1,,,,,False,1,,,,,,
case_095_p2_n5,case_095,2,5,existing_regression,persistent,5,visit,/home/konglingrui/.mathmodel/questionA/真机启发算法攻坚/A题研究/直接迭代/运行结果/持续联合冲刺_20260926/正式75配置_6并发/configurations/case_095_p2_n5/persistent/attempt_001/evaluations/attempts/20260926T125459-bc64f9485f4c4c6e864063854ad61251/record.json,insertion,,1,/home/konglingrui/.mathmodel/questionA/真机启发算法攻坚/A题研究/直接迭代/运行结果/持续联合冲刺_20260926/正式75配置_6并发/configurations/case_095_p2_n5/persistent/attempt_001/evaluations/attempts/20260926T125513-7b3e0f74d7e14387b4f5626379f544ff/record.json,1,0,True,False,False,success,,,,,,,,
case_095_p2_n5,case_095,2,5,existing_regression,persistent,6,observe,/home/konglingrui/.mathmodel/questionA/真机启发算法攻坚/A题研究/直接迭代/运行结果/持续联合冲刺_20260926/正式75配置_6并发/configurations/case_095_p2_n5/persistent/attempt_001/evaluations/attempts/20260926T125506-b914b254da294e019c4137d2ece063c8/record.json,,,,,,0,,,,,,,"{'makespan': 1889006, 'official_copy': {'original_graph_copy_bytes': 11355036, 'scheduled_copy_bytes': 112620060, 'added_copy_bytes': 101265024, 'partition_added_copy_bytes': 66891648, 'spill_added_copy_bytes': 34373376}, 'path_bytes': {'DDR': 112620060}, 'nominal_pool_work_cycles': {'DDR': 1884394}, 'pool_occupancy': {'DDR': {'busy_cycles': 1884394, 'overlap_cycles': 1876480, 'peak_concurrent': 10}, 'CACHE_READ': {'busy_cycles': 0, 'overlap_cycles': 0, 'peak_concurrent': 0}}, 'projected_live_peak': {'0:L1': 178176, '0:UB': 129408, '1:L1': 178176, '1:UB': 129408, '2:L1': 178176, '2:UB': 129600, '3:L1': 178176, '3:UB': 129600, '4:L1': 178176, '4:UB': 130944}, 'projected_live_byte_cycles': {'0:L1': 40160083968, '0:UB': 172497687150, '1:L1': 31141797888, '1:UB': 178782242858, '2:L1': 35294005248, '2:UB': 172809417034, '3:L1': 31781455872, '3:UB': 181598442064, '4:L1': 30641743872, '4:UB': 180502205138}, 'memory_dependency_count': 18408, 'critical_chain_ops': 1204, 'critical_chain_memory_edges': 245, 'top_copy_waits': [{'task_id': 0, 'op_id': 1000007861, 'op': 'COPY_OUT', 'subgraph_id': 0, 'pipe': 'PIPE_MTE3', 'start': 2188, 'end': 5268, 'duration': 3080, 'core_id': 0, 'size_bytes': 18432, 'path': 'DDR', 'nominal_cycles': 308, 'duration_excess': 2772, 'original_tensors': [1000000006], 'slack': 0, 'congestion_exposure': 2772.0, 'wait_priority': 5852.0, 'task': 0}, {'task_id': 0, 'op_id': 1000007947, 'op': 'COPY_OUT', 'subgraph_id': 88, 'pipe': 'PIPE_MTE3', 'start': 54548, 'end': 57628, 'duration': 3080, 'core_id': 0, 'size_bytes': 18432, 'path': 'DDR', 'nominal_cycles': 308, 'duration_excess': 2772, 'original_tensors': [1000000057], 'slack': 0, 'congestion_exposure': 2772.0, 'wait_priority': 5852.0, 'task': 0}, {'task_id': 0, 'op_id': 1000007950, 'op': 'COPY_OUT', 'subgraph_id': 88, 'pipe': 'PIPE_MTE3', 'start': 57628, 'end': 60708, 'duration': 3080, 'core_id': 0, 'size_bytes': 18432, 'path': 'DDR', 'nominal_cycles': 308, 'duration_excess': 2772, 'original_tensors': [1000000057], 'slack': 0, 'congestion_exposure': 2772.0, 'wait_priority': 5852.0, 'task': 0}, {'task_id': 0, 'op_id': 1000007992, 'op': 'COPY_OUT', 'subgraph_id': 5, 'pipe': 'PIPE_MTE3', 'start': 5268, 'end': 8348, 'duration': 3080, 'core_id': 0, 'size_bytes': 18432, 'path': 'DDR', 'nominal_cycles': 308, 'duration_excess': 2772, 'original_tensors': [1000000086], 'slack': 0, 'congestion_exposure': 2772.0, 'wait_priority': 5852.0, 'task': 0}, {'task_id': 0, 'op_id': 1000008075, 'op': 'COPY_OUT', 'subgraph_id': 93, 'pipe': 'PIPE_MTE3', 'start': 60708, 'end': 63788, 'duration': 3080, 'core_id': 0, 'size_bytes': 18432, 'path': 'DDR', 'nominal_cycles': 308, 'duration_excess': 2772, 'original_tensors': [1000000137], 'slack': 0, 'congestion_exposure': 2772.0, 'wait_priority': 5852.0, 'task': 0}, {'task_id': 0, 'op_id': 1000008078, 'op': 'COPY_OUT', 'subgraph_id': 93, 'pipe': 'PIPE_MTE3', 'start': 63788, 'end': 66868, 'duration': 3080, 'core_id': 0, 'size_bytes': 18432, 'path': 'DDR', 'nominal_cycles': 308, 'duration_excess': 2772, 'original_tensors': [1000000137], 'slack': 0, 'congestion_exposure': 2772.0, 'wait_priority': 5852.0, 'task': 0}, {'task_id': 0, 'op_id': 1000008123, 'op': 'COPY_OUT', 'subgraph_id': 10, 'pipe': 'PIPE_MTE3', 'start': 8348, 'end': 11428, 'duration': 3080, 'core_id': 0, 'size_bytes': 18432, 'path': 'DDR', 'nominal_cycles': 308, 'duration_excess': 2772, 'original_tensors': [1000000166], 'slack': 0, 'congestion_exposure': 2772.0, 'wait_priority': 5852.0, 'task': 0}, {'task_id': 0, 'op_id': 1000008251, 'op': 'COPY_OUT', 'subgraph_id': 15, 'pipe': 'PIPE_MTE3', 'start': 11428, 'end': 14508, 'duration': 3080, 'core_id': 0, 'size_bytes': 18432, 'path': 'DDR', 'nominal_cycles': 308, 'duration_excess': 2772, 'original_tensors': [1000000246], 'slack': 0, 'congestion_exposure': 2772.0, 'wait_priority': 5852.0, 'task': 0}, {'task_id': 0, 'op_id': 1000008379, 'op': 'COPY_OUT', 'subgraph_id': 20, 'pipe': 'PIPE_MTE3', 'start': 14508, 'end': 17588, 'duration': 3080, 'core_id': 0, 'size_bytes': 18432, 'path': 'DDR', 'nominal_cycles': 308, 'duration_excess': 2772, 'original_tensors': [1000000326], 'slack': 0, 'congestion_exposure': 2772.0, 'wait_priority': 5852.0, 'task': 0}, {'task_id': 0, 'op_id': 1000008513, 'op': 'COPY_OUT', 'subgraph_id': 25, 'pipe': 'PIPE_MTE3', 'start': 17588, 'end': 20668, 'duration': 3080, 'core_id': 0, 'size_bytes': 18432, 'path': 'DDR', 'nominal_cycles': 308, 'duration_excess': 2772, 'original_tensors': [1000000406], 'slack': 0, 'congestion_exposure': 2772.0, 'wait_priority': 5852.0, 'task': 0}, {'task_id': 0, 'op_id': 1000008653, 'op': 'COPY_OUT', 'subgraph_id': 30, 'pipe': 'PIPE_MTE3', 'start': 20668, 'end': 23748, 'duration': 3080, 'core_id': 0, 'size_bytes': 18432, 'path': 'DDR', 'nominal_cycles': 308, 'duration_excess': 2772, 'original_tensors': [1000000486], 'slack': 0, 'congestion_exposure': 2772.0, 'wait_priority': 5852.0, 'task': 0}, {'task_id': 0, 'op_id': 1000008793, 'op': 'COPY_OUT', 'subgraph_id': 35, 'pipe': 'PIPE_MTE3', 'start': 23748, 'end': 26828, 'duration': 3080, 'core_id': 0, 'size_bytes': 18432, 'path': 'DDR', 'nominal_cycles': 308, 'duration_excess': 2772, 'original_tensors': [1000000566], 'slack': 0, 'congestion_exposure': 2772.0, 'wait_priority': 5852.0, 'task': 0}, {'task_id': 0, 'op_id': 1000008933, 'op': 'COPY_OUT', 'subgraph_id': 40, 'pipe': 'PIPE_MTE3', 'start': 26828, 'end': 29908, 'duration': 3080, 'core_id': 0, 'size_bytes': 18432, 'path': 'DDR', 'nominal_cycles': 308, 'duration_excess': 2772, 'original_tensors': [1000000646], 'slack': 0, 'congestion_exposure': 2772.0, 'wait_priority': 5852.0, 'task': 0}, {'task_id': 0, 'op_id': 1000009073, 'op': 'COPY_OUT', 'subgraph_id': 45, 'pipe': 'PIPE_MTE3', 'start': 29908, 'end': 32988, 'duration': 3080, 'core_id': 0, 'size_bytes': 18432, 'path': 'DDR', 'nominal_cycles': 308, 'duration_excess': 2772, 'original_tensors': [1000000726], 'slack': 0, 'congestion_exposure': 2772.0, 'wait_priority': 5852.0, 'task': 0}, {'task_id': 0, 'op_id': 1000009213, 'op': 'COPY_OUT', 'subgraph_id': 50, 'pipe': 'PIPE_MTE3', 'start': 32988, 'end': 36068, 'duration': 3080, 'core_id': 0, 'size_bytes': 18432, 'path': 'DDR', 'nominal_cycles': 308, 'duration_excess': 2772, 'original_tensors': [1000000806], 'slack': 0, 'congestion_exposure': 2772.0, 'wait_priority': 5852.0, 'task': 0}, {'task_id': 0, 'op_id': 1000009353, 'op': 'COPY_OUT', 'subgraph_id': 55, 'pipe': 'PIPE_MTE3', 'start': 36068, 'end': 39148, 'duration': 3080, 'core_id': 0, 'size_bytes': 18432, 'path': 'DDR', 'nominal_cycles': 308, 'duration_excess': 2772, 'original_tensors': [1000000886], 'slack': 0, 'congestion_exposure': 2772.0, 'wait_priority': 5852.0, 'task': 0}, {'task_id': 0, 'op_id': 1000009493, 'op': 'COPY_OUT', 'subgraph_id': 60, 'pipe': 'PIPE_MTE3', 'start': 39148, 'end': 42228, 'duration': 3080, 'core_id': 0, 'size_bytes': 18432, 'path': 'DDR', 'nominal_cycles': 308, 'duration_excess': 2772, 'original_tensors': [1000000966], 'slack': 0, 'congestion_exposure': 2772.0, 'wait_priority': 5852.0, 'task': 0}, {'task_id': 0, 'op_id': 1000009633, 'op': 'COPY_OUT', 'subgraph_id': 65, 'pipe': 'PIPE_MTE3', 'start': 42228, 'end': 45308, 'duration': 3080, 'core_id': 0, 'size_bytes': 18432, 'path': 'DDR', 'nominal_cycles': 308, 'duration_excess': 2772, 'original_tensors': [1000001046], 'slack': 0, 'congestion_exposure': 2772.0, 'wait_priority': 5852.0, 'task': 0}, {'task_id': 0, 'op_id': 1000009773, 'op': 'COPY_OUT', 'subgraph_id': 70, 'pipe': 'PIPE_MTE3', 'start': 45308, 'end': 48388, 'duration': 3080, 'core_id': 0, 'size_bytes': 18432, 'path': 'DDR', 'nominal_cycles': 308, 'duration_excess': 2772, 'original_tensors': [1000001126], 'slack': 0, 'congestion_exposure': 2772.0, 'wait_priority': 5852.0, 'task': 0}, {'task_id': 0, 'op_id': 1000009913, 'op': 'COPY_OUT', 'subgraph_id': 75, 'pipe': 'PIPE_MTE3', 'start': 48388, 'end': 51468, 'duration': 3080, 'core_id': 0, 'size_bytes': 18432, 'path': 'DDR', 'nominal_cycles': 308, 'duration_excess': 2772, 'original_tensors': [1000001206], 'slack': 0, 'congestion_exposure': 2772.0, 'wait_priority': 5852.0, 'task': 0}], 'compile_seconds': 3.0025767800107133, 'limitations': 'Observed durations include dynamic contention; chain/slack and projected residency are ranking diagnostics, not removable-delay certificates.'}",,,,,
case_095_p2_n5,case_095,2,5,existing_regression,persistent,7,advance,/home/konglingrui/.mathmodel/questionA/真机启发算法攻坚/A题研究/直接迭代/运行结果/持续联合冲刺_20260926/正式75配置_6并发/configurations/case_095_p2_n5/persistent/attempt_001/evaluations/attempts/20260926T125506-b914b254da294e019c4137d2ece063c8/record.json,joint,,2,/home/konglingrui/.mathmodel/questionA/真机启发算法攻坚/A题研究/直接迭代/运行结果/持续联合冲刺_20260926/正式75配置_6并发/configurations/case_095_p2_n5/persistent/attempt_001/evaluations/attempts/20260926T125520-5115a461459a4b538d04a93461bfc195/record.json,,1,,,,,False,1,,,,,,
case_095_p2_n5,case_095,2,5,existing_regression,persistent,8,visit,/home/konglingrui/.mathmodel/questionA/真机启发算法攻坚/A题研究/直接迭代/运行结果/持续联合冲刺_20260926/正式75配置_6并发/configurations/case_095_p2_n5/persistent/attempt_001/evaluations/attempts/20260926T125506-b914b254da294e019c4137d2ece063c8/record.json,joint,,2,/home/konglingrui/.mathmodel/questionA/真机启发算法攻坚/A题研究/直接迭代/运行结果/持续联合冲刺_20260926/正式75配置_6并发/configurations/case_095_p2_n5/persistent/attempt_001/evaluations/attempts/20260926T125520-5115a461459a4b538d04a93461bfc195/record.json,1,0,True,False,False,success,,,,,,,,
case_095_p2_n5,case_095,2,5,existing_regression,persistent,9,observe,/home/konglingrui/.mathmodel/questionA/真机启发算法攻坚/A题研究/直接迭代/运行结果/持续联合冲刺_20260926/正式75配置_6并发/configurations/case_095_p2_n5/persistent/attempt_001/evaluations/attempts/20260926T125457-e250d60f30614e989daf545e306f8886/record.json,,,,,,0,,,,,,,"{'makespan': 220188, 'official_copy': {'original_graph_copy_bytes': 11355036, 'scheduled_copy_bytes': 11355036, 'added_copy_bytes': 0, 'partition_added_copy_bytes': 0, 'spill_added_copy_bytes': 0}, 'path_bytes': {'DDR': 11355036}, 'nominal_pool_work_cycles': {'DDR': 190806}, 'pool_occupancy': {'DDR': {'busy_cycles': 190806, 'overlap_cycles': 190806, 'peak_concurrent': 10}, 'CACHE_READ': {'busy_cycles': 0, 'overlap_cycles': 0, 'peak_concurrent': 0}}, 'projected_live_peak': {'0:L1': 67584, '0:UB': 92928, '1:L1': 67584, '1:UB': 92928, '2:L1': 67584, '2:UB': 92928, '3:L1': 67584, '3:UB': 92928, '4:L1': 67584, '4:UB': 92928}, 'projected_live_byte_cycles': {'0:L1': 10692292608, '0:UB': 16151897724, '1:L1': 10692292608, '1:UB': 16151897724, '2:L1': 10569535488, '2:UB': 15978064104, '3:L1': 10569535488, '3:UB': 15978064104, '4:L1': 10569535488, '4:UB': 15978064104}, 'memory_dependency_count': 11749, 'critical_chain_ops': 207, 'critical_chain_memory_edges': 0, 'top_copy_waits': [{'task_id': 0, 'op_id': 1000008107, 'op': 'COPY_IN', 'subgraph_id': 35, 'pipe': 'PIPE_MTE2', 'start': 10261, 'end': 11168, 'duration': 907, 'core_id': 0, 'size_bytes': 6144, 'path': 'DDR', 'nominal_cycles': 103, 'duration_excess': 804, 'original_tensors': [1000000403], 'slack': 1532, 'congestion_exposure': 804.0, 'wait_priority': 1388.8854803112451, 'task': 0}, {'task_id': 1, 'op_id': 1000008117, 'op': 'COPY_IN', 'subgraph_id': 779, 'pipe': 'PIPE_MTE2', 'start': 10261, 'end': 11168, 'duration': 907, 'core_id': 1, 'size_bytes': 6144, 'path': 'DDR', 'nominal_cycles': 103, 'duration_excess': 804, 'original_tensors': [1000000419], 'slack': 1532, 'congestion_exposure': 804.0, 'wait_priority': 1388.8854803112451, 'task': 1}, {'task_id': 0, 'op_id': 1000008207, 'op': 'COPY_IN', 'subgraph_id': 51, 'pipe': 'PIPE_MTE2', 'start': 14773, 'end': 15560, 'duration': 787, 'core_id': 0, 'size_bytes': 6144, 'path': 'DDR', 'nominal_cycles': 103, 'duration_excess': 684, 'original_tensors': [1000000563], 'slack': 1772, 'congestion_exposure': 684.0, 'wait_priority': 1159.8608247668794, 'task': 0}, {'task_id': 0, 'op_id': 1000008257, 'op': 'COPY_IN', 'subgraph_id': 59, 'pipe': 'PIPE_MTE2', 'start': 17089, 'end': 17876, 'duration': 787, 'core_id': 0, 'size_bytes': 6144, 'path': 'DDR', 'nominal_cycles': 103, 'duration_excess': 684, 'original_tensors': [1000000643], 'slack': 1772, 'congestion_exposure': 684.0, 'wait_priority': 1159.8608247668794, 'task': 0}, {'task_id': 0, 'op_id': 1000008307, 'op': 'COPY_IN', 'subgraph_id': 67, 'pipe': 'PIPE_MTE2', 'start': 19405, 'end': 20192, 'duration': 787, 'core_id': 0, 'size_bytes': 6144, 'path': 'DDR', 'nominal_cycles': 103, 'duration_excess': 684, 'original_tensors': [1000000723], 'slack': 1772, 'congestion_exposure': 684.0, 'wait_priority': 1159.8608247668794, 'task': 0}, {'task_id': 0, 'op_id': 1000008357, 'op': 'COPY_IN', 'subgraph_id': 75, 'pipe': 'PIPE_MTE2', 'start': 21721, 'end': 22508, 'duration': 787, 'core_id': 0, 'size_bytes': 6144, 'path': 'DDR', 'nominal_cycles': 103, 'duration_excess': 684, 'original_tensors': [1000000803], 'slack': 1772, 'congestion_exposure': 684.0, 'wait_priority': 1159.8608247668794, 'task': 0}, {'task_id': 0, 'op_id': 1000008407, 'op': 'COPY_IN', 'subgraph_id': 83, 'pipe': 'PIPE_MTE2', 'start': 24037, 'end': 24824, 'duration': 787, 'core_id': 0, 'size_bytes': 6144, 'path': 'DDR', 'nominal_cycles': 103, 'duration_excess': 684, 'original_tensors': [1000000883], 'slack': 1772, 'congestion_exposure': 684.0, 'wait_priority': 1159.8608247668794, 'task': 0}, {'task_id': 0, 'op_id': 1000008457, 'op': 'COPY_IN', 'subgraph_id': 91, 'pipe': 'PIPE_MTE2', 'start': 26353, 'end': 27140, 'duration': 787, 'core_id': 0, 'size_bytes': 6144, 'path': 'DDR', 'nominal_cycles': 103, 'duration_excess': 684, 'original_tensors': [1000000963], 'slack': 1772, 'congestion_exposure': 684.0, 'wait_priority': 1159.8608247668794, 'task': 0}, {'task_id': 0, 'op_id': 1000008507, 'op': 'COPY_IN', 'subgraph_id': 99, 'pipe': 'PIPE_MTE2', 'start': 28669, 'end': 29456, 'duration': 787, 'core_id': 0, 'size_bytes': 6144, 'path': 'DDR', 'nominal_cycles': 103, 'duration_excess': 684, 'original_tensors': [1000001043], 'slack': 1772, 'congestion_exposure': 684.0, 'wait_priority': 1159.8608247668794, 'task': 0}, {'task_id': 0, 'op_id': 1000008557, 'op': 'COPY_IN', 'subgraph_id': 107, 'pipe': 'PIPE_MTE2', 'start': 30985, 'end': 31772, 'duration': 787, 'core_id': 0, 'size_bytes': 6144, 'path': 'DDR', 'nominal_cycles': 103, 'duration_excess': 684, 'original_tensors': [1000001123], 'slack': 1772, 'congestion_exposure': 684.0, 'wait_priority': 1159.8608247668794, 'task': 0}, {'task_id': 0, 'op_id': 1000008607, 'op': 'COPY_IN', 'subgraph_id': 115, 'pipe': 'PIPE_MTE2', 'start': 33301, 'end': 34088, 'duration': 787, 'core_id': 0, 'size_bytes': 6144, 'path': 'DDR', 'nominal_cycles': 103, 'duration_excess': 684, 'original_tensors': [1000001203], 'slack': 1772, 'congestion_exposure': 684.0, 'wait_priority': 1159.8608247668794, 'task': 0}, {'task_id': 0, 'op_id': 1000008657, 'op': 'COPY_IN', 'subgraph_id': 123, 'pipe': 'PIPE_MTE2', 'start': 35617, 'end': 36404, 'duration': 787, 'core_id': 0, 'size_bytes': 6144, 'path': 'DDR', 'nominal_cycles': 103, 'duration_excess': 684, 'original_tensors': [1000001283], 'slack': 1772, 'congestion_exposure': 684.0, 'wait_priority': 1159.8608247668794, 'task': 0}, {'task_id': 0, 'op_id': 1000008707, 'op': 'COPY_IN', 'subgraph_id': 131, 'pipe': 'PIPE_MTE2', 'start': 37933, 'end': 38720, 'duration': 787, 'core_id': 0, 'size_bytes': 6144, 'path': 'DDR', 'nominal_cycles': 103, 'duration_excess': 684, 'original_tensors': [1000001363], 'slack': 1772, 'congestion_exposure': 684.0, 'wait_priority': 1159.8608247668794, 'task': 0}, {'task_id': 0, 'op_id': 1000008757, 'op': 'COPY_IN', 'subgraph_id': 139, 'pipe': 'PIPE_MTE2', 'start': 40249, 'end': 41036, 'duration': 787, 'core_id': 0, 'size_bytes': 6144, 'path': 'DDR', 'nominal_cycles': 103, 'duration_excess': 684, 'original_tensors': [1000001443], 'slack': 1772, 'congestion_exposure': 684.0, 'wait_priority': 1159.8608247668794, 'task': 0}, {'task_id': 0, 'op_id': 1000008807, 'op': 'COPY_IN', 'subgraph_id': 147, 'pipe': 'PIPE_MTE2', 'start': 42565, 'end': 43352, 'duration': 787, 'core_id': 0, 'size_bytes': 6144, 'path': 'DDR', 'nominal_cycles': 103, 'duration_excess': 684, 'original_tensors': [1000001523], 'slack': 1772, 'congestion_exposure': 684.0, 'wait_priority': 1159.8608247668794, 'task': 0}, {'task_id': 0, 'op_id': 1000008857, 'op': 'COPY_IN', 'subgraph_id': 155, 'pipe': 'PIPE_MTE2', 'start': 44881, 'end': 45668, 'duration': 787, 'core_id': 0, 'size_bytes': 6144, 'path': 'DDR', 'nominal_cycles': 103, 'duration_excess': 684, 'original_tensors': [1000001603], 'slack': 1772, 'congestion_exposure': 684.0, 'wait_priority': 1159.8608247668794, 'task': 0}, {'task_id': 0, 'op_id': 1000008907, 'op': 'COPY_IN', 'subgraph_id': 163, 'pipe': 'PIPE_MTE2', 'start': 47197, 'end': 47984, 'duration': 787, 'core_id': 0, 'size_bytes': 6144, 'path': 'DDR', 'nominal_cycles': 103, 'duration_excess': 684, 'original_tensors': [1000001683], 'slack': 1772, 'congestion_exposure': 684.0, 'wait_priority': 1159.8608247668794, 'task': 0}, {'task_id': 0, 'op_id': 1000008957, 'op': 'COPY_IN', 'subgraph_id': 171, 'pipe': 'PIPE_MTE2', 'start': 49513, 'end': 50300, 'duration': 787, 'core_id': 0, 'size_bytes': 6144, 'path': 'DDR', 'nominal_cycles': 103, 'duration_excess': 684, 'original_tensors': [1000001763], 'slack': 1772, 'congestion_exposure': 684.0, 'wait_priority': 1159.8608247668794, 'task': 0}, {'task_id': 0, 'op_id': 1000009007, 'op': 'COPY_IN', 'subgraph_id': 179, 'pipe': 'PIPE_MTE2', 'start': 51829, 'end': 52616, 'duration': 787, 'core_id': 0, 'size_bytes': 6144, 'path': 'DDR', 'nominal_cycles': 103, 'duration_excess': 684, 'original_tensors': [1000001843], 'slack': 1772, 'congestion_exposure': 684.0, 'wait_priority': 1159.8608247668794, 'task': 0}, {'task_id': 0, 'op_id': 1000009057, 'op': 'COPY_IN', 'subgraph_id': 187, 'pipe': 'PIPE_MTE2', 'start': 54145, 'end': 54932, 'duration': 787, 'core_id': 0, 'size_bytes': 6144, 'path': 'DDR', 'nominal_cycles': 103, 'duration_excess': 684, 'original_tensors': [1000001923], 'slack': 1772, 'congestion_exposure': 684.0, 'wait_priority': 1159.8608247668794, 'task': 0}], 'compile_seconds': 1.4062133069965057, 'limitations': 'Observed durations include dynamic contention; chain/slack and projected residency are ranking diagnostics, not removable-delay certificates.'}",,,,,
case_095_p2_n5,case_095,2,5,existing_regression,persistent,10,visit,/home/konglingrui/.mathmodel/questionA/真机启发算法攻坚/A题研究/直接迭代/运行结果/持续联合冲刺_20260926/正式75配置_6并发/configurations/case_095_p2_n5/persistent/attempt_001/evaluations/attempts/20260926T125457-e250d60f30614e989daf545e306f8886/record.json,joint,,0,/home/konglingrui/.mathmodel/questionA/真机启发算法攻坚/A题研究/直接迭代/运行结果/持续联合冲刺_20260926/正式75配置_6并发/configurations/case_095_p2_n5/persistent/attempt_001/evaluations/attempts/20260926T125525-b002af39b80e4cd0811f72746c7e0f6c/record.json,0,0,False,False,False,success,,,,,,,,
case_095_p2_n5,case_095,2,5,existing_regression,persistent,11,observe,/home/konglingrui/.mathmodel/questionA/真机启发算法攻坚/A题研究/直接迭代/运行结果/持续联合冲刺_20260926/正式75配置_6并发/configurations/case_095_p2_n5/persistent/attempt_001/evaluations/attempts/20260926T125513-7b3e0f74d7e14387b4f5626379f544ff/record.json,,,,,,1,,,,,,,"{'makespan': 1839073, 'official_copy': {'original_graph_copy_bytes': 11355036, 'scheduled_copy_bytes': 109668252, 'added_copy_bytes': 98313216, 'partition_added_copy_bytes': 62320512, 'spill_added_copy_bytes': 35992704}, 'path_bytes': {'DDR': 109668252}, 'nominal_pool_work_cycles': {'DDR': 1835058}, 'pool_occupancy': {'DDR': {'busy_cycles': 1835058, 'overlap_cycles': 1826677, 'peak_concurrent': 10}, 'CACHE_READ': {'busy_cycles': 0, 'overlap_cycles': 0, 'peak_concurrent': 0}}, 'projected_live_peak': {'0:L1': 178176, '0:UB': 130560, '1:L1': 178176, '1:UB': 129408, '2:L1': 178176, '2:UB': 129408, '3:L1': 178176, '3:UB': 130176, '4:L1': 178176, '4:UB': 130944}, 'projected_live_byte_cycles': {'0:L1': 36901840896, '0:UB': 179864612098, '1:L1': 32189921280, '1:UB': 159834304824, '2:L1': 33657833472, '2:UB': 143763058258, '3:L1': 31976343552, '3:UB': 213845810702, '4:L1': 32679069696, '4:UB': 199807496702}, 'memory_dependency_count': 18233, 'critical_chain_ops': 1188, 'critical_chain_memory_edges': 257, 'top_copy_waits': [{'task_id': 3, 'op_id': 1000007894, 'op': 'COPY_OUT', 'subgraph_id': 86, 'pipe': 'PIPE_MTE3', 'start': 54548, 'end': 57628, 'duration': 3080, 'core_id': 3, 'size_bytes': 18432, 'path': 'DDR', 'nominal_cycles': 308, 'duration_excess': 2772, 'original_tensors': [1000000025], 'slack': 0, 'congestion_exposure': 2772.0, 'wait_priority': 5852.0, 'task': 3}, {'task_id': 3, 'op_id': 1000007942, 'op': 'COPY_OUT', 'subgraph_id': 3, 'pipe': 'PIPE_MTE3', 'start': 2188, 'end': 5268, 'duration': 3080, 'core_id': 3, 'size_bytes': 18432, 'path': 'DDR', 'nominal_cycles': 308, 'duration_excess': 2772, 'original_tensors': [1000000054], 'slack': 0, 'congestion_exposure': 2772.0, 'wait_priority': 5852.0, 'task': 3}, {'task_id': 3, 'op_id': 1000008022, 'op': 'COPY_OUT', 'subgraph_id': 91, 'pipe': 'PIPE_MTE3', 'start': 57628, 'end': 60708, 'duration': 3080, 'core_id': 3, 'size_bytes': 18432, 'path': 'DDR', 'nominal_cycles': 308, 'duration_excess': 2772, 'original_tensors': [1000000105], 'slack': 0, 'congestion_exposure': 2772.0, 'wait_priority': 5852.0, 'task': 3}, {'task_id': 3, 'op_id': 1000008070, 'op': 'COPY_OUT', 'subgraph_id': 8, 'pipe': 'PIPE_MTE3', 'start': 5268, 'end': 8348, 'duration': 3080, 'core_id': 3, 'size_bytes': 18432, 'path': 'DDR', 'nominal_cycles': 308, 'duration_excess': 2772, 'original_tensors': [1000000134], 'slack': 0, 'congestion_exposure': 2772.0, 'wait_priority': 5852.0, 'task': 3}, {'task_id': 3, 'op_id': 1000008153, 'op': 'COPY_OUT', 'subgraph_id': 101, 'pipe': 'PIPE_MTE3', 'start': 63788, 'end': 66868, 'duration': 3080, 'core_id': 3, 'size_bytes': 18432, 'path': 'DDR', 'nominal_cycles': 308, 'duration_excess': 2772, 'original_tensors': [1000000185], 'slack': 0, 'congestion_exposure': 2772.0, 'wait_priority': 5852.0, 'task': 3}, {'task_id': 3, 'op_id': 1000008201, 'op': 'COPY_OUT', 'subgraph_id': 13, 'pipe': 'PIPE_MTE3', 'start': 8348, 'end': 11428, 'duration': 3080, 'core_id': 3, 'size_bytes': 18432, 'path': 'DDR', 'nominal_cycles': 308, 'duration_excess': 2772, 'original_tensors': [1000000214], 'slack': 0, 'congestion_exposure': 2772.0, 'wait_priority': 5852.0, 'task': 3}, {'task_id': 3, 'op_id': 1000008329, 'op': 'COPY_OUT', 'subgraph_id': 18, 'pipe': 'PIPE_MTE3', 'start': 11428, 'end': 14508, 'duration': 3080, 'core_id': 3, 'size_bytes': 18432, 'path': 'DDR', 'nominal_cycles': 308, 'duration_excess': 2772, 'original_tensors': [1000000294], 'slack': 0, 'congestion_exposure': 2772.0, 'wait_priority': 5852.0, 'task': 3}, {'task_id': 3, 'op_id': 1000008460, 'op': 'COPY_OUT', 'subgraph_id': 23, 'pipe': 'PIPE_MTE3', 'start': 14508, 'end': 17588, 'duration': 3080, 'core_id': 3, 'size_bytes': 18432, 'path': 'DDR', 'nominal_cycles': 308, 'duration_excess': 2772, 'original_tensors': [1000000374], 'slack': 0, 'congestion_exposure': 2772.0, 'wait_priority': 5852.0, 'task': 3}, {'task_id': 3, 'op_id': 1000008600, 'op': 'COPY_OUT', 'subgraph_id': 28, 'pipe': 'PIPE_MTE3', 'start': 17588, 'end': 20668, 'duration': 3080, 'core_id': 3, 'size_bytes': 18432, 'path': 'DDR', 'nominal_cycles': 308, 'duration_excess': 2772, 'original_tensors': [1000000454], 'slack': 0, 'congestion_exposure': 2772.0, 'wait_priority': 5852.0, 'task': 3}, {'task_id': 3, 'op_id': 1000008740, 'op': 'COPY_OUT', 'subgraph_id': 33, 'pipe': 'PIPE_MTE3', 'start': 20668, 'end': 23748, 'duration': 3080, 'core_id': 3, 'size_bytes': 18432, 'path': 'DDR', 'nominal_cycles': 308, 'duration_excess': 2772, 'original_tensors': [1000000534], 'slack': 0, 'congestion_exposure': 2772.0, 'wait_priority': 5852.0, 'task': 3}, {'task_id': 3, 'op_id': 1000008880, 'op': 'COPY_OUT', 'subgraph_id': 38, 'pipe': 'PIPE_MTE3', 'start': 23748, 'end': 26828, 'duration': 3080, 'core_id': 3, 'size_bytes': 18432, 'path': 'DDR', 'nominal_cycles': 308, 'duration_excess': 2772, 'original_tensors': [1000000614], 'slack': 0, 'congestion_exposure': 2772.0, 'wait_priority': 5852.0, 'task': 3}, {'task_id': 3, 'op_id': 1000009020, 'op': 'COPY_OUT', 'subgraph_id': 43, 'pipe': 'PIPE_MTE3', 'start': 26828, 'end': 29908, 'duration': 3080, 'core_id': 3, 'size_bytes': 18432, 'path': 'DDR', 'nominal_cycles': 308, 'duration_excess': 2772, 'original_tensors': [1000000694], 'slack': 0, 'congestion_exposure': 2772.0, 'wait_priority': 5852.0, 'task': 3}, {'task_id': 3, 'op_id': 1000009160, 'op': 'COPY_OUT', 'subgraph_id': 48, 'pipe': 'PIPE_MTE3', 'start': 29908, 'end': 32988, 'duration': 3080, 'core_id': 3, 'size_bytes': 18432, 'path': 'DDR', 'nominal_cycles': 308, 'duration_excess': 2772, 'original_tensors': [1000000774], 'slack': 0, 'congestion_exposure': 2772.0, 'wait_priority': 5852.0, 'task': 3}, {'task_id': 3, 'op_id': 1000009300, 'op': 'COPY_OUT', 'subgraph_id': 53, 'pipe': 'PIPE_MTE3', 'start': 32988, 'end': 36068, 'duration': 3080, 'core_id': 3, 'size_bytes': 18432, 'path': 'DDR', 'nominal_cycles': 308, 'duration_excess': 2772, 'original_tensors': [1000000854], 'slack': 0, 'congestion_exposure': 2772.0, 'wait_priority': 5852.0, 'task': 3}, {'task_id': 3, 'op_id': 1000009440, 'op': 'COPY_OUT', 'subgraph_id': 58, 'pipe': 'PIPE_MTE3', 'start': 36068, 'end': 39148, 'duration': 3080, 'core_id': 3, 'size_bytes': 18432, 'path': 'DDR', 'nominal_cycles': 308, 'duration_excess': 2772, 'original_tensors': [1000000934], 'slack': 0, 'congestion_exposure': 2772.0, 'wait_priority': 5852.0, 'task': 3}, {'task_id': 3, 'op_id': 1000009580, 'op': 'COPY_OUT', 'subgraph_id': 63, 'pipe': 'PIPE_MTE3', 'start': 39148, 'end': 42228, 'duration': 3080, 'core_id': 3, 'size_bytes': 18432, 'path': 'DDR', 'nominal_cycles': 308, 'duration_excess': 2772, 'original_tensors': [1000001014], 'slack': 0, 'congestion_exposure': 2772.0, 'wait_priority': 5852.0, 'task': 3}, {'task_id': 3, 'op_id': 1000009720, 'op': 'COPY_OUT', 'subgraph_id': 68, 'pipe': 'PIPE_MTE3', 'start': 42228, 'end': 45308, 'duration': 3080, 'core_id': 3, 'size_bytes': 18432, 'path': 'DDR', 'nominal_cycles': 308, 'duration_excess': 2772, 'original_tensors': [1000001094], 'slack': 0, 'congestion_exposure': 2772.0, 'wait_priority': 5852.0, 'task': 3}, {'task_id': 3, 'op_id': 1000009860, 'op': 'COPY_OUT', 'subgraph_id': 73, 'pipe': 'PIPE_MTE3', 'start': 45308, 'end': 48388, 'duration': 3080, 'core_id': 3, 'size_bytes': 18432, 'path': 'DDR', 'nominal_cycles': 308, 'duration_excess': 2772, 'original_tensors': [1000001174], 'slack': 0, 'congestion_exposure': 2772.0, 'wait_priority': 5852.0, 'task': 3}, {'task_id': 3, 'op_id': 1000010000, 'op': 'COPY_OUT', 'subgraph_id': 78, 'pipe': 'PIPE_MTE3', 'start': 48388, 'end': 51468, 'duration': 3080, 'core_id': 3, 'size_bytes': 18432, 'path': 'DDR', 'nominal_cycles': 308, 'duration_excess': 2772, 'original_tensors': [1000001254], 'slack': 0, 'congestion_exposure': 2772.0, 'wait_priority': 5852.0, 'task': 3}, {'task_id': 3, 'op_id': 1000010140, 'op': 'COPY_OUT', 'subgraph_id': 83, 'pipe': 'PIPE_MTE3', 'start': 51468, 'end': 54548, 'duration': 3080, 'core_id': 3, 'size_bytes': 18432, 'path': 'DDR', 'nominal_cycles': 308, 'duration_excess': 2772, 'original_tensors': [1000001334], 'slack': 0, 'congestion_exposure': 2772.0, 'wait_priority': 5852.0, 'task': 3}], 'compile_seconds': 3.470453791000182, 'limitations': 'Observed durations include dynamic contention; chain/slack and projected residency are ranking diagnostics, not removable-delay certificates.'}",,,,,
case_095_p2_n5,case_095,2,5,existing_regression,persistent,12,visit,/home/konglingrui/.mathmodel/questionA/真机启发算法攻坚/A题研究/直接迭代/运行结果/持续联合冲刺_20260926/正式75配置_6并发/configurations/case_095_p2_n5/persistent/attempt_001/evaluations/attempts/20260926T125513-7b3e0f74d7e14387b4f5626379f544ff/record.json,joint,,1,/home/konglingrui/.mathmodel/questionA/真机启发算法攻坚/A题研究/直接迭代/运行结果/持续联合冲刺_20260926/正式75配置_6并发/configurations/case_095_p2_n5/persistent/attempt_001/evaluations/attempts/20260926T125531-a6a66ff881bc4b00bf6cebba3c2ec525/record.json,0,1,False,False,False,success,,,,,,,,
case_095_p2_n5,case_095,2,5,existing_regression,persistent,13,visit,/home/konglingrui/.mathmodel/questionA/真机启发算法攻坚/A题研究/直接迭代/运行结果/持续联合冲刺_20260926/正式75配置_6并发/configurations/case_095_p2_n5/persistent/attempt_001/evaluations/attempts/20260926T125520-5115a461459a4b538d04a93461bfc195/record.json,insertion,,2,/home/konglingrui/.mathmodel/questionA/真机启发算法攻坚/A题研究/直接迭代/运行结果/持续联合冲刺_20260926/正式75配置_6并发/configurations/case_095_p2_n5/persistent/attempt_001/evaluations/attempts/20260926T125534-137aea24ac2d404a8689dcb492042cfd/record.json,0,1,False,False,False,success,,,,,,,,
case_095_p2_n5,case_095,2,5,existing_regression,persistent,14,observe,/home/konglingrui/.mathmodel/questionA/真机启发算法攻坚/A题研究/直接迭代/运行结果/持续联合冲刺_20260926/正式75配置_6并发/configurations/case_095_p2_n5/persistent/attempt_001/evaluations/attempts/20260926T125502-f0e9e5ede6c4484ebc8a5ee8f53eee64/record.json,,,,,,0,,,,,,,"{'makespan': 420852, 'official_copy': {'original_graph_copy_bytes': 11355036, 'scheduled_copy_bytes': 11355036, 'added_copy_bytes': 0, 'partition_added_copy_bytes': 0, 'spill_added_copy_bytes': 0}, 'path_bytes': {'DDR': 11355036}, 'nominal_pool_work_cycles': {'DDR': 190806}, 'pool_occupancy': {'DDR': {'busy_cycles': 190806, 'overlap_cycles': 190806, 'peak_concurrent': 10}, 'CACHE_READ': {'busy_cycles': 0, 'overlap_cycles': 0, 'peak_concurrent': 0}}, 'projected_live_peak': {'0:L1': 73728, '0:UB': 37060, '1:L1': 73728, '1:UB': 37060, '2:L1': 73728, '2:UB': 37060, '3:L1': 73728, '3:UB': 37060, '4:L1': 73728, '4:UB': 37060}, 'projected_live_byte_cycles': {'0:L1': 23732994048, '0:UB': 8021799492, '1:L1': 23732994048, '1:UB': 8021799492, '2:L1': 23474085888, '2:UB': 7935543324, '3:L1': 23474085888, '3:UB': 7935543324, '4:L1': 23474085888, '4:UB': 7935543324}, 'memory_dependency_count': 11302, 'critical_chain_ops': 747, 'critical_chain_memory_edges': 0, 'top_copy_waits': [{'task_id': 0, 'op_id': 1000007855, 'op': 'COPY_IN', 'subgraph_id': 0, 'pipe': 'PIPE_MTE2', 'start': 0, 'end': 515, 'duration': 515, 'core_id': 0, 'size_bytes': 6144, 'path': 'DDR', 'nominal_cycles': 103, 'duration_excess': 412, 'original_tensors': [1000000001], 'slack': 0, 'congestion_exposure': 412.0, 'wait_priority': 927.0, 'task': 0}, {'task_id': 0, 'op_id': 1000007857, 'op': 'COPY_IN', 'subgraph_id': 0, 'pipe': 'PIPE_MTE2', 'start': 515, 'end': 1030, 'duration': 515, 'core_id': 0, 'size_bytes': 6144, 'path': 'DDR', 'nominal_cycles': 103, 'duration_excess': 412, 'original_tensors': [1000000003], 'slack': 0, 'congestion_exposure': 412.0, 'wait_priority': 927.0, 'task': 0}, {'task_id': 1, 'op_id': 1000007865, 'op': 'COPY_IN', 'subgraph_id': 1, 'pipe': 'PIPE_MTE2', 'start': 0, 'end': 515, 'duration': 515, 'core_id': 1, 'size_bytes': 6144, 'path': 'DDR', 'nominal_cycles': 103, 'duration_excess': 412, 'original_tensors': [1000000017], 'slack': 0, 'congestion_exposure': 412.0, 'wait_priority': 927.0, 'task': 1}, {'task_id': 1, 'op_id': 1000007867, 'op': 'COPY_IN', 'subgraph_id': 1, 'pipe': 'PIPE_MTE2', 'start': 515, 'end': 1030, 'duration': 515, 'core_id': 1, 'size_bytes': 6144, 'path': 'DDR', 'nominal_cycles': 103, 'duration_excess': 412, 'original_tensors': [1000000019], 'slack': 0, 'congestion_exposure': 412.0, 'wait_priority': 927.0, 'task': 1}, {'task_id': 0, 'op_id': 1000007859, 'op': 'COPY_IN', 'subgraph_id': 0, 'pipe': 'PIPE_MTE2', 'start': 1035, 'end': 1550, 'duration': 515, 'core_id': 0, 'size_bytes': 6144, 'path': 'DDR', 'nominal_cycles': 103, 'duration_excess': 412, 'original_tensors': [1000000005], 'slack': 2834, 'congestion_exposure': 412.0, 'wait_priority': 757.0651506252442, 'task': 0}, {'task_id': 1, 'op_id': 1000007869, 'op': 'COPY_IN', 'subgraph_id': 1, 'pipe': 'PIPE_MTE2', 'start': 1035, 'end': 1550, 'duration': 515, 'core_id': 1, 'size_bytes': 6144, 'path': 'DDR', 'nominal_cycles': 103, 'duration_excess': 412, 'original_tensors': [1000000021], 'slack': 2834, 'congestion_exposure': 412.0, 'wait_priority': 757.0651506252442, 'task': 1}, {'task_id': 0, 'op_id': 1000007905, 'op': 'COPY_IN', 'subgraph_id': 5, 'pipe': 'PIPE_MTE2', 'start': 1550, 'end': 2065, 'duration': 515, 'core_id': 0, 'size_bytes': 6144, 'path': 'DDR', 'nominal_cycles': 103, 'duration_excess': 412, 'original_tensors': [1000000081], 'slack': 2962, 'congestion_exposure': 412.0, 'wait_priority': 750.8483765258962, 'task': 0}, {'task_id': 0, 'op_id': 1000007907, 'op': 'COPY_IN', 'subgraph_id': 5, 'pipe': 'PIPE_MTE2', 'start': 2065, 'end': 2580, 'duration': 515, 'core_id': 0, 'size_bytes': 6144, 'path': 'DDR', 'nominal_cycles': 103, 'duration_excess': 412, 'original_tensors': [1000000083], 'slack': 2962, 'congestion_exposure': 412.0, 'wait_priority': 750.8483765258962, 'task': 0}, {'task_id': 1, 'op_id': 1000007915, 'op': 'COPY_IN', 'subgraph_id': 6, 'pipe': 'PIPE_MTE2', 'start': 1550, 'end': 2065, 'duration': 515, 'core_id': 1, 'size_bytes': 6144, 'path': 'DDR', 'nominal_cycles': 103, 'duration_excess': 412, 'original_tensors': [1000000097], 'slack': 2962, 'congestion_exposure': 412.0, 'wait_priority': 750.8483765258962, 'task': 1}, {'task_id': 1, 'op_id': 1000007917, 'op': 'COPY_IN', 'subgraph_id': 6, 'pipe': 'PIPE_MTE2', 'start': 2065, 'end': 2580, 'duration': 515, 'core_id': 1, 'size_bytes': 6144, 'path': 'DDR', 'nominal_cycles': 103, 'duration_excess': 412, 'original_tensors': [1000000099], 'slack': 2962, 'congestion_exposure': 412.0, 'wait_priority': 750.8483765258962, 'task': 1}, {'task_id': 0, 'op_id': 1000008007, 'op': 'COPY_IN', 'subgraph_id': 15, 'pipe': 'PIPE_MTE2', 'start': 5165, 'end': 5818, 'duration': 653, 'core_id': 0, 'size_bytes': 6144, 'path': 'DDR', 'nominal_cycles': 103, 'duration_excess': 550, 'original_tensors': [1000000243], 'slack': 8748, 'congestion_exposure': 550.0, 'wait_priority': 710.6232504084486, 'task': 0}, {'task_id': 1, 'op_id': 1000008017, 'op': 'COPY_IN', 'subgraph_id': 16, 'pipe': 'PIPE_MTE2', 'start': 5165, 'end': 5818, 'duration': 653, 'core_id': 1, 'size_bytes': 6144, 'path': 'DDR', 'nominal_cycles': 103, 'duration_excess': 550, 'original_tensors': [1000000259], 'slack': 8748, 'congestion_exposure': 550.0, 'wait_priority': 710.6232504084486, 'task': 1}, {'task_id': 0, 'op_id': 1000012413, 'op': 'COPY_OUT', 'subgraph_id': 455, 'pipe': 'PIPE_MTE3', 'start': 416134, 'end': 416649, 'duration': 515, 'core_id': 0, 'size_bytes': 6144, 'path': 'DDR', 'nominal_cycles': 103, 'duration_excess': 412, 'original_tensors': [1000007295], 'slack': 3997, 'congestion_exposure': 412.0, 'wait_priority': 704.0969694198727, 'task': 0}, {'task_id': 1, 'op_id': 1000012423, 'op': 'COPY_OUT', 'subgraph_id': 456, 'pipe': 'PIPE_MTE3', 'start': 416134, 'end': 416649, 'duration': 515, 'core_id': 1, 'size_bytes': 6144, 'path': 'DDR', 'nominal_cycles': 103, 'duration_excess': 412, 'original_tensors': [1000007311], 'slack': 3997, 'congestion_exposure': 412.0, 'wait_priority': 704.0969694198727, 'task': 1}, {'task_id': 2, 'op_id': 1000007875, 'op': 'COPY_IN', 'subgraph_id': 2, 'pipe': 'PIPE_MTE2', 'start': 0, 'end': 515, 'duration': 515, 'core_id': 2, 'size_bytes': 6144, 'path': 'DDR', 'nominal_cycles': 103, 'duration_excess': 412, 'original_tensors': [1000000033], 'slack': 4203, 'congestion_exposure': 412.0, 'wait_priority': 695.4780515979977, 'task': 2}, {'task_id': 2, 'op_id': 1000007877, 'op': 'COPY_IN', 'subgraph_id': 2, 'pipe': 'PIPE_MTE2', 'start': 515, 'end': 1030, 'duration': 515, 'core_id': 2, 'size_bytes': 6144, 'path': 'DDR', 'nominal_cycles': 103, 'duration_excess': 412, 'original_tensors': [1000000035], 'slack': 4203, 'congestion_exposure': 412.0, 'wait_priority': 695.4780515979977, 'task': 2}, {'task_id': 2, 'op_id': 1000012433, 'op': 'COPY_OUT', 'subgraph_id': 457, 'pipe': 'PIPE_MTE3', 'start': 416134, 'end': 416649, 'duration': 515, 'core_id': 2, 'size_bytes': 6144, 'path': 'DDR', 'nominal_cycles': 103, 'duration_excess': 412, 'original_tensors': [1000007327], 'slack': 4203, 'congestion_exposure': 412.0, 'wait_priority': 695.4780515979977, 'task': 2}, {'task_id': 3, 'op_id': 1000007885, 'op': 'COPY_IN', 'subgraph_id': 3, 'pipe': 'PIPE_MTE2', 'start': 0, 'end': 515, 'duration': 515, 'core_id': 3, 'size_bytes': 6144, 'path': 'DDR', 'nominal_cycles': 103, 'duration_excess': 412, 'original_tensors': [1000000049], 'slack': 4203, 'congestion_exposure': 412.0, 'wait_priority': 695.4780515979977, 'task': 3}, {'task_id': 3, 'op_id': 1000007887, 'op': 'COPY_IN', 'subgraph_id': 3, 'pipe': 'PIPE_MTE2', 'start': 515, 'end': 1030, 'duration': 515, 'core_id': 3, 'size_bytes': 6144, 'path': 'DDR', 'nominal_cycles': 103, 'duration_excess': 412, 'original_tensors': [1000000051], 'slack': 4203, 'congestion_exposure': 412.0, 'wait_priority': 695.4780515979977, 'task': 3}, {'task_id': 3, 'op_id': 1000012443, 'op': 'COPY_OUT', 'subgraph_id': 458, 'pipe': 'PIPE_MTE3', 'start': 416134, 'end': 416649, 'duration': 515, 'core_id': 3, 'size_bytes': 6144, 'path': 'DDR', 'nominal_cycles': 103, 'duration_excess': 412, 'original_tensors': [1000007343], 'slack': 4203, 'congestion_exposure': 412.0, 'wait_priority': 695.4780515979977, 'task': 3}], 'compile_seconds': 1.6684173219837248, 'limitations': 'Observed durations include dynamic contention; chain/slack and projected residency are ranking diagnostics, not removable-delay certificates.'}",,,,,
case_095_p2_n5,case_095,2,5,existing_regression,persistent,15,visit,/home/konglingrui/.mathmodel/questionA/真机启发算法攻坚/A题研究/直接迭代/运行结果/持续联合冲刺_20260926/正式75配置_6并发/configurations/case_095_p2_n5/persistent/attempt_001/evaluations/attempts/20260926T125502-f0e9e5ede6c4484ebc8a5ee8f53eee64/record.json,trace,,0,/home/konglingrui/.mathmodel/questionA/真机启发算法攻坚/A题研究/直接迭代/运行结果/持续联合冲刺_20260926/正式75配置_6并发/configurations/case_095_p2_n5/persistent/attempt_001/evaluations/attempts/20260926T125540-7da83cac6419455e8ec42b237f51c708/record.json,0,0,False,False,True,success,,,,,,,,
case_095_p2_n5,case_095,2,5,existing_regression,persistent,16,observe,/home/konglingrui/.mathmodel/questionA/真机启发算法攻坚/A题研究/直接迭代/运行结果/持续联合冲刺_20260926/正式75配置_6并发/configurations/case_095_p2_n5/persistent/attempt_001/evaluations/attempts/20260926T125459-bc64f9485f4c4c6e864063854ad61251/record.json,,,,,,0,,,,,,,"{'makespan': 2046291, 'official_copy': {'original_graph_copy_bytes': 11355036, 'scheduled_copy_bytes': 120666012, 'added_copy_bytes': 109310976, 'partition_added_copy_bytes': 62320512, 'spill_added_copy_bytes': 46990464}, 'path_bytes': {'DDR': 120666012}, 'nominal_pool_work_cycles': {'DDR': 2018730}, 'pool_occupancy': {'DDR': {'busy_cycles': 2018730, 'overlap_cycles': 2004903, 'peak_concurrent': 10}, 'CACHE_READ': {'busy_cycles': 0, 'overlap_cycles': 0, 'peak_concurrent': 0}}, 'projected_live_peak': {'0:L1': 522240, '0:UB': 129600, '1:L1': 522240, '1:UB': 129600, '2:L1': 522240, '2:UB': 129792, '3:L1': 522240, '3:UB': 130176, '4:L1': 522240, '4:UB': 130944}, 'projected_live_byte_cycles': {'0:L1': 153685377024, '0:UB': 176892168768, '1:L1': 173678567424, '1:UB': 182817977940, '2:L1': 154591094784, '2:UB': 179898735528, '3:L1': 174031036416, '3:UB': 205851985894, '4:L1': 175980908544, '4:UB': 199404042896}, 'memory_dependency_count': 18748, 'critical_chain_ops': 1502, 'critical_chain_memory_edges': 401, 'top_copy_waits': [{'task_id': 3, 'op_id': 1000008942, 'op': 'COPY_IN', 'subgraph_id': 1424, 'pipe': 'PIPE_MTE2', 'start': 785344, 'end': 788416, 'duration': 3072, 'core_id': 3, 'size_bytes': 18432, 'path': 'DDR', 'nominal_cycles': 308, 'duration_excess': 2764, 'original_tensors': [1000000649], 'slack': 0, 'congestion_exposure': 2764.0, 'wait_priority': 5836.0, 'task': 3}, {'task_id': 3, 'op_id': 1000009082, 'op': 'COPY_IN', 'subgraph_id': 1429, 'pipe': 'PIPE_MTE2', 'start': 788456, 'end': 791528, 'duration': 3072, 'core_id': 3, 'size_bytes': 18432, 'path': 'DDR', 'nominal_cycles': 308, 'duration_excess': 2764, 'original_tensors': [1000000729], 'slack': 0, 'congestion_exposure': 2764.0, 'wait_priority': 5836.0, 'task': 3}, {'task_id': 3, 'op_id': 1000009222, 'op': 'COPY_IN', 'subgraph_id': 1434, 'pipe': 'PIPE_MTE2', 'start': 791568, 'end': 794640, 'duration': 3072, 'core_id': 3, 'size_bytes': 18432, 'path': 'DDR', 'nominal_cycles': 308, 'duration_excess': 2764, 'original_tensors': [1000000809], 'slack': 0, 'congestion_exposure': 2764.0, 'wait_priority': 5836.0, 'task': 3}, {'task_id': 3, 'op_id': 1000009362, 'op': 'COPY_IN', 'subgraph_id': 1439, 'pipe': 'PIPE_MTE2', 'start': 794680, 'end': 797752, 'duration': 3072, 'core_id': 3, 'size_bytes': 18432, 'path': 'DDR', 'nominal_cycles': 308, 'duration_excess': 2764, 'original_tensors': [1000000889], 'slack': 0, 'congestion_exposure': 2764.0, 'wait_priority': 5836.0, 'task': 3}, {'task_id': 3, 'op_id': 1000009502, 'op': 'COPY_IN', 'subgraph_id': 1444, 'pipe': 'PIPE_MTE2', 'start': 797792, 'end': 800864, 'duration': 3072, 'core_id': 3, 'size_bytes': 18432, 'path': 'DDR', 'nominal_cycles': 308, 'duration_excess': 2764, 'original_tensors': [1000000969], 'slack': 0, 'congestion_exposure': 2764.0, 'wait_priority': 5836.0, 'task': 3}, {'task_id': 3, 'op_id': 1000009642, 'op': 'COPY_IN', 'subgraph_id': 1449, 'pipe': 'PIPE_MTE2', 'start': 800904, 'end': 803976, 'duration': 3072, 'core_id': 3, 'size_bytes': 18432, 'path': 'DDR', 'nominal_cycles': 308, 'duration_excess': 2764, 'original_tensors': [1000001049], 'slack': 0, 'congestion_exposure': 2764.0, 'wait_priority': 5836.0, 'task': 3}, {'task_id': 3, 'op_id': 1000009782, 'op': 'COPY_IN', 'subgraph_id': 1454, 'pipe': 'PIPE_MTE2', 'start': 804016, 'end': 807088, 'duration': 3072, 'core_id': 3, 'size_bytes': 18432, 'path': 'DDR', 'nominal_cycles': 308, 'duration_excess': 2764, 'original_tensors': [1000001129], 'slack': 0, 'congestion_exposure': 2764.0, 'wait_priority': 5836.0, 'task': 3}, {'task_id': 3, 'op_id': 1000009922, 'op': 'COPY_IN', 'subgraph_id': 1459, 'pipe': 'PIPE_MTE2', 'start': 807128, 'end': 810200, 'duration': 3072, 'core_id': 3, 'size_bytes': 18432, 'path': 'DDR', 'nominal_cycles': 308, 'duration_excess': 2764, 'original_tensors': [1000001209], 'slack': 0, 'congestion_exposure': 2764.0, 'wait_priority': 5836.0, 'task': 3}, {'task_id': 3, 'op_id': 1000010062, 'op': 'COPY_IN', 'subgraph_id': 1464, 'pipe': 'PIPE_MTE2', 'start': 810240, 'end': 813312, 'duration': 3072, 'core_id': 3, 'size_bytes': 18432, 'path': 'DDR', 'nominal_cycles': 308, 'duration_excess': 2764, 'original_tensors': [1000001289], 'slack': 0, 'congestion_exposure': 2764.0, 'wait_priority': 5836.0, 'task': 3}, {'task_id': 3, 'op_id': 1000010202, 'op': 'COPY_IN', 'subgraph_id': 1469, 'pipe': 'PIPE_MTE2', 'start': 813352, 'end': 816424, 'duration': 3072, 'core_id': 3, 'size_bytes': 18432, 'path': 'DDR', 'nominal_cycles': 308, 'duration_excess': 2764, 'original_tensors': [1000001369], 'slack': 0, 'congestion_exposure': 2764.0, 'wait_priority': 5836.0, 'task': 3}, {'task_id': 3, 'op_id': 1000010342, 'op': 'COPY_IN', 'subgraph_id': 1474, 'pipe': 'PIPE_MTE2', 'start': 816464, 'end': 819536, 'duration': 3072, 'core_id': 3, 'size_bytes': 18432, 'path': 'DDR', 'nominal_cycles': 308, 'duration_excess': 2764, 'original_tensors': [1000001449], 'slack': 0, 'congestion_exposure': 2764.0, 'wait_priority': 5836.0, 'task': 3}, {'task_id': 3, 'op_id': 1000010482, 'op': 'COPY_IN', 'subgraph_id': 1479, 'pipe': 'PIPE_MTE2', 'start': 819576, 'end': 822648, 'duration': 3072, 'core_id': 3, 'size_bytes': 18432, 'path': 'DDR', 'nominal_cycles': 308, 'duration_excess': 2764, 'original_tensors': [1000001529], 'slack': 0, 'congestion_exposure': 2764.0, 'wait_priority': 5836.0, 'task': 3}, {'task_id': 3, 'op_id': 1000010622, 'op': 'COPY_IN', 'subgraph_id': 1484, 'pipe': 'PIPE_MTE2', 'start': 822688, 'end': 825760, 'duration': 3072, 'core_id': 3, 'size_bytes': 18432, 'path': 'DDR', 'nominal_cycles': 308, 'duration_excess': 2764, 'original_tensors': [1000001609], 'slack': 0, 'congestion_exposure': 2764.0, 'wait_priority': 5836.0, 'task': 3}, {'task_id': 3, 'op_id': 1000010762, 'op': 'COPY_IN', 'subgraph_id': 1489, 'pipe': 'PIPE_MTE2', 'start': 825800, 'end': 828872, 'duration': 3072, 'core_id': 3, 'size_bytes': 18432, 'path': 'DDR', 'nominal_cycles': 308, 'duration_excess': 2764, 'original_tensors': [1000001689], 'slack': 0, 'congestion_exposure': 2764.0, 'wait_priority': 5836.0, 'task': 3}, {'task_id': 3, 'op_id': 1000010902, 'op': 'COPY_IN', 'subgraph_id': 1494, 'pipe': 'PIPE_MTE2', 'start': 828912, 'end': 831984, 'duration': 3072, 'core_id': 3, 'size_bytes': 18432, 'path': 'DDR', 'nominal_cycles': 308, 'duration_excess': 2764, 'original_tensors': [1000001769], 'slack': 0, 'congestion_exposure': 2764.0, 'wait_priority': 5836.0, 'task': 3}, {'task_id': 3, 'op_id': 1000011042, 'op': 'COPY_IN', 'subgraph_id': 1499, 'pipe': 'PIPE_MTE2', 'start': 832024, 'end': 835096, 'duration': 3072, 'core_id': 3, 'size_bytes': 18432, 'path': 'DDR', 'nominal_cycles': 308, 'duration_excess': 2764, 'original_tensors': [1000001849], 'slack': 0, 'congestion_exposure': 2764.0, 'wait_priority': 5836.0, 'task': 3}, {'task_id': 3, 'op_id': 1000011182, 'op': 'COPY_IN', 'subgraph_id': 1504, 'pipe': 'PIPE_MTE2', 'start': 835136, 'end': 838208, 'duration': 3072, 'core_id': 3, 'size_bytes': 18432, 'path': 'DDR', 'nominal_cycles': 308, 'duration_excess': 2764, 'original_tensors': [1000001929], 'slack': 0, 'congestion_exposure': 2764.0, 'wait_priority': 5836.0, 'task': 3}, {'task_id': 3, 'op_id': 1000011322, 'op': 'COPY_IN', 'subgraph_id': 1509, 'pipe': 'PIPE_MTE2', 'start': 838248, 'end': 841320, 'duration': 3072, 'core_id': 3, 'size_bytes': 18432, 'path': 'DDR', 'nominal_cycles': 308, 'duration_excess': 2764, 'original_tensors': [1000002009], 'slack': 0, 'congestion_exposure': 2764.0, 'wait_priority': 5836.0, 'task': 3}, {'task_id': 3, 'op_id': 1000011462, 'op': 'COPY_IN', 'subgraph_id': 1514, 'pipe': 'PIPE_MTE2', 'start': 841360, 'end': 844432, 'duration': 3072, 'core_id': 3, 'size_bytes': 18432, 'path': 'DDR', 'nominal_cycles': 308, 'duration_excess': 2764, 'original_tensors': [1000002089], 'slack': 0, 'congestion_exposure': 2764.0, 'wait_priority': 5836.0, 'task': 3}, {'task_id': 3, 'op_id': 1000011602, 'op': 'COPY_IN', 'subgraph_id': 1519, 'pipe': 'PIPE_MTE2', 'start': 844472, 'end': 847544, 'duration': 3072, 'core_id': 3, 'size_bytes': 18432, 'path': 'DDR', 'nominal_cycles': 308, 'duration_excess': 2764, 'original_tensors': [1000002169], 'slack': 0, 'congestion_exposure': 2764.0, 'wait_priority': 5836.0, 'task': 3}], 'compile_seconds': 3.7314434070140123, 'limitations': 'Observed durations include dynamic contention; chain/slack and projected residency are ranking diagnostics, not removable-delay certificates.'}",,,,,
case_095_p2_n5,case_095,2,5,existing_regression,persistent,17,advance_alternate,/home/konglingrui/.mathmodel/questionA/真机启发算法攻坚/A题研究/直接迭代/运行结果/持续联合冲刺_20260926/正式75配置_6并发/configurations/case_095_p2_n5/persistent/attempt_001/evaluations/attempts/20260926T125459-bc64f9485f4c4c6e864063854ad61251/record.json,joint,,1,/home/konglingrui/.mathmodel/questionA/真机启发算法攻坚/A题研究/直接迭代/运行结果/持续联合冲刺_20260926/正式75配置_6并发/configurations/case_095_p2_n5/persistent/attempt_001/evaluations/attempts/20260926T125547-a4b0904664c6473c8a397f9822faf1e6/record.json,,1,,,,,,3,,,,,,
case_095_p2_n5,case_095,2,5,existing_regression,persistent,18,visit,/home/konglingrui/.mathmodel/questionA/真机启发算法攻坚/A题研究/直接迭代/运行结果/持续联合冲刺_20260926/正式75配置_6并发/configurations/case_095_p2_n5/persistent/attempt_001/evaluations/attempts/20260926T125459-bc64f9485f4c4c6e864063854ad61251/record.json,joint,,1,/home/konglingrui/.mathmodel/questionA/真机启发算法攻坚/A题研究/直接迭代/运行结果/持续联合冲刺_20260926/正式75配置_6并发/configurations/case_095_p2_n5/persistent/attempt_001/evaluations/attempts/20260926T125547-a4b0904664c6473c8a397f9822faf1e6/record.json,0,0,True,False,True,success,,,,,,,,
case_095_p2_n5,case_095,2,5,existing_regression,persistent,19,visit,/home/konglingrui/.mathmodel/questionA/真机启发算法攻坚/A题研究/直接迭代/运行结果/持续联合冲刺_20260926/正式75配置_6并发/configurations/case_095_p2_n5/persistent/attempt_001/evaluations/attempts/20260926T125506-b914b254da294e019c4137d2ece063c8/record.json,trace,,2,/home/konglingrui/.mathmodel/questionA/真机启发算法攻坚/A题研究/直接迭代/运行结果/持续联合冲刺_20260926/正式75配置_6并发/configurations/case_095_p2_n5/persistent/attempt_001/evaluations/attempts/20260926T125550-3e37a81292fe4b549c586ec1bb760c1b/record.json,0,0,False,False,True,success,,,,,,,,
case_095_p2_n5,case_095,2,5,existing_regression,persistent,20,visit,/home/konglingrui/.mathmodel/questionA/真机启发算法攻坚/A题研究/直接迭代/运行结果/持续联合冲刺_20260926/正式75配置_6并发/configurations/case_095_p2_n5/persistent/attempt_001/evaluations/attempts/20260926T125457-e250d60f30614e989daf545e306f8886/record.json,joint,,0,/home/konglingrui/.mathmodel/questionA/真机启发算法攻坚/A题研究/直接迭代/运行结果/持续联合冲刺_20260926/正式75配置_6并发/configurations/case_095_p2_n5/persistent/attempt_001/evaluations/attempts/20260926T125554-e47d4e9a7b3e482cadefc66928c5883d/record.json,0,0,False,False,False,success,,,,,,,,
case_095_p2_n5,case_095,2,5,existing_regression,persistent,21,visit,/home/konglingrui/.mathmodel/questionA/真机启发算法攻坚/A题研究/直接迭代/运行结果/持续联合冲刺_20260926/正式75配置_6并发/configurations/case_095_p2_n5/persistent/attempt_001/evaluations/attempts/20260926T125513-7b3e0f74d7e14387b4f5626379f544ff/record.json,trace,,1,/home/konglingrui/.mathmodel/questionA/真机启发算法攻坚/A题研究/直接迭代/运行结果/持续联合冲刺_20260926/正式75配置_6并发/configurations/case_095_p2_n5/persistent/attempt_001/evaluations/attempts/20260926T125555-2d1e85d7ff1446699b19230b53aad31e/record.json,0,1,False,False,False,success,,,,,,,,
case_095_p2_n5,case_095,2,5,existing_regression,persistent,22,observe,/home/konglingrui/.mathmodel/questionA/真机启发算法攻坚/A题研究/直接迭代/运行结果/持续联合冲刺_20260926/正式75配置_6并发/configurations/case_095_p2_n5/persistent/attempt_001/evaluations/attempts/20260926T125520-5115a461459a4b538d04a93461bfc195/record.json,,,,,,1,,,,,,,"{'makespan': 1887420, 'official_copy': {'original_graph_copy_bytes': 11355036, 'scheduled_copy_bytes': 112546332, 'added_copy_bytes': 101191296, 'partition_added_copy_bytes': 66817920, 'spill_added_copy_bytes': 34373376}, 'path_bytes': {'DDR': 112546332}, 'nominal_pool_work_cycles': {'DDR': 1883162}, 'pool_occupancy': {'DDR': {'busy_cycles': 1883162, 'overlap_cycles': 1875530, 'peak_concurrent': 10}, 'CACHE_READ': {'busy_cycles': 0, 'overlap_cycles': 0, 'peak_concurrent': 0}}, 'projected_live_peak': {'0:L1': 159744, '0:UB': 129600, '1:L1': 178176, '1:UB': 129408, '2:L1': 178176, '2:UB': 129600, '3:L1': 178176, '3:UB': 129600, '4:L1': 178176, '4:UB': 130944}, 'projected_live_byte_cycles': {'0:L1': 39620272128, '0:UB': 183161679202, '1:L1': 31342731264, '1:UB': 178704755490, '2:L1': 34634311680, '2:UB': 160997399988, '3:L1': 32610410496, '3:UB': 181054820258, '4:L1': 30763622400, '4:UB': 181273424834}, 'memory_dependency_count': 18384, 'critical_chain_ops': 1220, 'critical_chain_memory_edges': 265, 'top_copy_waits': [{'task_id': 0, 'op_id': 1000008717, 'op': 'COPY_OUT', 'subgraph_id': 691, 'pipe': 'PIPE_MTE3', 'start': 369116, 'end': 372196, 'duration': 3080, 'core_id': 0, 'size_bytes': 18432, 'path': 'DDR', 'nominal_cycles': 308, 'duration_excess': 2772, 'original_tensors': [1000000523], 'slack': 0, 'congestion_exposure': 2772.0000000000005, 'wait_priority': 5852.0, 'task': 0}, {'task_id': 0, 'op_id': 1000008857, 'op': 'COPY_OUT', 'subgraph_id': 713, 'pipe': 'PIPE_MTE3', 'start': 381286, 'end': 384366, 'duration': 3080, 'core_id': 0, 'size_bytes': 18432, 'path': 'DDR', 'nominal_cycles': 308, 'duration_excess': 2772, 'original_tensors': [1000000603], 'slack': 0, 'congestion_exposure': 2772.0, 'wait_priority': 5852.0, 'task': 0}, {'task_id': 0, 'op_id': 1000008997, 'op': 'COPY_OUT', 'subgraph_id': 722, 'pipe': 'PIPE_MTE3', 'start': 384366, 'end': 387446, 'duration': 3080, 'core_id': 0, 'size_bytes': 18432, 'path': 'DDR', 'nominal_cycles': 308, 'duration_excess': 2772, 'original_tensors': [1000000683], 'slack': 0, 'congestion_exposure': 2772.0, 'wait_priority': 5852.0, 'task': 0}, {'task_id': 0, 'op_id': 1000009137, 'op': 'COPY_OUT', 'subgraph_id': 744, 'pipe': 'PIPE_MTE3', 'start': 396343, 'end': 399423, 'duration': 3080, 'core_id': 0, 'size_bytes': 18432, 'path': 'DDR', 'nominal_cycles': 308, 'duration_excess': 2772, 'original_tensors': [1000000763], 'slack': 0, 'congestion_exposure': 2772.0000000000005, 'wait_priority': 5852.0, 'task': 0}, {'task_id': 0, 'op_id': 1000009277, 'op': 'COPY_OUT', 'subgraph_id': 749, 'pipe': 'PIPE_MTE3', 'start': 399423, 'end': 402503, 'duration': 3080, 'core_id': 0, 'size_bytes': 18432, 'path': 'DDR', 'nominal_cycles': 308, 'duration_excess': 2772, 'original_tensors': [1000000843], 'slack': 0, 'congestion_exposure': 2772.0000000000005, 'wait_priority': 5852.0, 'task': 0}, {'task_id': 0, 'op_id': 1000009417, 'op': 'COPY_OUT', 'subgraph_id': 771, 'pipe': 'PIPE_MTE3', 'start': 411091, 'end': 414171, 'duration': 3080, 'core_id': 0, 'size_bytes': 18432, 'path': 'DDR', 'nominal_cycles': 308, 'duration_excess': 2772, 'original_tensors': [1000000923], 'slack': 0, 'congestion_exposure': 2772.0, 'wait_priority': 5852.0, 'task': 0}, {'task_id': 0, 'op_id': 1000009557, 'op': 'COPY_OUT', 'subgraph_id': 777, 'pipe': 'PIPE_MTE3', 'start': 414171, 'end': 417251, 'duration': 3080, 'core_id': 0, 'size_bytes': 18432, 'path': 'DDR', 'nominal_cycles': 308, 'duration_excess': 2772, 'original_tensors': [1000001003], 'slack': 0, 'congestion_exposure': 2772.0, 'wait_priority': 5852.0, 'task': 0}, {'task_id': 0, 'op_id': 1000009697, 'op': 'COPY_OUT', 'subgraph_id': 798, 'pipe': 'PIPE_MTE3', 'start': 425713, 'end': 428793, 'duration': 3080, 'core_id': 0, 'size_bytes': 18432, 'path': 'DDR', 'nominal_cycles': 308, 'duration_excess': 2772, 'original_tensors': [1000001083], 'slack': 0, 'congestion_exposure': 2772.0, 'wait_priority': 5852.0, 'task': 0}, {'task_id': 0, 'op_id': 1000013919, 'op': 'COPY_OUT', 'subgraph_id': 665, 'pipe': 'PIPE_MTE3', 'start': 356950, 'end': 360030, 'duration': 3080, 'core_id': 0, 'size_bytes': 18432, 'path': 'DDR', 'nominal_cycles': 308, 'duration_excess': 2772, 'original_tensors': [1000003497], 'slack': 0, 'congestion_exposure': 2772.0000000000005, 'wait_priority': 5852.0, 'task': 0}, {'task_id': 0, 'op_id': 1000014059, 'op': 'COPY_OUT', 'subgraph_id': 698, 'pipe': 'PIPE_MTE3', 'start': 372196, 'end': 375276, 'duration': 3080, 'core_id': 0, 'size_bytes': 18432, 'path': 'DDR', 'nominal_cycles': 308, 'duration_excess': 2772, 'original_tensors': [1000003577], 'slack': 0, 'congestion_exposure': 2772.0, 'wait_priority': 5852.0, 'task': 0}, {'task_id': 3, 'op_id': 1000007891, 'op': 'COPY_OUT', 'subgraph_id': 87, 'pipe': 'PIPE_MTE3', 'start': 54419, 'end': 57499, 'duration': 3080, 'core_id': 3, 'size_bytes': 18432, 'path': 'DDR', 'nominal_cycles': 308, 'duration_excess': 2772, 'original_tensors': [1000000025], 'slack': 0, 'congestion_exposure': 2772.0, 'wait_priority': 5852.0, 'task': 3}, {'task_id': 3, 'op_id': 1000008016, 'op': 'COPY_OUT', 'subgraph_id': 91, 'pipe': 'PIPE_MTE3', 'start': 57499, 'end': 60579, 'duration': 3080, 'core_id': 3, 'size_bytes': 18432, 'path': 'DDR', 'nominal_cycles': 308, 'duration_excess': 2772, 'original_tensors': [1000000105], 'slack': 0, 'congestion_exposure': 2772.0, 'wait_priority': 5852.0, 'task': 3}, {'task_id': 3, 'op_id': 1000008064, 'op': 'COPY_OUT', 'subgraph_id': 8, 'pipe': 'PIPE_MTE3', 'start': 5139, 'end': 8219, 'duration': 3080, 'core_id': 3, 'size_bytes': 18432, 'path': 'DDR', 'nominal_cycles': 308, 'duration_excess': 2772, 'original_tensors': [1000000134], 'slack': 0, 'congestion_exposure': 2772.0, 'wait_priority': 5852.0, 'task': 3}, {'task_id': 3, 'op_id': 1000008147, 'op': 'COPY_OUT', 'subgraph_id': 101, 'pipe': 'PIPE_MTE3', 'start': 63659, 'end': 66739, 'duration': 3080, 'core_id': 3, 'size_bytes': 18432, 'path': 'DDR', 'nominal_cycles': 308, 'duration_excess': 2772, 'original_tensors': [1000000185], 'slack': 0, 'congestion_exposure': 2772.0, 'wait_priority': 5852.0, 'task': 3}, {'task_id': 3, 'op_id': 1000008195, 'op': 'COPY_OUT', 'subgraph_id': 13, 'pipe': 'PIPE_MTE3', 'start': 8219, 'end': 11299, 'duration': 3080, 'core_id': 3, 'size_bytes': 18432, 'path': 'DDR', 'nominal_cycles': 308, 'duration_excess': 2772, 'original_tensors': [1000000214], 'slack': 0, 'congestion_exposure': 2772.0, 'wait_priority': 5852.0, 'task': 3}, {'task_id': 3, 'op_id': 1000008323, 'op': 'COPY_OUT', 'subgraph_id': 18, 'pipe': 'PIPE_MTE3', 'start': 11299, 'end': 14379, 'duration': 3080, 'core_id': 3, 'size_bytes': 18432, 'path': 'DDR', 'nominal_cycles': 308, 'duration_excess': 2772, 'original_tensors': [1000000294], 'slack': 0, 'congestion_exposure': 2772.0, 'wait_priority': 5852.0, 'task': 3}, {'task_id': 3, 'op_id': 1000008454, 'op': 'COPY_OUT', 'subgraph_id': 23, 'pipe': 'PIPE_MTE3', 'start': 14379, 'end': 17459, 'duration': 3080, 'core_id': 3, 'size_bytes': 18432, 'path': 'DDR', 'nominal_cycles': 308, 'duration_excess': 2772, 'original_tensors': [1000000374], 'slack': 0, 'congestion_exposure': 2772.0, 'wait_priority': 5852.0, 'task': 3}, {'task_id': 3, 'op_id': 1000008594, 'op': 'COPY_OUT', 'subgraph_id': 28, 'pipe': 'PIPE_MTE3', 'start': 17459, 'end': 20539, 'duration': 3080, 'core_id': 3, 'size_bytes': 18432, 'path': 'DDR', 'nominal_cycles': 308, 'duration_excess': 2772, 'original_tensors': [1000000454], 'slack': 0, 'congestion_exposure': 2772.0, 'wait_priority': 5852.0, 'task': 3}, {'task_id': 3, 'op_id': 1000008734, 'op': 'COPY_OUT', 'subgraph_id': 34, 'pipe': 'PIPE_MTE3', 'start': 20539, 'end': 23619, 'duration': 3080, 'core_id': 3, 'size_bytes': 18432, 'path': 'DDR', 'nominal_cycles': 308, 'duration_excess': 2772, 'original_tensors': [1000000534], 'slack': 0, 'congestion_exposure': 2772.0, 'wait_priority': 5852.0, 'task': 3}, {'task_id': 3, 'op_id': 1000008874, 'op': 'COPY_OUT', 'subgraph_id': 39, 'pipe': 'PIPE_MTE3', 'start': 23619, 'end': 26699, 'duration': 3080, 'core_id': 3, 'size_bytes': 18432, 'path': 'DDR', 'nominal_cycles': 308, 'duration_excess': 2772, 'original_tensors': [1000000614], 'slack': 0, 'congestion_exposure': 2772.0, 'wait_priority': 5852.0, 'task': 3}], 'compile_seconds': 3.9535885700024664, 'limitations': 'Observed durations include dynamic contention; chain/slack and projected residency are ranking diagnostics, not removable-delay certificates.'}",,,,,
case_095_p2_n5,case_095,2,5,existing_regression,persistent,23,visit,/home/konglingrui/.mathmodel/questionA/真机启发算法攻坚/A题研究/直接迭代/运行结果/持续联合冲刺_20260926/正式75配置_6并发/configurations/case_095_p2_n5/persistent/attempt_001/evaluations/attempts/20260926T125520-5115a461459a4b538d04a93461bfc195/record.json,joint,,2,/home/konglingrui/.mathmodel/questionA/真机启发算法攻坚/A题研究/直接迭代/运行结果/持续联合冲刺_20260926/正式75配置_6并发/configurations/case_095_p2_n5/persistent/attempt_001/evaluations/attempts/20260926T125603-d699bf7707e84069a2b92ec582d0c987/record.json,0,1,False,False,False,success,,,,,,,,
case_095_p2_n5,case_095,2,5,existing_regression,persistent,24,visit,/home/konglingrui/.mathmodel/questionA/真机启发算法攻坚/A题研究/直接迭代/运行结果/持续联合冲刺_20260926/正式75配置_6并发/configurations/case_095_p2_n5/persistent/attempt_001/evaluations/attempts/20260926T125512-e6ccc17c7a9e4db3a46e84f557232366/record.json,insertion,,0,/home/konglingrui/.mathmodel/questionA/真机启发算法攻坚/A题研究/直接迭代/运行结果/持续联合冲刺_20260926/正式75配置_6并发/configurations/case_095_p2_n5/persistent/attempt_001/evaluations/attempts/20260926T125606-57216b50b7db4a5eb591827c3b2f8f00/record.json,0,1,False,False,True,success,,,,,,,,
case_095_p2_n5,case_095,2,5,existing_regression,persistent,25,advance_alternate,/home/konglingrui/.mathmodel/questionA/真机启发算法攻坚/A题研究/直接迭代/运行结果/持续联合冲刺_20260926/正式75配置_6并发/configurations/case_095_p2_n5/persistent/attempt_001/evaluations/attempts/20260926T125547-a4b0904664c6473c8a397f9822faf1e6/record.json,insertion,,1,/home/konglingrui/.mathmodel/questionA/真机启发算法攻坚/A题研究/直接迭代/运行结果/持续联合冲刺_20260926/正式75配置_6并发/configurations/case_095_p2_n5/persistent/attempt_001/evaluations/attempts/20260926T125609-aa881562e83e4e5aa97ba6bfbe4ee50d/record.json,,2,,,,,,5,,,,,,
case_095_p2_n5,case_095,2,5,existing_regression,persistent,26,visit,/home/konglingrui/.mathmodel/questionA/真机启发算法攻坚/A题研究/直接迭代/运行结果/持续联合冲刺_20260926/正式75配置_6并发/configurations/case_095_p2_n5/persistent/attempt_001/evaluations/attempts/20260926T125547-a4b0904664c6473c8a397f9822faf1e6/record.json,insertion,,1,/home/konglingrui/.mathmodel/questionA/真机启发算法攻坚/A题研究/直接迭代/运行结果/持续联合冲刺_20260926/正式75配置_6并发/configurations/case_095_p2_n5/persistent/attempt_001/evaluations/attempts/20260926T125609-aa881562e83e4e5aa97ba6bfbe4ee50d/record.json,0,1,True,False,True,success,,,,,,,,
case_095_p2_n5,case_095,2,5,existing_regression,persistent,27,visit,/home/konglingrui/.mathmodel/questionA/真机启发算法攻坚/A题研究/直接迭代/运行结果/持续联合冲刺_20260926/正式75配置_6并发/configurations/case_095_p2_n5/persistent/attempt_001/evaluations/attempts/20260926T125520-5115a461459a4b538d04a93461bfc195/record.json,trace,,2,/home/konglingrui/.mathmodel/questionA/真机启发算法攻坚/A题研究/直接迭代/运行结果/持续联合冲刺_20260926/正式75配置_6并发/configurations/case_095_p2_n5/persistent/attempt_001/evaluations/attempts/20260926T125612-a48ef5e27f734a7999cf917cc02a55ea/record.json,0,1,False,False,False,success,,,,,,,,
case_095_p2_n5,case_095,2,5,existing_regression,persistent,28,visit,/home/konglingrui/.mathmodel/questionA/真机启发算法攻坚/A题研究/直接迭代/运行结果/持续联合冲刺_20260926/正式75配置_6并发/configurations/case_095_p2_n5/persistent/attempt_001/evaluations/attempts/20260926T125457-e250d60f30614e989daf545e306f8886/record.json,joint,,0,/home/konglingrui/.mathmodel/questionA/真机启发算法攻坚/A题研究/直接迭代/运行结果/持续联合冲刺_20260926/正式75配置_6并发/configurations/case_095_p2_n5/persistent/attempt_001/evaluations/attempts/20260926T125616-ff377fba6d734a40b9106dc8a7afd7c1/record.json,0,0,False,False,False,success,,,,,,,,
case_095_p2_n5,case_095,2,5,existing_regression,persistent,29,visit,/home/konglingrui/.mathmodel/questionA/真机启发算法攻坚/A题研究/直接迭代/运行结果/持续联合冲刺_20260926/正式75配置_6并发/configurations/case_095_p2_n5/persistent/attempt_001/evaluations/attempts/20260926T125513-7b3e0f74d7e14387b4f5626379f544ff/record.json,joint,,1,/home/konglingrui/.mathmodel/questionA/真机启发算法攻坚/A题研究/直接迭代/运行结果/持续联合冲刺_20260926/正式75配置_6并发/configurations/case_095_p2_n5/persistent/attempt_001/evaluations/attempts/20260926T125618-f6411a41cef14265a2ef14b2b28f5532/record.json,0,1,False,False,False,success,,,,,,,,
case_095_p2_n5,case_095,2,5,existing_regression,persistent,30,advance,/home/konglingrui/.mathmodel/questionA/真机启发算法攻坚/A题研究/直接迭代/运行结果/持续联合冲刺_20260926/正式75配置_6并发/configurations/case_095_p2_n5/persistent/attempt_001/evaluations/attempts/20260926T125520-5115a461459a4b538d04a93461bfc195/record.json,joint,,2,/home/konglingrui/.mathmodel/questionA/真机启发算法攻坚/A题研究/直接迭代/运行结果/持续联合冲刺_20260926/正式75配置_6并发/configurations/case_095_p2_n5/persistent/attempt_001/evaluations/attempts/20260926T125622-c8d6d4e8ee4a4c0b96b635d1797d35c0/record.json,,2,,,,,False,6,,,,,,
case_095_p2_n5,case_095,2,5,existing_regression,persistent,31,visit,/home/konglingrui/.mathmodel/questionA/真机启发算法攻坚/A题研究/直接迭代/运行结果/持续联合冲刺_20260926/正式75配置_6并发/configurations/case_095_p2_n5/persistent/attempt_001/evaluations/attempts/20260926T125520-5115a461459a4b538d04a93461bfc195/record.json,joint,,2,/home/konglingrui/.mathmodel/questionA/真机启发算法攻坚/A题研究/直接迭代/运行结果/持续联合冲刺_20260926/正式75配置_6并发/configurations/case_095_p2_n5/persistent/attempt_001/evaluations/attempts/20260926T125622-c8d6d4e8ee4a4c0b96b635d1797d35c0/record.json,0,1,True,False,False,success,,,,,,,,
case_095_p2_n5,case_095,2,5,existing_regression,persistent,32,admit,,,,0,/home/konglingrui/.mathmodel/questionA/真机启发算法攻坚/A题研究/直接迭代/运行结果/持续联合冲刺_20260926/正式75配置_6并发/configurations/case_095_p2_n5/persistent/attempt_001/evaluations/attempts/20260926T125457-e250d60f30614e989daf545e306f8886/record.json,,,,,,,,,,2,whole_component_interleave,,,
case_095_p2_n5,case_095,2,5,existing_regression,persistent,33,admit,,,,1,/home/konglingrui/.mathmodel/questionA/真机启发算法攻坚/A题研究/直接迭代/运行结果/持续联合冲刺_20260926/正式75配置_6并发/configurations/case_095_p2_n5/persistent/attempt_001/evaluations/attempts/20260926T125459-bc64f9485f4c4c6e864063854ad61251/record.json,,,,,,,,,,2,critical_w100_control,,,
case_095_p2_n5,case_095,2,5,existing_regression,persistent,34,admit,,,,2,/home/konglingrui/.mathmodel/questionA/真机启发算法攻坚/A题研究/直接迭代/运行结果/持续联合冲刺_20260926/正式75配置_6并发/configurations/case_095_p2_n5/persistent/attempt_001/evaluations/attempts/20260926T125506-b914b254da294e019c4137d2ece063c8/record.json,,,,,,,,,,2,critical_w200_joint,,,
case_047_p3_n3,case_047,3,3,core_regression,legacy,1,legacy_visit,/home/konglingrui/.mathmodel/questionA/真机启发算法攻坚/A题研究/直接迭代/运行结果/持续联合冲刺_20260926/正式75配置_6并发/configurations/case_047_p3_n3/legacy/attempt_001/evaluations/attempts/20260926T130446-c213aa55ba4646eba9ace4d9b5f5074c/record.json,legacy,False,,,,,,,,,,,,,,,,
case_047_p3_n3,case_047,3,3,core_regression,legacy,2,legacy_visit,/home/konglingrui/.mathmodel/questionA/真机启发算法攻坚/A题研究/直接迭代/运行结果/持续联合冲刺_20260926/正式75配置_6并发/configurations/case_047_p3_n3/legacy/attempt_001/evaluations/attempts/20260926T130507-7f80dab944344b02bf6cd0fc0058add9/record.json,region,False,,,,,,,,,,,,,,,,
case_047_p3_n3,case_047,3,3,core_regression,legacy,3,legacy_visit,/home/konglingrui/.mathmodel/questionA/真机启发算法攻坚/A题研究/直接迭代/运行结果/持续联合冲刺_20260926/正式75配置_6并发/configurations/case_047_p3_n3/legacy/attempt_001/evaluations/attempts/20260926T130516-d3f82cc6378149d7a6b542b6ec3b8f52/record.json,legacy,False,,,,,,,,,,,,,,,,
case_047_p3_n3,case_047,3,3,core_regression,legacy,4,legacy_visit,/home/konglingrui/.mathmodel/questionA/真机启发算法攻坚/A题研究/直接迭代/运行结果/持续联合冲刺_20260926/正式75配置_6并发/configurations/case_047_p3_n3/legacy/attempt_001/evaluations/attempts/20260926T130446-c213aa55ba4646eba9ace4d9b5f5074c/record.json,region,True,,,,,,,,,,,,,,,,
case_047_p3_n3,case_047,3,3,core_regression,legacy,5,legacy_visit,/home/konglingrui/.mathmodel/questionA/真机启发算法攻坚/A题研究/直接迭代/运行结果/持续联合冲刺_20260926/正式75配置_6并发/configurations/case_047_p3_n3/legacy/attempt_001/evaluations/attempts/20260926T130626-6461343988f2417b878db3676d235e19/record.json,region,True,,,,,,,,,,,,,,,,
case_047_p3_n3,case_047,3,3,core_regression,legacy,6,legacy_visit,/home/konglingrui/.mathmodel/questionA/真机启发算法攻坚/A题研究/直接迭代/运行结果/持续联合冲刺_20260926/正式75配置_6并发/configurations/case_047_p3_n3/legacy/attempt_001/evaluations/attempts/20260926T130659-01774f9b97dd437aa84caf419b5c0691/record.json,legacy,False,,,,,,,,,,,,,,,,
case_047_p3_n3,case_047,3,3,core_regression,legacy,7,legacy_visit,/home/konglingrui/.mathmodel/questionA/真机启发算法攻坚/A题研究/直接迭代/运行结果/持续联合冲刺_20260926/正式75配置_6并发/configurations/case_047_p3_n3/legacy/attempt_001/evaluations/attempts/20260926T130659-01774f9b97dd437aa84caf419b5c0691/record.json,region,False,,,,,,,,,,,,,,,,
case_047_p3_n3,case_047,3,3,core_regression,persistent,1,observe,/home/konglingrui/.mathmodel/questionA/真机启发算法攻坚/A题研究/直接迭代/运行结果/持续联合冲刺_20260926/正式75配置_6并发/configurations/case_047_p3_n3/persistent/attempt_001/evaluations/attempts/20260926T125823-5a1691207b754f1dbfec26fb31051612/record.json,,,,,,0,,,,,,,"{'makespan': 108690, 'official_copy': {'original_graph_copy_bytes': 463942, 'scheduled_copy_bytes': 2024690, 'added_copy_bytes': 1560748, 'partition_added_copy_bytes': 1560748, 'spill_added_copy_bytes': 0}, 'path_bytes': {'DDR': 1577062, 'CACHE_READ': 447628}, 'nominal_pool_work_cycles': {'DDR': 27942, 'CACHE_READ': 2232}, 'pool_occupancy': {'DDR': {'busy_cycles': 27942, 'overlap_cycles': 8140, 'peak_concurrent': 5}, 'CACHE_READ': {'busy_cycles': 2232, 'overlap_cycles': 56, 'peak_concurrent': 2}}, 'projected_live_peak': {'0:L1': 27136, '0:UB': 23972, '1:L1': 28352, '1:UB': 24132, '2:L1': 25344, '2:UB': 24388}, 'projected_live_byte_cycles': {'0:L1': 1213300864, '0:UB': 1158467120, '1:L1': 869974144, '1:UB': 965861288, '2:L1': 877824448, '2:UB': 1026093890}, 'memory_dependency_count': 33383, 'critical_chain_ops': 3761, 'critical_chain_memory_edges': 0, 'top_copy_waits': [{'task_id': 0, 'op_id': 1000015844, 'op': 'COPY_IN', 'subgraph_id': 121, 'pipe': 'PIPE_MTE2', 'start': 1264, 'end': 1394, 'duration': 130, 'memory_path': 'DDR', 'cache_hit': False, 'cache_tensor_id': 1000004292, 'core_id': 0, 'size_bytes': 2048, 'path': 'DDR', 'nominal_cycles': 35, 'duration_excess': 95, 'original_tensors': [1000004292], 'slack': 0, 'congestion_exposure': 95.43333333333332, 'wait_priority': 225.43333333333334, 'task': 0}, {'task_id': 0, 'op_id': 1000014849, 'op': 'COPY_IN', 'subgraph_id': 115, 'pipe': 'PIPE_MTE2', 'start': 1018, 'end': 1146, 'duration': 128, 'memory_path': 'DDR', 'cache_hit': False, 'cache_tensor_id': 1000001452, 'core_id': 0, 'size_bytes': 2048, 'path': 'DDR', 'nominal_cycles': 35, 'duration_excess': 93, 'original_tensors': [1000001452], 'slack': 0, 'congestion_exposure': 93.21666666666667, 'wait_priority': 221.21666666666667, 'task': 0}, {'task_id': 0, 'op_id': 1000015922, 'op': 'COPY_IN', 'subgraph_id': 136, 'pipe': 'PIPE_MTE2', 'start': 1602, 'end': 1721, 'duration': 119, 'memory_path': 'DDR', 'cache_hit': False, 'cache_tensor_id': 1000004321, 'core_id': 0, 'size_bytes': 2048, 'path': 'DDR', 'nominal_cycles': 35, 'duration_excess': 84, 'original_tensors': [1000004321], 'slack': 0, 'congestion_exposure': 84.33333333333333, 'wait_priority': 203.33333333333331, 'task': 0}, {'task_id': 0, 'op_id': 1000014921, 'op': 'COPY_IN', 'subgraph_id': 117, 'pipe': 'PIPE_MTE2', 'start': 1146, 'end': 1264, 'duration': 118, 'memory_path': 'DDR', 'cache_hit': False, 'cache_tensor_id': 1000001481, 'core_id': 0, 'size_bytes': 2048, 'path': 'DDR', 'nominal_cycles': 35, 'duration_excess': 83, 'original_tensors': [1000001481], 'slack': 0, 'congestion_exposure': 83.5, 'wait_priority': 201.5, 'task': 0}, {'task_id': 0, 'op_id': 1000015852, 'op': 'COPY_IN', 'subgraph_id': 126, 'pipe': 'PIPE_MTE2', 'start': 1394, 'end': 1511, 'duration': 117, 'memory_path': 'DDR', 'cache_hit': False, 'cache_tensor_id': 1000004295, 'core_id': 0, 'size_bytes': 2048, 'path': 'DDR', 'nominal_cycles': 35, 'duration_excess': 82, 'original_tensors': [1000004295], 'slack': 0, 'congestion_exposure': 82.25000000000001, 'wait_priority': 199.25, 'task': 0}, {'task_id': 1, 'op_id': 1000015430, 'op': 'COPY_IN', 'subgraph_id': 4112, 'pipe': 'PIPE_MTE2', 'start': 29323, 'end': 29461, 'duration': 138, 'memory_path': 'DDR', 'cache_hit': False, 'cache_tensor_id': 1000002894, 'core_id': 1, 'size_bytes': 4096, 'path': 'DDR', 'nominal_cycles': 69, 'duration_excess': 69, 'original_tensors': [1000002894], 'slack': 480, 'congestion_exposure': 69.0, 'wait_priority': 180.43812655385358, 'task': 1}, {'task_id': 0, 'op_id': 1000014306, 'op': 'COPY_IN', 'subgraph_id': 8, 'pipe': 'PIPE_MTE2', 'start': 109, 'end': 218, 'duration': 109, 'memory_path': 'DDR', 'cache_hit': False, 'cache_tensor_id': 1000000023, 'core_id': 0, 'size_bytes': 2048, 'path': 'DDR', 'nominal_cycles': 35, 'duration_excess': 74, 'original_tensors': [1000000023], 'slack': 143, 'congestion_exposure': 74.0, 'wait_priority': 175.31160208008933, 'task': 0}, {'task_id': 2, 'op_id': 1000014322, 'op': 'COPY_IN', 'subgraph_id': 27, 'pipe': 'PIPE_MTE2', 'start': 36, 'end': 141, 'duration': 105, 'memory_path': 'DDR', 'cache_hit': False, 'cache_tensor_id': 1000000029, 'core_id': 2, 'size_bytes': 2048, 'path': 'DDR', 'nominal_cycles': 35, 'duration_excess': 70, 'original_tensors': [1000000029], 'slack': 202, 'congestion_exposure': 69.83333333333333, 'wait_priority': 164.63425939295925, 'task': 2}, {'task_id': 2, 'op_id': 1000014394, 'op': 'COPY_IN', 'subgraph_id': 44, 'pipe': 'PIPE_MTE2', 'start': 141, 'end': 253, 'duration': 112, 'memory_path': 'DDR', 'cache_hit': False, 'cache_tensor_id': 1000000058, 'core_id': 2, 'size_bytes': 2048, 'path': 'DDR', 'nominal_cycles': 35, 'duration_excess': 77, 'original_tensors': [1000000058], 'slack': 648, 'congestion_exposure': 77.08333333333334, 'wait_priority': 157.73633816870057, 'task': 2}, {'task_id': 0, 'op_id': 1000015428, 'op': 'COPY_IN', 'subgraph_id': 4179, 'pipe': 'PIPE_MTE2', 'start': 29369, 'end': 29502, 'duration': 133, 'memory_path': 'DDR', 'cache_hit': False, 'cache_tensor_id': 1000002894, 'core_id': 0, 'size_bytes': 4096, 'path': 'DDR', 'nominal_cycles': 69, 'duration_excess': 64, 'original_tensors': [1000002894], 'slack': 1093, 'congestion_exposure': 64.0, 'wait_priority': 147.54298642533936, 'task': 0}, {'task_id': 2, 'op_id': 1000014414, 'op': 'COPY_IN', 'subgraph_id': 1669, 'pipe': 'PIPE_MTE2', 'start': 11926, 'end': 12042, 'duration': 116, 'memory_path': 'DDR', 'cache_hit': False, 'cache_tensor_id': 1000000079, 'core_id': 2, 'size_bytes': 4096, 'path': 'DDR', 'nominal_cycles': 69, 'duration_excess': 47, 'original_tensors': [1000000079], 'slack': 389, 'congestion_exposure': 47.0, 'wait_priority': 145.62679124311586, 'task': 2}, {'task_id': 1, 'op_id': 1000016450, 'op': 'COPY_IN', 'subgraph_id': 6975, 'pipe': 'PIPE_MTE2', 'start': 53405, 'end': 53510, 'duration': 105, 'memory_path': 'DDR', 'cache_hit': False, 'cache_tensor_id': 1000005769, 'core_id': 1, 'size_bytes': 4096, 'path': 'DDR', 'nominal_cycles': 69, 'duration_excess': 36, 'original_tensors': [1000005769], 'slack': 142, 'congestion_exposure': 36.0, 'wait_priority': 135.11584917859346, 'task': 1}, {'task_id': 1, 'op_id': 1000017456, 'op': 'COPY_IN', 'subgraph_id': 9677, 'pipe': 'PIPE_MTE2', 'start': 75198, 'end': 75303, 'duration': 105, 'memory_path': 'DDR', 'cache_hit': False, 'cache_tensor_id': 1000008615, 'core_id': 1, 'size_bytes': 4096, 'path': 'DDR', 'nominal_cycles': 69, 'duration_excess': 36, 'original_tensors': [1000008615], 'slack': 142, 'congestion_exposure': 36.0, 'wait_priority': 135.11584917859346, 'task': 1}, {'task_id': 1, 'op_id': 1000018462, 'op': 'COPY_IN', 'subgraph_id': 12379, 'pipe': 'PIPE_MTE2', 'start': 96991, 'end': 97096, 'duration': 105, 'memory_path': 'DDR', 'cache_hit': False, 'cache_tensor_id': 1000011461, 'core_id': 1, 'size_bytes': 4096, 'path': 'DDR', 'nominal_cycles': 69, 'duration_excess': 36, 'original_tensors': [1000011461], 'slack': 142, 'congestion_exposure': 36.0, 'wait_priority': 135.11584917859346, 'task': 1}, {'task_id': 2, 'op_id': 1000015947, 'op': 'COPY_IN', 'subgraph_id': 5624, 'pipe': 'PIPE_MTE2', 'start': 42504, 'end': 42609, 'duration': 105, 'memory_path': 'DDR', 'cache_hit': False, 'cache_tensor_id': 1000004346, 'core_id': 2, 'size_bytes': 4096, 'path': 'DDR', 'nominal_cycles': 69, 'duration_excess': 36, 'original_tensors': [1000004346], 'slack': 155, 'congestion_exposure': 36.0, 'wait_priority': 134.60160435635447, 'task': 2}, {'task_id': 2, 'op_id': 1000016953, 'op': 'COPY_IN', 'subgraph_id': 8326, 'pipe': 'PIPE_MTE2', 'start': 64297, 'end': 64402, 'duration': 105, 'memory_path': 'DDR', 'cache_hit': False, 'cache_tensor_id': 1000007192, 'core_id': 2, 'size_bytes': 4096, 'path': 'DDR', 'nominal_cycles': 69, 'duration_excess': 36, 'original_tensors': [1000007192], 'slack': 155, 'congestion_exposure': 36.0, 'wait_priority': 134.60160435635447, 'task': 2}, {'task_id': 2, 'op_id': 1000017959, 'op': 'COPY_IN', 'subgraph_id': 11028, 'pipe': 'PIPE_MTE2', 'start': 86090, 'end': 86195, 'duration': 105, 'memory_path': 'DDR', 'cache_hit': False, 'cache_tensor_id': 1000010038, 'core_id': 2, 'size_bytes': 4096, 'path': 'DDR', 'nominal_cycles': 69, 'duration_excess': 36, 'original_tensors': [1000010038], 'slack': 155, 'congestion_exposure': 36.0, 'wait_priority': 134.60160435635447, 'task': 2}, {'task_id': 1, 'op_id': 1000014314, 'op': 'COPY_IN', 'subgraph_id': 15, 'pipe': 'PIPE_MTE2', 'start': 221, 'end': 304, 'duration': 83, 'memory_path': 'DDR', 'cache_hit': False, 'cache_tensor_id': 1000000026, 'core_id': 1, 'size_bytes': 2048, 'path': 'DDR', 'nominal_cycles': 35, 'duration_excess': 48, 'original_tensors': [1000000026], 'slack': 0, 'congestion_exposure': 48.333333333333336, 'wait_priority': 131.33333333333334, 'task': 1}, {'task_id': 0, 'op_id': 1000014384, 'op': 'COPY_IN', 'subgraph_id': 21, 'pipe': 'PIPE_MTE2', 'start': 218, 'end': 303, 'duration': 85, 'memory_path': 'DDR', 'cache_hit': False, 'cache_tensor_id': 1000000052, 'core_id': 0, 'size_bytes': 2048, 'path': 'DDR', 'nominal_cycles': 35, 'duration_excess': 50, 'original_tensors': [1000000052], 'slack': 143, 'congestion_exposure': 50.16666666666667, 'wait_priority': 129.48789552545762, 'task': 0}, {'task_id': 0, 'op_id': 1000015860, 'op': 'COPY_IN', 'subgraph_id': 423, 'pipe': 'PIPE_MTE2', 'start': 3044, 'end': 3133, 'duration': 89, 'memory_path': 'DDR', 'cache_hit': False, 'cache_tensor_id': 1000004298, 'core_id': 0, 'size_bytes': 2048, 'path': 'DDR', 'nominal_cycles': 35, 'duration_excess': 54, 'original_tensors': [1000004298], 'slack': 387, 'congestion_exposure': 53.833333333333336, 'wait_priority': 127.67953779093678, 'task': 0}], 'compile_seconds': 7.847066128015285, 'limitations': 'Observed durations include dynamic contention; chain/slack and projected residency are ranking diagnostics, not removable-delay certificates.'}",,,,,
case_047_p3_n3,case_047,3,3,core_regression,persistent,2,advance,/home/konglingrui/.mathmodel/questionA/真机启发算法攻坚/A题研究/直接迭代/运行结果/持续联合冲刺_20260926/正式75配置_6并发/configurations/case_047_p3_n3/persistent/attempt_001/evaluations/attempts/20260926T125823-5a1691207b754f1dbfec26fb31051612/record.json,joint,,0,/home/konglingrui/.mathmodel/questionA/真机启发算法攻坚/A题研究/直接迭代/运行结果/持续联合冲刺_20260926/正式75配置_6并发/configurations/case_047_p3_n3/persistent/attempt_001/evaluations/attempts/20260926T125849-a0441825f07d49aaa183e2c5432b1718/record.json,,1,,,,,True,1,,,,,,
case_047_p3_n3,case_047,3,3,core_regression,persistent,3,visit,/home/konglingrui/.mathmodel/questionA/真机启发算法攻坚/A题研究/直接迭代/运行结果/持续联合冲刺_20260926/正式75配置_6并发/configurations/case_047_p3_n3/persistent/attempt_001/evaluations/attempts/20260926T125823-5a1691207b754f1dbfec26fb31051612/record.json,joint,,0,/home/konglingrui/.mathmodel/questionA/真机启发算法攻坚/A题研究/直接迭代/运行结果/持续联合冲刺_20260926/正式75配置_6并发/configurations/case_047_p3_n3/persistent/attempt_001/evaluations/attempts/20260926T125849-a0441825f07d49aaa183e2c5432b1718/record.json,1,0,True,True,False,success,,,,,,,,
case_047_p3_n3,case_047,3,3,core_regression,persistent,4,advance,/home/konglingrui/.mathmodel/questionA/真机启发算法攻坚/A题研究/直接迭代/运行结果/持续联合冲刺_20260926/正式75配置_6并发/configurations/case_047_p3_n3/persistent/attempt_001/evaluations/attempts/20260926T125759-68258ad99a904fe4ad902d3d44a30573/record.json,insertion,,1,/home/konglingrui/.mathmodel/questionA/真机启发算法攻坚/A题研究/直接迭代/运行结果/持续联合冲刺_20260926/正式75配置_6并发/configurations/case_047_p3_n3/persistent/attempt_001/evaluations/attempts/20260926T125857-7bafd3663a4747efa6482d536a40dc4c/record.json,,1,,,,,False,1,,,,,,
case_047_p3_n3,case_047,3,3,core_regression,persistent,5,visit,/home/konglingrui/.mathmodel/questionA/真机启发算法攻坚/A题研究/直接迭代/运行结果/持续联合冲刺_20260926/正式75配置_6并发/configurations/case_047_p3_n3/persistent/attempt_001/evaluations/attempts/20260926T125759-68258ad99a904fe4ad902d3d44a30573/record.json,insertion,,1,/home/konglingrui/.mathmodel/questionA/真机启发算法攻坚/A题研究/直接迭代/运行结果/持续联合冲刺_20260926/正式75配置_6并发/configurations/case_047_p3_n3/persistent/attempt_001/evaluations/attempts/20260926T125857-7bafd3663a4747efa6482d536a40dc4c/record.json,1,0,True,False,False,success,,,,,,,,
case_047_p3_n3,case_047,3,3,core_regression,persistent,6,advance,/home/konglingrui/.mathmodel/questionA/真机启发算法攻坚/A题研究/直接迭代/运行结果/持续联合冲刺_20260926/正式75配置_6并发/configurations/case_047_p3_n3/persistent/attempt_001/evaluations/attempts/20260926T125808-ab926d1ceaaa4f6a9c848743ef65da4b/record.json,insertion,,2,/home/konglingrui/.mathmodel/questionA/真机启发算法攻坚/A题研究/直接迭代/运行结果/持续联合冲刺_20260926/正式75配置_6并发/configurations/case_047_p3_n3/persistent/attempt_001/evaluations/attempts/20260926T125906-836777aac3e0459faa24535570e61c75/record.json,,1,,,,,False,1,,,,,,
case_047_p3_n3,case_047,3,3,core_regression,persistent,7,visit,/home/konglingrui/.mathmodel/questionA/真机启发算法攻坚/A题研究/直接迭代/运行结果/持续联合冲刺_20260926/正式75配置_6并发/configurations/case_047_p3_n3/persistent/attempt_001/evaluations/attempts/20260926T125808-ab926d1ceaaa4f6a9c848743ef65da4b/record.json,insertion,,2,/home/konglingrui/.mathmodel/questionA/真机启发算法攻坚/A题研究/直接迭代/运行结果/持续联合冲刺_20260926/正式75配置_6并发/configurations/case_047_p3_n3/persistent/attempt_001/evaluations/attempts/20260926T125906-836777aac3e0459faa24535570e61c75/record.json,1,0,True,False,False,success,,,,,,,,
case_047_p3_n3,case_047,3,3,core_regression,persistent,8,advance,/home/konglingrui/.mathmodel/questionA/真机启发算法攻坚/A题研究/直接迭代/运行结果/持续联合冲刺_20260926/正式75配置_6并发/configurations/case_047_p3_n3/persistent/attempt_001/evaluations/attempts/20260926T125849-a0441825f07d49aaa183e2c5432b1718/record.json,insertion,,0,/home/konglingrui/.mathmodel/questionA/真机启发算法攻坚/A题研究/直接迭代/运行结果/持续联合冲刺_20260926/正式75配置_6并发/configurations/case_047_p3_n3/persistent/attempt_001/evaluations/attempts/20260926T125917-e4dc8dee0d4e42ca8a9cc76008fd977a/record.json,,2,,,,,True,2,,,,,,
case_047_p3_n3,case_047,3,3,core_regression,persistent,9,visit,/home/konglingrui/.mathmodel/questionA/真机启发算法攻坚/A题研究/直接迭代/运行结果/持续联合冲刺_20260926/正式75配置_6并发/configurations/case_047_p3_n3/persistent/attempt_001/evaluations/attempts/20260926T125849-a0441825f07d49aaa183e2c5432b1718/record.json,insertion,,0,/home/konglingrui/.mathmodel/questionA/真机启发算法攻坚/A题研究/直接迭代/运行结果/持续联合冲刺_20260926/正式75配置_6并发/configurations/case_047_p3_n3/persistent/attempt_001/evaluations/attempts/20260926T125917-e4dc8dee0d4e42ca8a9cc76008fd977a/record.json,0,1,True,True,False,success,,,,,,,,
case_047_p3_n3,case_047,3,3,core_regression,persistent,10,observe,/home/konglingrui/.mathmodel/questionA/真机启发算法攻坚/A题研究/直接迭代/运行结果/持续联合冲刺_20260926/正式75配置_6并发/configurations/case_047_p3_n3/persistent/attempt_001/evaluations/attempts/20260926T125857-7bafd3663a4747efa6482d536a40dc4c/record.json,,,,,,1,,,,,,,"{'makespan': 277066, 'official_copy': {'original_graph_copy_bytes': 463942, 'scheduled_copy_bytes': 463942, 'added_copy_bytes': 0, 'partition_added_copy_bytes': 0, 'spill_added_copy_bytes': 0}, 'path_bytes': {'DDR': 463942}, 'nominal_pool_work_cycles': {'DDR': 7979}, 'pool_occupancy': {'DDR': {'busy_cycles': 7979, 'overlap_cycles': 0, 'peak_concurrent': 1}, 'CACHE_READ': {'busy_cycles': 0, 'overlap_cycles': 0, 'peak_concurrent': 0}}, 'projected_live_peak': {'0:L1': 192192, '0:UB': 72676}, 'projected_live_byte_cycles': {'0:L1': 27518149440, '0:UB': 9611821840}, 'memory_dependency_count': 36530, 'critical_chain_ops': 10368, 'critical_chain_memory_edges': 0, 'top_copy_waits': [{'task_id': 0, 'op_id': 1000014282, 'op': 'COPY_IN', 'subgraph_id': 5, 'pipe': 'PIPE_MTE2', 'start': 92, 'end': 127, 'duration': 35, 'memory_path': 'DDR', 'cache_hit': False, 'cache_tensor_id': 1000000023, 'core_id': 0, 'size_bytes': 2048, 'path': 'DDR', 'nominal_cycles': 35, 'duration_excess': 0, 'original_tensors': [1000000023], 'slack': 13, 'congestion_exposure': 0, 'wait_priority': 34.945345214042554, 'task': 0}, {'task_id': 0, 'op_id': 1000014284, 'op': 'COPY_IN', 'subgraph_id': 7, 'pipe': 'PIPE_MTE2', 'start': 145, 'end': 180, 'duration': 35, 'memory_path': 'DDR', 'cache_hit': False, 'cache_tensor_id': 1000000026, 'core_id': 0, 'size_bytes': 2048, 'path': 'DDR', 'nominal_cycles': 35, 'duration_excess': 0, 'original_tensors': [1000000026], 'slack': 369, 'congestion_exposure': 0, 'wait_priority': 33.51226474430307, 'task': 0}, {'task_id': 0, 'op_id': 1000014286, 'op': 'COPY_IN', 'subgraph_id': 21, 'pipe': 'PIPE_MTE2', 'start': 250, 'end': 285, 'duration': 35, 'memory_path': 'DDR', 'cache_hit': False, 'cache_tensor_id': 1000000029, 'core_id': 0, 'size_bytes': 2048, 'path': 'DDR', 'nominal_cycles': 35, 'duration_excess': 0, 'original_tensors': [1000000029], 'slack': 369, 'congestion_exposure': 0, 'wait_priority': 33.51226474430307, 'task': 0}, {'task_id': 0, 'op_id': 1000014308, 'op': 'COPY_IN', 'subgraph_id': 12, 'pipe': 'PIPE_MTE2', 'start': 180, 'end': 215, 'duration': 35, 'memory_path': 'DDR', 'cache_hit': False, 'cache_tensor_id': 1000000052, 'core_id': 0, 'size_bytes': 2048, 'path': 'DDR', 'nominal_cycles': 35, 'duration_excess': 0, 'original_tensors': [1000000052], 'slack': 369, 'congestion_exposure': 0, 'wait_priority': 33.51226474430307, 'task': 0}, {'task_id': 0, 'op_id': 1000014310, 'op': 'COPY_IN', 'subgraph_id': 14, 'pipe': 'PIPE_MTE2', 'start': 215, 'end': 250, 'duration': 35, 'memory_path': 'DDR', 'cache_hit': False, 'cache_tensor_id': 1000000055, 'core_id': 0, 'size_bytes': 2048, 'path': 'DDR', 'nominal_cycles': 35, 'duration_excess': 0, 'original_tensors': [1000000055], 'slack': 369, 'congestion_exposure': 0, 'wait_priority': 33.51226474430307, 'task': 0}, {'task_id': 0, 'op_id': 1000014312, 'op': 'COPY_IN', 'subgraph_id': 29, 'pipe': 'PIPE_MTE2', 'start': 285, 'end': 320, 'duration': 35, 'memory_path': 'DDR', 'cache_hit': False, 'cache_tensor_id': 1000000058, 'core_id': 0, 'size_bytes': 2048, 'path': 'DDR', 'nominal_cycles': 35, 'duration_excess': 0, 'original_tensors': [1000000058], 'slack': 369, 'congestion_exposure': 0, 'wait_priority': 33.51226474430307, 'task': 0}, {'task_id': 0, 'op_id': 1000014334, 'op': 'COPY_IN', 'subgraph_id': 43, 'pipe': 'PIPE_MTE2', 'start': 321, 'end': 356, 'duration': 35, 'memory_path': 'DDR', 'cache_hit': False, 'cache_tensor_id': 1000001446, 'core_id': 0, 'size_bytes': 2048, 'path': 'DDR', 'nominal_cycles': 35, 'duration_excess': 0, 'original_tensors': [1000001446], 'slack': 803, 'congestion_exposure': 0, 'wait_priority': 31.916614188950497, 'task': 0}, {'task_id': 0, 'op_id': 1000014336, 'op': 'COPY_IN', 'subgraph_id': 45, 'pipe': 'PIPE_MTE2', 'start': 356, 'end': 391, 'duration': 35, 'memory_path': 'DDR', 'cache_hit': False, 'cache_tensor_id': 1000001449, 'core_id': 0, 'size_bytes': 2048, 'path': 'DDR', 'nominal_cycles': 35, 'duration_excess': 0, 'original_tensors': [1000001449], 'slack': 803, 'congestion_exposure': 0, 'wait_priority': 31.916614188950497, 'task': 0}, {'task_id': 0, 'op_id': 1000014338, 'op': 'COPY_IN', 'subgraph_id': 52, 'pipe': 'PIPE_MTE2', 'start': 461, 'end': 496, 'duration': 35, 'memory_path': 'DDR', 'cache_hit': False, 'cache_tensor_id': 1000001452, 'core_id': 0, 'size_bytes': 2048, 'path': 'DDR', 'nominal_cycles': 35, 'duration_excess': 0, 'original_tensors': [1000001452], 'slack': 803, 'congestion_exposure': 0, 'wait_priority': 31.916614188950497, 'task': 0}, {'task_id': 0, 'op_id': 1000014360, 'op': 'COPY_IN', 'subgraph_id': 47, 'pipe': 'PIPE_MTE2', 'start': 391, 'end': 426, 'duration': 35, 'memory_path': 'DDR', 'cache_hit': False, 'cache_tensor_id': 1000001475, 'core_id': 0, 'size_bytes': 2048, 'path': 'DDR', 'nominal_cycles': 35, 'duration_excess': 0, 'original_tensors': [1000001475], 'slack': 803, 'congestion_exposure': 0, 'wait_priority': 31.916614188950497, 'task': 0}, {'task_id': 0, 'op_id': 1000014362, 'op': 'COPY_IN', 'subgraph_id': 48, 'pipe': 'PIPE_MTE2', 'start': 426, 'end': 461, 'duration': 35, 'memory_path': 'DDR', 'cache_hit': False, 'cache_tensor_id': 1000001478, 'core_id': 0, 'size_bytes': 2048, 'path': 'DDR', 'nominal_cycles': 35, 'duration_excess': 0, 'original_tensors': [1000001478], 'slack': 803, 'congestion_exposure': 0, 'wait_priority': 31.916614188950497, 'task': 0}, {'task_id': 0, 'op_id': 1000014364, 'op': 'COPY_IN', 'subgraph_id': 61, 'pipe': 'PIPE_MTE2', 'start': 506, 'end': 541, 'duration': 35, 'memory_path': 'DDR', 'cache_hit': False, 'cache_tensor_id': 1000001481, 'core_id': 0, 'size_bytes': 2048, 'path': 'DDR', 'nominal_cycles': 35, 'duration_excess': 0, 'original_tensors': [1000001481], 'slack': 1081, 'congestion_exposure': 0, 'wait_priority': 30.971991849232086, 'task': 0}, {'task_id': 0, 'op_id': 1000014304, 'op': 'COPY_IN', 'subgraph_id': 1236, 'pipe': 'PIPE_MTE2', 'start': 2474, 'end': 2543, 'duration': 69, 'memory_path': 'DDR', 'cache_hit': False, 'cache_tensor_id': 1000000048, 'core_id': 0, 'size_bytes': 4096, 'path': 'DDR', 'nominal_cycles': 69, 'duration_excess': 0, 'original_tensors': [1000000048], 'slack': 20389, 'congestion_exposure': 0, 'wait_priority': 19.98282358302748, 'task': 0}, {'task_id': 0, 'op_id': 1000014260, 'op': 'COPY_IN', 'subgraph_id': 0, 'pipe': 'PIPE_MTE2', 'start': 0, 'end': 18, 'duration': 18, 'memory_path': 'DDR', 'cache_hit': False, 'cache_tensor_id': 1000000001, 'core_id': 0, 'size_bytes': 1024, 'path': 'DDR', 'nominal_cycles': 18, 'duration_excess': 0, 'original_tensors': [1000000001], 'slack': 0, 'congestion_exposure': 0, 'wait_priority': 18.0, 'task': 0}, {'task_id': 0, 'op_id': 1000014262, 'op': 'COPY_IN', 'subgraph_id': 1, 'pipe': 'PIPE_MTE2', 'start': 18, 'end': 36, 'duration': 18, 'memory_path': 'DDR', 'cache_hit': False, 'cache_tensor_id': 1000000003, 'core_id': 0, 'size_bytes': 1024, 'path': 'DDR', 'nominal_cycles': 18, 'duration_excess': 0, 'original_tensors': [1000000003], 'slack': 10, 'congestion_exposure': 0, 'wait_priority': 17.978370532012814, 'task': 0}, {'task_id': 0, 'op_id': 1000014264, 'op': 'COPY_IN', 'subgraph_id': 2, 'pipe': 'PIPE_MTE2', 'start': 36, 'end': 54, 'duration': 18, 'memory_path': 'DDR', 'cache_hit': False, 'cache_tensor_id': 1000000005, 'core_id': 0, 'size_bytes': 1024, 'path': 'DDR', 'nominal_cycles': 18, 'duration_excess': 0, 'original_tensors': [1000000005], 'slack': 13, 'congestion_exposure': 0, 'wait_priority': 17.971891824364743, 'task': 0}, {'task_id': 0, 'op_id': 1000014266, 'op': 'COPY_IN', 'subgraph_id': 3, 'pipe': 'PIPE_MTE2', 'start': 54, 'end': 72, 'duration': 18, 'memory_path': 'DDR', 'cache_hit': False, 'cache_tensor_id': 1000000007, 'core_id': 0, 'size_bytes': 1024, 'path': 'DDR', 'nominal_cycles': 18, 'duration_excess': 0, 'original_tensors': [1000000007], 'slack': 13, 'congestion_exposure': 0, 'wait_priority': 17.971891824364743, 'task': 0}, {'task_id': 0, 'op_id': 1000014268, 'op': 'COPY_IN', 'subgraph_id': 4, 'pipe': 'PIPE_MTE2', 'start': 72, 'end': 90, 'duration': 18, 'memory_path': 'DDR', 'cache_hit': False, 'cache_tensor_id': 1000000009, 'core_id': 0, 'size_bytes': 1024, 'path': 'DDR', 'nominal_cycles': 18, 'duration_excess': 0, 'original_tensors': [1000000009], 'slack': 13, 'congestion_exposure': 0, 'wait_priority': 17.971891824364743, 'task': 0}, {'task_id': 0, 'op_id': 1000014270, 'op': 'COPY_IN', 'subgraph_id': 6, 'pipe': 'PIPE_MTE2', 'start': 127, 'end': 145, 'duration': 18, 'memory_path': 'DDR', 'cache_hit': False, 'cache_tensor_id': 1000000011, 'core_id': 0, 'size_bytes': 1024, 'path': 'DDR', 'nominal_cycles': 18, 'duration_excess': 0, 'original_tensors': [1000000011], 'slack': 13, 'congestion_exposure': 0, 'wait_priority': 17.971891824364743, 'task': 0}, {'task_id': 0, 'op_id': 1000014306, 'op': 'COPY_IN', 'subgraph_id': 1402, 'pipe': 'PIPE_MTE2', 'start': 2579, 'end': 2648, 'duration': 69, 'memory_path': 'DDR', 'cache_hit': False, 'cache_tensor_id': 1000000050, 'core_id': 0, 'size_bytes': 4096, 'path': 'DDR', 'nominal_cycles': 69, 'duration_excess': 0, 'original_tensors': [1000000050], 'slack': 23864, 'congestion_exposure': 0, 'wait_priority': 17.824682262980023, 'task': 0}], 'compile_seconds': 8.298864020995097, 'limitations': 'Observed durations include dynamic contention; chain/slack and projected residency are ranking diagnostics, not removable-delay certificates.'}",,,,,
case_047_p3_n3,case_047,3,3,core_regression,persistent,11,visit,/home/konglingrui/.mathmodel/questionA/真机启发算法攻坚/A题研究/直接迭代/运行结果/持续联合冲刺_20260926/正式75配置_6并发/configurations/case_047_p3_n3/persistent/attempt_001/evaluations/attempts/20260926T125857-7bafd3663a4747efa6482d536a40dc4c/record.json,joint,,1,/home/konglingrui/.mathmodel/questionA/真机启发算法攻坚/A题研究/直接迭代/运行结果/持续联合冲刺_20260926/正式75配置_6并发/configurations/case_047_p3_n3/persistent/attempt_001/evaluations/attempts/20260926T125933-25ada893878c4c5f8445e3f135355680/record.json,0,1,False,False,False,success,,,,,,,,
case_047_p3_n3,case_047,3,3,core_regression,persistent,12,observe,/home/konglingrui/.mathmodel/questionA/真机启发算法攻坚/A题研究/直接迭代/运行结果/持续联合冲刺_20260926/正式75配置_6并发/configurations/case_047_p3_n3/persistent/attempt_001/evaluations/attempts/20260926T125906-836777aac3e0459faa24535570e61c75/record.json,,,,,,1,,,,,,,"{'makespan': 131307, 'official_copy': {'original_graph_copy_bytes': 463942, 'scheduled_copy_bytes': 4622514, 'added_copy_bytes': 4158572, 'partition_added_copy_bytes': 4158572, 'spill_added_copy_bytes': 0}, 'path_bytes': {'DDR': 4144296, 'CACHE_READ': 478218}, 'nominal_pool_work_cycles': {'DDR': 74734, 'CACHE_READ': 2462}, 'pool_occupancy': {'DDR': {'busy_cycles': 74734, 'overlap_cycles': 45204, 'peak_concurrent': 6}, 'CACHE_READ': {'busy_cycles': 2462, 'overlap_cycles': 126, 'peak_concurrent': 2}}, 'projected_live_peak': {'0:L1': 18496, '0:UB': 22148, '1:L1': 23744, '1:UB': 21316, '2:L1': 23296, '2:UB': 17316}, 'projected_live_byte_cycles': {'0:L1': 634545664, '0:UB': 816014508, '1:L1': 615067904, '1:UB': 850070398, '2:L1': 619275328, '2:UB': 905455030}, 'memory_dependency_count': 39367, 'critical_chain_ops': 2513, 'critical_chain_memory_edges': 0, 'top_copy_waits': [{'task_id': 2, 'op_id': 1000020989, 'op': 'COPY_IN', 'subgraph_id': 400, 'pipe': 'PIPE_MTE2', 'start': 3206, 'end': 3397, 'duration': 191, 'memory_path': 'DDR', 'cache_hit': False, 'cache_tensor_id': 1000005750, 'core_id': 2, 'size_bytes': 2048, 'path': 'DDR', 'nominal_cycles': 35, 'duration_excess': 156, 'original_tensors': [1000005750], 'slack': 101, 'congestion_exposure': 156.20000000000002, 'wait_priority': 338.52045116466724, 'task': 2}, {'task_id': 2, 'op_id': 1000022592, 'op': 'COPY_IN', 'subgraph_id': 406, 'pipe': 'PIPE_MTE2', 'start': 3397, 'end': 3577, 'duration': 180, 'memory_path': 'DDR', 'cache_hit': False, 'cache_tensor_id': 1000007138, 'core_id': 2, 'size_bytes': 2048, 'path': 'DDR', 'nominal_cycles': 35, 'duration_excess': 145, 'original_tensors': [1000007138], 'slack': 101, 'congestion_exposure': 145.24999999999997, 'wait_priority': 317.11917264201617, 'task': 2}, {'task_id': 1, 'op_id': 1000025961, 'op': 'COPY_IN', 'subgraph_id': 407, 'pipe': 'PIPE_MTE2', 'start': 3268, 'end': 3462, 'duration': 194, 'memory_path': 'DDR', 'cache_hit': False, 'cache_tensor_id': 1000009990, 'core_id': 1, 'size_bytes': 2048, 'path': 'DDR', 'nominal_cycles': 35, 'duration_excess': 159, 'original_tensors': [1000009990], 'slack': 878, 'congestion_exposure': 159.2, 'wait_priority': 288.8246458012003, 'task': 1}, {'task_id': 1, 'op_id': 1000024343, 'op': 'COPY_IN', 'subgraph_id': 401, 'pipe': 'PIPE_MTE2', 'start': 3090, 'end': 3268, 'duration': 178, 'memory_path': 'DDR', 'cache_hit': False, 'cache_tensor_id': 1000008593, 'core_id': 1, 'size_bytes': 2048, 'path': 'DDR', 'nominal_cycles': 35, 'duration_excess': 143, 'original_tensors': [1000008593], 'slack': 878, 'congestion_exposure': 143.31666666666666, 'wait_priority': 262.7524701019885, 'task': 1}, {'task_id': 2, 'op_id': 1000019311, 'op': 'COPY_IN', 'subgraph_id': 139, 'pipe': 'PIPE_MTE2', 'start': 1614, 'end': 1773, 'duration': 159, 'memory_path': 'DDR', 'cache_hit': False, 'cache_tensor_id': 1000004327, 'core_id': 2, 'size_bytes': 2048, 'path': 'DDR', 'nominal_cycles': 35, 'duration_excess': 124, 'original_tensors': [1000004327], 'slack': 322, 'congestion_exposure': 124.25, 'wait_priority': 261.84610298483295, 'task': 2}, {'task_id': 1, 'op_id': 1000019249, 'op': 'COPY_IN', 'subgraph_id': 151, 'pipe': 'PIPE_MTE2', 'start': 1647, 'end': 1807, 'duration': 160, 'memory_path': 'DDR', 'cache_hit': False, 'cache_tensor_id': 1000004298, 'core_id': 1, 'size_bytes': 2048, 'path': 'DDR', 'nominal_cycles': 35, 'duration_excess': 125, 'original_tensors': [1000004298], 'slack': 444, 'congestion_exposure': 125.24999999999999, 'wait_priority': 256.35542273813024, 'task': 1}, {'task_id': 1, 'op_id': 1000024341, 'op': 'COPY_IN', 'subgraph_id': 396, 'pipe': 'PIPE_MTE2', 'start': 2932, 'end': 3090, 'duration': 158, 'memory_path': 'DDR', 'cache_hit': False, 'cache_tensor_id': 1000008590, 'core_id': 1, 'size_bytes': 2048, 'path': 'DDR', 'nominal_cycles': 35, 'duration_excess': 123, 'original_tensors': [1000008590], 'slack': 878, 'congestion_exposure': 123.21666666666665, 'wait_priority': 229.9612235090436, 'task': 1}, {'task_id': 1, 'op_id': 1000022605, 'op': 'COPY_IN', 'subgraph_id': 393, 'pipe': 'PIPE_MTE2', 'start': 2786, 'end': 2932, 'duration': 146, 'memory_path': 'DDR', 'cache_hit': False, 'cache_tensor_id': 1000007144, 'core_id': 1, 'size_bytes': 2048, 'path': 'DDR', 'nominal_cycles': 35, 'duration_excess': 111, 'original_tensors': [1000007144], 'slack': 878, 'congestion_exposure': 111.25, 'wait_priority': 210.36279765673493, 'task': 1}, {'task_id': 0, 'op_id': 1000015989, 'op': 'COPY_IN', 'subgraph_id': 99, 'pipe': 'PIPE_MTE2', 'start': 1243, 'end': 1365, 'duration': 122, 'memory_path': 'DDR', 'cache_hit': False, 'cache_tensor_id': 1000001478, 'core_id': 0, 'size_bytes': 2048, 'path': 'DDR', 'nominal_cycles': 35, 'duration_excess': 87, 'original_tensors': [1000001478], 'slack': 0, 'congestion_exposure': 87.0, 'wait_priority': 209.0, 'task': 0}, {'task_id': 2, 'op_id': 1000019241, 'op': 'COPY_IN', 'subgraph_id': 136, 'pipe': 'PIPE_MTE2', 'start': 1487, 'end': 1614, 'duration': 127, 'memory_path': 'DDR', 'cache_hit': False, 'cache_tensor_id': 1000004295, 'core_id': 2, 'size_bytes': 2048, 'path': 'DDR', 'nominal_cycles': 35, 'duration_excess': 92, 'original_tensors': [1000004295], 'slack': 322, 'congestion_exposure': 92.1, 'wait_priority': 202.54362282074808, 'task': 2}, {'task_id': 2, 'op_id': 1000029433, 'op': 'COPY_IN', 'subgraph_id': 12637, 'pipe': 'PIPE_MTE2', 'start': 120604, 'end': 120712, 'duration': 108, 'memory_path': 'DDR', 'cache_hit': False, 'cache_tensor_id': 1000012936, 'core_id': 2, 'size_bytes': 1024, 'path': 'DDR', 'nominal_cycles': 18, 'duration_excess': 90, 'original_tensors': [1000012936], 'slack': 277, 'congestion_exposure': 89.99999999999999, 'wait_priority': 184.99163466715368, 'task': 2}, {'task_id': 2, 'op_id': 1000017689, 'op': 'COPY_IN', 'subgraph_id': 3180, 'pipe': 'PIPE_MTE2', 'start': 29618, 'end': 29725, 'duration': 107, 'memory_path': 'DDR', 'cache_hit': False, 'cache_tensor_id': 1000002975, 'core_id': 2, 'size_bytes': 1024, 'path': 'DDR', 'nominal_cycles': 18, 'duration_excess': 89, 'original_tensors': [1000002975], 'slack': 267, 'congestion_exposure': 89.16666666666667, 'wait_priority': 183.71448287175392, 'task': 2}, {'task_id': 2, 'op_id': 1000021045, 'op': 'COPY_IN', 'subgraph_id': 5882, 'pipe': 'PIPE_MTE2', 'start': 55614, 'end': 55721, 'duration': 107, 'memory_path': 'DDR', 'cache_hit': False, 'cache_tensor_id': 1000005821, 'core_id': 2, 'size_bytes': 1024, 'path': 'DDR', 'nominal_cycles': 18, 'duration_excess': 89, 'original_tensors': [1000005821], 'slack': 267, 'congestion_exposure': 89.16666666666667, 'wait_priority': 183.71448287175392, 'task': 2}, {'task_id': 2, 'op_id': 1000024401, 'op': 'COPY_IN', 'subgraph_id': 8584, 'pipe': 'PIPE_MTE2', 'start': 81610, 'end': 81717, 'duration': 107, 'memory_path': 'DDR', 'cache_hit': False, 'cache_tensor_id': 1000008667, 'core_id': 2, 'size_bytes': 1024, 'path': 'DDR', 'nominal_cycles': 18, 'duration_excess': 89, 'original_tensors': [1000008667], 'slack': 267, 'congestion_exposure': 89.16666666666667, 'wait_priority': 183.71448287175392, 'task': 2}, {'task_id': 2, 'op_id': 1000027757, 'op': 'COPY_IN', 'subgraph_id': 11286, 'pipe': 'PIPE_MTE2', 'start': 107606, 'end': 107713, 'duration': 107, 'memory_path': 'DDR', 'cache_hit': False, 'cache_tensor_id': 1000011513, 'core_id': 2, 'size_bytes': 1024, 'path': 'DDR', 'nominal_cycles': 18, 'duration_excess': 89, 'original_tensors': [1000011513], 'slack': 267, 'congestion_exposure': 89.16666666666667, 'wait_priority': 183.71448287175392, 'task': 2}, {'task_id': 0, 'op_id': 1000017637, 'op': 'COPY_IN', 'subgraph_id': 3126, 'pipe': 'PIPE_MTE2', 'start': 29354, 'end': 29454, 'duration': 100, 'memory_path': 'DDR', 'cache_hit': False, 'cache_tensor_id': 1000002909, 'core_id': 0, 'size_bytes': 1024, 'path': 'DDR', 'nominal_cycles': 18, 'duration_excess': 82, 'original_tensors': [1000002909], 'slack': 26, 'congestion_exposure': 82.03333333333335, 'wait_priority': 180.8397353481909, 'task': 0}, {'task_id': 0, 'op_id': 1000020993, 'op': 'COPY_IN', 'subgraph_id': 5828, 'pipe': 'PIPE_MTE2', 'start': 55350, 'end': 55450, 'duration': 100, 'memory_path': 'DDR', 'cache_hit': False, 'cache_tensor_id': 1000005755, 'core_id': 0, 'size_bytes': 1024, 'path': 'DDR', 'nominal_cycles': 18, 'duration_excess': 82, 'original_tensors': [1000005755], 'slack': 26, 'congestion_exposure': 82.03333333333335, 'wait_priority': 180.8397353481909, 'task': 0}, {'task_id': 0, 'op_id': 1000024349, 'op': 'COPY_IN', 'subgraph_id': 8530, 'pipe': 'PIPE_MTE2', 'start': 81346, 'end': 81446, 'duration': 100, 'memory_path': 'DDR', 'cache_hit': False, 'cache_tensor_id': 1000008601, 'core_id': 0, 'size_bytes': 1024, 'path': 'DDR', 'nominal_cycles': 18, 'duration_excess': 82, 'original_tensors': [1000008601], 'slack': 26, 'congestion_exposure': 82.03333333333335, 'wait_priority': 180.8397353481909, 'task': 0}, {'task_id': 0, 'op_id': 1000027705, 'op': 'COPY_IN', 'subgraph_id': 11232, 'pipe': 'PIPE_MTE2', 'start': 107342, 'end': 107442, 'duration': 100, 'memory_path': 'DDR', 'cache_hit': False, 'cache_tensor_id': 1000011447, 'core_id': 0, 'size_bytes': 1024, 'path': 'DDR', 'nominal_cycles': 18, 'duration_excess': 82, 'original_tensors': [1000011447], 'slack': 26, 'congestion_exposure': 82.03333333333335, 'wait_priority': 180.8397353481909, 'task': 0}, {'task_id': 2, 'op_id': 1000019367, 'op': 'COPY_IN', 'subgraph_id': 4531, 'pipe': 'PIPE_MTE2', 'start': 42573, 'end': 42679, 'duration': 106, 'memory_path': 'DDR', 'cache_hit': False, 'cache_tensor_id': 1000004398, 'core_id': 2, 'size_bytes': 1024, 'path': 'DDR', 'nominal_cycles': 18, 'duration_excess': 88, 'original_tensors': [1000004398], 'slack': 307, 'congestion_exposure': 88.06666666666666, 'wait_priority': 180.035691593209, 'task': 2}], 'compile_seconds': 10.102185865980573, 'limitations': 'Observed durations include dynamic contention; chain/slack and projected residency are ranking diagnostics, not removable-delay certificates.'}",,,,,
case_047_p3_n3,case_047,3,3,core_regression,persistent,13,visit,/home/konglingrui/.mathmodel/questionA/真机启发算法攻坚/A题研究/直接迭代/运行结果/持续联合冲刺_20260926/正式75配置_6并发/configurations/case_047_p3_n3/persistent/attempt_001/evaluations/attempts/20260926T125906-836777aac3e0459faa24535570e61c75/record.json,joint,,2,/home/konglingrui/.mathmodel/questionA/真机启发算法攻坚/A题研究/直接迭代/运行结果/持续联合冲刺_20260926/正式75配置_6并发/configurations/case_047_p3_n3/persistent/attempt_001/evaluations/attempts/20260926T125951-326bc2f9fcfe4659aedcaf1336897632/record.json,0,1,False,False,False,success,,,,,,,,
case_047_p3_n3,case_047,3,3,core_regression,persistent,14,advance_alternate,/home/konglingrui/.mathmodel/questionA/真机启发算法攻坚/A题研究/直接迭代/运行结果/持续联合冲刺_20260926/正式75配置_6并发/configurations/case_047_p3_n3/persistent/attempt_001/evaluations/attempts/20260926T125823-5a1691207b754f1dbfec26fb31051612/record.json,cache,,0,/home/konglingrui/.mathmodel/questionA/真机启发算法攻坚/A题研究/直接迭代/运行结果/持续联合冲刺_20260926/正式75配置_6并发/configurations/case_047_p3_n3/persistent/attempt_001/evaluations/attempts/20260926T125959-d027184b73e54d659a71b3f2a05f78bc/record.json,,1,,,,,,3,,,,,,
case_047_p3_n3,case_047,3,3,core_regression,persistent,15,visit,/home/konglingrui/.mathmodel/questionA/真机启发算法攻坚/A题研究/直接迭代/运行结果/持续联合冲刺_20260926/正式75配置_6并发/configurations/case_047_p3_n3/persistent/attempt_001/evaluations/attempts/20260926T125823-5a1691207b754f1dbfec26fb31051612/record.json,cache,,0,/home/konglingrui/.mathmodel/questionA/真机启发算法攻坚/A题研究/直接迭代/运行结果/持续联合冲刺_20260926/正式75配置_6并发/configurations/case_047_p3_n3/persistent/attempt_001/evaluations/attempts/20260926T125959-d027184b73e54d659a71b3f2a05f78bc/record.json,0,0,True,False,True,success,,,,,,,,
case_047_p3_n3,case_047,3,3,core_regression,persistent,16,observe,/home/konglingrui/.mathmodel/questionA/真机启发算法攻坚/A题研究/直接迭代/运行结果/持续联合冲刺_20260926/正式75配置_6并发/configurations/case_047_p3_n3/persistent/attempt_001/evaluations/attempts/20260926T125759-68258ad99a904fe4ad902d3d44a30573/record.json,,,,,,0,,,,,,,"{'makespan': 326508, 'official_copy': {'original_graph_copy_bytes': 463942, 'scheduled_copy_bytes': 463942, 'added_copy_bytes': 0, 'partition_added_copy_bytes': 0, 'spill_added_copy_bytes': 0}, 'path_bytes': {'DDR': 463942}, 'nominal_pool_work_cycles': {'DDR': 7979}, 'pool_occupancy': {'DDR': {'busy_cycles': 7979, 'overlap_cycles': 0, 'peak_concurrent': 1}, 'CACHE_READ': {'busy_cycles': 0, 'overlap_cycles': 0, 'peak_concurrent': 0}}, 'projected_live_peak': {'0:L1': 172800, '0:UB': 19846}, 'projected_live_byte_cycles': {'0:L1': 41712125440, '0:UB': 4852422326}, 'memory_dependency_count': 35646, 'critical_chain_ops': 11135, 'critical_chain_memory_edges': 0, 'top_copy_waits': [{'task_id': 0, 'op_id': 1000014304, 'op': 'COPY_IN', 'subgraph_id': 0, 'pipe': 'PIPE_MTE2', 'start': 513, 'end': 582, 'duration': 69, 'memory_path': 'DDR', 'cache_hit': False, 'cache_tensor_id': 1000000048, 'core_id': 0, 'size_bytes': 4096, 'path': 'DDR', 'nominal_cycles': 69, 'duration_excess': 0, 'original_tensors': [1000000048], 'slack': 6091, 'congestion_exposure': 0, 'wait_priority': 42.5444636364552, 'task': 0}, {'task_id': 0, 'op_id': 1000014306, 'op': 'COPY_IN', 'subgraph_id': 0, 'pipe': 'PIPE_MTE2', 'start': 582, 'end': 651, 'duration': 69, 'memory_path': 'DDR', 'cache_hit': False, 'cache_tensor_id': 1000000050, 'core_id': 0, 'size_bytes': 4096, 'path': 'DDR', 'nominal_cycles': 69, 'duration_excess': 0, 'original_tensors': [1000000050], 'slack': 6538, 'congestion_exposure': 0, 'wait_priority': 41.38012788644507, 'task': 0}, {'task_id': 0, 'op_id': 1000014282, 'op': 'COPY_IN', 'subgraph_id': 0, 'pipe': 'PIPE_MTE2', 'start': 21, 'end': 56, 'duration': 35, 'memory_path': 'DDR', 'cache_hit': False, 'cache_tensor_id': 1000000023, 'core_id': 0, 'size_bytes': 2048, 'path': 'DDR', 'nominal_cycles': 35, 'duration_excess': 0, 'original_tensors': [1000000023], 'slack': 157, 'congestion_exposure': 0, 'wait_priority': 34.44786299365771, 'task': 0}, {'task_id': 0, 'op_id': 1000014284, 'op': 'COPY_IN', 'subgraph_id': 0, 'pipe': 'PIPE_MTE2', 'start': 57, 'end': 92, 'duration': 35, 'memory_path': 'DDR', 'cache_hit': False, 'cache_tensor_id': 1000000026, 'core_id': 0, 'size_bytes': 2048, 'path': 'DDR', 'nominal_cycles': 35, 'duration_excess': 0, 'original_tensors': [1000000026], 'slack': 162, 'congestion_exposure': 0, 'wait_priority': 34.430565096352005, 'task': 0}, {'task_id': 0, 'op_id': 1000014308, 'op': 'COPY_IN', 'subgraph_id': 0, 'pipe': 'PIPE_MTE2', 'start': 228, 'end': 263, 'duration': 35, 'memory_path': 'DDR', 'cache_hit': False, 'cache_tensor_id': 1000000052, 'core_id': 0, 'size_bytes': 2048, 'path': 'DDR', 'nominal_cycles': 35, 'duration_excess': 0, 'original_tensors': [1000000052], 'slack': 2923, 'congestion_exposure': 0, 'wait_priority': 26.95604108744606, 'task': 0}, {'task_id': 0, 'op_id': 1000014310, 'op': 'COPY_IN', 'subgraph_id': 0, 'pipe': 'PIPE_MTE2', 'start': 263, 'end': 298, 'duration': 35, 'memory_path': 'DDR', 'cache_hit': False, 'cache_tensor_id': 1000000055, 'core_id': 0, 'size_bytes': 2048, 'path': 'DDR', 'nominal_cycles': 35, 'duration_excess': 0, 'original_tensors': [1000000055], 'slack': 2923, 'congestion_exposure': 0, 'wait_priority': 26.95604108744606, 'task': 0}, {'task_id': 0, 'op_id': 1000014286, 'op': 'COPY_IN', 'subgraph_id': 0, 'pipe': 'PIPE_MTE2', 'start': 478, 'end': 513, 'duration': 35, 'memory_path': 'DDR', 'cache_hit': False, 'cache_tensor_id': 1000000029, 'core_id': 0, 'size_bytes': 2048, 'path': 'DDR', 'nominal_cycles': 35, 'duration_excess': 0, 'original_tensors': [1000000029], 'slack': 5851, 'congestion_exposure': 0, 'wait_priority': 21.91155191279183, 'task': 0}, {'task_id': 0, 'op_id': 1000014334, 'op': 'COPY_IN', 'subgraph_id': 0, 'pipe': 'PIPE_MTE2', 'start': 651, 'end': 686, 'duration': 35, 'memory_path': 'DDR', 'cache_hit': False, 'cache_tensor_id': 1000001446, 'core_id': 0, 'size_bytes': 2048, 'path': 'DDR', 'nominal_cycles': 35, 'duration_excess': 0, 'original_tensors': [1000001446], 'slack': 7022, 'congestion_exposure': 0, 'wait_priority': 20.385830255142935, 'task': 0}, {'task_id': 0, 'op_id': 1000014336, 'op': 'COPY_IN', 'subgraph_id': 0, 'pipe': 'PIPE_MTE2', 'start': 686, 'end': 721, 'duration': 35, 'memory_path': 'DDR', 'cache_hit': False, 'cache_tensor_id': 1000001449, 'core_id': 0, 'size_bytes': 2048, 'path': 'DDR', 'nominal_cycles': 35, 'duration_excess': 0, 'original_tensors': [1000001449], 'slack': 7028, 'congestion_exposure': 0, 'wait_priority': 20.378559659138194, 'task': 0}, {'task_id': 0, 'op_id': 1000014260, 'op': 'COPY_IN', 'subgraph_id': 0, 'pipe': 'PIPE_MTE2', 'start': 0, 'end': 18, 'duration': 18, 'memory_path': 'DDR', 'cache_hit': False, 'cache_tensor_id': 1000000001, 'core_id': 0, 'size_bytes': 1024, 'path': 'DDR', 'nominal_cycles': 18, 'duration_excess': 0, 'original_tensors': [1000000001], 'slack': 0, 'congestion_exposure': 0, 'wait_priority': 18.0, 'task': 0}, {'task_id': 0, 'op_id': 1000014288, 'op': 'COPY_IN', 'subgraph_id': 0, 'pipe': 'PIPE_MTE2', 'start': 92, 'end': 110, 'duration': 18, 'memory_path': 'DDR', 'cache_hit': False, 'cache_tensor_id': 1000000032, 'core_id': 0, 'size_bytes': 1024, 'path': 'DDR', 'nominal_cycles': 18, 'duration_excess': 0, 'original_tensors': [1000000032], 'slack': 192, 'congestion_exposure': 0, 'wait_priority': 17.653958450983456, 'task': 0}, {'task_id': 0, 'op_id': 1000014290, 'op': 'COPY_IN', 'subgraph_id': 0, 'pipe': 'PIPE_MTE2', 'start': 110, 'end': 128, 'duration': 18, 'memory_path': 'DDR', 'cache_hit': False, 'cache_tensor_id': 1000000034, 'core_id': 0, 'size_bytes': 1024, 'path': 'DDR', 'nominal_cycles': 18, 'duration_excess': 0, 'original_tensors': [1000000034], 'slack': 250, 'congestion_exposure': 0, 'wait_priority': 17.55202663151901, 'task': 0}, {'task_id': 0, 'op_id': 1000014262, 'op': 'COPY_IN', 'subgraph_id': 0, 'pipe': 'PIPE_MTE2', 'start': 129, 'end': 147, 'duration': 18, 'memory_path': 'DDR', 'cache_hit': False, 'cache_tensor_id': 1000000003, 'core_id': 0, 'size_bytes': 1024, 'path': 'DDR', 'nominal_cycles': 18, 'duration_excess': 0, 'original_tensors': [1000000003], 'slack': 415, 'congestion_exposure': 0, 'wait_priority': 17.268381546369135, 'task': 0}, {'task_id': 0, 'op_id': 1000014264, 'op': 'COPY_IN', 'subgraph_id': 0, 'pipe': 'PIPE_MTE2', 'start': 147, 'end': 165, 'duration': 18, 'memory_path': 'DDR', 'cache_hit': False, 'cache_tensor_id': 1000000005, 'core_id': 0, 'size_bytes': 1024, 'path': 'DDR', 'nominal_cycles': 18, 'duration_excess': 0, 'original_tensors': [1000000005], 'slack': 904, 'congestion_exposure': 0, 'wait_priority': 16.47914431305401, 'task': 0}, {'task_id': 0, 'op_id': 1000014266, 'op': 'COPY_IN', 'subgraph_id': 0, 'pipe': 'PIPE_MTE2', 'start': 165, 'end': 183, 'duration': 18, 'memory_path': 'DDR', 'cache_hit': False, 'cache_tensor_id': 1000000007, 'core_id': 0, 'size_bytes': 1024, 'path': 'DDR', 'nominal_cycles': 18, 'duration_excess': 0, 'original_tensors': [1000000007], 'slack': 1354, 'congestion_exposure': 0, 'wait_priority': 15.81402140414952, 'task': 0}, {'task_id': 0, 'op_id': 1000014330, 'op': 'COPY_IN', 'subgraph_id': 0, 'pipe': 'PIPE_MTE2', 'start': 864, 'end': 933, 'duration': 69, 'memory_path': 'DDR', 'cache_hit': False, 'cache_tensor_id': 1000000077, 'core_id': 0, 'size_bytes': 4096, 'path': 'DDR', 'nominal_cycles': 69, 'duration_excess': 0, 'original_tensors': [1000000077], 'slack': 34302, 'congestion_exposure': 0, 'wait_priority': 15.326844945397943, 'task': 0}, {'task_id': 0, 'op_id': 1000014332, 'op': 'COPY_IN', 'subgraph_id': 0, 'pipe': 'PIPE_MTE2', 'start': 933, 'end': 1002, 'duration': 69, 'memory_path': 'DDR', 'cache_hit': False, 'cache_tensor_id': 1000000079, 'core_id': 0, 'size_bytes': 4096, 'path': 'DDR', 'nominal_cycles': 69, 'duration_excess': 0, 'original_tensors': [1000000079], 'slack': 34509, 'congestion_exposure': 0, 'wait_priority': 15.255234262002915, 'task': 0}, {'task_id': 0, 'op_id': 1000014268, 'op': 'COPY_IN', 'subgraph_id': 0, 'pipe': 'PIPE_MTE2', 'start': 183, 'end': 201, 'duration': 18, 'memory_path': 'DDR', 'cache_hit': False, 'cache_tensor_id': 1000000009, 'core_id': 0, 'size_bytes': 1024, 'path': 'DDR', 'nominal_cycles': 18, 'duration_excess': 0, 'original_tensors': [1000000009], 'slack': 1882, 'congestion_exposure': 0, 'wait_priority': 15.098972017360268, 'task': 0}, {'task_id': 0, 'op_id': 1000014270, 'op': 'COPY_IN', 'subgraph_id': 0, 'pipe': 'PIPE_MTE2', 'start': 201, 'end': 219, 'duration': 18, 'memory_path': 'DDR', 'cache_hit': False, 'cache_tensor_id': 1000000011, 'core_id': 0, 'size_bytes': 1024, 'path': 'DDR', 'nominal_cycles': 18, 'duration_excess': 0, 'original_tensors': [1000000011], 'slack': 2332, 'congestion_exposure': 0, 'wait_priority': 14.538701303841599, 'task': 0}, {'task_id': 0, 'op_id': 1000014356, 'op': 'COPY_IN', 'subgraph_id': 0, 'pipe': 'PIPE_MTE2', 'start': 1287, 'end': 1356, 'duration': 69, 'memory_path': 'DDR', 'cache_hit': False, 'cache_tensor_id': 1000001471, 'core_id': 0, 'size_bytes': 4096, 'path': 'DDR', 'nominal_cycles': 69, 'duration_excess': 0, 'original_tensors': [1000001471], 'slack': 37950, 'congestion_exposure': 0, 'wait_priority': 14.155789351985662, 'task': 0}], 'compile_seconds': 7.412056251021568, 'limitations': 'Observed durations include dynamic contention; chain/slack and projected residency are ranking diagnostics, not removable-delay certificates.'}",,,,,
case_047_p3_n3,case_047,3,3,core_regression,persistent,17,visit,/home/konglingrui/.mathmodel/questionA/真机启发算法攻坚/A题研究/直接迭代/运行结果/持续联合冲刺_20260926/正式75配置_6并发/configurations/case_047_p3_n3/persistent/attempt_001/evaluations/attempts/20260926T125759-68258ad99a904fe4ad902d3d44a30573/record.json,joint,,1,/home/konglingrui/.mathmodel/questionA/真机启发算法攻坚/A题研究/直接迭代/运行结果/持续联合冲刺_20260926/正式75配置_6并发/configurations/case_047_p3_n3/persistent/attempt_001/evaluations/attempts/20260926T130013-9d8cca022fbf46838700f9c4f1a867f5/record.json,0,0,False,False,True,success,,,,,,,,
case_047_p3_n3,case_047,3,3,core_regression,persistent,18,advance,/home/konglingrui/.mathmodel/questionA/真机启发算法攻坚/A题研究/直接迭代/运行结果/持续联合冲刺_20260926/正式75配置_6并发/configurations/case_047_p3_n3/persistent/attempt_001/evaluations/attempts/20260926T125817-fd0a426476964ba0a6fd3d24135a8013/record.json,insertion,,3,/home/konglingrui/.mathmodel/questionA/真机启发算法攻坚/A题研究/直接迭代/运行结果/持续联合冲刺_20260926/正式75配置_6并发/configurations/case_047_p3_n3/persistent/attempt_001/evaluations/attempts/20260926T130021-f19fe385efa24693808248a8c7cfb2ee/record.json,,1,,,,,True,1,,,,,,
case_047_p3_n3,case_047,3,3,core_regression,persistent,19,visit,/home/konglingrui/.mathmodel/questionA/真机启发算法攻坚/A题研究/直接迭代/运行结果/持续联合冲刺_20260926/正式75配置_6并发/configurations/case_047_p3_n3/persistent/attempt_001/evaluations/attempts/20260926T125817-fd0a426476964ba0a6fd3d24135a8013/record.json,insertion,,3,/home/konglingrui/.mathmodel/questionA/真机启发算法攻坚/A题研究/直接迭代/运行结果/持续联合冲刺_20260926/正式75配置_6并发/configurations/case_047_p3_n3/persistent/attempt_001/evaluations/attempts/20260926T130021-f19fe385efa24693808248a8c7cfb2ee/record.json,1,0,True,True,False,success,,,,,,,,
case_047_p3_n3,case_047,3,3,core_regression,persistent,20,observe,/home/konglingrui/.mathmodel/questionA/真机启发算法攻坚/A题研究/直接迭代/运行结果/持续联合冲刺_20260926/正式75配置_6并发/configurations/case_047_p3_n3/persistent/attempt_001/evaluations/attempts/20260926T130021-f19fe385efa24693808248a8c7cfb2ee/record.json,,,,,,1,,,,,,,"{'makespan': 104462, 'official_copy': {'original_graph_copy_bytes': 463942, 'scheduled_copy_bytes': 2173906, 'added_copy_bytes': 1709964, 'partition_added_copy_bytes': 1709964, 'spill_added_copy_bytes': 0}, 'path_bytes': {'DDR': 1792454, 'CACHE_READ': 381452}, 'nominal_pool_work_cycles': {'DDR': 31763, 'CACHE_READ': 1980}, 'pool_occupancy': {'DDR': {'busy_cycles': 31763, 'overlap_cycles': 15255, 'peak_concurrent': 6}, 'CACHE_READ': {'busy_cycles': 1980, 'overlap_cycles': 70, 'peak_concurrent': 2}}, 'projected_live_peak': {'0:L1': 21888, '0:UB': 23332, '1:L1': 23360, '1:UB': 22246, '2:L1': 21760, '2:UB': 23396}, 'projected_live_byte_cycles': {'0:L1': 862243712, '0:UB': 957751948, '1:L1': 815570048, '1:UB': 977407762, '2:L1': 937398592, '2:UB': 1014650860}, 'memory_dependency_count': 34525, 'critical_chain_ops': 2612, 'critical_chain_memory_edges': 0, 'top_copy_waits': [{'task_id': 0, 'op_id': 1000017240, 'op': 'COPY_IN', 'subgraph_id': 8192, 'pipe': 'PIPE_MTE2', 'start': 61046, 'end': 61253, 'duration': 207, 'memory_path': 'DDR', 'cache_hit': False, 'cache_tensor_id': 1000007163, 'core_id': 0, 'size_bytes': 4096, 'path': 'DDR', 'nominal_cycles': 69, 'duration_excess': 138, 'original_tensors': [1000007163], 'slack': 241, 'congestion_exposure': 138.0, 'wait_priority': 320.3634224827104, 'task': 0}, {'task_id': 2, 'op_id': 1000019488, 'op': 'COPY_IN', 'subgraph_id': 13601, 'pipe': 'PIPE_MTE2', 'start': 101907, 'end': 102114, 'duration': 207, 'memory_path': 'DDR', 'cache_hit': False, 'cache_tensor_id': 1000012855, 'core_id': 2, 'size_bytes': 4096, 'path': 'DDR', 'nominal_cycles': 69, 'duration_excess': 138, 'original_tensors': [1000012855], 'slack': 335, 'congestion_exposure': 138.0, 'wait_priority': 311.6821376475269, 'task': 2}, {'task_id': 2, 'op_id': 1000017244, 'op': 'COPY_IN', 'subgraph_id': 8196, 'pipe': 'PIPE_MTE2', 'start': 61054, 'end': 61261, 'duration': 207, 'memory_path': 'DDR', 'cache_hit': False, 'cache_tensor_id': 1000007163, 'core_id': 2, 'size_bytes': 4096, 'path': 'DDR', 'nominal_cycles': 69, 'duration_excess': 138, 'original_tensors': [1000007163], 'slack': 345, 'congestion_exposure': 138.0, 'wait_priority': 310.78620582604646, 'task': 2}, {'task_id': 0, 'op_id': 1000016103, 'op': 'COPY_IN', 'subgraph_id': 5514, 'pipe': 'PIPE_MTE2', 'start': 40569, 'end': 40774, 'duration': 205, 'memory_path': 'DDR', 'cache_hit': False, 'cache_tensor_id': 1000004317, 'core_id': 0, 'size_bytes': 4096, 'path': 'DDR', 'nominal_cycles': 69, 'duration_excess': 136, 'original_tensors': [1000004317], 'slack': 323, 'congestion_exposure': 135.83333333333334, 'wait_priority': 308.9867538749038, 'task': 0}, {'task_id': 1, 'op_id': 1000015522, 'op': 'COPY_IN', 'subgraph_id': 4164, 'pipe': 'PIPE_MTE2', 'start': 30291, 'end': 30498, 'duration': 207, 'memory_path': 'DDR', 'cache_hit': False, 'cache_tensor_id': 1000002894, 'core_id': 1, 'size_bytes': 4096, 'path': 'DDR', 'nominal_cycles': 69, 'duration_excess': 138, 'original_tensors': [1000002894], 'slack': 387, 'congestion_exposure': 138.0, 'wait_priority': 307.0788670949711, 'task': 1}, {'task_id': 2, 'op_id': 1000016107, 'op': 'COPY_IN', 'subgraph_id': 5516, 'pipe': 'PIPE_MTE2', 'start': 40576, 'end': 40781, 'duration': 205, 'memory_path': 'DDR', 'cache_hit': False, 'cache_tensor_id': 1000004317, 'core_id': 2, 'size_bytes': 4096, 'path': 'DDR', 'nominal_cycles': 69, 'duration_excess': 136, 'original_tensors': [1000004317], 'slack': 366, 'congestion_exposure': 136.16666666666666, 'wait_priority': 305.488953843868, 'task': 2}, {'task_id': 1, 'op_id': 1000017242, 'op': 'COPY_IN', 'subgraph_id': 8194, 'pipe': 'PIPE_MTE2', 'start': 61057, 'end': 61264, 'duration': 207, 'memory_path': 'DDR', 'cache_hit': False, 'cache_tensor_id': 1000007163, 'core_id': 1, 'size_bytes': 4096, 'path': 'DDR', 'nominal_cycles': 69, 'duration_excess': 138, 'original_tensors': [1000007163], 'slack': 421, 'congestion_exposure': 138.0, 'wait_priority': 304.14185087457736, 'task': 1}, {'task_id': 2, 'op_id': 1000015524, 'op': 'COPY_IN', 'subgraph_id': 4162, 'pipe': 'PIPE_MTE2', 'start': 30253, 'end': 30455, 'duration': 202, 'memory_path': 'DDR', 'cache_hit': False, 'cache_tensor_id': 1000002894, 'core_id': 2, 'size_bytes': 4096, 'path': 'DDR', 'nominal_cycles': 69, 'duration_excess': 133, 'original_tensors': [1000002894], 'slack': 339, 'congestion_exposure': 132.83333333333331, 'wait_priority': 302.148888812103, 'task': 2}, {'task_id': 0, 'op_id': 1000015520, 'op': 'COPY_IN', 'subgraph_id': 4154, 'pipe': 'PIPE_MTE2', 'start': 30255, 'end': 30458, 'duration': 203, 'memory_path': 'DDR', 'cache_hit': False, 'cache_tensor_id': 1000002894, 'core_id': 0, 'size_bytes': 4096, 'path': 'DDR', 'nominal_cycles': 69, 'duration_excess': 134, 'original_tensors': [1000002894], 'slack': 400, 'congestion_exposure': 133.83333333333331, 'wait_priority': 298.70694085221254, 'task': 0}, {'task_id': 1, 'op_id': 1000019486, 'op': 'COPY_IN', 'subgraph_id': 13599, 'pipe': 'PIPE_MTE2', 'start': 101907, 'end': 102114, 'duration': 207, 'memory_path': 'DDR', 'cache_hit': False, 'cache_tensor_id': 1000012855, 'core_id': 1, 'size_bytes': 4096, 'path': 'DDR', 'nominal_cycles': 69, 'duration_excess': 138, 'original_tensors': [1000012855], 'slack': 513, 'congestion_exposure': 138.0, 'wait_priority': 296.4692091278524, 'task': 1}, {'task_id': 1, 'op_id': 1000016105, 'op': 'COPY_IN', 'subgraph_id': 5505, 'pipe': 'PIPE_MTE2', 'start': 40530, 'end': 40724, 'duration': 194, 'memory_path': 'DDR', 'cache_hit': False, 'cache_tensor_id': 1000004317, 'core_id': 1, 'size_bytes': 4096, 'path': 'DDR', 'nominal_cycles': 69, 'duration_excess': 125, 'original_tensors': [1000004317], 'slack': 432, 'congestion_exposure': 125.0, 'wait_priority': 280.3535023809123, 'task': 1}, {'task_id': 1, 'op_id': 1000017248, 'op': 'COPY_IN', 'subgraph_id': 8242, 'pipe': 'PIPE_MTE2', 'start': 61264, 'end': 61471, 'duration': 207, 'memory_path': 'DDR', 'cache_hit': False, 'cache_tensor_id': 1000007165, 'core_id': 1, 'size_bytes': 4096, 'path': 'DDR', 'nominal_cycles': 69, 'duration_excess': 138, 'original_tensors': [1000007165], 'slack': 750, 'congestion_exposure': 138.0, 'wait_priority': 278.378134124299, 'task': 1}, {'task_id': 1, 'op_id': 1000016142, 'op': 'COPY_IN', 'subgraph_id': 5668, 'pipe': 'PIPE_MTE2', 'start': 42945, 'end': 43137, 'duration': 192, 'memory_path': 'DDR', 'cache_hit': False, 'cache_tensor_id': 1000004348, 'core_id': 1, 'size_bytes': 4096, 'path': 'DDR', 'nominal_cycles': 69, 'duration_excess': 123, 'original_tensors': [1000004348], 'slack': 477, 'congestion_exposure': 123.33333333333333, 'wait_priority': 273.6773289465667, 'task': 1}, {'task_id': 2, 'op_id': 1000014988, 'op': 'COPY_IN', 'subgraph_id': 2965, 'pipe': 'PIPE_MTE2', 'start': 22376, 'end': 22567, 'duration': 191, 'memory_path': 'DDR', 'cache_hit': False, 'cache_tensor_id': 1000001502, 'core_id': 2, 'size_bytes': 4096, 'path': 'DDR', 'nominal_cycles': 69, 'duration_excess': 122, 'original_tensors': [1000001502], 'slack': 496, 'congestion_exposure': 121.98333333333333, 'wait_priority': 270.21591714280993, 'task': 2}, {'task_id': 0, 'op_id': 1000015559, 'op': 'COPY_IN', 'subgraph_id': 4315, 'pipe': 'PIPE_MTE2', 'start': 32692, 'end': 32877, 'duration': 185, 'memory_path': 'DDR', 'cache_hit': False, 'cache_tensor_id': 1000002925, 'core_id': 0, 'size_bytes': 4096, 'path': 'DDR', 'nominal_cycles': 69, 'duration_excess': 116, 'original_tensors': [1000002925], 'slack': 444, 'congestion_exposure': 116.33333333333334, 'wait_priority': 263.93891320510033, 'task': 0}, {'task_id': 0, 'op_id': 1000018861, 'op': 'COPY_IN', 'subgraph_id': 476, 'pipe': 'PIPE_MTE2', 'start': 4168, 'end': 4317, 'duration': 149, 'memory_path': 'DDR', 'cache_hit': False, 'cache_tensor_id': 1000011410, 'core_id': 0, 'size_bytes': 2048, 'path': 'DDR', 'nominal_cycles': 35, 'duration_excess': 114, 'original_tensors': [1000011410], 'slack': 0, 'congestion_exposure': 114.16666666666666, 'wait_priority': 263.16666666666663, 'task': 0}, {'task_id': 0, 'op_id': 1000017246, 'op': 'COPY_IN', 'subgraph_id': 8264, 'pipe': 'PIPE_MTE2', 'start': 61253, 'end': 61460, 'duration': 207, 'memory_path': 'DDR', 'cache_hit': False, 'cache_tensor_id': 1000007165, 'core_id': 0, 'size_bytes': 4096, 'path': 'DDR', 'nominal_cycles': 69, 'duration_excess': 138, 'original_tensors': [1000007165], 'slack': 987, 'congestion_exposure': 138.0, 'wait_priority': 262.36797658741136, 'task': 0}, {'task_id': 1, 'op_id': 1000014954, 'op': 'COPY_IN', 'subgraph_id': 2812, 'pipe': 'PIPE_MTE2', 'start': 19944, 'end': 20123, 'duration': 179, 'memory_path': 'DDR', 'cache_hit': False, 'cache_tensor_id': 1000001471, 'core_id': 1, 'size_bytes': 4096, 'path': 'DDR', 'nominal_cycles': 69, 'duration_excess': 110, 'original_tensors': [1000001471], 'slack': 355, 'congestion_exposure': 110.0, 'wait_priority': 259.5935463159886, 'task': 1}, {'task_id': 1, 'op_id': 1000017276, 'op': 'COPY_IN', 'subgraph_id': 8368, 'pipe': 'PIPE_MTE2', 'start': 63379, 'end': 63564, 'duration': 185, 'memory_path': 'DDR', 'cache_hit': False, 'cache_tensor_id': 1000007194, 'core_id': 1, 'size_bytes': 4096, 'path': 'DDR', 'nominal_cycles': 69, 'duration_excess': 116, 'original_tensors': [1000007194], 'slack': 527, 'congestion_exposure': 116.5, 'wait_priority': 258.09749348513736, 'task': 1}, {'task_id': 2, 'op_id': 1000016051, 'op': 'COPY_IN', 'subgraph_id': 151, 'pipe': 'PIPE_MTE2', 'start': 1963, 'end': 2115, 'duration': 152, 'memory_path': 'DDR', 'cache_hit': False, 'cache_tensor_id': 1000004298, 'core_id': 2, 'size_bytes': 2048, 'path': 'DDR', 'nominal_cycles': 35, 'duration_excess': 117, 'original_tensors': [1000004298], 'slack': 138, 'congestion_exposure': 116.95, 'wait_priority': 257.6062689112615, 'task': 2}], 'compile_seconds': 6.925530299980892, 'limitations': 'Observed durations include dynamic contention; chain/slack and projected residency are ranking diagnostics, not removable-delay certificates.'}",,,,,
case_047_p3_n3,case_047,3,3,core_regression,persistent,21,visit,/home/konglingrui/.mathmodel/questionA/真机启发算法攻坚/A题研究/直接迭代/运行结果/持续联合冲刺_20260926/正式75配置_6并发/configurations/case_047_p3_n3/persistent/attempt_001/evaluations/attempts/20260926T130021-f19fe385efa24693808248a8c7cfb2ee/record.json,joint,,3,/home/konglingrui/.mathmodel/questionA/真机启发算法攻坚/A题研究/直接迭代/运行结果/持续联合冲刺_20260926/正式75配置_6并发/configurations/case_047_p3_n3/persistent/attempt_001/evaluations/attempts/20260926T130034-a782c5c82d2f4c7b8ce5e2837638814a/record.json,0,1,False,False,False,success,,,,,,,,
case_047_p3_n3,case_047,3,3,core_regression,persistent,22,observe,/home/konglingrui/.mathmodel/questionA/真机启发算法攻坚/A题研究/直接迭代/运行结果/持续联合冲刺_20260926/正式75配置_6并发/configurations/case_047_p3_n3/persistent/attempt_001/evaluations/attempts/20260926T125808-ab926d1ceaaa4f6a9c848743ef65da4b/record.json,,,,,,0,,,,,,,"{'makespan': 182493, 'official_copy': {'original_graph_copy_bytes': 463942, 'scheduled_copy_bytes': 4622514, 'added_copy_bytes': 4158572, 'partition_added_copy_bytes': 4158572, 'spill_added_copy_bytes': 0}, 'path_bytes': {'DDR': 4148170, 'CACHE_READ': 474344}, 'nominal_pool_work_cycles': {'DDR': 74810, 'CACHE_READ': 2434}, 'pool_occupancy': {'DDR': {'busy_cycles': 74810, 'overlap_cycles': 30276, 'peak_concurrent': 6}, 'CACHE_READ': {'busy_cycles': 2434, 'overlap_cycles': 248, 'peak_concurrent': 2}}, 'projected_live_peak': {'0:L1': 17728, '0:UB': 22598, '1:L1': 17728, '1:UB': 22598, '2:L1': 14464, '2:UB': 22534}, 'projected_live_byte_cycles': {'0:L1': 870270720, '0:UB': 998016742, '1:L1': 814350912, '1:UB': 1021600320, '2:L1': 647355200, '2:UB': 1219345984}, 'memory_dependency_count': 38695, 'critical_chain_ops': 3476, 'critical_chain_memory_edges': 0, 'top_copy_waits': [{'task_id': 0, 'op_id': 1000019309, 'op': 'COPY_IN', 'subgraph_id': 2914, 'pipe': 'PIPE_MTE2', 'start': 57078, 'end': 57211, 'duration': 133, 'memory_path': 'DDR', 'cache_hit': False, 'cache_tensor_id': 1000004324, 'core_id': 0, 'size_bytes': 2048, 'path': 'DDR', 'nominal_cycles': 35, 'duration_excess': 98, 'original_tensors': [1000004324], 'slack': 553, 'congestion_exposure': 98.33333333333333, 'wait_priority': 210.11040862405625, 'task': 0}, {'task_id': 0, 'op_id': 1000022665, 'op': 'COPY_IN', 'subgraph_id': 4790, 'pipe': 'PIPE_MTE2', 'start': 93321, 'end': 93454, 'duration': 133, 'memory_path': 'DDR', 'cache_hit': False, 'cache_tensor_id': 1000007170, 'core_id': 0, 'size_bytes': 2048, 'path': 'DDR', 'nominal_cycles': 35, 'duration_excess': 98, 'original_tensors': [1000007170], 'slack': 553, 'congestion_exposure': 98.33333333333333, 'wait_priority': 210.11040862405625, 'task': 0}, {'task_id': 0, 'op_id': 1000026021, 'op': 'COPY_IN', 'subgraph_id': 6666, 'pipe': 'PIPE_MTE2', 'start': 129564, 'end': 129697, 'duration': 133, 'memory_path': 'DDR', 'cache_hit': False, 'cache_tensor_id': 1000010016, 'core_id': 0, 'size_bytes': 2048, 'path': 'DDR', 'nominal_cycles': 35, 'duration_excess': 98, 'original_tensors': [1000010016], 'slack': 553, 'congestion_exposure': 98.33333333333333, 'wait_priority': 210.11040862405625, 'task': 0}, {'task_id': 0, 'op_id': 1000029375, 'op': 'COPY_IN', 'subgraph_id': 8542, 'pipe': 'PIPE_MTE2', 'start': 165807, 'end': 165940, 'duration': 133, 'memory_path': 'DDR', 'cache_hit': False, 'cache_tensor_id': 1000012862, 'core_id': 0, 'size_bytes': 2048, 'path': 'DDR', 'nominal_cycles': 35, 'duration_excess': 98, 'original_tensors': [1000012862], 'slack': 553, 'congestion_exposure': 98.33333333333333, 'wait_priority': 210.11040862405625, 'task': 0}, {'task_id': 1, 'op_id': 1000017631, 'op': 'COPY_IN', 'subgraph_id': 1976, 'pipe': 'PIPE_MTE2', 'start': 38951, 'end': 39084, 'duration': 133, 'memory_path': 'DDR', 'cache_hit': False, 'cache_tensor_id': 1000002901, 'core_id': 1, 'size_bytes': 2048, 'path': 'DDR', 'nominal_cycles': 35, 'duration_excess': 98, 'original_tensors': [1000002901], 'slack': 561, 'congestion_exposure': 98.26666666666667, 'wait_priority': 209.7714522871074, 'task': 1}, {'task_id': 1, 'op_id': 1000020987, 'op': 'COPY_IN', 'subgraph_id': 3852, 'pipe': 'PIPE_MTE2', 'start': 75193, 'end': 75326, 'duration': 133, 'memory_path': 'DDR', 'cache_hit': False, 'cache_tensor_id': 1000005747, 'core_id': 1, 'size_bytes': 2048, 'path': 'DDR', 'nominal_cycles': 35, 'duration_excess': 98, 'original_tensors': [1000005747], 'slack': 562, 'congestion_exposure': 98.21666666666667, 'wait_priority': 209.69135823840156, 'task': 1}, {'task_id': 1, 'op_id': 1000024343, 'op': 'COPY_IN', 'subgraph_id': 5728, 'pipe': 'PIPE_MTE2', 'start': 111436, 'end': 111569, 'duration': 133, 'memory_path': 'DDR', 'cache_hit': False, 'cache_tensor_id': 1000008593, 'core_id': 1, 'size_bytes': 2048, 'path': 'DDR', 'nominal_cycles': 35, 'duration_excess': 98, 'original_tensors': [1000008593], 'slack': 562, 'congestion_exposure': 98.21666666666667, 'wait_priority': 209.69135823840156, 'task': 1}, {'task_id': 1, 'op_id': 1000027699, 'op': 'COPY_IN', 'subgraph_id': 7604, 'pipe': 'PIPE_MTE2', 'start': 147679, 'end': 147812, 'duration': 133, 'memory_path': 'DDR', 'cache_hit': False, 'cache_tensor_id': 1000011439, 'core_id': 1, 'size_bytes': 2048, 'path': 'DDR', 'nominal_cycles': 35, 'duration_excess': 98, 'original_tensors': [1000011439], 'slack': 562, 'congestion_exposure': 98.21666666666667, 'wait_priority': 209.69135823840156, 'task': 1}, {'task_id': 2, 'op_id': 1000014371, 'op': 'COPY_IN', 'subgraph_id': 60, 'pipe': 'PIPE_MTE2', 'start': 2935, 'end': 3047, 'duration': 112, 'memory_path': 'DDR', 'cache_hit': False, 'cache_tensor_id': 1000000055, 'core_id': 2, 'size_bytes': 2048, 'path': 'DDR', 'nominal_cycles': 35, 'duration_excess': 77, 'original_tensors': [1000000055], 'slack': 47, 'congestion_exposure': 77.16666666666666, 'wait_priority': 187.55653058156864, 'task': 2}, {'task_id': 2, 'op_id': 1000014369, 'op': 'COPY_IN', 'subgraph_id': 60, 'pipe': 'PIPE_MTE2', 'start': 2798, 'end': 2908, 'duration': 110, 'memory_path': 'DDR', 'cache_hit': False, 'cache_tensor_id': 1000000052, 'core_id': 2, 'size_bytes': 2048, 'path': 'DDR', 'nominal_cycles': 35, 'duration_excess': 75, 'original_tensors': [1000000052], 'slack': 47, 'congestion_exposure': 75.83333333333333, 'wait_priority': 184.25156969026347, 'task': 2}, {'task_id': 0, 'op_id': 1000017653, 'op': 'COPY_IN', 'subgraph_id': 2870, 'pipe': 'PIPE_MTE2', 'start': 54518, 'end': 54636, 'duration': 118, 'memory_path': 'DDR', 'cache_hit': False, 'cache_tensor_id': 1000002925, 'core_id': 0, 'size_bytes': 4096, 'path': 'DDR', 'nominal_cycles': 69, 'duration_excess': 49, 'original_tensors': [1000002925], 'slack': 1334, 'congestion_exposure': 49.0, 'wait_priority': 134.28082375870014, 'task': 0}, {'task_id': 0, 'op_id': 1000021009, 'op': 'COPY_IN', 'subgraph_id': 4746, 'pipe': 'PIPE_MTE2', 'start': 90761, 'end': 90879, 'duration': 118, 'memory_path': 'DDR', 'cache_hit': False, 'cache_tensor_id': 1000005771, 'core_id': 0, 'size_bytes': 4096, 'path': 'DDR', 'nominal_cycles': 69, 'duration_excess': 49, 'original_tensors': [1000005771], 'slack': 1334, 'congestion_exposure': 49.0, 'wait_priority': 134.28082375870014, 'task': 0}, {'task_id': 0, 'op_id': 1000024365, 'op': 'COPY_IN', 'subgraph_id': 6622, 'pipe': 'PIPE_MTE2', 'start': 127004, 'end': 127122, 'duration': 118, 'memory_path': 'DDR', 'cache_hit': False, 'cache_tensor_id': 1000008617, 'core_id': 0, 'size_bytes': 4096, 'path': 'DDR', 'nominal_cycles': 69, 'duration_excess': 49, 'original_tensors': [1000008617], 'slack': 1334, 'congestion_exposure': 49.0, 'wait_priority': 134.28082375870014, 'task': 0}, {'task_id': 0, 'op_id': 1000027721, 'op': 'COPY_IN', 'subgraph_id': 8498, 'pipe': 'PIPE_MTE2', 'start': 163247, 'end': 163365, 'duration': 118, 'memory_path': 'DDR', 'cache_hit': False, 'cache_tensor_id': 1000011463, 'core_id': 0, 'size_bytes': 4096, 'path': 'DDR', 'nominal_cycles': 69, 'duration_excess': 49, 'original_tensors': [1000011463], 'slack': 1334, 'congestion_exposure': 49.0, 'wait_priority': 134.28082375870014, 'task': 0}, {'task_id': 1, 'op_id': 1000019331, 'op': 'COPY_IN', 'subgraph_id': 3808, 'pipe': 'PIPE_MTE2', 'start': 72636, 'end': 72754, 'duration': 118, 'memory_path': 'DDR', 'cache_hit': False, 'cache_tensor_id': 1000004348, 'core_id': 1, 'size_bytes': 4096, 'path': 'DDR', 'nominal_cycles': 69, 'duration_excess': 49, 'original_tensors': [1000004348], 'slack': 1337, 'congestion_exposure': 49.0, 'wait_priority': 134.22168475540204, 'task': 1}, {'task_id': 1, 'op_id': 1000022687, 'op': 'COPY_IN', 'subgraph_id': 5684, 'pipe': 'PIPE_MTE2', 'start': 108879, 'end': 108997, 'duration': 118, 'memory_path': 'DDR', 'cache_hit': False, 'cache_tensor_id': 1000007194, 'core_id': 1, 'size_bytes': 4096, 'path': 'DDR', 'nominal_cycles': 69, 'duration_excess': 49, 'original_tensors': [1000007194], 'slack': 1337, 'congestion_exposure': 49.0, 'wait_priority': 134.22168475540204, 'task': 1}, {'task_id': 1, 'op_id': 1000026043, 'op': 'COPY_IN', 'subgraph_id': 7560, 'pipe': 'PIPE_MTE2', 'start': 145122, 'end': 145240, 'duration': 118, 'memory_path': 'DDR', 'cache_hit': False, 'cache_tensor_id': 1000010040, 'core_id': 1, 'size_bytes': 4096, 'path': 'DDR', 'nominal_cycles': 69, 'duration_excess': 49, 'original_tensors': [1000010040], 'slack': 1337, 'congestion_exposure': 49.0, 'wait_priority': 134.22168475540204, 'task': 1}, {'task_id': 0, 'op_id': 1000015989, 'op': 'COPY_IN', 'subgraph_id': 1024, 'pipe': 'PIPE_MTE2', 'start': 21069, 'end': 21157, 'duration': 88, 'memory_path': 'DDR', 'cache_hit': False, 'cache_tensor_id': 1000001478, 'core_id': 0, 'size_bytes': 2048, 'path': 'DDR', 'nominal_cycles': 35, 'duration_excess': 53, 'original_tensors': [1000001478], 'slack': 536, 'congestion_exposure': 53.5, 'wait_priority': 128.88202465898826, 'task': 0}, {'task_id': 1, 'op_id': 1000014310, 'op': 'COPY_IN', 'subgraph_id': 43, 'pipe': 'PIPE_MTE2', 'start': 117, 'end': 203, 'duration': 86, 'memory_path': 'DDR', 'cache_hit': False, 'cache_tensor_id': 1000000026, 'core_id': 1, 'size_bytes': 2048, 'path': 'DDR', 'nominal_cycles': 35, 'duration_excess': 51, 'original_tensors': [1000000026], 'slack': 569, 'congestion_exposure': 51.0, 'wait_priority': 124.10196747405188, 'task': 1}, {'task_id': 0, 'op_id': 1000014393, 'op': 'COPY_IN', 'subgraph_id': 980, 'pipe': 'PIPE_MTE2', 'start': 18539, 'end': 18648, 'duration': 109, 'memory_path': 'DDR', 'cache_hit': False, 'cache_tensor_id': 1000000079, 'core_id': 0, 'size_bytes': 4096, 'path': 'DDR', 'nominal_cycles': 69, 'duration_excess': 40, 'original_tensors': [1000000079], 'slack': 1351, 'congestion_exposure': 40.0, 'wait_priority': 119.50905462957402, 'task': 0}], 'compile_seconds': 10.586385042028269, 'limitations': 'Observed durations include dynamic contention; chain/slack and projected residency are ranking diagnostics, not removable-delay certificates.'}",,,,,
case_047_p3_n3,case_047,3,3,core_regression,persistent,23,advance_alternate,/home/konglingrui/.mathmodel/questionA/真机启发算法攻坚/A题研究/直接迭代/运行结果/持续联合冲刺_20260926/正式75配置_6并发/configurations/case_047_p3_n3/persistent/attempt_001/evaluations/attempts/20260926T125808-ab926d1ceaaa4f6a9c848743ef65da4b/record.json,joint,,2,/home/konglingrui/.mathmodel/questionA/真机启发算法攻坚/A题研究/直接迭代/运行结果/持续联合冲刺_20260926/正式75配置_6并发/configurations/case_047_p3_n3/persistent/attempt_001/evaluations/attempts/20260926T130051-3b2e09ce99dd4402bb73a0ba6a99452d/record.json,,1,,,,,,3,,,,,,
case_047_p3_n3,case_047,3,3,core_regression,persistent,24,visit,/home/konglingrui/.mathmodel/questionA/真机启发算法攻坚/A题研究/直接迭代/运行结果/持续联合冲刺_20260926/正式75配置_6并发/configurations/case_047_p3_n3/persistent/attempt_001/evaluations/attempts/20260926T125808-ab926d1ceaaa4f6a9c848743ef65da4b/record.json,joint,,2,/home/konglingrui/.mathmodel/questionA/真机启发算法攻坚/A题研究/直接迭代/运行结果/持续联合冲刺_20260926/正式75配置_6并发/configurations/case_047_p3_n3/persistent/attempt_001/evaluations/attempts/20260926T130051-3b2e09ce99dd4402bb73a0ba6a99452d/record.json,0,0,True,False,True,success,,,,,,,,
case_047_p3_n3,case_047,3,3,core_regression,persistent,25,observe,/home/konglingrui/.mathmodel/questionA/真机启发算法攻坚/A题研究/直接迭代/运行结果/持续联合冲刺_20260926/正式75配置_6并发/configurations/case_047_p3_n3/persistent/attempt_001/evaluations/attempts/20260926T125817-fd0a426476964ba0a6fd3d24135a8013/record.json,,,,,,0,,,,,,,"{'makespan': 150995, 'official_copy': {'original_graph_copy_bytes': 463942, 'scheduled_copy_bytes': 2173906, 'added_copy_bytes': 1709964, 'partition_added_copy_bytes': 1709964, 'spill_added_copy_bytes': 0}, 'path_bytes': {'DDR': 1697096, 'CACHE_READ': 476810}, 'nominal_pool_work_cycles': {'DDR': 30141, 'CACHE_READ': 2406}, 'pool_occupancy': {'DDR': {'busy_cycles': 30141, 'overlap_cycles': 5537, 'peak_concurrent': 6}, 'CACHE_READ': {'busy_cycles': 2406, 'overlap_cycles': 0, 'peak_concurrent': 1}}, 'projected_live_peak': {'0:L1': 24704, '0:UB': 12614, '1:L1': 24704, '1:UB': 12614, '2:L1': 24704, '2:UB': 13126}, 'projected_live_byte_cycles': {'0:L1': 1202658944, '0:UB': 643753382, '1:L1': 1181066368, '1:UB': 638272170, '2:L1': 1236034368, '2:UB': 779965472}, 'memory_dependency_count': 31972, 'critical_chain_ops': 3957, 'critical_chain_memory_edges': 0, 'top_copy_waits': [{'task_id': 1, 'op_id': 1000014389, 'op': 'COPY_IN', 'subgraph_id': 4, 'pipe': 'PIPE_MTE2', 'start': 111, 'end': 228, 'duration': 117, 'memory_path': 'DDR', 'cache_hit': False, 'cache_tensor_id': 1000000055, 'core_id': 1, 'size_bytes': 2048, 'path': 'DDR', 'nominal_cycles': 35, 'duration_excess': 82, 'original_tensors': [1000000055], 'slack': 0, 'congestion_exposure': 82.0, 'wait_priority': 199.0, 'task': 1}, {'task_id': 1, 'op_id': 1000014314, 'op': 'COPY_IN', 'subgraph_id': 1, 'pipe': 'PIPE_MTE2', 'start': 6, 'end': 111, 'duration': 105, 'memory_path': 'DDR', 'cache_hit': False, 'cache_tensor_id': 1000000026, 'core_id': 1, 'size_bytes': 2048, 'path': 'DDR', 'nominal_cycles': 35, 'duration_excess': 70, 'original_tensors': [1000000026], 'slack': 0, 'congestion_exposure': 70.0, 'wait_priority': 175.0, 'task': 1}, {'task_id': 0, 'op_id': 1000014306, 'op': 'COPY_IN', 'subgraph_id': 0, 'pipe': 'PIPE_MTE2', 'start': 6, 'end': 111, 'duration': 105, 'memory_path': 'DDR', 'cache_hit': False, 'cache_tensor_id': 1000000023, 'core_id': 0, 'size_bytes': 2048, 'path': 'DDR', 'nominal_cycles': 35, 'duration_excess': 70, 'original_tensors': [1000000023], 'slack': 53, 'congestion_exposure': 70.0, 'wait_priority': 172.9761502122042, 'task': 0}, {'task_id': 0, 'op_id': 1000014384, 'op': 'COPY_IN', 'subgraph_id': 3, 'pipe': 'PIPE_MTE2', 'start': 111, 'end': 228, 'duration': 117, 'memory_path': 'DDR', 'cache_hit': False, 'cache_tensor_id': 1000000052, 'core_id': 0, 'size_bytes': 2048, 'path': 'DDR', 'nominal_cycles': 35, 'duration_excess': 82, 'original_tensors': [1000000052], 'slack': 978, 'congestion_exposure': 82.0, 'wait_priority': 163.66461504942944, 'task': 0}, {'task_id': 0, 'op_id': 1000015526, 'op': 'COPY_IN', 'subgraph_id': 420, 'pipe': 'PIPE_MTE2', 'start': 41003, 'end': 41161, 'duration': 158, 'memory_path': 'DDR', 'cache_hit': False, 'cache_tensor_id': 1000002896, 'core_id': 0, 'size_bytes': 4096, 'path': 'DDR', 'nominal_cycles': 69, 'duration_excess': 89, 'original_tensors': [1000002896], 'slack': 2429, 'congestion_exposure': 89.0, 'wait_priority': 160.78417410922782, 'task': 0}, {'task_id': 1, 'op_id': 1000015528, 'op': 'COPY_IN', 'subgraph_id': 421, 'pipe': 'PIPE_MTE2', 'start': 41057, 'end': 41206, 'duration': 149, 'memory_path': 'DDR', 'cache_hit': False, 'cache_tensor_id': 1000002896, 'core_id': 1, 'size_bytes': 4096, 'path': 'DDR', 'nominal_cycles': 69, 'duration_excess': 80, 'original_tensors': [1000002896], 'slack': 2012, 'congestion_exposure': 80.0, 'wait_priority': 158.56915857135212, 'task': 1}, {'task_id': 2, 'op_id': 1000014391, 'op': 'COPY_IN', 'subgraph_id': 5, 'pipe': 'PIPE_MTE2', 'start': 111, 'end': 228, 'duration': 117, 'memory_path': 'DDR', 'cache_hit': False, 'cache_tensor_id': 1000000058, 'core_id': 2, 'size_bytes': 2048, 'path': 'DDR', 'nominal_cycles': 35, 'duration_excess': 82, 'original_tensors': [1000000058], 'slack': 1218, 'congestion_exposure': 82.0, 'wait_priority': 156.83084109710586, 'task': 2}, {'task_id': 1, 'op_id': 1000015522, 'op': 'COPY_IN', 'subgraph_id': 421, 'pipe': 'PIPE_MTE2', 'start': 40919, 'end': 41057, 'duration': 138, 'memory_path': 'DDR', 'cache_hit': False, 'cache_tensor_id': 1000002894, 'core_id': 1, 'size_bytes': 4096, 'path': 'DDR', 'nominal_cycles': 69, 'duration_excess': 69, 'original_tensors': [1000002894], 'slack': 2012, 'congestion_exposure': 69.0, 'wait_priority': 143.33544028065455, 'task': 1}, {'task_id': 1, 'op_id': 1000014412, 'op': 'COPY_IN', 'subgraph_id': 151, 'pipe': 'PIPE_MTE2', 'start': 14505, 'end': 14640, 'duration': 135, 'memory_path': 'DDR', 'cache_hit': False, 'cache_tensor_id': 1000000077, 'core_id': 1, 'size_bytes': 4096, 'path': 'DDR', 'nominal_cycles': 69, 'duration_excess': 66, 'original_tensors': [1000000077], 'slack': 1896, 'congestion_exposure': 66.0, 'wait_priority': 141.6932934942459, 'task': 1}, {'task_id': 2, 'op_id': 1000014322, 'op': 'COPY_IN', 'subgraph_id': 2, 'pipe': 'PIPE_MTE2', 'start': 6, 'end': 111, 'duration': 105, 'memory_path': 'DDR', 'cache_hit': False, 'cache_tensor_id': 1000000029, 'core_id': 2, 'size_bytes': 2048, 'path': 'DDR', 'nominal_cycles': 35, 'duration_excess': 70, 'original_tensors': [1000000029], 'slack': 1218, 'congestion_exposure': 70.0, 'wait_priority': 137.91656880398756, 'task': 2}, {'task_id': 0, 'op_id': 1000016709, 'op': 'COPY_IN', 'subgraph_id': 712, 'pipe': 'PIPE_MTE2', 'start': 73653, 'end': 73784, 'duration': 131, 'memory_path': 'DDR', 'cache_hit': False, 'cache_tensor_id': 1000005769, 'core_id': 0, 'size_bytes': 4096, 'path': 'DDR', 'nominal_cycles': 69, 'duration_excess': 62, 'original_tensors': [1000005769], 'slack': 1903, 'congestion_exposure': 62.0, 'wait_priority': 135.9057105326566, 'task': 0}, {'task_id': 0, 'op_id': 1000017831, 'op': 'COPY_IN', 'subgraph_id': 1003, 'pipe': 'PIPE_MTE2', 'start': 103955, 'end': 104086, 'duration': 131, 'memory_path': 'DDR', 'cache_hit': False, 'cache_tensor_id': 1000008615, 'core_id': 0, 'size_bytes': 4096, 'path': 'DDR', 'nominal_cycles': 69, 'duration_excess': 62, 'original_tensors': [1000008615], 'slack': 1903, 'congestion_exposure': 62.0, 'wait_priority': 135.9057105326566, 'task': 0}, {'task_id': 0, 'op_id': 1000018953, 'op': 'COPY_IN', 'subgraph_id': 1294, 'pipe': 'PIPE_MTE2', 'start': 134257, 'end': 134388, 'duration': 131, 'memory_path': 'DDR', 'cache_hit': False, 'cache_tensor_id': 1000011461, 'core_id': 0, 'size_bytes': 4096, 'path': 'DDR', 'nominal_cycles': 69, 'duration_excess': 62, 'original_tensors': [1000011461], 'slack': 1903, 'congestion_exposure': 62.0, 'wait_priority': 135.9057105326566, 'task': 0}, {'task_id': 2, 'op_id': 1000016113, 'op': 'COPY_IN', 'subgraph_id': 556, 'pipe': 'PIPE_MTE2', 'start': 55450, 'end': 55582, 'duration': 132, 'memory_path': 'DDR', 'cache_hit': False, 'cache_tensor_id': 1000004319, 'core_id': 2, 'size_bytes': 4096, 'path': 'DDR', 'nominal_cycles': 69, 'duration_excess': 63, 'original_tensors': [1000004319], 'slack': 3083, 'congestion_exposure': 63.0, 'wait_priority': 116.03023177916286, 'task': 2}, {'task_id': 0, 'op_id': 1000015520, 'op': 'COPY_IN', 'subgraph_id': 420, 'pipe': 'PIPE_MTE2', 'start': 40886, 'end': 41003, 'duration': 117, 'memory_path': 'DDR', 'cache_hit': False, 'cache_tensor_id': 1000002894, 'core_id': 0, 'size_bytes': 4096, 'path': 'DDR', 'nominal_cycles': 69, 'duration_excess': 48, 'original_tensors': [1000002894], 'slack': 2071, 'congestion_exposure': 48.0, 'wait_priority': 113.23166713377823, 'task': 0}, {'task_id': 1, 'op_id': 1000016111, 'op': 'COPY_IN', 'subgraph_id': 555, 'pipe': 'PIPE_MTE2', 'start': 55405, 'end': 55516, 'duration': 111, 'memory_path': 'DDR', 'cache_hit': False, 'cache_tensor_id': 1000004319, 'core_id': 1, 'size_bytes': 4096, 'path': 'DDR', 'nominal_cycles': 69, 'duration_excess': 42, 'original_tensors': [1000004319], 'slack': 2516, 'congestion_exposure': 42.0, 'wait_priority': 98.36528594846611, 'task': 1}, {'task_id': 1, 'op_id': 1000019518, 'op': 'COPY_IN', 'subgraph_id': 1433, 'pipe': 'PIPE_MTE2', 'start': 149080, 'end': 149167, 'duration': 87, 'memory_path': 'DDR', 'cache_hit': False, 'cache_tensor_id': 1000012884, 'core_id': 1, 'size_bytes': 4096, 'path': 'DDR', 'nominal_cycles': 69, 'duration_excess': 18, 'original_tensors': [1000012884], 'slack': 1363, 'congestion_exposure': 18.0, 'wait_priority': 80.71378874398636, 'task': 1}, {'task_id': 2, 'op_id': 1000014986, 'op': 'COPY_IN', 'subgraph_id': 290, 'pipe': 'PIPE_MTE2', 'start': 29315, 'end': 29402, 'duration': 87, 'memory_path': 'DDR', 'cache_hit': False, 'cache_tensor_id': 1000001500, 'core_id': 2, 'size_bytes': 4096, 'path': 'DDR', 'nominal_cycles': 69, 'duration_excess': 18, 'original_tensors': [1000001500], 'slack': 1606, 'congestion_exposure': 18.0, 'wait_priority': 77.5172551480235, 'task': 2}, {'task_id': 1, 'op_id': 1000017274, 'op': 'COPY_IN', 'subgraph_id': 851, 'pipe': 'PIPE_MTE2', 'start': 88476, 'end': 88563, 'duration': 87, 'memory_path': 'DDR', 'cache_hit': False, 'cache_tensor_id': 1000007192, 'core_id': 1, 'size_bytes': 4096, 'path': 'DDR', 'nominal_cycles': 69, 'duration_excess': 18, 'original_tensors': [1000007192], 'slack': 1608, 'congestion_exposure': 18.0, 'wait_priority': 77.49199638309831, 'task': 1}, {'task_id': 1, 'op_id': 1000018396, 'op': 'COPY_IN', 'subgraph_id': 1142, 'pipe': 'PIPE_MTE2', 'start': 118778, 'end': 118865, 'duration': 87, 'memory_path': 'DDR', 'cache_hit': False, 'cache_tensor_id': 1000010038, 'core_id': 1, 'size_bytes': 4096, 'path': 'DDR', 'nominal_cycles': 69, 'duration_excess': 18, 'original_tensors': [1000010038], 'slack': 1608, 'congestion_exposure': 18.0, 'wait_priority': 77.49199638309831, 'task': 1}], 'compile_seconds': 7.084745393018238, 'limitations': 'Observed durations include dynamic contention; chain/slack and projected residency are ranking diagnostics, not removable-delay certificates.'}",,,,,
case_047_p3_n3,case_047,3,3,core_regression,persistent,26,visit,/home/konglingrui/.mathmodel/questionA/真机启发算法攻坚/A题研究/直接迭代/运行结果/持续联合冲刺_20260926/正式75配置_6并发/configurations/case_047_p3_n3/persistent/attempt_001/evaluations/attempts/20260926T125817-fd0a426476964ba0a6fd3d24135a8013/record.json,joint,,3,/home/konglingrui/.mathmodel/questionA/真机启发算法攻坚/A题研究/直接迭代/运行结果/持续联合冲刺_20260926/正式75配置_6并发/configurations/case_047_p3_n3/persistent/attempt_001/evaluations/attempts/20260926T130108-d0ee12e123aa45b9a617328341fbdbf4/record.json,0,0,False,False,True,success,,,,,,,,
case_047_p3_n3,case_047,3,3,core_regression,persistent,27,observe,/home/konglingrui/.mathmodel/questionA/真机启发算法攻坚/A题研究/直接迭代/运行结果/持续联合冲刺_20260926/正式75配置_6并发/configurations/case_047_p3_n3/persistent/attempt_001/evaluations/attempts/20260926T125830-d2c43a2e6f7e4ab6babcaae1dfd19d53/record.json,,,,,,0,,,,,,,"{'makespan': 151284, 'official_copy': {'original_graph_copy_bytes': 463942, 'scheduled_copy_bytes': 4309842, 'added_copy_bytes': 3845900, 'partition_added_copy_bytes': 3845900, 'spill_added_copy_bytes': 0}, 'path_bytes': {'DDR': 4020966, 'CACHE_READ': 288876}, 'nominal_pool_work_cycles': {'DDR': 72109, 'CACHE_READ': 1546}, 'pool_occupancy': {'DDR': {'busy_cycles': 72109, 'overlap_cycles': 46259, 'peak_concurrent': 6}, 'CACHE_READ': {'busy_cycles': 1546, 'overlap_cycles': 38, 'peak_concurrent': 2}}, 'projected_live_peak': {'0:L1': 21504, '0:UB': 30054, '1:L1': 18240, '1:UB': 21124, '2:L1': 19328, '2:UB': 20020}, 'projected_live_byte_cycles': {'0:L1': 813054400, '0:UB': 825050948, '1:L1': 798358912, '1:UB': 901665004, '2:L1': 752723072, '2:UB': 830449394}, 'memory_dependency_count': 38565, 'critical_chain_ops': 2779, 'critical_chain_memory_edges': 0, 'top_copy_waits': [{'task_id': 0, 'op_id': 1000019002, 'op': 'COPY_IN', 'subgraph_id': 504, 'pipe': 'PIPE_MTE2', 'start': 3148, 'end': 3348, 'duration': 200, 'memory_path': 'DDR', 'cache_hit': False, 'cache_tensor_id': 1000004295, 'core_id': 0, 'size_bytes': 2048, 'path': 'DDR', 'nominal_cycles': 35, 'duration_excess': 165, 'original_tensors': [1000004295], 'slack': 350, 'congestion_exposure': 165.19999999999996, 'wait_priority': 339.05302709204415, 'task': 0}, {'task_id': 0, 'op_id': 1000019058, 'op': 'COPY_IN', 'subgraph_id': 508, 'pipe': 'PIPE_MTE2', 'start': 3348, 'end': 3523, 'duration': 175, 'memory_path': 'DDR', 'cache_hit': False, 'cache_tensor_id': 1000004321, 'core_id': 0, 'size_bytes': 2048, 'path': 'DDR', 'nominal_cycles': 35, 'duration_excess': 140, 'original_tensors': [1000004321], 'slack': 350, 'congestion_exposure': 140.21666666666667, 'wait_priority': 292.6483160547569, 'task': 0}, {'task_id': 2, 'op_id': 1000025221, 'op': 'COPY_IN', 'subgraph_id': 256, 'pipe': 'PIPE_MTE2', 'start': 2899, 'end': 3056, 'duration': 157, 'memory_path': 'DDR', 'cache_hit': False, 'cache_tensor_id': 1000010019, 'core_id': 2, 'size_bytes': 2048, 'path': 'DDR', 'nominal_cycles': 35, 'duration_excess': 122, 'original_tensors': [1000010019], 'slack': 3, 'congestion_exposure': 122.35000000000001, 'wait_priority': 279.16546927020033, 'task': 2}, {'task_id': 0, 'op_id': 1000019060, 'op': 'COPY_IN', 'subgraph_id': 513, 'pipe': 'PIPE_MTE2', 'start': 3523, 'end': 3690, 'duration': 167, 'memory_path': 'DDR', 'cache_hit': False, 'cache_tensor_id': 1000004324, 'core_id': 0, 'size_bytes': 2048, 'path': 'DDR', 'nominal_cycles': 35, 'duration_excess': 132, 'original_tensors': [1000004324], 'slack': 350, 'congestion_exposure': 132.3, 'wait_priority': 277.871224010539, 'task': 0}, {'task_id': 0, 'op_id': 1000019000, 'op': 'COPY_IN', 'subgraph_id': 501, 'pipe': 'PIPE_MTE2', 'start': 2981, 'end': 3148, 'duration': 167, 'memory_path': 'DDR', 'cache_hit': False, 'cache_tensor_id': 1000004292, 'core_id': 0, 'size_bytes': 2048, 'path': 'DDR', 'nominal_cycles': 35, 'duration_excess': 132, 'original_tensors': [1000004292], 'slack': 350, 'congestion_exposure': 132.25, 'wait_priority': 277.82480382610686, 'task': 0}, {'task_id': 2, 'op_id': 1000020468, 'op': 'COPY_IN', 'subgraph_id': 164, 'pipe': 'PIPE_MTE2', 'start': 1836, 'end': 1988, 'duration': 152, 'memory_path': 'DDR', 'cache_hit': False, 'cache_tensor_id': 1000005721, 'core_id': 2, 'size_bytes': 2048, 'path': 'DDR', 'nominal_cycles': 35, 'duration_excess': 117, 'original_tensors': [1000005721], 'slack': 5, 'congestion_exposure': 117.11666666666666, 'wait_priority': 268.82051229003065, 'task': 2}, {'task_id': 2, 'op_id': 1000022030, 'op': 'COPY_IN', 'subgraph_id': 224, 'pipe': 'PIPE_MTE2', 'start': 2738, 'end': 2889, 'duration': 151, 'memory_path': 'DDR', 'cache_hit': False, 'cache_tensor_id': 1000007173, 'core_id': 2, 'size_bytes': 2048, 'path': 'DDR', 'nominal_cycles': 35, 'duration_excess': 116, 'original_tensors': [1000007173], 'slack': 0, 'congestion_exposure': 116.23333333333333, 'wait_priority': 267.23333333333335, 'task': 2}, {'task_id': 2, 'op_id': 1000022028, 'op': 'COPY_IN', 'subgraph_id': 212, 'pipe': 'PIPE_MTE2', 'start': 2553, 'end': 2700, 'duration': 147, 'memory_path': 'DDR', 'cache_hit': False, 'cache_tensor_id': 1000007170, 'core_id': 2, 'size_bytes': 2048, 'path': 'DDR', 'nominal_cycles': 35, 'duration_excess': 112, 'original_tensors': [1000007170], 'slack': 0, 'congestion_exposure': 112.45, 'wait_priority': 259.45, 'task': 2}, {'task_id': 2, 'op_id': 1000021974, 'op': 'COPY_IN', 'subgraph_id': 197, 'pipe': 'PIPE_MTE2', 'start': 2237, 'end': 2379, 'duration': 142, 'memory_path': 'DDR', 'cache_hit': False, 'cache_tensor_id': 1000007141, 'core_id': 2, 'size_bytes': 2048, 'path': 'DDR', 'nominal_cycles': 35, 'duration_excess': 107, 'original_tensors': [1000007141], 'slack': 0, 'congestion_exposure': 107.4, 'wait_priority': 249.4, 'task': 2}, {'task_id': 2, 'op_id': 1000022026, 'op': 'COPY_IN', 'subgraph_id': 200, 'pipe': 'PIPE_MTE2', 'start': 2379, 'end': 2514, 'duration': 135, 'memory_path': 'DDR', 'cache_hit': False, 'cache_tensor_id': 1000007167, 'core_id': 2, 'size_bytes': 2048, 'path': 'DDR', 'nominal_cycles': 35, 'duration_excess': 100, 'original_tensors': [1000007167], 'slack': 0, 'congestion_exposure': 100.43333333333334, 'wait_priority': 235.43333333333334, 'task': 2}, {'task_id': 1, 'op_id': 1000021982, 'op': 'COPY_IN', 'subgraph_id': 430, 'pipe': 'PIPE_MTE2', 'start': 4172, 'end': 4286, 'duration': 114, 'memory_path': 'DDR', 'cache_hit': False, 'cache_tensor_id': 1000007144, 'core_id': 1, 'size_bytes': 2048, 'path': 'DDR', 'nominal_cycles': 35, 'duration_excess': 79, 'original_tensors': [1000007144], 'slack': 0, 'congestion_exposure': 79.00000000000001, 'wait_priority': 193.0, 'task': 1}, {'task_id': 0, 'op_id': 1000019010, 'op': 'COPY_IN', 'subgraph_id': 517, 'pipe': 'PIPE_MTE2', 'start': 3690, 'end': 3810, 'duration': 120, 'memory_path': 'DDR', 'cache_hit': False, 'cache_tensor_id': 1000004298, 'core_id': 0, 'size_bytes': 2048, 'path': 'DDR', 'nominal_cycles': 35, 'duration_excess': 85, 'original_tensors': [1000004298], 'slack': 350, 'congestion_exposure': 85.08333333333334, 'wait_priority': 190.40012314565556, 'task': 0}, {'task_id': 1, 'op_id': 1000014318, 'op': 'COPY_IN', 'subgraph_id': 21, 'pipe': 'PIPE_MTE2', 'start': 219, 'end': 330, 'duration': 111, 'memory_path': 'DDR', 'cache_hit': False, 'cache_tensor_id': 1000000029, 'core_id': 1, 'size_bytes': 2048, 'path': 'DDR', 'nominal_cycles': 35, 'duration_excess': 76, 'original_tensors': [1000000029], 'slack': 5, 'congestion_exposure': 76.0, 'wait_priority': 186.7942124168046, 'task': 1}, {'task_id': 0, 'op_id': 1000020458, 'op': 'COPY_IN', 'subgraph_id': 524, 'pipe': 'PIPE_MTE2', 'start': 4146, 'end': 4257, 'duration': 111, 'memory_path': 'DDR', 'cache_hit': False, 'cache_tensor_id': 1000005715, 'core_id': 0, 'size_bytes': 2048, 'path': 'DDR', 'nominal_cycles': 35, 'duration_excess': 76, 'original_tensors': [1000005715], 'slack': 20, 'congestion_exposure': 76.33333333333334, 'wait_priority': 186.51142914805683, 'task': 0}, {'task_id': 0, 'op_id': 1000014358, 'op': 'COPY_IN', 'subgraph_id': 22, 'pipe': 'PIPE_MTE2', 'start': 219, 'end': 330, 'duration': 111, 'memory_path': 'DDR', 'cache_hit': False, 'cache_tensor_id': 1000000052, 'core_id': 0, 'size_bytes': 2048, 'path': 'DDR', 'nominal_cycles': 35, 'duration_excess': 76, 'original_tensors': [1000000052], 'slack': 44, 'congestion_exposure': 76.0, 'wait_priority': 185.20448137705893, 'task': 0}, {'task_id': 2, 'op_id': 1000026627, 'op': 'COPY_IN', 'subgraph_id': 352, 'pipe': 'PIPE_MTE2', 'start': 3724, 'end': 3834, 'duration': 110, 'memory_path': 'DDR', 'cache_hit': False, 'cache_tensor_id': 1000011413, 'core_id': 2, 'size_bytes': 2048, 'path': 'DDR', 'nominal_cycles': 35, 'duration_excess': 75, 'original_tensors': [1000011413], 'slack': 3, 'congestion_exposure': 75.16666666666666, 'wait_priority': 185.04435079004386, 'task': 2}, {'task_id': 2, 'op_id': 1000028131, 'op': 'COPY_IN', 'subgraph_id': 355, 'pipe': 'PIPE_MTE2', 'start': 3834, 'end': 3941, 'duration': 107, 'memory_path': 'DDR', 'cache_hit': False, 'cache_tensor_id': 1000012830, 'core_id': 2, 'size_bytes': 2048, 'path': 'DDR', 'nominal_cycles': 35, 'duration_excess': 72, 'original_tensors': [1000012830], 'slack': 3, 'congestion_exposure': 72.66666666666667, 'wait_priority': 179.54798393489406, 'task': 2}, {'task_id': 2, 'op_id': 1000021972, 'op': 'COPY_IN', 'subgraph_id': 195, 'pipe': 'PIPE_MTE2', 'start': 2131, 'end': 2237, 'duration': 106, 'memory_path': 'DDR', 'cache_hit': False, 'cache_tensor_id': 1000007138, 'core_id': 2, 'size_bytes': 2048, 'path': 'DDR', 'nominal_cycles': 35, 'duration_excess': 71, 'original_tensors': [1000007138], 'slack': 0, 'congestion_exposure': 71.41666666666666, 'wait_priority': 177.41666666666666, 'task': 2}, {'task_id': 1, 'op_id': 1000014310, 'op': 'COPY_IN', 'subgraph_id': 7, 'pipe': 'PIPE_MTE2', 'start': 114, 'end': 219, 'duration': 105, 'memory_path': 'DDR', 'cache_hit': False, 'cache_tensor_id': 1000000026, 'core_id': 1, 'size_bytes': 2048, 'path': 'DDR', 'nominal_cycles': 35, 'duration_excess': 70, 'original_tensors': [1000000026], 'slack': 0, 'congestion_exposure': 70.0, 'wait_priority': 175.0, 'task': 1}, {'task_id': 2, 'op_id': 1000014388, 'op': 'COPY_IN', 'subgraph_id': 280, 'pipe': 'PIPE_MTE2', 'start': 3112, 'end': 3208, 'duration': 96, 'memory_path': 'DDR', 'cache_hit': False, 'cache_tensor_id': 1000000089, 'core_id': 2, 'size_bytes': 1024, 'path': 'DDR', 'nominal_cycles': 18, 'duration_excess': 78, 'original_tensors': [1000000089], 'slack': 3, 'congestion_exposure': 78.0, 'wait_priority': 173.88506050837606, 'task': 2}], 'compile_seconds': 10.349211425986141, 'limitations': 'Observed durations include dynamic contention; chain/slack and projected residency are ranking diagnostics, not removable-delay certificates.'}",,,,,
case_047_p3_n3,case_047,3,3,core_regression,persistent,28,advance,/home/konglingrui/.mathmodel/questionA/真机启发算法攻坚/A题研究/直接迭代/运行结果/持续联合冲刺_20260926/正式75配置_6并发/configurations/case_047_p3_n3/persistent/attempt_001/evaluations/attempts/20260926T125830-d2c43a2e6f7e4ab6babcaae1dfd19d53/record.json,joint,,4,/home/konglingrui/.mathmodel/questionA/真机启发算法攻坚/A题研究/直接迭代/运行结果/持续联合冲刺_20260926/正式75配置_6并发/configurations/case_047_p3_n3/persistent/attempt_001/evaluations/attempts/20260926T130125-3bc10bcab4c5402586119e3b8b1d700d/record.json,,1,,,,,False,1,,,,,,
case_047_p3_n3,case_047,3,3,core_regression,persistent,29,visit,/home/konglingrui/.mathmodel/questionA/真机启发算法攻坚/A题研究/直接迭代/运行结果/持续联合冲刺_20260926/正式75配置_6并发/configurations/case_047_p3_n3/persistent/attempt_001/evaluations/attempts/20260926T125830-d2c43a2e6f7e4ab6babcaae1dfd19d53/record.json,joint,,4,/home/konglingrui/.mathmodel/questionA/真机启发算法攻坚/A题研究/直接迭代/运行结果/持续联合冲刺_20260926/正式75配置_6并发/configurations/case_047_p3_n3/persistent/attempt_001/evaluations/attempts/20260926T130125-3bc10bcab4c5402586119e3b8b1d700d/record.json,1,0,True,False,False,success,,,,,,,,
case_047_p3_n3,case_047,3,3,core_regression,persistent,30,advance,/home/konglingrui/.mathmodel/questionA/真机启发算法攻坚/A题研究/直接迭代/运行结果/持续联合冲刺_20260926/正式75配置_6并发/configurations/case_047_p3_n3/persistent/attempt_001/evaluations/attempts/20260926T130125-3bc10bcab4c5402586119e3b8b1d700d/record.json,insertion,,4,/home/konglingrui/.mathmodel/questionA/真机启发算法攻坚/A题研究/直接迭代/运行结果/持续联合冲刺_20260926/正式75配置_6并发/configurations/case_047_p3_n3/persistent/attempt_001/evaluations/attempts/20260926T130135-f2f9bc18083842c7a85fd4ea8a1ccd9c/record.json,,2,,,,,False,2,,,,,,
case_047_p3_n3,case_047,3,3,core_regression,persistent,31,visit,/home/konglingrui/.mathmodel/questionA/真机启发算法攻坚/A题研究/直接迭代/运行结果/持续联合冲刺_20260926/正式75配置_6并发/configurations/case_047_p3_n3/persistent/attempt_001/evaluations/attempts/20260926T130125-3bc10bcab4c5402586119e3b8b1d700d/record.json,insertion,,4,/home/konglingrui/.mathmodel/questionA/真机启发算法攻坚/A题研究/直接迭代/运行结果/持续联合冲刺_20260926/正式75配置_6并发/configurations/case_047_p3_n3/persistent/attempt_001/evaluations/attempts/20260926T130135-f2f9bc18083842c7a85fd4ea8a1ccd9c/record.json,0,1,True,False,False,success,,,,,,,,
case_047_p3_n3,case_047,3,3,core_regression,persistent,32,visit,/home/konglingrui/.mathmodel/questionA/真机启发算法攻坚/A题研究/直接迭代/运行结果/持续联合冲刺_20260926/正式75配置_6并发/configurations/case_047_p3_n3/persistent/attempt_001/evaluations/attempts/20260926T125830-d2c43a2e6f7e4ab6babcaae1dfd19d53/record.json,cache,,4,/home/konglingrui/.mathmodel/questionA/真机启发算法攻坚/A题研究/直接迭代/运行结果/持续联合冲刺_20260926/正式75配置_6并发/configurations/case_047_p3_n3/persistent/attempt_001/evaluations/attempts/20260926T130145-5b620bf8f51a4013b820d224ad00ca68/record.json,0,0,False,False,True,success,,,,,,,,
case_047_p3_n3,case_047,3,3,core_regression,persistent,33,admit,,,,0,/home/konglingrui/.mathmodel/questionA/真机启发算法攻坚/A题研究/直接迭代/运行结果/持续联合冲刺_20260926/正式75配置_6并发/configurations/case_047_p3_n3/persistent/attempt_001/evaluations/attempts/20260926T125823-5a1691207b754f1dbfec26fb31051612/record.json,,,,,,,,,,2,stable_w200_joint,,,
case_047_p3_n3,case_047,3,3,core_regression,persistent,34,admit,,,,1,/home/konglingrui/.mathmodel/questionA/真机启发算法攻坚/A题研究/直接迭代/运行结果/持续联合冲刺_20260926/正式75配置_6并发/configurations/case_047_p3_n3/persistent/attempt_001/evaluations/attempts/20260926T125759-68258ad99a904fe4ad902d3d44a30573/record.json,,,,,,,,,,2,whole_component_control,,,
case_047_p3_n3,case_047,3,3,core_regression,persistent,35,admit,,,,2,/home/konglingrui/.mathmodel/questionA/真机启发算法攻坚/A题研究/直接迭代/运行结果/持续联合冲刺_20260926/正式75配置_6并发/configurations/case_047_p3_n3/persistent/attempt_001/evaluations/attempts/20260926T125808-ab926d1ceaaa4f6a9c848743ef65da4b/record.json,,,,,,,,,,2,critical_w100_control,,,
case_047_p3_n3,case_047,3,3,core_regression,persistent,36,retire,,,,1,,0,,,,,,,,,,,completed_lease_stalled,3,
case_047_p3_n3,case_047,3,3,core_regression,persistent,37,admit,,,,3,/home/konglingrui/.mathmodel/questionA/真机启发算法攻坚/A题研究/直接迭代/运行结果/持续联合冲刺_20260926/正式75配置_6并发/configurations/case_047_p3_n3/persistent/attempt_001/evaluations/attempts/20260926T125817-fd0a426476964ba0a6fd3d24135a8013/record.json,,,,,,,,,,2,stable_w100_control,,,
case_047_p3_n3,case_047,3,3,core_regression,persistent,38,retire,,,,3,,0,,,,,,,,,,,completed_lease_stalled,3,
case_047_p3_n3,case_047,3,3,core_regression,persistent,39,admit,,,,4,/home/konglingrui/.mathmodel/questionA/真机启发算法攻坚/A题研究/直接迭代/运行结果/持续联合冲刺_20260926/正式75配置_6并发/configurations/case_047_p3_n3/persistent/attempt_001/evaluations/attempts/20260926T125830-d2c43a2e6f7e4ab6babcaae1dfd19d53/record.json,,,,,,,,,,2,critical_w200_joint,,,
case_054_p1_n5,case_054,1,5,development,legacy,1,legacy_visit,/home/konglingrui/.mathmodel/questionA/真机启发算法攻坚/A题研究/直接迭代/运行结果/持续联合冲刺_20260926/正式75配置_6并发/configurations/case_054_p1_n5/legacy/attempt_001/evaluations/attempts/20260926T130217-75d90f30850647159632af38e9119c96/record.json,legacy,False,,,,,,,,,,,,,,,,
case_054_p1_n5,case_054,1,5,development,legacy,2,legacy_visit,/home/konglingrui/.mathmodel/questionA/真机启发算法攻坚/A题研究/直接迭代/运行结果/持续联合冲刺_20260926/正式75配置_6并发/configurations/case_054_p1_n5/legacy/attempt_001/evaluations/attempts/20260926T130358-430d1d04b4a14ba993fe4d90aa473fcc/record.json,joint,True,,,,,,,,,,,,,,,,
case_054_p1_n5,case_054,1,5,development,legacy,3,legacy_visit,/home/konglingrui/.mathmodel/questionA/真机启发算法攻坚/A题研究/直接迭代/运行结果/持续联合冲刺_20260926/正式75配置_6并发/configurations/case_054_p1_n5/legacy/attempt_001/evaluations/attempts/20260926T130411-a2ccccc521a84ce389c2fde75458809e/record.json,joint,True,,,,,,,,,,,,,,,,
case_054_p1_n5,case_054,1,5,development,legacy,4,legacy_visit,/home/konglingrui/.mathmodel/questionA/真机启发算法攻坚/A题研究/直接迭代/运行结果/持续联合冲刺_20260926/正式75配置_6并发/configurations/case_054_p1_n5/legacy/attempt_001/evaluations/attempts/20260926T130424-9c9928c06f854c38a017df39bc2c8cdf/record.json,joint,True,,,,,,,,,,,,,,,,
case_054_p1_n5,case_054,1,5,development,legacy,5,legacy_visit,/home/konglingrui/.mathmodel/questionA/真机启发算法攻坚/A题研究/直接迭代/运行结果/持续联合冲刺_20260926/正式75配置_6并发/configurations/case_054_p1_n5/legacy/attempt_001/evaluations/attempts/20260926T130437-35cce287522346c28eb2cbb64d841879/record.json,joint,True,,,,,,,,,,,,,,,,
case_054_p1_n5,case_054,1,5,development,legacy,6,legacy_visit,/home/konglingrui/.mathmodel/questionA/真机启发算法攻坚/A题研究/直接迭代/运行结果/持续联合冲刺_20260926/正式75配置_6并发/configurations/case_054_p1_n5/legacy/attempt_001/evaluations/attempts/20260926T130450-13b228ed672942ccbf436b6b389cd8db/record.json,joint,True,,,,,,,,,,,,,,,,
case_054_p1_n5,case_054,1,5,development,legacy,7,legacy_visit,/home/konglingrui/.mathmodel/questionA/真机启发算法攻坚/A题研究/直接迭代/运行结果/持续联合冲刺_20260926/正式75配置_6并发/configurations/case_054_p1_n5/legacy/attempt_001/evaluations/attempts/20260926T130503-3e97e6735e12460d821b6237d0f1e6a6/record.json,joint,True,,,,,,,,,,,,,,,,
case_054_p1_n5,case_054,1,5,development,legacy,8,legacy_visit,/home/konglingrui/.mathmodel/questionA/真机启发算法攻坚/A题研究/直接迭代/运行结果/持续联合冲刺_20260926/正式75配置_6并发/configurations/case_054_p1_n5/legacy/attempt_001/evaluations/attempts/20260926T130517-eba3d6abb4dc4d14b447df1e372651ea/record.json,joint,True,,,,,,,,,,,,,,,,
case_054_p1_n5,case_054,1,5,development,legacy,9,legacy_visit,/home/konglingrui/.mathmodel/questionA/真机启发算法攻坚/A题研究/直接迭代/运行结果/持续联合冲刺_20260926/正式75配置_6并发/configurations/case_054_p1_n5/legacy/attempt_001/evaluations/attempts/20260926T130532-6b9328d91dc845e388ebad190b373974/record.json,joint,False,,,,,,,,,,,,,,,,
case_054_p1_n5,case_054,1,5,development,legacy,10,legacy_visit,/home/konglingrui/.mathmodel/questionA/真机启发算法攻坚/A题研究/直接迭代/运行结果/持续联合冲刺_20260926/正式75配置_6并发/configurations/case_054_p1_n5/legacy/attempt_001/evaluations/attempts/20260926T130547-8a930764cdd24714aa2de93e69ef21db/record.json,joint,True,,,,,,,,,,,,,,,,
case_054_p1_n5,case_054,1,5,development,persistent,1,observe,/home/konglingrui/.mathmodel/questionA/真机启发算法攻坚/A题研究/直接迭代/运行结果/持续联合冲刺_20260926/正式75配置_6并发/configurations/case_054_p1_n5/persistent/attempt_001/evaluations/attempts/20260926T125817-4515bc0d7cea46d2a9d85f236b8b52c1/record.json,,,,,,0,,,,,,,"{'makespan': 474129, 'official_copy': {'original_graph_copy_bytes': 1606276, 'scheduled_copy_bytes': 4792878, 'added_copy_bytes': 3186602, 'partition_added_copy_bytes': 3186602, 'spill_added_copy_bytes': 0}, 'path_bytes': {'DDR': 4792878}, 'nominal_pool_work_cycles': {'DDR': 81309}, 'pool_occupancy': {'DDR': {'busy_cycles': 81309, 'overlap_cycles': 46231, 'peak_concurrent': 8}, 'CACHE_READ': {'busy_cycles': 0, 'overlap_cycles': 0, 'peak_concurrent': 0}}, 'projected_live_peak': {'3:L1': 98304, '3:UB': 10848, '4:L1': 98304, '4:UB': 10848, '0:L1': 106496, '0:UB': 10848, '1:L1': 106496, '1:UB': 10848, '2:L1': 62976, '2:UB': 41206}, 'projected_live_byte_cycles': {'3:L1': 4903708160, '3:UB': 63290450, '4:L1': 4902344320, '4:UB': 67172570, '0:L1': 5978807552, '0:UB': 49866732, '1:L1': 5386049216, '1:UB': 50285646, '2:L1': 13550479616, '2:UB': 9114357858}, 'memory_dependency_count': 19481, 'critical_chain_ops': 11490, 'critical_chain_memory_edges': 0, 'top_copy_waits': [{'task_id': 354, 'op_id': 17578, 'op': 'COPY_IN', 'pipe': 'PIPE_MTE2', 'start': 27577, 'end': 27922, 'duration': 345, 'core_id': 2, 'size_bytes': 4096, 'path': 'DDR', 'nominal_cycles': 69, 'duration_excess': 276, 'original_tensors': [1000000052], 'slack': 0, 'congestion_exposure': 276.0, 'wait_priority': 621.0, 'task': 354}, {'task_id': 354, 'op_id': 17579, 'op': 'COPY_IN', 'pipe': 'PIPE_MTE2', 'start': 27922, 'end': 28267, 'duration': 345, 'core_id': 2, 'size_bytes': 4096, 'path': 'DDR', 'nominal_cycles': 69, 'duration_excess': 276, 'original_tensors': [1000000054], 'slack': 411, 'congestion_exposure': 276.0, 'wait_priority': 603.5600774041724, 'task': 354}, {'task_id': 15, 'op_id': 16251, 'op': 'COPY_IN', 'pipe': 'PIPE_MTE2', 'start': 489, 'end': 788, 'duration': 299, 'core_id': 0, 'size_bytes': 8192, 'path': 'DDR', 'nominal_cycles': 137, 'duration_excess': 162, 'original_tensors': [1000015762], 'slack': 1543, 'congestion_exposure': 162.0, 'wait_priority': 415.8849581432459, 'task': 15}, {'task_id': 15, 'op_id': 16250, 'op': 'COPY_IN', 'pipe': 'PIPE_MTE2', 'start': 0, 'end': 245, 'duration': 245, 'core_id': 0, 'size_bytes': 8192, 'path': 'DDR', 'nominal_cycles': 137, 'duration_excess': 108, 'original_tensors': [1000015760], 'slack': 0, 'congestion_exposure': 108.0, 'wait_priority': 353.0, 'task': 15}, {'task_id': 15, 'op_id': 16256, 'op': 'COPY_IN', 'pipe': 'PIPE_MTE2', 'start': 245, 'end': 489, 'duration': 244, 'core_id': 0, 'size_bytes': 8192, 'path': 'DDR', 'nominal_cycles': 137, 'duration_excess': 107, 'original_tensors': [1000016156], 'slack': 0, 'congestion_exposure': 107.0, 'wait_priority': 351.0, 'task': 15}, {'task_id': 354, 'op_id': 17577, 'op': 'COPY_IN', 'pipe': 'PIPE_MTE2', 'start': 27007, 'end': 27182, 'duration': 175, 'core_id': 2, 'size_bytes': 2048, 'path': 'DDR', 'nominal_cycles': 35, 'duration_excess': 140, 'original_tensors': [1000000033], 'slack': 0, 'congestion_exposure': 140.0, 'wait_priority': 315.0, 'task': 354}, {'task_id': 271, 'op_id': 17237, 'op': 'COPY_IN', 'pipe': 'PIPE_MTE2', 'start': 5972, 'end': 6154, 'duration': 182, 'core_id': 4, 'size_bytes': 1536, 'path': 'DDR', 'nominal_cycles': 26, 'duration_excess': 156, 'original_tensors': [1000000113], 'slack': 1264, 'congestion_exposure': 156.03571428571428, 'wait_priority': 310.4478572816754, 'task': 271}, {'task_id': 356, 'op_id': 17778, 'op': 'COPY_IN', 'pipe': 'PIPE_MTE2', 'start': 97188, 'end': 97395, 'duration': 207, 'core_id': 2, 'size_bytes': 4096, 'path': 'DDR', 'nominal_cycles': 69, 'duration_excess': 138, 'original_tensors': [1000002326], 'slack': 1766, 'congestion_exposure': 138.0, 'wait_priority': 306.89650072201965, 'task': 356}, {'task_id': 356, 'op_id': 17779, 'op': 'COPY_IN', 'pipe': 'PIPE_MTE2', 'start': 97395, 'end': 97602, 'duration': 207, 'core_id': 2, 'size_bytes': 4096, 'path': 'DDR', 'nominal_cycles': 69, 'duration_excess': 138, 'original_tensors': [1000002328], 'slack': 2075, 'congestion_exposure': 138.0, 'wait_priority': 301.0782434610498, 'task': 356}, {'task_id': 354, 'op_id': 17610, 'op': 'COPY_IN', 'pipe': 'PIPE_MTE2', 'start': 28267, 'end': 28442, 'duration': 175, 'core_id': 2, 'size_bytes': 2048, 'path': 'DDR', 'nominal_cycles': 35, 'duration_excess': 140, 'original_tensors': [1000002272], 'slack': 799, 'congestion_exposure': 140.0, 'wait_priority': 298.2465434367734, 'task': 354}, {'task_id': 354, 'op_id': 17611, 'op': 'COPY_IN', 'pipe': 'PIPE_MTE2', 'start': 28447, 'end': 28622, 'duration': 175, 'core_id': 2, 'size_bytes': 2048, 'path': 'DDR', 'nominal_cycles': 35, 'duration_excess': 140, 'original_tensors': [1000002275], 'slack': 799, 'congestion_exposure': 140.0, 'wait_priority': 298.2465434367734, 'task': 354}, {'task_id': 356, 'op_id': 17773, 'op': 'COPY_IN', 'pipe': 'PIPE_MTE2', 'start': 98145, 'end': 98352, 'duration': 207, 'core_id': 2, 'size_bytes': 4096, 'path': 'DDR', 'nominal_cycles': 69, 'duration_excess': 138, 'original_tensors': [1000002297], 'slack': 2631, 'congestion_exposure': 138.0, 'wait_priority': 291.1464253358228, 'task': 356}, {'task_id': 145, 'op_id': 16797, 'op': 'COPY_IN', 'pipe': 'PIPE_MTE2', 'start': 10225, 'end': 10397, 'duration': 172, 'core_id': 2, 'size_bytes': 1536, 'path': 'DDR', 'nominal_cycles': 26, 'duration_excess': 146, 'original_tensors': [1000000133], 'slack': 1804, 'congestion_exposure': 145.9607142857143, 'wait_priority': 282.17298150703385, 'task': 145}, {'task_id': 138, 'op_id': 16775, 'op': 'COPY_IN', 'pipe': 'PIPE_MTE2', 'start': 13538, 'end': 13689, 'duration': 151, 'core_id': 0, 'size_bytes': 1152, 'path': 'DDR', 'nominal_cycles': 20, 'duration_excess': 131, 'original_tensors': [1000000627], 'slack': 0, 'congestion_exposure': 131.0297619047619, 'wait_priority': 282.0297619047619, 'task': 138}, {'task_id': 356, 'op_id': 17774, 'op': 'COPY_IN', 'pipe': 'PIPE_MTE2', 'start': 98352, 'end': 98559, 'duration': 207, 'core_id': 2, 'size_bytes': 4096, 'path': 'DDR', 'nominal_cycles': 69, 'duration_excess': 138, 'original_tensors': [1000002299], 'slack': 3180, 'congestion_exposure': 138.0, 'wait_priority': 281.96229631685367, 'task': 356}, {'task_id': 15, 'op_id': 16261, 'op': 'COPY_IN', 'pipe': 'PIPE_MTE2', 'start': 2122, 'end': 2414, 'duration': 292, 'core_id': 0, 'size_bytes': 8192, 'path': 'DDR', 'nominal_cycles': 137, 'duration_excess': 155, 'original_tensors': [1000016171], 'slack': 8375, 'congestion_exposure': 155.0, 'wait_priority': 281.3445933358615, 'task': 15}, {'task_id': 333, 'op_id': 17497, 'op': 'COPY_IN', 'pipe': 'PIPE_MTE2', 'start': 10303, 'end': 10466, 'duration': 163, 'core_id': 4, 'size_bytes': 1536, 'path': 'DDR', 'nominal_cycles': 26, 'duration_excess': 137, 'original_tensors': [1000000113], 'slack': 1264, 'congestion_exposure': 137.00119047619046, 'wait_priority': 275.5174167382972, 'task': 333}, {'task_id': 149, 'op_id': 16825, 'op': 'COPY_OUT', 'pipe': 'PIPE_MTE3', 'start': 7680, 'end': 7840, 'duration': 160, 'core_id': 4, 'size_bytes': 1152, 'path': 'DDR', 'nominal_cycles': 20, 'duration_excess': 140, 'original_tensors': [1000001168], 'slack': 1264, 'congestion_exposure': 140.0, 'wait_priority': 275.5163234195535, 'task': 149}, {'task_id': 162, 'op_id': 16862, 'op': 'COPY_OUT', 'pipe': 'PIPE_MTE3', 'start': 7671, 'end': 7830, 'duration': 159, 'core_id': 3, 'size_bytes': 1152, 'path': 'DDR', 'nominal_cycles': 20, 'duration_excess': 139, 'original_tensors': [1000001164], 'slack': 1177, 'congestion_exposure': 138.96428571428572, 'wait_priority': 275.1925874734906, 'task': 162}, {'task_id': 15, 'op_id': 16252, 'op': 'COPY_IN', 'pipe': 'PIPE_MTE2', 'start': 1006, 'end': 1242, 'duration': 236, 'core_id': 0, 'size_bytes': 8192, 'path': 'DDR', 'nominal_cycles': 137, 'duration_excess': 99, 'original_tensors': [1000015764], 'slack': 3216, 'congestion_exposure': 99.0, 'wait_priority': 273.2243101582753, 'task': 15}], 'compile_seconds': 4.853674023994245, 'limitations': 'Observed durations include dynamic contention; chain/slack and projected residency are ranking diagnostics, not removable-delay certificates.'}",,,,,
case_054_p1_n5,case_054,1,5,development,persistent,2,advance,/home/konglingrui/.mathmodel/questionA/真机启发算法攻坚/A题研究/直接迭代/运行结果/持续联合冲刺_20260926/正式75配置_6并发/configurations/case_054_p1_n5/persistent/attempt_001/evaluations/attempts/20260926T125817-4515bc0d7cea46d2a9d85f236b8b52c1/record.json,joint,,0,/home/konglingrui/.mathmodel/questionA/真机启发算法攻坚/A题研究/直接迭代/运行结果/持续联合冲刺_20260926/正式75配置_6并发/configurations/case_054_p1_n5/persistent/attempt_001/evaluations/attempts/20260926T130002-917515b976b54f92bad0fa37154158e3/record.json,,1,,,,,True,1,,,,,,
case_054_p1_n5,case_054,1,5,development,persistent,3,visit,/home/konglingrui/.mathmodel/questionA/真机启发算法攻坚/A题研究/直接迭代/运行结果/持续联合冲刺_20260926/正式75配置_6并发/configurations/case_054_p1_n5/persistent/attempt_001/evaluations/attempts/20260926T125817-4515bc0d7cea46d2a9d85f236b8b52c1/record.json,joint,,0,/home/konglingrui/.mathmodel/questionA/真机启发算法攻坚/A题研究/直接迭代/运行结果/持续联合冲刺_20260926/正式75配置_6并发/configurations/case_054_p1_n5/persistent/attempt_001/evaluations/attempts/20260926T130002-917515b976b54f92bad0fa37154158e3/record.json,1,0,True,True,False,success,,,,,,,,
case_054_p1_n5,case_054,1,5,development,persistent,4,observe,/home/konglingrui/.mathmodel/questionA/真机启发算法攻坚/A题研究/直接迭代/运行结果/持续联合冲刺_20260926/正式75配置_6并发/configurations/case_054_p1_n5/persistent/attempt_001/evaluations/attempts/20260926T125824-009ef812f4f841e1b94e201c806168ef/record.json,,,,,,0,,,,,,,"{'makespan': 568315, 'official_copy': {'original_graph_copy_bytes': 1606276, 'scheduled_copy_bytes': 9335994, 'added_copy_bytes': 7729718, 'partition_added_copy_bytes': 7705398, 'spill_added_copy_bytes': 24320}, 'path_bytes': {'DDR': 9335994}, 'nominal_pool_work_cycles': {'DDR': 159785}, 'pool_occupancy': {'DDR': {'busy_cycles': 159785, 'overlap_cycles': 48263, 'peak_concurrent': 6}, 'CACHE_READ': {'busy_cycles': 0, 'overlap_cycles': 0, 'peak_concurrent': 0}}, 'projected_live_peak': {'0:L1': 120448, '0:UB': 130852, '2:L1': 98304, '2:UB': 130, '3:L1': 98304, '3:UB': 130, '4:L1': 98304, '4:UB': 130, '1:L1': 155648, '1:UB': 132}, 'projected_live_byte_cycles': {'0:L1': 14279767360, '0:UB': 25250378400, '2:L1': 4619362304, '2:UB': 118928, '3:L1': 4616806400, '3:UB': 118778, '4:L1': 4616806400, '4:UB': 118778, '1:L1': 5818621952, '1:UB': 143404}, 'memory_dependency_count': 17521, 'critical_chain_ops': 14400, 'critical_chain_memory_edges': 10, 'top_copy_waits': [{'task_id': 4, 'op_id': 17216, 'op': 'COPY_IN', 'pipe': 'PIPE_MTE2', 'start': 75723, 'end': 76035, 'duration': 312, 'core_id': 0, 'size_bytes': 4096, 'path': 'DDR', 'nominal_cycles': 69, 'duration_excess': 243, 'original_tensors': [1000000054], 'slack': 1773, 'congestion_exposure': 243.0, 'wait_priority': 502.72120526286426, 'task': 4}, {'task_id': 4, 'op_id': 17220, 'op': 'COPY_IN', 'pipe': 'PIPE_MTE2', 'start': 74303, 'end': 74579, 'duration': 276, 'core_id': 0, 'size_bytes': 4096, 'path': 'DDR', 'nominal_cycles': 69, 'duration_excess': 207, 'original_tensors': [1000000081], 'slack': 0, 'congestion_exposure': 207.0, 'wait_priority': 483.0, 'task': 4}, {'task_id': 4, 'op_id': 17221, 'op': 'COPY_IN', 'pipe': 'PIPE_MTE2', 'start': 74579, 'end': 74855, 'duration': 276, 'core_id': 0, 'size_bytes': 4096, 'path': 'DDR', 'nominal_cycles': 69, 'duration_excess': 207, 'original_tensors': [1000000083], 'slack': 240, 'congestion_exposure': 207.0, 'wait_priority': 476.29533328127843, 'task': 4}, {'task_id': 3, 'op_id': 17209, 'op': 'COPY_OUT', 'pipe': 'PIPE_MTE3', 'start': 71163, 'end': 71371, 'duration': 208, 'core_id': 0, 'size_bytes': 3072, 'path': 'DDR', 'nominal_cycles': 52, 'duration_excess': 156, 'original_tensors': [1000002227], 'slack': 0, 'congestion_exposure': 156.0, 'wait_priority': 364.0, 'task': 3}, {'task_id': 4, 'op_id': 17270, 'op': 'COPY_IN', 'pipe': 'PIPE_MTE2', 'start': 75515, 'end': 75723, 'duration': 208, 'core_id': 0, 'size_bytes': 3072, 'path': 'DDR', 'nominal_cycles': 52, 'duration_excess': 156, 'original_tensors': [1000002113], 'slack': 1725, 'congestion_exposure': 156.0, 'wait_priority': 330.55561148262666, 'task': 4}, {'task_id': 4, 'op_id': 17274, 'op': 'COPY_IN', 'pipe': 'PIPE_MTE2', 'start': 76503, 'end': 76711, 'duration': 208, 'core_id': 0, 'size_bytes': 3072, 'path': 'DDR', 'nominal_cycles': 52, 'duration_excess': 156, 'original_tensors': [1000002132], 'slack': 2158, 'congestion_exposure': 156.0, 'wait_priority': 323.10378524999413, 'task': 4}, {'task_id': 0, 'op_id': 16147, 'op': 'COPY_IN', 'pipe': 'PIPE_MTE2', 'start': 145, 'end': 320, 'duration': 175, 'core_id': 0, 'size_bytes': 2048, 'path': 'DDR', 'nominal_cycles': 35, 'duration_excess': 140, 'original_tensors': [1000000027], 'slack': 0, 'congestion_exposure': 140.0, 'wait_priority': 315.0, 'task': 0}, {'task_id': 0, 'op_id': 16148, 'op': 'COPY_IN', 'pipe': 'PIPE_MTE2', 'start': 325, 'end': 500, 'duration': 175, 'core_id': 0, 'size_bytes': 2048, 'path': 'DDR', 'nominal_cycles': 35, 'duration_excess': 140, 'original_tensors': [1000000030], 'slack': 0, 'congestion_exposure': 140.0, 'wait_priority': 315.0, 'task': 0}, {'task_id': 4, 'op_id': 17278, 'op': 'COPY_IN', 'pipe': 'PIPE_MTE2', 'start': 76823, 'end': 77021, 'duration': 198, 'core_id': 0, 'size_bytes': 3072, 'path': 'DDR', 'nominal_cycles': 52, 'duration_excess': 146, 'original_tensors': [1000002151], 'slack': 3269, 'congestion_exposure': 145.75, 'wait_priority': 288.4446617483125, 'task': 4}, {'task_id': 0, 'op_id': 16153, 'op': 'COPY_IN', 'pipe': 'PIPE_MTE2', 'start': 1555, 'end': 1731, 'duration': 176, 'core_id': 0, 'size_bytes': 2048, 'path': 'DDR', 'nominal_cycles': 35, 'duration_excess': 141, 'original_tensors': [1000000056], 'slack': 3357, 'congestion_exposure': 141.0, 'wait_priority': 264.85134112008706, 'task': 0}, {'task_id': 0, 'op_id': 16154, 'op': 'COPY_IN', 'pipe': 'PIPE_MTE2', 'start': 1731, 'end': 1906, 'duration': 175, 'core_id': 0, 'size_bytes': 2048, 'path': 'DDR', 'nominal_cycles': 35, 'duration_excess': 140, 'original_tensors': [1000000059], 'slack': 3357, 'congestion_exposure': 140.0, 'wait_priority': 263.1803547407805, 'task': 0}, {'task_id': 4, 'op_id': 17217, 'op': 'COPY_IN', 'pipe': 'PIPE_MTE2', 'start': 74087, 'end': 74227, 'duration': 140, 'core_id': 0, 'size_bytes': 2048, 'path': 'DDR', 'nominal_cycles': 35, 'duration_excess': 105, 'original_tensors': [1000000062], 'slack': 0, 'congestion_exposure': 105.0, 'wait_priority': 245.0, 'task': 4}, {'task_id': 4, 'op_id': 17304, 'op': 'COPY_IN', 'pipe': 'PIPE_MTE2', 'start': 74855, 'end': 74995, 'duration': 140, 'core_id': 0, 'size_bytes': 2048, 'path': 'DDR', 'nominal_cycles': 35, 'duration_excess': 105, 'original_tensors': [1000002301], 'slack': 424, 'congestion_exposure': 105.0, 'wait_priority': 239.0549805562153, 'task': 4}, {'task_id': 4, 'op_id': 17305, 'op': 'COPY_IN', 'pipe': 'PIPE_MTE2', 'start': 74999, 'end': 75139, 'duration': 140, 'core_id': 0, 'size_bytes': 2048, 'path': 'DDR', 'nominal_cycles': 35, 'duration_excess': 105, 'original_tensors': [1000002304], 'slack': 424, 'congestion_exposure': 105.0, 'wait_priority': 239.0549805562153, 'task': 4}, {'task_id': 0, 'op_id': 16134, 'op': 'COPY_IN', 'pipe': 'PIPE_MTE2', 'start': 0, 'end': 130, 'duration': 130, 'core_id': 0, 'size_bytes': 1536, 'path': 'DDR', 'nominal_cycles': 26, 'duration_excess': 104, 'original_tensors': [1000000001], 'slack': 0, 'congestion_exposure': 104.0, 'wait_priority': 234.0, 'task': 0}, {'task_id': 0, 'op_id': 16135, 'op': 'COPY_IN', 'pipe': 'PIPE_MTE2', 'start': 685, 'end': 815, 'duration': 130, 'core_id': 0, 'size_bytes': 1536, 'path': 'DDR', 'nominal_cycles': 26, 'duration_excess': 104, 'original_tensors': [1000000003], 'slack': 189, 'congestion_exposure': 104.0, 'wait_priority': 231.43445611409382, 'task': 0}, {'task_id': 0, 'op_id': 16136, 'op': 'COPY_IN', 'pipe': 'PIPE_MTE2', 'start': 815, 'end': 945, 'duration': 130, 'core_id': 0, 'size_bytes': 1536, 'path': 'DDR', 'nominal_cycles': 26, 'duration_excess': 104, 'original_tensors': [1000000005], 'slack': 743, 'congestion_exposure': 104.0, 'wait_priority': 224.22832718372118, 'task': 0}, {'task_id': 4, 'op_id': 17298, 'op': 'COPY_IN', 'pipe': 'PIPE_MTE2', 'start': 76147, 'end': 76287, 'duration': 140, 'core_id': 0, 'size_bytes': 2048, 'path': 'DDR', 'nominal_cycles': 35, 'duration_excess': 105, 'original_tensors': [1000002272], 'slack': 2142, 'congestion_exposure': 105.0, 'wait_priority': 217.65501043433406, 'task': 4}, {'task_id': 4, 'op_id': 17299, 'op': 'COPY_IN', 'pipe': 'PIPE_MTE2', 'start': 76287, 'end': 76427, 'duration': 140, 'core_id': 0, 'size_bytes': 2048, 'path': 'DDR', 'nominal_cycles': 35, 'duration_excess': 105, 'original_tensors': [1000002275], 'slack': 2142, 'congestion_exposure': 105.0, 'wait_priority': 217.65501043433406, 'task': 4}, {'task_id': 0, 'op_id': 16137, 'op': 'COPY_IN', 'pipe': 'PIPE_MTE2', 'start': 945, 'end': 1075, 'duration': 130, 'core_id': 0, 'size_bytes': 1536, 'path': 'DDR', 'nominal_cycles': 26, 'duration_excess': 104, 'original_tensors': [1000000007], 'slack': 1284, 'congestion_exposure': 104.0, 'wait_priority': 217.61159519893965, 'task': 0}], 'compile_seconds': 5.390157441986958, 'limitations': 'Observed durations include dynamic contention; chain/slack and projected residency are ranking diagnostics, not removable-delay certificates.'}",,,,,
case_054_p1_n5,case_054,1,5,development,persistent,5,advance,/home/konglingrui/.mathmodel/questionA/真机启发算法攻坚/A题研究/直接迭代/运行结果/持续联合冲刺_20260926/正式75配置_6并发/configurations/case_054_p1_n5/persistent/attempt_001/evaluations/attempts/20260926T125824-009ef812f4f841e1b94e201c806168ef/record.json,joint,,1,/home/konglingrui/.mathmodel/questionA/真机启发算法攻坚/A题研究/直接迭代/运行结果/持续联合冲刺_20260926/正式75配置_6并发/configurations/case_054_p1_n5/persistent/attempt_001/evaluations/attempts/20260926T130021-4f8d1724ba1a4231bcc992beef34ad3e/record.json,,1,,,,,False,1,,,,,,
case_054_p1_n5,case_054,1,5,development,persistent,6,visit,/home/konglingrui/.mathmodel/questionA/真机启发算法攻坚/A题研究/直接迭代/运行结果/持续联合冲刺_20260926/正式75配置_6并发/configurations/case_054_p1_n5/persistent/attempt_001/evaluations/attempts/20260926T125824-009ef812f4f841e1b94e201c806168ef/record.json,joint,,1,/home/konglingrui/.mathmodel/questionA/真机启发算法攻坚/A题研究/直接迭代/运行结果/持续联合冲刺_20260926/正式75配置_6并发/configurations/case_054_p1_n5/persistent/attempt_001/evaluations/attempts/20260926T130021-4f8d1724ba1a4231bcc992beef34ad3e/record.json,1,0,True,False,False,success,,,,,,,,
case_054_p1_n5,case_054,1,5,development,persistent,7,observe,/home/konglingrui/.mathmodel/questionA/真机启发算法攻坚/A题研究/直接迭代/运行结果/持续联合冲刺_20260926/正式75配置_6并发/configurations/case_054_p1_n5/persistent/attempt_001/evaluations/attempts/20260926T125831-22f12e77a8be45dcbe50f5049dfcfc42/record.json,,,,,,0,,,,,,,"{'makespan': 527433, 'official_copy': {'original_graph_copy_bytes': 1606276, 'scheduled_copy_bytes': 12356690, 'added_copy_bytes': 10750414, 'partition_added_copy_bytes': 10593742, 'spill_added_copy_bytes': 156672}, 'path_bytes': {'DDR': 12356690}, 'nominal_pool_work_cycles': {'DDR': 210363}, 'pool_occupancy': {'DDR': {'busy_cycles': 210363, 'overlap_cycles': 124842, 'peak_concurrent': 6}, 'CACHE_READ': {'busy_cycles': 0, 'overlap_cycles': 0, 'peak_concurrent': 0}}, 'projected_live_peak': {'0:L1': 54848, '0:UB': 130930, '1:L1': 32768, '1:UB': 14832, '3:L1': 27136, '2:L1': 40960, '2:UB': 14832, '4:L1': 55808, '3:UB': 13344, '4:UB': 131040}, 'projected_live_byte_cycles': {'0:L1': 5850501120, '0:UB': 7700135748, '1:L1': 3447403968, '1:UB': 119174908, '3:L1': 2228968256, '2:L1': 3388938176, '2:UB': 131843364, '4:L1': 6140716800, '3:UB': 84966938, '4:UB': 14492187490}, 'memory_dependency_count': 16063, 'critical_chain_ops': 8987, 'critical_chain_memory_edges': 0, 'top_copy_waits': [{'task_id': 150, 'op_id': 24684, 'op': 'COPY_IN', 'pipe': 'PIPE_MTE2', 'start': 371894, 'end': 372671, 'duration': 777, 'core_id': 1, 'size_bytes': 8192, 'path': 'DDR', 'nominal_cycles': 137, 'duration_excess': 640, 'original_tensors': [1000015925], 'slack': 0, 'congestion_exposure': 639.9666666666667, 'wait_priority': 1416.9666666666667, 'task': 150}, {'task_id': 130, 'op_id': 24621, 'op': 'COPY_IN', 'pipe': 'PIPE_MTE2', 'start': 362583, 'end': 363337, 'duration': 754, 'core_id': 1, 'size_bytes': 8192, 'path': 'DDR', 'nominal_cycles': 137, 'duration_excess': 617, 'original_tensors': [1000015766], 'slack': 0, 'congestion_exposure': 617.1166666666667, 'wait_priority': 1371.1166666666668, 'task': 130}, {'task_id': 140, 'op_id': 24652, 'op': 'COPY_IN', 'pipe': 'PIPE_MTE2', 'start': 366911, 'end': 367648, 'duration': 737, 'core_id': 1, 'size_bytes': 8192, 'path': 'DDR', 'nominal_cycles': 137, 'duration_excess': 600, 'original_tensors': [1000015766], 'slack': 0, 'congestion_exposure': 599.9833333333333, 'wait_priority': 1336.9833333333333, 'task': 140}, {'task_id': 140, 'op_id': 24654, 'op': 'COPY_OUT', 'pipe': 'PIPE_MTE3', 'start': 370405, 'end': 371134, 'duration': 729, 'core_id': 1, 'size_bytes': 8192, 'path': 'DDR', 'nominal_cycles': 137, 'duration_excess': 592, 'original_tensors': [1000015902], 'slack': 0, 'congestion_exposure': 592.0666666666667, 'wait_priority': 1321.0666666666666, 'task': 140}, {'task_id': 130, 'op_id': 24623, 'op': 'COPY_OUT', 'pipe': 'PIPE_MTE3', 'start': 366098, 'end': 366811, 'duration': 713, 'core_id': 1, 'size_bytes': 8192, 'path': 'DDR', 'nominal_cycles': 137, 'duration_excess': 576, 'original_tensors': [1000015782], 'slack': 0, 'congestion_exposure': 575.9333333333334, 'wait_priority': 1288.9333333333334, 'task': 130}, {'task_id': 157, 'op_id': 24706, 'op': 'COPY_IN', 'pipe': 'PIPE_MTE2', 'start': 371894, 'end': 372671, 'duration': 777, 'core_id': 2, 'size_bytes': 8192, 'path': 'DDR', 'nominal_cycles': 137, 'duration_excess': 640, 'original_tensors': [1000015988], 'slack': 1594, 'congestion_exposure': 639.9666666666667, 'wait_priority': 1287.2861152816877, 'task': 157}, {'task_id': 130, 'op_id': 24622, 'op': 'COPY_IN', 'pipe': 'PIPE_MTE2', 'start': 363337, 'end': 364038, 'duration': 701, 'core_id': 1, 'size_bytes': 8192, 'path': 'DDR', 'nominal_cycles': 137, 'duration_excess': 564, 'original_tensors': [1000015781], 'slack': 0, 'congestion_exposure': 564.0666666666666, 'wait_priority': 1265.0666666666666, 'task': 130}, {'task_id': 140, 'op_id': 24653, 'op': 'COPY_IN', 'pipe': 'PIPE_MTE2', 'start': 367648, 'end': 368345, 'duration': 697, 'core_id': 1, 'size_bytes': 8192, 'path': 'DDR', 'nominal_cycles': 137, 'duration_excess': 560, 'original_tensors': [1000015901], 'slack': 0, 'congestion_exposure': 560.0833333333334, 'wait_priority': 1257.0833333333335, 'task': 140}, {'task_id': 137, 'op_id': 24643, 'op': 'COPY_IN', 'pipe': 'PIPE_MTE2', 'start': 362583, 'end': 363337, 'duration': 754, 'core_id': 2, 'size_bytes': 8192, 'path': 'DDR', 'nominal_cycles': 137, 'duration_excess': 617, 'original_tensors': [1000015760], 'slack': 1594, 'congestion_exposure': 617.1166666666667, 'wait_priority': 1245.6322995821897, 'task': 137}, {'task_id': 188, 'op_id': 24801, 'op': 'COPY_IN', 'pipe': 'PIPE_MTE2', 'start': 434263, 'end': 434948, 'duration': 685, 'core_id': 1, 'size_bytes': 8192, 'path': 'DDR', 'nominal_cycles': 137, 'duration_excess': 548, 'original_tensors': [1000016315], 'slack': 0, 'congestion_exposure': 548.0, 'wait_priority': 1233.0, 'task': 188}, {'task_id': 231, 'op_id': 24936, 'op': 'COPY_IN', 'pipe': 'PIPE_MTE2', 'start': 458457, 'end': 459134, 'duration': 677, 'core_id': 1, 'size_bytes': 8192, 'path': 'DDR', 'nominal_cycles': 137, 'duration_excess': 540, 'original_tensors': [1000015770], 'slack': 0, 'congestion_exposure': 540.35, 'wait_priority': 1217.35, 'task': 231}, {'task_id': 147, 'op_id': 24674, 'op': 'COPY_IN', 'pipe': 'PIPE_MTE2', 'start': 366911, 'end': 367648, 'duration': 737, 'core_id': 2, 'size_bytes': 8192, 'path': 'DDR', 'nominal_cycles': 137, 'duration_excess': 600, 'original_tensors': [1000015760], 'slack': 1594, 'congestion_exposure': 599.9833333333333, 'wait_priority': 1214.6228431835812, 'task': 147}, {'task_id': 120, 'op_id': 24590, 'op': 'COPY_IN', 'pipe': 'PIPE_MTE2', 'start': 358439, 'end': 359114, 'duration': 675, 'core_id': 1, 'size_bytes': 8192, 'path': 'DDR', 'nominal_cycles': 137, 'duration_excess': 538, 'original_tensors': [1000015766], 'slack': 0, 'congestion_exposure': 537.95, 'wait_priority': 1212.95, 'task': 120}, {'task_id': 147, 'op_id': 24676, 'op': 'COPY_OUT', 'pipe': 'PIPE_MTE3', 'start': 370405, 'end': 371134, 'duration': 729, 'core_id': 2, 'size_bytes': 8192, 'path': 'DDR', 'nominal_cycles': 137, 'duration_excess': 592, 'original_tensors': [1000015917], 'slack': 1594, 'congestion_exposure': 592.0666666666667, 'wait_priority': 1200.162867177394, 'task': 147}, {'task_id': 159, 'op_id': 24711, 'op': 'COPY_IN', 'pipe': 'PIPE_MTE2', 'start': 366946, 'end': 367725, 'duration': 779, 'core_id': 0, 'size_bytes': 8192, 'path': 'DDR', 'nominal_cycles': 137, 'duration_excess': 642, 'original_tensors': [1000015764], 'slack': 2964, 'congestion_exposure': 641.9833333333332, 'wait_priority': 1196.7965636592128, 'task': 159}, {'task_id': 120, 'op_id': 24591, 'op': 'COPY_IN', 'pipe': 'PIPE_MTE2', 'start': 359114, 'end': 359774, 'duration': 660, 'core_id': 1, 'size_bytes': 8192, 'path': 'DDR', 'nominal_cycles': 137, 'duration_excess': 523, 'original_tensors': [1000015853], 'slack': 0, 'congestion_exposure': 523.0, 'wait_priority': 1183.0, 'task': 120}, {'task_id': 150, 'op_id': 24683, 'op': 'COPY_IN', 'pipe': 'PIPE_MTE2', 'start': 371234, 'end': 371894, 'duration': 660, 'core_id': 1, 'size_bytes': 8192, 'path': 'DDR', 'nominal_cycles': 137, 'duration_excess': 523, 'original_tensors': [1000015766], 'slack': 0, 'congestion_exposure': 522.9, 'wait_priority': 1182.9, 'task': 150}, {'task_id': 310, 'op_id': 25182, 'op': 'COPY_IN', 'pipe': 'PIPE_MTE2', 'start': 476980, 'end': 477638, 'duration': 658, 'core_id': 1, 'size_bytes': 8192, 'path': 'DDR', 'nominal_cycles': 137, 'duration_excess': 521, 'original_tensors': [1000016288], 'slack': 0, 'congestion_exposure': 520.8666666666667, 'wait_priority': 1178.8666666666668, 'task': 310}, {'task_id': 199, 'op_id': 24838, 'op': 'COPY_IN', 'pipe': 'PIPE_MTE2', 'start': 383826, 'end': 384480, 'duration': 654, 'core_id': 1, 'size_bytes': 8192, 'path': 'DDR', 'nominal_cycles': 137, 'duration_excess': 517, 'original_tensors': [1000016021], 'slack': 0, 'congestion_exposure': 517.0, 'wait_priority': 1171.0, 'task': 199}, {'task_id': 137, 'op_id': 24645, 'op': 'COPY_OUT', 'pipe': 'PIPE_MTE3', 'start': 366098, 'end': 366811, 'duration': 713, 'core_id': 2, 'size_bytes': 8192, 'path': 'DDR', 'nominal_cycles': 137, 'duration_excess': 576, 'original_tensors': [1000015893], 'slack': 1594, 'congestion_exposure': 575.9333333333334, 'wait_priority': 1170.9703711146417, 'task': 137}], 'compile_seconds': 8.639871678024065, 'limitations': 'Observed durations include dynamic contention; chain/slack and projected residency are ranking diagnostics, not removable-delay certificates.'}",,,,,
case_054_p1_n5,case_054,1,5,development,persistent,8,advance,/home/konglingrui/.mathmodel/questionA/真机启发算法攻坚/A题研究/直接迭代/运行结果/持续联合冲刺_20260926/正式75配置_6并发/configurations/case_054_p1_n5/persistent/attempt_001/evaluations/attempts/20260926T125831-22f12e77a8be45dcbe50f5049dfcfc42/record.json,joint,,2,/home/konglingrui/.mathmodel/questionA/真机启发算法攻坚/A题研究/直接迭代/运行结果/持续联合冲刺_20260926/正式75配置_6并发/configurations/case_054_p1_n5/persistent/attempt_001/evaluations/attempts/20260926T130044-3cd6d1c8be6943afa46a4f3e19ff5bf3/record.json,,1,,,,,False,1,,,,,,
case_054_p1_n5,case_054,1,5,development,persistent,9,visit,/home/konglingrui/.mathmodel/questionA/真机启发算法攻坚/A题研究/直接迭代/运行结果/持续联合冲刺_20260926/正式75配置_6并发/configurations/case_054_p1_n5/persistent/attempt_001/evaluations/attempts/20260926T125831-22f12e77a8be45dcbe50f5049dfcfc42/record.json,joint,,2,/home/konglingrui/.mathmodel/questionA/真机启发算法攻坚/A题研究/直接迭代/运行结果/持续联合冲刺_20260926/正式75配置_6并发/configurations/case_054_p1_n5/persistent/attempt_001/evaluations/attempts/20260926T130044-3cd6d1c8be6943afa46a4f3e19ff5bf3/record.json,1,0,True,False,False,success,,,,,,,,
case_054_p1_n5,case_054,1,5,development,persistent,10,observation_fallback,/home/konglingrui/.mathmodel/questionA/真机启发算法攻坚/A题研究/直接迭代/运行结果/持续联合冲刺_20260926/正式75配置_6并发/configurations/case_054_p1_n5/persistent/attempt_001/evaluations/attempts/20260926T130002-917515b976b54f92bad0fa37154158e3/record.json,,,,,,,,,,,,,,,,,,P1 Task-release trace only; internal compiled causality unavailable
case_054_p1_n5,case_054,1,5,development,persistent,11,visit,/home/konglingrui/.mathmodel/questionA/真机启发算法攻坚/A题研究/直接迭代/运行结果/持续联合冲刺_20260926/正式75配置_6并发/configurations/case_054_p1_n5/persistent/attempt_001/evaluations/attempts/20260926T130002-917515b976b54f92bad0fa37154158e3/record.json,joint,,0,/home/konglingrui/.mathmodel/questionA/真机启发算法攻坚/A题研究/直接迭代/运行结果/持续联合冲刺_20260926/正式75配置_6并发/configurations/case_054_p1_n5/persistent/attempt_001/evaluations/attempts/20260926T130116-e9979df401d9469cb87aec07c6f71f98/record.json,0,1,False,False,False,success,,,,,,,,
case_054_p1_n5,case_054,1,5,development,persistent,12,observation_fallback,/home/konglingrui/.mathmodel/questionA/真机启发算法攻坚/A题研究/直接迭代/运行结果/持续联合冲刺_20260926/正式75配置_6并发/configurations/case_054_p1_n5/persistent/attempt_001/evaluations/attempts/20260926T130021-4f8d1724ba1a4231bcc992beef34ad3e/record.json,,,,,,,,,,,,,,,,,,P1 Task-release trace only; internal compiled causality unavailable
case_054_p1_n5,case_054,1,5,development,persistent,13,admit,,,,0,/home/konglingrui/.mathmodel/questionA/真机启发算法攻坚/A题研究/直接迭代/运行结果/持续联合冲刺_20260926/正式75配置_6并发/configurations/case_054_p1_n5/persistent/attempt_001/evaluations/attempts/20260926T125817-4515bc0d7cea46d2a9d85f236b8b52c1/record.json,,,,,,,,,,2,graph_recipe,,,
case_054_p1_n5,case_054,1,5,development,persistent,14,admit,,,,1,/home/konglingrui/.mathmodel/questionA/真机启发算法攻坚/A题研究/直接迭代/运行结果/持续联合冲刺_20260926/正式75配置_6并发/configurations/case_054_p1_n5/persistent/attempt_001/evaluations/attempts/20260926T125824-009ef812f4f841e1b94e201c806168ef/record.json,,,,,,,,,,2,bounded_components,,,
case_054_p1_n5,case_054,1,5,development,persistent,15,admit,,,,2,/home/konglingrui/.mathmodel/questionA/真机启发算法攻坚/A题研究/直接迭代/运行结果/持续联合冲刺_20260926/正式75配置_6并发/configurations/case_054_p1_n5/persistent/attempt_001/evaluations/attempts/20260926T125831-22f12e77a8be45dcbe50f5049dfcfc42/record.json,,,,,,,,,,2,bounded_dependency_bands,,,
case_085_p1_n5,case_085,1,5,development,persistent,1,observe,/home/konglingrui/.mathmodel/questionA/真机启发算法攻坚/A题研究/直接迭代/运行结果/持续联合冲刺_20260926/正式75配置_6并发/configurations/case_085_p1_n5/persistent/attempt_001/evaluations/attempts/20260926T130301-5aa8bc7aaf194cee99e358562ed8f71b/record.json,,,,,,0,,,,,,,"{'makespan': 3042113, 'official_copy': {'original_graph_copy_bytes': 1689734, 'scheduled_copy_bytes': 10101822, 'added_copy_bytes': 8412088, 'partition_added_copy_bytes': 8412088, 'spill_added_copy_bytes': 0}, 'path_bytes': {'DDR': 10101822}, 'nominal_pool_work_cycles': {'DDR': 173050}, 'pool_occupancy': {'DDR': {'busy_cycles': 173050, 'overlap_cycles': 80214, 'peak_concurrent': 10}, 'CACHE_READ': {'busy_cycles': 0, 'overlap_cycles': 0, 'peak_concurrent': 0}}, 'projected_live_peak': {'2:L1': 26624, '2:UB': 14336, '3:L1': 174080, '3:UB': 95236, '1:UB': 14336, '1:L1': 27648, '4:UB': 14528, '4:L1': 28672, '0:L1': 30720, '0:UB': 14336}, 'projected_live_byte_cycles': {'2:L1': 699594880, '2:UB': 361373692, '3:L1': 214898610944, '3:UB': 128001743066, '1:UB': 358345760, '1:L1': 725730432, '4:UB': 318741248, '4:L1': 619731456, '0:L1': 740359168, '0:UB': 351351024}, 'memory_dependency_count': 32735, 'critical_chain_ops': 9442, 'critical_chain_memory_edges': 0, 'top_copy_waits': [{'task_id': 766, 'op_id': 22030, 'op': 'COPY_IN', 'pipe': 'PIPE_MTE2', 'start': 110931, 'end': 111589, 'duration': 658, 'core_id': 2, 'size_bytes': 8192, 'path': 'DDR', 'nominal_cycles': 137, 'duration_excess': 521, 'original_tensors': [1000004523], 'slack': 0, 'congestion_exposure': 521.1, 'wait_priority': 1179.1, 'task': 766}, {'task_id': 47, 'op_id': 20086, 'op': 'COPY_IN', 'pipe': 'PIPE_MTE2', 'start': 110707, 'end': 111332, 'duration': 625, 'core_id': 4, 'size_bytes': 8192, 'path': 'DDR', 'nominal_cycles': 137, 'duration_excess': 488, 'original_tensors': [1000015774], 'slack': 2804, 'congestion_exposure': 488.2, 'wait_priority': 1080.01727004438, 'task': 47}, {'task_id': 1325, 'op_id': 23636, 'op': 'COPY_IN', 'pipe': 'PIPE_MTE2', 'start': 111124, 'end': 111712, 'duration': 588, 'core_id': 0, 'size_bytes': 8192, 'path': 'DDR', 'nominal_cycles': 137, 'duration_excess': 451, 'original_tensors': [1000004517], 'slack': 1076, 'congestion_exposure': 450.75, 'wait_priority': 1026.6457939834777, 'task': 1325}, {'task_id': 57, 'op_id': 20113, 'op': 'COPY_IN', 'pipe': 'PIPE_MTE2', 'start': 112673, 'end': 113255, 'duration': 582, 'core_id': 2, 'size_bytes': 8192, 'path': 'DDR', 'nominal_cycles': 137, 'duration_excess': 445, 'original_tensors': [1000004552], 'slack': 867, 'congestion_exposure': 445.1666666666667, 'wait_priority': 1017.5004370979001, 'task': 57}, {'task_id': 56, 'op_id': 20100, 'op': 'COPY_IN', 'pipe': 'PIPE_MTE2', 'start': 109899, 'end': 110502, 'duration': 603, 'core_id': 3, 'size_bytes': 8192, 'path': 'DDR', 'nominal_cycles': 137, 'duration_excess': 466, 'original_tensors': [1000004546], 'slack': 4972, 'congestion_exposure': 466.1166666666667, 'wait_priority': 1013.8807699069957, 'task': 56}, {'task_id': 56, 'op_id': 20104, 'op': 'COPY_IN', 'pipe': 'PIPE_MTE2', 'start': 111071, 'end': 111673, 'duration': 602, 'core_id': 3, 'size_bytes': 8192, 'path': 'DDR', 'nominal_cycles': 137, 'duration_excess': 465, 'original_tensors': [1000009042], 'slack': 4972, 'congestion_exposure': 465.1, 'wait_priority': 1011.9682942938142, 'task': 56}, {'task_id': 47, 'op_id': 20084, 'op': 'COPY_IN', 'pipe': 'PIPE_MTE2', 'start': 110148, 'end': 110707, 'duration': 559, 'core_id': 4, 'size_bytes': 8192, 'path': 'DDR', 'nominal_cycles': 137, 'duration_excess': 422, 'original_tensors': [1000013526], 'slack': 2804, 'congestion_exposure': 422.0333333333333, 'wait_priority': 951.790282509167, 'task': 47}, {'task_id': 56, 'op_id': 20102, 'op': 'COPY_IN', 'pipe': 'PIPE_MTE2', 'start': 110502, 'end': 111071, 'duration': 569, 'core_id': 3, 'size_bytes': 8192, 'path': 'DDR', 'nominal_cycles': 137, 'duration_excess': 432, 'original_tensors': [1000006794], 'slack': 4972, 'congestion_exposure': 432.23333333333335, 'wait_priority': 949.504627985609, 'task': 56}, {'task_id': 1325, 'op_id': 23642, 'op': 'COPY_IN', 'pipe': 'PIPE_MTE2', 'start': 112587, 'end': 113119, 'duration': 532, 'core_id': 0, 'size_bytes': 8192, 'path': 'DDR', 'nominal_cycles': 137, 'duration_excess': 395, 'original_tensors': [1000011284], 'slack': 1076, 'congestion_exposure': 395.0833333333333, 'wait_priority': 916.2803416017802, 'task': 1325}, {'task_id': 47, 'op_id': 20088, 'op': 'COPY_IN', 'pipe': 'PIPE_MTE2', 'start': 111332, 'end': 111870, 'duration': 538, 'core_id': 4, 'size_bytes': 8192, 'path': 'DDR', 'nominal_cycles': 137, 'duration_excess': 401, 'original_tensors': [1000018022], 'slack': 2804, 'congestion_exposure': 401.1333333333333, 'wait_priority': 911.1392551871588, 'task': 47}, {'task_id': 1325, 'op_id': 23644, 'op': 'COPY_IN', 'pipe': 'PIPE_MTE2', 'start': 113119, 'end': 113637, 'duration': 518, 'core_id': 0, 'size_bytes': 8192, 'path': 'DDR', 'nominal_cycles': 137, 'duration_excess': 381, 'original_tensors': [1000013532], 'slack': 1076, 'congestion_exposure': 381.35, 'wait_priority': 888.8701755177287, 'task': 1325}, {'task_id': 769, 'op_id': 22052, 'op': 'COPY_IN', 'pipe': 'PIPE_MTE2', 'start': 113166, 'end': 113665, 'duration': 499, 'core_id': 1, 'size_bytes': 8192, 'path': 'DDR', 'nominal_cycles': 137, 'duration_excess': 362, 'original_tensors': [1000006762], 'slack': 0, 'congestion_exposure': 362.1666666666667, 'wait_priority': 861.1666666666667, 'task': 769}, {'task_id': 133, 'op_id': 20245, 'op': 'COPY_IN', 'pipe': 'PIPE_MTE2', 'start': 112514, 'end': 113025, 'duration': 511, 'core_id': 4, 'size_bytes': 8192, 'path': 'DDR', 'nominal_cycles': 137, 'duration_excess': 374, 'original_tensors': [1000004549], 'slack': 3382, 'congestion_exposure': 374.16666666666663, 'wait_priority': 853.5366668677682, 'task': 133}, {'task_id': 47, 'op_id': 20082, 'op': 'COPY_IN', 'pipe': 'PIPE_MTE2', 'start': 109651, 'end': 110148, 'duration': 497, 'core_id': 4, 'size_bytes': 8192, 'path': 'DDR', 'nominal_cycles': 137, 'duration_excess': 360, 'original_tensors': [1000013503], 'slack': 2804, 'congestion_exposure': 359.9166666666667, 'wait_priority': 831.3733372160108, 'task': 47}, {'task_id': 57, 'op_id': 20115, 'op': 'COPY_IN', 'pipe': 'PIPE_MTE2', 'start': 113255, 'end': 113736, 'duration': 481, 'core_id': 2, 'size_bytes': 8192, 'path': 'DDR', 'nominal_cycles': 137, 'duration_excess': 344, 'original_tensors': [1000009010], 'slack': 867, 'congestion_exposure': 344.15000000000003, 'wait_priority': 817.3848635450257, 'task': 57}, {'task_id': 769, 'op_id': 22054, 'op': 'COPY_IN', 'pipe': 'PIPE_MTE2', 'start': 113665, 'end': 114120, 'duration': 455, 'core_id': 1, 'size_bytes': 8192, 'path': 'DDR', 'nominal_cycles': 137, 'duration_excess': 318, 'original_tensors': [1000009013], 'slack': 0, 'congestion_exposure': 318.03333333333336, 'wait_priority': 773.0333333333333, 'task': 769}, {'task_id': 1325, 'op_id': 23646, 'op': 'COPY_IN', 'pipe': 'PIPE_MTE2', 'start': 113637, 'end': 114092, 'duration': 455, 'core_id': 0, 'size_bytes': 8192, 'path': 'DDR', 'nominal_cycles': 137, 'duration_excess': 318, 'original_tensors': [1000015742], 'slack': 1076, 'congestion_exposure': 318.0333333333333, 'wait_priority': 764.0254346817757, 'task': 1325}, {'task_id': 1325, 'op_id': 23638, 'op': 'COPY_IN', 'pipe': 'PIPE_MTE2', 'start': 111712, 'end': 112167, 'duration': 455, 'core_id': 0, 'size_bytes': 8192, 'path': 'DDR', 'nominal_cycles': 137, 'duration_excess': 318, 'original_tensors': [1000006768], 'slack': 1076, 'congestion_exposure': 317.83333333333337, 'wait_priority': 763.8277652148233, 'task': 1325}, {'task_id': 57, 'op_id': 20109, 'op': 'COPY_IN', 'pipe': 'PIPE_MTE2', 'start': 111802, 'end': 112253, 'duration': 451, 'core_id': 2, 'size_bytes': 8192, 'path': 'DDR', 'nominal_cycles': 137, 'duration_excess': 314, 'original_tensors': [1000002272], 'slack': 867, 'congestion_exposure': 313.9833333333333, 'wait_priority': 757.7843998435261, 'task': 57}, {'task_id': 56, 'op_id': 20106, 'op': 'COPY_IN', 'pipe': 'PIPE_MTE2', 'start': 111673, 'end': 112130, 'duration': 457, 'core_id': 3, 'size_bytes': 8192, 'path': 'DDR', 'nominal_cycles': 137, 'duration_excess': 320, 'original_tensors': [1000013500], 'slack': 4972, 'congestion_exposure': 320.16666666666663, 'wait_priority': 737.0143623359347, 'task': 56}], 'compile_seconds': 9.820591567986412, 'limitations': 'Observed durations include dynamic contention; chain/slack and projected residency are ranking diagnostics, not removable-delay certificates.'}",,,,,
case_085_p1_n5,case_085,1,5,development,persistent,2,advance,/home/konglingrui/.mathmodel/questionA/真机启发算法攻坚/A题研究/直接迭代/运行结果/持续联合冲刺_20260926/正式75配置_6并发/configurations/case_085_p1_n5/persistent/attempt_001/evaluations/attempts/20260926T130301-5aa8bc7aaf194cee99e358562ed8f71b/record.json,joint,,0,/home/konglingrui/.mathmodel/questionA/真机启发算法攻坚/A题研究/直接迭代/运行结果/持续联合冲刺_20260926/正式75配置_6并发/configurations/case_085_p1_n5/persistent/attempt_001/evaluations/attempts/20260926T130451-b953de22db8e42e5b36db45559db8c25/record.json,,1,,,,,True,1,,,,,,
case_085_p1_n5,case_085,1,5,development,persistent,3,visit,/home/konglingrui/.mathmodel/questionA/真机启发算法攻坚/A题研究/直接迭代/运行结果/持续联合冲刺_20260926/正式75配置_6并发/configurations/case_085_p1_n5/persistent/attempt_001/evaluations/attempts/20260926T130301-5aa8bc7aaf194cee99e358562ed8f71b/record.json,joint,,0,/home/konglingrui/.mathmodel/questionA/真机启发算法攻坚/A题研究/直接迭代/运行结果/持续联合冲刺_20260926/正式75配置_6并发/configurations/case_085_p1_n5/persistent/attempt_001/evaluations/attempts/20260926T130451-b953de22db8e42e5b36db45559db8c25/record.json,1,0,True,True,False,success,,,,,,,,
case_085_p1_n5,case_085,1,5,development,persistent,4,observe,/home/konglingrui/.mathmodel/questionA/真机启发算法攻坚/A题研究/直接迭代/运行结果/持续联合冲刺_20260926/正式75配置_6并发/configurations/case_085_p1_n5/persistent/attempt_001/evaluations/attempts/20260926T130313-f7505e0f37de49458c57d0dc1a37fffe/record.json,,,,,,0,,,,,,,"{'makespan': 3721156, 'official_copy': {'original_graph_copy_bytes': 1689734, 'scheduled_copy_bytes': 23418750, 'added_copy_bytes': 21729016, 'partition_added_copy_bytes': 18261810, 'spill_added_copy_bytes': 3467206}, 'path_bytes': {'DDR': 23418750}, 'nominal_pool_work_cycles': {'DDR': 401930}, 'pool_occupancy': {'DDR': {'busy_cycles': 401930, 'overlap_cycles': 95272, 'peak_concurrent': 2}, 'CACHE_READ': {'busy_cycles': 0, 'overlap_cycles': 0, 'peak_concurrent': 0}}, 'projected_live_peak': {'0:L1': 251904, '0:UB': 131072}, 'projected_live_byte_cycles': {'0:L1': 158462252032, '0:UB': 257960389938}, 'memory_dependency_count': 36452, 'critical_chain_ops': 17052, 'critical_chain_memory_edges': 421, 'top_copy_waits': [{'task_id': 0, 'op_id': 20015, 'op': 'COPY_IN', 'pipe': 'PIPE_MTE2', 'start': 112037, 'end': 112311, 'duration': 274, 'core_id': 0, 'size_bytes': 8192, 'path': 'DDR', 'nominal_cycles': 137, 'duration_excess': 137, 'original_tensors': [1000000056], 'slack': 16954, 'congestion_exposure': 137.0, 'wait_priority': 356.8109842950406, 'task': 0}, {'task_id': 0, 'op_id': 20016, 'op': 'COPY_IN', 'pipe': 'PIPE_MTE2', 'start': 112313, 'end': 112587, 'duration': 274, 'core_id': 0, 'size_bytes': 8192, 'path': 'DDR', 'nominal_cycles': 137, 'duration_excess': 137, 'original_tensors': [1000000059], 'slack': 16954, 'congestion_exposure': 137.0, 'wait_priority': 356.8109842950406, 'task': 0}, {'task_id': 13, 'op_id': 23955, 'op': 'COPY_IN', 'pipe': 'PIPE_MTE2', 'start': 1274583, 'end': 1274857, 'duration': 274, 'core_id': 0, 'size_bytes': 16384, 'path': 'DDR', 'nominal_cycles': 274, 'duration_excess': 0, 'original_tensors': [1000004573], 'slack': 0, 'congestion_exposure': 0, 'wait_priority': 274.0, 'task': 13}, {'task_id': 30, 'op_id': 29365, 'op': 'COPY_IN', 'pipe': 'PIPE_MTE2', 'start': 2905419, 'end': 2905693, 'duration': 274, 'core_id': 0, 'size_bytes': 16384, 'path': 'DDR', 'nominal_cycles': 274, 'duration_excess': 0, 'original_tensors': [1000013553], 'slack': 222, 'congestion_exposure': 0, 'wait_priority': 273.45619698349714, 'task': 30}, {'task_id': 17, 'op_id': 25395, 'op': 'COPY_IN', 'pipe': 'PIPE_MTE2', 'start': 1656976, 'end': 1657250, 'duration': 274, 'core_id': 0, 'size_bytes': 16384, 'path': 'DDR', 'nominal_cycles': 274, 'duration_excess': 0, 'original_tensors': [1000006816], 'slack': 1306, 'congestion_exposure': 0, 'wait_priority': 270.831575655468, 'task': 17}, {'task_id': 17, 'op_id': 25396, 'op': 'COPY_IN', 'pipe': 'PIPE_MTE2', 'start': 1657250, 'end': 1657524, 'duration': 274, 'core_id': 0, 'size_bytes': 16384, 'path': 'DDR', 'nominal_cycles': 274, 'duration_excess': 0, 'original_tensors': [1000006818], 'slack': 2576, 'congestion_exposure': 0, 'wait_priority': 267.8199825095166, 'task': 17}, {'task_id': 34, 'op_id': 30671, 'op': 'COPY_IN', 'pipe': 'PIPE_MTE2', 'start': 3287028, 'end': 3287302, 'duration': 274, 'core_id': 0, 'size_bytes': 16384, 'path': 'DDR', 'nominal_cycles': 274, 'duration_excess': 0, 'original_tensors': [1000015796], 'slack': 3520, 'congestion_exposure': 0, 'wait_priority': 265.62448282605624, 'task': 34}, {'task_id': 4, 'op_id': 21273, 'op': 'COPY_IN', 'pipe': 'PIPE_MTE2', 'start': 386739, 'end': 387013, 'duration': 274, 'core_id': 0, 'size_bytes': 16384, 'path': 'DDR', 'nominal_cycles': 274, 'duration_excess': 0, 'original_tensors': [1000000081], 'slack': 3824, 'congestion_exposure': 0, 'wait_priority': 264.9250997846156, 'task': 4}, {'task_id': 16, 'op_id': 25106, 'op': 'COPY_IN', 'pipe': 'PIPE_MTE2', 'start': 1535602, 'end': 1535876, 'duration': 274, 'core_id': 0, 'size_bytes': 16384, 'path': 'DDR', 'nominal_cycles': 274, 'duration_excess': 0, 'original_tensors': [1000006787], 'slack': 3934, 'congestion_exposure': 0, 'wait_priority': 264.67294010799463, 'task': 16}, {'task_id': 3, 'op_id': 21004, 'op': 'COPY_IN', 'pipe': 'PIPE_MTE2', 'start': 269489, 'end': 269763, 'duration': 274, 'core_id': 0, 'size_bytes': 16384, 'path': 'DDR', 'nominal_cycles': 274, 'duration_excess': 0, 'original_tensors': [1000000052], 'slack': 4099, 'congestion_exposure': 0, 'wait_priority': 264.29559934497894, 'task': 3}, {'task_id': 33, 'op_id': 30404, 'op': 'COPY_IN', 'pipe': 'PIPE_MTE2', 'start': 3169521, 'end': 3169795, 'duration': 274, 'core_id': 0, 'size_bytes': 16384, 'path': 'DDR', 'nominal_cycles': 274, 'duration_excess': 0, 'original_tensors': [1000015767], 'slack': 4099, 'congestion_exposure': 0, 'wait_priority': 264.29559934497894, 'task': 33}, {'task_id': 20, 'op_id': 26257, 'op': 'COPY_IN', 'pipe': 'PIPE_MTE2', 'start': 1926992, 'end': 1927266, 'duration': 274, 'core_id': 0, 'size_bytes': 16384, 'path': 'DDR', 'nominal_cycles': 274, 'duration_excess': 0, 'original_tensors': [1000009032], 'slack': 4407, 'congestion_exposure': 0, 'wait_priority': 263.59410101611763, 'task': 20}, {'task_id': 34, 'op_id': 30672, 'op': 'COPY_IN', 'pipe': 'PIPE_MTE2', 'start': 3287302, 'end': 3287576, 'duration': 274, 'core_id': 0, 'size_bytes': 16384, 'path': 'DDR', 'nominal_cycles': 274, 'duration_excess': 0, 'original_tensors': [1000015798], 'slack': 4790, 'congestion_exposure': 0, 'wait_priority': 262.72696064099125, 'task': 34}, {'task_id': 4, 'op_id': 21274, 'op': 'COPY_IN', 'pipe': 'PIPE_MTE2', 'start': 387013, 'end': 387287, 'duration': 274, 'core_id': 0, 'size_bytes': 16384, 'path': 'DDR', 'nominal_cycles': 274, 'duration_excess': 0, 'original_tensors': [1000000083], 'slack': 5094, 'congestion_exposure': 0, 'wait_priority': 262.04273294275237, 'task': 4}, {'task_id': 21, 'op_id': 26512, 'op': 'COPY_IN', 'pipe': 'PIPE_MTE2', 'start': 2050454, 'end': 2050728, 'duration': 274, 'core_id': 0, 'size_bytes': 16384, 'path': 'DDR', 'nominal_cycles': 274, 'duration_excess': 0, 'original_tensors': [1000009061], 'slack': 5795, 'congestion_exposure': 0, 'wait_priority': 260.47846098192554, 'task': 21}, {'task_id': 21, 'op_id': 26513, 'op': 'COPY_IN', 'pipe': 'PIPE_MTE2', 'start': 2050728, 'end': 2051002, 'duration': 274, 'core_id': 0, 'size_bytes': 16384, 'path': 'DDR', 'nominal_cycles': 274, 'duration_excess': 0, 'original_tensors': [1000009063], 'slack': 7065, 'congestion_exposure': 0, 'wait_priority': 257.69153143462563, 'task': 21}, {'task_id': 8, 'op_id': 22506, 'op': 'COPY_IN', 'pipe': 'PIPE_MTE2', 'start': 724949, 'end': 725223, 'duration': 274, 'core_id': 0, 'size_bytes': 16384, 'path': 'DDR', 'nominal_cycles': 274, 'duration_excess': 0, 'original_tensors': [1000002326], 'slack': 7830, 'congestion_exposure': 0, 'wait_priority': 256.0413866257374, 'task': 8}, {'task_id': 12, 'op_id': 23827, 'op': 'COPY_IN', 'pipe': 'PIPE_MTE2', 'start': 1136096, 'end': 1136370, 'duration': 274, 'core_id': 0, 'size_bytes': 16384, 'path': 'DDR', 'nominal_cycles': 274, 'duration_excess': 0, 'original_tensors': [1000004571], 'slack': 7830, 'congestion_exposure': 0, 'wait_priority': 256.0413866257374, 'task': 12}, {'task_id': 25, 'op_id': 27904, 'op': 'COPY_IN', 'pipe': 'PIPE_MTE2', 'start': 2386952, 'end': 2387226, 'duration': 274, 'core_id': 0, 'size_bytes': 16384, 'path': 'DDR', 'nominal_cycles': 274, 'duration_excess': 0, 'original_tensors': [1000011306], 'slack': 7830, 'congestion_exposure': 0, 'wait_priority': 256.0413866257374, 'task': 25}, {'task_id': 29, 'op_id': 29184, 'op': 'COPY_IN', 'pipe': 'PIPE_MTE2', 'start': 2776167, 'end': 2776441, 'duration': 274, 'core_id': 0, 'size_bytes': 16384, 'path': 'DDR', 'nominal_cycles': 274, 'duration_excess': 0, 'original_tensors': [1000013551], 'slack': 7830, 'congestion_exposure': 0, 'wait_priority': 256.0413866257374, 'task': 29}], 'compile_seconds': 9.411669107998023, 'limitations': 'Observed durations include dynamic contention; chain/slack and projected residency are ranking diagnostics, not removable-delay certificates.'}",,,,,
case_085_p1_n5,case_085,1,5,development,persistent,5,advance,/home/konglingrui/.mathmodel/questionA/真机启发算法攻坚/A题研究/直接迭代/运行结果/持续联合冲刺_20260926/正式75配置_6并发/configurations/case_085_p1_n5/persistent/attempt_001/evaluations/attempts/20260926T130313-f7505e0f37de49458c57d0dc1a37fffe/record.json,joint,,1,/home/konglingrui/.mathmodel/questionA/真机启发算法攻坚/A题研究/直接迭代/运行结果/持续联合冲刺_20260926/正式75配置_6并发/configurations/case_085_p1_n5/persistent/attempt_001/evaluations/attempts/20260926T130519-1a5a058afe384be4808862b734492f04/record.json,,1,,,,,False,1,,,,,,
case_085_p1_n5,case_085,1,5,development,persistent,6,visit,/home/konglingrui/.mathmodel/questionA/真机启发算法攻坚/A题研究/直接迭代/运行结果/持续联合冲刺_20260926/正式75配置_6并发/configurations/case_085_p1_n5/persistent/attempt_001/evaluations/attempts/20260926T130313-f7505e0f37de49458c57d0dc1a37fffe/record.json,joint,,1,/home/konglingrui/.mathmodel/questionA/真机启发算法攻坚/A题研究/直接迭代/运行结果/持续联合冲刺_20260926/正式75配置_6并发/configurations/case_085_p1_n5/persistent/attempt_001/evaluations/attempts/20260926T130519-1a5a058afe384be4808862b734492f04/record.json,1,0,True,False,False,success,,,,,,,,
case_085_p1_n5,case_085,1,5,development,persistent,7,observe,/home/konglingrui/.mathmodel/questionA/真机启发算法攻坚/A题研究/直接迭代/运行结果/持续联合冲刺_20260926/正式75配置_6并发/configurations/case_085_p1_n5/persistent/attempt_001/evaluations/attempts/20260926T130322-85f3e0777383424cbd5a14088130aee9/record.json,,,,,,0,,,,,,,"{'makespan': 3067874, 'official_copy': {'original_graph_copy_bytes': 1689734, 'scheduled_copy_bytes': 21929410, 'added_copy_bytes': 20239676, 'partition_added_copy_bytes': 16343862, 'spill_added_copy_bytes': 3895814}, 'path_bytes': {'DDR': 21929410}, 'nominal_pool_work_cycles': {'DDR': 376114}, 'pool_occupancy': {'DDR': {'busy_cycles': 376114, 'overlap_cycles': 134563, 'peak_concurrent': 5}, 'CACHE_READ': {'busy_cycles': 0, 'overlap_cycles': 0, 'peak_concurrent': 0}}, 'projected_live_peak': {'0:L1': 138240, '0:UB': 131072, '3:L1': 109184, '3:UB': 29376, '1:L1': 95744, '1:UB': 30018, '2:L1': 95744, '4:L1': 84608, '4:UB': 29376, '2:UB': 30018}, 'projected_live_byte_cycles': {'0:L1': 130934431488, '0:UB': 213163890658, '3:L1': 4371013248, '3:UB': 947603656, '1:L1': 6607520384, '1:UB': 1737170802, '2:L1': 6520918272, '4:L1': 3603966208, '4:UB': 898850966, '2:UB': 1730382510}, 'memory_dependency_count': 31761, 'critical_chain_ops': 13322, 'critical_chain_memory_edges': 145, 'top_copy_waits': [{'task_id': 82, 'op_id': 30095, 'op': 'COPY_IN', 'pipe': 'PIPE_MTE2', 'start': 2935391, 'end': 2936747, 'duration': 1356, 'core_id': 2, 'size_bytes': 16384, 'path': 'DDR', 'nominal_cycles': 274, 'duration_excess': 1082, 'original_tensors': [1000015767], 'slack': 7195, 'congestion_exposure': 1082.0, 'wait_priority': 2261.2269037909646, 'task': 82}, {'task_id': 83, 'op_id': 30157, 'op': 'COPY_IN', 'pipe': 'PIPE_MTE2', 'start': 2935391, 'end': 2936747, 'duration': 1356, 'core_id': 1, 'size_bytes': 16384, 'path': 'DDR', 'nominal_cycles': 274, 'duration_excess': 1082, 'original_tensors': [1000015767], 'slack': 7195, 'congestion_exposure': 1082.0, 'wait_priority': 2261.2269037909646, 'task': 83}, {'task_id': 80, 'op_id': 29971, 'op': 'COPY_IN', 'pipe': 'PIPE_MTE2', 'start': 2931853, 'end': 2933221, 'duration': 1368, 'core_id': 0, 'size_bytes': 16384, 'path': 'DDR', 'nominal_cycles': 274, 'duration_excess': 1094, 'original_tensors': [1000015767], 'slack': 11717, 'congestion_exposure': 1094.4, 'wait_priority': 2184.3176349418363, 'task': 80}, {'task_id': 94, 'op_id': 30606, 'op': 'COPY_IN', 'pipe': 'PIPE_MTE2', 'start': 3005302, 'end': 3006672, 'duration': 1370, 'core_id': 0, 'size_bytes': 16384, 'path': 'DDR', 'nominal_cycles': 274, 'duration_excess': 1096, 'original_tensors': [1000018012], 'slack': 14980, 'congestion_exposure': 1096.0, 'wait_priority': 2120.812326580027, 'task': 94}, {'task_id': 95, 'op_id': 30653, 'op': 'COPY_IN', 'pipe': 'PIPE_MTE2', 'start': 3005302, 'end': 3006672, 'duration': 1370, 'core_id': 1, 'size_bytes': 16384, 'path': 'DDR', 'nominal_cycles': 274, 'duration_excess': 1096, 'original_tensors': [1000018012], 'slack': 14980, 'congestion_exposure': 1096.0, 'wait_priority': 2120.812326580027, 'task': 95}, {'task_id': 96, 'op_id': 30700, 'op': 'COPY_IN', 'pipe': 'PIPE_MTE2', 'start': 3005302, 'end': 3006672, 'duration': 1370, 'core_id': 2, 'size_bytes': 16384, 'path': 'DDR', 'nominal_cycles': 274, 'duration_excess': 1096, 'original_tensors': [1000018012], 'slack': 14980, 'congestion_exposure': 1096.0, 'wait_priority': 2120.812326580027, 'task': 96}, {'task_id': 80, 'op_id': 29972, 'op': 'COPY_IN', 'pipe': 'PIPE_MTE2', 'start': 2933221, 'end': 2934591, 'duration': 1370, 'core_id': 0, 'size_bytes': 16384, 'path': 'DDR', 'nominal_cycles': 274, 'duration_excess': 1096, 'original_tensors': [1000015769], 'slack': 16307, 'congestion_exposure': 1096.0, 'wait_priority': 2094.8363775785874, 'task': 80}, {'task_id': 94, 'op_id': 30607, 'op': 'COPY_IN', 'pipe': 'PIPE_MTE2', 'start': 3006672, 'end': 3008042, 'duration': 1370, 'core_id': 0, 'size_bytes': 16384, 'path': 'DDR', 'nominal_cycles': 274, 'duration_excess': 1096, 'original_tensors': [1000018014], 'slack': 19570, 'congestion_exposure': 1096.0, 'wait_priority': 2033.590229290088, 'task': 94}, {'task_id': 95, 'op_id': 30654, 'op': 'COPY_IN', 'pipe': 'PIPE_MTE2', 'start': 3006672, 'end': 3008042, 'duration': 1370, 'core_id': 1, 'size_bytes': 16384, 'path': 'DDR', 'nominal_cycles': 274, 'duration_excess': 1096, 'original_tensors': [1000018014], 'slack': 19570, 'congestion_exposure': 1096.0, 'wait_priority': 2033.590229290088, 'task': 95}, {'task_id': 96, 'op_id': 30701, 'op': 'COPY_IN', 'pipe': 'PIPE_MTE2', 'start': 3006672, 'end': 3008042, 'duration': 1370, 'core_id': 2, 'size_bytes': 16384, 'path': 'DDR', 'nominal_cycles': 274, 'duration_excess': 1096, 'original_tensors': [1000018014], 'slack': 19570, 'congestion_exposure': 1096.0, 'wait_priority': 2033.590229290088, 'task': 96}, {'task_id': 84, 'op_id': 30219, 'op': 'COPY_IN', 'pipe': 'PIPE_MTE2', 'start': 2935391, 'end': 2936747, 'duration': 1356, 'core_id': 3, 'size_bytes': 16384, 'path': 'DDR', 'nominal_cycles': 274, 'duration_excess': 1082, 'original_tensors': [1000015767], 'slack': 32167, 'congestion_exposure': 1082.0, 'wait_priority': 1806.5900735906846, 'task': 84}, {'task_id': 81, 'op_id': 30033, 'op': 'COPY_IN', 'pipe': 'PIPE_MTE2', 'start': 2935391, 'end': 2936747, 'duration': 1356, 'core_id': 4, 'size_bytes': 16384, 'path': 'DDR', 'nominal_cycles': 274, 'duration_excess': 1082, 'original_tensors': [1000015767], 'slack': 32337, 'congestion_exposure': 1082.0, 'wait_priority': 1804.12072920521, 'task': 81}, {'task_id': 92, 'op_id': 30512, 'op': 'COPY_IN', 'pipe': 'PIPE_MTE2', 'start': 3005302, 'end': 3006672, 'duration': 1370, 'core_id': 3, 'size_bytes': 16384, 'path': 'DDR', 'nominal_cycles': 274, 'duration_excess': 1096, 'original_tensors': [1000018012], 'slack': 37818, 'congestion_exposure': 1096.0, 'wait_priority': 1747.816270584044, 'task': 92}, {'task_id': 85, 'op_id': 30281, 'op': 'COPY_IN', 'pipe': 'PIPE_MTE2', 'start': 2964412, 'end': 2965517, 'duration': 1105, 'core_id': 0, 'size_bytes': 16384, 'path': 'DDR', 'nominal_cycles': 274, 'duration_excess': 831, 'original_tensors': [1000015767], 'slack': 11981, 'congestion_exposure': 831.0, 'wait_priority': 1713.0059995835306, 'task': 85}, {'task_id': 82, 'op_id': 30096, 'op': 'COPY_IN', 'pipe': 'PIPE_MTE2', 'start': 2936747, 'end': 2937843, 'duration': 1096, 'core_id': 2, 'size_bytes': 16384, 'path': 'DDR', 'nominal_cycles': 274, 'duration_excess': 822, 'original_tensors': [1000015769], 'slack': 12059, 'congestion_exposure': 822.0, 'wait_priority': 1695.8076457305149, 'task': 82}, {'task_id': 83, 'op_id': 30158, 'op': 'COPY_IN', 'pipe': 'PIPE_MTE2', 'start': 2936747, 'end': 2937843, 'duration': 1096, 'core_id': 1, 'size_bytes': 16384, 'path': 'DDR', 'nominal_cycles': 274, 'duration_excess': 822, 'original_tensors': [1000015769], 'slack': 12059, 'congestion_exposure': 822.0, 'wait_priority': 1695.8076457305149, 'task': 83}, {'task_id': 92, 'op_id': 30513, 'op': 'COPY_IN', 'pipe': 'PIPE_MTE2', 'start': 3006672, 'end': 3008042, 'duration': 1370, 'core_id': 3, 'size_bytes': 16384, 'path': 'DDR', 'nominal_cycles': 274, 'duration_excess': 1096, 'original_tensors': [1000018014], 'slack': 42408, 'congestion_exposure': 1096.0, 'wait_priority': 1688.1448568038106, 'task': 92}, {'task_id': 85, 'op_id': 30282, 'op': 'COPY_IN', 'pipe': 'PIPE_MTE2', 'start': 2965517, 'end': 2966613, 'duration': 1096, 'core_id': 0, 'size_bytes': 16384, 'path': 'DDR', 'nominal_cycles': 274, 'duration_excess': 822, 'original_tensors': [1000015769], 'slack': 16845, 'congestion_exposure': 822.0, 'wait_priority': 1621.266458623443, 'task': 85}, {'task_id': 93, 'op_id': 30559, 'op': 'COPY_IN', 'pipe': 'PIPE_MTE2', 'start': 3005302, 'end': 3006672, 'duration': 1370, 'core_id': 4, 'size_bytes': 16384, 'path': 'DDR', 'nominal_cycles': 274, 'duration_excess': 1096, 'original_tensors': [1000018012], 'slack': 50473, 'congestion_exposure': 1096.0, 'wait_priority': 1592.6079626286635, 'task': 93}, {'task_id': 93, 'op_id': 30560, 'op': 'COPY_IN', 'pipe': 'PIPE_MTE2', 'start': 3006672, 'end': 3008042, 'duration': 1370, 'core_id': 4, 'size_bytes': 16384, 'path': 'DDR', 'nominal_cycles': 274, 'duration_excess': 1096, 'original_tensors': [1000018014], 'slack': 55063, 'congestion_exposure': 1096.0, 'wait_priority': 1542.9131338697784, 'task': 93}], 'compile_seconds': 10.270787148998352, 'limitations': 'Observed durations include dynamic contention; chain/slack and projected residency are ranking diagnostics, not removable-delay certificates.'}",,,,,
case_085_p1_n5,case_085,1,5,development,persistent,8,advance,/home/konglingrui/.mathmodel/questionA/真机启发算法攻坚/A题研究/直接迭代/运行结果/持续联合冲刺_20260926/正式75配置_6并发/configurations/case_085_p1_n5/persistent/attempt_001/evaluations/attempts/20260926T130322-85f3e0777383424cbd5a14088130aee9/record.json,joint,,2,/home/konglingrui/.mathmodel/questionA/真机启发算法攻坚/A题研究/直接迭代/运行结果/持续联合冲刺_20260926/正式75配置_6并发/configurations/case_085_p1_n5/persistent/attempt_001/evaluations/attempts/20260926T130550-dcb1f49c38194c98ae5edde6764cc596/record.json,,1,,,,,False,1,,,,,,
case_085_p1_n5,case_085,1,5,development,persistent,9,visit,/home/konglingrui/.mathmodel/questionA/真机启发算法攻坚/A题研究/直接迭代/运行结果/持续联合冲刺_20260926/正式75配置_6并发/configurations/case_085_p1_n5/persistent/attempt_001/evaluations/attempts/20260926T130322-85f3e0777383424cbd5a14088130aee9/record.json,joint,,2,/home/konglingrui/.mathmodel/questionA/真机启发算法攻坚/A题研究/直接迭代/运行结果/持续联合冲刺_20260926/正式75配置_6并发/configurations/case_085_p1_n5/persistent/attempt_001/evaluations/attempts/20260926T130550-dcb1f49c38194c98ae5edde6764cc596/record.json,1,0,True,False,False,success,,,,,,,,
case_085_p1_n5,case_085,1,5,development,persistent,10,observation_fallback,/home/konglingrui/.mathmodel/questionA/真机启发算法攻坚/A题研究/直接迭代/运行结果/持续联合冲刺_20260926/正式75配置_6并发/configurations/case_085_p1_n5/persistent/attempt_001/evaluations/attempts/20260926T130451-b953de22db8e42e5b36db45559db8c25/record.json,,,,,,,,,,,,,,,,,,P1 Task-release trace only; internal compiled causality unavailable
case_085_p1_n5,case_085,1,5,development,persistent,11,visit,/home/konglingrui/.mathmodel/questionA/真机启发算法攻坚/A题研究/直接迭代/运行结果/持续联合冲刺_20260926/正式75配置_6并发/configurations/case_085_p1_n5/persistent/attempt_001/evaluations/attempts/20260926T130451-b953de22db8e42e5b36db45559db8c25/record.json,joint,,0,/home/konglingrui/.mathmodel/questionA/真机启发算法攻坚/A题研究/直接迭代/运行结果/持续联合冲刺_20260926/正式75配置_6并发/configurations/case_085_p1_n5/persistent/attempt_001/evaluations/attempts/20260926T130624-efbc7004950649b5bc87d4827ae4e67f/record.json,0,1,False,False,False,timeout,,,,,,,,
case_085_p1_n5,case_085,1,5,development,persistent,12,admit,,,,0,/home/konglingrui/.mathmodel/questionA/真机启发算法攻坚/A题研究/直接迭代/运行结果/持续联合冲刺_20260926/正式75配置_6并发/configurations/case_085_p1_n5/persistent/attempt_001/evaluations/attempts/20260926T130301-5aa8bc7aaf194cee99e358562ed8f71b/record.json,,,,,,,,,,2,graph_recipe,,,
case_085_p1_n5,case_085,1,5,development,persistent,13,admit,,,,1,/home/konglingrui/.mathmodel/questionA/真机启发算法攻坚/A题研究/直接迭代/运行结果/持续联合冲刺_20260926/正式75配置_6并发/configurations/case_085_p1_n5/persistent/attempt_001/evaluations/attempts/20260926T130313-f7505e0f37de49458c57d0dc1a37fffe/record.json,,,,,,,,,,2,bounded_components,,,
case_085_p1_n5,case_085,1,5,development,persistent,14,admit,,,,2,/home/konglingrui/.mathmodel/questionA/真机启发算法攻坚/A题研究/直接迭代/运行结果/持续联合冲刺_20260926/正式75配置_6并发/configurations/case_085_p1_n5/persistent/attempt_001/evaluations/attempts/20260926T130322-85f3e0777383424cbd5a14088130aee9/record.json,,,,,,,,,,2,bounded_dependency_bands,,,
case_060_p2_n4,case_060,2,4,core_regression,legacy,1,legacy_visit,/home/konglingrui/.mathmodel/questionA/真机启发算法攻坚/A题研究/直接迭代/运行结果/持续联合冲刺_20260926/正式75配置_6并发/configurations/case_060_p2_n4/legacy/attempt_001/evaluations/attempts/20260926T130407-a8d08f794c4f4207bbec05ff67188a30/record.json,legacy,True,,,,,,,,,,,,,,,,
case_060_p2_n4,case_060,2,4,core_regression,legacy,2,legacy_visit,/home/konglingrui/.mathmodel/questionA/真机启发算法攻坚/A题研究/直接迭代/运行结果/持续联合冲刺_20260926/正式75配置_6并发/configurations/case_060_p2_n4/legacy/attempt_001/evaluations/attempts/20260926T130423-1d576b52b7a741b2b5c227fed787886e/record.json,data,False,,,,,,,,,,,,,,,,
case_060_p2_n4,case_060,2,4,core_regression,legacy,3,legacy_visit,/home/konglingrui/.mathmodel/questionA/真机启发算法攻坚/A题研究/直接迭代/运行结果/持续联合冲刺_20260926/正式75配置_6并发/configurations/case_060_p2_n4/legacy/attempt_001/evaluations/attempts/20260926T130434-ae6c6be14d9c40d490d6882725d04bac/record.json,region,False,,,,,,,,,,,,,,,,
case_060_p2_n4,case_060,2,4,core_regression,legacy,4,legacy_visit,/home/konglingrui/.mathmodel/questionA/真机启发算法攻坚/A题研究/直接迭代/运行结果/持续联合冲刺_20260926/正式75配置_6并发/configurations/case_060_p2_n4/legacy/attempt_001/evaluations/attempts/20260926T130423-1d576b52b7a741b2b5c227fed787886e/record.json,legacy,True,,,,,,,,,,,,,,,,
case_060_p2_n4,case_060,2,4,core_regression,legacy,5,legacy_visit,/home/konglingrui/.mathmodel/questionA/真机启发算法攻坚/A题研究/直接迭代/运行结果/持续联合冲刺_20260926/正式75配置_6并发/configurations/case_060_p2_n4/legacy/attempt_001/evaluations/attempts/20260926T130440-9b8d5d88124a410a8ed3dd0f79d8e789/record.json,data,True,,,,,,,,,,,,,,,,
case_060_p2_n4,case_060,2,4,core_regression,legacy,6,legacy_visit,/home/konglingrui/.mathmodel/questionA/真机启发算法攻坚/A题研究/直接迭代/运行结果/持续联合冲刺_20260926/正式75配置_6并发/configurations/case_060_p2_n4/legacy/attempt_001/evaluations/attempts/20260926T130452-abfc5749bc1c47fb8be95c26c9331fa5/record.json,region,False,,,,,,,,,,,,,,,,
case_060_p2_n4,case_060,2,4,core_regression,legacy,7,legacy_visit,/home/konglingrui/.mathmodel/questionA/真机启发算法攻坚/A题研究/直接迭代/运行结果/持续联合冲刺_20260926/正式75配置_6并发/configurations/case_060_p2_n4/legacy/attempt_001/evaluations/attempts/20260926T130454-850ec847527f4156b41de9923969da47/record.json,data,False,,,,,,,,,,,,,,,,
case_060_p2_n4,case_060,2,4,core_regression,legacy,8,legacy_visit,/home/konglingrui/.mathmodel/questionA/真机启发算法攻坚/A题研究/直接迭代/运行结果/持续联合冲刺_20260926/正式75配置_6并发/configurations/case_060_p2_n4/legacy/attempt_001/evaluations/attempts/20260926T130452-abfc5749bc1c47fb8be95c26c9331fa5/record.json,legacy,False,,,,,,,,,,,,,,,,
case_060_p2_n4,case_060,2,4,core_regression,legacy,9,legacy_visit,/home/konglingrui/.mathmodel/questionA/真机启发算法攻坚/A题研究/直接迭代/运行结果/持续联合冲刺_20260926/正式75配置_6并发/configurations/case_060_p2_n4/legacy/attempt_001/evaluations/attempts/20260926T130454-850ec847527f4156b41de9923969da47/record.json,region,False,,,,,,,,,,,,,,,,
case_060_p2_n4,case_060,2,4,core_regression,legacy,10,legacy_visit,/home/konglingrui/.mathmodel/questionA/真机启发算法攻坚/A题研究/直接迭代/运行结果/持续联合冲刺_20260926/正式75配置_6并发/configurations/case_060_p2_n4/legacy/attempt_001/evaluations/attempts/20260926T130512-043e32c79f8a49e8b074a2935bd5235e/record.json,legacy,False,,,,,,,,,,,,,,,,
case_060_p2_n4,case_060,2,4,core_regression,legacy,11,legacy_visit,/home/konglingrui/.mathmodel/questionA/真机启发算法攻坚/A题研究/直接迭代/运行结果/持续联合冲刺_20260926/正式75配置_6并发/configurations/case_060_p2_n4/legacy/attempt_001/evaluations/attempts/20260926T130512-043e32c79f8a49e8b074a2935bd5235e/record.json,data,False,,,,,,,,,,,,,,,,
case_060_p2_n4,case_060,2,4,core_regression,legacy,12,legacy_visit,/home/konglingrui/.mathmodel/questionA/真机启发算法攻坚/A题研究/直接迭代/运行结果/持续联合冲刺_20260926/正式75配置_6并发/configurations/case_060_p2_n4/legacy/attempt_001/evaluations/attempts/20260926T130452-abfc5749bc1c47fb8be95c26c9331fa5/record.json,region,False,,,,,,,,,,,,,,,,
case_060_p2_n4,case_060,2,4,core_regression,legacy,13,legacy_visit,/home/konglingrui/.mathmodel/questionA/真机启发算法攻坚/A题研究/直接迭代/运行结果/持续联合冲刺_20260926/正式75配置_6并发/configurations/case_060_p2_n4/legacy/attempt_001/evaluations/attempts/20260926T130454-850ec847527f4156b41de9923969da47/record.json,legacy,False,,,,,,,,,,,,,,,,
case_060_p2_n4,case_060,2,4,core_regression,legacy,14,legacy_visit,/home/konglingrui/.mathmodel/questionA/真机启发算法攻坚/A题研究/直接迭代/运行结果/持续联合冲刺_20260926/正式75配置_6并发/configurations/case_060_p2_n4/legacy/attempt_001/evaluations/attempts/20260926T130512-043e32c79f8a49e8b074a2935bd5235e/record.json,data,True,,,,,,,,,,,,,,,,
case_060_p2_n4,case_060,2,4,core_regression,legacy,15,legacy_visit,/home/konglingrui/.mathmodel/questionA/真机启发算法攻坚/A题研究/直接迭代/运行结果/持续联合冲刺_20260926/正式75配置_6并发/configurations/case_060_p2_n4/legacy/attempt_001/evaluations/attempts/20260926T130533-4a7f4e5587404b99bb78c113a4e39fbb/record.json,region,True,,,,,,,,,,,,,,,,
case_060_p2_n4,case_060,2,4,core_regression,legacy,16,legacy_visit,/home/konglingrui/.mathmodel/questionA/真机启发算法攻坚/A题研究/直接迭代/运行结果/持续联合冲刺_20260926/正式75配置_6并发/configurations/case_060_p2_n4/legacy/attempt_001/evaluations/attempts/20260926T130535-82a34b783e6d4b0f86bb68c1b3fef24a/record.json,data,False,,,,,,,,,,,,,,,,
case_060_p2_n4,case_060,2,4,core_regression,legacy,17,legacy_visit,/home/konglingrui/.mathmodel/questionA/真机启发算法攻坚/A题研究/直接迭代/运行结果/持续联合冲刺_20260926/正式75配置_6并发/configurations/case_060_p2_n4/legacy/attempt_001/evaluations/attempts/20260926T130548-84ef2b2331b947068b6d9125d37d1f98/record.json,legacy,True,,,,,,,,,,,,,,,,
case_060_p2_n4,case_060,2,4,core_regression,legacy,18,legacy_visit,/home/konglingrui/.mathmodel/questionA/真机启发算法攻坚/A题研究/直接迭代/运行结果/持续联合冲刺_20260926/正式75配置_6并发/configurations/case_060_p2_n4/legacy/attempt_001/evaluations/attempts/20260926T130550-8808c441124a467e903ca6ccee9bb633/record.json,region,False,,,,,,,,,,,,,,,,
case_060_p2_n4,case_060,2,4,core_regression,persistent,1,visit,/home/konglingrui/.mathmodel/questionA/真机启发算法攻坚/A题研究/直接迭代/运行结果/持续联合冲刺_20260926/正式75配置_6并发/configurations/case_060_p2_n4/persistent/attempt_001/evaluations/attempts/20260926T130557-8c97de0588aa4f5e9f7c2e82532d03c2/record.json,insertion,,0,/home/konglingrui/.mathmodel/questionA/真机启发算法攻坚/A题研究/直接迭代/运行结果/持续联合冲刺_20260926/正式75配置_6并发/configurations/case_060_p2_n4/persistent/attempt_001/evaluations/attempts/20260926T130616-424bd2ecaf204ec18427c207e768a26a/record.json,1,0,False,False,True,success,,,,,,,,
case_060_p2_n4,case_060,2,4,core_regression,persistent,2,advance,/home/konglingrui/.mathmodel/questionA/真机启发算法攻坚/A题研究/直接迭代/运行结果/持续联合冲刺_20260926/正式75配置_6并发/configurations/case_060_p2_n4/persistent/attempt_001/evaluations/attempts/20260926T130603-5828f71bc6384d83868df2c2324c7958/record.json,insertion,,1,/home/konglingrui/.mathmodel/questionA/真机启发算法攻坚/A题研究/直接迭代/运行结果/持续联合冲刺_20260926/正式75配置_6并发/configurations/case_060_p2_n4/persistent/attempt_001/evaluations/attempts/20260926T130617-777a72d2c1ea4b3fa01447fa76a7bf1d/record.json,,1,,,,,False,1,,,,,,
case_060_p2_n4,case_060,2,4,core_regression,persistent,3,visit,/home/konglingrui/.mathmodel/questionA/真机启发算法攻坚/A题研究/直接迭代/运行结果/持续联合冲刺_20260926/正式75配置_6并发/configurations/case_060_p2_n4/persistent/attempt_001/evaluations/attempts/20260926T130603-5828f71bc6384d83868df2c2324c7958/record.json,insertion,,1,/home/konglingrui/.mathmodel/questionA/真机启发算法攻坚/A题研究/直接迭代/运行结果/持续联合冲刺_20260926/正式75配置_6并发/configurations/case_060_p2_n4/persistent/attempt_001/evaluations/attempts/20260926T130617-777a72d2c1ea4b3fa01447fa76a7bf1d/record.json,1,0,True,False,False,success,,,,,,,,
case_060_p2_n4,case_060,2,4,core_regression,persistent,4,advance,/home/konglingrui/.mathmodel/questionA/真机启发算法攻坚/A题研究/直接迭代/运行结果/持续联合冲刺_20260926/正式75配置_6并发/configurations/case_060_p2_n4/persistent/attempt_001/evaluations/attempts/20260926T130606-d691afcae0ec49d8888a98746c815dbb/record.json,insertion,,2,/home/konglingrui/.mathmodel/questionA/真机启发算法攻坚/A题研究/直接迭代/运行结果/持续联合冲刺_20260926/正式75配置_6并发/configurations/case_060_p2_n4/persistent/attempt_001/evaluations/attempts/20260926T130620-e5fe1ddd7ae34242bab6d659eca88a75/record.json,,1,,,,,False,1,,,,,,
case_060_p2_n4,case_060,2,4,core_regression,persistent,5,visit,/home/konglingrui/.mathmodel/questionA/真机启发算法攻坚/A题研究/直接迭代/运行结果/持续联合冲刺_20260926/正式75配置_6并发/configurations/case_060_p2_n4/persistent/attempt_001/evaluations/attempts/20260926T130606-d691afcae0ec49d8888a98746c815dbb/record.json,insertion,,2,/home/konglingrui/.mathmodel/questionA/真机启发算法攻坚/A题研究/直接迭代/运行结果/持续联合冲刺_20260926/正式75配置_6并发/configurations/case_060_p2_n4/persistent/attempt_001/evaluations/attempts/20260926T130620-e5fe1ddd7ae34242bab6d659eca88a75/record.json,1,0,True,False,False,success,,,,,,,,
case_060_p2_n4,case_060,2,4,core_regression,persistent,6,observe,/home/konglingrui/.mathmodel/questionA/真机启发算法攻坚/A题研究/直接迭代/运行结果/持续联合冲刺_20260926/正式75配置_6并发/configurations/case_060_p2_n4/persistent/attempt_001/evaluations/attempts/20260926T130600-1d28b2c6afd844b58a9ed088fd4d8a37/record.json,,,,,,0,,,,,,,"{'makespan': 194770, 'official_copy': {'original_graph_copy_bytes': 2099006, 'scheduled_copy_bytes': 5940414, 'added_copy_bytes': 3841408, 'partition_added_copy_bytes': 3184896, 'spill_added_copy_bytes': 656512}, 'path_bytes': {'DDR': 5940414}, 'nominal_pool_work_cycles': {'DDR': 100913}, 'pool_occupancy': {'DDR': {'busy_cycles': 100913, 'overlap_cycles': 66188, 'peak_concurrent': 7}, 'CACHE_READ': {'busy_cycles': 0, 'overlap_cycles': 0, 'peak_concurrent': 0}}, 'projected_live_peak': {'0:L1': 524288, '0:UB': 122894, '1:L1': 524288, '1:UB': 122894, '2:L1': 523264, '2:UB': 98322, '3:L1': 524288, '3:UB': 131072}, 'projected_live_byte_cycles': {'0:L1': 63483237376, '0:UB': 2917595050, '1:L1': 57623639552, '1:UB': 4110591092, '2:L1': 61650473472, '2:UB': 3032206184, '3:L1': 63562725888, '3:UB': 4602352974}, 'memory_dependency_count': 12916, 'critical_chain_ops': 567, 'critical_chain_memory_edges': 12, 'top_copy_waits': [{'task_id': 3, 'op_id': 1000006869, 'op': 'COPY_IN', 'subgraph_id': 4110, 'pipe': 'PIPE_MTE2', 'start': 6317, 'end': 7140, 'duration': 823, 'core_id': 3, 'size_bytes': 8192, 'path': 'DDR', 'nominal_cycles': 137, 'duration_excess': 686, 'original_tensors': [1000000711], 'slack': 320, 'congestion_exposure': 686.0, 'wait_priority': 1430.6498190845516, 'task': 3}, {'task_id': 3, 'op_id': 1000007023, 'op': 'COPY_IN', 'subgraph_id': 4105, 'pipe': 'PIPE_MTE2', 'start': 3538, 'end': 4332, 'duration': 794, 'core_id': 3, 'size_bytes': 8192, 'path': 'DDR', 'nominal_cycles': 137, 'duration_excess': 657, 'original_tensors': [1000001337], 'slack': 320, 'congestion_exposure': 657.0, 'wait_priority': 1375.6612905842837, 'task': 3}, {'task_id': 3, 'op_id': 1000011012, 'op': 'COPY_OUT', 'subgraph_id': 4109, 'pipe': 'PIPE_MTE3', 'start': 6527, 'end': 7350, 'duration': 823, 'core_id': 3, 'size_bytes': 8192, 'path': 'DDR', 'nominal_cycles': 137, 'duration_excess': 686, 'original_tensors': [1000001363], 'slack': 876, 'congestion_exposure': 686.0, 'wait_priority': 1312.264722953967, 'task': 3}, {'task_id': 3, 'op_id': 1000011016, 'op': 'COPY_OUT', 'subgraph_id': 4108, 'pipe': 'PIPE_MTE3', 'start': 5705, 'end': 6527, 'duration': 822, 'core_id': 3, 'size_bytes': 8192, 'path': 'DDR', 'nominal_cycles': 137, 'duration_excess': 685, 'original_tensors': [1000001362], 'slack': 876, 'congestion_exposure': 685.0, 'wait_priority': 1310.5254721614501, 'task': 3}, {'task_id': 3, 'op_id': 1000007027, 'op': 'COPY_IN', 'subgraph_id': 4109, 'pipe': 'PIPE_MTE2', 'start': 5565, 'end': 6317, 'duration': 752, 'core_id': 3, 'size_bytes': 8192, 'path': 'DDR', 'nominal_cycles': 137, 'duration_excess': 615, 'original_tensors': [1000001341], 'slack': 320, 'congestion_exposure': 615.0, 'wait_priority': 1296.0227320666547, 'task': 3}, {'task_id': 3, 'op_id': 1000011032, 'op': 'COPY_OUT', 'subgraph_id': 4104, 'pipe': 'PIPE_MTE3', 'start': 3720, 'end': 4542, 'duration': 822, 'core_id': 3, 'size_bytes': 8192, 'path': 'DDR', 'nominal_cycles': 137, 'duration_excess': 685, 'original_tensors': [1000001360], 'slack': 1224, 'congestion_exposure': 685.0, 'wait_priority': 1245.9922316084392, 'task': 3}, {'task_id': 0, 'op_id': 1000007009, 'op': 'COPY_IN', 'subgraph_id': 256, 'pipe': 'PIPE_MTE2', 'start': 23310, 'end': 23996, 'duration': 686, 'core_id': 0, 'size_bytes': 8192, 'path': 'DDR', 'nominal_cycles': 137, 'duration_excess': 549, 'original_tensors': [1000001264], 'slack': 0, 'congestion_exposure': 549.0, 'wait_priority': 1235.0, 'task': 0}, {'task_id': 3, 'op_id': 1000011024, 'op': 'COPY_OUT', 'subgraph_id': 4105, 'pipe': 'PIPE_MTE3', 'start': 4542, 'end': 5357, 'duration': 815, 'core_id': 3, 'size_bytes': 8192, 'path': 'DDR', 'nominal_cycles': 137, 'duration_excess': 678, 'original_tensors': [1000001361], 'slack': 1224, 'congestion_exposure': 678.0, 'wait_priority': 1234.416988580889, 'task': 3}, {'task_id': 0, 'op_id': 1000006965, 'op': 'COPY_IN', 'subgraph_id': 253, 'pipe': 'PIPE_MTE2', 'start': 21800, 'end': 22485, 'duration': 685, 'core_id': 0, 'size_bytes': 8192, 'path': 'DDR', 'nominal_cycles': 137, 'duration_excess': 548, 'original_tensors': [1000001102], 'slack': 0, 'congestion_exposure': 548.0, 'wait_priority': 1233.0, 'task': 0}, {'task_id': 3, 'op_id': 1000007025, 'op': 'COPY_IN', 'subgraph_id': 4108, 'pipe': 'PIPE_MTE2', 'start': 4854, 'end': 5565, 'duration': 711, 'core_id': 3, 'size_bytes': 8192, 'path': 'DDR', 'nominal_cycles': 137, 'duration_excess': 574, 'original_tensors': [1000001339], 'slack': 320, 'congestion_exposure': 574.0, 'wait_priority': 1218.2803297042071, 'task': 3}, {'task_id': 0, 'op_id': 1000006963, 'op': 'COPY_IN', 'subgraph_id': 250, 'pipe': 'PIPE_MTE2', 'start': 20969, 'end': 21623, 'duration': 654, 'core_id': 0, 'size_bytes': 8192, 'path': 'DDR', 'nominal_cycles': 137, 'duration_excess': 517, 'original_tensors': [1000001100], 'slack': 0, 'congestion_exposure': 517.0, 'wait_priority': 1171.0, 'task': 0}, {'task_id': 3, 'op_id': 1000011044, 'op': 'COPY_OUT', 'subgraph_id': 4117, 'pipe': 'PIPE_MTE3', 'start': 10101, 'end': 10786, 'duration': 685, 'core_id': 3, 'size_bytes': 8192, 'path': 'DDR', 'nominal_cycles': 137, 'duration_excess': 548, 'original_tensors': [1000001365], 'slack': 320, 'congestion_exposure': 548.0, 'wait_priority': 1168.9802696694844, 'task': 3}, {'task_id': 0, 'op_id': 1000006967, 'op': 'COPY_IN', 'subgraph_id': 254, 'pipe': 'PIPE_MTE2', 'start': 22485, 'end': 23135, 'duration': 650, 'core_id': 0, 'size_bytes': 8192, 'path': 'DDR', 'nominal_cycles': 137, 'duration_excess': 513, 'original_tensors': [1000001104], 'slack': 0, 'congestion_exposure': 513.0, 'wait_priority': 1163.0, 'task': 0}, {'task_id': 3, 'op_id': 1000011028, 'op': 'COPY_OUT', 'subgraph_id': 4112, 'pipe': 'PIPE_MTE3', 'start': 8383, 'end': 9068, 'duration': 685, 'core_id': 3, 'size_bytes': 8192, 'path': 'DDR', 'nominal_cycles': 137, 'duration_excess': 548, 'original_tensors': [1000000733], 'slack': 528, 'congestion_exposure': 548.0, 'wait_priority': 1130.8160757169092, 'task': 3}, {'task_id': 3, 'op_id': 1000011036, 'op': 'COPY_OUT', 'subgraph_id': 4113, 'pipe': 'PIPE_MTE3', 'start': 9068, 'end': 9753, 'duration': 685, 'core_id': 3, 'size_bytes': 8192, 'path': 'DDR', 'nominal_cycles': 137, 'duration_excess': 548, 'original_tensors': [1000001364], 'slack': 528, 'congestion_exposure': 548.0, 'wait_priority': 1130.8160757169092, 'task': 3}, {'task_id': 3, 'op_id': 1000007021, 'op': 'COPY_IN', 'subgraph_id': 4104, 'pipe': 'PIPE_MTE2', 'start': 2888, 'end': 3538, 'duration': 650, 'core_id': 3, 'size_bytes': 8192, 'path': 'DDR', 'nominal_cycles': 137, 'duration_excess': 513, 'original_tensors': [1000001335], 'slack': 320, 'congestion_exposure': 513.0, 'wait_priority': 1102.614804238127, 'task': 3}, {'task_id': 3, 'op_id': 1000007029, 'op': 'COPY_IN', 'subgraph_id': 4113, 'pipe': 'PIPE_MTE2', 'start': 8243, 'end': 8893, 'duration': 650, 'core_id': 3, 'size_bytes': 8192, 'path': 'DDR', 'nominal_cycles': 137, 'duration_excess': 513, 'original_tensors': [1000001343], 'slack': 320, 'congestion_exposure': 513.0, 'wait_priority': 1102.614804238127, 'task': 3}, {'task_id': 0, 'op_id': 1000011014, 'op': 'COPY_OUT', 'subgraph_id': 254, 'pipe': 'PIPE_MTE3', 'start': 23310, 'end': 23996, 'duration': 686, 'core_id': 0, 'size_bytes': 8192, 'path': 'DDR', 'nominal_cycles': 137, 'duration_excess': 549, 'original_tensors': [1000001126], 'slack': 819, 'congestion_exposure': 549.0, 'wait_priority': 1083.1762507317512, 'task': 0}, {'task_id': 0, 'op_id': 1000011018, 'op': 'COPY_OUT', 'subgraph_id': 253, 'pipe': 'PIPE_MTE3', 'start': 22625, 'end': 23310, 'duration': 685, 'core_id': 0, 'size_bytes': 8192, 'path': 'DDR', 'nominal_cycles': 137, 'duration_excess': 548, 'original_tensors': [1000001125], 'slack': 819, 'congestion_exposure': 548.0, 'wait_priority': 1081.422119151619, 'task': 0}, {'task_id': 3, 'op_id': 1000011020, 'op': 'COPY_OUT', 'subgraph_id': 4110, 'pipe': 'PIPE_MTE3', 'start': 7350, 'end': 8035, 'duration': 685, 'core_id': 3, 'size_bytes': 8192, 'path': 'DDR', 'nominal_cycles': 137, 'duration_excess': 548, 'original_tensors': [1000000732], 'slack': 876, 'congestion_exposure': 548.0, 'wait_priority': 1072.248113586641, 'task': 3}], 'compile_seconds': 1.7116232629923616, 'limitations': 'Observed durations include dynamic contention; chain/slack and projected residency are ranking diagnostics, not removable-delay certificates.'}",,,,,
case_060_p2_n4,case_060,2,4,core_regression,persistent,7,visit,/home/konglingrui/.mathmodel/questionA/真机启发算法攻坚/A题研究/直接迭代/运行结果/持续联合冲刺_20260926/正式75配置_6并发/configurations/case_060_p2_n4/persistent/attempt_001/evaluations/attempts/20260926T130600-1d28b2c6afd844b58a9ed088fd4d8a37/record.json,joint,,0,/home/konglingrui/.mathmodel/questionA/真机启发算法攻坚/A题研究/直接迭代/运行结果/持续联合冲刺_20260926/正式75配置_6并发/configurations/case_060_p2_n4/persistent/attempt_001/evaluations/attempts/20260926T130626-9edbfcdf08be4d29a675871364490e94/record.json,0,0,False,False,False,success,,,,,,,,
case_060_p2_n4,case_060,2,4,core_regression,persistent,8,observe,/home/konglingrui/.mathmodel/questionA/真机启发算法攻坚/A题研究/直接迭代/运行结果/持续联合冲刺_20260926/正式75配置_6并发/configurations/case_060_p2_n4/persistent/attempt_001/evaluations/attempts/20260926T130609-278504d24fc8471a9735b42792799747/record.json,,,,,,0,,,,,,,"{'makespan': 352348, 'official_copy': {'original_graph_copy_bytes': 2099006, 'scheduled_copy_bytes': 19551874, 'added_copy_bytes': 17452868, 'partition_added_copy_bytes': 14134024, 'spill_added_copy_bytes': 3318844}, 'path_bytes': {'DDR': 19551874}, 'nominal_pool_work_cycles': {'DDR': 330584}, 'pool_occupancy': {'DDR': {'busy_cycles': 330584, 'overlap_cycles': 295956, 'peak_concurrent': 8}, 'CACHE_READ': {'busy_cycles': 0, 'overlap_cycles': 0, 'peak_concurrent': 0}}, 'projected_live_peak': {'0:UB': 131072, '0:L1': 524288, '1:UB': 131072, '1:L1': 524288, '2:UB': 131072, '2:L1': 470016, '3:UB': 131072, '3:L1': 524288}, 'projected_live_byte_cycles': {'0:UB': 16567924320, '0:L1': 114181684480, '1:UB': 10920673194, '1:L1': 108444698496, '2:UB': 17035138214, '2:L1': 83081500928, '3:UB': 15338210202, '3:L1': 122452871552}, 'memory_dependency_count': 16775, 'critical_chain_ops': 1188, 'critical_chain_memory_edges': 41, 'top_copy_waits': [{'task_id': 2, 'op_id': 1000006843, 'op': 'COPY_OUT', 'subgraph_id': 1, 'pipe': 'PIPE_MTE3', 'start': 688, 'end': 1749, 'duration': 1061, 'core_id': 2, 'size_bytes': 8192, 'path': 'DDR', 'nominal_cycles': 137, 'duration_excess': 924, 'original_tensors': [1000000152], 'slack': 0, 'congestion_exposure': 924.0, 'wait_priority': 1985.0, 'task': 2}, {'task_id': 2, 'op_id': 1000006879, 'op': 'COPY_IN', 'subgraph_id': 1419, 'pipe': 'PIPE_MTE2', 'start': 116404, 'end': 117372, 'duration': 968, 'core_id': 2, 'size_bytes': 8192, 'path': 'DDR', 'nominal_cycles': 137, 'duration_excess': 831, 'original_tensors': [1000000218], 'slack': 0, 'congestion_exposure': 831.0059523809523, 'wait_priority': 1799.0059523809523, 'task': 2}, {'task_id': 2, 'op_id': 1000006776, 'op': 'COPY_OUT', 'subgraph_id': 105, 'pipe': 'PIPE_MTE3', 'start': 5579, 'end': 6538, 'duration': 959, 'core_id': 2, 'size_bytes': 8192, 'path': 'DDR', 'nominal_cycles': 137, 'duration_excess': 822, 'original_tensors': [1000000036], 'slack': 0, 'congestion_exposure': 821.9999999999999, 'wait_priority': 1781.0, 'task': 2}, {'task_id': 2, 'op_id': 1000006766, 'op': 'COPY_IN', 'subgraph_id': 18, 'pipe': 'PIPE_MTE2', 'start': 548, 'end': 1504, 'duration': 956, 'core_id': 2, 'size_bytes': 8192, 'path': 'DDR', 'nominal_cycles': 137, 'duration_excess': 819, 'original_tensors': [1000000027], 'slack': 105, 'congestion_exposure': 819.0, 'wait_priority': 1757.5417031991187, 'task': 2}, {'task_id': 2, 'op_id': 1000007877, 'op': 'COPY_IN', 'subgraph_id': 280, 'pipe': 'PIPE_MTE2', 'start': 11463, 'end': 12407, 'duration': 944, 'core_id': 2, 'size_bytes': 8192, 'path': 'DDR', 'nominal_cycles': 137, 'duration_excess': 807, 'original_tensors': [1000001183], 'slack': 0, 'congestion_exposure': 807.0476190476192, 'wait_priority': 1751.0476190476193, 'task': 2}, {'task_id': 0, 'op_id': 1000007562, 'op': 'COPY_IN', 'subgraph_id': 2216, 'pipe': 'PIPE_MTE2', 'start': 175591, 'end': 176523, 'duration': 932, 'core_id': 0, 'size_bytes': 8192, 'path': 'DDR', 'nominal_cycles': 137, 'duration_excess': 795, 'original_tensors': [1000000926], 'slack': 0, 'congestion_exposure': 795.0714285714286, 'wait_priority': 1727.0714285714284, 'task': 0}, {'task_id': 2, 'op_id': 1000006830, 'op': 'COPY_OUT', 'subgraph_id': 1411, 'pipe': 'PIPE_MTE3', 'start': 116389, 'end': 117358, 'duration': 969, 'core_id': 2, 'size_bytes': 8192, 'path': 'DDR', 'nominal_cycles': 137, 'duration_excess': 832, 'original_tensors': [1000000143], 'slack': 581, 'congestion_exposure': 831.9583333333334, 'wait_priority': 1707.1267930419751, 'task': 2}, {'task_id': 2, 'op_id': 1000015731, 'op': 'COPY_IN', 'subgraph_id': 822, 'pipe': 'PIPE_MTE2', 'start': 64631, 'end': 65553, 'duration': 922, 'core_id': 2, 'size_bytes': 8192, 'path': 'DDR', 'nominal_cycles': 137, 'duration_excess': 785, 'original_tensors': [], 'slack': 0, 'congestion_exposure': 785.0964285714286, 'wait_priority': 1707.0964285714285, 'task': 2}, {'task_id': 2, 'op_id': 1000015813, 'op': 'COPY_IN', 'subgraph_id': 890, 'pipe': 'PIPE_MTE2', 'start': 75281, 'end': 76171, 'duration': 890, 'core_id': 2, 'size_bytes': 8192, 'path': 'DDR', 'nominal_cycles': 137, 'duration_excess': 753, 'original_tensors': [], 'slack': 0, 'congestion_exposure': 752.9809523809524, 'wait_priority': 1642.9809523809524, 'task': 2}, {'task_id': 2, 'op_id': 1000007767, 'op': 'COPY_IN', 'subgraph_id': 461, 'pipe': 'PIPE_MTE2', 'start': 37241, 'end': 38124, 'duration': 883, 'core_id': 2, 'size_bytes': 8192, 'path': 'DDR', 'nominal_cycles': 137, 'duration_excess': 746, 'original_tensors': [1000001098], 'slack': 0, 'congestion_exposure': 745.9678571428572, 'wait_priority': 1628.9678571428572, 'task': 2}, {'task_id': 2, 'op_id': 1000007181, 'op': 'COPY_IN', 'subgraph_id': 288, 'pipe': 'PIPE_MTE2', 'start': 12974, 'end': 13848, 'duration': 874, 'core_id': 2, 'size_bytes': 8192, 'path': 'DDR', 'nominal_cycles': 137, 'duration_excess': 737, 'original_tensors': [1000000624], 'slack': 0, 'congestion_exposure': 736.9999999999999, 'wait_priority': 1611.0, 'task': 2}, {'task_id': 2, 'op_id': 1000015857, 'op': 'COPY_IN', 'subgraph_id': 748, 'pipe': 'PIPE_MTE2', 'start': 53129, 'end': 53998, 'duration': 869, 'core_id': 2, 'size_bytes': 8192, 'path': 'DDR', 'nominal_cycles': 137, 'duration_excess': 732, 'original_tensors': [], 'slack': 0, 'congestion_exposure': 731.9, 'wait_priority': 1600.9, 'task': 2}, {'task_id': 2, 'op_id': 1000015735, 'op': 'COPY_IN', 'subgraph_id': 805, 'pipe': 'PIPE_MTE2', 'start': 61580, 'end': 62441, 'duration': 861, 'core_id': 2, 'size_bytes': 8192, 'path': 'DDR', 'nominal_cycles': 137, 'duration_excess': 724, 'original_tensors': [], 'slack': 0, 'congestion_exposure': 724.0273809523809, 'wait_priority': 1585.027380952381, 'task': 2}, {'task_id': 2, 'op_id': 1000006770, 'op': 'COPY_OUT', 'subgraph_id': 18, 'pipe': 'PIPE_MTE3', 'start': 1749, 'end': 2605, 'duration': 856, 'core_id': 2, 'size_bytes': 8192, 'path': 'DDR', 'nominal_cycles': 137, 'duration_excess': 719, 'original_tensors': [1000000028], 'slack': 0, 'congestion_exposure': 719.0, 'wait_priority': 1575.0, 'task': 2}, {'task_id': 2, 'op_id': 1000015723, 'op': 'COPY_IN', 'subgraph_id': 810, 'pipe': 'PIPE_MTE2', 'start': 62441, 'end': 63297, 'duration': 856, 'core_id': 2, 'size_bytes': 8192, 'path': 'DDR', 'nominal_cycles': 137, 'duration_excess': 719, 'original_tensors': [], 'slack': 0, 'congestion_exposure': 719.0000000000001, 'wait_priority': 1575.0, 'task': 2}, {'task_id': 2, 'op_id': 1000015783, 'op': 'COPY_IN', 'subgraph_id': 792, 'pipe': 'PIPE_MTE2', 'start': 58649, 'end': 59504, 'duration': 855, 'core_id': 2, 'size_bytes': 8192, 'path': 'DDR', 'nominal_cycles': 137, 'duration_excess': 718, 'original_tensors': [], 'slack': 0, 'congestion_exposure': 717.9904761904763, 'wait_priority': 1572.9904761904763, 'task': 2}, {'task_id': 2, 'op_id': 1000015877, 'op': 'COPY_IN', 'subgraph_id': 737, 'pipe': 'PIPE_MTE2', 'start': 51820, 'end': 52666, 'duration': 846, 'core_id': 2, 'size_bytes': 8192, 'path': 'DDR', 'nominal_cycles': 137, 'duration_excess': 709, 'original_tensors': [], 'slack': 0, 'congestion_exposure': 708.9690476190476, 'wait_priority': 1554.9690476190476, 'task': 2}, {'task_id': 2, 'op_id': 1000006773, 'op': 'COPY_OUT', 'subgraph_id': 53, 'pipe': 'PIPE_MTE3', 'start': 3453, 'end': 4297, 'duration': 844, 'core_id': 2, 'size_bytes': 8192, 'path': 'DDR', 'nominal_cycles': 137, 'duration_excess': 707, 'original_tensors': [1000000032], 'slack': 0, 'congestion_exposure': 707.047619047619, 'wait_priority': 1551.047619047619, 'task': 2}, {'task_id': 2, 'op_id': 1000006809, 'op': 'COPY_IN', 'subgraph_id': 1409, 'pipe': 'PIPE_MTE2', 'start': 113810, 'end': 114652, 'duration': 842, 'core_id': 2, 'size_bytes': 8192, 'path': 'DDR', 'nominal_cycles': 137, 'duration_excess': 705, 'original_tensors': [1000000095], 'slack': 0, 'congestion_exposure': 705.0797619047619, 'wait_priority': 1547.0797619047619, 'task': 2}, {'task_id': 2, 'op_id': 1000015705, 'op': 'COPY_IN', 'subgraph_id': 1399, 'pipe': 'PIPE_MTE2', 'start': 111325, 'end': 112166, 'duration': 841, 'core_id': 2, 'size_bytes': 8192, 'path': 'DDR', 'nominal_cycles': 137, 'duration_excess': 704, 'original_tensors': [], 'slack': 0, 'congestion_exposure': 704.0714285714286, 'wait_priority': 1545.0714285714284, 'task': 2}], 'compile_seconds': 3.160139650979545, 'limitations': 'Observed durations include dynamic contention; chain/slack and projected residency are ranking diagnostics, not removable-delay certificates.'}",,,,,
case_060_p2_n4,case_060,2,4,core_regression,persistent,9,advance,/home/konglingrui/.mathmodel/questionA/真机启发算法攻坚/A题研究/直接迭代/运行结果/持续联合冲刺_20260926/正式75配置_6并发/configurations/case_060_p2_n4/persistent/attempt_001/evaluations/attempts/20260926T130609-278504d24fc8471a9735b42792799747/record.json,joint,,3,/home/konglingrui/.mathmodel/questionA/真机启发算法攻坚/A题研究/直接迭代/运行结果/持续联合冲刺_20260926/正式75配置_6并发/configurations/case_060_p2_n4/persistent/attempt_001/evaluations/attempts/20260926T130631-237c598e051247608ad3b1e23f9e20f0/record.json,,1,,,,,False,1,,,,,,
case_060_p2_n4,case_060,2,4,core_regression,persistent,10,visit,/home/konglingrui/.mathmodel/questionA/真机启发算法攻坚/A题研究/直接迭代/运行结果/持续联合冲刺_20260926/正式75配置_6并发/configurations/case_060_p2_n4/persistent/attempt_001/evaluations/attempts/20260926T130609-278504d24fc8471a9735b42792799747/record.json,joint,,3,/home/konglingrui/.mathmodel/questionA/真机启发算法攻坚/A题研究/直接迭代/运行结果/持续联合冲刺_20260926/正式75配置_6并发/configurations/case_060_p2_n4/persistent/attempt_001/evaluations/attempts/20260926T130631-237c598e051247608ad3b1e23f9e20f0/record.json,1,0,True,False,False,success,,,,,,,,
case_060_p2_n4,case_060,2,4,core_regression,persistent,11,observe,/home/konglingrui/.mathmodel/questionA/真机启发算法攻坚/A题研究/直接迭代/运行结果/持续联合冲刺_20260926/正式75配置_6并发/configurations/case_060_p2_n4/persistent/attempt_001/evaluations/attempts/20260926T130617-777a72d2c1ea4b3fa01447fa76a7bf1d/record.json,,,,,,1,,,,,,,"{'makespan': 438636, 'official_copy': {'original_graph_copy_bytes': 2099006, 'scheduled_copy_bytes': 25317900, 'added_copy_bytes': 23218894, 'partition_added_copy_bytes': 22637262, 'spill_added_copy_bytes': 581632}, 'path_bytes': {'DDR': 25317900}, 'nominal_pool_work_cycles': {'DDR': 427689}, 'pool_occupancy': {'DDR': {'busy_cycles': 427689, 'overlap_cycles': 410977, 'peak_concurrent': 8}, 'CACHE_READ': {'busy_cycles': 0, 'overlap_cycles': 0, 'peak_concurrent': 0}}, 'projected_live_peak': {'0:UB': 131072, '0:L1': 346112, '1:UB': 126998, '1:L1': 337920, '2:UB': 122892, '2:L1': 334848, '3:UB': 131072, '3:L1': 345088}, 'projected_live_byte_cycles': {'0:UB': 12274088910, '0:L1': 95603012096, '1:UB': 19208739502, '1:L1': 94893465984, '2:UB': 12341695386, '2:L1': 93567988224, '3:UB': 16159804034, '3:L1': 91666374784}, 'memory_dependency_count': 17839, 'critical_chain_ops': 1404, 'critical_chain_memory_edges': 3, 'top_copy_waits': [{'task_id': 2, 'op_id': 1000008660, 'op': 'COPY_IN', 'subgraph_id': 959, 'pipe': 'PIPE_MTE2', 'start': 93543, 'end': 94639, 'duration': 1096, 'core_id': 2, 'size_bytes': 8192, 'path': 'DDR', 'nominal_cycles': 137, 'duration_excess': 959, 'original_tensors': [1000001073], 'slack': 0, 'congestion_exposure': 959.0, 'wait_priority': 2055.0, 'task': 2}, {'task_id': 3, 'op_id': 1000007166, 'op': 'COPY_OUT', 'subgraph_id': 690, 'pipe': 'PIPE_MTE3', 'start': 62664, 'end': 63760, 'duration': 1096, 'core_id': 3, 'size_bytes': 8192, 'path': 'DDR', 'nominal_cycles': 137, 'duration_excess': 959, 'original_tensors': [1000000294], 'slack': 0, 'congestion_exposure': 959.0, 'wait_priority': 2055.0, 'task': 3}, {'task_id': 3, 'op_id': 1000007693, 'op': 'COPY_IN', 'subgraph_id': 265, 'pipe': 'PIPE_MTE2', 'start': 12718, 'end': 13814, 'duration': 1096, 'core_id': 3, 'size_bytes': 8192, 'path': 'DDR', 'nominal_cycles': 137, 'duration_excess': 959, 'original_tensors': [1000000628], 'slack': 0, 'congestion_exposure': 959.0, 'wait_priority': 2055.0, 'task': 3}, {'task_id': 3, 'op_id': 1000007701, 'op': 'COPY_IN', 'subgraph_id': 295, 'pipe': 'PIPE_MTE2', 'start': 19926, 'end': 21022, 'duration': 1096, 'core_id': 3, 'size_bytes': 8192, 'path': 'DDR', 'nominal_cycles': 137, 'duration_excess': 959, 'original_tensors': [1000000632], 'slack': 0, 'congestion_exposure': 959.0, 'wait_priority': 2055.0, 'task': 3}, {'task_id': 3, 'op_id': 1000007794, 'op': 'COPY_OUT', 'subgraph_id': 712, 'pipe': 'PIPE_MTE3', 'start': 66108, 'end': 67204, 'duration': 1096, 'core_id': 3, 'size_bytes': 8192, 'path': 'DDR', 'nominal_cycles': 137, 'duration_excess': 959, 'original_tensors': [1000000678], 'slack': 0, 'congestion_exposure': 959.0, 'wait_priority': 2055.0, 'task': 3}, {'task_id': 3, 'op_id': 1000007861, 'op': 'COPY_IN', 'subgraph_id': 270, 'pipe': 'PIPE_MTE2', 'start': 14510, 'end': 15606, 'duration': 1096, 'core_id': 3, 'size_bytes': 8192, 'path': 'DDR', 'nominal_cycles': 137, 'duration_excess': 959, 'original_tensors': [1000000707], 'slack': 0, 'congestion_exposure': 959.0, 'wait_priority': 2055.0, 'task': 3}, {'task_id': 3, 'op_id': 1000008033, 'op': 'COPY_IN', 'subgraph_id': 274, 'pipe': 'PIPE_MTE2', 'start': 15606, 'end': 16702, 'duration': 1096, 'core_id': 3, 'size_bytes': 8192, 'path': 'DDR', 'nominal_cycles': 137, 'duration_excess': 959, 'original_tensors': [1000000786], 'slack': 0, 'congestion_exposure': 959.0, 'wait_priority': 2055.0, 'task': 3}, {'task_id': 3, 'op_id': 1000008359, 'op': 'COPY_IN', 'subgraph_id': 304, 'pipe': 'PIPE_MTE2', 'start': 22779, 'end': 23875, 'duration': 1096, 'core_id': 3, 'size_bytes': 8192, 'path': 'DDR', 'nominal_cycles': 137, 'duration_excess': 959, 'original_tensors': [1000000940], 'slack': 0, 'congestion_exposure': 959.0, 'wait_priority': 2055.0, 'task': 3}, {'task_id': 3, 'op_id': 1000008680, 'op': 'COPY_OUT', 'subgraph_id': 719, 'pipe': 'PIPE_MTE3', 'start': 67204, 'end': 68300, 'duration': 1096, 'core_id': 3, 'size_bytes': 8192, 'path': 'DDR', 'nominal_cycles': 137, 'duration_excess': 959, 'original_tensors': [1000001081], 'slack': 0, 'congestion_exposure': 959.0, 'wait_priority': 2055.0, 'task': 3}, {'task_id': 3, 'op_id': 1000008921, 'op': 'COPY_IN', 'subgraph_id': 259, 'pipe': 'PIPE_MTE2', 'start': 11622, 'end': 12718, 'duration': 1096, 'core_id': 3, 'size_bytes': 8192, 'path': 'DDR', 'nominal_cycles': 137, 'duration_excess': 959, 'original_tensors': [1000001183], 'slack': 0, 'congestion_exposure': 959.0, 'wait_priority': 2055.0, 'task': 3}, {'task_id': 3, 'op_id': 1000007980, 'op': 'COPY_OUT', 'subgraph_id': 735, 'pipe': 'PIPE_MTE3', 'start': 69384, 'end': 70480, 'duration': 1096, 'core_id': 3, 'size_bytes': 8192, 'path': 'DDR', 'nominal_cycles': 137, 'duration_excess': 959, 'original_tensors': [1000000765], 'slack': 0, 'congestion_exposure': 958.9285714285714, 'wait_priority': 2054.9285714285716, 'task': 3}, {'task_id': 3, 'op_id': 1000008718, 'op': 'COPY_IN', 'subgraph_id': 312, 'pipe': 'PIPE_MTE2', 'start': 24571, 'end': 25664, 'duration': 1093, 'core_id': 3, 'size_bytes': 8192, 'path': 'DDR', 'nominal_cycles': 137, 'duration_excess': 956, 'original_tensors': [1000001098], 'slack': 0, 'congestion_exposure': 955.9821428571429, 'wait_priority': 2048.982142857143, 'task': 3}, {'task_id': 3, 'op_id': 1000009205, 'op': 'COPY_OUT', 'subgraph_id': 686, 'pipe': 'PIPE_MTE3', 'start': 61577, 'end': 62664, 'duration': 1087, 'core_id': 3, 'size_bytes': 8192, 'path': 'DDR', 'nominal_cycles': 137, 'duration_excess': 950, 'original_tensors': [1000001318], 'slack': 0, 'congestion_exposure': 950.0535714285714, 'wait_priority': 2037.0535714285716, 'task': 3}, {'task_id': 3, 'op_id': 1000009184, 'op': 'COPY_OUT', 'subgraph_id': 725, 'pipe': 'PIPE_MTE3', 'start': 68300, 'end': 69377, 'duration': 1077, 'core_id': 3, 'size_bytes': 8192, 'path': 'DDR', 'nominal_cycles': 137, 'duration_excess': 940, 'original_tensors': [1000001310], 'slack': 0, 'congestion_exposure': 940.0714285714286, 'wait_priority': 2017.0714285714284, 'task': 3}, {'task_id': 2, 'op_id': 1000008002, 'op': 'COPY_IN', 'subgraph_id': 919, 'pipe': 'PIPE_MTE2', 'start': 82992, 'end': 84069, 'duration': 1077, 'core_id': 2, 'size_bytes': 8192, 'path': 'DDR', 'nominal_cycles': 137, 'duration_excess': 940, 'original_tensors': [1000000773], 'slack': 0, 'congestion_exposure': 939.9761904761906, 'wait_priority': 2016.9761904761906, 'task': 2}, {'task_id': 3, 'op_id': 1000007842, 'op': 'COPY_OUT', 'subgraph_id': 673, 'pipe': 'PIPE_MTE3', 'start': 60500, 'end': 61570, 'duration': 1070, 'core_id': 3, 'size_bytes': 8192, 'path': 'DDR', 'nominal_cycles': 137, 'duration_excess': 933, 'original_tensors': [1000000698], 'slack': 0, 'congestion_exposure': 933.0714285714287, 'wait_priority': 2003.0714285714287, 'task': 3}, {'task_id': 2, 'op_id': 1000008479, 'op': 'COPY_IN', 'subgraph_id': 927, 'pipe': 'PIPE_MTE2', 'start': 84629, 'end': 85692, 'duration': 1063, 'core_id': 2, 'size_bytes': 8192, 'path': 'DDR', 'nominal_cycles': 137, 'duration_excess': 926, 'original_tensors': [1000000998], 'slack': 0, 'congestion_exposure': 925.9642857142857, 'wait_priority': 1988.9642857142858, 'task': 2}, {'task_id': 3, 'op_id': 1000008043, 'op': 'COPY_IN', 'subgraph_id': 300, 'pipe': 'PIPE_MTE2', 'start': 21718, 'end': 22779, 'duration': 1061, 'core_id': 3, 'size_bytes': 8192, 'path': 'DDR', 'nominal_cycles': 137, 'duration_excess': 924, 'original_tensors': [1000000790], 'slack': 0, 'congestion_exposure': 924.0, 'wait_priority': 1985.0, 'task': 3}, {'task_id': 1, 'op_id': 1000007703, 'op': 'COPY_IN', 'subgraph_id': 297, 'pipe': 'PIPE_MTE2', 'start': 15959, 'end': 17055, 'duration': 1096, 'core_id': 1, 'size_bytes': 8192, 'path': 'DDR', 'nominal_cycles': 137, 'duration_excess': 959, 'original_tensors': [1000000634], 'slack': 529, 'congestion_exposure': 959.0, 'wait_priority': 1975.580899585625, 'task': 1}, {'task_id': 1, 'op_id': 1000007971, 'op': 'COPY_OUT', 'subgraph_id': 713, 'pipe': 'PIPE_MTE3', 'start': 66088, 'end': 67184, 'duration': 1096, 'core_id': 1, 'size_bytes': 8192, 'path': 'DDR', 'nominal_cycles': 137, 'duration_excess': 959, 'original_tensors': [1000000761], 'slack': 529, 'congestion_exposure': 959.0, 'wait_priority': 1975.580899585625, 'task': 1}], 'compile_seconds': 3.65758021097281, 'limitations': 'Observed durations include dynamic contention; chain/slack and projected residency are ranking diagnostics, not removable-delay certificates.'}",,,,,
case_060_p2_n4,case_060,2,4,core_regression,persistent,12,advance,/home/konglingrui/.mathmodel/questionA/真机启发算法攻坚/A题研究/直接迭代/运行结果/持续联合冲刺_20260926/正式75配置_6并发/configurations/case_060_p2_n4/persistent/attempt_001/evaluations/attempts/20260926T130617-777a72d2c1ea4b3fa01447fa76a7bf1d/record.json,joint,,1,/home/konglingrui/.mathmodel/questionA/真机启发算法攻坚/A题研究/直接迭代/运行结果/持续联合冲刺_20260926/正式75配置_6并发/configurations/case_060_p2_n4/persistent/attempt_001/evaluations/attempts/20260926T130638-f9834072f67f4d05a726041d0d2fda0c/record.json,,2,,,,,False,2,,,,,,
case_060_p2_n4,case_060,2,4,core_regression,persistent,13,visit,/home/konglingrui/.mathmodel/questionA/真机启发算法攻坚/A题研究/直接迭代/运行结果/持续联合冲刺_20260926/正式75配置_6并发/configurations/case_060_p2_n4/persistent/attempt_001/evaluations/attempts/20260926T130617-777a72d2c1ea4b3fa01447fa76a7bf1d/record.json,joint,,1,/home/konglingrui/.mathmodel/questionA/真机启发算法攻坚/A题研究/直接迭代/运行结果/持续联合冲刺_20260926/正式75配置_6并发/configurations/case_060_p2_n4/persistent/attempt_001/evaluations/attempts/20260926T130638-f9834072f67f4d05a726041d0d2fda0c/record.json,0,1,True,False,False,success,,,,,,,,
case_060_p2_n4,case_060,2,4,core_regression,persistent,14,observe,/home/konglingrui/.mathmodel/questionA/真机启发算法攻坚/A题研究/直接迭代/运行结果/持续联合冲刺_20260926/正式75配置_6并发/configurations/case_060_p2_n4/persistent/attempt_001/evaluations/attempts/20260926T130620-e5fe1ddd7ae34242bab6d659eca88a75/record.json,,,,,,1,,,,,,,"{'makespan': 358761, 'official_copy': {'original_graph_copy_bytes': 2099006, 'scheduled_copy_bytes': 20631274, 'added_copy_bytes': 18532268, 'partition_added_copy_bytes': 15847328, 'spill_added_copy_bytes': 2684940}, 'path_bytes': {'DDR': 20631274}, 'nominal_pool_work_cycles': {'DDR': 348866}, 'pool_occupancy': {'DDR': {'busy_cycles': 348866, 'overlap_cycles': 329066, 'peak_concurrent': 8}, 'CACHE_READ': {'busy_cycles': 0, 'overlap_cycles': 0, 'peak_concurrent': 0}}, 'projected_live_peak': {'0:UB': 131072, '0:L1': 524288, '1:UB': 131072, '1:L1': 524288, '2:UB': 131072, '2:L1': 516096, '3:UB': 131072, '3:L1': 513024}, 'projected_live_byte_cycles': {'0:UB': 14050843658, '0:L1': 123699954688, '1:UB': 18980425602, '1:L1': 126602627200, '2:UB': 16965525308, '2:L1': 113170904960, '3:UB': 11431021890, '3:L1': 110412269312}, 'memory_dependency_count': 16505, 'critical_chain_ops': 1287, 'critical_chain_memory_edges': 42, 'top_copy_waits': [{'task_id': 0, 'op_id': 1000006757, 'op': 'COPY_OUT', 'subgraph_id': 3, 'pipe': 'PIPE_MTE3', 'start': 688, 'end': 1784, 'duration': 1096, 'core_id': 0, 'size_bytes': 8192, 'path': 'DDR', 'nominal_cycles': 137, 'duration_excess': 959, 'original_tensors': [1000000002], 'slack': 769, 'congestion_exposure': 959.0, 'wait_priority': 1917.962339888812, 'task': 0}, {'task_id': 0, 'op_id': 1000016566, 'op': 'COPY_IN', 'subgraph_id': 1340, 'pipe': 'PIPE_MTE2', 'start': 109555, 'end': 110625, 'duration': 1070, 'core_id': 0, 'size_bytes': 8192, 'path': 'DDR', 'nominal_cycles': 137, 'duration_excess': 933, 'original_tensors': [], 'slack': 689, 'congestion_exposure': 933.0535714285714, 'wait_priority': 1882.5397399523545, 'task': 0}, {'task_id': 0, 'op_id': 1000016493, 'op': 'COPY_OUT', 'subgraph_id': 226, 'pipe': 'PIPE_MTE3', 'start': 17841, 'end': 18843, 'duration': 1002, 'core_id': 0, 'size_bytes': 8192, 'path': 'DDR', 'nominal_cycles': 137, 'duration_excess': 865, 'original_tensors': [1000001125], 'slack': 469, 'congestion_exposure': 865.0178571428571, 'wait_priority': 1789.058043381431, 'task': 0}, {'task_id': 0, 'op_id': 1000008512, 'op': 'COPY_IN', 'subgraph_id': 12, 'pipe': 'PIPE_MTE2', 'start': 1784, 'end': 2742, 'duration': 958, 'core_id': 0, 'size_bytes': 8192, 'path': 'DDR', 'nominal_cycles': 137, 'duration_excess': 821, 'original_tensors': [1000001482], 'slack': 0, 'congestion_exposure': 821.0, 'wait_priority': 1779.0, 'task': 0}, {'task_id': 0, 'op_id': 1000006957, 'op': 'COPY_IN', 'subgraph_id': 7, 'pipe': 'PIPE_MTE2', 'start': 548, 'end': 1504, 'duration': 956, 'core_id': 0, 'size_bytes': 8192, 'path': 'DDR', 'nominal_cycles': 137, 'duration_excess': 819, 'original_tensors': [1000000280], 'slack': 0, 'congestion_exposure': 819.0, 'wait_priority': 1775.0, 'task': 0}, {'task_id': 0, 'op_id': 1000008174, 'op': 'COPY_IN', 'subgraph_id': 234, 'pipe': 'PIPE_MTE2', 'start': 18217, 'end': 19172, 'duration': 955, 'core_id': 0, 'size_bytes': 8192, 'path': 'DDR', 'nominal_cycles': 137, 'duration_excess': 818, 'original_tensors': [1000001262], 'slack': 0, 'congestion_exposure': 817.9416666666667, 'wait_priority': 1772.9416666666666, 'task': 0}, {'task_id': 1, 'op_id': 1000006923, 'op': 'COPY_OUT', 'subgraph_id': 1522, 'pipe': 'PIPE_MTE3', 'start': 126644, 'end': 127607, 'duration': 963, 'core_id': 1, 'size_bytes': 8192, 'path': 'DDR', 'nominal_cycles': 137, 'duration_excess': 826, 'original_tensors': [1000000236], 'slack': 161, 'congestion_exposure': 826.1547619047619, 'wait_priority': 1762.7854466859542, 'task': 1}, {'task_id': 1, 'op_id': 1000008240, 'op': 'COPY_IN', 'subgraph_id': 1674, 'pipe': 'PIPE_MTE2', 'start': 141378, 'end': 142315, 'duration': 937, 'core_id': 1, 'size_bytes': 8192, 'path': 'DDR', 'nominal_cycles': 137, 'duration_excess': 800, 'original_tensors': [1000001307], 'slack': 0, 'congestion_exposure': 800.1095238095239, 'wait_priority': 1737.109523809524, 'task': 1}, {'task_id': 1, 'op_id': 1000008128, 'op': 'COPY_IN', 'subgraph_id': 1548, 'pipe': 'PIPE_MTE2', 'start': 126764, 'end': 127698, 'duration': 934, 'core_id': 1, 'size_bytes': 8192, 'path': 'DDR', 'nominal_cycles': 137, 'duration_excess': 797, 'original_tensors': [1000001228], 'slack': 0, 'congestion_exposure': 796.9880952380952, 'wait_priority': 1730.9880952380952, 'task': 1}, {'task_id': 3, 'op_id': 1000007583, 'op': 'COPY_IN', 'subgraph_id': 1040, 'pipe': 'PIPE_MTE2', 'start': 82054, 'end': 82981, 'duration': 927, 'core_id': 3, 'size_bytes': 8192, 'path': 'DDR', 'nominal_cycles': 137, 'duration_excess': 790, 'original_tensors': [1000000833], 'slack': 0, 'congestion_exposure': 790.0059523809523, 'wait_priority': 1717.0059523809523, 'task': 3}, {'task_id': 0, 'op_id': 1000006838, 'op': 'COPY_OUT', 'subgraph_id': 1332, 'pipe': 'PIPE_MTE3', 'start': 109495, 'end': 110574, 'duration': 1079, 'core_id': 0, 'size_bytes': 8192, 'path': 'DDR', 'nominal_cycles': 137, 'duration_excess': 942, 'original_tensors': [1000000116], 'slack': 1968, 'congestion_exposure': 941.9821428571428, 'wait_priority': 1708.5678810106758, 'task': 0}, {'task_id': 1, 'op_id': 1000016695, 'op': 'COPY_OUT', 'subgraph_id': 1666, 'pipe': 'PIPE_MTE3', 'start': 141220, 'end': 142202, 'duration': 982, 'core_id': 1, 'size_bytes': 8192, 'path': 'DDR', 'nominal_cycles': 137, 'duration_excess': 845, 'original_tensors': [1000000680], 'slack': 756, 'congestion_exposure': 845.0714285714287, 'wait_priority': 1707.1576873320842, 'task': 1}, {'task_id': 0, 'op_id': 1000016469, 'op': 'COPY_IN', 'subgraph_id': 688, 'pipe': 'PIPE_MTE2', 'start': 54852, 'end': 55771, 'duration': 919, 'core_id': 0, 'size_bytes': 8192, 'path': 'DDR', 'nominal_cycles': 137, 'duration_excess': 782, 'original_tensors': [], 'slack': 0, 'congestion_exposure': 781.9285714285714, 'wait_priority': 1700.9285714285716, 'task': 0}, {'task_id': 0, 'op_id': 1000016501, 'op': 'COPY_OUT', 'subgraph_id': 234, 'pipe': 'PIPE_MTE3', 'start': 19312, 'end': 20221, 'duration': 909, 'core_id': 0, 'size_bytes': 8192, 'path': 'DDR', 'nominal_cycles': 137, 'duration_excess': 772, 'original_tensors': [1000001284], 'slack': 0, 'congestion_exposure': 772.0714285714284, 'wait_priority': 1681.0714285714284, 'task': 0}, {'task_id': 0, 'op_id': 1000006961, 'op': 'COPY_OUT', 'subgraph_id': 7, 'pipe': 'PIPE_MTE3', 'start': 1784, 'end': 2742, 'duration': 958, 'core_id': 0, 'size_bytes': 8192, 'path': 'DDR', 'nominal_cycles': 137, 'duration_excess': 821, 'original_tensors': [1000000281], 'slack': 769, 'congestion_exposure': 821.0, 'wait_priority': 1660.3673978891468, 'task': 0}, {'task_id': 3, 'op_id': 1000006971, 'op': 'COPY_IN', 'subgraph_id': 1320, 'pipe': 'PIPE_MTE2', 'start': 106138, 'end': 107018, 'duration': 880, 'core_id': 3, 'size_bytes': 8192, 'path': 'DDR', 'nominal_cycles': 137, 'duration_excess': 743, 'original_tensors': [1000000299], 'slack': 0, 'congestion_exposure': 743.077380952381, 'wait_priority': 1623.077380952381, 'task': 3}, {'task_id': 2, 'op_id': 1000006888, 'op': 'COPY_IN', 'subgraph_id': 1042, 'pipe': 'PIPE_MTE2', 'start': 81682, 'end': 82653, 'duration': 971, 'core_id': 2, 'size_bytes': 8192, 'path': 'DDR', 'nominal_cycles': 137, 'duration_excess': 834, 'original_tensors': [1000000187], 'slack': 1209, 'congestion_exposure': 834.0059523809524, 'wait_priority': 1622.7236950795561, 'task': 2}, {'task_id': 3, 'op_id': 1000007693, 'op': 'COPY_IN', 'subgraph_id': 1080, 'pipe': 'PIPE_MTE2', 'start': 84341, 'end': 85219, 'duration': 878, 'core_id': 3, 'size_bytes': 8192, 'path': 'DDR', 'nominal_cycles': 137, 'duration_excess': 741, 'original_tensors': [1000000914], 'slack': 0, 'congestion_exposure': 740.9928571428571, 'wait_priority': 1618.9928571428572, 'task': 3}, {'task_id': 3, 'op_id': 1000008029, 'op': 'COPY_IN', 'subgraph_id': 1360, 'pipe': 'PIPE_MTE2', 'start': 112243, 'end': 113120, 'duration': 877, 'core_id': 3, 'size_bytes': 8192, 'path': 'DDR', 'nominal_cycles': 137, 'duration_excess': 740, 'original_tensors': [1000001151], 'slack': 0, 'congestion_exposure': 739.9714285714286, 'wait_priority': 1616.9714285714285, 'task': 3}, {'task_id': 2, 'op_id': 1000016609, 'op': 'COPY_OUT', 'subgraph_id': 1325, 'pipe': 'PIPE_MTE3', 'start': 109463, 'end': 110522, 'duration': 1059, 'core_id': 2, 'size_bytes': 8192, 'path': 'DDR', 'nominal_cycles': 137, 'duration_excess': 922, 'original_tensors': [1000000842], 'slack': 2427, 'congestion_exposure': 921.9107142857142, 'wait_priority': 1616.4124376914422, 'task': 2}], 'compile_seconds': 3.483319663006114, 'limitations': 'Observed durations include dynamic contention; chain/slack and projected residency are ranking diagnostics, not removable-delay certificates.'}",,,,,
case_060_p2_n4,case_060,2,4,core_regression,persistent,15,visit,/home/konglingrui/.mathmodel/questionA/真机启发算法攻坚/A题研究/直接迭代/运行结果/持续联合冲刺_20260926/正式75配置_6并发/configurations/case_060_p2_n4/persistent/attempt_001/evaluations/attempts/20260926T130620-e5fe1ddd7ae34242bab6d659eca88a75/record.json,joint,,2,/home/konglingrui/.mathmodel/questionA/真机启发算法攻坚/A题研究/直接迭代/运行结果/持续联合冲刺_20260926/正式75配置_6并发/configurations/case_060_p2_n4/persistent/attempt_001/evaluations/attempts/20260926T130646-cea70415da5f44b7864ba02bb30da088/record.json,0,1,False,False,False,success,,,,,,,,
case_060_p2_n4,case_060,2,4,core_regression,persistent,16,visit,/home/konglingrui/.mathmodel/questionA/真机启发算法攻坚/A题研究/直接迭代/运行结果/持续联合冲刺_20260926/正式75配置_6并发/configurations/case_060_p2_n4/persistent/attempt_001/evaluations/attempts/20260926T130631-237c598e051247608ad3b1e23f9e20f0/record.json,insertion,,3,/home/konglingrui/.mathmodel/questionA/真机启发算法攻坚/A题研究/直接迭代/运行结果/持续联合冲刺_20260926/正式75配置_6并发/configurations/case_060_p2_n4/persistent/attempt_001/evaluations/attempts/20260926T130649-a6b190be42e84fe6bd270bc0b588e598/record.json,0,1,False,False,False,success,,,,,,,,
case_060_p2_n4,case_060,2,4,core_regression,persistent,17,observe,/home/konglingrui/.mathmodel/questionA/真机启发算法攻坚/A题研究/直接迭代/运行结果/持续联合冲刺_20260926/正式75配置_6并发/configurations/case_060_p2_n4/persistent/attempt_001/evaluations/attempts/20260926T130603-5828f71bc6384d83868df2c2324c7958/record.json,,,,,,0,,,,,,,"{'makespan': 560034, 'official_copy': {'original_graph_copy_bytes': 2099006, 'scheduled_copy_bytes': 28197388, 'added_copy_bytes': 26098382, 'partition_added_copy_bytes': 22637262, 'spill_added_copy_bytes': 3461120}, 'path_bytes': {'DDR': 28197388}, 'nominal_pool_work_cycles': {'DDR': 476430}, 'pool_occupancy': {'DDR': {'busy_cycles': 476430, 'overlap_cycles': 424058, 'peak_concurrent': 8}, 'CACHE_READ': {'busy_cycles': 0, 'overlap_cycles': 0, 'peak_concurrent': 0}}, 'projected_live_peak': {'0:UB': 131072, '0:L1': 524288, '1:UB': 127004, '1:L1': 524288, '2:UB': 122894, '2:L1': 427008, '3:UB': 131072, '3:L1': 411648}, 'projected_live_byte_cycles': {'0:UB': 29310168492, '0:L1': 166430140416, '1:UB': 34492598608, '1:L1': 192703196032, '2:UB': 25472618164, '2:L1': 76651130880, '3:UB': 32444685666, '3:L1': 69802589184}, 'memory_dependency_count': 20197, 'critical_chain_ops': 2142, 'critical_chain_memory_edges': 256, 'top_copy_waits': [{'task_id': 0, 'op_id': 1000007167, 'op': 'COPY_IN', 'subgraph_id': 669, 'pipe': 'PIPE_MTE2', 'start': 66544, 'end': 67640, 'duration': 1096, 'core_id': 0, 'size_bytes': 8192, 'path': 'DDR', 'nominal_cycles': 137, 'duration_excess': 959, 'original_tensors': [1000000294], 'slack': 0, 'congestion_exposure': 959.0, 'wait_priority': 2055.0, 'task': 0}, {'task_id': 0, 'op_id': 1000008322, 'op': 'COPY_IN', 'subgraph_id': 673, 'pipe': 'PIPE_MTE2', 'start': 67640, 'end': 68736, 'duration': 1096, 'core_id': 0, 'size_bytes': 8192, 'path': 'DDR', 'nominal_cycles': 137, 'duration_excess': 959, 'original_tensors': [1000000923], 'slack': 0, 'congestion_exposure': 959.0, 'wait_priority': 2055.0, 'task': 0}, {'task_id': 3, 'op_id': 1000007693, 'op': 'COPY_IN', 'subgraph_id': 204, 'pipe': 'PIPE_MTE2', 'start': 11575, 'end': 12671, 'duration': 1096, 'core_id': 3, 'size_bytes': 8192, 'path': 'DDR', 'nominal_cycles': 137, 'duration_excess': 959, 'original_tensors': [1000000628], 'slack': 0, 'congestion_exposure': 959.0, 'wait_priority': 2055.0, 'task': 3}, {'task_id': 3, 'op_id': 1000007701, 'op': 'COPY_IN', 'subgraph_id': 226, 'pipe': 'PIPE_MTE2', 'start': 17496, 'end': 18592, 'duration': 1096, 'core_id': 3, 'size_bytes': 8192, 'path': 'DDR', 'nominal_cycles': 137, 'duration_excess': 959, 'original_tensors': [1000000632], 'slack': 0, 'congestion_exposure': 959.0, 'wait_priority': 2055.0, 'task': 3}, {'task_id': 3, 'op_id': 1000007861, 'op': 'COPY_IN', 'subgraph_id': 208, 'pipe': 'PIPE_MTE2', 'start': 12671, 'end': 13767, 'duration': 1096, 'core_id': 3, 'size_bytes': 8192, 'path': 'DDR', 'nominal_cycles': 137, 'duration_excess': 959, 'original_tensors': [1000000707], 'slack': 0, 'congestion_exposure': 959.0, 'wait_priority': 2055.0, 'task': 3}, {'task_id': 3, 'op_id': 1000008043, 'op': 'COPY_IN', 'subgraph_id': 230, 'pipe': 'PIPE_MTE2', 'start': 18592, 'end': 19688, 'duration': 1096, 'core_id': 3, 'size_bytes': 8192, 'path': 'DDR', 'nominal_cycles': 137, 'duration_excess': 959, 'original_tensors': [1000000790], 'slack': 0, 'congestion_exposure': 959.0, 'wait_priority': 2055.0, 'task': 3}, {'task_id': 3, 'op_id': 1000008921, 'op': 'COPY_IN', 'subgraph_id': 200, 'pipe': 'PIPE_MTE2', 'start': 10479, 'end': 11575, 'duration': 1096, 'core_id': 3, 'size_bytes': 8192, 'path': 'DDR', 'nominal_cycles': 137, 'duration_excess': 959, 'original_tensors': [1000001183], 'slack': 0, 'congestion_exposure': 959.0, 'wait_priority': 2055.0, 'task': 3}, {'task_id': 3, 'op_id': 1000009245, 'op': 'COPY_IN', 'subgraph_id': 220, 'pipe': 'PIPE_MTE2', 'start': 15848, 'end': 16944, 'duration': 1096, 'core_id': 3, 'size_bytes': 8192, 'path': 'DDR', 'nominal_cycles': 137, 'duration_excess': 959, 'original_tensors': [1000001335], 'slack': 0, 'congestion_exposure': 959.0, 'wait_priority': 2055.0, 'task': 3}, {'task_id': 3, 'op_id': 1000008359, 'op': 'COPY_IN', 'subgraph_id': 234, 'pipe': 'PIPE_MTE2', 'start': 19688, 'end': 20783, 'duration': 1095, 'core_id': 3, 'size_bytes': 8192, 'path': 'DDR', 'nominal_cycles': 137, 'duration_excess': 958, 'original_tensors': [1000000940], 'slack': 0, 'congestion_exposure': 958.0178571428571, 'wait_priority': 2053.017857142857, 'task': 3}, {'task_id': 3, 'op_id': 1000008033, 'op': 'COPY_IN', 'subgraph_id': 212, 'pipe': 'PIPE_MTE2', 'start': 13767, 'end': 14860, 'duration': 1093, 'core_id': 3, 'size_bytes': 8192, 'path': 'DDR', 'nominal_cycles': 137, 'duration_excess': 956, 'original_tensors': [1000000786], 'slack': 0, 'congestion_exposure': 955.9464285714286, 'wait_priority': 2048.9464285714284, 'task': 3}, {'task_id': 0, 'op_id': 1000007069, 'op': 'COPY_OUT', 'subgraph_id': 491, 'pipe': 'PIPE_MTE3', 'start': 50802, 'end': 51898, 'duration': 1096, 'core_id': 0, 'size_bytes': 8192, 'path': 'DDR', 'nominal_cycles': 137, 'duration_excess': 959, 'original_tensors': [1000000232], 'slack': 59, 'congestion_exposure': 959.0, 'wait_priority': 2047.8087273917824, 'task': 0}, {'task_id': 3, 'op_id': 1000009205, 'op': 'COPY_OUT', 'subgraph_id': 485, 'pipe': 'PIPE_MTE3', 'start': 49523, 'end': 50615, 'duration': 1092, 'core_id': 3, 'size_bytes': 8192, 'path': 'DDR', 'nominal_cycles': 137, 'duration_excess': 955, 'original_tensors': [1000001318], 'slack': 0, 'congestion_exposure': 954.9821428571429, 'wait_priority': 2046.982142857143, 'task': 3}, {'task_id': 1, 'op_id': 1000006945, 'op': 'COPY_IN', 'subgraph_id': 489, 'pipe': 'PIPE_MTE2', 'start': 49552, 'end': 50648, 'duration': 1096, 'core_id': 1, 'size_bytes': 8192, 'path': 'DDR', 'nominal_cycles': 137, 'duration_excess': 959, 'original_tensors': [1000000138], 'slack': 78, 'congestion_exposure': 959.0, 'wait_priority': 2045.5035955878955, 'task': 1}, {'task_id': 1, 'op_id': 1000008027, 'op': 'COPY_IN', 'subgraph_id': 498, 'pipe': 'PIPE_MTE2', 'start': 50788, 'end': 51884, 'duration': 1096, 'core_id': 1, 'size_bytes': 8192, 'path': 'DDR', 'nominal_cycles': 137, 'duration_excess': 959, 'original_tensors': [1000000784], 'slack': 78, 'congestion_exposure': 959.0, 'wait_priority': 2045.5035955878955, 'task': 1}, {'task_id': 1, 'op_id': 1000008312, 'op': 'COPY_OUT', 'subgraph_id': 552, 'pipe': 'PIPE_MTE3', 'start': 57123, 'end': 58219, 'duration': 1096, 'core_id': 1, 'size_bytes': 8192, 'path': 'DDR', 'nominal_cycles': 137, 'duration_excess': 959, 'original_tensors': [1000000919], 'slack': 78, 'congestion_exposure': 959.0, 'wait_priority': 2045.5035955878955, 'task': 1}, {'task_id': 1, 'op_id': 1000006947, 'op': 'COPY_OUT', 'subgraph_id': 489, 'pipe': 'PIPE_MTE3', 'start': 50788, 'end': 51884, 'duration': 1096, 'core_id': 1, 'size_bytes': 8192, 'path': 'DDR', 'nominal_cycles': 137, 'duration_excess': 959, 'original_tensors': [1000000139], 'slack': 86, 'congestion_exposure': 959.0, 'wait_priority': 2044.5345656012723, 'task': 1}, {'task_id': 1, 'op_id': 1000006814, 'op': 'COPY_OUT', 'subgraph_id': 487, 'pipe': 'PIPE_MTE3', 'start': 49552, 'end': 50648, 'duration': 1096, 'core_id': 1, 'size_bytes': 8192, 'path': 'DDR', 'nominal_cycles': 137, 'duration_excess': 959, 'original_tensors': [1000000046], 'slack': 218, 'congestion_exposure': 959.0, 'wait_priority': 2028.6770977412332, 'task': 1}, {'task_id': 2, 'op_id': 1000007806, 'op': 'COPY_OUT', 'subgraph_id': 496, 'pipe': 'PIPE_MTE3', 'start': 50761, 'end': 51848, 'duration': 1087, 'core_id': 2, 'size_bytes': 8192, 'path': 'DDR', 'nominal_cycles': 137, 'duration_excess': 950, 'original_tensors': [1000000682], 'slack': 111, 'congestion_exposure': 950.0, 'wait_priority': 2023.6303966054913, 'task': 2}, {'task_id': 3, 'op_id': 1000007807, 'op': 'COPY_IN', 'subgraph_id': 670, 'pipe': 'PIPE_MTE2', 'start': 66994, 'end': 68090, 'duration': 1096, 'core_id': 3, 'size_bytes': 8192, 'path': 'DDR', 'nominal_cycles': 137, 'duration_excess': 959, 'original_tensors': [1000000682], 'slack': 261, 'congestion_exposure': 959.0, 'wait_priority': 2023.5643903828504, 'task': 3}, {'task_id': 1, 'op_id': 1000008295, 'op': 'COPY_IN', 'subgraph_id': 2681, 'pipe': 'PIPE_MTE2', 'start': 297623, 'end': 298699, 'duration': 1076, 'core_id': 1, 'size_bytes': 8192, 'path': 'DDR', 'nominal_cycles': 137, 'duration_excess': 939, 'original_tensors': [1000000912], 'slack': 0, 'congestion_exposure': 939.0, 'wait_priority': 2015.0, 'task': 1}], 'compile_seconds': 4.229678025003523, 'limitations': 'Observed durations include dynamic contention; chain/slack and projected residency are ranking diagnostics, not removable-delay certificates.'}",,,,,
case_060_p2_n4,case_060,2,4,core_regression,persistent,18,advance_alternate,/home/konglingrui/.mathmodel/questionA/真机启发算法攻坚/A题研究/直接迭代/运行结果/持续联合冲刺_20260926/正式75配置_6并发/configurations/case_060_p2_n4/persistent/attempt_001/evaluations/attempts/20260926T130603-5828f71bc6384d83868df2c2324c7958/record.json,joint,,1,/home/konglingrui/.mathmodel/questionA/真机启发算法攻坚/A题研究/直接迭代/运行结果/持续联合冲刺_20260926/正式75配置_6并发/configurations/case_060_p2_n4/persistent/attempt_001/evaluations/attempts/20260926T130657-1e6774cdea8c45de88e7c1f8cd5c8339/record.json,,1,,,,,,3,,,,,,
case_060_p2_n4,case_060,2,4,core_regression,persistent,19,visit,/home/konglingrui/.mathmodel/questionA/真机启发算法攻坚/A题研究/直接迭代/运行结果/持续联合冲刺_20260926/正式75配置_6并发/configurations/case_060_p2_n4/persistent/attempt_001/evaluations/attempts/20260926T130603-5828f71bc6384d83868df2c2324c7958/record.json,joint,,1,/home/konglingrui/.mathmodel/questionA/真机启发算法攻坚/A题研究/直接迭代/运行结果/持续联合冲刺_20260926/正式75配置_6并发/configurations/case_060_p2_n4/persistent/attempt_001/evaluations/attempts/20260926T130657-1e6774cdea8c45de88e7c1f8cd5c8339/record.json,0,0,True,False,True,success,,,,,,,,
case_060_p2_n4,case_060,2,4,core_regression,persistent,20,observe,/home/konglingrui/.mathmodel/questionA/真机启发算法攻坚/A题研究/直接迭代/运行结果/持续联合冲刺_20260926/正式75配置_6并发/configurations/case_060_p2_n4/persistent/attempt_001/evaluations/attempts/20260926T130606-d691afcae0ec49d8888a98746c815dbb/record.json,,,,,,0,,,,,,,"{'makespan': 366909, 'official_copy': {'original_graph_copy_bytes': 2099006, 'scheduled_copy_bytes': 17946334, 'added_copy_bytes': 15847328, 'partition_added_copy_bytes': 15847328, 'spill_added_copy_bytes': 0}, 'path_bytes': {'DDR': 17946334}, 'nominal_pool_work_cycles': {'DDR': 303870}, 'pool_occupancy': {'DDR': {'busy_cycles': 303870, 'overlap_cycles': 238683, 'peak_concurrent': 8}, 'CACHE_READ': {'busy_cycles': 0, 'overlap_cycles': 0, 'peak_concurrent': 0}}, 'projected_live_peak': {'0:UB': 90114, '0:L1': 310272, '1:UB': 65536, '1:L1': 297984, '2:UB': 106498, '2:L1': 288768, '3:UB': 57346, '3:L1': 291840}, 'projected_live_byte_cycles': {'0:UB': 3023504848, '0:L1': 45146304768, '1:UB': 2463973422, '1:L1': 51450462080, '2:UB': 4281089176, '2:L1': 51172248064, '3:UB': 1821210638, '3:L1': 51572670208}, 'memory_dependency_count': 15570, 'critical_chain_ops': 1605, 'critical_chain_memory_edges': 0, 'top_copy_waits': [{'task_id': 3, 'op_id': 1000008040, 'op': 'COPY_OUT', 'subgraph_id': 331, 'pipe': 'PIPE_MTE3', 'start': 81044, 'end': 82091, 'duration': 1047, 'core_id': 3, 'size_bytes': 8192, 'path': 'DDR', 'nominal_cycles': 137, 'duration_excess': 910, 'original_tensors': [1000001163], 'slack': 743, 'congestion_exposure': 909.8976190476191, 'wait_priority': 1833.1579151129538, 'task': 3}, {'task_id': 3, 'op_id': 1000008060, 'op': 'COPY_IN', 'subgraph_id': 336, 'pipe': 'PIPE_MTE2', 'start': 80904, 'end': 81878, 'duration': 974, 'core_id': 3, 'size_bytes': 8192, 'path': 'DDR', 'nominal_cycles': 137, 'duration_excess': 837, 'original_tensors': [1000001179], 'slack': 0, 'congestion_exposure': 836.9309523809524, 'wait_priority': 1810.9309523809525, 'task': 3}, {'task_id': 0, 'op_id': 1000008062, 'op': 'COPY_IN', 'subgraph_id': 345, 'pipe': 'PIPE_MTE2', 'start': 81013, 'end': 82062, 'duration': 1049, 'core_id': 0, 'size_bytes': 8192, 'path': 'DDR', 'nominal_cycles': 137, 'duration_excess': 912, 'original_tensors': [1000001181], 'slack': 941, 'congestion_exposure': 912.0357142857142, 'wait_priority': 1806.5920494586842, 'task': 0}, {'task_id': 2, 'op_id': 1000008043, 'op': 'COPY_OUT', 'subgraph_id': 332, 'pipe': 'PIPE_MTE3', 'start': 81041, 'end': 82089, 'duration': 1048, 'core_id': 2, 'size_bytes': 8192, 'path': 'DDR', 'nominal_cycles': 137, 'duration_excess': 911, 'original_tensors': [1000001167], 'slack': 1249, 'congestion_exposure': 910.9690476190476, 'wait_priority': 1759.3363420343803, 'task': 2}, {'task_id': 3, 'op_id': 1000007833, 'op': 'COPY_IN', 'subgraph_id': 273, 'pipe': 'PIPE_MTE2', 'start': 69244, 'end': 70186, 'duration': 942, 'core_id': 3, 'size_bytes': 8192, 'path': 'DDR', 'nominal_cycles': 137, 'duration_excess': 805, 'original_tensors': [1000001021], 'slack': 0, 'congestion_exposure': 804.8773809523809, 'wait_priority': 1746.877380952381, 'task': 3}, {'task_id': 2, 'op_id': 1000008054, 'op': 'COPY_IN', 'subgraph_id': 335, 'pipe': 'PIPE_MTE2', 'start': 80901, 'end': 81872, 'duration': 971, 'core_id': 2, 'size_bytes': 8192, 'path': 'DDR', 'nominal_cycles': 137, 'duration_excess': 834, 'original_tensors': [1000001177], 'slack': 491, 'congestion_exposure': 834.0380952380953, 'wait_priority': 1727.9592212194902, 'task': 2}, {'task_id': 0, 'op_id': 1000008046, 'op': 'COPY_OUT', 'subgraph_id': 333, 'pipe': 'PIPE_MTE3', 'start': 81002, 'end': 82049, 'duration': 1047, 'core_id': 0, 'size_bytes': 8192, 'path': 'DDR', 'nominal_cycles': 137, 'duration_excess': 910, 'original_tensors': [1000001171], 'slack': 1833, 'congestion_exposure': 910.0023809523809, 'wait_priority': 1677.632448366406, 'task': 0}, {'task_id': 1, 'op_id': 1000008037, 'op': 'COPY_OUT', 'subgraph_id': 330, 'pipe': 'PIPE_MTE3', 'start': 81033, 'end': 82082, 'duration': 1049, 'core_id': 1, 'size_bytes': 8192, 'path': 'DDR', 'nominal_cycles': 137, 'duration_excess': 912, 'original_tensors': [1000001159], 'slack': 1965, 'congestion_exposure': 912.0357142857142, 'wait_priority': 1663.9839894471604, 'task': 1}, {'task_id': 2, 'op_id': 1000008168, 'op': 'COPY_IN', 'subgraph_id': 365, 'pipe': 'PIPE_MTE2', 'start': 86069, 'end': 86966, 'duration': 897, 'core_id': 2, 'size_bytes': 8192, 'path': 'DDR', 'nominal_cycles': 137, 'duration_excess': 760, 'original_tensors': [1000001258], 'slack': 0, 'congestion_exposure': 760.047619047619, 'wait_priority': 1657.047619047619, 'task': 2}, {'task_id': 0, 'op_id': 1000007825, 'op': 'COPY_IN', 'subgraph_id': 272, 'pipe': 'PIPE_MTE2', 'start': 69240, 'end': 70180, 'duration': 940, 'core_id': 0, 'size_bytes': 8192, 'path': 'DDR', 'nominal_cycles': 137, 'duration_excess': 803, 'original_tensors': [1000001019], 'slack': 618, 'congestion_exposure': 803.0059523809524, 'wait_priority': 1650.3476589760312, 'task': 0}, {'task_id': 1, 'op_id': 1000007927, 'op': 'COPY_OUT', 'subgraph_id': 299, 'pipe': 'PIPE_MTE3', 'start': 75083, 'end': 76042, 'duration': 959, 'core_id': 1, 'size_bytes': 8192, 'path': 'DDR', 'nominal_cycles': 137, 'duration_excess': 822, 'original_tensors': [1000001088], 'slack': 957, 'congestion_exposure': 821.9047619047618, 'wait_priority': 1638.453458386632, 'task': 1}, {'task_id': 3, 'op_id': 1000007816, 'op': 'COPY_OUT', 'subgraph_id': 269, 'pipe': 'PIPE_MTE3', 'start': 69384, 'end': 70352, 'duration': 968, 'core_id': 3, 'size_bytes': 8192, 'path': 'DDR', 'nominal_cycles': 137, 'duration_excess': 831, 'original_tensors': [1000001009], 'slack': 1147, 'congestion_exposure': 830.9297619047619, 'wait_priority': 1629.1645323266168, 'task': 3}, {'task_id': 2, 'op_id': 1000007827, 'op': 'COPY_IN', 'subgraph_id': 282, 'pipe': 'PIPE_MTE2', 'start': 69411, 'end': 70369, 'duration': 958, 'core_id': 2, 'size_bytes': 8192, 'path': 'DDR', 'nominal_cycles': 137, 'duration_excess': 821, 'original_tensors': [1000001019], 'slack': 1393, 'congestion_exposure': 821.0047619047618, 'wait_priority': 1579.1580139441662, 'task': 2}, {'task_id': 1, 'op_id': 1000007810, 'op': 'COPY_OUT', 'subgraph_id': 267, 'pipe': 'PIPE_MTE3', 'start': 69382, 'end': 70350, 'duration': 968, 'core_id': 1, 'size_bytes': 8192, 'path': 'DDR', 'nominal_cycles': 137, 'duration_excess': 831, 'original_tensors': [1000001001], 'slack': 1542, 'congestion_exposure': 831.0440476190477, 'wait_priority': 1577.9852990680506, 'task': 1}, {'task_id': 0, 'op_id': 1000008160, 'op': 'COPY_IN', 'subgraph_id': 364, 'pipe': 'PIPE_MTE2', 'start': 86067, 'end': 86964, 'duration': 897, 'core_id': 0, 'size_bytes': 8192, 'path': 'DDR', 'nominal_cycles': 137, 'duration_excess': 760, 'original_tensors': [1000001256], 'slack': 559, 'congestion_exposure': 759.9809523809524, 'wait_priority': 1576.8987519497891, 'task': 0}, {'task_id': 1, 'op_id': 1000007939, 'op': 'COPY_IN', 'subgraph_id': 303, 'pipe': 'PIPE_MTE2', 'start': 74943, 'end': 75797, 'duration': 854, 'core_id': 1, 'size_bytes': 8192, 'path': 'DDR', 'nominal_cycles': 137, 'duration_excess': 717, 'original_tensors': [1000001100], 'slack': 0, 'congestion_exposure': 717.0761904761904, 'wait_priority': 1571.0761904761903, 'task': 1}, {'task_id': 0, 'op_id': 1000007813, 'op': 'COPY_OUT', 'subgraph_id': 268, 'pipe': 'PIPE_MTE3', 'start': 69380, 'end': 70349, 'duration': 969, 'core_id': 0, 'size_bytes': 8192, 'path': 'DDR', 'nominal_cycles': 137, 'duration_excess': 832, 'original_tensors': [1000001005], 'slack': 1865, 'congestion_exposure': 831.9107142857143, 'wait_priority': 1539.985603008305, 'task': 0}, {'task_id': 2, 'op_id': 1000008151, 'op': 'COPY_OUT', 'subgraph_id': 360, 'pipe': 'PIPE_MTE3', 'start': 86209, 'end': 87134, 'duration': 925, 'core_id': 2, 'size_bytes': 8192, 'path': 'DDR', 'nominal_cycles': 137, 'duration_excess': 788, 'original_tensors': [1000001242], 'slack': 1258, 'congestion_exposure': 788.047619047619, 'wait_priority': 1537.3471326529532, 'task': 2}, {'task_id': 3, 'op_id': 1000007921, 'op': 'COPY_OUT', 'subgraph_id': 297, 'pipe': 'PIPE_MTE3', 'start': 75084, 'end': 76043, 'duration': 959, 'core_id': 3, 'size_bytes': 8192, 'path': 'DDR', 'nominal_cycles': 137, 'duration_excess': 822, 'original_tensors': [1000001080], 'slack': 1909, 'congestion_exposure': 821.9047619047618, 'wait_priority': 1517.690444576602, 'task': 3}, {'task_id': 1, 'op_id': 1000007716, 'op': 'COPY_IN', 'subgraph_id': 247, 'pipe': 'PIPE_MTE2', 'start': 63777, 'end': 64603, 'duration': 826, 'core_id': 1, 'size_bytes': 8192, 'path': 'DDR', 'nominal_cycles': 137, 'duration_excess': 689, 'original_tensors': [1000000942], 'slack': 0, 'congestion_exposure': 688.9999999999999, 'wait_priority': 1515.0, 'task': 1}], 'compile_seconds': 2.83664602402132, 'limitations': 'Observed durations include dynamic contention; chain/slack and projected residency are ranking diagnostics, not removable-delay certificates.'}",,,,,
case_060_p2_n4,case_060,2,4,core_regression,persistent,21,advance,/home/konglingrui/.mathmodel/questionA/真机启发算法攻坚/A题研究/直接迭代/运行结果/持续联合冲刺_20260926/正式75配置_6并发/configurations/case_060_p2_n4/persistent/attempt_001/evaluations/attempts/20260926T130606-d691afcae0ec49d8888a98746c815dbb/record.json,joint,,2,/home/konglingrui/.mathmodel/questionA/真机启发算法攻坚/A题研究/直接迭代/运行结果/持续联合冲刺_20260926/正式75配置_6并发/configurations/case_060_p2_n4/persistent/attempt_001/evaluations/attempts/20260926T130703-b7a3d6ac5507493389dd95f38c1f12ac/record.json,,1,,,,,False,3,,,,,,
case_060_p2_n4,case_060,2,4,core_regression,persistent,22,visit,/home/konglingrui/.mathmodel/questionA/真机启发算法攻坚/A题研究/直接迭代/运行结果/持续联合冲刺_20260926/正式75配置_6并发/configurations/case_060_p2_n4/persistent/attempt_001/evaluations/attempts/20260926T130606-d691afcae0ec49d8888a98746c815dbb/record.json,joint,,2,/home/konglingrui/.mathmodel/questionA/真机启发算法攻坚/A题研究/直接迭代/运行结果/持续联合冲刺_20260926/正式75配置_6并发/configurations/case_060_p2_n4/persistent/attempt_001/evaluations/attempts/20260926T130703-b7a3d6ac5507493389dd95f38c1f12ac/record.json,0,0,True,False,True,success,,,,,,,,
case_060_p2_n4,case_060,2,4,core_regression,persistent,23,visit,/home/konglingrui/.mathmodel/questionA/真机启发算法攻坚/A题研究/直接迭代/运行结果/持续联合冲刺_20260926/正式75配置_6并发/configurations/case_060_p2_n4/persistent/attempt_001/evaluations/attempts/20260926T130609-278504d24fc8471a9735b42792799747/record.json,trace,,3,/home/konglingrui/.mathmodel/questionA/真机启发算法攻坚/A题研究/直接迭代/运行结果/持续联合冲刺_20260926/正式75配置_6并发/configurations/case_060_p2_n4/persistent/attempt_001/evaluations/attempts/20260926T130707-fe919736247347d8a69414f1494af6b3/record.json,0,0,False,False,True,success,,,,,,,,
case_060_p2_n4,case_060,2,4,core_regression,persistent,24,observe,/home/konglingrui/.mathmodel/questionA/真机启发算法攻坚/A题研究/直接迭代/运行结果/持续联合冲刺_20260926/正式75配置_6并发/configurations/case_060_p2_n4/persistent/attempt_001/evaluations/attempts/20260926T130612-323001abbd044782a305c7c2eaf21dc5/record.json,,,,,,0,,,,,,,"{'makespan': 431869, 'official_copy': {'original_graph_copy_bytes': 2099006, 'scheduled_copy_bytes': 25414296, 'added_copy_bytes': 23315290, 'partition_added_copy_bytes': 22766426, 'spill_added_copy_bytes': 548864}, 'path_bytes': {'DDR': 25414296}, 'nominal_pool_work_cycles': {'DDR': 429387}, 'pool_occupancy': {'DDR': {'busy_cycles': 429387, 'overlap_cycles': 417469, 'peak_concurrent': 8}, 'CACHE_READ': {'busy_cycles': 0, 'overlap_cycles': 0, 'peak_concurrent': 0}}, 'projected_live_peak': {'0:UB': 131072, '0:L1': 398336, '1:UB': 131072, '1:L1': 337920, '2:UB': 131072, '2:L1': 376832, '3:UB': 122884, '3:L1': 352256}, 'projected_live_byte_cycles': {'0:UB': 14960347226, '0:L1': 97096736000, '1:UB': 17012188702, '1:L1': 89935294592, '2:UB': 18490052486, '2:L1': 94095873408, '3:UB': 9822620730, '3:L1': 94448674816}, 'memory_dependency_count': 17352, 'critical_chain_ops': 1501, 'critical_chain_memory_edges': 3, 'top_copy_waits': [{'task_id': 2, 'op_id': 1000007952, 'op': 'COPY_IN', 'subgraph_id': 942, 'pipe': 'PIPE_MTE2', 'start': 86605, 'end': 87701, 'duration': 1096, 'core_id': 2, 'size_bytes': 8192, 'path': 'DDR', 'nominal_cycles': 137, 'duration_excess': 959, 'original_tensors': [1000000757], 'slack': 0, 'congestion_exposure': 959.0, 'wait_priority': 2055.0, 'task': 2}, {'task_id': 2, 'op_id': 1000008177, 'op': 'COPY_IN', 'subgraph_id': 664, 'pipe': 'PIPE_MTE2', 'start': 58130, 'end': 59226, 'duration': 1096, 'core_id': 2, 'size_bytes': 8192, 'path': 'DDR', 'nominal_cycles': 137, 'duration_excess': 959, 'original_tensors': [1000000861], 'slack': 0, 'congestion_exposure': 959.0, 'wait_priority': 2055.0, 'task': 2}, {'task_id': 2, 'op_id': 1000008639, 'op': 'COPY_IN', 'subgraph_id': 983, 'pipe': 'PIPE_MTE2', 'start': 94451, 'end': 95547, 'duration': 1096, 'core_id': 2, 'size_bytes': 8192, 'path': 'DDR', 'nominal_cycles': 137, 'duration_excess': 959, 'original_tensors': [1000001085], 'slack': 0, 'congestion_exposure': 959.0, 'wait_priority': 2055.0, 'task': 2}, {'task_id': 2, 'op_id': 1000018541, 'op': 'COPY_IN', 'subgraph_id': 675, 'pipe': 'PIPE_MTE2', 'start': 60322, 'end': 61418, 'duration': 1096, 'core_id': 2, 'size_bytes': 8192, 'path': 'DDR', 'nominal_cycles': 137, 'duration_excess': 959, 'original_tensors': [], 'slack': 0, 'congestion_exposure': 959.0, 'wait_priority': 2055.0, 'task': 2}, {'task_id': 2, 'op_id': 1000018543, 'op': 'COPY_IN', 'subgraph_id': 670, 'pipe': 'PIPE_MTE2', 'start': 59226, 'end': 60322, 'duration': 1096, 'core_id': 2, 'size_bytes': 8192, 'path': 'DDR', 'nominal_cycles': 137, 'duration_excess': 959, 'original_tensors': [], 'slack': 0, 'congestion_exposure': 959.0, 'wait_priority': 2055.0, 'task': 2}, {'task_id': 2, 'op_id': 1000018561, 'op': 'COPY_IN', 'subgraph_id': 638, 'pipe': 'PIPE_MTE2', 'start': 54745, 'end': 55841, 'duration': 1096, 'core_id': 2, 'size_bytes': 8192, 'path': 'DDR', 'nominal_cycles': 137, 'duration_excess': 959, 'original_tensors': [], 'slack': 0, 'congestion_exposure': 959.0, 'wait_priority': 2055.0, 'task': 2}, {'task_id': 2, 'op_id': 1000018563, 'op': 'COPY_IN', 'subgraph_id': 648, 'pipe': 'PIPE_MTE2', 'start': 55841, 'end': 56937, 'duration': 1096, 'core_id': 2, 'size_bytes': 8192, 'path': 'DDR', 'nominal_cycles': 137, 'duration_excess': 959, 'original_tensors': [], 'slack': 0, 'congestion_exposure': 959.0, 'wait_priority': 2055.0, 'task': 2}, {'task_id': 3, 'op_id': 1000007693, 'op': 'COPY_IN', 'subgraph_id': 256, 'pipe': 'PIPE_MTE2', 'start': 10751, 'end': 11847, 'duration': 1096, 'core_id': 3, 'size_bytes': 8192, 'path': 'DDR', 'nominal_cycles': 137, 'duration_excess': 959, 'original_tensors': [1000000630], 'slack': 0, 'congestion_exposure': 959.0, 'wait_priority': 2055.0, 'task': 3}, {'task_id': 3, 'op_id': 1000007855, 'op': 'COPY_IN', 'subgraph_id': 261, 'pipe': 'PIPE_MTE2', 'start': 12543, 'end': 13639, 'duration': 1096, 'core_id': 3, 'size_bytes': 8192, 'path': 'DDR', 'nominal_cycles': 137, 'duration_excess': 959, 'original_tensors': [1000000709], 'slack': 0, 'congestion_exposure': 959.0, 'wait_priority': 2055.0, 'task': 3}, {'task_id': 3, 'op_id': 1000008020, 'op': 'COPY_IN', 'subgraph_id': 266, 'pipe': 'PIPE_MTE2', 'start': 13639, 'end': 14735, 'duration': 1096, 'core_id': 3, 'size_bytes': 8192, 'path': 'DDR', 'nominal_cycles': 137, 'duration_excess': 959, 'original_tensors': [1000000788], 'slack': 0, 'congestion_exposure': 959.0, 'wait_priority': 2055.0, 'task': 3}, {'task_id': 3, 'op_id': 1000008195, 'op': 'COPY_IN', 'subgraph_id': 271, 'pipe': 'PIPE_MTE2', 'start': 14735, 'end': 15831, 'duration': 1096, 'core_id': 3, 'size_bytes': 8192, 'path': 'DDR', 'nominal_cycles': 137, 'duration_excess': 959, 'original_tensors': [1000000867], 'slack': 0, 'congestion_exposure': 959.0, 'wait_priority': 2055.0, 'task': 3}, {'task_id': 2, 'op_id': 1000009296, 'op': 'COPY_IN', 'subgraph_id': 927, 'pipe': 'PIPE_MTE2', 'start': 84855, 'end': 85947, 'duration': 1092, 'core_id': 2, 'size_bytes': 8192, 'path': 'DDR', 'nominal_cycles': 137, 'duration_excess': 955, 'original_tensors': [1000001401], 'slack': 0, 'congestion_exposure': 954.9821428571429, 'wait_priority': 2046.982142857143, 'task': 2}, {'task_id': 2, 'op_id': 1000018565, 'op': 'COPY_IN', 'subgraph_id': 680, 'pipe': 'PIPE_MTE2', 'start': 61706, 'end': 62797, 'duration': 1091, 'core_id': 2, 'size_bytes': 8192, 'path': 'DDR', 'nominal_cycles': 137, 'duration_excess': 954, 'original_tensors': [], 'slack': 0, 'congestion_exposure': 954.0, 'wait_priority': 2045.0, 'task': 2}, {'task_id': 3, 'op_id': 1000006794, 'op': 'COPY_OUT', 'subgraph_id': 3, 'pipe': 'PIPE_MTE3', 'start': 688, 'end': 1784, 'duration': 1096, 'core_id': 3, 'size_bytes': 8192, 'path': 'DDR', 'nominal_cycles': 137, 'duration_excess': 959, 'original_tensors': [1000000028], 'slack': 536, 'congestion_exposure': 959.0, 'wait_priority': 1973.360933496491, 'task': 3}, {'task_id': 2, 'op_id': 1000006790, 'op': 'COPY_IN', 'subgraph_id': 962, 'pipe': 'PIPE_MTE2', 'start': 89700, 'end': 90746, 'duration': 1046, 'core_id': 2, 'size_bytes': 8192, 'path': 'DDR', 'nominal_cycles': 137, 'duration_excess': 909, 'original_tensors': [1000000027], 'slack': 0, 'congestion_exposure': 909.0714285714286, 'wait_priority': 1955.0714285714284, 'task': 2}, {'task_id': 2, 'op_id': 1000006776, 'op': 'COPY_IN', 'subgraph_id': 1337, 'pipe': 'PIPE_MTE2', 'start': 137830, 'end': 138875, 'duration': 1045, 'core_id': 2, 'size_bytes': 8192, 'path': 'DDR', 'nominal_cycles': 137, 'duration_excess': 908, 'original_tensors': [1000000019], 'slack': 0, 'congestion_exposure': 908.0059523809524, 'wait_priority': 1953.0059523809523, 'task': 2}, {'task_id': 2, 'op_id': 1000008347, 'op': 'COPY_IN', 'subgraph_id': 803, 'pipe': 'PIPE_MTE2', 'start': 72202, 'end': 73244, 'duration': 1042, 'core_id': 2, 'size_bytes': 8192, 'path': 'DDR', 'nominal_cycles': 137, 'duration_excess': 905, 'original_tensors': [1000000940], 'slack': 0, 'congestion_exposure': 905.0, 'wait_priority': 1947.0, 'task': 2}, {'task_id': 2, 'op_id': 1000007787, 'op': 'COPY_OUT', 'subgraph_id': 991, 'pipe': 'PIPE_MTE3', 'start': 97007, 'end': 98048, 'duration': 1041, 'core_id': 2, 'size_bytes': 8192, 'path': 'DDR', 'nominal_cycles': 137, 'duration_excess': 904, 'original_tensors': [1000000679], 'slack': 0, 'congestion_exposure': 903.9583333333334, 'wait_priority': 1944.9583333333335, 'task': 2}, {'task_id': 2, 'op_id': 1000008127, 'op': 'COPY_OUT', 'subgraph_id': 973, 'pipe': 'PIPE_MTE3', 'start': 95037, 'end': 96095, 'duration': 1058, 'core_id': 2, 'size_bytes': 8192, 'path': 'DDR', 'nominal_cycles': 137, 'duration_excess': 921, 'original_tensors': [1000000841], 'slack': 252, 'congestion_exposure': 920.952380952381, 'wait_priority': 1941.1954641583302, 'task': 2}, {'task_id': 3, 'op_id': 1000009156, 'op': 'COPY_IN', 'subgraph_id': 277, 'pipe': 'PIPE_MTE2', 'start': 16527, 'end': 17563, 'duration': 1036, 'core_id': 3, 'size_bytes': 8192, 'path': 'DDR', 'nominal_cycles': 137, 'duration_excess': 899, 'original_tensors': [1000001337], 'slack': 0, 'congestion_exposure': 899.0, 'wait_priority': 1935.0, 'task': 3}], 'compile_seconds': 4.346914665977238, 'limitations': 'Observed durations include dynamic contention; chain/slack and projected residency are ranking diagnostics, not removable-delay certificates.'}",,,,,
case_060_p2_n4,case_060,2,4,core_regression,persistent,25,visit,/home/konglingrui/.mathmodel/questionA/真机启发算法攻坚/A题研究/直接迭代/运行结果/持续联合冲刺_20260926/正式75配置_6并发/configurations/case_060_p2_n4/persistent/attempt_001/evaluations/attempts/20260926T130612-323001abbd044782a305c7c2eaf21dc5/record.json,joint,,4,/home/konglingrui/.mathmodel/questionA/真机启发算法攻坚/A题研究/直接迭代/运行结果/持续联合冲刺_20260926/正式75配置_6并发/configurations/case_060_p2_n4/persistent/attempt_001/evaluations/attempts/20260926T130714-ca326e454a3449bfbd0e166372db4b08/record.json,1,0,False,False,False,success,,,,,,,,
case_060_p2_n4,case_060,2,4,core_regression,persistent,26,visit,/home/konglingrui/.mathmodel/questionA/真机启发算法攻坚/A题研究/直接迭代/运行结果/持续联合冲刺_20260926/正式75配置_6并发/configurations/case_060_p2_n4/persistent/attempt_001/evaluations/attempts/20260926T130612-323001abbd044782a305c7c2eaf21dc5/record.json,trace,,4,/home/konglingrui/.mathmodel/questionA/真机启发算法攻坚/A题研究/直接迭代/运行结果/持续联合冲刺_20260926/正式75配置_6并发/configurations/case_060_p2_n4/persistent/attempt_001/evaluations/attempts/20260926T130718-6661e2173def44429bce3378a935b033/record.json,0,0,False,False,False,success,,,,,,,,
case_060_p2_n4,case_060,2,4,core_regression,persistent,27,visit,/home/konglingrui/.mathmodel/questionA/真机启发算法攻坚/A题研究/直接迭代/运行结果/持续联合冲刺_20260926/正式75配置_6并发/configurations/case_060_p2_n4/persistent/attempt_001/evaluations/attempts/20260926T130612-323001abbd044782a305c7c2eaf21dc5/record.json,joint,,4,/home/konglingrui/.mathmodel/questionA/真机启发算法攻坚/A题研究/直接迭代/运行结果/持续联合冲刺_20260926/正式75配置_6并发/configurations/case_060_p2_n4/persistent/attempt_001/evaluations/attempts/20260926T130721-da85b589014943e5b5b8af01b1c4ce01/record.json,0,0,False,False,False,success,,,,,,,,
case_060_p2_n4,case_060,2,4,core_regression,persistent,28,visit,/home/konglingrui/.mathmodel/questionA/真机启发算法攻坚/A题研究/直接迭代/运行结果/持续联合冲刺_20260926/正式75配置_6并发/configurations/case_060_p2_n4/persistent/attempt_001/evaluations/attempts/20260926T130638-f9834072f67f4d05a726041d0d2fda0c/record.json,insertion,,1,/home/konglingrui/.mathmodel/questionA/真机启发算法攻坚/A题研究/直接迭代/运行结果/持续联合冲刺_20260926/正式75配置_6并发/configurations/case_060_p2_n4/persistent/attempt_001/evaluations/attempts/20260926T130725-43788f8c3e0e485ab7059fc9d0521f4b/record.json,0,2,False,False,False,success,,,,,,,,
case_060_p2_n4,case_060,2,4,core_regression,persistent,29,visit,/home/konglingrui/.mathmodel/questionA/真机启发算法攻坚/A题研究/直接迭代/运行结果/持续联合冲刺_20260926/正式75配置_6并发/configurations/case_060_p2_n4/persistent/attempt_001/evaluations/attempts/20260926T130703-b7a3d6ac5507493389dd95f38c1f12ac/record.json,insertion,,2,/home/konglingrui/.mathmodel/questionA/真机启发算法攻坚/A题研究/直接迭代/运行结果/持续联合冲刺_20260926/正式75配置_6并发/configurations/case_060_p2_n4/persistent/attempt_001/evaluations/attempts/20260926T130729-f5c26bcd15a54a8ca9f6588855b05815/record.json,0,1,False,False,False,success,,,,,,,,
case_060_p2_n4,case_060,2,4,core_regression,persistent,30,advance,/home/konglingrui/.mathmodel/questionA/真机启发算法攻坚/A题研究/直接迭代/运行结果/持续联合冲刺_20260926/正式75配置_6并发/configurations/case_060_p2_n4/persistent/attempt_001/evaluations/attempts/20260926T130612-323001abbd044782a305c7c2eaf21dc5/record.json,trace,,4,/home/konglingrui/.mathmodel/questionA/真机启发算法攻坚/A题研究/直接迭代/运行结果/持续联合冲刺_20260926/正式75配置_6并发/configurations/case_060_p2_n4/persistent/attempt_001/evaluations/attempts/20260926T130733-f17abfe0c26943cc98b117f2b4f83725/record.json,,1,,,,,False,4,,,,,,
case_060_p2_n4,case_060,2,4,core_regression,persistent,31,visit,/home/konglingrui/.mathmodel/questionA/真机启发算法攻坚/A题研究/直接迭代/运行结果/持续联合冲刺_20260926/正式75配置_6并发/configurations/case_060_p2_n4/persistent/attempt_001/evaluations/attempts/20260926T130612-323001abbd044782a305c7c2eaf21dc5/record.json,trace,,4,/home/konglingrui/.mathmodel/questionA/真机启发算法攻坚/A题研究/直接迭代/运行结果/持续联合冲刺_20260926/正式75配置_6并发/configurations/case_060_p2_n4/persistent/attempt_001/evaluations/attempts/20260926T130733-f17abfe0c26943cc98b117f2b4f83725/record.json,0,0,True,False,False,success,,,,,,,,
case_060_p2_n4,case_060,2,4,core_regression,persistent,32,advance_alternate,/home/konglingrui/.mathmodel/questionA/真机启发算法攻坚/A题研究/直接迭代/运行结果/持续联合冲刺_20260926/正式75配置_6并发/configurations/case_060_p2_n4/persistent/attempt_001/evaluations/attempts/20260926T130617-777a72d2c1ea4b3fa01447fa76a7bf1d/record.json,trace,,1,/home/konglingrui/.mathmodel/questionA/真机启发算法攻坚/A题研究/直接迭代/运行结果/持续联合冲刺_20260926/正式75配置_6并发/configurations/case_060_p2_n4/persistent/attempt_001/evaluations/attempts/20260926T130737-ee83391cc5f6405cb200e63f1dd1736a/record.json,,2,,,,,,5,,,,,,
case_060_p2_n4,case_060,2,4,core_regression,persistent,33,visit,/home/konglingrui/.mathmodel/questionA/真机启发算法攻坚/A题研究/直接迭代/运行结果/持续联合冲刺_20260926/正式75配置_6并发/configurations/case_060_p2_n4/persistent/attempt_001/evaluations/attempts/20260926T130617-777a72d2c1ea4b3fa01447fa76a7bf1d/record.json,trace,,1,/home/konglingrui/.mathmodel/questionA/真机启发算法攻坚/A题研究/直接迭代/运行结果/持续联合冲刺_20260926/正式75配置_6并发/configurations/case_060_p2_n4/persistent/attempt_001/evaluations/attempts/20260926T130737-ee83391cc5f6405cb200e63f1dd1736a/record.json,0,1,True,False,True,success,,,,,,,,
case_060_p2_n4,case_060,2,4,core_regression,persistent,34,admit,,,,0,/home/konglingrui/.mathmodel/questionA/真机启发算法攻坚/A题研究/直接迭代/运行结果/持续联合冲刺_20260926/正式75配置_6并发/configurations/case_060_p2_n4/persistent/attempt_001/evaluations/attempts/20260926T130600-1d28b2c6afd844b58a9ed088fd4d8a37/record.json,,,,,,,,,,2,whole_component_interleave,,,
case_060_p2_n4,case_060,2,4,core_regression,persistent,35,admit,,,,1,/home/konglingrui/.mathmodel/questionA/真机启发算法攻坚/A题研究/直接迭代/运行结果/持续联合冲刺_20260926/正式75配置_6并发/configurations/case_060_p2_n4/persistent/attempt_001/evaluations/attempts/20260926T130603-5828f71bc6384d83868df2c2324c7958/record.json,,,,,,,,,,2,critical_w100_control,,,
case_060_p2_n4,case_060,2,4,core_regression,persistent,36,admit,,,,2,/home/konglingrui/.mathmodel/questionA/真机启发算法攻坚/A题研究/直接迭代/运行结果/持续联合冲刺_20260926/正式75配置_6并发/configurations/case_060_p2_n4/persistent/attempt_001/evaluations/attempts/20260926T130606-d691afcae0ec49d8888a98746c815dbb/record.json,,,,,,,,,,2,stable_w100_control,,,
case_060_p2_n4,case_060,2,4,core_regression,persistent,37,retire,,,,0,,0,,,,,,,,,,,completed_lease_stalled,2,
case_060_p2_n4,case_060,2,4,core_regression,persistent,38,admit,,,,3,/home/konglingrui/.mathmodel/questionA/真机启发算法攻坚/A题研究/直接迭代/运行结果/持续联合冲刺_20260926/正式75配置_6并发/configurations/case_060_p2_n4/persistent/attempt_001/evaluations/attempts/20260926T130609-278504d24fc8471a9735b42792799747/record.json,,,,,,,,,,2,stable_w200_joint,,,
case_060_p2_n4,case_060,2,4,core_regression,persistent,39,retire,,,,3,,0,,,,,,,,,,,completed_lease_stalled,3,
case_060_p2_n4,case_060,2,4,core_regression,persistent,40,admit,,,,4,/home/konglingrui/.mathmodel/questionA/真机启发算法攻坚/A题研究/直接迭代/运行结果/持续联合冲刺_20260926/正式75配置_6并发/configurations/case_060_p2_n4/persistent/attempt_001/evaluations/attempts/20260926T130612-323001abbd044782a305c7c2eaf21dc5/record.json,,,,,,,,,,2,critical_w200_joint,,,
case_025_p2_n5,case_025,2,5,existing_regression,persistent,1,advance_alternate,/home/konglingrui/.mathmodel/questionA/真机启发算法攻坚/A题研究/直接迭代/运行结果/持续联合冲刺_20260926/正式75配置_6并发/configurations/case_025_p2_n5/persistent/attempt_001/evaluations/attempts/20260926T130439-2e5c2c2dda2e43df8cd3f56800a0e4fa/record.json,insertion,,0,/home/konglingrui/.mathmodel/questionA/真机启发算法攻坚/A题研究/直接迭代/运行结果/持续联合冲刺_20260926/正式75配置_6并发/configurations/case_025_p2_n5/persistent/attempt_001/evaluations/attempts/20260926T130606-54bbb9ed2ed64957afcee4be35a51586/record.json,,1,,,,,,1,,,,,,
case_025_p2_n5,case_025,2,5,existing_regression,persistent,2,visit,/home/konglingrui/.mathmodel/questionA/真机启发算法攻坚/A题研究/直接迭代/运行结果/持续联合冲刺_20260926/正式75配置_6并发/configurations/case_025_p2_n5/persistent/attempt_001/evaluations/attempts/20260926T130439-2e5c2c2dda2e43df8cd3f56800a0e4fa/record.json,insertion,,0,/home/konglingrui/.mathmodel/questionA/真机启发算法攻坚/A题研究/直接迭代/运行结果/持续联合冲刺_20260926/正式75配置_6并发/configurations/case_025_p2_n5/persistent/attempt_001/evaluations/attempts/20260926T130606-54bbb9ed2ed64957afcee4be35a51586/record.json,1,0,True,False,True,success,,,,,,,,
case_025_p2_n5,case_025,2,5,existing_regression,persistent,3,advance,/home/konglingrui/.mathmodel/questionA/真机启发算法攻坚/A题研究/直接迭代/运行结果/持续联合冲刺_20260926/正式75配置_6并发/configurations/case_025_p2_n5/persistent/attempt_001/evaluations/attempts/20260926T130507-d4bdcd4b9a8b4f45adf50d8905931ff7/record.json,insertion,,1,/home/konglingrui/.mathmodel/questionA/真机启发算法攻坚/A题研究/直接迭代/运行结果/持续联合冲刺_20260926/正式75配置_6并发/configurations/case_025_p2_n5/persistent/attempt_001/evaluations/attempts/20260926T130618-37ac4aca1024418bb2796adbeee5d7f6/record.json,,1,,,,,False,1,,,,,,
case_025_p2_n5,case_025,2,5,existing_regression,persistent,4,visit,/home/konglingrui/.mathmodel/questionA/真机启发算法攻坚/A题研究/直接迭代/运行结果/持续联合冲刺_20260926/正式75配置_6并发/configurations/case_025_p2_n5/persistent/attempt_001/evaluations/attempts/20260926T130507-d4bdcd4b9a8b4f45adf50d8905931ff7/record.json,insertion,,1,/home/konglingrui/.mathmodel/questionA/真机启发算法攻坚/A题研究/直接迭代/运行结果/持续联合冲刺_20260926/正式75配置_6并发/configurations/case_025_p2_n5/persistent/attempt_001/evaluations/attempts/20260926T130618-37ac4aca1024418bb2796adbeee5d7f6/record.json,1,0,True,False,False,success,,,,,,,,
case_025_p2_n5,case_025,2,5,existing_regression,persistent,5,advance,/home/konglingrui/.mathmodel/questionA/真机启发算法攻坚/A题研究/直接迭代/运行结果/持续联合冲刺_20260926/正式75配置_6并发/configurations/case_025_p2_n5/persistent/attempt_001/evaluations/attempts/20260926T130524-58555cfa52e94e128377360336d270eb/record.json,insertion,,2,/home/konglingrui/.mathmodel/questionA/真机启发算法攻坚/A题研究/直接迭代/运行结果/持续联合冲刺_20260926/正式75配置_6并发/configurations/case_025_p2_n5/persistent/attempt_001/evaluations/attempts/20260926T130632-1435765a47de4c8daa70c5d430fa0dc7/record.json,,1,,,,,False,1,,,,,,
case_025_p2_n5,case_025,2,5,existing_regression,persistent,6,visit,/home/konglingrui/.mathmodel/questionA/真机启发算法攻坚/A题研究/直接迭代/运行结果/持续联合冲刺_20260926/正式75配置_6并发/configurations/case_025_p2_n5/persistent/attempt_001/evaluations/attempts/20260926T130524-58555cfa52e94e128377360336d270eb/record.json,insertion,,2,/home/konglingrui/.mathmodel/questionA/真机启发算法攻坚/A题研究/直接迭代/运行结果/持续联合冲刺_20260926/正式75配置_6并发/configurations/case_025_p2_n5/persistent/attempt_001/evaluations/attempts/20260926T130632-1435765a47de4c8daa70c5d430fa0dc7/record.json,1,0,True,False,False,success,,,,,,,,
case_025_p2_n5,case_025,2,5,existing_regression,persistent,7,observe,/home/konglingrui/.mathmodel/questionA/真机启发算法攻坚/A题研究/直接迭代/运行结果/持续联合冲刺_20260926/正式75配置_6并发/configurations/case_025_p2_n5/persistent/attempt_001/evaluations/attempts/20260926T130455-c9b8eb05ea194b5b9b5b856a73956ec1/record.json,,,,,,0,,,,,,,"{'makespan': 942938, 'official_copy': {'original_graph_copy_bytes': 8217600, 'scheduled_copy_bytes': 8328192, 'added_copy_bytes': 110592, 'partition_added_copy_bytes': 110592, 'spill_added_copy_bytes': 0}, 'path_bytes': {'DDR': 8328192}, 'nominal_pool_work_cycles': {'DDR': 140942}, 'pool_occupancy': {'DDR': {'busy_cycles': 140942, 'overlap_cycles': 140864, 'peak_concurrent': 10}, 'CACHE_READ': {'busy_cycles': 0, 'overlap_cycles': 0, 'peak_concurrent': 0}}, 'projected_live_peak': {'0:L1': 118272, '0:UB': 9216, '1:L1': 118272, '1:UB': 9216, '2:L1': 118272, '2:UB': 9216, '3:L1': 118272, '3:UB': 9216, '4:L1': 118272, '4:UB': 9216}, 'projected_live_byte_cycles': {'0:L1': 104760023040, '0:UB': 5152794624, '1:L1': 104555501568, '1:UB': 5143418880, '2:L1': 104555501568, '2:UB': 5143418880, '3:L1': 104555501568, '3:UB': 5143418880, '4:L1': 104555501568, '4:UB': 5143418880}, 'memory_dependency_count': 50786, 'critical_chain_ops': 1606, 'critical_chain_memory_edges': 0, 'top_copy_waits': [{'task_id': 0, 'op_id': 1000026667, 'op': 'COPY_IN', 'subgraph_id': 0, 'pipe': 'PIPE_MTE2', 'start': 0, 'end': 770, 'duration': 770, 'core_id': 0, 'size_bytes': 9216, 'path': 'DDR', 'nominal_cycles': 154, 'duration_excess': 616, 'original_tensors': [1000000001], 'slack': 0, 'congestion_exposure': 616.0, 'wait_priority': 1386.0, 'task': 0}, {'task_id': 0, 'op_id': 1000026677, 'op': 'COPY_IN', 'subgraph_id': 5, 'pipe': 'PIPE_MTE2', 'start': 1030, 'end': 1800, 'duration': 770, 'core_id': 0, 'size_bytes': 9216, 'path': 'DDR', 'nominal_cycles': 154, 'duration_excess': 616, 'original_tensors': [1000000003], 'slack': 276, 'congestion_exposure': 616.0, 'wait_priority': 1372.6078236558149, 'task': 0}, {'task_id': 0, 'op_id': 1000026687, 'op': 'COPY_IN', 'subgraph_id': 10, 'pipe': 'PIPE_MTE2', 'start': 1800, 'end': 2570, 'duration': 770, 'core_id': 0, 'size_bytes': 9216, 'path': 'DDR', 'nominal_cycles': 154, 'duration_excess': 616, 'original_tensors': [1000000005], 'slack': 682, 'congestion_exposure': 616.0, 'wait_priority': 1353.3715073520527, 'task': 0}, {'task_id': 1, 'op_id': 1000026669, 'op': 'COPY_IN', 'subgraph_id': 3738, 'pipe': 'PIPE_MTE2', 'start': 0, 'end': 770, 'duration': 770, 'core_id': 1, 'size_bytes': 9216, 'path': 'DDR', 'nominal_cycles': 154, 'duration_excess': 616, 'original_tensors': [1000000001], 'slack': 1686, 'congestion_exposure': 616.0, 'wait_priority': 1308.0395981335912, 'task': 1}, {'task_id': 2, 'op_id': 1000026671, 'op': 'COPY_IN', 'subgraph_id': 7469, 'pipe': 'PIPE_MTE2', 'start': 0, 'end': 770, 'duration': 770, 'core_id': 2, 'size_bytes': 9216, 'path': 'DDR', 'nominal_cycles': 154, 'duration_excess': 616, 'original_tensors': [1000000001], 'slack': 1686, 'congestion_exposure': 616.0, 'wait_priority': 1308.0395981335912, 'task': 2}, {'task_id': 3, 'op_id': 1000026673, 'op': 'COPY_IN', 'subgraph_id': 11200, 'pipe': 'PIPE_MTE2', 'start': 0, 'end': 770, 'duration': 770, 'core_id': 3, 'size_bytes': 9216, 'path': 'DDR', 'nominal_cycles': 154, 'duration_excess': 616, 'original_tensors': [1000000001], 'slack': 1686, 'congestion_exposure': 616.0, 'wait_priority': 1308.0395981335912, 'task': 3}, {'task_id': 4, 'op_id': 1000026675, 'op': 'COPY_IN', 'subgraph_id': 14931, 'pipe': 'PIPE_MTE2', 'start': 0, 'end': 770, 'duration': 770, 'core_id': 4, 'size_bytes': 9216, 'path': 'DDR', 'nominal_cycles': 154, 'duration_excess': 616, 'original_tensors': [1000000001], 'slack': 1686, 'congestion_exposure': 616.0, 'wait_priority': 1308.0395981335912, 'task': 4}, {'task_id': 1, 'op_id': 1000026679, 'op': 'COPY_IN', 'subgraph_id': 3743, 'pipe': 'PIPE_MTE2', 'start': 1030, 'end': 1800, 'duration': 770, 'core_id': 1, 'size_bytes': 9216, 'path': 'DDR', 'nominal_cycles': 154, 'duration_excess': 616, 'original_tensors': [1000000003], 'slack': 1962, 'congestion_exposure': 616.0, 'wait_priority': 1296.1051433150394, 'task': 1}, {'task_id': 2, 'op_id': 1000026681, 'op': 'COPY_IN', 'subgraph_id': 7474, 'pipe': 'PIPE_MTE2', 'start': 1030, 'end': 1800, 'duration': 770, 'core_id': 2, 'size_bytes': 9216, 'path': 'DDR', 'nominal_cycles': 154, 'duration_excess': 616, 'original_tensors': [1000000003], 'slack': 1962, 'congestion_exposure': 616.0, 'wait_priority': 1296.1051433150394, 'task': 2}, {'task_id': 3, 'op_id': 1000026683, 'op': 'COPY_IN', 'subgraph_id': 11205, 'pipe': 'PIPE_MTE2', 'start': 1030, 'end': 1800, 'duration': 770, 'core_id': 3, 'size_bytes': 9216, 'path': 'DDR', 'nominal_cycles': 154, 'duration_excess': 616, 'original_tensors': [1000000003], 'slack': 1962, 'congestion_exposure': 616.0, 'wait_priority': 1296.1051433150394, 'task': 3}, {'task_id': 4, 'op_id': 1000026685, 'op': 'COPY_IN', 'subgraph_id': 14936, 'pipe': 'PIPE_MTE2', 'start': 1030, 'end': 1800, 'duration': 770, 'core_id': 4, 'size_bytes': 9216, 'path': 'DDR', 'nominal_cycles': 154, 'duration_excess': 616, 'original_tensors': [1000000003], 'slack': 1962, 'congestion_exposure': 616.0, 'wait_priority': 1296.1051433150394, 'task': 4}, {'task_id': 1, 'op_id': 1000026689, 'op': 'COPY_IN', 'subgraph_id': 3748, 'pipe': 'PIPE_MTE2', 'start': 1800, 'end': 2570, 'duration': 770, 'core_id': 1, 'size_bytes': 9216, 'path': 'DDR', 'nominal_cycles': 154, 'duration_excess': 616, 'original_tensors': [1000000005], 'slack': 2368, 'congestion_exposure': 616.0, 'wait_priority': 1278.939946124985, 'task': 1}, {'task_id': 2, 'op_id': 1000026691, 'op': 'COPY_IN', 'subgraph_id': 7479, 'pipe': 'PIPE_MTE2', 'start': 1800, 'end': 2570, 'duration': 770, 'core_id': 2, 'size_bytes': 9216, 'path': 'DDR', 'nominal_cycles': 154, 'duration_excess': 616, 'original_tensors': [1000000005], 'slack': 2368, 'congestion_exposure': 616.0, 'wait_priority': 1278.939946124985, 'task': 2}, {'task_id': 3, 'op_id': 1000026693, 'op': 'COPY_IN', 'subgraph_id': 11210, 'pipe': 'PIPE_MTE2', 'start': 1800, 'end': 2570, 'duration': 770, 'core_id': 3, 'size_bytes': 9216, 'path': 'DDR', 'nominal_cycles': 154, 'duration_excess': 616, 'original_tensors': [1000000005], 'slack': 2368, 'congestion_exposure': 616.0, 'wait_priority': 1278.939946124985, 'task': 3}, {'task_id': 4, 'op_id': 1000026695, 'op': 'COPY_IN', 'subgraph_id': 14941, 'pipe': 'PIPE_MTE2', 'start': 1800, 'end': 2570, 'duration': 770, 'core_id': 4, 'size_bytes': 9216, 'path': 'DDR', 'nominal_cycles': 154, 'duration_excess': 616, 'original_tensors': [1000000005], 'slack': 2368, 'congestion_exposure': 616.0, 'wait_priority': 1278.939946124985, 'task': 4}, {'task_id': 0, 'op_id': 1000026937, 'op': 'COPY_IN', 'subgraph_id': 82, 'pipe': 'PIPE_MTE2', 'start': 3870, 'end': 4124, 'duration': 254, 'core_id': 0, 'size_bytes': 1536, 'path': 'DDR', 'nominal_cycles': 26, 'duration_excess': 228, 'original_tensors': [1000000547], 'slack': 17356, 'congestion_exposure': 228.0, 'wait_priority': 298.72144551304945, 'task': 0}, {'task_id': 1, 'op_id': 1000026941, 'op': 'COPY_IN', 'subgraph_id': 3820, 'pipe': 'PIPE_MTE2', 'start': 3870, 'end': 4124, 'duration': 254, 'core_id': 1, 'size_bytes': 1536, 'path': 'DDR', 'nominal_cycles': 26, 'duration_excess': 228, 'original_tensors': [1000000556], 'slack': 19042, 'congestion_exposure': 228.0, 'wait_priority': 288.0803538717612, 'task': 1}, {'task_id': 2, 'op_id': 1000026945, 'op': 'COPY_IN', 'subgraph_id': 7551, 'pipe': 'PIPE_MTE2', 'start': 3870, 'end': 4124, 'duration': 254, 'core_id': 2, 'size_bytes': 1536, 'path': 'DDR', 'nominal_cycles': 26, 'duration_excess': 228, 'original_tensors': [1000000565], 'slack': 19042, 'congestion_exposure': 228.0, 'wait_priority': 288.0803538717612, 'task': 2}, {'task_id': 3, 'op_id': 1000026949, 'op': 'COPY_IN', 'subgraph_id': 11282, 'pipe': 'PIPE_MTE2', 'start': 3870, 'end': 4124, 'duration': 254, 'core_id': 3, 'size_bytes': 1536, 'path': 'DDR', 'nominal_cycles': 26, 'duration_excess': 228, 'original_tensors': [1000000574], 'slack': 19042, 'congestion_exposure': 228.0, 'wait_priority': 288.0803538717612, 'task': 3}, {'task_id': 4, 'op_id': 1000026953, 'op': 'COPY_IN', 'subgraph_id': 15013, 'pipe': 'PIPE_MTE2', 'start': 3870, 'end': 4124, 'duration': 254, 'core_id': 4, 'size_bytes': 1536, 'path': 'DDR', 'nominal_cycles': 26, 'duration_excess': 228, 'original_tensors': [1000000583], 'slack': 19042, 'congestion_exposure': 228.0, 'wait_priority': 288.0803538717612, 'task': 4}], 'compile_seconds': 9.768543854006566, 'limitations': 'Observed durations include dynamic contention; chain/slack and projected residency are ranking diagnostics, not removable-delay certificates.'}",,,,,
case_025_p2_n5,case_025,2,5,existing_regression,persistent,8,visit,/home/konglingrui/.mathmodel/questionA/真机启发算法攻坚/A题研究/直接迭代/运行结果/持续联合冲刺_20260926/正式75配置_6并发/configurations/case_025_p2_n5/persistent/attempt_001/evaluations/attempts/20260926T130455-c9b8eb05ea194b5b9b5b856a73956ec1/record.json,joint,,0,/home/konglingrui/.mathmodel/questionA/真机启发算法攻坚/A题研究/直接迭代/运行结果/持续联合冲刺_20260926/正式75配置_6并发/configurations/case_025_p2_n5/persistent/attempt_001/evaluations/attempts/20260926T130659-8176a925584d4df6bf1ba9047f2d630f/record.json,0,0,False,False,False,success,,,,,,,,
case_025_p2_n5,case_025,2,5,existing_regression,persistent,9,visit,/home/konglingrui/.mathmodel/questionA/真机启发算法攻坚/A题研究/直接迭代/运行结果/持续联合冲刺_20260926/正式75配置_6并发/configurations/case_025_p2_n5/persistent/attempt_001/evaluations/attempts/20260926T130618-37ac4aca1024418bb2796adbeee5d7f6/record.json,trace,,1,/home/konglingrui/.mathmodel/questionA/真机启发算法攻坚/A题研究/直接迭代/运行结果/持续联合冲刺_20260926/正式75配置_6并发/configurations/case_025_p2_n5/persistent/attempt_001/evaluations/attempts/20260926T130721-be6412d50c0b4031b5566312cf6041a9/record.json,0,1,False,False,False,success,,,,,,,,
case_025_p2_n5,case_025,2,5,existing_regression,persistent,10,visit,/home/konglingrui/.mathmodel/questionA/真机启发算法攻坚/A题研究/直接迭代/运行结果/持续联合冲刺_20260926/正式75配置_6并发/configurations/case_025_p2_n5/persistent/attempt_001/evaluations/attempts/20260926T130632-1435765a47de4c8daa70c5d430fa0dc7/record.json,trace,,2,/home/konglingrui/.mathmodel/questionA/真机启发算法攻坚/A题研究/直接迭代/运行结果/持续联合冲刺_20260926/正式75配置_6并发/configurations/case_025_p2_n5/persistent/attempt_001/evaluations/attempts/20260926T130751-6291508014cf401caa9dbdb68dd4b106/record.json,0,1,False,False,False,success,,,,,,,,
case_025_p2_n5,case_025,2,5,existing_regression,persistent,11,visit,/home/konglingrui/.mathmodel/questionA/真机启发算法攻坚/A题研究/直接迭代/运行结果/持续联合冲刺_20260926/正式75配置_6并发/configurations/case_025_p2_n5/persistent/attempt_001/evaluations/attempts/20260926T130606-54bbb9ed2ed64957afcee4be35a51586/record.json,trace,,0,/home/konglingrui/.mathmodel/questionA/真机启发算法攻坚/A题研究/直接迭代/运行结果/持续联合冲刺_20260926/正式75配置_6并发/configurations/case_025_p2_n5/persistent/attempt_001/evaluations/attempts/20260926T130821-e693dbca5ccd4975a2f467229234cf5d/record.json,0,1,False,False,True,success,,,,,,,,
case_025_p2_n5,case_025,2,5,existing_regression,persistent,12,admit,,,,0,/home/konglingrui/.mathmodel/questionA/真机启发算法攻坚/A题研究/直接迭代/运行结果/持续联合冲刺_20260926/正式75配置_6并发/configurations/case_025_p2_n5/persistent/attempt_001/evaluations/attempts/20260926T130455-c9b8eb05ea194b5b9b5b856a73956ec1/record.json,,,,,,,,,,2,whole_component_interleave,,,
case_025_p2_n5,case_025,2,5,existing_regression,persistent,13,admit,,,,1,/home/konglingrui/.mathmodel/questionA/真机启发算法攻坚/A题研究/直接迭代/运行结果/持续联合冲刺_20260926/正式75配置_6并发/configurations/case_025_p2_n5/persistent/attempt_001/evaluations/attempts/20260926T130507-d4bdcd4b9a8b4f45adf50d8905931ff7/record.json,,,,,,,,,,2,critical_w100_control,,,
case_025_p2_n5,case_025,2,5,existing_regression,persistent,14,admit,,,,2,/home/konglingrui/.mathmodel/questionA/真机启发算法攻坚/A题研究/直接迭代/运行结果/持续联合冲刺_20260926/正式75配置_6并发/configurations/case_025_p2_n5/persistent/attempt_001/evaluations/attempts/20260926T130524-58555cfa52e94e128377360336d270eb/record.json,,,,,,,,,,2,stable_w100_control,,,
case_025_p2_n5,case_025,2,5,existing_regression,persistent,15,retire,,,,0,,0,,,,,,,,,,,completed_lease_stalled,3,
case_025_p2_n5,case_025,2,5,existing_regression,persistent,16,admit,,,,3,/home/konglingrui/.mathmodel/questionA/真机启发算法攻坚/A题研究/直接迭代/运行结果/持续联合冲刺_20260926/正式75配置_6并发/configurations/case_025_p2_n5/persistent/attempt_001/evaluations/attempts/20260926T130536-6c82a589413c42e7aac0937d01054d77/record.json,,,,,,,,,,2,stable_w200_joint,,,
case_060_p2_n1,case_060,2,1,core_regression,legacy,1,legacy_visit,/home/konglingrui/.mathmodel/questionA/真机启发算法攻坚/A题研究/直接迭代/运行结果/持续联合冲刺_20260926/正式75配置_6并发/configurations/case_060_p2_n1/legacy/attempt_001/evaluations/attempts/20260926T130637-8c1df6be95b6403db9b618ebc172bb34/record.json,legacy,False,,,,,,,,,,,,,,,,
case_060_p2_n1,case_060,2,1,core_regression,legacy,2,legacy_visit,/home/konglingrui/.mathmodel/questionA/真机启发算法攻坚/A题研究/直接迭代/运行结果/持续联合冲刺_20260926/正式75配置_6并发/configurations/case_060_p2_n1/legacy/attempt_001/evaluations/attempts/20260926T130637-8c1df6be95b6403db9b618ebc172bb34/record.json,data,False,,,,,,,,,,,,,,,,
case_060_p2_n1,case_060,2,1,core_regression,legacy,3,legacy_visit,/home/konglingrui/.mathmodel/questionA/真机启发算法攻坚/A题研究/直接迭代/运行结果/持续联合冲刺_20260926/正式75配置_6并发/configurations/case_060_p2_n1/legacy/attempt_001/evaluations/attempts/20260926T130659-9fb4b968aa45449e916c60828d307800/record.json,region,False,,,,,,,,,,,,,,,,
case_060_p2_n1,case_060,2,1,core_regression,legacy,4,legacy_visit,/home/konglingrui/.mathmodel/questionA/真机启发算法攻坚/A题研究/直接迭代/运行结果/持续联合冲刺_20260926/正式75配置_6并发/configurations/case_060_p2_n1/legacy/attempt_001/evaluations/attempts/20260926T130701-1810cd4384d24ff9aa15ec8c6928901b/record.json,region,False,,,,,,,,,,,,,,,,
case_060_p2_n1,case_060,2,1,core_regression,legacy,5,legacy_visit,/home/konglingrui/.mathmodel/questionA/真机启发算法攻坚/A题研究/直接迭代/运行结果/持续联合冲刺_20260926/正式75配置_6并发/configurations/case_060_p2_n1/legacy/attempt_001/evaluations/attempts/20260926T130703-b6cc1d581f59443c908c8ec48838e55e/record.json,data,False,,,,,,,,,,,,,,,,
case_060_p2_n1,case_060,2,1,core_regression,legacy,6,legacy_visit,/home/konglingrui/.mathmodel/questionA/真机启发算法攻坚/A题研究/直接迭代/运行结果/持续联合冲刺_20260926/正式75配置_6并发/configurations/case_060_p2_n1/legacy/attempt_001/evaluations/attempts/20260926T130713-76a5e0ce835c41c491a367accb1ee936/record.json,region,False,,,,,,,,,,,,,,,,
case_060_p2_n1,case_060,2,1,core_regression,legacy,7,legacy_visit,/home/konglingrui/.mathmodel/questionA/真机启发算法攻坚/A题研究/直接迭代/运行结果/持续联合冲刺_20260926/正式75配置_6并发/configurations/case_060_p2_n1/legacy/attempt_001/evaluations/attempts/20260926T130716-c2e03958a1764706baa8fd0c1eb9b0ad/record.json,data,False,,,,,,,,,,,,,,,,
case_060_p2_n1,case_060,2,1,core_regression,legacy,8,legacy_visit,/home/konglingrui/.mathmodel/questionA/真机启发算法攻坚/A题研究/直接迭代/运行结果/持续联合冲刺_20260926/正式75配置_6并发/configurations/case_060_p2_n1/legacy/attempt_001/evaluations/attempts/20260926T130659-9fb4b968aa45449e916c60828d307800/record.json,legacy,False,,,,,,,,,,,,,,,,
case_060_p2_n1,case_060,2,1,core_regression,legacy,9,legacy_visit,/home/konglingrui/.mathmodel/questionA/真机启发算法攻坚/A题研究/直接迭代/运行结果/持续联合冲刺_20260926/正式75配置_6并发/configurations/case_060_p2_n1/legacy/attempt_001/evaluations/attempts/20260926T130716-c2e03958a1764706baa8fd0c1eb9b0ad/record.json,data,False,,,,,,,,,,,,,,,,
case_060_p2_n1,case_060,2,1,core_regression,legacy,10,legacy_visit,/home/konglingrui/.mathmodel/questionA/真机启发算法攻坚/A题研究/直接迭代/运行结果/持续联合冲刺_20260926/正式75配置_6并发/configurations/case_060_p2_n1/legacy/attempt_001/evaluations/attempts/20260926T130637-8c1df6be95b6403db9b618ebc172bb34/record.json,data,False,,,,,,,,,,,,,,,,
case_060_p2_n1,case_060,2,1,core_regression,legacy,11,legacy_visit,/home/konglingrui/.mathmodel/questionA/真机启发算法攻坚/A题研究/直接迭代/运行结果/持续联合冲刺_20260926/正式75配置_6并发/configurations/case_060_p2_n1/legacy/attempt_001/evaluations/attempts/20260926T130659-9fb4b968aa45449e916c60828d307800/record.json,data,False,,,,,,,,,,,,,,,,
case_060_p2_n1,case_060,2,1,core_regression,legacy,12,legacy_visit,/home/konglingrui/.mathmodel/questionA/真机启发算法攻坚/A题研究/直接迭代/运行结果/持续联合冲刺_20260926/正式75配置_6并发/configurations/case_060_p2_n1/legacy/attempt_001/evaluations/attempts/20260926T130716-c2e03958a1764706baa8fd0c1eb9b0ad/record.json,data,False,,,,,,,,,,,,,,,,
case_060_p2_n1,case_060,2,1,core_regression,legacy,13,legacy_visit,/home/konglingrui/.mathmodel/questionA/真机启发算法攻坚/A题研究/直接迭代/运行结果/持续联合冲刺_20260926/正式75配置_6并发/configurations/case_060_p2_n1/legacy/attempt_001/evaluations/attempts/20260926T130637-8c1df6be95b6403db9b618ebc172bb34/record.json,data,False,,,,,,,,,,,,,,,,
case_060_p2_n1,case_060,2,1,core_regression,legacy,14,legacy_visit,/home/konglingrui/.mathmodel/questionA/真机启发算法攻坚/A题研究/直接迭代/运行结果/持续联合冲刺_20260926/正式75配置_6并发/configurations/case_060_p2_n1/legacy/attempt_001/evaluations/attempts/20260926T130659-9fb4b968aa45449e916c60828d307800/record.json,data,False,,,,,,,,,,,,,,,,
case_060_p2_n1,case_060,2,1,core_regression,legacy,15,legacy_visit,/home/konglingrui/.mathmodel/questionA/真机启发算法攻坚/A题研究/直接迭代/运行结果/持续联合冲刺_20260926/正式75配置_6并发/configurations/case_060_p2_n1/legacy/attempt_001/evaluations/attempts/20260926T130716-c2e03958a1764706baa8fd0c1eb9b0ad/record.json,data,False,,,,,,,,,,,,,,,,
case_060_p2_n1,case_060,2,1,core_regression,legacy,16,legacy_visit,/home/konglingrui/.mathmodel/questionA/真机启发算法攻坚/A题研究/直接迭代/运行结果/持续联合冲刺_20260926/正式75配置_6并发/configurations/case_060_p2_n1/legacy/attempt_001/evaluations/attempts/20260926T130637-8c1df6be95b6403db9b618ebc172bb34/record.json,data,False,,,,,,,,,,,,,,,,
case_060_p2_n1,case_060,2,1,core_regression,legacy,17,legacy_visit,/home/konglingrui/.mathmodel/questionA/真机启发算法攻坚/A题研究/直接迭代/运行结果/持续联合冲刺_20260926/正式75配置_6并发/configurations/case_060_p2_n1/legacy/attempt_001/evaluations/attempts/20260926T130659-9fb4b968aa45449e916c60828d307800/record.json,data,False,,,,,,,,,,,,,,,,
case_060_p2_n1,case_060,2,1,core_regression,legacy,18,legacy_visit,/home/konglingrui/.mathmodel/questionA/真机启发算法攻坚/A题研究/直接迭代/运行结果/持续联合冲刺_20260926/正式75配置_6并发/configurations/case_060_p2_n1/legacy/attempt_001/evaluations/attempts/20260926T130716-c2e03958a1764706baa8fd0c1eb9b0ad/record.json,data,False,,,,,,,,,,,,,,,,
case_060_p2_n1,case_060,2,1,core_regression,legacy,19,legacy_visit,/home/konglingrui/.mathmodel/questionA/真机启发算法攻坚/A题研究/直接迭代/运行结果/持续联合冲刺_20260926/正式75配置_6并发/configurations/case_060_p2_n1/legacy/attempt_001/evaluations/attempts/20260926T130637-8c1df6be95b6403db9b618ebc172bb34/record.json,data,False,,,,,,,,,,,,,,,,
case_060_p2_n1,case_060,2,1,core_regression,persistent,1,observe,/home/konglingrui/.mathmodel/questionA/真机启发算法攻坚/A题研究/直接迭代/运行结果/持续联合冲刺_20260926/正式75配置_6并发/configurations/case_060_p2_n1/persistent/attempt_001/evaluations/attempts/20260926T130607-0d851817f7f244bb8cdd1c7f7f99bc6b/record.json,,,,,,0,,,,,,,"{'makespan': 888789, 'official_copy': {'original_graph_copy_bytes': 2099006, 'scheduled_copy_bytes': 4167526, 'added_copy_bytes': 2068520, 'partition_added_copy_bytes': 0, 'spill_added_copy_bytes': 2068520}, 'path_bytes': {'DDR': 4167526}, 'nominal_pool_work_cycles': {'DDR': 70758}, 'pool_occupancy': {'DDR': {'busy_cycles': 70758, 'overlap_cycles': 64, 'peak_concurrent': 2}, 'CACHE_READ': {'busy_cycles': 0, 'overlap_cycles': 0, 'peak_concurrent': 0}}, 'projected_live_peak': {'0:L1': 524288, '0:UB': 122914}, 'projected_live_byte_cycles': {'0:L1': 350237116416, '0:UB': 12461424484}, 'memory_dependency_count': 15074, 'critical_chain_ops': 3472, 'critical_chain_memory_edges': 246, 'top_copy_waits': [{'task_id': 0, 'op_id': 1000006869, 'op': 'COPY_IN', 'subgraph_id': 0, 'pipe': 'PIPE_MTE2', 'start': 105512, 'end': 105652, 'duration': 140, 'core_id': 0, 'size_bytes': 8192, 'path': 'DDR', 'nominal_cycles': 137, 'duration_excess': 3, 'original_tensors': [1000000782], 'slack': 1048, 'congestion_exposure': 3.0, 'wait_priority': 137.59202567005164, 'task': 0}, {'task_id': 0, 'op_id': 1000006987, 'op': 'COPY_IN', 'subgraph_id': 0, 'pipe': 'PIPE_MTE2', 'start': 75301, 'end': 75438, 'duration': 137, 'core_id': 0, 'size_bytes': 8192, 'path': 'DDR', 'nominal_cycles': 137, 'duration_excess': 0, 'original_tensors': [1000001230], 'slack': 0, 'congestion_exposure': 0, 'wait_priority': 137.0, 'task': 0}, {'task_id': 0, 'op_id': 1000007077, 'op': 'COPY_IN', 'subgraph_id': 0, 'pipe': 'PIPE_MTE2', 'start': 151403, 'end': 151540, 'duration': 137, 'core_id': 0, 'size_bytes': 8192, 'path': 'DDR', 'nominal_cycles': 137, 'duration_excess': 0, 'original_tensors': [1000001482], 'slack': 0, 'congestion_exposure': 0, 'wait_priority': 137.0, 'task': 0}, {'task_id': 0, 'op_id': 1000008372, 'op': 'COPY_IN', 'subgraph_id': 0, 'pipe': 'PIPE_MTE2', 'start': 151231, 'end': 151368, 'duration': 137, 'core_id': 0, 'size_bytes': 8192, 'path': 'DDR', 'nominal_cycles': 137, 'duration_excess': 0, 'original_tensors': [], 'slack': 0, 'congestion_exposure': 0, 'wait_priority': 137.0, 'task': 0}, {'task_id': 0, 'op_id': 1000008486, 'op': 'COPY_IN', 'subgraph_id': 0, 'pipe': 'PIPE_MTE2', 'start': 159034, 'end': 159171, 'duration': 137, 'core_id': 0, 'size_bytes': 8192, 'path': 'DDR', 'nominal_cycles': 137, 'duration_excess': 0, 'original_tensors': [], 'slack': 0, 'congestion_exposure': 0, 'wait_priority': 137.0, 'task': 0}, {'task_id': 0, 'op_id': 1000008410, 'op': 'COPY_IN', 'subgraph_id': 0, 'pipe': 'PIPE_MTE2', 'start': 160408, 'end': 160545, 'duration': 137, 'core_id': 0, 'size_bytes': 8192, 'path': 'DDR', 'nominal_cycles': 137, 'duration_excess': 0, 'original_tensors': [], 'slack': 3, 'congestion_exposure': 0, 'wait_priority': 136.98458750192657, 'task': 0}, {'task_id': 0, 'op_id': 1000008450, 'op': 'COPY_IN', 'subgraph_id': 0, 'pipe': 'PIPE_MTE2', 'start': 143399, 'end': 143536, 'duration': 137, 'core_id': 0, 'size_bytes': 8192, 'path': 'DDR', 'nominal_cycles': 137, 'duration_excess': 0, 'original_tensors': [], 'slack': 3, 'congestion_exposure': 0, 'wait_priority': 136.98458750192657, 'task': 0}, {'task_id': 0, 'op_id': 1000008484, 'op': 'COPY_IN', 'subgraph_id': 0, 'pipe': 'PIPE_MTE2', 'start': 148897, 'end': 149034, 'duration': 137, 'core_id': 0, 'size_bytes': 8192, 'path': 'DDR', 'nominal_cycles': 137, 'duration_excess': 0, 'original_tensors': [], 'slack': 3, 'congestion_exposure': 0, 'wait_priority': 136.98458750192657, 'task': 0}, {'task_id': 0, 'op_id': 1000008412, 'op': 'COPY_IN', 'subgraph_id': 0, 'pipe': 'PIPE_MTE2', 'start': 159311, 'end': 159448, 'duration': 137, 'core_id': 0, 'size_bytes': 8192, 'path': 'DDR', 'nominal_cycles': 137, 'duration_excess': 0, 'original_tensors': [], 'slack': 16, 'congestion_exposure': 0, 'wait_priority': 136.91784006323917, 'task': 0}, {'task_id': 0, 'op_id': 1000008396, 'op': 'COPY_IN', 'subgraph_id': 0, 'pipe': 'PIPE_MTE2', 'start': 143679, 'end': 143816, 'duration': 137, 'core_id': 0, 'size_bytes': 8192, 'path': 'DDR', 'nominal_cycles': 137, 'duration_excess': 0, 'original_tensors': [], 'slack': 29, 'congestion_exposure': 0, 'wait_priority': 136.85115763990638, 'task': 0}, {'task_id': 0, 'op_id': 1000006985, 'op': 'COPY_IN', 'subgraph_id': 0, 'pipe': 'PIPE_MTE2', 'start': 74741, 'end': 74879, 'duration': 138, 'core_id': 0, 'size_bytes': 8192, 'path': 'DDR', 'nominal_cycles': 137, 'duration_excess': 1, 'original_tensors': [1000001228], 'slack': 422, 'congestion_exposure': 1.0, 'wait_priority': 136.83435299920583, 'task': 0}, {'task_id': 0, 'op_id': 1000008394, 'op': 'COPY_IN', 'subgraph_id': 0, 'pipe': 'PIPE_MTE2', 'start': 129711, 'end': 129848, 'duration': 137, 'core_id': 0, 'size_bytes': 8192, 'path': 'DDR', 'nominal_cycles': 137, 'duration_excess': 0, 'original_tensors': [], 'slack': 142, 'congestion_exposure': 0, 'wait_priority': 136.2742580207844, 'task': 0}, {'task_id': 0, 'op_id': 1000008420, 'op': 'COPY_IN', 'subgraph_id': 0, 'pipe': 'PIPE_MTE2', 'start': 161352, 'end': 161489, 'duration': 137, 'core_id': 0, 'size_bytes': 8192, 'path': 'DDR', 'nominal_cycles': 137, 'duration_excess': 0, 'original_tensors': [], 'slack': 143, 'congestion_exposure': 0, 'wait_priority': 136.2691744256187, 'task': 0}, {'task_id': 0, 'op_id': 1000008498, 'op': 'COPY_IN', 'subgraph_id': 0, 'pipe': 'PIPE_MTE2', 'start': 148220, 'end': 148358, 'duration': 138, 'core_id': 0, 'size_bytes': 8192, 'path': 'DDR', 'nominal_cycles': 137, 'duration_excess': 1, 'original_tensors': [], 'slack': 539, 'congestion_exposure': 1.0, 'wait_priority': 136.24582182557813, 'task': 0}, {'task_id': 0, 'op_id': 1000008384, 'op': 'COPY_IN', 'subgraph_id': 0, 'pipe': 'PIPE_MTE2', 'start': 150134, 'end': 150271, 'duration': 137, 'core_id': 0, 'size_bytes': 8192, 'path': 'DDR', 'nominal_cycles': 137, 'duration_excess': 0, 'original_tensors': [], 'slack': 155, 'congestion_exposure': 0, 'wait_priority': 136.2082008541065, 'task': 0}, {'task_id': 0, 'op_id': 1000008482, 'op': 'COPY_IN', 'subgraph_id': 0, 'pipe': 'PIPE_MTE2', 'start': 157937, 'end': 158074, 'duration': 137, 'core_id': 0, 'size_bytes': 8192, 'path': 'DDR', 'nominal_cycles': 137, 'duration_excess': 0, 'original_tensors': [], 'slack': 155, 'congestion_exposure': 0, 'wait_priority': 136.2082008541065, 'task': 0}, {'task_id': 0, 'op_id': 1000008390, 'op': 'COPY_IN', 'subgraph_id': 0, 'pipe': 'PIPE_MTE2', 'start': 144649, 'end': 144786, 'duration': 137, 'core_id': 0, 'size_bytes': 8192, 'path': 'DDR', 'nominal_cycles': 137, 'duration_excess': 0, 'original_tensors': [], 'slack': 156, 'congestion_exposure': 0, 'wait_priority': 136.20312218606716, 'task': 0}, {'task_id': 0, 'op_id': 1000008466, 'op': 'COPY_IN', 'subgraph_id': 0, 'pipe': 'PIPE_MTE2', 'start': 156840, 'end': 156977, 'duration': 137, 'core_id': 0, 'size_bytes': 8192, 'path': 'DDR', 'nominal_cycles': 137, 'duration_excess': 0, 'original_tensors': [], 'slack': 156, 'congestion_exposure': 0, 'wait_priority': 136.20312218606716, 'task': 0}, {'task_id': 0, 'op_id': 1000008452, 'op': 'COPY_IN', 'subgraph_id': 0, 'pipe': 'PIPE_MTE2', 'start': 142709, 'end': 142847, 'duration': 138, 'core_id': 0, 'size_bytes': 8192, 'path': 'DDR', 'nominal_cycles': 137, 'duration_excess': 1, 'original_tensors': [], 'slack': 552, 'congestion_exposure': 1.0, 'wait_priority': 136.1807418299825, 'task': 0}, {'task_id': 0, 'op_id': 1000006859, 'op': 'COPY_IN', 'subgraph_id': 0, 'pipe': 'PIPE_MTE2', 'start': 100548, 'end': 100685, 'duration': 137, 'core_id': 0, 'size_bytes': 8192, 'path': 'DDR', 'nominal_cycles': 137, 'duration_excess': 0, 'original_tensors': [1000000713], 'slack': 169, 'congestion_exposure': 0, 'wait_priority': 136.13713394902558, 'task': 0}], 'compile_seconds': 1.399151568999514, 'limitations': 'Observed durations include dynamic contention; chain/slack and projected residency are ranking diagnostics, not removable-delay certificates.'}",,,,,
case_060_p2_n1,case_060,2,1,core_regression,persistent,2,visit,/home/konglingrui/.mathmodel/questionA/真机启发算法攻坚/A题研究/直接迭代/运行结果/持续联合冲刺_20260926/正式75配置_6并发/configurations/case_060_p2_n1/persistent/attempt_001/evaluations/attempts/20260926T130607-0d851817f7f244bb8cdd1c7f7f99bc6b/record.json,trace,,0,/home/konglingrui/.mathmodel/questionA/真机启发算法攻坚/A题研究/直接迭代/运行结果/持续联合冲刺_20260926/正式75配置_6并发/configurations/case_060_p2_n1/persistent/attempt_001/evaluations/attempts/20260926T130621-3862a523ec5641aea3721fe2a4db9e09/record.json,1,0,False,False,True,success,,,,,,,,
case_060_p2_n1,case_060,2,1,core_regression,persistent,3,observe,/home/konglingrui/.mathmodel/questionA/真机启发算法攻坚/A题研究/直接迭代/运行结果/持续联合冲刺_20260926/正式75配置_6并发/configurations/case_060_p2_n1/persistent/attempt_001/evaluations/attempts/20260926T130611-89cc6528941040f88482f05f78cbfb0a/record.json,,,,,,0,,,,,,,"{'makespan': 731696, 'official_copy': {'original_graph_copy_bytes': 2099006, 'scheduled_copy_bytes': 4163518, 'added_copy_bytes': 2064512, 'partition_added_copy_bytes': 0, 'spill_added_copy_bytes': 2064512}, 'path_bytes': {'DDR': 4163518}, 'nominal_pool_work_cycles': {'DDR': 70761}, 'pool_occupancy': {'DDR': {'busy_cycles': 70761, 'overlap_cycles': 2408, 'peak_concurrent': 2}, 'CACHE_READ': {'busy_cycles': 0, 'overlap_cycles': 0, 'peak_concurrent': 0}}, 'projected_live_peak': {'0:L1': 524288, '0:UB': 131072}, 'projected_live_byte_cycles': {'0:L1': 319680544384, '0:UB': 11909070570}, 'memory_dependency_count': 14151, 'critical_chain_ops': 3080, 'critical_chain_memory_edges': 131, 'top_copy_waits': [{'task_id': 0, 'op_id': 1000006857, 'op': 'COPY_IN', 'subgraph_id': 12, 'pipe': 'PIPE_MTE2', 'start': 1818, 'end': 2092, 'duration': 274, 'core_id': 0, 'size_bytes': 8192, 'path': 'DDR', 'nominal_cycles': 137, 'duration_excess': 137, 'original_tensors': [1000000711], 'slack': 0, 'congestion_exposure': 137.0, 'wait_priority': 411.0, 'task': 0}, {'task_id': 0, 'op_id': 1000006859, 'op': 'COPY_IN', 'subgraph_id': 14, 'pipe': 'PIPE_MTE2', 'start': 2266, 'end': 2540, 'duration': 274, 'core_id': 0, 'size_bytes': 8192, 'path': 'DDR', 'nominal_cycles': 137, 'duration_excess': 137, 'original_tensors': [1000000713], 'slack': 0, 'congestion_exposure': 137.0, 'wait_priority': 411.0, 'task': 0}, {'task_id': 0, 'op_id': 1000007013, 'op': 'COPY_IN', 'subgraph_id': 10, 'pipe': 'PIPE_MTE2', 'start': 1304, 'end': 1578, 'duration': 274, 'core_id': 0, 'size_bytes': 8192, 'path': 'DDR', 'nominal_cycles': 137, 'duration_excess': 137, 'original_tensors': [1000001339], 'slack': 0, 'congestion_exposure': 137.0, 'wait_priority': 411.0, 'task': 0}, {'task_id': 0, 'op_id': 1000007019, 'op': 'COPY_IN', 'subgraph_id': 19, 'pipe': 'PIPE_MTE2', 'start': 2901, 'end': 3175, 'duration': 274, 'core_id': 0, 'size_bytes': 8192, 'path': 'DDR', 'nominal_cycles': 137, 'duration_excess': 137, 'original_tensors': [1000001345], 'slack': 0, 'congestion_exposure': 137.0, 'wait_priority': 411.0, 'task': 0}, {'task_id': 0, 'op_id': 1000008386, 'op': 'COPY_OUT', 'subgraph_id': 15, 'pipe': 'PIPE_MTE3', 'start': 2901, 'end': 3175, 'duration': 274, 'core_id': 0, 'size_bytes': 8192, 'path': 'DDR', 'nominal_cycles': 137, 'duration_excess': 137, 'original_tensors': [1000001364], 'slack': 0, 'congestion_exposure': 137.0, 'wait_priority': 411.0, 'task': 0}, {'task_id': 0, 'op_id': 1000008394, 'op': 'COPY_OUT', 'subgraph_id': 19, 'pipe': 'PIPE_MTE3', 'start': 3315, 'end': 3589, 'duration': 274, 'core_id': 0, 'size_bytes': 8192, 'path': 'DDR', 'nominal_cycles': 137, 'duration_excess': 137, 'original_tensors': [1000001365], 'slack': 0, 'congestion_exposure': 137.0, 'wait_priority': 411.0, 'task': 0}, {'task_id': 0, 'op_id': 1000008362, 'op': 'COPY_OUT', 'subgraph_id': 11, 'pipe': 'PIPE_MTE3', 'start': 1992, 'end': 2266, 'duration': 274, 'core_id': 0, 'size_bytes': 8192, 'path': 'DDR', 'nominal_cycles': 137, 'duration_excess': 137, 'original_tensors': [1000001363], 'slack': 140, 'congestion_exposure': 137.0, 'wait_priority': 408.39530521192455, 'task': 0}, {'task_id': 0, 'op_id': 1000008366, 'op': 'COPY_OUT', 'subgraph_id': 10, 'pipe': 'PIPE_MTE3', 'start': 1718, 'end': 1992, 'duration': 274, 'core_id': 0, 'size_bytes': 8192, 'path': 'DDR', 'nominal_cycles': 137, 'duration_excess': 137, 'original_tensors': [1000001362], 'slack': 140, 'congestion_exposure': 137.0, 'wait_priority': 408.39530521192455, 'task': 0}, {'task_id': 0, 'op_id': 1000008370, 'op': 'COPY_OUT', 'subgraph_id': 12, 'pipe': 'PIPE_MTE3', 'start': 2266, 'end': 2540, 'duration': 274, 'core_id': 0, 'size_bytes': 8192, 'path': 'DDR', 'nominal_cycles': 137, 'duration_excess': 137, 'original_tensors': [1000000732], 'slack': 140, 'congestion_exposure': 137.0, 'wait_priority': 408.39530521192455, 'task': 0}, {'task_id': 0, 'op_id': 1000008374, 'op': 'COPY_OUT', 'subgraph_id': 7, 'pipe': 'PIPE_MTE3', 'start': 1410, 'end': 1684, 'duration': 274, 'core_id': 0, 'size_bytes': 8192, 'path': 'DDR', 'nominal_cycles': 137, 'duration_excess': 137, 'original_tensors': [1000001361], 'slack': 174, 'congestion_exposure': 137.0, 'wait_priority': 407.76771128250186, 'task': 0}, {'task_id': 0, 'op_id': 1000008382, 'op': 'COPY_OUT', 'subgraph_id': 6, 'pipe': 'PIPE_MTE3', 'start': 1136, 'end': 1410, 'duration': 274, 'core_id': 0, 'size_bytes': 8192, 'path': 'DDR', 'nominal_cycles': 137, 'duration_excess': 137, 'original_tensors': [1000001360], 'slack': 174, 'congestion_exposure': 137.0, 'wait_priority': 407.76771128250186, 'task': 0}, {'task_id': 0, 'op_id': 1000008390, 'op': 'COPY_OUT', 'subgraph_id': 5, 'pipe': 'PIPE_MTE3', 'start': 862, 'end': 1136, 'duration': 274, 'core_id': 0, 'size_bytes': 8192, 'path': 'DDR', 'nominal_cycles': 137, 'duration_excess': 137, 'original_tensors': [1000000731], 'slack': 174, 'congestion_exposure': 137.0, 'wait_priority': 407.76771128250186, 'task': 0}, {'task_id': 0, 'op_id': 1000007011, 'op': 'COPY_IN', 'subgraph_id': 7, 'pipe': 'PIPE_MTE2', 'start': 859, 'end': 1130, 'duration': 271, 'core_id': 0, 'size_bytes': 8192, 'path': 'DDR', 'nominal_cycles': 137, 'duration_excess': 134, 'original_tensors': [1000001337], 'slack': 0, 'congestion_exposure': 134.0, 'wait_priority': 405.0, 'task': 0}, {'task_id': 0, 'op_id': 1000007015, 'op': 'COPY_IN', 'subgraph_id': 11, 'pipe': 'PIPE_MTE2', 'start': 1578, 'end': 1818, 'duration': 240, 'core_id': 0, 'size_bytes': 8192, 'path': 'DDR', 'nominal_cycles': 137, 'duration_excess': 103, 'original_tensors': [1000001341], 'slack': 0, 'congestion_exposure': 103.0, 'wait_priority': 343.0, 'task': 0}, {'task_id': 0, 'op_id': 1000008378, 'op': 'COPY_OUT', 'subgraph_id': 14, 'pipe': 'PIPE_MTE3', 'start': 2680, 'end': 2901, 'duration': 221, 'core_id': 0, 'size_bytes': 8192, 'path': 'DDR', 'nominal_cycles': 137, 'duration_excess': 84, 'original_tensors': [1000000733], 'slack': 0, 'congestion_exposure': 84.0, 'wait_priority': 305.0, 'task': 0}, {'task_id': 0, 'op_id': 1000007159, 'op': 'COPY_IN', 'subgraph_id': 8, 'pipe': 'PIPE_MTE2', 'start': 1130, 'end': 1234, 'duration': 104, 'core_id': 0, 'size_bytes': 3072, 'path': 'DDR', 'nominal_cycles': 52, 'duration_excess': 52, 'original_tensors': [1000001765], 'slack': 0, 'congestion_exposure': 52.0, 'wait_priority': 156.0, 'task': 0}, {'task_id': 0, 'op_id': 1000007169, 'op': 'COPY_IN', 'subgraph_id': 13, 'pipe': 'PIPE_MTE2', 'start': 2092, 'end': 2196, 'duration': 104, 'core_id': 0, 'size_bytes': 3072, 'path': 'DDR', 'nominal_cycles': 52, 'duration_excess': 52, 'original_tensors': [1000001775], 'slack': 0, 'congestion_exposure': 52.0, 'wait_priority': 156.0, 'task': 0}, {'task_id': 0, 'op_id': 1000007179, 'op': 'COPY_IN', 'subgraph_id': 16, 'pipe': 'PIPE_MTE2', 'start': 2677, 'end': 2778, 'duration': 101, 'core_id': 0, 'size_bytes': 3072, 'path': 'DDR', 'nominal_cycles': 52, 'duration_excess': 49, 'original_tensors': [1000001785], 'slack': 53, 'congestion_exposure': 49.0, 'wait_priority': 149.6387000838034, 'task': 0}, {'task_id': 0, 'op_id': 1000007209, 'op': 'COPY_IN', 'subgraph_id': 30, 'pipe': 'PIPE_MTE2', 'start': 3383, 'end': 3487, 'duration': 104, 'core_id': 0, 'size_bytes': 3072, 'path': 'DDR', 'nominal_cycles': 52, 'duration_excess': 52, 'original_tensors': [1000001815], 'slack': 956, 'congestion_exposure': 52.0, 'wait_priority': 149.48946691998214, 'task': 0}, {'task_id': 0, 'op_id': 1000006973, 'op': 'COPY_IN', 'subgraph_id': 3675, 'pipe': 'PIPE_MTE2', 'start': 446356, 'end': 446494, 'duration': 138, 'core_id': 0, 'size_bytes': 8192, 'path': 'DDR', 'nominal_cycles': 137, 'duration_excess': 1, 'original_tensors': [1000001181], 'slack': 233, 'congestion_exposure': 1.0, 'wait_priority': 137.54006602992803, 'task': 0}], 'compile_seconds': 2.399857954995241, 'limitations': 'Observed durations include dynamic contention; chain/slack and projected residency are ranking diagnostics, not removable-delay certificates.'}",,,,,
case_060_p2_n1,case_060,2,1,core_regression,persistent,4,visit,/home/konglingrui/.mathmodel/questionA/真机启发算法攻坚/A题研究/直接迭代/运行结果/持续联合冲刺_20260926/正式75配置_6并发/configurations/case_060_p2_n1/persistent/attempt_001/evaluations/attempts/20260926T130611-89cc6528941040f88482f05f78cbfb0a/record.json,trace,,0,/home/konglingrui/.mathmodel/questionA/真机启发算法攻坚/A题研究/直接迭代/运行结果/持续联合冲刺_20260926/正式75配置_6并发/configurations/case_060_p2_n1/persistent/attempt_001/evaluations/attempts/20260926T130627-4e9c9e3531a24defbe53e6d80533de71/record.json,0,0,False,False,False,success,,,,,,,,
case_060_p2_n1,case_060,2,1,core_regression,persistent,5,observe,/home/konglingrui/.mathmodel/questionA/真机启发算法攻坚/A题研究/直接迭代/运行结果/持续联合冲刺_20260926/正式75配置_6并发/configurations/case_060_p2_n1/persistent/attempt_001/evaluations/attempts/20260926T130613-ad9584a409814132ba4fc084af2f4d70/record.json,,,,,,0,,,,,,,"{'makespan': 888789, 'official_copy': {'original_graph_copy_bytes': 2099006, 'scheduled_copy_bytes': 4167526, 'added_copy_bytes': 2068520, 'partition_added_copy_bytes': 0, 'spill_added_copy_bytes': 2068520}, 'path_bytes': {'DDR': 4167526}, 'nominal_pool_work_cycles': {'DDR': 70758}, 'pool_occupancy': {'DDR': {'busy_cycles': 70758, 'overlap_cycles': 64, 'peak_concurrent': 2}, 'CACHE_READ': {'busy_cycles': 0, 'overlap_cycles': 0, 'peak_concurrent': 0}}, 'projected_live_peak': {'0:UB': 122914, '0:L1': 524288}, 'projected_live_byte_cycles': {'0:UB': 12461424484, '0:L1': 350237116416}, 'memory_dependency_count': 15074, 'critical_chain_ops': 3472, 'critical_chain_memory_edges': 246, 'top_copy_waits': [{'task_id': 0, 'op_id': 1000006869, 'op': 'COPY_IN', 'subgraph_id': 0, 'pipe': 'PIPE_MTE2', 'start': 105512, 'end': 105652, 'duration': 140, 'core_id': 0, 'size_bytes': 8192, 'path': 'DDR', 'nominal_cycles': 137, 'duration_excess': 3, 'original_tensors': [1000000782], 'slack': 1048, 'congestion_exposure': 3.0, 'wait_priority': 137.59202567005164, 'task': 0}, {'task_id': 0, 'op_id': 1000006987, 'op': 'COPY_IN', 'subgraph_id': 0, 'pipe': 'PIPE_MTE2', 'start': 75301, 'end': 75438, 'duration': 137, 'core_id': 0, 'size_bytes': 8192, 'path': 'DDR', 'nominal_cycles': 137, 'duration_excess': 0, 'original_tensors': [1000001230], 'slack': 0, 'congestion_exposure': 0, 'wait_priority': 137.0, 'task': 0}, {'task_id': 0, 'op_id': 1000007077, 'op': 'COPY_IN', 'subgraph_id': 0, 'pipe': 'PIPE_MTE2', 'start': 151403, 'end': 151540, 'duration': 137, 'core_id': 0, 'size_bytes': 8192, 'path': 'DDR', 'nominal_cycles': 137, 'duration_excess': 0, 'original_tensors': [1000001482], 'slack': 0, 'congestion_exposure': 0, 'wait_priority': 137.0, 'task': 0}, {'task_id': 0, 'op_id': 1000008372, 'op': 'COPY_IN', 'subgraph_id': 0, 'pipe': 'PIPE_MTE2', 'start': 151231, 'end': 151368, 'duration': 137, 'core_id': 0, 'size_bytes': 8192, 'path': 'DDR', 'nominal_cycles': 137, 'duration_excess': 0, 'original_tensors': [], 'slack': 0, 'congestion_exposure': 0, 'wait_priority': 137.0, 'task': 0}, {'task_id': 0, 'op_id': 1000008486, 'op': 'COPY_IN', 'subgraph_id': 0, 'pipe': 'PIPE_MTE2', 'start': 159034, 'end': 159171, 'duration': 137, 'core_id': 0, 'size_bytes': 8192, 'path': 'DDR', 'nominal_cycles': 137, 'duration_excess': 0, 'original_tensors': [], 'slack': 0, 'congestion_exposure': 0, 'wait_priority': 137.0, 'task': 0}, {'task_id': 0, 'op_id': 1000008410, 'op': 'COPY_IN', 'subgraph_id': 0, 'pipe': 'PIPE_MTE2', 'start': 160408, 'end': 160545, 'duration': 137, 'core_id': 0, 'size_bytes': 8192, 'path': 'DDR', 'nominal_cycles': 137, 'duration_excess': 0, 'original_tensors': [], 'slack': 3, 'congestion_exposure': 0, 'wait_priority': 136.98458750192657, 'task': 0}, {'task_id': 0, 'op_id': 1000008450, 'op': 'COPY_IN', 'subgraph_id': 0, 'pipe': 'PIPE_MTE2', 'start': 143399, 'end': 143536, 'duration': 137, 'core_id': 0, 'size_bytes': 8192, 'path': 'DDR', 'nominal_cycles': 137, 'duration_excess': 0, 'original_tensors': [], 'slack': 3, 'congestion_exposure': 0, 'wait_priority': 136.98458750192657, 'task': 0}, {'task_id': 0, 'op_id': 1000008484, 'op': 'COPY_IN', 'subgraph_id': 0, 'pipe': 'PIPE_MTE2', 'start': 148897, 'end': 149034, 'duration': 137, 'core_id': 0, 'size_bytes': 8192, 'path': 'DDR', 'nominal_cycles': 137, 'duration_excess': 0, 'original_tensors': [], 'slack': 3, 'congestion_exposure': 0, 'wait_priority': 136.98458750192657, 'task': 0}, {'task_id': 0, 'op_id': 1000008412, 'op': 'COPY_IN', 'subgraph_id': 0, 'pipe': 'PIPE_MTE2', 'start': 159311, 'end': 159448, 'duration': 137, 'core_id': 0, 'size_bytes': 8192, 'path': 'DDR', 'nominal_cycles': 137, 'duration_excess': 0, 'original_tensors': [], 'slack': 16, 'congestion_exposure': 0, 'wait_priority': 136.91784006323917, 'task': 0}, {'task_id': 0, 'op_id': 1000008396, 'op': 'COPY_IN', 'subgraph_id': 0, 'pipe': 'PIPE_MTE2', 'start': 143679, 'end': 143816, 'duration': 137, 'core_id': 0, 'size_bytes': 8192, 'path': 'DDR', 'nominal_cycles': 137, 'duration_excess': 0, 'original_tensors': [], 'slack': 29, 'congestion_exposure': 0, 'wait_priority': 136.85115763990638, 'task': 0}, {'task_id': 0, 'op_id': 1000006985, 'op': 'COPY_IN', 'subgraph_id': 0, 'pipe': 'PIPE_MTE2', 'start': 74741, 'end': 74879, 'duration': 138, 'core_id': 0, 'size_bytes': 8192, 'path': 'DDR', 'nominal_cycles': 137, 'duration_excess': 1, 'original_tensors': [1000001228], 'slack': 422, 'congestion_exposure': 1.0, 'wait_priority': 136.83435299920583, 'task': 0}, {'task_id': 0, 'op_id': 1000008394, 'op': 'COPY_IN', 'subgraph_id': 0, 'pipe': 'PIPE_MTE2', 'start': 129711, 'end': 129848, 'duration': 137, 'core_id': 0, 'size_bytes': 8192, 'path': 'DDR', 'nominal_cycles': 137, 'duration_excess': 0, 'original_tensors': [], 'slack': 142, 'congestion_exposure': 0, 'wait_priority': 136.2742580207844, 'task': 0}, {'task_id': 0, 'op_id': 1000008420, 'op': 'COPY_IN', 'subgraph_id': 0, 'pipe': 'PIPE_MTE2', 'start': 161352, 'end': 161489, 'duration': 137, 'core_id': 0, 'size_bytes': 8192, 'path': 'DDR', 'nominal_cycles': 137, 'duration_excess': 0, 'original_tensors': [], 'slack': 143, 'congestion_exposure': 0, 'wait_priority': 136.2691744256187, 'task': 0}, {'task_id': 0, 'op_id': 1000008498, 'op': 'COPY_IN', 'subgraph_id': 0, 'pipe': 'PIPE_MTE2', 'start': 148220, 'end': 148358, 'duration': 138, 'core_id': 0, 'size_bytes': 8192, 'path': 'DDR', 'nominal_cycles': 137, 'duration_excess': 1, 'original_tensors': [], 'slack': 539, 'congestion_exposure': 1.0, 'wait_priority': 136.24582182557813, 'task': 0}, {'task_id': 0, 'op_id': 1000008384, 'op': 'COPY_IN', 'subgraph_id': 0, 'pipe': 'PIPE_MTE2', 'start': 150134, 'end': 150271, 'duration': 137, 'core_id': 0, 'size_bytes': 8192, 'path': 'DDR', 'nominal_cycles': 137, 'duration_excess': 0, 'original_tensors': [], 'slack': 155, 'congestion_exposure': 0, 'wait_priority': 136.2082008541065, 'task': 0}, {'task_id': 0, 'op_id': 1000008482, 'op': 'COPY_IN', 'subgraph_id': 0, 'pipe': 'PIPE_MTE2', 'start': 157937, 'end': 158074, 'duration': 137, 'core_id': 0, 'size_bytes': 8192, 'path': 'DDR', 'nominal_cycles': 137, 'duration_excess': 0, 'original_tensors': [], 'slack': 155, 'congestion_exposure': 0, 'wait_priority': 136.2082008541065, 'task': 0}, {'task_id': 0, 'op_id': 1000008390, 'op': 'COPY_IN', 'subgraph_id': 0, 'pipe': 'PIPE_MTE2', 'start': 144649, 'end': 144786, 'duration': 137, 'core_id': 0, 'size_bytes': 8192, 'path': 'DDR', 'nominal_cycles': 137, 'duration_excess': 0, 'original_tensors': [], 'slack': 156, 'congestion_exposure': 0, 'wait_priority': 136.20312218606716, 'task': 0}, {'task_id': 0, 'op_id': 1000008466, 'op': 'COPY_IN', 'subgraph_id': 0, 'pipe': 'PIPE_MTE2', 'start': 156840, 'end': 156977, 'duration': 137, 'core_id': 0, 'size_bytes': 8192, 'path': 'DDR', 'nominal_cycles': 137, 'duration_excess': 0, 'original_tensors': [], 'slack': 156, 'congestion_exposure': 0, 'wait_priority': 136.20312218606716, 'task': 0}, {'task_id': 0, 'op_id': 1000008452, 'op': 'COPY_IN', 'subgraph_id': 0, 'pipe': 'PIPE_MTE2', 'start': 142709, 'end': 142847, 'duration': 138, 'core_id': 0, 'size_bytes': 8192, 'path': 'DDR', 'nominal_cycles': 137, 'duration_excess': 1, 'original_tensors': [], 'slack': 552, 'congestion_exposure': 1.0, 'wait_priority': 136.1807418299825, 'task': 0}, {'task_id': 0, 'op_id': 1000006859, 'op': 'COPY_IN', 'subgraph_id': 0, 'pipe': 'PIPE_MTE2', 'start': 100548, 'end': 100685, 'duration': 137, 'core_id': 0, 'size_bytes': 8192, 'path': 'DDR', 'nominal_cycles': 137, 'duration_excess': 0, 'original_tensors': [1000000713], 'slack': 169, 'congestion_exposure': 0, 'wait_priority': 136.13713394902558, 'task': 0}], 'compile_seconds': 1.947952932008775, 'limitations': 'Observed durations include dynamic contention; chain/slack and projected residency are ranking diagnostics, not removable-delay certificates.'}",,,,,
case_060_p2_n1,case_060,2,1,core_regression,persistent,6,admit,,,,0,/home/konglingrui/.mathmodel/questionA/真机启发算法攻坚/A题研究/直接迭代/运行结果/持续联合冲刺_20260926/正式75配置_6并发/configurations/case_060_p2_n1/persistent/attempt_001/evaluations/attempts/20260926T130611-89cc6528941040f88482f05f78cbfb0a/record.json,,,,,,,,,,2,whole_component_interleave,,,
case_060_p2_n1,case_060,2,1,core_regression,persistent,7,retire,,,,0,,0,,,,,,,,,,,exhausted,2,
