batch,profile,case,problem,num_cores,compute_ops,size_band,logical_calls,uncached_calls,cache_hits,timeout_calls,status_counts,solver_elapsed_seconds,outer_child_elapsed_seconds,post_child_batch_verification_publication_interval_seconds,wrapper_seconds,uncached_wrapper_seconds,cache_lookup_seconds,official_function_seconds_completed_uncached,worker_seconds_completed_uncached,timeout_wrapper_seconds,generation_seconds,solver_residual_seconds,outer_minus_solver_seconds,summary_bytes,final_time,first_final_time_trial,best_stage,duplicates_skipped,generation_failures,summary_path,summary_sha256,launch_sha256,prefix4_time,prefix4_gap_to_final,prefix4_omitted_calls,prefix4_saved_wrapper_seconds_hindsight,prefix8_time,prefix8_gap_to_final,prefix8_omitted_calls,prefix8_saved_wrapper_seconds_hindsight,prefix12_time,prefix12_gap_to_final,prefix12_omitted_calls,prefix12_saved_wrapper_seconds_hindsight,prefix16_time,prefix16_gap_to_final,prefix16_omitted_calls,prefix16_saved_wrapper_seconds_hindsight,prefix24_time,prefix24_gap_to_final,prefix24_omitted_calls,prefix24_saved_wrapper_seconds_hindsight
component_p2_seed17,component,case_002,2,2,1798,02_1001..5000,1,0,1,0,"{""success"": 1}",0.07558312499895692,0.19670125003904104,0.016618111,0.018663999973796308,0,0.018663999973796308,0,0,0,0.004809916019439697,0.05210920900572091,0.12111812504008412,57302,261945,1,component,0,0,/Users/liyu/Desktop/中文题目/A题研究/advanced_solver/runs/formal_v2/component_p2_seed17/slots/case_002/p2_n2/attempt_0001/summary.json,29a641ae92f4cc7434f3f7188269d76e342596d486a791117e452ff7e136bf31,950f25a9af748745c6351bc2cd93cccba9b69612c6ce93b6f76294cb9fc9912c,261945,0.0,0,0,261945,0.0,0,0,261945,0.0,0,0,261945,0.0,0,0,261945,0.0,0,0
component_p2_seed17,component,case_002,2,3,1798,02_1001..5000,1,0,1,0,"{""success"": 1}",0.08843016705941409,0.2189184579765424,0.015226528,0.019654541043564677,0,0.019654541043564677,0,0,0,0.005992291960865259,0.06278333405498415,0.13048829091712832,57936,261945,1,component,0,0,/Users/liyu/Desktop/中文题目/A题研究/advanced_solver/runs/formal_v2/component_p2_seed17/slots/case_002/p2_n3/attempt_0001/summary.json,e0512c2f68f7038568b76b026d4889835bb924c7c83cd2933f33bb1b1d275ffd,4def32a179d2329d991b9998ba28c10e27d252738b6df4d217d478f7a5af87b2,261945,0.0,0,0,261945,0.0,0,0,261945,0.0,0,0,261945,0.0,0,0,261945,0.0,0,0
component_p2_seed17,component,case_002,2,4,1798,02_1001..5000,1,0,1,0,"{""success"": 1}",0.08278366702143103,0.21181362494826317,0.015122612,0.020196457975544035,0,0.020196457975544035,0,0,0,0.00597870908677578,0.056608499959111214,0.12902995792683214,58570,261945,1,component,0,0,/Users/liyu/Desktop/中文题目/A题研究/advanced_solver/runs/formal_v2/component_p2_seed17/slots/case_002/p2_n4/attempt_0001/summary.json,67fb2dba76b84de158c88aae1a61b8f296c6a582496de11d705311dddf4bcb92,515629cfa0b2a7fafde17fa84242231e0ad7049ae534297c0ab0e9a7a0d57196,261945,0.0,0,0,261945,0.0,0,0,261945,0.0,0,0,261945,0.0,0,0,261945,0.0,0,0
component_p2_seed17,component,case_002,2,5,1798,02_1001..5000,1,0,1,0,"{""success"": 1}",0.08987754106055945,0.22897287493105978,0.017713277,0.022630666964687407,0,0.022630666964687407,0,0,0,0.006120209000073373,0.06112666509579867,0.13909533387050033,59197,261945,1,component,0,0,/Users/liyu/Desktop/中文题目/A题研究/advanced_solver/runs/formal_v2/component_p2_seed17/slots/case_002/p2_n5/attempt_0001/summary.json,04b4e7ee5fb501e2131764ab4743b7fb261c3063e7e592d1233acca2ea5683dd,88efe2804cb02102bae8d2af6b3178de47034473f02a259beee24ed6016449cc,261945,0.0,0,0,261945,0.0,0,0,261945,0.0,0,0,261945,0.0,0,0,261945,0.0,0,0
component_p2_seed17,component,case_001,2,2,600,01_<=1000,8,3,5,0,"{""success"": 8}",0.9978824589634314,1.1202803339110687,0.028192809,0.8789230833062902,0.8416084580821916,0.03731462522409856,0.3423508331179619,0.5395985839422792,0,0.04067583300638944,0.07828354265075177,0.12239787494763732,115486,116868,1,component,0,0,/Users/liyu/Desktop/中文题目/A题研究/advanced_solver/runs/formal_v2/component_p2_seed17/slots/case_001/p2_n2/attempt_0001/summary.json,e8800bfec7559aacd7e7e906f3a60950df8ad87ace81f73db196f577f1426c0b,f0bddabe4bdfd3d8c1ed22f3bac5d31a475c7628b2abacbcad4129cd77b4b0e1,116868,0.0,4,0.8467727911192924,116868,0.0,0,0,116868,0.0,0,0,116868,0.0,0,0,116868,0.0,0,0
component_p2_seed17,component,case_004,2,2,777,01_<=1000,8,3,5,0,"{""success"": 8}",1.0612835829379037,1.2000002500135452,0.028217934,0.9230095428647473,0.8838443758431822,0.03916516702156514,0.3955573330167681,0.5853434591554105,0,0.042342041968367994,0.09593199810478836,0.13871666707564145,106895,199074,1,component,0,0,/Users/liyu/Desktop/中文题目/A题研究/advanced_solver/runs/formal_v2/component_p2_seed17/slots/case_004/p2_n2/attempt_0001/summary.json,3dfbd7c946c4495058a4e63fd5ddbdff708011a84feb4d9701d6a82dbcec7f4d,6b83f5284ed5aa92b09a5ec18f1fdf42e6bd6b449886593f105ea4c94a41b183,199074,0.0,4,0.8882524598157033,199074,0.0,0,0,199074,0.0,0,0,199074,0.0,0,0,199074,0.0,0,0
component_p2_seed17,component,case_001,2,3,600,01_<=1000,12,8,4,0,"{""success"": 12}",2.3554559589829296,2.4914566669613123,0.033710138,2.140096001094207,2.10298062604852,0.03711537504568696,0.8647437090985477,1.3831035847542807,0,0.08443483302835375,0.13092512486036867,0.1360007079783827,163416,78545,1,component,0,0,/Users/liyu/Desktop/中文题目/A题研究/advanced_solver/runs/formal_v2/component_p2_seed17/slots/case_001/p2_n3/attempt_0001/summary.json,d378405a0eef52eb71b542dde8274ef56030c3ee4e5f0a4bc02dfbd92ae0b2d1,bb5da7d7de873c87ebef38c785b79782d6e0476e53fce06c96c4fce4ef970c4c,78545,0.0,8,2.10298062604852,78545,0.0,4,1.1248698340496048,78545,0.0,0,0,78545,0.0,0,0,78545,0.0,0,0
component_p2_seed17,component,case_004,2,3,777,01_<=1000,12,8,4,0,"{""success"": 12}",2.4702888330211863,2.6117969579063356,0.035300594,2.2717239152407274,2.2353562073549256,0.03636770788580179,0.9796754581620917,1.488034959998913,0,0.07553820800967515,0.12302670977078378,0.1415081248851493,149572,134043,1,component,0,0,/Users/liyu/Desktop/中文题目/A题研究/advanced_solver/runs/formal_v2/component_p2_seed17/slots/case_004/p2_n3/attempt_0001/summary.json,b8cb9e87a281de35acdbb475b26d88c8890e4d450d266d5a4cd8c082ee3e693f,0bfa567b602b9983762c46c647b48cbee665c50754bf18c9ca0e0722f4ef8366,134043,0.0,8,2.2353562073549256,134043,0.0,4,1.1669904162408784,134043,0.0,0,0,134043,0.0,0,0,134043,0.0,0,0
component_p2_seed17,component,case_001,2,4,600,01_<=1000,16,12,4,0,"{""success"": 16}",3.3633594170678407,3.510531833046116,0.047098084,3.072466207901016,3.038977791904472,0.03348841599654406,1.2411362909479067,1.9984118319116533,0,0.1235253328923136,0.16736787627451122,0.14717241597827524,213971,58984,1,component,0,0,/Users/liyu/Desktop/中文题目/A题研究/advanced_solver/runs/formal_v2/component_p2_seed17/slots/case_001/p2_n4/attempt_0001/summary.json,e1d0c362b044ae27da5a68e84125860ef2747606ff59e6e99d29cf6168dc778a,c918bb04fe8644d6de952089e0d388e88c214458f6de8c88b21100f1e00e4dfa,58984,0.0,12,3.038977791904472,58984,0.0,8,2.0844299998134375,58984,0.0,4,1.1195900830207393,58984,0.0,0,0,58984,0.0,0,0
component_p2_seed17,component,case_004,2,4,777,01_<=1000,16,12,4,0,"{""success"": 16}",3.6215112500358373,3.7543305829167366,0.048659249,3.338997998042032,3.302491624141112,0.03650637390092015,1.43982274888549,2.2117486679926515,0,0.1131066249217838,0.16940662707202137,0.1328193328808993,194928,104188,1,component,0,0,/Users/liyu/Desktop/中文题目/A题研究/advanced_solver/runs/formal_v2/component_p2_seed17/slots/case_004/p2_n4/attempt_0001/summary.json,868a9f1bcf2dfeea95ad8769c09c1bf019a77b6c8b32468273602fa0c6430abe,690bf6b1b71b6131be4f668e13bfbe5808dd2f3f1725a059f61f7ab416ff119a,104188,0.0,12,3.302491624141112,104188,0.0,8,2.24884216603823,104188,0.0,4,1.1776729159755632,104188,0.0,0,0,104188,0.0,0,0
component_p2_seed17,component,case_001,2,5,600,01_<=1000,20,9,11,0,"{""success"": 20}",2.698328834027052,2.8387922919355333,0.056799909,2.3085532498080283,2.2416066660080105,0.06694658380001783,0.944754459313117,1.5089584160596132,0,0.1722186249680817,0.21755695925094187,0.14046345790848136,267155,47502,1,component,0,0,/Users/liyu/Desktop/中文题目/A题研究/advanced_solver/runs/formal_v2/component_p2_seed17/slots/case_001/p2_n5/attempt_0001/summary.json,56a477e8df8f514663693de34f56e497b3184fb7b660138c15b834a7a285e497,b946cc9a65c0f2486be61a2b9a1e546437b73212c4d386ba45ca3424147b0d6c,47502,0.0,16,2.2731076657073572,47502,0.0,12,1.7742626656545326,47502,0.0,8,1.2859962488291785,47502,0.0,4,0.7855304998811334,47502,0.0,0,0
component_p2_seed17,component,case_005,2,2,4113,02_1001..5000,1,0,1,0,"{""success"": 1}",0.13493649999145418,0.27815483300946653,0.023329771,0.02153391600586474,0,0.02153391600586474,0,0,0,0.012652082950808108,0.10075050103478134,0.14321833301801234,101120,95618,1,component,0,0,/Users/liyu/Desktop/中文题目/A题研究/advanced_solver/runs/formal_v2/component_p2_seed17/slots/case_005/p2_n2/attempt_0001/summary.json,469955ff1bed56d945ece8e2e30487f27cbb3b894165c43c745a09cc60be05d1,31922373e836d65cd4fd821e1179e3ecc4ba597b3767d7200529e1a4b74de59f,95618,0.0,0,0,95618,0.0,0,0,95618,0.0,0,0,95618,0.0,0,0,95618,0.0,0,0
component_p2_seed17,component,case_005,2,3,4113,02_1001..5000,1,0,1,0,"{""success"": 1}",0.13402466697152704,0.27279120800085366,0.028522642,0.02225341706071049,0,0.02225341706071049,0,0,0,0.012768790940754116,0.09900245897006243,0.13876654102932662,101756,95618,1,component,0,0,/Users/liyu/Desktop/中文题目/A题研究/advanced_solver/runs/formal_v2/component_p2_seed17/slots/case_005/p2_n3/attempt_0001/summary.json,3dead55e1140d11abf4c3b8e835c1988e83f2ed07b7e0686fd39855750b2777d,2b79bd173cc6dfc8f136fcd159284dd8b2040b85abed6c7ca56883672a89635a,95618,0.0,0,0,95618,0.0,0,0,95618,0.0,0,0,95618,0.0,0,0,95618,0.0,0,0
component_p2_seed17,component,case_005,2,4,4113,02_1001..5000,1,0,1,0,"{""success"": 1}",0.1315727080218494,0.2747087499592453,0.026677144,0.019722667057067156,0,0.019722667057067156,0,0,0,0.012667167000472546,0.09918287396430969,0.14313604193739593,102389,95618,1,component,0,0,/Users/liyu/Desktop/中文题目/A题研究/advanced_solver/runs/formal_v2/component_p2_seed17/slots/case_005/p2_n4/attempt_0001/summary.json,b33c88f56af33470c530e4b6ef59c0691e1f827108420e178e7458ad070ab565,c488515cf0cb1315fa1282e1114b90acd50356422cc4b42a950e072712f4561e,95618,0.0,0,0,95618,0.0,0,0,95618,0.0,0,0,95618,0.0,0,0,95618,0.0,0,0
component_p2_seed17,component,case_005,2,5,4113,02_1001..5000,1,0,1,0,"{""success"": 1}",0.13358954200521111,0.2730644999537617,0.02495102,0.022424416965804994,0,0.022424416965804994,0,0,0,0.012653667014092207,0.09851145802531391,0.13947495794855058,103018,95618,1,component,0,0,/Users/liyu/Desktop/中文题目/A题研究/advanced_solver/runs/formal_v2/component_p2_seed17/slots/case_005/p2_n5/attempt_0001/summary.json,34d9b8316b9f4e9761eb21889e83bf11f98dd8b6fba01584f70389cadac0270a,3ac66cbfabf3d718e036f58ac9f235d6f38279bec5a795caec8abd7d776f9cfa,95618,0.0,0,0,95618,0.0,0,0,95618,0.0,0,0,95618,0.0,0,0,95618,0.0,0,0
component_p2_seed17,component,case_004,2,5,777,01_<=1000,20,15,5,0,"{""success"": 20}",4.360202749958262,4.504839166998863,0.058187158,3.9732449168805033,3.9323164579691365,0.04092845891136676,1.7450352917658165,2.7149203328881413,0,0.16165366698987782,0.22530416608788073,0.14463641704060137,242998,88341,1,component,0,0,/Users/liyu/Desktop/中文题目/A题研究/advanced_solver/runs/formal_v2/component_p2_seed17/slots/case_004/p2_n5/attempt_0001/summary.json,e5ae6a98c1e31950b2fd1c4cf5a2cfa6f7d4b185cc603639611c7975d1572d98,a4bcf7ce3ca65d222b1bb6e7329e3de480b825971c4ff27c2a6e752b0d4a4771,88341,0.0,16,3.93688829196617,88341,0.0,12,2.9123580009909347,88341,0.0,8,1.8950854181312025,88341,0.0,4,1.1739858749788254,88341,0.0,0,0
component_p2_seed17,component,case_006,2,2,678,01_<=1000,24,18,6,0,"{""success"": 24}",4.685792083037086,4.820029207970947,0.058841324,4.384032042347826,4.341730501502752,0.04230154084507376,1.6712597481673583,2.7635597902117297,0,0.06863633403554559,0.23312370665371418,0.1342371249338612,222659,40612,4,component,0,0,/Users/liyu/Desktop/中文题目/A题研究/advanced_solver/runs/formal_v2/component_p2_seed17/slots/case_006/p2_n2/attempt_0001/summary.json,8195217212c41c8427e14cee0d8c7e21edf2278501811dc152d4db807847f90d,9a6c00f9a1d2410af6ce405fa1f3f962f58a1cfaa77b70daaf6f32274ebeb618,40612,0.0,20,4.350777000421658,40612,0.0,16,3.3817662915680557,40612,0.0,12,2.4052476655924693,40612,0.0,8,1.9174838326871395,40612,0.0,0,0
component_p2_seed17,component,case_007,2,2,3885,02_1001..5000,8,3,5,0,"{""success"": 8}",4.304362833034247,4.459394290926866,0.095837668,3.9227116657420993,3.8694914159132168,0.053220249828882515,3.1466997920069844,3.5731928747845814,0,0.16970112500712276,0.21195004228502512,0.15503145789261907,224894,507494,1,component,0,0,/Users/liyu/Desktop/中文题目/A题研究/advanced_solver/runs/formal_v2/component_p2_seed17/slots/case_007/p2_n2/attempt_0001/summary.json,b7b9a0ef1908984f8cd4abeff1abe50ea484382ebb280c4f35f2fa07ccbd0abd,a4c3d282201974be16361cc27c30b18e5b2fa5bc623de777ae1252170806ca3a,507494,0.0,4,3.876701832865365,507494,0.0,0,0,507494,0.0,0,0,507494,0.0,0,0,507494,0.0,0,0
component_p2_seed17,component,case_006,2,3,678,01_<=1000,24,20,4,0,"{""success"": 24}",5.175572459003888,5.313371540978551,0.059341616,4.834725918830372,4.798746336833574,0.035979581996798515,1.8689760828856379,3.078149163746275,0,0.0978054580045864,0.24304108216892928,0.13779908197466284,230330,31151,3,component,0,0,/Users/liyu/Desktop/中文题目/A题研究/advanced_solver/runs/formal_v2/component_p2_seed17/slots/case_006/p2_n3/attempt_0001/summary.json,2da3dc068445d890ab43f21214d0c1852136894740f413fea4ffc573dc8e5acf,2602b926afa89c0d290d3d9e16931429362cc75b7fd0e804ff7ad6ec7351f78e,31151,0.0,20,4.798746336833574,31151,0.0,16,3.828745001810603,31151,0.0,12,2.8672648769570515,31151,0.0,8,1.9189863339997828,31151,0.0,0,0
component_p2_seed17,component,case_006,2,4,678,01_<=1000,24,20,4,0,"{""success"": 24}",5.261466333991848,5.401679207920097,0.06323307,4.878609502105974,4.846025668201037,0.03258383390493691,1.8939762481022626,3.087301540770568,0,0.13010391709394753,0.25275291479192674,0.14021287392824888,237602,31151,5,component,0,0,/Users/liyu/Desktop/中文题目/A题研究/advanced_solver/runs/formal_v2/component_p2_seed17/slots/case_006/p2_n4/attempt_0001/summary.json,d786ac6c5e2a855cc6fb8c754fddddc3c0e35f98215d00394e147c25aa543d87,d9a8aaccfe96ece880c9b1b53515b2adc1190535e71f594bf0de0da483fcf2cb,31425,0.00879586530127452,20,4.846025668201037,31151,0.0,16,3.873134085093625,31151,0.0,12,2.9127731270855293,31151,0.0,8,1.9488059190334752,31151,0.0,0,0
component_p2_seed17,component,case_007,2,3,3885,02_1001..5000,12,8,4,0,"{""success"": 12}",10.17445220798254,10.332436333061196,0.144858458,9.587259042076766,9.545826293062419,0.04143274901434779,7.698044666904025,8.869969250052236,0,0.2876845420105383,0.29950862389523536,0.15798412507865578,294151,338094,1,component,0,0,/Users/liyu/Desktop/中文题目/A题研究/advanced_solver/runs/formal_v2/component_p2_seed17/slots/case_007/p2_n3/attempt_0001/summary.json,e815da3c7feb5cc3c0c657ad79675ef8f1206279bc26b0ab94b8c6afb349d7f4,93bf2bfef2e0a009ae9c311d1b02ee6ab35a4601fffa5cf31dc95112bb24262a,338094,0.0,8,9.545826293062419,338094,0.0,4,5.271026710048318,338094,0.0,0,0,338094,0.0,0,0,338094,0.0,0,0
component_p2_seed17,component,case_006,2,5,678,01_<=1000,24,19,5,0,"{""success"": 24}",5.032831374905072,5.179617416928522,0.060600865,4.602129876147956,4.56716566812247,0.03496420802548528,1.8063592050457373,2.973440916277468,0,0.16631925001274794,0.26438224874436855,0.14678604202345014,245581,31151,5,component,0,0,/Users/liyu/Desktop/中文题目/A题研究/advanced_solver/runs/formal_v2/component_p2_seed17/slots/case_006/p2_n5/attempt_0001/summary.json,90a8fb22d4f8396fff84f0d14297eba3fa1978395b7c997e752bdb7519141065,4a63404d7f4ab259b702c09d8b7f690f0f39fa65584a5bc7f90021e926da79dc,31729,0.018554781547943877,20,4.571640168083832,31151,0.0,16,3.620561210089363,31151,0.0,12,2.6618148760171607,31151,0.0,8,1.710000543971546,31151,0.0,0,0
component_p2_seed17,component,case_008,2,2,864,01_<=1000,8,3,5,0,"{""success"": 8}",1.2031061670277268,1.33781504095532,0.039399924,1.0805481659481302,1.0412351669510826,0.039312998997047544,0.5376596249407157,0.7502775840694085,0,0.0301237910753116,0.09243421000428498,0.13470887392759323,107601,244266,1,component,0,0,/Users/liyu/Desktop/中文题目/A题研究/advanced_solver/runs/formal_v2/component_p2_seed17/slots/case_008/p2_n2/attempt_0001/summary.json,5986d8b8f4db735a8f758e48b537bded04aa7ed8f6b87f62c1f36f43c3e088d3,f27839b6474509cf58bd752dd57bff00966afa7792996c2ded56eb9ba0c5658c,244266,0.0,4,1.0464034168981016,244266,0.0,0,0,244266,0.0,0,0,244266,0.0,0,0,244266,0.0,0,0
component_p2_seed17,component,case_008,2,3,864,01_<=1000,12,8,4,0,"{""success"": 12}",2.9409196249907836,3.0799016669625416,0.04850625,2.7587249177740887,2.723477291758172,0.03524762601591647,1.382894709939137,1.9579463769914582,0,0.04893945890944451,0.13325524830725044,0.138982041971758,149690,163359,1,component,0,0,/Users/liyu/Desktop/中文题目/A题研究/advanced_solver/runs/formal_v2/component_p2_seed17/slots/case_008/p2_n3/attempt_0001/summary.json,9258249fe54889e59da9ed65f0f1e732ec48d4b08c54d93132ba61dd09371ca0,a775edc2812e2db61c73d5c5847345d34475e86bd6d664ed516cda3c6c8bcfa2,163359,0.0,8,2.723477291758172,163359,0.0,4,1.3860231238650158,163359,0.0,0,0,163359,0.0,0,0,163359,0.0,0,0
component_p2_seed17,component,case_008,2,4,864,01_<=1000,16,12,4,0,"{""success"": 16}",4.452015749993734,4.593412958085537,0.059850031,4.195257418206893,4.16400333319325,0.03125408501364291,2.065760834957473,2.9378070399397984,0,0.07900591602083296,0.1777524157660082,0.1413972080918029,194523,123060,1,component,0,0,/Users/liyu/Desktop/中文题目/A题研究/advanced_solver/runs/formal_v2/component_p2_seed17/slots/case_008/p2_n4/attempt_0001/summary.json,bcd0edcd5314ab49970465564010de410362b99e9cb4c0472a1b0b45032a7c00,d7bee3eb9863254f94009067bbd0d80da03f73543687dcb3b5ef94bc2ba0d74d,123060,0.0,12,4.16400333319325,123060,0.0,8,2.767535084160045,123060,0.0,4,1.3846215010853484,123060,0.0,0,0,123060,0.0,0,0
component_p2_seed17,component,case_007,2,4,3885,02_1001..5000,16,12,4,0,"{""success"": 16}",14.537620417075232,14.695714375004172,0.181477468,13.711997792939655,13.672322001191787,0.03967579174786806,10.757099249982275,12.494865792104974,0,0.4272730000084266,0.3983496241271496,0.15809395792894065,366162,254398,1,component,0,0,/Users/liyu/Desktop/中文题目/A题研究/advanced_solver/runs/formal_v2/component_p2_seed17/slots/case_007/p2_n4/attempt_0001/summary.json,a0050d8b37e5a2243a413ae82d1d821a2c3da5d09390f957ef7370a799f3ec2f,a83b66c24620a3c50a2abc82ffb2e2e72ece8827a46d6fe8813087d38bbdc969,254398,0.0,12,13.672322001191787,254398,0.0,8,9.506799917202443,254398,0.0,4,5.266031417064369,254398,0.0,0,0,254398,0.0,0,0
component_p2_seed17,component,case_008,2,5,864,01_<=1000,20,9,11,0,"{""success"": 20}",3.383616416947916,3.5292655000230297,0.072793895,3.0490737912477925,2.981606793240644,0.0674669980071485,1.5134789989097044,2.161018291139044,0,0.10750329098664224,0.22703933471348137,0.1456490830751136,241973,100603,1,component,0,0,/Users/liyu/Desktop/中文题目/A题研究/advanced_solver/runs/formal_v2/component_p2_seed17/slots/case_008/p2_n5/attempt_0001/summary.json,3cb6d2ebb5df75d69b305262bf0ce643c03b22976385a352aec3e1a874d85bc1,ee686cb1a2de7ec3387c7dbdbab77c3db77048a17f53cb6ef660fa69836153d2,100603,0.0,16,3.01535958412569,100603,0.0,12,2.4131120011443272,100603,0.0,8,1.7634236259618774,100603,0.0,4,1.051594167132862,100603,0.0,0,0
component_p2_seed17,component,case_007,2,5,3885,02_1001..5000,20,15,5,0,"{""success"": 20}",17.567985041998327,17.735922583960928,0.210787193,16.516869626007974,16.46696445986163,0.04990516614634544,12.729030873975717,14.940415998687968,0,0.5666456249309704,0.48446979105938226,0.16793754196260124,440933,203834,1,component,0,0,/Users/liyu/Desktop/中文题目/A题研究/advanced_solver/runs/formal_v2/component_p2_seed17/slots/case_007/p2_n5/attempt_0001/summary.json,0a0c25c136ab682fff88ab7dd1a88410c92cb324dbe022521328858b103dca38,2648690b85b48493ed53edf438c364a320ce80a4da14b7d5832dd6a499bec416,203834,0.0,16,16.474711792892776,203834,0.0,12,12.50856091780588,203834,0.0,8,8.65748745878227,203834,0.0,4,5.351693749893457,203834,0.0,0,0
component_p2_seed17,component,case_009,2,2,5671,03_5001..10000,17,12,5,0,"{""success"": 17}",19.820539082982577,19.974577000015415,0.235587172,19.127786335768178,19.070441500865854,0.05734483490232378,15.969557748991065,17.95371829182841,0,0.23814229108393192,0.45461045613046736,0.15403791703283787,256412,92198,1,component,0,0,/Users/liyu/Desktop/中文题目/A题研究/advanced_solver/runs/formal_v2/component_p2_seed17/slots/case_009/p2_n2/attempt_0001/summary.json,780ab47bb379549ea8a3e04c583e67277579aaa81c0bcc2cc80ae264fbd151f5,6a5c5287f774e81234df6f9554dd93c1b816de66c7587b0cde20d1194e63e677,92198,0.0,13,19.07802504277788,92198,0.0,9,13.154280375922099,92198,0.0,5,8.610873791971244,92198,0.0,1,1.3719366249861196,92198,0.0,0,0
component_p2_seed17,component,case_010,2,2,667,01_<=1000,24,18,6,0,"{""success"": 24}",4.6135727079818025,4.756213374901563,0.057524409,4.323500042082742,4.28359583299607,0.03990420908667147,1.539837000076659,2.586107997922227,0,0.056096083018928766,0.2339765828801319,0.1426406669197604,225965,45452,9,component,0,0,/Users/liyu/Desktop/中文题目/A题研究/advanced_solver/runs/formal_v2/component_p2_seed17/slots/case_010/p2_n2/attempt_0001/summary.json,8a028f64a08cf584a303cb5bda2b2a43618897f1700bf798989a04c25f005032,6099885a2cdc1b1d08a666d1b2e3016c26d0efe26c156b304b1f33bea2b922aa,45626,0.003828214380005246,20,4.2926411249209195,45607,0.0034101909706942823,16,3.41433670790866,45452,0.0,12,2.4489422908518463,45452,0.0,8,1.719230706919916,45452,0.0,0,0
component_p2_seed17,component,case_003,2,2,13455,04_>10000,17,12,5,0,"{""success"": 17}",70.05166074994486,70.24506412504707,0.522730381,68.65500466502272,68.56905112497043,0.08595354005228728,63.43357658421155,67.2805562093854,0,0.502717416966334,0.8939386679558083,0.19340337510220706,404217,538381,1,component,0,0,/Users/liyu/Desktop/中文题目/A题研究/advanced_solver/runs/formal_v2/component_p2_seed17/slots/case_003/p2_n2/attempt_0001/summary.json,4fb1bd40a38ebbc34bd40bafd9fbdf144c929437e3adc44899684e122ca0c3ab,57f5f15f29b8b480e5b60989889ea31494de8578cd3cdf95f2b7ac119e3d5af1,538381,0.0,13,68.58113783295266,538381,0.0,9,49.570769874961115,538381,0.0,5,27.89031391707249,538381,0.0,1,2.8500096250791103,538381,0.0,0,0
component_p2_seed17,component,case_010,2,3,667,01_<=1000,24,20,4,0,"{""success"": 24}",5.288236040971242,5.424342542071827,0.059138824,4.947390372282825,4.914916831417941,0.03247354086488485,1.719098751200363,2.900777295930311,0,0.08782204100862145,0.253023627679795,0.13610650110058486,233936,30183,7,component,0,0,/Users/liyu/Desktop/中文题目/A题研究/advanced_solver/runs/formal_v2/component_p2_seed17/slots/case_010/p2_n3/attempt_0001/summary.json,1e12ed9f407d3a065ffaec9642d1dfbe89040eceb1c0d3d8dd8998582ac128bc,0decea8cd99dceaf8df41a2dce05d38336d9bb0cad285addd7dc8c604cb19767,30315,0.004373322731338725,20,4.914916831417941,30183,0.0,16,4.046827081241645,30183,0.0,12,3.0810022072400898,30183,0.0,8,2.0547898332588375,30183,0.0,0,0
component_p2_seed17,component,case_010,2,4,667,01_<=1000,24,20,4,0,"{""success"": 24}",5.3779013329185545,5.519746833015233,0.057751033,5.011040459037758,4.976131792995147,0.034908666042611,1.750353085808456,2.9265921673504636,0,0.11885466706007719,0.24800620682071894,0.14184550009667873,242043,29856,1,component,0,0,/Users/liyu/Desktop/中文题目/A题研究/advanced_solver/runs/formal_v2/component_p2_seed17/slots/case_010/p2_n4/attempt_0001/summary.json,7e1b4af1d0bfe48b0edc9f816aee9d3af567174d9689d0330efdf520e1feee12,6579ed42c0de0ce386b90604b21e98f33549cafb1646b6364b4138b3115faeb5,29856,0.0,20,4.976131792995147,29856,0.0,16,3.943911958951503,29856,0.0,12,2.974889417993836,29856,0.0,8,1.9558211680268869,29856,0.0,0,0
component_p2_seed17,component,case_010,2,5,667,01_<=1000,24,18,6,0,"{""success"": 24}",4.908917166991159,5.048475833027624,0.057062201,4.509230453753844,4.467537496704608,0.0416929570492357,1.5523512500803918,2.6154177073622122,0,0.1527287500211969,0.24695796321611851,0.13955866603646427,250370,29856,8,component,0,0,/Users/liyu/Desktop/中文题目/A题研究/advanced_solver/runs/formal_v2/component_p2_seed17/slots/case_010/p2_n5/attempt_0001/summary.json,cd50cefde19ac1c598ccee7957ba1e518a3fe45b56c872bf527bb0f8bc437d05,8caa9191c695974e0b37d6c130aa2aad1c3c27151bc71c9730c78f45f7e82945,30490,0.0212352625937835,20,4.47651445469819,29856,0.0,16,3.44820337172132,29856,0.0,12,2.4876684977207333,29856,0.0,8,1.5347162478137761,29856,0.0,0,0
component_p2_seed17,component,case_011,2,2,688,01_<=1000,14,9,5,0,"{""success"": 14}",2.5471635829890147,2.684892833000049,0.041892089,2.3532322089886293,2.31714462605305,0.03608758293557912,0.9436570431571454,1.4964794580591843,0,0.0633244999917224,0.130606874008663,0.1377292500110343,137505,92646,1,component,0,0,/Users/liyu/Desktop/中文题目/A题研究/advanced_solver/runs/formal_v2/component_p2_seed17/slots/case_011/p2_n2/attempt_0001/summary.json,a7174319cb566e814336292cf16915950da24635356dd848dc29a93d6351daca,c4f8a1aada3c3998f7d150d24ca0e3e2bc6cd2a20de7f8134a0607977edcaa66,92646,0.0,10,2.32147033396177,92646,0.0,6,1.539447168004699,92646,0.0,2,0.4980535840149969,92646,0.0,0,0,92646,0.0,0,0
component_p2_seed17,component,case_011,2,3,688,01_<=1000,24,20,4,0,"{""success"": 24}",5.548990459064953,5.685425792005844,0.06622086,5.152060374151915,5.118598915170878,0.03346145898103714,2.163542459020391,3.40777624794282,0,0.1578488340601325,0.2390812508529052,0.13643533294089139,226785,69625,1,component,0,0,/Users/liyu/Desktop/中文题目/A题研究/advanced_solver/runs/formal_v2/component_p2_seed17/slots/case_011/p2_n3/attempt_0001/summary.json,b4ced3647f977cea4fcbab5bdf85ee4f2cd13e81ed0fdafb8392782e19a8988d,b3cdee2e52ca816a5b01d49f8f4b50958f2853effbf354ec81e91616fa5a96cc,69625,0.0,20,5.118598915170878,69625,0.0,16,4.100530373980291,69625,0.0,12,3.043784916168079,69625,0.0,8,2.0388542901491746,69625,0.0,0,0
component_p2_seed17,component,case_011,2,4,688,01_<=1000,24,20,4,0,"{""success"": 24}",5.788618084043264,5.9356634999858215,0.070944439,5.2984132908750325,5.267887540860102,0.030525750014930964,2.2180983332218602,3.4617236657068133,0,0.24051349994260818,0.24969129322562367,0.14704541594255716,237105,46880,1,component,0,0,/Users/liyu/Desktop/中文题目/A题研究/advanced_solver/runs/formal_v2/component_p2_seed17/slots/case_011/p2_n4/attempt_0001/summary.json,ce970f660959e47c48f9d0d1406ac39d41f2d415863b5c5364817f5132fa39ae,eb9e101fcafee156d0589060145f23a6731c339a2e75f9cabeab157ea5560b3b,46880,0.0,20,5.267887540860102,46880,0.0,16,4.191028165863827,46880,0.0,12,3.110140874865465,46880,0.0,8,2.088259457843378,46880,0.0,0,0
component_p2_seed17,component,case_009,2,3,5671,03_5001..10000,24,20,4,0,"{""success"": 24}",32.86778225004673,33.02996079204604,0.323982053,31.86946795892436,31.823699207860045,0.04576875106431544,26.45816104253754,29.770458046114072,0,0.3786690419074148,0.6196452492149547,0.16217854199931026,321251,92198,5,component,0,0,/Users/liyu/Desktop/中文题目/A题研究/advanced_solver/runs/formal_v2/component_p2_seed17/slots/case_009/p2_n3/attempt_0001/summary.json,dd380ae482f50f112e5f37c37a04c6aaacd8f600281844b6d236370ea2de149d,7fabbd87f227640861339edd729c2679bbc4349f91619cf940d5920f23ed9c4b,92207,9.761600034718931e-05,20,31.823699207860045,92198,0.0,16,25.389825583901256,92198,0.0,12,18.855073041981086,92198,0.0,8,12.73301745892968,92198,0.0,0,0
component_p2_seed17,component,case_011,2,5,688,01_<=1000,24,13,11,0,"{""success"": 24}",4.034200084046461,4.176925209001638,0.071338355,3.428198456997052,3.364273041021079,0.06392541597597301,1.435180083150044,2.2543960831826553,0,0.35806245799176395,0.2479391690576449,0.1427251249551773,245543,46880,5,component,0,0,/Users/liyu/Desktop/中文题目/A题研究/advanced_solver/runs/formal_v2/component_p2_seed17/slots/case_011/p2_n5/attempt_0001/summary.json,ab5d0617e7de065ba57917264309c7251747cdec7f4ab83e81ef3b25df2111c5,7ddcacbbc3800a60d095f44722d429c9a570683768a334d738afeaf3109bd12c,46915,0.0007465870307166167,20,3.397416207008064,46880,0.0,16,2.8710872071096674,46880,0.0,12,2.3508827491896227,46880,0.0,8,1.5522820411715657,46880,0.0,0,0
component_p2_seed17,component,case_012,2,2,972,01_<=1000,24,18,6,0,"{""success"": 24}",6.108195749926381,6.253179999999702,0.085419801,5.748569583171047,5.706075709196739,0.04249387397430837,2.7858207087265328,4.031536417081952,0,0.0953770000487566,0.26424916670657694,0.14498425007332116,235403,26557,8,component,0,0,/Users/liyu/Desktop/中文题目/A题研究/advanced_solver/runs/formal_v2/component_p2_seed17/slots/case_012/p2_n2/attempt_0001/summary.json,9f8c5fe35d09b6ec76acb763d0552d0a9d6023816bba8e9ca99dc65642fbf5a6,3afc3e54f3d67a4ce53ed6edb84fdf4b96f07cc4a3733ba5bb0d208fd4cb070f,29674,0.11737018488534101,20,5.715742500149645,26557,0.0,16,4.463241416146047,26557,0.0,12,3.504186792182736,26557,0.0,8,2.5583642491837963,26557,0.0,0,0
component_p2_seed17,component,case_012,2,3,972,01_<=1000,24,20,4,0,"{""success"": 24}",6.762224167003296,6.9013457079418,0.08703555,6.311989205074497,6.2800050789956,0.031984126078896224,3.0295415418222547,4.419736540992744,0,0.1784095000475645,0.27182546188123524,0.13912154093850404,245325,19788,3,component,0,0,/Users/liyu/Desktop/中文题目/A题研究/advanced_solver/runs/formal_v2/component_p2_seed17/slots/case_012/p2_n3/attempt_0001/summary.json,ae2075a6dbfb1e97d171ea08aa3e29c954521e0db031a3e3d9a9701c3f7c44c7,0e78f772c331b715e36589ccc52c0306108511d4c38101af874d1ebb27c47e49,19788,0.0,20,6.2800050789956,19788,0.0,16,5.044815704924986,19788,0.0,12,3.7778265809174627,19788,0.0,8,2.507328748004511,19788,0.0,0,0
component_p2_seed17,component,case_012,2,4,972,01_<=1000,24,20,4,0,"{""success"": 24}",6.856754750013351,7.003725167014636,0.085506926,6.329038001480512,6.297630835440941,0.031407166039571166,3.044753043912351,4.426453707739711,0,0.24624583299737424,0.2814709155354649,0.14697041700128466,254079,14747,22,component,0,0,/Users/liyu/Desktop/中文题目/A题研究/advanced_solver/runs/formal_v2/component_p2_seed17/slots/case_012/p2_n4/attempt_0001/summary.json,6a44c225fc66cdacf1587c7260c05b6e176a68cf9c6c734b4f7dff84072bec80,ebbfd9b89f07a820f13630e1e21080f9721878fc04cd33b51843ff304ea5138e,16118,0.09296806130060342,20,6.297630835440941,16118,0.09296806130060342,16,5.0241266273660585,16118,0.09296806130060342,12,3.779856252251193,14935,0.012748355597748784,8,2.5236106681404635,14747,0.0,0,0
component_p2_seed17,component,case_012,2,5,972,01_<=1000,24,19,5,0,"{""success"": 24}",6.621643666992895,6.766537832911126,0.082620803,6.026681582559831,5.989832707680762,0.036848874879069626,2.9633646649308503,4.290041917935014,0,0.303278416977264,0.2916836674557999,0.144894165918231,263245,12452,21,component,0,0,/Users/liyu/Desktop/中文题目/A题研究/advanced_solver/runs/formal_v2/component_p2_seed17/slots/case_012/p2_n5/attempt_0001/summary.json,3c9414a1a3a6e16bb15fd72f59b83981c967dd41665a8db66710d45148a519f1,898a0e86173fa9831cf573916ce4e55b307a7af0cbbbdab0b49176239d345f8c,12869,0.03348859620944422,20,5.9944074576487765,12869,0.03348859620944422,16,4.7357658327091485,12559,0.00859299710889827,12,3.7871273327618837,12559,0.00859299710889827,8,2.5256717508891597,12452,0.0,0,0
component_p2_seed17,component,case_013,2,2,1968,02_1001..5000,8,3,5,0,"{""success"": 8}",2.397511458955705,2.5323437079787254,0.065210235,2.1471122928196564,2.1026496259728447,0.04446266684681177,1.4711544999154285,1.8016196669777855,0,0.10153020801953971,0.14886895811650902,0.13483224902302027,147552,132198,1,component,0,0,/Users/liyu/Desktop/中文题目/A题研究/advanced_solver/runs/formal_v2/component_p2_seed17/slots/case_013/p2_n2/attempt_0001/summary.json,d6eb11f0d7c0e88e900c00edc45686a584fb03c2dd2d954d4d868c0201eae5f5,3816b9f59c9fb902d67882804e9a43b06b8391ee6542cad941e868eca7d4d4e3,132198,0.0,4,2.1087661259807646,132198,0.0,0,0,132198,0.0,0,0,132198,0.0,0,0,132198,0.0,0,0
component_p2_seed17,component,case_009,2,4,5671,03_5001..10000,24,20,4,0,"{""success"": 24}",33.37111108296085,33.52682716702111,0.322957389,32.229669539956376,32.179122291039675,0.05054724891670048,26.82926979335025,30.179886752855964,0,0.5215041670016944,0.6199373760027811,0.15571608406025916,330630,92198,5,component,0,0,/Users/liyu/Desktop/中文题目/A题研究/advanced_solver/runs/formal_v2/component_p2_seed17/slots/case_009/p2_n4/attempt_0001/summary.json,4d1188714f2178bcce93cad4fb390f03727c768a0c60bf398eab060e97f683f3,ec6714a8944ac22becf458201d8304dcab90a011425fc5f717e4bc3a3f62bda7,92216,0.00019523200069415658,20,32.179122291039675,92198,0.0,16,25.717769250040874,92198,0.0,12,19.274764124886133,92198,0.0,8,13.035825166036375,92198,0.0,0,0
component_p2_seed17,component,case_013,2,3,1968,02_1001..5000,12,8,4,0,"{""success"": 12}",5.667800666997209,5.81155199999921,0.098057456,5.2966846651397645,5.253744582878426,0.04294008226133883,3.668599124881439,4.540014666155912,0,0.17277324991300702,0.19834275194443762,0.14375133300200105,198189,88351,1,component,0,0,/Users/liyu/Desktop/中文题目/A题研究/advanced_solver/runs/formal_v2/component_p2_seed17/slots/case_013/p2_n3/attempt_0001/summary.json,6ae0073062d30e297d9919f2596188f6ffc60efe4ad8af7e49de46cbcd749bd2,524bdf50a47d566c07cf01f5a627c5bac3f8bb6ec2b98dcfc05127d5fbba6a6c,88351,0.0,8,5.253744582878426,88351,0.0,4,2.722435374860652,88351,0.0,0,0,88351,0.0,0,0,88351,0.0,0,0
component_p2_seed17,component,case_013,2,4,1968,02_1001..5000,16,12,4,0,"{""success"": 16}",8.251498542027548,8.396494207903743,0.116734399,7.716458669747226,7.67557050078176,0.04088816896546632,5.247850957210176,6.547483125003055,0,0.2686388329602778,0.2664010393200442,0.14499566587619483,251587,66982,1,component,0,0,/Users/liyu/Desktop/中文题目/A题研究/advanced_solver/runs/formal_v2/component_p2_seed17/slots/case_013/p2_n4/attempt_0001/summary.json,e42f3d284e123fc9717e732c833c5349830a0853217e5fc98a1ed23b3a1d85eb,025b576e85152bbe3aaf618985163fbddbde8af8014bf8d8ec4304f0a359dfed,66982,0.0,12,7.67557050078176,66982,0.0,8,5.226799750700593,66982,0.0,4,2.783200166770257,66982,0.0,0,0,66982,0.0,0,0
component_p2_seed17,component,case_013,2,5,1968,02_1001..5000,20,15,5,0,"{""success"": 20}",10.429858833085746,10.58138400001917,0.147561997,9.723817754187621,9.681189294205979,0.042628459981642663,6.508892833837308,8.177906705881469,0,0.3681944999843836,0.3378465789137408,0.15152516693342477,307582,54363,1,component,0,0,/Users/liyu/Desktop/中文题目/A题研究/advanced_solver/runs/formal_v2/component_p2_seed17/slots/case_013/p2_n5/attempt_0001/summary.json,758ab5aeef69dded33e293f38427e80e67493088e1f760318cc71e16eb690e47,9c678f92c567a1e61298642308df8a1b8b1bec82947463f97d33a548a587e225,54363,0.0,16,9.686849003192037,54363,0.0,12,7.23231825302355,54363,0.0,8,5.4411983351456,54363,0.0,4,2.868280625087209,54363,0.0,0,0
component_p2_seed17,component,case_009,2,5,5671,03_5001..10000,24,19,5,0,"{""success"": 24}",31.837101041921414,32.0150615000166,0.330250881,30.53173375176266,30.47582808462903,0.05590566713362932,25.49025191704277,28.65294662688393,0,0.6651357499649748,0.6402315401937813,0.17796045809518546,340090,92198,5,component,0,0,/Users/liyu/Desktop/中文题目/A题研究/advanced_solver/runs/formal_v2/component_p2_seed17/slots/case_009/p2_n5/attempt_0001/summary.json,413baa54fc42142df04c435049eb4261e8f397d4ee3ce8da0fb28b6501c5ce73,fba66176cb80a77a6858f2ff803cc0ba849e7cf5701ea215e7f8d2bba1fba4e1,92225,0.0002928480010413459,20,30.48347216763068,92198,0.0,16,23.929932583705522,92198,0.0,12,17.482316958718002,92198,0.0,8,12.604808833799325,92198,0.0,0,0
component_p2_seed17,component,case_015,2,2,1013,02_1001..5000,24,18,6,0,"{""success"": 24}",6.242523583001457,6.390804291935638,0.07854195,5.888951416243799,5.844720208318904,0.04423120792489499,2.8991849994054064,4.160033127991483,0,0.08919687499292195,0.2643752917647362,0.14828070893418044,235816,82923,7,component,0,0,/Users/liyu/Desktop/中文题目/A题研究/advanced_solver/runs/formal_v2/component_p2_seed17/slots/case_015/p2_n2/attempt_0001/summary.json,10edf22542c5299cd2d5ef4a35abe0b798efd80ff0b6d29cf8853d6752b16f52,a3ead71ac115b65fbc71e0e380ec6266205eda6ad332456e6e477c8fe0dc15e1,86611,0.04447499487476336,20,5.854292583302595,82923,0.0,16,4.6166600422002375,82923,0.0,12,3.315873251063749,82923,0.0,8,2.6344637920847163,82923,0.0,0,0
component_p2_seed17,component,case_015,2,3,1013,02_1001..5000,24,20,4,0,"{""success"": 24}",6.706897708005272,6.845829167054035,0.079308972,6.281039415043779,6.247694915975444,0.0333444990683347,3.1283572488464415,4.511266292654909,0,0.1421108749927953,0.28374741796869785,0.13893145904876292,246291,54804,23,component,0,0,/Users/liyu/Desktop/中文题目/A题研究/advanced_solver/runs/formal_v2/component_p2_seed17/slots/case_015/p2_n3/attempt_0001/summary.json,18425ddbd3cd49479441563a0eeee439685d9d07cdb285fa8cbd1c0e6113af3f,32ab8be9d763293b151bbfc782f99f32139478f1448bef89faf941446345ed5c,60954,0.1122180862710751,20,6.247694915975444,60827,0.10990073717246918,16,4.997662665788084,60827,0.10990073717246918,12,3.764236498856917,55538,0.013393182979344553,8,2.5411861658794805,54804,0.0,0,0
component_p2_seed17,component,case_015,2,4,1013,02_1001..5000,24,20,4,0,"{""success"": 24}",6.852304958039895,6.991470125038177,0.080857195,6.344890623120591,6.311162123107351,0.03372850001323968,3.124987787916325,4.53322983533144,0,0.22346404194831848,0.2839502929709852,0.13916516699828207,257426,49885,8,component,0,0,/Users/liyu/Desktop/中文题目/A题研究/advanced_solver/runs/formal_v2/component_p2_seed17/slots/case_015/p2_n4/attempt_0001/summary.json,a96058b12d93c4fade21678e87314616ccc9b7f530aa4208111fb2b01822baee,788a28cd3300f6fad45acfa8c6814834af45e1920856838bf471ce58c8af615e,50124,0.004791019344492442,20,6.311162123107351,49885,0.0,16,5.0510627491166815,49885,0.0,12,3.791813582996838,49885,0.0,8,2.525600250111893,49885,0.0,0,0
component_p2_seed17,component,case_015,2,5,1013,02_1001..5000,24,20,4,0,"{""success"": 24}",6.835548834060319,6.97089087497443,0.089459153,6.267669668304734,6.234207709436305,0.033461958868429065,3.1323840400436893,4.524400921887718,0,0.27276779210660607,0.29511137364897877,0.13534204091411084,263995,43242,4,component,0,0,/Users/liyu/Desktop/中文题目/A题研究/advanced_solver/runs/formal_v2/component_p2_seed17/slots/case_015/p2_n5/attempt_0001/summary.json,daf65f4ee001111672209aad50a462906ef39115e806546decb89393af242d9d,32a4088f210866a63d69e9eb892d007734dad8c6b5c1c4d4f54deb38b540e4ee,43242,0.0,20,6.234207709436305,43242,0.0,16,5.004715210408904,43242,0.0,12,3.750640834099613,43242,0.0,8,2.494387040962465,43242,0.0,0,0
component_p2_seed17,component,case_016,2,2,17995,04_>10000,1,0,1,0,"{""success"": 1}",0.4521825830452144,0.6499188750749454,0.082793619,0.03528087504673749,0,0.03528087504673749,0,0,0,0.05277187505271286,0.36412983294576406,0.19773629202973098,372850,7715523,1,component,0,0,/Users/liyu/Desktop/中文题目/A题研究/advanced_solver/runs/formal_v2/component_p2_seed17/slots/case_016/p2_n2/attempt_0001/summary.json,70ff667a22a555c92666d65d041b25262215197947331d37896d882bb34f6e21,2ccf22710dc0769b6d7dddf35e79a3efad0430517fff0fc094308095261d0f87,7715523,0.0,0,0,7715523,0.0,0,0,7715523,0.0,0,0,7715523,0.0,0,0,7715523,0.0,0,0
component_p2_seed17,component,case_016,2,3,17995,04_>10000,1,0,1,0,"{""success"": 1}",0.44164112489670515,0.6447455419693142,0.081101705,0.02994224999565631,0,0.02994224999565631,0,0,0,0.05202562490012497,0.35967325000092387,0.20310441707260907,373509,7715523,1,component,0,0,/Users/liyu/Desktop/中文题目/A题研究/advanced_solver/runs/formal_v2/component_p2_seed17/slots/case_016/p2_n3/attempt_0001/summary.json,ba43a3f58ef80db228e2febb9e10b601d84ac5c6ad6f43704b43cea820a890a3,0ea2cfeb2ff693b18bab8c1368516a476a4b3a8245ab163191b4c26f8e07601b,7715523,0.0,0,0,7715523,0.0,0,0,7715523,0.0,0,0,7715523,0.0,0,0,7715523,0.0,0,0
component_p2_seed17,component,case_016,2,4,17995,04_>10000,1,0,1,0,"{""success"": 1}",0.450059040915221,0.6549722079653293,0.080933873,0.030532666016370058,0,0.030532666016370058,0,0,0,0.0529589579673484,0.3665674169315025,0.2049131670501083,374126,7715523,1,component,0,0,/Users/liyu/Desktop/中文题目/A题研究/advanced_solver/runs/formal_v2/component_p2_seed17/slots/case_016/p2_n4/attempt_0001/summary.json,69edcd1aa15b14f24fd3003b758f8592b4dd7630269db912276aadd8c5efef28,cceb0e3925a7a2fd8856d7ff62ef44651ffbdc2b2d08194f0f5ae59c3ccb5816,7715523,0.0,0,0,7715523,0.0,0,0,7715523,0.0,0,0,7715523,0.0,0,0,7715523,0.0,0,0
component_p2_seed17,component,case_016,2,5,17995,04_>10000,1,0,1,0,"{""success"": 1}",0.4428267079638317,0.6365832498995587,0.181733603,0.03466154192574322,0,0.03466154192574322,0,0,0,0.05365879100281745,0.35450637503527105,0.193756541935727,374744,7715523,1,component,0,0,/Users/liyu/Desktop/中文题目/A题研究/advanced_solver/runs/formal_v2/component_p2_seed17/slots/case_016/p2_n5/attempt_0001/summary.json,52a2e6c118d10ff8f57f2938f551c216ba1fa4788013096ef6d56094b805ec44,76cb37a8d3918b67635349df78bde0aabfafc8ae5951e6229b1ce354d075b2db,7715523,0.0,0,0,7715523,0.0,0,0,7715523,0.0,0,0,7715523,0.0,0,0,7715523,0.0,0,0
component_p2_seed17,component,case_003,2,3,13455,04_>10000,24,20,4,0,"{""success"": 24}",124.32490324997343,124.52264991600532,0.79749517,122.3079482120229,122.24480066995602,0.06314754206687212,113.66346575086936,120.10658991604578,0,0.800644916947931,1.216310121002607,0.19774666603188962,467673,538381,5,component,0,0,/Users/liyu/Desktop/中文题目/A题研究/advanced_solver/runs/formal_v2/component_p2_seed17/slots/case_003/p2_n3/attempt_0001/summary.json,673f4f5d43fdaefc5af69c3d7dfcd520769e0268a7940dfa8fc8431ee9eea2de,71d95983e0a55108d220e37853e232b3fe2ffa1425fdf36fc285a645f149c015,538764,0.0007113921182211325,20,122.24480066995602,538381,0.0,16,97.25623642001301,538381,0.0,12,75.80419075314421,538381,0.0,8,50.50228921114467,538381,0.0,0,0
component_p2_seed17,component,case_017,2,2,1373,02_1001..5000,24,18,6,0,"{""success"": 24}",7.473333750036545,7.619139374932274,0.106109064,7.056575582711957,7.011475580744445,0.04510000196751207,3.9965420815860853,5.411655289819464,0,0.11458166607189924,0.30217650125268847,0.14580562489572912,247659,72048,19,component,0,0,/Users/liyu/Desktop/中文题目/A题研究/advanced_solver/runs/formal_v2/component_p2_seed17/slots/case_017/p2_n2/attempt_0001/summary.json,f49aa49faf96f711ea5501371d362c9c3ddc5661879e9b4f3811b609d0887485,c31e4bae29b7a01bf85dd03a8cee299eaa553e0caaa8cac2ce37611dacb7ca83,77520,0.07594936708860756,20,7.021987247746438,73524,0.020486342438374328,16,5.548807997955009,73524,0.020486342438374328,12,4.747262331075035,73524,0.020486342438374328,8,3.166715790051967,72048,0.0,0,0
component_p2_seed17,component,case_017,2,3,1373,02_1001..5000,24,20,4,0,"{""success"": 24}",8.135869874968193,8.284122374956496,0.10748815,7.636656666058116,7.598602874088101,0.03805379197001457,4.291726833791472,5.853736749268137,0,0.19248866697307676,0.30672454193700105,0.1482524999883026,257130,49831,24,component,0,0,/Users/liyu/Desktop/中文题目/A题研究/advanced_solver/runs/formal_v2/component_p2_seed17/slots/case_017/p2_n3/attempt_0001/summary.json,f8dbd533cdedb1933c50edc900905bfb20dac45e4edb3d8ac09fab72d9e0d266,74a91d3a9df97aa28aa28d875ba689e93cf369715e4f71fcf3b2c32128627445,56670,0.13724388432903223,20,7.598602874088101,56670,0.13724388432903223,16,6.104297916055657,52173,0.046998856133732,12,4.6149403338786215,50296,0.009331540607252498,8,3.12028079200536,49831,0.0,0,0
component_p2_seed17,component,case_017,2,4,1373,02_1001..5000,24,20,4,0,"{""success"": 24}",8.222266416996717,8.374790459056385,0.106209904,7.643002998782322,7.6068230419186875,0.03617995686363429,4.291536623728462,5.865158998873085,0,0.26875658391509205,0.3105068342993036,0.1525240420596674,268528,38150,4,component,0,0,/Users/liyu/Desktop/中文题目/A题研究/advanced_solver/runs/formal_v2/component_p2_seed17/slots/case_017/p2_n4/attempt_0001/summary.json,6d062ce277f9254ed4ade94ccc829ede6ce53d0b23fcf52af9bf19df6a401f87,dd5a3abdab702c283c1a826a732549dde5a7e5d68413cba1637d965c808fb419,38150,0.0,20,7.6068230419186875,38150,0.0,16,6.098175290855579,38150,0.0,12,4.5615427498705685,38150,0.0,8,3.0141862489981577,38150,0.0,0,0
component_p2_seed17,component,case_017,2,5,1373,02_1001..5000,24,20,4,0,"{""success"": 24}",8.315537582966499,8.456150666926987,0.103972783,7.639592250576243,7.603799459524453,0.03579279105179012,4.2796521270647645,5.84530849813018,0,0.3562630839878693,0.3196822484023869,0.14061308396048844,275141,34598,7,component,0,0,/Users/liyu/Desktop/中文题目/A题研究/advanced_solver/runs/formal_v2/component_p2_seed17/slots/case_017/p2_n5/attempt_0001/summary.json,04f5ba55fe62cdb970b1176d2d7dcb84a240f382a5cd76411409b06293c6345b,bd58a0951142f69424b50fb3a37bd2521cb7e1ac462c7dea293a497e465a26c6,35496,0.025955257529336917,20,7.603799459524453,34598,0.0,16,6.101165292435326,34598,0.0,12,4.602525624446571,34598,0.0,8,3.132222415530123,34598,0.0,0,0
component_p2_seed17,component,case_018,2,2,2727,02_1001..5000,24,19,5,0,"{""success"": 24}",15.608191082952544,15.765986167010851,0.214844604,14.969452209188603,14.922146166092716,0.04730604309588671,11.008384500513785,13.21177391812671,0,0.21392662497237325,0.424812248791568,0.1577950840583071,303281,502893,18,component,0,0,/Users/liyu/Desktop/中文题目/A题研究/advanced_solver/runs/formal_v2/component_p2_seed17/slots/case_018/p2_n2/attempt_0001/summary.json,9ecabefc5cc97d8c1000c101172b302b2fad3f238f2bd756d31aa972d6322ffd,68b0a3eb30bbc9b2553f4c048e57ae9d34c46e07b857a6cd09f8ccf4ef029c67,504468,0.0031318789484044984,20,14.92823012417648,504468,0.0031318789484044984,16,11.85883400007151,504468,0.0031318789484044984,12,8.771113583119586,504468,0.0031318789484044984,8,5.607083166018128,502893,0.0,0,0
component_p2_seed17,component,case_018,2,3,2727,02_1001..5000,24,20,4,0,"{""success"": 24}",15.79201049997937,15.96169112494681,0.204091865,14.968893873039633,14.927058247034438,0.04183562600519508,10.817386959097348,13.142773583182134,0,0.4001235000323504,0.4229931269073859,0.16968062496744096,309763,339838,1,component,0,0,/Users/liyu/Desktop/中文题目/A题研究/advanced_solver/runs/formal_v2/component_p2_seed17/slots/case_018/p2_n3/attempt_0001/summary.json,32430eda136ab35901b099a9b3423788b7e5b5d16b18c5ae11d744a4cc0e91f2,8f2c48b5f95b7fdd22efe6d94da92bac5fd97c8723e6c9beafbbaf21a034e085,339838,0.0,20,14.927058247034438,339838,0.0,16,11.933411706238985,339838,0.0,12,9.03764191607479,339838,0.0,8,6.110527000040747,339838,0.0,0,0
component_p2_seed17,component,case_018,2,4,2727,02_1001..5000,24,20,4,0,"{""success"": 24}",15.880572083988227,16.039591792039573,0.214918773,14.824247579905204,14.784718287992291,0.03952929191291332,10.46338437392842,12.812860959442332,0,0.6173445830354467,0.43897992104757577,0.15901970805134624,317286,254758,3,component,0,0,/Users/liyu/Desktop/中文题目/A题研究/advanced_solver/runs/formal_v2/component_p2_seed17/slots/case_018/p2_n4/attempt_0001/summary.json,9ed7cfa0ac3c3ba79968613ec9ad9f5eb1ef6495721e16de7a21d0e308c75be1,6c62137c2aa4e5384055baeed31c3f113684c141c7bb41d3058fdf4e0261e5b9,254758,0.0,20,14.784718287992291,254758,0.0,16,11.870303538977169,254758,0.0,12,8.86754424800165,254758,0.0,8,5.979001124971546,254758,0.0,0,0
component_p2_seed17,component,case_018,2,5,2727,02_1001..5000,24,20,4,0,"{""success"": 24}",15.984613999957219,16.136278417077847,0.204791198,14.695657710195519,14.658729544025846,0.036928166169673204,10.283751748153009,12.653477003215812,0,0.8519308749819174,0.4370254147797823,0.15166441712062806,326250,205917,1,component,0,0,/Users/liyu/Desktop/中文题目/A题研究/advanced_solver/runs/formal_v2/component_p2_seed17/slots/case_018/p2_n5/attempt_0001/summary.json,26786247c6f57403d61b2280cf1542d64ad49084b9b06266531fc7447b3cbcfb,297eb709bb332d23ee122ac8b764119e9b9a812187aa05f64aa2fa5452068b76,205917,0.0,20,14.658729544025846,205917,0.0,16,11.786589585011825,205917,0.0,12,8.818118001101539,205917,0.0,8,5.913538876106031,205917,0.0,0,0
component_p2_seed17,component,case_019,2,2,647,01_<=1000,24,19,5,0,"{""success"": 24}",4.771970166941173,4.90738891705405,0.05474487,4.478713250020519,4.442184625077061,0.036528624943457544,1.5498562931315973,2.6628382889321074,0,0.056703124893829226,0.23655379202682525,0.1354187501128763,222818,41077,16,component,0,0,/Users/liyu/Desktop/中文题目/A题研究/advanced_solver/runs/formal_v2/component_p2_seed17/slots/case_019/p2_n2/attempt_0001/summary.json,0cdf97d950aac6aa1a0aba60987ffc995be843bd0aead5b476d235fa1b1e9dc7,4455d8263df2f76caca37b87dc92dea1fffef9adaaeec35cf2a2e661d1fb5cdd,41102,0.0006086130924849442,20,4.4469254170544446,41102,0.0006086130924849442,16,3.5152661250904202,41102,0.0006086130924849442,12,2.5507264990592375,41077,0.0,8,1.6828494982328266,41077,0.0,0,0
component_p2_seed17,component,case_019,2,3,647,01_<=1000,24,20,4,0,"{""success"": 24}",5.206178709049709,5.339946457999758,0.05560391,4.872565372963436,4.843109873938374,0.029455499025061727,1.6302939179586247,2.8070512911072,0,0.08348875003866851,0.2501245860476047,0.13376774895004928,234171,27808,8,component,0,0,/Users/liyu/Desktop/中文题目/A题研究/advanced_solver/runs/formal_v2/component_p2_seed17/slots/case_019/p2_n3/attempt_0001/summary.json,c8ddc156fb55e1a1e6bc1269066c553b59bcaffb6aa5b6d6fb213ce789e7b8c0,bc8a424d4771fc1f515bf6d63b66e658f1a0cae16c5268dccc49b5421a00ac38,28986,0.04236191024165703,20,4.843109873938374,27808,0.0,16,3.915807623998262,27808,0.0,12,2.9317816669354215,27808,0.0,8,1.9606017499463633,27808,0.0,0,0
component_p2_seed17,component,case_019,2,4,647,01_<=1000,24,20,4,0,"{""success"": 24}",5.020770958974026,5.161146207945421,0.060557865,4.659256170154549,4.629551712074317,0.029704458080232143,1.6521937480429187,2.8036229161079973,0,0.11291933304164559,0.24859545577783138,0.1403752489713952,239542,24099,1,component,0,0,/Users/liyu/Desktop/中文题目/A题研究/advanced_solver/runs/formal_v2/component_p2_seed17/slots/case_019/p2_n4/attempt_0001/summary.json,6a42a17b6559b41eef915957e63b1642323ada4908d77a7bddaaf3659ea817d5,43bbd2e80213974edd082750533e6e97ac544a27238f144384b358e3c60a4b4c,24099,0.0,20,4.629551712074317,24099,0.0,16,3.6465677950764075,24099,0.0,12,2.6760292520048097,24099,0.0,8,1.7576279180357233,24099,0.0,0,0
component_p2_seed17,component,case_019,2,5,647,01_<=1000,24,13,11,0,"{""success"": 24}",3.6215294579742476,3.7620572090381756,0.055439035,3.2279643727233633,3.159559957915917,0.0684044148074463,1.084733456838876,1.8599797929637134,0,0.1492401669966057,0.2443249182542786,0.140527751063928,250375,24099,7,component,0,0,/Users/liyu/Desktop/中文题目/A题研究/advanced_solver/runs/formal_v2/component_p2_seed17/slots/case_019/p2_n5/attempt_0001/summary.json,304efb65c9919758bceb2940a04919c914acccdeeef41017bec1a50e8201c8ac,8e147c8c0a71b75da5ebc909ad06168f81aad9cfe301812471439ac7a64229d0,24169,0.0029046848416947046,20,3.1907011228613555,24099,0.0,16,2.7146792489802465,24099,0.0,12,1.7479430828243494,24099,0.0,8,0.9692320418544114,24099,0.0,0,0
component_p2_seed17,component,case_003,2,4,13455,04_>10000,24,20,4,0,"{""success"": 24}",124.01622712495737,124.2228340409929,0.726402164,121.74386408599094,121.67713891901076,0.06672516698017716,113.16140279080719,119.56771991821006,0,1.0389817910036072,1.233381247962825,0.2066069160355255,477210,538381,5,component,0,0,/Users/liyu/Desktop/中文题目/A题研究/advanced_solver/runs/formal_v2/component_p2_seed17/slots/case_003/p2_n4/attempt_0001/summary.json,d96d8367aae2bf97205b390c20042e49dd9782f1ca300b65292a22f5989f7426,f9a0c0fd7b07a5cfdbbc1214dce8a92e10884ddf74c55da32be6af907d964651,539155,0.0014376436018359584,20,121.67713891901076,538381,0.0,16,96.88929025107063,538381,0.0,12,71.59892550110817,538381,0.0,8,50.06786454189569,538381,0.0,0,0
component_p2_seed17,component,case_020,2,2,7008,03_5001..10000,9,4,5,0,"{""success"": 9}",9.695108041982166,9.859146124916151,0.159483779,9.197147042956203,9.135034458944574,0.062112584011629224,8.009236999903806,8.778557998943143,0,0.15494808298535645,0.3430129160406068,0.1640380829339847,259178,266580,1,component,0,0,/Users/liyu/Desktop/中文题目/A题研究/advanced_solver/runs/formal_v2/component_p2_seed17/slots/case_020/p2_n2/attempt_0001/summary.json,a709634d619fad85fd634e5a929f32601026de0867848727e79a74346530af79,d78a5e55db82dd6395bab53b4294ddecf7b0ecde490d8a2fc5491cdf647c18c0,266580,0.0,5,9.143415083992295,266580,0.0,1,2.477430250030011,266580,0.0,0,0,266580,0.0,0,0,266580,0.0,0,0
component_p2_seed17,component,case_020,2,3,7008,03_5001..10000,13,9,4,0,"{""success"": 13}",19.637316416949034,19.81014945800416,0.231770674,18.954554833238944,18.90678366611246,0.047771167126484215,16.196249000146054,17.952753667836078,0,0.2370528751052916,0.4457087086047977,0.17283304105512798,312308,177950,1,component,0,0,/Users/liyu/Desktop/中文题目/A题研究/advanced_solver/runs/formal_v2/component_p2_seed17/slots/case_020/p2_n3/attempt_0001/summary.json,b452b0105e2299933d28e2c898ff32e5581bf31f53408cb7b87e55db48168e08,cac0546c184f02bf3fa1829f34b0787559f18d578842fb70e065d766dcbcabf0,177950,0.0,9,18.90678366611246,177950,0.0,5,11.923029916011728,177950,0.0,1,2.5468335829209536,177950,0.0,0,0,177950,0.0,0,0
component_p2_seed17,component,case_020,2,4,7008,03_5001..10000,17,13,4,0,"{""success"": 17}",26.481463165953755,26.675414082943462,0.308455275,25.585180167341605,25.52604650123976,0.05913366610184312,21.64234245661646,24.19465433282312,0,0.3219135000836104,0.5743694985285401,0.19395091698970646,368144,133704,1,component,0,0,/Users/liyu/Desktop/中文题目/A题研究/advanced_solver/runs/formal_v2/component_p2_seed17/slots/case_020/p2_n4/attempt_0001/summary.json,5d32215b4ec0fc32c07779ffe7388b91233bdc554c43b97e7defe4fad7d838f9,caef469dccbe8c58c16e4738909b6a5195ece002bc97a12b1fc3265061742a2c,133704,0.0,13,25.52604650123976,133704,0.0,9,18.83817487617489,133704,0.0,5,12.24413520807866,133704,0.0,1,2.803495083004236,133704,0.0,0,0
component_p2_seed17,component,case_020,2,5,7008,03_5001..10000,24,18,6,0,"{""success"": 24}",32.96156404190697,33.14089358295314,0.418213181,31.641438129008748,31.560690544894896,0.08074758411385119,25.67686358524952,29.57851745991502,0,0.5031375419348478,0.8169883709633723,0.17932954104617238,466658,107187,3,component,0,0,/Users/liyu/Desktop/中文题目/A题研究/advanced_solver/runs/formal_v2/component_p2_seed17/slots/case_020/p2_n5/attempt_0001/summary.json,c5a3fb52041b9d72cbe52abbaad3a4efd4220cecd855f149f00bf49f2627d45f,ff0fed77888187cbe533145a070d43d40931f08e1e14b6ca95cf1d855bc33cb6,107187,0.0,20,31.58023154491093,107187,0.0,16,24.98282750195358,107187,0.0,12,20.330689085065387,107187,0.0,8,13.564603334059939,107187,0.0,0,0
component_p2_seed17,component,case_021,2,2,3920,02_1001..5000,8,3,5,0,"{""success"": 8}",4.599289917037822,4.751332416082732,0.107239658,4.232805251027457,4.177321583963931,0.05548366706352681,3.4542966259177774,3.916884083999321,0,0.16697841696441174,0.19950624904595315,0.15204249904491007,162967,3194570,1,component,0,0,/Users/liyu/Desktop/中文题目/A题研究/advanced_solver/runs/formal_v2/component_p2_seed17/slots/case_021/p2_n2/attempt_0001/summary.json,9f4e119ee9932404e3cd5e038a4344a9471b2121e83ee38bbaeb70c3d79561d9,1d1236eb9f405d12d20b7177eed7311de9f6d43ff7a8a0455236664499392494,3194570,0.0,4,4.18473554297816,3194570,0.0,0,0,3194570,0.0,0,0,3194570,0.0,0,0,3194570,0.0,0,0
component_p2_seed17,component,case_021,2,3,3920,02_1001..5000,24,20,4,0,"{""success"": 24}",26.23218116594944,26.39050908293575,0.296577285,25.31990525103174,25.277159668155946,0.04274558287579566,20.262879790971056,23.352726503042504,0,0.4265626249834895,0.4857132899342105,0.158327916986309,317666,2132650,7,component,0,0,/Users/liyu/Desktop/中文题目/A题研究/advanced_solver/runs/formal_v2/component_p2_seed17/slots/case_021/p2_n3/attempt_0001/summary.json,8bfdfdbc42503a90b51a8807c82acef00fde389dd4cca46c88cf05e8c052540d,a877861b8a7debd3258192531415d4198752101bbe1d769dd142d0102fe5c48d,2133664,0.0004754647973179704,20,25.277159668155946,2132650,0.0,16,20.146378503064625,2132650,0.0,12,15.60423896019347,2132650,0.0,8,10.470545710180886,2132650,0.0,0,0
component_p2_seed17,component,case_003,2,5,13455,04_>10000,24,19,5,0,"{""success"": 24}",122.65090362506453,122.85196287510917,0.742879983,120.13505195686594,120.06192054005805,0.07313141680788249,111.68752304196823,117.91323241626378,0,1.2683955000247806,1.2474561681738123,0.20105925004463643,486089,538381,5,component,0,0,/Users/liyu/Desktop/中文题目/A题研究/advanced_solver/runs/formal_v2/component_p2_seed17/slots/case_003/p2_n5/attempt_0001/summary.json,c3a904ffb33a1f75eeece7e7f78270ede5b81db4b7d55f38ccc01637897bae78,dc4d9f1264131370bba786ad4a4d9b884a5edf2e00bb853d4b70a086b4d25a49,539607,0.0022771977465771975,20,120.07280433108099,538381,0.0,16,94.58183470799122,538381,0.0,12,68.1870967510622,538381,0.0,8,41.839313916978426,538381,0.0,0,0
component_p2_seed17,component,case_022,2,2,1356,02_1001..5000,24,18,6,0,"{""success"": 24}",6.860548417083919,7.022101667011157,0.086958508,6.471412582788616,6.427548165782355,0.04386441700626165,3.4918315007817,4.8352248328737915,0,0.09873791690915823,0.2903979173861444,0.16155324992723763,237845,28088,18,component,0,0,/Users/liyu/Desktop/中文题目/A题研究/advanced_solver/runs/formal_v2/component_p2_seed17/slots/case_022/p2_n2/attempt_0001/summary.json,040eaaa281d2f3a7aabfbe119f56037ad8f9959b7c45fb989572ace903f597ea,eaa6c6214886103bef5434d28592c9a30f562983cd79d3b92a1b4369f25539d0,28221,0.0047351181999431,20,6.435645498801023,28221,0.0047351181999431,16,5.035768415895291,28217,0.004592708630019926,12,3.9200668750563636,28217,0.004592708630019926,8,2.407961083110422,28088,0.0,0,0
component_p2_seed17,component,case_022,2,3,1356,02_1001..5000,24,20,4,0,"{""success"": 24}",7.367286209017038,7.522836750023998,0.104944367,6.92404533282388,6.8950056647881866,0.029039668035693467,3.5528118746588007,4.973666291916743,0,0.16793991706799716,0.27530095912516117,0.15555054100695997,249191,18998,22,component,0,0,/Users/liyu/Desktop/中文题目/A题研究/advanced_solver/runs/formal_v2/component_p2_seed17/slots/case_022/p2_n3/attempt_0001/summary.json,c2831dd5281e30cf8727a18d9bdc863216351be2ac66fc9508a461a78731f54a,3fdebb4e60d07327f7b98d124f650575292c2a780e1d43af677f023d6c4f6936,19016,0.0009474681545424968,20,6.8950056647881866,19016,0.0009474681545424968,16,5.503396916668862,19006,0.00042109695757441834,12,4.229936290648766,19006,0.00042109695757441834,8,3.011056539718993,18998,0.0,0,0
component_p2_seed17,component,case_021,2,4,3920,02_1001..5000,24,20,4,0,"{""success"": 24}",24.191811125027016,24.36158358294051,0.319503557,23.018500211066566,22.97927925211843,0.039220958948135376,17.832738165045157,20.921261125360616,0,0.6479715000605211,0.5253394138999283,0.1697724579134956,326781,1550324,1,component,0,0,/Users/liyu/Desktop/中文题目/A题研究/advanced_solver/runs/formal_v2/component_p2_seed17/slots/case_021/p2_n4/attempt_0001/summary.json,0f0a1fd9c949550950bf6bef759537e833de412e9e0b9d900ac8bf3a353651e3,63d9f9b4587ff7d99f91e9183807ae6e50586c66e82c7fb9c68c1f257090c6f4,1550324,0.0,20,22.97927925211843,1550324,0.0,16,18.523407791974023,1550324,0.0,12,13.540824958938174,1550324,0.0,8,8.966639416990802,1550324,0.0,0,0
component_p2_seed17,component,case_022,2,4,1356,02_1001..5000,24,20,4,0,"{""success"": 24}",7.801104375044815,7.955238666967489,0.096191334,7.229725000099279,7.190570542123169,0.03915445797611028,3.570696583366953,5.2082095831865445,0,0.27224045898765326,0.299138915957883,0.15413429192267358,258151,14550,15,component,0,0,/Users/liyu/Desktop/中文题目/A题研究/advanced_solver/runs/formal_v2/component_p2_seed17/slots/case_022/p2_n4/attempt_0001/summary.json,c7b85008dc1b09badd4eefcb9fead44de74569ae2d693dae484607b92932b3fb,1e079e5e207797fc1b4f59c1a490bb2486e74d754d0f3a256f5e4b42f70fb888,14654,0.007147766323024163,20,7.190570542123169,14592,0.0028865979381442752,16,5.458472540951334,14592,0.0028865979381442752,12,4.042880582041107,14550,0.0,8,2.7416167070623487,14550,0.0,0,0
component_p2_seed17,component,case_022,2,5,1356,02_1001..5000,24,19,5,0,"{""success"": 24}",7.4317367089679465,7.593136666924693,0.117931399,6.777528170263395,6.739479586249217,0.03804858401417732,3.539523208513856,4.994482959154993,0,0.3363583750324324,0.3178501636721194,0.16139995795674622,264039,11713,3,component,0,0,/Users/liyu/Desktop/中文题目/A题研究/advanced_solver/runs/formal_v2/component_p2_seed17/slots/case_022/p2_n5/attempt_0001/summary.json,61892c9aa1072f674e5dad93244b4ef49af1cbc864c9a1b739e471ea92e00ef2,99b97ade1e42c454e40e47a92e34382e9301d557ef403d5089eca8b2c1a276d0,11713,0.0,20,6.7439481692854315,11713,0.0,16,5.294214002089575,11713,0.0,12,3.8942465010331944,11713,0.0,8,2.5571911679580808,11713,0.0,0,0
component_p2_seed17,component,case_023,2,2,1011,02_1001..5000,23,17,6,0,"{""success"": 23}",5.582191041088663,5.743437416967936,0.070251398,5.249155916739255,5.205743248923682,0.043412667815573514,2.5216054159682244,3.6640063723316416,0,0.07833691698033363,0.2546982073690742,0.16124637587927282,226317,55794,19,component,0,0,/Users/liyu/Desktop/中文题目/A题研究/advanced_solver/runs/formal_v2/component_p2_seed17/slots/case_023/p2_n2/attempt_0001/summary.json,53418e6dbd6fe6d9fa9f446ee09afd478ef5de108022e4b7cc6e2a79570a904a,fab21cdd09899b85eb1d32d8cbca5960ddf9df026d2cfe48fa89e63b3fb04565,61829,0.10816575258988426,19,5.214937665965408,59639,0.06891422016704296,15,3.9630536660552025,59639,0.06891422016704296,11,2.9770938749425113,59639,0.06891422016704296,7,2.0704105000477284,55794,0.0,0,0
component_p2_seed17,component,case_021,2,5,3920,02_1001..5000,24,19,5,0,"{""success"": 24}",23.315488500054926,23.495264500030316,0.287965709,21.490697417058982,21.444987249094993,0.04571016796398908,16.75432912504766,19.632942372816615,0,1.3184876659652218,0.5063034170307219,0.17977599997539073,335408,1250168,1,component,0,0,/Users/liyu/Desktop/中文题目/A题研究/advanced_solver/runs/formal_v2/component_p2_seed17/slots/case_021/p2_n5/attempt_0001/summary.json,b202a3d71bb3832dee112a68944cdf605d83a586812bcb4883ad663203a1b2f8,2dc4615d70643276fdf02363a09899b2a54c72a6009ffc5c7b20fea0522d0853,1250168,0.0,20,21.45100112410728,1250168,0.0,16,17.350220290129073,1250168,0.0,12,12.670647041173652,1250168,0.0,8,7.923499291180633,1250168,0.0,0,0
component_p2_seed17,component,case_024,2,2,5959,03_5001..10000,1,0,1,0,"{""success"": 1}",0.1681432919576764,0.3145478330552578,0.03188214,0.024906332953833044,0,0.024906332953833044,0,0,0,0.016960624954663217,0.12627633404918015,0.1464045410975814,136162,2555343,1,component,0,0,/Users/liyu/Desktop/中文题目/A题研究/advanced_solver/runs/formal_v2/component_p2_seed17/slots/case_024/p2_n2/attempt_0001/summary.json,da034b7d1911dc426e490137889f8a3e26fc6b3ecdb15055170e7821a6644d13,803ad44950fd96be13a3cdd1b7fead0c1653fb3aacc524034eee02c5202c023a,2555343,0.0,0,0,2555343,0.0,0,0,2555343,0.0,0,0,2555343,0.0,0,0,2555343,0.0,0,0
component_p2_seed17,component,case_024,2,3,5959,03_5001..10000,1,0,1,0,"{""success"": 1}",0.1775450420100242,0.3332887089345604,0.030741474,0.02251537493430078,0,0.02251537493430078,0,0,0,0.017271250020712614,0.1377584170550108,0.15574366692453623,136814,2555343,1,component,0,0,/Users/liyu/Desktop/中文题目/A题研究/advanced_solver/runs/formal_v2/component_p2_seed17/slots/case_024/p2_n3/attempt_0001/summary.json,7412ae89e584508a6c491dd3cb11e8458b6f22e04144312ad9ed4d7590c13d69,0fef4b16c125c2560e79137bdab5a44c17b16748143201334fd827ba296eae7f,2555343,0.0,0,0,2555343,0.0,0,0,2555343,0.0,0,0,2555343,0.0,0,0,2555343,0.0,0,0
component_p2_seed17,component,case_024,2,4,5959,03_5001..10000,1,0,1,0,"{""success"": 1}",0.1611865001032129,0.3057779159862548,0.027455602,0.019810082972981036,0,0.019810082972981036,0,0,0,0.016047375043854117,0.12532904208637774,0.14459141588304192,137432,2555343,1,component,0,0,/Users/liyu/Desktop/中文题目/A题研究/advanced_solver/runs/formal_v2/component_p2_seed17/slots/case_024/p2_n4/attempt_0001/summary.json,b002e77642c0c9a972d37e22454ba475ce639279b238ce7cb55fb546db04ebff,cedc508a271f1bedce7db12c66bfe6b217ee53d036d3a9dd649ff011c466f068,2555343,0.0,0,0,2555343,0.0,0,0,2555343,0.0,0,0,2555343,0.0,0,0,2555343,0.0,0,0
component_p2_seed17,component,case_024,2,5,5959,03_5001..10000,1,0,1,0,"{""success"": 1}",0.17071262502577156,0.313747875043191,0.029468933,0.02875133405905217,0,0.02875133405905217,0,0,0,0.01653666701167822,0.12542462395504117,0.14303525001741946,138054,2555343,1,component,0,0,/Users/liyu/Desktop/中文题目/A题研究/advanced_solver/runs/formal_v2/component_p2_seed17/slots/case_024/p2_n5/attempt_0001/summary.json,7819d2731fe7c73976171268a916b4286c40b5a85d7137c9f1f57f67a7c050b3,6c07607242e75b4b5aaa5b7e32615351650dd2a605a6395ac960d4ae525ae6f1,2555343,0.0,0,0,2555343,0.0,0,0,2555343,0.0,0,0,2555343,0.0,0,0,2555343,0.0,0,0
component_p2_seed17,component,case_023,2,3,1011,02_1001..5000,24,20,4,0,"{""success"": 24}",6.416927917045541,6.553034249925986,0.079868806,5.977750584948808,5.948926416924223,0.02882416802458465,2.730648622964509,4.045282832928933,0,0.13746341597288847,0.3017139161238447,0.13610633288044482,245039,38975,14,component,0,0,/Users/liyu/Desktop/中文题目/A题研究/advanced_solver/runs/formal_v2/component_p2_seed17/slots/case_023/p2_n3/attempt_0001/summary.json,5d9f0ac81dba93a10b3b84a5e4e84326de0ef213ec81d6419d63a7f0c65afe9f,5bbb776ce0de94e84b4636d5ef8474e610e15372a3daaed9f0e5298a974d4aa1,40689,0.04397690827453493,20,5.948926416924223,40689,0.04397690827453493,16,4.779561499948613,40689,0.04397690827453493,12,3.591254667029716,38975,0.0,8,2.4055618749698624,38975,0.0,0,0
component_p2_seed17,component,case_023,2,4,1011,02_1001..5000,24,20,4,0,"{""success"": 24}",6.52712329197675,6.68432262504939,0.086213134,5.994486334035173,5.958696543006226,0.03578979102894664,2.810806787922047,4.141104792011902,0,0.2042327499948442,0.32840420794673264,0.15719933307264,252602,29111,21,component,0,0,/Users/liyu/Desktop/中文题目/A题研究/advanced_solver/runs/formal_v2/component_p2_seed17/slots/case_023/p2_n4/attempt_0001/summary.json,5cf05bf01c7063c6cb2bb9856710fe3234c3974d6070f5f934ea9762db16e631,a6bb5784d6d4c4ca92bea023d8d5d9c260e4ef990426633fd8a3c8497952db6f,30629,0.052145237195561744,20,5.958696543006226,30629,0.052145237195561744,16,4.7728677921695635,30629,0.052145237195561744,12,3.5891586671350524,29929,0.028099343890625628,8,2.412672540987842,29111,0.0,0,0
component_p2_seed17,component,case_023,2,5,1011,02_1001..5000,24,19,5,0,"{""success"": 24}",6.247319125104696,6.384824041975662,0.075943934,5.689672542968765,5.645956958993338,0.04371558397542685,2.6648541670292616,3.909298167214729,0,0.2944042079616338,0.26324237417429686,0.13750491687096655,260896,24058,3,component,0,0,/Users/liyu/Desktop/中文题目/A题研究/advanced_solver/runs/formal_v2/component_p2_seed17/slots/case_023/p2_n5/attempt_0001/summary.json,cd0925f5cbccfbc6e27878572a6414556a60412edb91d700cea9b753a176144c,42cf73f8e57d2afc90eb6d57cc21c9a6d0031656db82744ae4f5bddb719329e2,24058,0.0,20,5.649671001010574,24058,0.0,16,4.40792412601877,24058,0.0,12,3.2266648340737447,24058,0.0,8,2.0680564590729773,24058,0.0,0,0
component_p2_seed17,component,case_026,2,2,636,01_<=1000,24,19,5,0,"{""success"": 24}",4.691601333906874,4.820974332978949,0.056341534,4.424393626162782,4.390018335194327,0.034375290968455374,1.5167315424187109,2.555107957799919,0,0.057756499969400465,0.20945120777469128,0.1293729990720749,222650,49745,22,component,0,0,/Users/liyu/Desktop/中文题目/A题研究/advanced_solver/runs/formal_v2/component_p2_seed17/slots/case_026/p2_n2/attempt_0001/summary.json,c2c12242ef395628c8960cfa1a837b066ab6cec2ad88a30578a18891e3191183,288d58f00b4c052171dfd60d17d25b383d03768b98a4f9a7395f3cca53b2b9da,58112,0.16819780882500757,20,4.393918293179013,58076,0.16747411800180934,16,3.493596167070791,55425,0.11418232988240029,12,2.5767266252078116,55425,0.11418232988240029,8,1.6817977080354467,49745,0.0,0,0
component_p2_seed17,component,case_026,2,3,636,01_<=1000,24,20,4,0,"{""success"": 24}",5.703462125035003,5.863962208037265,0.062263737,5.3592405843082815,5.323555709328502,0.035684874979779124,1.7381374582182616,3.2297108330531046,0,0.09325687494128942,0.25096466578543186,0.16050008300226182,231649,41655,1,component,0,0,/Users/liyu/Desktop/中文题目/A题研究/advanced_solver/runs/formal_v2/component_p2_seed17/slots/case_026/p2_n3/attempt_0001/summary.json,45f28cb4b7e94b9dd271980a49e7e1c8b98e7c42bea9894af9dfb1c67e3cc0fd,6cd7c372250dcef083c583ea17c60b65145d560202dfe946323256acfdc59cc8,41655,0.0,20,5.323555709328502,41655,0.0,16,4.346557207289152,41655,0.0,12,3.3668084571836516,41655,0.0,8,2.3415417490759864,41655,0.0,0,0
component_p2_seed17,component,case_026,2,4,636,01_<=1000,24,20,4,0,"{""success"": 24}",5.6687145420582965,5.833756209001876,0.070480856,5.1161946648499,5.082027331693098,0.03416733315680176,1.8762167918030173,3.1671892921440303,0,0.1530690420186147,0.3994508351897821,0.1650416669435799,238940,41655,18,component,0,0,/Users/liyu/Desktop/中文题目/A题研究/advanced_solver/runs/formal_v2/component_p2_seed17/slots/case_026/p2_n4/attempt_0001/summary.json,18c8d0f1b9d4febc73b3cabbcbaa17fce45ffbb45fcfd34ca3125b1af97ce19d,149eb97db64be0e27176c8d1b8a7b2ab8f84541799208c71055f9ee3bc975867,42226,0.013707838194694455,20,5.082027331693098,41698,0.0010322890409315555,16,4.05971741466783,41698,0.0010322890409315555,12,3.069815372931771,41698,0.0010322890409315555,8,2.0985728739760816,41655,0.0,0,0
component_p2_seed17,component,case_026,2,5,636,01_<=1000,24,19,5,0,"{""success"": 24}",5.381230583065189,5.537429291987792,0.066931983,4.748036165605299,4.705117623670958,0.04291854193434119,1.729881335166283,2.966713333269581,0,0.3609867080813274,0.27220770937856287,0.15619870892260224,248077,41655,20,component,0,0,/Users/liyu/Desktop/中文题目/A题研究/advanced_solver/runs/formal_v2/component_p2_seed17/slots/case_026/p2_n5/attempt_0001/summary.json,cf1c8b921252dd822cbef1f728882c9cac74386518ce2dfcb046a0a15d1f1996,ce05178eb44d03d1522bf75f6a802d1ab15f57129433a26576aaab553a4db7df,43074,0.03406553835073822,20,4.7103897066554055,41704,0.0011763293722242274,16,3.7306864986894652,41698,0.0010322890409315555,12,2.660315040848218,41698,0.0010322890409315555,8,1.9334427919238806,41655,0.0,0,0
component_p2_seed17,component,case_027,2,2,1424,02_1001..5000,8,3,5,0,"{""success"": 8}",1.7718510000267997,1.9193074579816312,0.048002084,1.554639457957819,1.5131846239091828,0.04145483404863626,0.9801854159450158,1.2553032919531688,0,0.10494025005027652,0.11227129201870412,0.14745645795483142,106924,1120962,1,component,0,0,/Users/liyu/Desktop/中文题目/A题研究/advanced_solver/runs/formal_v2/component_p2_seed17/slots/case_027/p2_n2/attempt_0001/summary.json,1eba0c2f9af626de4deeeced319ba0af543538c9bd2603df21dd415abb15b467,d45476c4edb813f7b374e4f4f57f0ce070f6a10a55e30d0bdd5f8ce31bd0fef8,1120962,0.0,4,1.518275456968695,1120962,0.0,0,0,1120962,0.0,0,0,1120962,0.0,0,0,1120962,0.0,0,0
component_p2_seed17,component,case_025,2,2,18662,04_>10000,8,3,5,0,"{""success"": 8}",43.7223626250634,43.95217220799532,0.437577122,41.998822458903305,41.89550324995071,0.10331920895259827,39.94084333302453,41.54441333306022,0,0.7553521250374615,0.9681880411226302,0.22980958293192089,796465,2431840,1,component,0,0,/Users/liyu/Desktop/中文题目/A题研究/advanced_solver/runs/formal_v2/component_p2_seed17/slots/case_025/p2_n2/attempt_0001/summary.json,5964a446371cc2ef7fcdf667224a7e5f9336225bde4885d4f8e0481fcc91a0bc,1eb3324204adf8830bdc2e2be945959adb15a2d8f13397b219d61c91b9cdbc54,2431840,0.0,4,41.91381795890629,2431840,0.0,0,0,2431840,0.0,0,0,2431840,0.0,0,0,2431840,0.0,0,0
component_p2_seed17,component,case_027,2,3,1424,02_1001..5000,24,20,4,0,"{""success"": 24}",10.278034041053616,10.438727332977578,0.122808977,9.657501955749467,9.619804205722176,0.03769775002729148,5.897088998928666,7.66201041394379,0,0.31110895797610283,0.30942312732804567,0.16069329192396253,245641,837049,1,component,0,0,/Users/liyu/Desktop/中文题目/A题研究/advanced_solver/runs/formal_v2/component_p2_seed17/slots/case_027/p2_n3/attempt_0001/summary.json,5e5a8d95396a377173eba99f4f3317d8cb04676cdd184a04e552c92a028191e6,936ee6c2fb8dddd362f8b9b570d11fecbd139f1b67a6cc1fbcdfb08b70f202be,837049,0.0,20,9.619804205722176,837049,0.0,16,7.781885705771856,837049,0.0,12,5.981037123827264,837049,0.0,8,4.113630456849933,837049,0.0,0,0
component_p2_seed17,component,case_027,2,4,1424,02_1001..5000,24,20,4,0,"{""success"": 24}",9.199526916025206,9.35186212498229,0.133084094,8.429533752147108,8.391164627159014,0.03836912498809397,5.170835833065212,6.846961831790395,0,0.4907869159942493,0.27920624788384885,0.15233520895708352,254867,559196,1,component,0,0,/Users/liyu/Desktop/中文题目/A题研究/advanced_solver/runs/formal_v2/component_p2_seed17/slots/case_027/p2_n4/attempt_0001/summary.json,58ff8ca87196ccc58adb3035c1d283201064fc85c4c3814d8af6f5b5ca1eac3a,3fc1430b989212d5fea4e627e8df46cea5edd3de8e989142ec24e57fa0593ce1,559196,0.0,20,8.391164627159014,559196,0.0,16,6.740736834122799,559196,0.0,12,5.077284958097152,559196,0.0,8,3.474975167075172,559196,0.0,0,0
component_p2_seed17,component,case_027,2,5,1424,02_1001..5000,24,19,5,0,"{""success"": 24}",9.796536041074432,9.949665583088063,0.120928772,8.728683291818015,8.691790583892725,0.03689270792528987,5.240517415688373,6.896235375897959,0,0.7555111659457907,0.31234158331062645,0.15312954201363027,264539,558753,1,component,0,0,/Users/liyu/Desktop/中文题目/A题研究/advanced_solver/runs/formal_v2/component_p2_seed17/slots/case_027/p2_n5/attempt_0001/summary.json,5940b4dca7bcee5b35fdb6527a7e05bcc36df929a934d76267e99fd2cb5f76e3,f111390bd3c6365b8fb51aa71acd7100d936ee48eb2724d26478afc232c8e6a5,558753,0.0,20,8.696008124854416,558753,0.0,16,6.979874415905215,558753,0.0,12,5.005504957982339,558753,0.0,8,2.972694916999899,558753,0.0,0,0
component_p2_seed17,component,case_028,2,2,19584,04_>10000,8,3,5,0,"{""success"": 8}",52.876384041970596,53.10501741699409,0.482636916,51.59558920911513,51.510047959163785,0.08554124995134771,49.37129295815248,51.159444917109795,0,0.5220347089925781,0.7587601238628849,0.22863337502349168,479759,23638628,1,component,0,0,/Users/liyu/Desktop/中文题目/A题研究/advanced_solver/runs/formal_v2/component_p2_seed17/slots/case_028/p2_n2/attempt_0001/summary.json,24a67f04dedfdbf62ea6b637291351048e5737459ffd08b609d7e5ae851bf531,1f07554af8add9e314b1abf66193fee28654359fbe30d10d9cb55344980aa2d0,23638628,0.0,4,51.52649725112133,23638628,0.0,0,0,23638628,0.0,0,0,23638628,0.0,0,0,23638628,0.0,0,0
component_p2_seed17,component,case_025,2,3,18662,04_>10000,12,8,4,0,"{""success"": 12}",100.57214141602162,100.86229462502524,0.905706896,98.10849954211153,98.02686837513465,0.08163116697687656,92.88095746003091,97.07216741505545,0,1.2969229159643874,1.1667189579457045,0.29015320900361985,992524,1622164,1,component,0,0,/Users/liyu/Desktop/中文题目/A题研究/advanced_solver/runs/formal_v2/component_p2_seed17/slots/case_025/p2_n3/attempt_0001/summary.json,c3c154e8a4fb407a6fc6db9656826949c0e11f2abbbe2ba4eda6cc138ad9cb20,aefcb4bc742917f55719d1e8b8c95b686945870856c8c59f2a4055521bd4a56f,1622164,0.0,8,98.02686837513465,1622164,0.0,4,59.21122741594445,1622164,0.0,0,0,1622164,0.0,0,0,1622164,0.0,0,0
component_p2_seed17,component,case_028,2,3,19584,04_>10000,12,8,4,0,"{""success"": 12}",117.10596616601106,117.32386429200415,0.644188938,115.19607608416118,115.1175211671507,0.07855491701047868,109.36436708492693,114.10195112496149,0,0.865371958934702,1.0445181229151785,0.2178981259930879,525116,16770711,1,component,0,0,/Users/liyu/Desktop/中文题目/A题研究/advanced_solver/runs/formal_v2/component_p2_seed17/slots/case_028/p2_n3/attempt_0001/summary.json,3e6b8f03e3a506d6b0db9b67a1669d97bde093ddad8a42048bf47242e7fc5448,066be386cbe37226b98e331d32a093dee792c08bd0c6358fb01cf98332c9ab1e,16770711,0.0,8,115.1175211671507,16770711,0.0,4,66.51101687503979,16770711,0.0,0,0,16770711,0.0,0,0,16770711,0.0,0,0
component_p2_seed17,component,case_014,2,2,35705,04_>10000,24,18,6,0,"{""success"": 24}",591.541227416019,591.8870161670493,2.360204278,585.5713468742324,585.4001341252588,0.17121274897363037,563.482347044861,582.753325708094,0,2.6403043750906363,3.329576166695915,0.3457887510303408,1498374,8816332,21,component,0,0,/Users/liyu/Desktop/中文题目/A题研究/advanced_solver/runs/formal_v2/component_p2_seed17/slots/case_014/p2_n2/attempt_0001/summary.json,1508e2aaa574463da1eff6d631079f673adbbbde1af0b64bf24702b23c2a8ee0,2bd3bc83e402bd18617c418dfc49df76289a94a640e181ff217c48e81e3481fb,8877003,0.006881660082673768,20,585.4486580832163,8877003,0.006881660082673768,16,484.5380142071517,8877003,0.006881660082673768,12,370.54516587406397,8819102,0.0003141896199008176,8,236.9358991230838,8816332,0.0,0,0
component_p2_seed17,component,case_025,2,4,18662,04_>10000,16,12,4,0,"{""success"": 16}",130.69804262497928,130.96246274991427,0.722244423,127.2519977480406,127.15673112298828,0.09526662505231798,119.67069683305454,125.73746604123153,0,1.988740082946606,1.4573047939920798,0.26442012493498623,1191305,1217444,1,component,0,0,/Users/liyu/Desktop/中文题目/A题研究/advanced_solver/runs/formal_v2/component_p2_seed17/slots/case_025/p2_n4/attempt_0001/summary.json,804b42de8b173ebf8565e5851b37689636f561442270e34c1510df861c012bb2,821b4d1540dde24b84b98b236ccc6d29091d73da67556c97e706de2f19e50e4c,1217444,0.0,12,127.15673112298828,1217444,0.0,8,89.68808737397194,1217444,0.0,4,53.306843874044716,1217444,0.0,0,0,1217444,0.0,0,0
component_p2_seed17,component,case_028,2,4,19584,04_>10000,16,12,4,0,"{""success"": 16}",148.43365279200953,148.66068795893807,0.872399271,146.1859311228618,146.11353883182164,0.07239229104015976,138.0164183761226,144.83996649901383,0,1.0907515420112759,1.1569701271364465,0.22703516692854464,573172,13608312,1,component,0,0,/Users/liyu/Desktop/中文题目/A题研究/advanced_solver/runs/formal_v2/component_p2_seed17/slots/case_028/p2_n4/attempt_0001/summary.json,a2de7b70cd48e4d249fb37d35c20317d3ef82bf183ba71968391c43e03e099e6,170b7e69b245ac6a9358ee5a893fb6e7e9069664fd205674431a31e9ca19602c,13608312,0.0,12,146.11353883182164,13608312,0.0,8,105.93140574870631,13608312,0.0,4,64.75310279079713,13608312,0.0,0,0,13608312,0.0,0,0
component_p2_seed17,component,case_025,2,5,18662,04_>10000,20,15,5,0,"{""success"": 20}",146.08556491706986,146.35447366698645,0.930945125,141.98822058388032,141.89767820877023,0.09054237511008978,132.67752749973442,140.15778445999604,0,2.4481475830543786,1.649196750135161,0.26890874991659075,1392756,975282,1,component,0,0,/Users/liyu/Desktop/中文题目/A题研究/advanced_solver/runs/formal_v2/component_p2_seed17/slots/case_025/p2_n5/attempt_0001/summary.json,3ce7f738f8bfdb8116ea83c60d912c3e399f844880511452a7a4e45313d0a622,e4a6e54de16eaf514a31e7116c8f7ba2a0298187dc2b09eb7d1478a8c6c2557d,975282,0.0,16,141.91374820878264,975282,0.0,12,112.19667833391577,975282,0.0,8,80.91845866595395,975282,0.0,4,53.50597683293745,975282,0.0,0,0
component_p2_seed17,component,case_029,2,2,861,01_<=1000,8,3,5,0,"{""success"": 8}",1.0255025420337915,1.1560204169945791,0.030075993,0.9265399160794914,0.8864929999690503,0.04004691611044109,0.4053653341252357,0.5834334170212969,0,0.02151620900258422,0.07744641695171595,0.1305178749607876,95501,19740,1,component,0,0,/Users/liyu/Desktop/中文题目/A题研究/advanced_solver/runs/formal_v2/component_p2_seed17/slots/case_029/p2_n2/attempt_0001/summary.json,70495e2164108f4b94eddb6b34e3b301dfcebfbcf36b0054764cf0c530b606e4,3d2d82cc0f5fcb826747dee0422fa096813f0cb12ee7f44427c60b21aa82b768,19740,0.0,4,0.8908435830380768,19740,0.0,0,0,19740,0.0,0,0,19740,0.0,0,0,19740,0.0,0,0
component_p2_seed17,component,case_029,2,3,861,01_<=1000,12,8,4,0,"{""success"": 12}",2.527256125002168,2.659226540941745,0.039000624,2.3762805002043024,2.3422512091929093,0.03402929101139307,1.048970373813063,1.533643167000264,0,0.03769029094837606,0.11328533384948969,0.13197041593957692,132190,12743,1,component,0,0,/Users/liyu/Desktop/中文题目/A题研究/advanced_solver/runs/formal_v2/component_p2_seed17/slots/case_029/p2_n3/attempt_0001/summary.json,126e58da85fe32c34f1c896711f19976de6d66fcdc018f4f1ad25dbeebab612c,4d65d0fe4e3ab417e66f221d1a2a863f3427d7e264f13043518d22369d9d6696,12743,0.0,8,2.3422512091929093,12743,0.0,4,1.1790118330391124,12743,0.0,0,0,12743,0.0,0,0,12743,0.0,0,0
component_p2_seed17,component,case_029,2,4,861,01_<=1000,16,12,4,0,"{""success"": 16}",3.6395102080423385,3.764167584013194,0.04084301,3.4283404159359634,3.3973257910693064,0.03101462486665696,1.497467458830215,2.2484932902734727,0,0.05230008403304964,0.15886970807332546,0.12465737597085536,171556,11028,1,component,0,0,/Users/liyu/Desktop/中文题目/A题研究/advanced_solver/runs/formal_v2/component_p2_seed17/slots/case_029/p2_n4/attempt_0001/summary.json,dee6b914c9396a13ee9fa04d637259ac62c3b4d131d6f1e82251ff393cb3b106,9c60585467f2e7c9aa2d295c3266866956f4a113ffa8768be64b534e330e26b3,11028,0.0,12,3.3973257910693064,11028,0.0,8,2.2629733331268653,11028,0.0,4,1.133036042097956,11028,0.0,0,0,11028,0.0,0,0
component_p2_seed17,component,case_029,2,5,861,01_<=1000,20,15,5,0,"{""success"": 20}",4.3511959159513935,4.47607724997215,0.05837802,4.086209749453701,4.049912666669115,0.036297082784585655,1.8393548759631813,2.754944291082211,0,0.06575645902194083,0.19922970747575164,0.12488133402075619,213515,9383,1,component,0,0,/Users/liyu/Desktop/中文题目/A题研究/advanced_solver/runs/formal_v2/component_p2_seed17/slots/case_029/p2_n5/attempt_0001/summary.json,a0cae294e6a53407c2ce4f6438889b59b71dced4afdb7c9ce5d30d5637c3ff8f,6f4c19fee077873fedecd786503167f894bf5f7a803699a04a26efed0e0e2531,9383,0.0,16,4.053667166619562,9383,0.0,12,3.0871690837666392,9383,0.0,8,2.373063375824131,9383,0.0,4,1.1883457088842988,9383,0.0,0,0
component_p2_seed17,component,case_030,2,2,10070,04_>10000,24,18,6,0,"{""success"": 24}",67.87156866595615,68.05630783399101,0.622160135,66.29659812583122,66.22243391594384,0.07416420988738537,59.52272149885539,64.46969516715035,0,0.6658397089922801,0.9091308311326429,0.18473916803486645,595247,1388868,17,component,0,0,/Users/liyu/Desktop/中文题目/A题研究/advanced_solver/runs/formal_v2/component_p2_seed17/slots/case_030/p2_n2/attempt_0001/summary.json,8e667bfd2438dc2ff545be069289a64be2be94ca4f85a87b507389689efe4e2f,a05cd8a056c65a796bcabb7736d57531b53cf8dd094fc2badfb0e5d264ebdd64,1402599,0.009886468692489103,20,66.24012366693933,1402599,0.009886468692489103,16,56.886617958778515,1400417,0.008315405063692216,12,45.97718104184605,1400417,0.008315405063692216,8,30.82067091681529,1388868,0.0,0,0
component_p2_seed17,component,case_028,2,5,19584,04_>10000,20,15,5,0,"{""success"": 20}",171.24413683300372,171.4622032919433,1.031603912,168.26756762585137,168.17907329287846,0.08849433297291398,158.24656658328604,166.5332220827695,0,1.5993875419953838,1.377181665156968,0.21806645893957466,623970,11491035,1,component,0,0,/Users/liyu/Desktop/中文题目/A题研究/advanced_solver/runs/formal_v2/component_p2_seed17/slots/case_028/p2_n5/attempt_0001/summary.json,4ed234e8005624bec90babf6cfa3711844e6e8efdfd1a9e3a38cccd801119b2d,0388041ebe923786ccd640bb04be0dfd672943069fcd2e8f92e758a19093a3ea,11491035,0.0,16,168.19199620885774,11491035,0.0,12,133.19060033280402,11491035,0.0,8,100.77104870777112,11491035,0.0,4,68.87211095890962,11491035,0.0,0,0
component_p2_seed17,component,case_030,2,3,10070,04_>10000,24,20,4,0,"{""success"": 24}",72.78260425000917,72.97648862504866,0.641123748,70.39108691795263,70.33281141810585,0.05827549984678626,62.212603498017415,68.15971125022043,0,1.3922287919558585,0.9992885401006788,0.19388437503948808,581974,932203,11,component,0,0,/Users/liyu/Desktop/中文题目/A题研究/advanced_solver/runs/formal_v2/component_p2_seed17/slots/case_030/p2_n3/attempt_0001/summary.json,879408554369c3faddecde84c4c0f32f9b2dc30b96ac52fbef44e3fdc96b0c8f,4433142404f5cf0c883d204178b513fb6db7ee7784d74c2a7128bff553b4194f,933857,0.0017742916510674611,20,70.33281141810585,932802,0.0006425639050722243,16,57.232783376122825,932203,0.0,12,43.479009333997965,932203,0.0,8,27.985787416924722,932203,0.0,0,0
component_p2_seed17,component,case_031,2,2,6135,03_5001..10000,19,13,6,0,"{""success"": 19}",25.787486082990654,25.94648183393292,0.288393744,25.046869666082785,24.983040833147243,0.06382883293554187,21.412635834072717,23.778737997054122,0,0.255562083912082,0.48505433299578726,0.15899575094226748,314362,717771,14,component,0,0,/Users/liyu/Desktop/中文题目/A题研究/advanced_solver/runs/formal_v2/component_p2_seed17/slots/case_031/p2_n2/attempt_0001/summary.json,f78ab8c8fe2570b86b041c676eba65911d41e9bc3dcc709cd653f1ed578eb424,8778de05c310ba72d85813b32e6b8d7db4d66dd7c95bff2b702985c26ce47ef7,728160,0.014473975683052087,15,24.998338083154522,728160,0.014473975683052087,11,19.635176165145822,728160,0.014473975683052087,7,13.815770124085248,717771,0.0,3,6.5533454570686445,717771,0.0,0,0
component_p2_seed17,component,case_031,2,3,6135,03_5001..10000,24,20,4,0,"{""success"": 24}",37.70149816595949,37.874053874984384,0.381447324,36.450299330987036,36.40376783092506,0.04653150006197393,30.50948487687856,34.33883987762965,0,0.6210302079562098,0.6301686270162463,0.17255570902489126,365572,485202,1,component,0,0,/Users/liyu/Desktop/中文题目/A题研究/advanced_solver/runs/formal_v2/component_p2_seed17/slots/case_031/p2_n3/attempt_0001/summary.json,432ba9fad96e9f0ec2f55cf78a54211a7901d05d7ef620f5cf54ed7516eb0334,3ffe96239ed7ab78377a843cc0f4f61eae62c5db4cb121c77737723d48be5ae5,485202,0.0,20,36.40376783092506,485202,0.0,16,29.471700205816887,485202,0.0,12,21.68080420687329,485202,0.0,8,14.54607328993734,485202,0.0,0,0
component_p2_seed17,component,case_030,2,4,10070,04_>10000,24,20,4,0,"{""success"": 24}",68.60974858293775,68.80584341706708,0.613519393,65.96420158084948,65.90951233077794,0.054689250071533024,57.526334668044,63.769625000306405,0,1.6821747079957277,0.9633722940925509,0.19609483412932605,614413,696595,12,component,0,0,/Users/liyu/Desktop/中文题目/A题研究/advanced_solver/runs/formal_v2/component_p2_seed17/slots/case_030/p2_n4/attempt_0001/summary.json,471f2c354d8678017f57b6be7746a06d4fee27f370494b87c1c7c265a7998764,85f66cbb3e345a69bc5d42c7d95ce4e999b4000560f557710c36f073a7e01520,700342,0.005379022243914955,20,65.90951233077794,700342,0.005379022243914955,16,54.12255545693915,696595,0.0,12,40.22763078985736,696595,0.0,8,26.87685779191088,696595,0.0,0,0
component_p2_seed17,component,case_031,2,4,6135,03_5001..10000,24,20,4,0,"{""success"": 24}",38.492239834042266,38.65649270801805,0.38054911,36.891909000929445,36.8422769169556,0.04963208397384733,30.903750169207342,34.842706876806915,0,0.953495291993022,0.646835541119799,0.1642528739757836,379127,378248,6,component,0,0,/Users/liyu/Desktop/中文题目/A题研究/advanced_solver/runs/formal_v2/component_p2_seed17/slots/case_031/p2_n4/attempt_0001/summary.json,ffac727d8fa4b80de99ad02db7ab68247030a1f32dff0fda7c74733f274ce80a,36093aeaf483877fe67d0426856a2549fd3e845bed1e3629f5cf47f24a3c874a,394555,0.043111926566697045,20,36.8422769169556,378248,0.0,16,29.688474748982117,378248,0.0,12,22.95955295697786,378248,0.0,8,14.88098045787774,378248,0.0,0,0
component_p2_seed17,component,case_031,2,5,6135,03_5001..10000,24,20,4,0,"{""success"": 24}",36.075428333948366,36.27927558403462,0.404101694,33.96161374996882,33.911927418084815,0.049686331884004176,28.10208733403124,31.92696300323587,0,1.4422884170198813,0.6715261669596657,0.20384725008625537,383484,306213,1,component,0,0,/Users/liyu/Desktop/中文题目/A题研究/advanced_solver/runs/formal_v2/component_p2_seed17/slots/case_031/p2_n5/attempt_0001/summary.json,d6219fdfb2ffff7988e182a2609ff2a2f5e5d683f540875cfb82f108af2e18c0,abb230b29db8bad88e694dc12780082b0eed603e7c816ffd7e2a28265b88fa2b,306213,0.0,20,33.911927418084815,306213,0.0,16,27.27270987513475,306213,0.0,12,20.69934404117521,306213,0.0,8,13.684372082119808,306213,0.0,0,0
component_p2_seed17,component,case_032,2,2,827,01_<=1000,24,18,6,0,"{""success"": 24}",5.099525791010819,5.262527833110653,0.066484979,4.77476379100699,4.721213459037244,0.05355033196974546,2.0778987507801503,3.198289040941745,0,0.0853620000416413,0.2393999999621883,0.1630020420998335,222281,17325,5,component,0,0,/Users/liyu/Desktop/中文题目/A题研究/advanced_solver/runs/formal_v2/component_p2_seed17/slots/case_032/p2_n2/attempt_0001/summary.json,b8443620e8dab3f51a52d436424487aa5f6ee320f3755e3d34f3f42bf9ef7b8d,d47d0f6ceeb520258f83dc6f1d4aeaa5a14a0ce8f29982644444070579ca7d91,17690,0.021067821067821013,20,4.729118084069341,17325,0.0,16,3.6000725409248844,17325,0.0,12,2.593612874043174,17325,0.0,8,1.8772022080374882,17325,0.0,0,0
component_p2_seed17,component,case_032,2,3,827,01_<=1000,24,20,4,0,"{""success"": 24}",5.467115499894135,5.619940583943389,0.280362535,5.096426582080312,5.059899748186581,0.036526833893731236,2.1871729189297184,3.393226624233648,0,0.13994962500873953,0.2307392928050831,0.15282508404925466,235454,11865,22,component,0,0,/Users/liyu/Desktop/中文题目/A题研究/advanced_solver/runs/formal_v2/component_p2_seed17/slots/case_032/p2_n3/attempt_0001/summary.json,b507c8655ac348d1ffe926c04e45bef669576b1484bf3577b139db96f0ce54a2,0ebd54765d15191b7d91dcea976787c5ea29070b51a5da74ec29d6948bf64452,11874,0.0007585335018962525,20,5.059899748186581,11874,0.0007585335018962525,16,4.106224621995352,11874,0.0007585335018962525,12,3.0785936639877036,11874,0.0007585335018962525,8,1.9877130819950253,11865,0.0,0,0
component_p2_seed17,component,case_030,2,5,10070,04_>10000,24,19,5,0,"{""success"": 24}",65.39076833310537,65.59155512508005,0.68550886,61.63388603867497,61.555477580754086,0.07840845792088658,53.71355149988085,59.59097366698552,0,2.7561259999638423,1.0007562944665551,0.20078679197467864,600358,560451,7,component,0,0,/Users/liyu/Desktop/中文题目/A题研究/advanced_solver/runs/formal_v2/component_p2_seed17/slots/case_030/p2_n5/attempt_0001/summary.json,5c52a5fcc330b1f51a71fea572d7787b09bd42ca4263d5049e451978bbb738ca,94cafe66696319f11e2b5e137e468ab07c66cc788b800f498fbb6980d8bc5895,561102,0.0011615645257123663,20,61.56684970576316,560451,0.0,16,48.60303245682735,560451,0.0,12,35.76192895777058,560451,0.0,8,22.961604457814246,560451,0.0,0,0
component_p2_seed17,component,case_032,2,4,827,01_<=1000,24,20,4,0,"{""success"": 24}",5.5141862909076735,5.651053959038109,0.070314958,5.104299497790635,5.075730621814728,0.02856887597590685,2.251491958857514,3.501729831798002,0,0.16295745898969471,0.2469293341273442,0.13686766813043505,239744,10285,3,component,0,0,/Users/liyu/Desktop/中文题目/A题研究/advanced_solver/runs/formal_v2/component_p2_seed17/slots/case_032/p2_n4/attempt_0001/summary.json,e40d5c29a2eda1b9aace1f0260f94a9c8160a9793d1be7ed7cda85ca26846a91,e6e7a683ade68057ab412117a29b8d9f433354f5557f9589a38bac1374acc22b,10285,0.0,20,5.075730621814728,10285,0.0,16,4.104129621759057,10285,0.0,12,3.139954831916839,10285,0.0,8,2.188589249853976,10285,0.0,0,0
component_p2_seed17,component,case_032,2,5,827,01_<=1000,24,20,4,0,"{""success"": 24}",5.951717290910892,6.097471417044289,0.06306017,5.447456084075384,5.3983218340436,0.04913425003178418,2.3379358742386103,3.60878941800911,0,0.23998937499709427,0.2642718318384141,0.14575412613339722,247774,10285,5,component,0,0,/Users/liyu/Desktop/中文题目/A题研究/advanced_solver/runs/formal_v2/component_p2_seed17/slots/case_032/p2_n5/attempt_0001/summary.json,b40cfd933cc1db800f1e51f8838970094ad97bb63515454176b9e5c15be16095,5204230a6c695b9ee936f014a8287c09b48f2f35c481112886f8ede64ac1528c,10414,0.012542537676227594,20,5.3983218340436,10285,0.0,16,4.193927707965486,10285,0.0,12,3.0809015829581767,10285,0.0,8,2.0123538320185617,10285,0.0,0,0
component_p2_seed17,component,case_033,2,2,3465,02_1001..5000,24,18,6,0,"{""success"": 24}",20.236075750086457,20.378897250047885,0.252226135,19.555165374069475,19.50185662508011,0.053308748989365995,15.404085538117215,17.869437915156595,0,0.2613974579144269,0.419512918102555,0.14282149996142834,304568,883929,19,component,0,0,/Users/liyu/Desktop/中文题目/A题研究/advanced_solver/runs/formal_v2/component_p2_seed17/slots/case_033/p2_n2/attempt_0001/summary.json,6df1d3194e9d437e4f85936b7fda4e1d5453825bf8bb87ac6d7c7a38ee0cf1bd,e2ff5096be667ec6068524aff6da30b0c4da15c145f63daa21087d251d7fc5ef,900290,0.018509405167157045,20,19.514667999115773,894449,0.011901408371034261,16,15.65776537405327,894449,0.011901408371034261,12,11.841308039962314,894449,0.011901408371034261,8,7.532618041033857,883929,0.0,0,0
component_p2_seed17,component,case_034,2,2,3745,02_1001..5000,24,18,6,0,"{""success"": 24}",19.59347083303146,19.740956166991964,0.251220005,18.778237295220606,18.723467545234598,0.05476974998600781,14.50112049980089,16.999347211094573,0,0.3069043749710545,0.5083291628398001,0.14748533396050334,333752,384440,8,component,0,0,/Users/liyu/Desktop/中文题目/A题研究/advanced_solver/runs/formal_v2/component_p2_seed17/slots/case_034/p2_n2/attempt_0001/summary.json,0c2264813255e9e7e3ad18fe9b56cf2553660f1683c185e9345494e59ee30c68,1891020c5769b9a4a8cac989aae754c0c1b60b06060fa9f3d659629ef3e9396f,393231,0.02286702736447821,20,18.737383087165654,384440,0.0,16,14.705861043999903,384440,0.0,12,11.766623917850666,384440,0.0,8,8.46912275091745,384440,0.0,0,0
full_p1_seed17,full,case_001,1,2,600,01_<=1000,12,9,3,0,"{""success"": 12}",1.7391275420086458,1.804130999953486,0.024561321,1.668383833952248,1.654974002041854,0.013409831910394132,0.8591388339409605,1.1905938349664211,0,0.024612249922938645,0.04613145813345909,0.06500345794484019,116181,116868,1,component,0,0,/Users/liyu/Desktop/中文题目/A题研究/advanced_solver/runs/formal_v2/full_p1_seed17/slots/case_001/p1_n2/attempt_0001/summary.json,b7a08cafc35a6641a2c489e186bd5afb4cdb6e7e464a65458b3ee75124260d86,eaf993778dfc755777ac372031b6ab39744308856568938696f07c51bc77b4c0,116868,0.0,8,1.5198673770064488,116868,0.0,4,0.6168740430148318,116868,0.0,0,0,116868,0.0,0,0,116868,0.0,0,0
full_p1_seed17,full,case_002,1,2,1798,02_1001..5000,9,8,1,0,"{""success"": 9}",4.078384874970652,4.147142041940242,0.039296213,3.983879413921386,3.9745398309314623,0.009339582989923656,2.990562083898112,3.4591087490553036,0,0.04092512489296496,0.0535803361563012,0.06875716696958989,97768,252542,4,operation,0,0,/Users/liyu/Desktop/中文题目/A题研究/advanced_solver/runs/formal_v2/full_p1_seed17/slots/case_002/p1_n2/attempt_0001/summary.json,aa6372a53e88de30b25beda5114a454cabdb54c72184eec69c3df9d83b984033,81ef53fb3d64a43f62710597782ac6f2853c0f55bab6ca8af55e2ee9b03b3d1e,252542,0.0,5,2.543704249081202,252542,0.0,1,0.41281950008124113,252542,0.0,0,0,252542,0.0,0,0,252542,0.0,0,0
full_p1_seed17,full,case_001,1,3,600,01_<=1000,12,12,0,0,"{""success"": 12}",2.498862292035483,2.5597099169390276,0.027316598,2.402489665313624,2.402489665313624,0,1.157302375184372,1.612768791615963,0,0.04580316704232246,0.05056945967953652,0.060847624903544784,118913,78545,1,component,0,0,/Users/liyu/Desktop/中文题目/A题研究/advanced_solver/runs/formal_v2/full_p1_seed17/slots/case_001/p1_n3/attempt_0001/summary.json,360a5589c53d4d8fee70e19064652bf7e5da66896d3362c8b00b13f218201c46,6babbb7080831a4592200265f9fbfd8f7d0d2d085332c1f8eb670189e109d487,78545,0.0,8,1.675495249335654,78545,0.0,4,0.7249842911260203,78545,0.0,0,0,78545,0.0,0,0,78545,0.0,0,0
full_p1_seed17,full,case_001,1,4,600,01_<=1000,12,12,0,0,"{""success"": 12}",2.523364291060716,2.590400333981961,0.039058545,2.407580207916908,2.407580207916908,0,1.1079490000847727,1.60000054189004,0,0.0602225010516122,0.05556158209219575,0.0670360429212451,121290,58984,1,component,0,0,/Users/liyu/Desktop/中文题目/A题研究/advanced_solver/runs/formal_v2/full_p1_seed17/slots/case_001/p1_n4/attempt_0001/summary.json,df71ddb7b64b44b6927a21904c52b5923f3d1624c386f7d0c82c2f9a2b48aa55,b8e10042992c13f17d11dcf5726c1c55ffd5fd965cba07987e8bd1c839082b25,58984,0.0,8,1.7142493738792837,58984,0.0,4,0.6849606259493157,58984,0.0,0,0,58984,0.0,0,0,58984,0.0,0,0
full_p1_seed17,full,case_001,1,5,600,01_<=1000,12,8,4,0,"{""success"": 12}",1.8978475000476465,1.9654555839952081,0.038567415,1.7530157068977132,1.7366698740515858,0.01634583284612745,0.7914701658301055,1.2099553312873468,0,0.09057749900966883,0.05425429414026439,0.06760808394756168,123642,47502,1,component,0,0,/Users/liyu/Desktop/中文题目/A题研究/advanced_solver/runs/formal_v2/full_p1_seed17/slots/case_001/p1_n5/attempt_0001/summary.json,bf5e8926fdd23511627876339691de135c8c2f2590fb180a76fe27431ec2fb65,e77e4e276cce6c47bde5f0e59fd293686b82f1b83db44515befb44bcfa249e8b,47502,0.0,8,1.7366698740515858,47502,0.0,4,0.7176900829654187,47502,0.0,0,0,47502,0.0,0,0,47502,0.0,0,0
full_p1_seed17,full,case_002,1,3,1798,02_1001..5000,9,9,0,0,"{""success"": 9}",4.911211875034496,4.973450165940449,0.054120357,4.814380791038275,4.814380791038275,0,3.5817693748977035,4.221365584176965,0,0.03819620795547962,0.0586348760407418,0.062238290905952454,98839,171449,8,operation,0,0,/Users/liyu/Desktop/中文题目/A题研究/advanced_solver/runs/formal_v2/full_p1_seed17/slots/case_002/p1_n3/attempt_0001/summary.json,9e8418a0e32ef2c84ba95afb694b28f9f69abce5532b8e0a20cb6834000c97d1,06aedaebdb58cb0fa614d854a5de44320f1ea18f0d8aa5bf92fc359773a802f0,256431,0.49566926607912554,5,2.7698764159576967,171449,0.0,1,0.4053407079773024,171449,0.0,0,0,171449,0.0,0,0,171449,0.0,0,0
full_p1_seed17,full,case_004,1,2,777,01_<=1000,12,9,3,0,"{""success"": 12}",2.191529707983136,2.2591486669844016,0.03807766,2.100861917133443,2.0862284171162173,0.014633500017225742,1.1883443761616945,1.5529090417549014,0,0.03499754110816866,0.05567024974152446,0.06761895900126547,113081,199074,1,component,0,0,/Users/liyu/Desktop/中文题目/A题研究/advanced_solver/runs/formal_v2/full_p1_seed17/slots/case_004/p1_n2/attempt_0001/summary.json,795a24a3157fba44aff32829000993b59da1ac350388d660213d3c1a61cfb7c5,46cb32215659cb2bfe5ebfe17ddcc3923323adbe24e64741ed435bb35a53411e,199074,0.0,8,1.9521324591478333,199074,0.0,4,0.9000472100451589,199074,0.0,0,0,199074,0.0,0,0,199074,0.0,0,0
full_p1_seed17,full,case_004,1,3,777,01_<=1000,12,12,0,0,"{""success"": 12}",2.779189959052019,2.8432224999414757,0.030735422,2.6763506670249626,2.6763506670249626,0,1.5250312940916047,2.0487506242934614,0,0.046702791005373,0.056136501021683216,0.06403254088945687,115658,134043,1,component,0,0,/Users/liyu/Desktop/中文题目/A题研究/advanced_solver/runs/formal_v2/full_p1_seed17/slots/case_004/p1_n3/attempt_0001/summary.json,8241b783210fda3f6ae36ac3b88f13612b675398517ea006f4c7cba3fd013516,0cb4a4cc8b5fc416960ee829d6c792e4a80071e5fd1da2530a05884acdc586e4,134043,0.0,8,2.0309691248694435,134043,0.0,4,0.9033129579620436,134043,0.0,0,0,134043,0.0,0,0,134043,0.0,0,0
full_p1_seed17,full,case_002,1,4,1798,02_1001..5000,9,9,0,0,"{""success"": 9}",5.19414770801086,5.256535082939081,0.061164509,5.087051957030781,5.087051957030781,0,3.7419392078882083,4.481122585944831,0,0.042205457924865186,0.06489029305521399,0.062387374928221107,99957,195596,8,operation,0,0,/Users/liyu/Desktop/中文题目/A题研究/advanced_solver/runs/formal_v2/full_p1_seed17/slots/case_002/p1_n4/attempt_0001/summary.json,4a7a244b602afb680ef72150418523adfe212a1cbfc534053b67899267a59488,b3722dbb08645c445aacd93d8e76d58fc4cb039e2d258b2258cc601cc3d03e39,252542,0.29114092312726236,5,2.7669674571370706,195596,0.0,1,0.3694034159416333,195596,0.0,0,0,195596,0.0,0,0,195596,0.0,0,0
full_p1_seed17,full,case_004,1,4,777,01_<=1000,12,12,0,0,"{""success"": 12}",2.7763421250274405,2.8380785830086097,0.044618306,2.6509839579230174,2.6509839579230174,0,1.5264254999347031,2.044294287916273,0,0.06294579186942428,0.06241237523499876,0.061736457981169224,118189,104188,1,component,0,0,/Users/liyu/Desktop/中文题目/A题研究/advanced_solver/runs/formal_v2/full_p1_seed17/slots/case_004/p1_n4/attempt_0001/summary.json,d6e481ca5ff808fead1d7b78127bf76dde47d52e85e91e59063b345528298943,c280195aaf7bb77cc17bdb323d6160bda3f8d4ca54bd2915c684193b6b00dbec,104188,0.0,8,1.997082456946373,104188,0.0,4,0.8781784159364179,104188,0.0,0,0,104188,0.0,0,0,104188,0.0,0,0
full_p1_seed17,full,case_002,1,5,1798,02_1001..5000,9,8,1,0,"{""success"": 9}",5.023460750002414,5.0902279580477625,0.076445739,4.913382540922612,4.901592207956128,0.01179033296648413,3.6242854179581627,4.373339750920422,0,0.042412458918988705,0.06766575016081333,0.06676720804534853,102257,179186,6,operation,0,0,/Users/liyu/Desktop/中文题目/A题研究/advanced_solver/runs/formal_v2/full_p1_seed17/slots/case_002/p1_n5/attempt_0001/summary.json,15aab50d976659abaf983cf5a13fac6b6467dc5cc37c2600066c04ae96845b59,b4424556498ac69fa0adfc13f5fbe57c65cb4776ce060eadcc1ef173518d04c1,255584,0.4263614344870692,5,2.9300159148406237,179186,0.0,1,0.32277745800092816,179186,0.0,0,0,179186,0.0,0,0,179186,0.0,0,0
full_p1_seed17,full,case_004,1,5,777,01_<=1000,12,9,3,0,"{""success"": 12}",2.468807667028159,2.5313052920391783,0.101387522,2.3165735852671787,2.2985234601655975,0.018050125101581216,1.2827219588216394,1.74395145685412,0,0.09412062505725771,0.05811345670372248,0.06249762501101941,120594,88341,1,component,0,0,/Users/liyu/Desktop/中文题目/A题研究/advanced_solver/runs/formal_v2/full_p1_seed17/slots/case_004/p1_n5/attempt_0001/summary.json,6c8d531893e9dfe770ae315dd117177d92d736a17ac932f8762c72c1ccc4b62a,dfc911b4b7cbb2fd07153896da2f71b50d2ad3ef7acfdf589283bc084b086982,88341,0.0,8,2.1521281261229888,88341,0.0,4,0.943834749981761,88341,0.0,0,0,88341,0.0,0,0,88341,0.0,0,0
full_p1_seed17,full,case_006,1,2,678,01_<=1000,12,10,2,0,"{""success"": 12}",1.6772764589404687,1.7408461660379544,0.01871014,1.5798684577457607,1.5623842487111688,0.017484209034591913,0.7293054168112576,1.0391524994047359,0,0.043534541968256235,0.053873459226451814,0.06356970709748566,103412,45998,3,component,0,0,/Users/liyu/Desktop/中文题目/A题研究/advanced_solver/runs/formal_v2/full_p1_seed17/slots/case_006/p1_n2/attempt_0001/summary.json,aa28d4f925ebb26fd60caac9663b0b0eb1e085249774a0e0259739ff5808d320,3be4e7ee9f4bea194e3c360613a559a6f0fec5b07133dfa44357759858ff5f47,45998,0.0,8,1.2762373317964375,45998,0.0,4,0.6482183740008622,45998,0.0,0,0,45998,0.0,0,0,45998,0.0,0,0
full_p1_seed17,full,case_006,1,3,678,01_<=1000,12,12,0,0,"{""success"": 12}",2.2545823749387637,2.3218418339965865,0.02374848,2.145123247988522,2.145123247988522,0,0.9276484588626772,1.3271229570964351,0,0.055137375951744616,0.05432175099849701,0.06725945905782282,106057,31151,3,component,0,0,/Users/liyu/Desktop/中文题目/A题研究/advanced_solver/runs/formal_v2/full_p1_seed17/slots/case_006/p1_n3/attempt_0001/summary.json,64a87f0a17276be31445d7139e283af0745c414868f3dae78132d9bc6b77d437,56a2f7a9d00cec5114004a072a59df08ecf42a5a4013c769a087afbf0625458a,31151,0.0,8,1.467494874028489,31151,0.0,4,0.681025458034128,31151,0.0,0,0,31151,0.0,0,0,31151,0.0,0,0
full_p1_seed17,full,case_006,1,4,678,01_<=1000,12,12,0,0,"{""success"": 12}",2.1978131670039147,2.266286583035253,0.021675001,2.0694757499732077,2.0694757499732077,0,0.9222479169256985,1.3114665820030496,0,0.07276345801074058,0.055573959019966424,0.06847341603133827,108546,31425,3,component,0,0,/Users/liyu/Desktop/中文题目/A题研究/advanced_solver/runs/formal_v2/full_p1_seed17/slots/case_006/p1_n4/attempt_0001/summary.json,4e940573cc7e4d178191892d358dbaa57e2e0378d325baf5d0fc45e55a28a27e,e071c3dcde1afe6d364deeb0bf6a1b382579d4d1c73224975af9ac451d33790c,31425,0.0,8,1.4454197509912774,31425,0.0,4,0.6666815839707851,31425,0.0,0,0,31425,0.0,0,0,31425,0.0,0,0
full_p1_seed17,full,case_005,1,2,4113,02_1001..5000,9,8,1,0,"{""success"": 9}",7.3123927500564605,7.3989293340127915,0.050632948,7.111651374027133,7.0989588330267,0.012692541000433266,5.958273625001311,6.517404666170478,0,0.09056383301503956,0.11017754301428795,0.08653658395633101,141519,95439,8,operation,0,0,/Users/liyu/Desktop/中文题目/A题研究/advanced_solver/runs/formal_v2/full_p1_seed17/slots/case_005/p1_n2/attempt_0001/summary.json,c8628282755a19f0eed8edca0d188404bf356f2b493894bb784bcf016eefc32a,e66b5d8d8734fd4efcbac783f96de8ceeee3bb9e58f08f3e35136c3356d4d616,95618,0.0018755435409003596,5,4.10097654000856,95439,0.0,1,1.0316516660386696,95439,0.0,0,0,95439,0.0,0,0,95439,0.0,0,0
full_p1_seed17,full,case_006,1,5,678,01_<=1000,12,10,2,0,"{""success"": 12}",1.9105175839504227,1.9836092910263687,0.024730323,1.7565649992320687,1.7431150821503252,0.013449917081743479,0.8132050421554595,1.1714368350803852,0,0.09290633304044604,0.061046251677908,0.07309170707594603,110943,31729,3,component,0,0,/Users/liyu/Desktop/中文题目/A题研究/advanced_solver/runs/formal_v2/full_p1_seed17/slots/case_006/p1_n5/attempt_0001/summary.json,7041c3e54dc907cf146cb9f3c8af8cc73d7ad31e6620769ecbfb231bdcfd2bed,ff52dbc33154541ab6629619bbbdf3e05f326d78a4cef4051e62a17d101eda60,31729,0.0,8,1.4617078331066296,31729,0.0,4,0.6762078331084922,31729,0.0,0,0,31729,0.0,0,0,31729,0.0,0,0
full_p1_seed17,full,case_005,1,3,4113,02_1001..5000,9,9,0,0,"{""success"": 9}",8.139160207938403,8.212382499943487,0.059551827,7.9372205410618335,7.9372205410618335,0,6.710534541052766,7.349687165929936,0,0.0915123331360519,0.1104273337405175,0.07322229200508446,145390,95618,1,component,0,0,/Users/liyu/Desktop/中文题目/A题研究/advanced_solver/runs/formal_v2/full_p1_seed17/slots/case_005/p1_n3/attempt_0001/summary.json,80a6124a57fc428d007c10416a0779f1b034899dbac7e6748037f4c6f93835df,a7b0fe0da568104d4e21a8d9dcedc93554e4889f3e7b548ad4e290ea385a16fc,95618,0.0,5,3.6243675831938162,95618,0.0,1,0.756986791966483,95618,0.0,0,0,95618,0.0,0,0,95618,0.0,0,0
full_p1_seed17,full,case_005,1,4,4113,02_1001..5000,9,9,0,0,"{""success"": 9}",8.44770275009796,8.519607416004874,0.066832938,8.247035416890867,8.247035416890867,0,6.922264916007407,7.62797162507195,0,0.0881429580040276,0.11252437520306557,0.07190466590691358,143790,94672,8,operation,0,0,/Users/liyu/Desktop/中文题目/A题研究/advanced_solver/runs/formal_v2/full_p1_seed17/slots/case_005/p1_n4/attempt_0001/summary.json,15d08ddb64163fe4b47e01023871823f2f7776124796059961b17c52ed2f1cca,60641e7c25f3ae1001a3484c8b088b0f6045c5b694e467da66252513174fc503,95618,0.00999239479465941,5,3.659439582959749,94672,0.0,1,0.7629224159754813,94672,0.0,0,0,94672,0.0,0,0,94672,0.0,0,0
full_p1_seed17,full,case_005,1,5,4113,02_1001..5000,9,8,1,0,"{""success"": 9}",6.124129374977201,6.2045451670419425,0.071418608,5.921630664844997,5.906795039889403,0.01483562495559454,4.722890875884332,5.389171540969983,0,0.086918874992989,0.11557983513921499,0.08041579206474125,144834,94524,8,operation,0,0,/Users/liyu/Desktop/中文题目/A题研究/advanced_solver/runs/formal_v2/full_p1_seed17/slots/case_005/p1_n5/attempt_0001/summary.json,2173f6d0a3138d693858904970e5f5bca9036c97ef018be2666526156a9ed9d0,f2df51d7a9d8d760736a633eb3cd64b08b1f215094551d9bfe56040946068c9a,95618,0.011573780203969264,5,3.5907207899726927,94524,0.0,1,0.6887095409911126,94524,0.0,0,0,94524,0.0,0,0,94524,0.0,0,0
full_p1_seed17,full,case_007,1,2,3885,02_1001..5000,12,9,3,0,"{""success"": 12}",24.498619916965254,24.58097925002221,0.162707032,24.19986412487924,24.18038995785173,0.019474167027510703,22.23201200098265,23.568643124075606,0,0.16316345892846584,0.13559233315754682,0.08235933305695653,204460,507494,1,component,0,0,/Users/liyu/Desktop/中文题目/A题研究/advanced_solver/runs/formal_v2/full_p1_seed17/slots/case_007/p1_n2/attempt_0001/summary.json,e413a492e14482cd45bb06bbbc0037c532ca305a3512c39eec3431d410d650f2,905bd8afc455b63c525cb904c6ab293302bdf4760cd34aa51ac54c310b568b03,507494,0.0,8,23.233170374878682,507494,0.0,4,8.220219042035751,507494,0.0,0,0,507494,0.0,0,0,507494,0.0,0,0
full_p1_seed17,full,case_008,1,2,864,01_<=1000,12,9,3,0,"{""success"": 12}",2.69782462506555,2.7740894169546664,0.042086407,2.592989708064124,2.576840457157232,0.01614925090689212,1.5720919992309064,2.0435587511165068,0,0.03539712494239211,0.06943779205903411,0.07626479188911617,114175,244266,1,component,0,0,/Users/liyu/Desktop/中文题目/A题研究/advanced_solver/runs/formal_v2/full_p1_seed17/slots/case_008/p1_n2/attempt_0001/summary.json,6c2fdaf50b28100ef865819d0a51bb2a895826ccd02bcd062d9a744abbf39c6c,cc1cfa3859b13b60e6dc807bfd8d955824e1cd8683b29dc8997f83fa98d0d8a9,244266,0.0,8,2.371687541133724,244266,0.0,4,1.1771237500943244,244266,0.0,0,0,244266,0.0,0,0,244266,0.0,0,0
full_p1_seed17,full,case_008,1,3,864,01_<=1000,12,12,0,0,"{""success"": 12}",3.762946708011441,3.8350143340649083,0.052429423,3.6455282932147384,3.6455282932147384,0,2.2111932950792834,2.8618103760527447,0,0.044666958041489124,0.07275145675521344,0.07206762605346739,116722,163359,1,component,0,0,/Users/liyu/Desktop/中文题目/A题研究/advanced_solver/runs/formal_v2/full_p1_seed17/slots/case_008/p1_n3/attempt_0001/summary.json,6391b990889c97f0702f972094a7db18f20f1cc48aed791349b702c5e9aac088,c8a0a975b73cb4c5d585dff7c4682fb6888e691de0c21c0c1dc86d822599a303,163359,0.0,8,2.6734932501567528,163359,0.0,4,1.2221849591005594,163359,0.0,0,0,163359,0.0,0,0,163359,0.0,0,0
full_p1_seed17,full,case_008,1,4,864,01_<=1000,12,12,0,0,"{""success"": 12}",4.059926582966,4.13172891701106,0.052463882,3.918920376105234,3.918920376105234,0,2.287722749635577,3.0265195440733805,0,0.07012579101137817,0.07088041584938765,0.07180233404505998,119348,123060,1,component,0,0,/Users/liyu/Desktop/中文题目/A题研究/advanced_solver/runs/formal_v2/full_p1_seed17/slots/case_008/p1_n4/attempt_0001/summary.json,421a26549ec582ef2f2daeea211668bb83f38438084cc14aa52af9261cf4df2f,ba999d9413c8defc60d05cb60bf6ff9f79a2f4c694268c7b60e2e495cf83fb70,123060,0.0,8,2.873848377261311,123060,0.0,4,1.3255731681128964,123060,0.0,0,0,123060,0.0,0,0,123060,0.0,0,0
full_p1_seed17,full,case_008,1,5,864,01_<=1000,12,9,3,0,"{""success"": 12}",3.2588798330398276,3.3354693331057206,0.051702876,3.102876288816333,3.0842667889082804,0.018609499908052385,1.8910551678854972,2.504301708075218,0,0.07908066699746996,0.07692287722602487,0.07658950006589293,121812,100603,1,component,0,0,/Users/liyu/Desktop/中文题目/A题研究/advanced_solver/runs/formal_v2/full_p1_seed17/slots/case_008/p1_n5/attempt_0001/summary.json,46b33df0fbc804285a3b897b4c993f1ae77777f9a50e8ffd39882d1eeadae8c7,da1857cd7eb911ca2bacbefdb1093650d578d974f75a91e247d47015e7b80378,100603,0.0,8,2.8917229978833348,100603,0.0,4,1.253760540857911,100603,0.0,0,0,100603,0.0,0,0,100603,0.0,0,0
full_p1_seed17,full,case_007,1,3,3885,02_1001..5000,12,12,0,0,"{""success"": 12}",30.380304250051267,30.459941250039265,0.184728246,29.985341210034676,29.985341210034676,0,27.288849126081914,29.154775584116578,0,0.23353170894552022,0.16143133107107133,0.07963699998799711,206996,338094,1,component,0,0,/Users/liyu/Desktop/中文题目/A题研究/advanced_solver/runs/formal_v2/full_p1_seed17/slots/case_007/p1_n3/attempt_0001/summary.json,ba9c44e560f67fa0e3583b4e0df3fcb6f45fddeee19181f8693c78f835680782,2efe34fa47d82513c75bc6ef2dedf8250a40554d75616d2fa199e34bec6e0c5e,338094,0.0,8,23.118251334992237,338094,0.0,4,8.025096500874497,338094,0.0,0,0,338094,0.0,0,0,338094,0.0,0,0
full_p1_seed17,full,case_009,1,2,5671,03_5001..10000,12,9,3,0,"{""success"": 12}",19.88233091600705,19.970192458014935,0.093477446,19.461360956542194,19.439674373483285,0.02168658305890858,18.192852417123504,18.986244081752375,0,0.2306209170492366,0.1903490424156189,0.08786154200788587,198546,92198,1,component,0,0,/Users/liyu/Desktop/中文题目/A题研究/advanced_solver/runs/formal_v2/full_p1_seed17/slots/case_009/p1_n2/attempt_0001/summary.json,7be90eaf2bfa2f86a9fe1478e2067c7277aca1d595fbb8e46743ae5c8c1d2aee,4d3e454422d584211a12b168485fc25cb52fcae772a3a39cff65a476d986bd2c,92198,0.0,8,15.414299914380535,92198,0.0,4,7.63107645616401,92198,0.0,0,0,92198,0.0,0,0,92198,0.0,0,0
full_p1_seed17,full,case_003,1,2,13455,04_>10000,12,9,3,0,"{""success"": 12}",89.29008854192216,89.3944323330652,0.217646981,88.5302366259275,88.50699212506879,0.023244500858709216,86.25976012379397,87.80019512295257,0,0.42457533394917846,0.3352765820454806,0.10434379114303738,349125,538381,1,component,0,0,/Users/liyu/Desktop/中文题目/A题研究/advanced_solver/runs/formal_v2/full_p1_seed17/slots/case_003/p1_n2/attempt_0001/summary.json,962708295a6a7d16528138bad2a2090ad0fc7c1a3f602333d01fcd3f21f0f305,433385e2a76fb2b2389b7e6a681c82089e0012b5ab1ee63b2946ced7a7d7b7fa,538381,0.0,8,70.06153662502766,538381,0.0,4,32.346994249965064,538381,0.0,0,0,538381,0.0,0,0,538381,0.0,0,0
full_p1_seed17,full,case_007,1,4,3885,02_1001..5000,12,12,0,0,"{""success"": 12}",27.352506915922277,27.441501666908152,0.213596066,26.879344878718257,26.879344878718257,0,23.905956914066337,26.039148291223682,0,0.3128826250322163,0.16027941217180341,0.08899475098587573,209555,254398,1,component,0,0,/Users/liyu/Desktop/中文题目/A题研究/advanced_solver/runs/formal_v2/full_p1_seed17/slots/case_007/p1_n4/attempt_0001/summary.json,825718312564c6f39a9782b612d686c799ad039d021ded2b2897338a873de6e9,f3cca0155983d5df0c61ff6ccb09e1fd136145cf77b7a64923ed189d63e30dfb,254398,0.0,8,20.278995460947044,254398,0.0,4,7.907243209891021,254398,0.0,0,0,254398,0.0,0,0,254398,0.0,0,0
full_p1_seed17,full,case_009,1,3,5671,03_5001..10000,12,12,0,0,"{""success"": 12}",30.27950941596646,30.36864850006532,0.118231227,29.781224125181325,29.781224125181325,0,27.721731542842463,28.921502794139087,0,0.2995852918829769,0.19869999890215695,0.08913908409886062,200751,92207,1,component,0,0,/Users/liyu/Desktop/中文题目/A题研究/advanced_solver/runs/formal_v2/full_p1_seed17/slots/case_009/p1_n3/attempt_0001/summary.json,db09faf5e830354e465c666c4a3e80b224e410c243ced5d576e61aa3b5a4cdd6,11426563f2f92a37ef6d90a166c2fcf3da0be83b6070c966c84e9ddb59356325,92207,0.0,8,13.820822208072059,92207,0.0,4,7.483934915973805,92207,0.0,0,0,92207,0.0,0,0,92207,0.0,0,0
full_p1_seed17,full,case_007,1,5,3885,02_1001..5000,12,9,3,0,"{""success"": 12}",22.219661790993996,22.311765791033395,0.231001693,21.64631454180926,21.623875416931696,0.02243912487756461,18.930358584737405,20.966176873771474,0,0.40267237497027963,0.17067487421445549,0.09210400003939867,211966,203834,1,component,0,0,/Users/liyu/Desktop/中文题目/A题研究/advanced_solver/runs/formal_v2/full_p1_seed17/slots/case_007/p1_n5/attempt_0001/summary.json,126392624e5fd1266ad22a4e4edd143293a048ee5e477f2b929e3103964ca13e,edd34d26b3374cdf0ef456d679951d72e55f65d9f4b85f30eca4086139b4e271,203834,0.0,8,20.841094958013855,203834,0.0,4,7.210311291040853,203834,0.0,0,0,203834,0.0,0,0,203834,0.0,0,0
full_p1_seed17,full,case_010,1,2,667,01_<=1000,12,10,2,0,"{""success"": 12}",2.0343169999541715,2.1085984169039875,0.031552179,1.9202208721544594,1.9067791221896186,0.01344174996484071,0.8286987083265558,1.195040499791503,0,0.04804325010627508,0.06605287769343704,0.07428141694981605,104297,45626,1,component,0,0,/Users/liyu/Desktop/中文题目/A题研究/advanced_solver/runs/formal_v2/full_p1_seed17/slots/case_010/p1_n2/attempt_0001/summary.json,2dc3d0115edbd9ca5fd9d298d87eeed43b9afaf8c186388b50b93ced889d316e,61057f949babe2387a2bb67bb1493e96ef2abf503eb9bd34e455dcf553f18094,45626,0.0,8,1.4826703311409801,45626,0.0,4,0.7370122481370345,45626,0.0,0,0,45626,0.0,0,0,45626,0.0,0,0
full_p1_seed17,full,case_010,1,3,667,01_<=1000,12,12,0,0,"{""success"": 12}",2.4283476249547675,2.5062742499867454,0.02616692,2.30231295817066,2.30231295817066,0,1.0344640411203727,1.4691422908799723,0,0.06333833304233849,0.0626963337417692,0.07792662503197789,106004,30689,3,component,0,0,/Users/liyu/Desktop/中文题目/A题研究/advanced_solver/runs/formal_v2/full_p1_seed17/slots/case_010/p1_n3/attempt_0001/summary.json,b554ea3e72406189ca1c8e0cd21fd967a0d7d985230892601eb9833b83df5f08,261183e6a5c0594530d6df7e3a9e6e23c6e575e98696520a7aeff6ed83575af6,30689,0.0,8,1.5588864990277216,30689,0.0,4,0.8367019579745829,30689,0.0,0,0,30689,0.0,0,0,30689,0.0,0,0
full_p1_seed17,full,case_010,1,4,667,01_<=1000,12,12,0,0,"{""success"": 12}",2.6240667500533164,2.702400584006682,0.031971601,2.471735416096635,2.471735416096635,0,1.1380889180582017,1.6383417900651693,0,0.08272375003434718,0.06960758392233402,0.07833383395336568,109510,29856,1,component,0,0,/Users/liyu/Desktop/中文题目/A题研究/advanced_solver/runs/formal_v2/full_p1_seed17/slots/case_010/p1_n4/attempt_0001/summary.json,7440c44ece59a2b2cf65931ee871ba9d2dc269d67547af087e2077a8edc846c2,12b1ca3233822a85a528f026cf0004e1e3f7f04d37443113f6c9884866e2b4e8,29856,0.0,8,1.7261207092087716,29856,0.0,4,0.9027602099813521,29856,0.0,0,0,29856,0.0,0,0,29856,0.0,0,0
full_p1_seed17,full,case_009,1,4,5671,03_5001..10000,12,12,0,0,"{""success"": 12}",28.165970582980663,28.262892249971628,0.117071132,27.403660002048127,27.403660002048127,0,25.245686124195345,26.49207595991902,0,0.5478294580243528,0.21448112290818244,0.0969216669909656,202626,92216,1,component,0,0,/Users/liyu/Desktop/中文题目/A题研究/advanced_solver/runs/formal_v2/full_p1_seed17/slots/case_009/p1_n4/attempt_0001/summary.json,44c537cdf7a33cda52aa322b3aeb4f949997fcf94e87415e0b1c74d832441e6e,d7bdc2710d44d72cee8f5c86f69787a0c0d2f49b0c62daca93a86d4a10cfe351,92216,0.0,8,10.790741418022662,92216,0.0,4,5.401187667041086,92216,0.0,0,0,92216,0.0,0,0,92216,0.0,0,0
full_p1_seed17,full,case_010,1,5,667,01_<=1000,12,10,2,0,"{""success"": 12}",2.332893749931827,2.4149432909907773,0.031986351,2.165177875896916,2.1491727508837357,0.016005125013180077,1.0048738342011347,1.4508549580350518,0,0.10214870900381356,0.06556716503109783,0.08204954105895013,113245,30054,4,component,0,0,/Users/liyu/Desktop/中文题目/A题研究/advanced_solver/runs/formal_v2/full_p1_seed17/slots/case_010/p1_n5/attempt_0001/summary.json,d527b26acdbd41dd4116c4969ce2587fbdb0b2f7e56c558a5fbae3dd3ba96021,19b9f3aa76cdf4c0e103e3d38b76c9016938ccb5edb8fc775fea74883522ae19,30054,0.0,8,1.7806917510461062,30054,0.0,4,0.8403217510785908,30054,0.0,0,0,30054,0.0,0,0,30054,0.0,0,0
full_p1_seed17,full,case_011,1,2,688,01_<=1000,12,9,3,0,"{""success"": 12}",2.1165495000313967,2.1987514999927953,0.032466064,1.997926542069763,1.9810775831574574,0.016848958912305534,1.0430495439795777,1.4571914580883458,0,0.05225620896089822,0.06636674900073558,0.08220199996139854,104283,92646,1,component,0,0,/Users/liyu/Desktop/中文题目/A题研究/advanced_solver/runs/formal_v2/full_p1_seed17/slots/case_011/p1_n2/attempt_0001/summary.json,47f8588fc8f61c6167f245f946540d142474e2e64afd5c7399e4e62ac9fdb43a,3646297a2827f6acfe5123ce8e4bc04eb5ae9d5309700f1ed73a5cc13fb4650e,92646,0.0,8,1.7960386661579832,92646,0.0,4,0.8462462911847979,92646,0.0,0,0,92646,0.0,0,0,92646,0.0,0,0
full_p1_seed17,full,case_011,1,3,688,01_<=1000,12,12,0,0,"{""success"": 12}",3.0782755409600213,3.1644014170160517,0.041904155,2.8912352920742705,2.8912352920742705,0,1.4913003330584615,2.075922209303826,0,0.11186450091190636,0.07517574797384441,0.08612587605603039,106559,69625,1,component,0,0,/Users/liyu/Desktop/中文题目/A题研究/advanced_solver/runs/formal_v2/full_p1_seed17/slots/case_011/p1_n3/attempt_0001/summary.json,90d883656bcf96567670d8a17a0b5f621308d1d873126618b050c3517e3a81cd,2b01e191ea3c16d6c1a4c6854bcd626971c4dd324e0c0d3cece815bbd7693c0c,69625,0.0,8,2.0327249171677977,69625,0.0,4,0.9851892091101035,69625,0.0,0,0,69625,0.0,0,0,69625,0.0,0,0
full_p1_seed17,full,case_011,1,4,688,01_<=1000,12,12,0,0,"{""success"": 12}",2.9225662499666214,3.009568375069648,0.042087407,2.696265332051553,2.696265332051553,0,1.4280269171576947,2.0278673770371825,0,0.15508116700220853,0.07121975091286004,0.08700212510302663,109529,46880,1,component,0,0,/Users/liyu/Desktop/中文题目/A题研究/advanced_solver/runs/formal_v2/full_p1_seed17/slots/case_011/p1_n4/attempt_0001/summary.json,23555311914146eb5403028e4c1863612795450dbaac39745dd9df463f8ef4fb,6808d74b82104a16c5acac1828e4c0b7685bd2235eaffba9456ae9034a7d5be6,46880,0.0,8,1.899794624070637,46880,0.0,4,0.896933707059361,46880,0.0,0,0,46880,0.0,0,0,46880,0.0,0,0
full_p1_seed17,full,case_011,1,5,688,01_<=1000,12,8,4,0,"{""success"": 12}",2.1850763340480626,2.2609608749626204,0.044888309,1.9072652088943869,1.8871344178915024,0.020130791002884507,1.0569800408557057,1.4721102499170229,0,0.21355854300782084,0.06425258214585483,0.07588454091455787,111519,47287,1,component,0,0,/Users/liyu/Desktop/中文题目/A题研究/advanced_solver/runs/formal_v2/full_p1_seed17/slots/case_011/p1_n5/attempt_0001/summary.json,030cd89b12eb60c29cc3c7ccb81f4c05f9efe9a462e64f2a2bd4c8d2d98888cb,843fcf9a721711d08a3ed15f4c2d7ea90c033b80f3e3dd9c106065996f2852a5,47287,0.0,8,1.8871344178915024,47287,0.0,4,0.9441029578447342,47287,0.0,0,0,47287,0.0,0,0,47287,0.0,0,0
full_p1_seed17,full,case_012,1,2,972,01_<=1000,12,10,2,0,"{""success"": 12}",3.362223875010386,3.4456124999560416,0.047270624,3.2020422487985343,3.187401707866229,0.014640540932305157,1.8894680819939822,2.466337500954978,0,0.07440837402828038,0.08577325218357146,0.08338862494565547,110671,29964,3,component,0,0,/Users/liyu/Desktop/中文题目/A题研究/advanced_solver/runs/formal_v2/full_p1_seed17/slots/case_012/p1_n2/attempt_0001/summary.json,1b96b5f10a2067ef8d862c4911b85d9aa96161c91b954bebdfa5c0cfca538486,574df8d63df3ab920b8e887eac566ceee7054cb1fc271b2c4974565eda4f0c3f,29964,0.0,8,2.70118804089725,29964,0.0,4,1.2722588330507278,29964,0.0,0,0,29964,0.0,0,0,29964,0.0,0,0
full_p1_seed17,full,case_012,1,3,972,01_<=1000,12,12,0,0,"{""success"": 12}",4.49601875001099,4.591758499969728,0.046595076,4.241410207934678,4.241410207934678,0,2.441795003018342,3.1333720831898972,0,0.15722308296244591,0.09738545911386609,0.09573974995873868,113248,19924,3,component,0,0,/Users/liyu/Desktop/中文题目/A题研究/advanced_solver/runs/formal_v2/full_p1_seed17/slots/case_012/p1_n3/attempt_0001/summary.json,2f65db70a39ec08a80bbc1a4c637e1072609cfc3d24ce31599c60989575686e5,3f570b11d465d7550a32869113636479c5fa80e27a62ace179a4bb0f632af490,19924,0.0,8,2.952825666987337,19924,0.0,4,1.5735408760374412,19924,0.0,0,0,19924,0.0,0,0,19924,0.0,0,0
full_p1_seed17,full,case_009,1,5,5671,03_5001..10000,12,10,2,0,"{""success"": 12}",20.097008624929003,20.195344874984585,0.131826067,19.386249582166784,19.365205207141116,0.02104437502566725,17.348434374900535,18.669671042007394,0,0.4874399589607492,0.2233190838014707,0.09833625005558133,204998,92225,1,component,0,0,/Users/liyu/Desktop/中文题目/A题研究/advanced_solver/runs/formal_v2/full_p1_seed17/slots/case_009/p1_n5/attempt_0001/summary.json,cd29ba1cfcb98b805fa7284dd07893bff7c5167fde756bdb4dc32c902ed4acf0,36a314d46d27286c6d56b6c7e573a79ad27cd9df53671fdcf5ce15125c2b9c12,92225,0.0,8,11.253668583114631,92225,0.0,4,5.76459658308886,92225,0.0,0,0,92225,0.0,0,0,92225,0.0,0,0
full_p1_seed17,full,case_012,1,4,972,01_<=1000,12,12,0,0,"{""success"": 12}",4.0001327090431005,4.094503707950935,0.043904008,3.732839374919422,3.732839374919422,0,2.292958249221556,2.9714217910077423,0,0.17984799994155765,0.08744533418212086,0.09437099890783429,116406,17253,1,component,0,0,/Users/liyu/Desktop/中文题目/A题研究/advanced_solver/runs/formal_v2/full_p1_seed17/slots/case_012/p1_n4/attempt_0001/summary.json,0e87655dcbb2377e9a3abc12206e13add970896242270a9e3b3f631a75c04d26,5cda178929461fd2f1d424b31f981651fa39baf790ab17e18188d30510520775,17253,0.0,8,2.5017898328369483,17253,0.0,4,1.2303220828762278,17253,0.0,0,0,17253,0.0,0,0,17253,0.0,0,0
full_p1_seed17,full,case_012,1,5,972,01_<=1000,12,10,2,0,"{""success"": 12}",3.691134750028141,3.77916254196316,0.048674847,3.3730312500847504,3.3565405420958996,0.016490707988850772,2.0210540430853143,2.6415696223266423,0,0.23163587506860495,0.08646762487478554,0.0880277919350192,118258,14139,3,component,0,0,/Users/liyu/Desktop/中文题目/A题研究/advanced_solver/runs/formal_v2/full_p1_seed17/slots/case_012/p1_n5/attempt_0001/summary.json,718f42534d9ae8fa2fd8f991ddc417da4d0bd63e5a181cd0abb55b855bd4623c,9fdec8d040e3ae9d4eb98bb0e03ec377790d0a8db0c77bf5efceebf2624151eb,14139,0.0,8,2.830976666067727,14139,0.0,4,1.4054692080244422,14139,0.0,0,0,14139,0.0,0,0,14139,0.0,0,0
full_p1_seed17,full,case_013,1,2,1968,02_1001..5000,12,9,3,0,"{""success"": 12}",11.770590084022842,11.864611792028882,0.141384117,11.52891974884551,11.506099956925027,0.022819791920483112,9.517383001046255,10.819557918002829,0,0.12257720902562141,0.11909312615171075,0.09402170800603926,145596,132198,1,component,0,0,/Users/liyu/Desktop/中文题目/A题研究/advanced_solver/runs/formal_v2/full_p1_seed17/slots/case_013/p1_n2/attempt_0001/summary.json,da7e2868879ce88c64738a3291d0be68f66feda3388cced91c542c40ac3923e0,9b4cbc5cb6d7e8b61756dcae6d64d79dd554fc92067c4eb0772a8f69a0d03aec,132198,0.0,8,10.941855291021056,132198,0.0,4,4.47715879091993,132198,0.0,0,0,132198,0.0,0,0,132198,0.0,0,0
full_p1_seed17,full,case_013,1,3,1968,02_1001..5000,12,12,0,0,"{""success"": 12}",14.005204749992117,14.106663582962938,0.166490069,13.68837879167404,13.68837879167404,0,10.933501417166553,12.725510001881048,0,0.1809362079948187,0.13588975032325834,0.10145883297082037,148093,88351,1,component,0,0,/Users/liyu/Desktop/中文题目/A题研究/advanced_solver/runs/formal_v2/full_p1_seed17/slots/case_013/p1_n3/attempt_0001/summary.json,1f3a7eb65a7d9f218428b25f2f9beedf14ddefbe29fe4b15172a74164e69f9dd,ae673564384e9306f7c0b3ace4c350ec8453aad40d46845b993a57e3dedf5854,88351,0.0,8,9.818250707699917,88351,0.0,4,3.9852558338316157,88351,0.0,0,0,88351,0.0,0,0,88351,0.0,0,0
full_p1_seed17,full,case_013,1,4,1968,02_1001..5000,12,12,0,0,"{""success"": 12}",15.884145041927695,15.996960667078383,0.19500047,15.448399082990363,15.448399082990363,0,12.316017125966027,14.410093459184282,0,0.2856662090634927,0.15007974987383932,0.11281562515068799,150693,66982,1,component,0,0,/Users/liyu/Desktop/中文题目/A题研究/advanced_solver/runs/formal_v2/full_p1_seed17/slots/case_013/p1_n4/attempt_0001/summary.json,a22697ac29fb0247a1c88786c89130b6c84452e20965de58d73c3a38ac70bd5a,85e45fcced76afd5f90ed269827e2d6736f40ec4eb430acabc93b5e966356b31,66982,0.0,8,11.113449165946804,66982,0.0,4,4.396816125139594,66982,0.0,0,0,66982,0.0,0,0,66982,0.0,0,0
full_p1_seed17,full,case_013,1,5,1968,02_1001..5000,12,9,3,0,"{""success"": 12}",11.36084162502084,11.49837520904839,0.199554638,10.853406250709668,10.829576959833503,0.023829290876165032,8.128021916840225,10.114561750669964,0,0.32777495810296386,0.1796604162082076,0.13753358402755111,153001,54363,1,component,0,0,/Users/liyu/Desktop/中文题目/A题研究/advanced_solver/runs/formal_v2/full_p1_seed17/slots/case_013/p1_n5/attempt_0001/summary.json,aab783e6544a33d5e3c535faffba86bc382e07e5a5ab6982bc74e9de2960b26c,5fc2d9fc59ccf3b81ec2f9498919c3081a687a8af8fdb00a2858483aef6b8809,54363,0.0,8,10.271855167928152,54363,0.0,4,4.806858166935854,54363,0.0,0,0,54363,0.0,0,0,54363,0.0,0,0
full_p1_seed17,full,case_015,1,2,1013,02_1001..5000,12,10,2,0,"{""success"": 12}",3.7189544170396402,3.8234119170811027,0.046092696,3.5277480429504067,3.507215918856673,0.020532124093733728,2.2080511660315096,2.760883042938076,0,0.09439358406234533,0.09681279002688825,0.10445750004146248,111283,87789,3,component,0,0,/Users/liyu/Desktop/中文题目/A题研究/advanced_solver/runs/formal_v2/full_p1_seed17/slots/case_015/p1_n2/attempt_0001/summary.json,ad36ae607152309fd27d8f3939b0dc16ba7936601697c7250ef8bf39748ef398,0fb169f09ffb20a7b48483db200b6fd01d587f3983002fea604c3423f3b0ddc9,87789,0.0,8,2.9207242098636925,87789,0.0,4,1.4347187088569626,87789,0.0,0,0,87789,0.0,0,0,87789,0.0,0,0
full_p1_seed17,full,case_015,1,3,1013,02_1001..5000,12,12,0,0,"{""success"": 12}",4.818730375031009,4.919733542017639,0.056686965,4.591162876226008,4.591162876226008,0,2.8942253342829645,3.6487122509861365,0,0.1290074170101434,0.09856008179485798,0.10100316698662937,114102,61193,3,component,0,0,/Users/liyu/Desktop/中文题目/A题研究/advanced_solver/runs/formal_v2/full_p1_seed17/slots/case_015/p1_n3/attempt_0001/summary.json,6446ef75eeedb2af408d6df865754fd5e133dce89c88b0666452755d64606852,e24e812fb9b2f8ced2513bfcde9b8a51c5e30bc2ef051cbed39435113666f49c,61193,0.0,8,3.1498285001143813,61193,0.0,4,1.4839759999886155,61193,0.0,0,0,61193,0.0,0,0,61193,0.0,0,0
full_p1_seed17,full,case_015,1,4,1013,02_1001..5000,12,12,0,0,"{""success"": 12}",4.563907374977134,4.663515333086252,0.052144338,4.273013834841549,4.273013834841549,0,2.6634509577415884,3.387146293069236,0,0.19149966700933874,0.09939387312624604,0.09960795810911804,116330,50093,3,component,0,0,/Users/liyu/Desktop/中文题目/A题研究/advanced_solver/runs/formal_v2/full_p1_seed17/slots/case_015/p1_n4/attempt_0001/summary.json,c3aceddd29f067395533e3688f75e5f2af98e8884117670fc8a8395e8bd886ee,3bdd9b46f6904161c693efcb3a0f794f70bd1cfd4ee5a48822cb5b5d8cad7a12,50093,0.0,8,2.8240713758859783,50093,0.0,4,1.479859083890915,50093,0.0,0,0,50093,0.0,0,0,50093,0.0,0,0
full_p1_seed17,full,case_015,1,5,1013,02_1001..5000,12,9,3,0,"{""success"": 12}",3.7026870829286054,3.803483499912545,0.054374734,3.354679456911981,3.3320894988719374,0.02258995804004371,2.071983707952313,2.6593931640964,0,0.22483970795292407,0.1231679180637002,0.10079641698393971,118904,43411,1,component,0,0,/Users/liyu/Desktop/中文题目/A题研究/advanced_solver/runs/formal_v2/full_p1_seed17/slots/case_015/p1_n5/attempt_0001/summary.json,72b0b773ef1c8024e213c29ffd46ec2a30d81232a454a30ffe741f67acccfe16,222ce242f08f6375f300982bfc9ef20946cb82b0ffad12dd8687ac65b2cba661,43411,0.0,8,3.0401977909496054,43411,0.0,4,1.489019833970815,43411,0.0,0,0,43411,0.0,0,0,43411,0.0,0,0
full_p1_seed17,full,case_003,1,3,13455,04_>10000,12,12,0,0,"{""success"": 12}",179.35377137502655,179.48960583400913,0.316366519,178.13011141924653,178.13011141924653,0,174.34980145993177,177.13266545708757,0,0.7576911670621485,0.4659687887178734,0.13583445898257196,351332,538764,1,component,0,0,/Users/liyu/Desktop/中文题目/A题研究/advanced_solver/runs/formal_v2/full_p1_seed17/slots/case_003/p1_n3/attempt_0001/summary.json,5050ac9140f8e29d201ec0415b579bf90cb8273ccdc4e74e1da7a7d528482afa,a2f8a81a970ce1ceca6329fc7f222652db72088d5ba1ee6a6536e0f4ae5efc43,538764,0.0,8,75.54656633513514,538764,0.0,4,32.90668970905244,538764,0.0,0,0,538764,0.0,0,0,538764,0.0,0,0
full_p1_seed17,full,case_016,1,2,17995,04_>10000,9,8,1,0,"{""success"": 9}",177.90831254189834,178.0813458749326,0.300882592,176.80951175198425,176.786991460016,0.022520291968248785,173.5437615411356,175.96232220786624,0,0.5220839589601383,0.5767168309539557,0.1730333330342546,415834,7715523,1,component,0,0,/Users/liyu/Desktop/中文题目/A题研究/advanced_solver/runs/formal_v2/full_p1_seed17/slots/case_016/p1_n2/attempt_0001/summary.json,2ebcffc9e16c5a7eab68fd1b4b5b6e23a5570ccb53e5916140069578838ecda5,d1be83e5a73678607e44629f2918403c896ff6cd5dc8b26cd68de97640048a05,7715523,0.0,5,99.54353879205883,7715523,0.0,1,33.28410270798486,7715523,0.0,0,0,7715523,0.0,0,0,7715523,0.0,0,0
full_p1_seed17,full,case_003,1,4,13455,04_>10000,12,12,0,0,"{""success"": 12}",218.5995472909417,218.77524445799645,0.406479257,216.83298429311253,216.83298429311253,0,211.81173187680542,215.54594283620827,0,1.132501250016503,0.634061747812666,0.17569716705475003,353818,539155,1,component,0,0,/Users/liyu/Desktop/中文题目/A题研究/advanced_solver/runs/formal_v2/full_p1_seed17/slots/case_003/p1_n4/attempt_0001/summary.json,11b0d387017841526d931884d9e16f7a5b252208d4db7994bd647a602875bb0f,1f99d6056b79988c4508251e5a77bad1968241f65851d0b04d711e7142ab1e2b,539155,0.0,8,76.32234112615697,539155,0.0,4,35.93650779314339,539155,0.0,0,0,539155,0.0,0,0,539155,0.0,0,0
full_p1_seed17,full,case_016,1,3,17995,04_>10000,9,9,0,0,"{""success"": 9}",235.6890522079775,235.89999504201114,0.396129355,234.24104279081803,234.24104279081803,0,229.9343893759651,233.2271885406226,0,0.7159762490773574,0.7320331680821255,0.2109428340336308,417216,7715523,1,component,0,0,/Users/liyu/Desktop/中文题目/A题研究/advanced_solver/runs/formal_v2/full_p1_seed17/slots/case_016/p1_n3/attempt_0001/summary.json,0fa5ec761fd625f6470ed037f0a0d811e38693ed5d42b24b941a0cd8992dca9a,a20bc4a054cdd240332e4df634ad8640dae62531862c9b8f9f6cd72bc0c95ad3,7715523,0.0,5,86.21774999878835,7715523,0.0,1,29.825465749949217,7715523,0.0,0,0,7715523,0.0,0,0,7715523,0.0,0,0
full_p1_seed17,full,case_003,1,5,13455,04_>10000,12,10,2,0,"{""success"": 12}",162.2105830409564,162.41562350001186,0.490902014,159.9177785011707,159.87949758407194,0.038280917098745704,155.13898383220658,158.75287437613588,0,1.5744296660413966,0.7183748737443238,0.20504045905545354,356269,539607,1,component,0,0,/Users/liyu/Desktop/中文题目/A题研究/advanced_solver/runs/formal_v2/full_p1_seed17/slots/case_003/p1_n5/attempt_0001/summary.json,11b100fa2383f0197afcea2e8bf6a49d6e4685823a7afa6debb5bd732d1e1e48,8adf33800c94296df2c2263822d23f85d16dc968d1e2f3da3a48c55f6cdd1ce2,539607,0.0,8,70.17918204201851,539607,0.0,4,34.982605833909474,539607,0.0,0,0,539607,0.0,0,0,539607,0.0,0,0
full_p1_seed17,full,case_017,1,2,1373,02_1001..5000,12,10,2,0,"{""success"": 12}",7.569238167023286,7.710179625079036,0.082047851,7.223996539134532,7.183847748092376,0.04014879104215652,5.202706499956548,6.193707417231053,0,0.17102062504272908,0.17422100284602493,0.14094145805574954,119093,83047,3,component,0,0,/Users/liyu/Desktop/中文题目/A题研究/advanced_solver/runs/formal_v2/full_p1_seed17/slots/case_017/p1_n2/attempt_0001/summary.json,1af5826097863ab03a93192b022eb87c869099927e0162f547411ab66cfbff74,d31081db1deff1f9cd8e0d38971c2913bd4c49de895bf8e920174909b87fdc18,83047,0.0,8,6.070082915131934,83047,0.0,4,2.882252791081555,83047,0.0,0,0,83047,0.0,0,0,83047,0.0,0,0
full_p1_seed17,full,case_017,1,3,1373,02_1001..5000,12,12,0,0,"{""success"": 12}",11.442634999984875,11.60035133396741,0.094362156,10.982753790915012,10.982753790915012,0,7.966759958886541,9.492108209058642,0,0.2679949579760432,0.19188625109381974,0.1577163339825347,121357,56882,3,component,0,0,/Users/liyu/Desktop/中文题目/A题研究/advanced_solver/runs/formal_v2/full_p1_seed17/slots/case_017/p1_n3/attempt_0001/summary.json,2f72605a584ec6ebe1e0505e9776c5ff62c03b1a2036d7b709bbad3ebb9bba40,3d8e6cf1f9b18ce4176dc5bcb52942fa9dd30c2af64485684b9023df64ae920e,56882,0.0,8,7.943897207966074,56882,0.0,4,3.2706654589856043,56882,0.0,0,0,56882,0.0,0,0,56882,0.0,0,0
full_p1_seed17,full,case_017,1,4,1373,02_1001..5000,12,12,0,0,"{""success"": 12}",9.861308292020112,9.999243750004098,0.093725984,9.34336037619505,9.34336037619505,0,6.680449955048971,8.057820333051495,0,0.35067154199350625,0.16727637383155525,0.13793545798398554,124380,42384,1,component,0,0,/Users/liyu/Desktop/中文题目/A题研究/advanced_solver/runs/formal_v2/full_p1_seed17/slots/case_017/p1_n4/attempt_0001/summary.json,8185558543d74fcd53f688f2f1fbe402e70d751b327e2e45df31101ed0ec136c,9d92cc0d33c151b9c9ff104dec887b84d9f6e338745a2dfc89bb10d62e0cd930,42384,0.0,8,6.25654779211618,42384,0.0,4,3.009158250060864,42384,0.0,0,0,42384,0.0,0,0,42384,0.0,0,0
full_p1_seed17,full,case_017,1,5,1373,02_1001..5000,12,9,3,0,"{""success"": 12}",7.78230783296749,7.9388378750300035,0.094294072,7.156249459949322,7.105541084893048,0.050708375056274235,4.99808762606699,6.1309447480598465,0,0.4424882910680026,0.18357008195016533,0.15653004206251353,126767,35496,1,component,0,0,/Users/liyu/Desktop/中文题目/A题研究/advanced_solver/runs/formal_v2/full_p1_seed17/slots/case_017/p1_n5/attempt_0001/summary.json,ab0084e4eb1b112b4f31b0b340a9af87e2fcdfac804fb6731d161348a6acf60d,96a987b0e199ff49f02331378fdf7fd0ca45f6d4862cb483acb112f51064283b,35496,0.0,8,6.465109250857495,35496,0.0,4,3.1549450010061264,35496,0.0,0,0,35496,0.0,0,0,35496,0.0,0,0
full_p1_seed17,full,case_018,1,2,2727,02_1001..5000,12,9,3,0,"{""success"": 12}",21.901130042038858,22.065671042073518,0.226207397,21.299283750005998,21.261042875121348,0.03824087488465011,18.53243787412066,20.216284666093998,0,0.34607720805797726,0.25576908397488296,0.1645410000346601,149984,504468,1,component,0,0,/Users/liyu/Desktop/中文题目/A题研究/advanced_solver/runs/formal_v2/full_p1_seed17/slots/case_018/p1_n2/attempt_0001/summary.json,483cd7ca3f249f2e1ad9bb1fc2b5bbcd91fcab794f52d5bd167a66348be5a2ae,9682c57c1e5b014db0cd69cedcded926984894947833f1cbb34800c95de92877,504468,0.0,8,19.504624875145964,504468,0.0,4,8.08577841706574,504468,0.0,0,0,504468,0.0,0,0,504468,0.0,0,0
full_p1_seed17,full,case_018,1,3,2727,02_1001..5000,12,12,0,0,"{""success"": 12}",24.536568208015524,24.695879874983802,0.205048107,23.696044290903956,23.696044290903956,0,20.398247169912793,22.53440412611235,0,0.589082415914163,0.25144150119740516,0.1593116669682786,152666,339838,1,component,0,0,/Users/liyu/Desktop/中文题目/A题研究/advanced_solver/runs/formal_v2/full_p1_seed17/slots/case_018/p1_n3/attempt_0001/summary.json,5245270fc20a81900122b4fe335cac2041b8ea220d76c836097eff368b95dd1c,28def8d6b4a45690620230daa647f48fab931115e85ab1c0622b823fff0cdd38,339838,0.0,8,14.955755706992932,339838,0.0,4,5.922579957055859,339838,0.0,0,0,339838,0.0,0,0,339838,0.0,0,0
full_p1_seed17,full,case_018,1,4,2727,02_1001..5000,12,12,0,0,"{""success"": 12}",23.785172416944988,23.92576891707722,0.214172595,22.84072250162717,22.84072250162717,0,19.359156249207444,21.6407384990016,0,0.7175886660115793,0.2268612493062392,0.1405965001322329,154585,254635,3,component,0,0,/Users/liyu/Desktop/中文题目/A题研究/advanced_solver/runs/formal_v2/full_p1_seed17/slots/case_018/p1_n4/attempt_0001/summary.json,38a11d9955844b05b8709c06d185a272a0fe97375fd96a2676c99ba085316800,99b765d0f62f4c39e2afc71dfa38ccd838410670001e69ce99e448cf4b599b32,254635,0.0,8,13.493190959794447,254635,0.0,4,5.673615625943057,254635,0.0,0,0,254635,0.0,0,0,254635,0.0,0,0
full_p1_seed17,full,case_018,1,5,2727,02_1001..5000,12,9,3,0,"{""success"": 12}",16.9577045829501,17.102871750015765,0.209676017,15.70696533296723,15.669618832063861,0.037346500903367996,12.805026208981872,14.70046770805493,0,1.0279989590635523,0.2227402909193188,0.14516716706566513,157589,205917,1,component,0,0,/Users/liyu/Desktop/中文题目/A题研究/advanced_solver/runs/formal_v2/full_p1_seed17/slots/case_018/p1_n5/attempt_0001/summary.json,323bd5323a0978fb0d885f4e0566298e118f53be648c66fff614e4410275e515,3d3cc47f36357ebafa1d8cc5683623aafa48de2adae809f4334888fb8357f942,205917,0.0,8,14.034864332061261,205917,0.0,4,6.643093373044394,205917,0.0,0,0,205917,0.0,0,0,205917,0.0,0,0
full_p1_seed17,full,case_019,1,2,647,01_<=1000,12,9,3,0,"{""success"": 12}",2.8711221660487354,3.003404999966733,0.037896672,2.6897849997039884,2.6578852909151465,0.03189970878884196,1.2649726253002882,1.825959459063597,0,0.07318054197821766,0.10815662436652929,0.13228283391799778,102735,41238,3,component,0,0,/Users/liyu/Desktop/中文题目/A题研究/advanced_solver/runs/formal_v2/full_p1_seed17/slots/case_019/p1_n2/attempt_0001/summary.json,67b89357d14052440c0643d04f91476f47e3d53b40523e545ef27868efbe8cba,3f90441827fc1ee5ae40eff5e664da01344b572708f61542397dd3e2e397d965,41238,0.0,8,2.421333707985468,41238,0.0,4,1.1745549160987139,41238,0.0,0,0,41238,0.0,0,0,41238,0.0,0,0
full_p1_seed17,full,case_019,1,3,647,01_<=1000,12,12,0,0,"{""success"": 12}",3.7075279160635546,3.8437189999967813,0.043844009,3.4996135401306674,3.4996135401306674,0,1.6985432490473613,2.4424404581077397,0,0.0954940419178456,0.11242033401504159,0.13619108393322676,106313,28986,1,component,0,0,/Users/liyu/Desktop/中文题目/A题研究/advanced_solver/runs/formal_v2/full_p1_seed17/slots/case_019/p1_n3/attempt_0001/summary.json,cfe168edaf1ebb78b5acad92aa63bba3ee89002ffcec226d9dd5ed22cf5eca8b,268001089ca1a3fbabcf8813f5ac7ecc4615c32abcf086ca8dff206fea1a2452,28986,0.0,8,2.417146248044446,28986,0.0,4,1.1652117910562083,28986,0.0,0,0,28986,0.0,0,0,28986,0.0,0,0
full_p1_seed17,full,case_019,1,4,647,01_<=1000,12,12,0,0,"{""success"": 12}",3.8328514579916373,3.950929415994324,0.049605555,3.582240710267797,3.582240710267797,0,1.7571062922943383,2.533754959353246,0,0.13856525078881532,0.11204549693502486,0.1180779580026865,108222,24099,1,component,0,0,/Users/liyu/Desktop/中文题目/A题研究/advanced_solver/runs/formal_v2/full_p1_seed17/slots/case_019/p1_n4/attempt_0001/summary.json,b4e5d017d32cc1da697d1273a695e1ba6c8a13099393872bbbbce5e849e616a4,969ff8c000531cf3312b64ec4da97ca627c0263d898654661ce9c604fb98a836,24099,0.0,8,2.5061275840271264,24099,0.0,4,1.1792334170313552,24099,0.0,0,0,24099,0.0,0,0,24099,0.0,0,0
full_p1_seed17,full,case_019,1,5,647,01_<=1000,12,10,2,0,"{""success"": 12}",3.425368959084153,3.548370457952842,0.049405428,3.1463226232444867,3.119227331248112,0.027095291996374726,1.528674291796051,2.205569250159897,0,0.1604870839510113,0.11855925188865513,0.12300149886868894,110929,24169,1,component,0,0,/Users/liyu/Desktop/中文题目/A题研究/advanced_solver/runs/formal_v2/full_p1_seed17/slots/case_019/p1_n5/attempt_0001/summary.json,66ebb2628ea5a053efc49e94711bc54f4d944eea334c7e38bfa8cd14a89af336,8ed5303b5448fc300c12ee2789017ec73eda7bd2e794b3c2db0130c797e65d09,24169,0.0,8,2.5909336232580245,24169,0.0,4,1.287778874160722,24169,0.0,0,0,24169,0.0,0,0,24169,0.0,0,0
full_p1_seed17,full,case_016,1,4,17995,04_>10000,9,9,0,0,"{""success"": 9}",220.33031758398283,220.56616741698235,0.393508792,218.7173812079709,218.7173812079709,0,214.3045057489071,217.71966925100423,0,0.7836852089967579,0.8292511670151725,0.23584983299952,418494,7715523,1,component,0,0,/Users/liyu/Desktop/中文题目/A题研究/advanced_solver/runs/formal_v2/full_p1_seed17/slots/case_016/p1_n4/attempt_0001/summary.json,d1c59fb40997c89539592ee277e516af96597eb147f328578a3f2346dcedd2d6,c73763c08dc7844a2975fc12dd31750b2b857c5d1f8f896b6b7441114a7e3fe5,7715523,0.0,5,66.42902766598854,7715523,0.0,1,21.14666883298196,7715523,0.0,0,0,7715523,0.0,0,0,7715523,0.0,0,0
full_p1_seed17,full,case_020,1,2,7008,03_5001..10000,12,9,3,0,"{""success"": 12}",84.57498233299702,84.7393475419376,0.394934595,83.75496245804243,83.7146000820212,0.04036237602122128,79.60068704094738,82.79516508290544,0,0.41510749992448837,0.4049123750301078,0.1643652089405805,242822,266580,1,component,0,0,/Users/liyu/Desktop/中文题目/A题研究/advanced_solver/runs/formal_v2/full_p1_seed17/slots/case_020/p1_n2/attempt_0001/summary.json,4a3399c9b436e93c1f4d268934f81c58ec9ef054f8f61ca9d437363eed1b17ea,af40f3707158b12a7083acab145a2d1dccddde3b096f78dfe26fefb65c27b2fe,266580,0.0,8,79.89442274905741,266580,0.0,4,27.34973270795308,266580,0.0,0,0,266580,0.0,0,0,266580,0.0,0,0
full_p1_seed17,full,case_020,1,3,7008,03_5001..10000,12,12,0,0,"{""success"": 12}",92.15260366699658,92.30708020797465,0.475826562,91.22342275013216,91.22342275013216,0,85.68844166758936,89.98555041814689,0,0.5002549160271883,0.42892600083723664,0.15447654097806662,245401,177950,1,component,0,0,/Users/liyu/Desktop/中文题目/A题研究/advanced_solver/runs/formal_v2/full_p1_seed17/slots/case_020/p1_n3/attempt_0001/summary.json,ce54fcc962d4df513f4281ee15e9ec1fe7b2784ef9161dfe357c121fa8f60830,11b6fd923d815903c482da273c45a2711aaadebc375e5c9868d40a8ba67eedaa,177950,0.0,8,69.24081875011325,177950,0.0,4,21.018980209017172,177950,0.0,0,0,177950,0.0,0,0,177950,0.0,0,0
full_p1_seed17,full,case_016,1,5,17995,04_>10000,9,8,1,0,"{""success"": 9}",102.20067737495992,102.42355791595764,0.349373112,100.65542858291883,100.6238508739043,0.0315777090145275,96.45143950020429,99.66856237477623,0,0.7414803750580177,0.8037684169830754,0.22288054099772125,419778,7715523,1,component,0,0,/Users/liyu/Desktop/中文题目/A题研究/advanced_solver/runs/formal_v2/full_p1_seed17/slots/case_016/p1_n5/attempt_0001/summary.json,8633c7734c3c9009957feeef7f779657fd4486cb887b53141793552fe84453ea,8104885cea2b0bad089a48c956e2f71e60010a9c214b2ad36220ed061706808a,7715523,0.0,5,56.29482404189184,7715523,0.0,1,17.870363250025548,7715523,0.0,0,0,7715523,0.0,0,0,7715523,0.0,0,0
full_p1_seed17,full,case_021,1,2,3920,02_1001..5000,12,9,3,0,"{""success"": 12}",56.187852291972376,56.33053462498356,0.323064574,55.577170040109195,55.526316124014556,0.05085391609463841,52.035265623475425,54.63895291707013,0,0.3475383329205215,0.2631439189426601,0.14268233301118016,175530,3162700,4,component,0,0,/Users/liyu/Desktop/中文题目/A题研究/advanced_solver/runs/formal_v2/full_p1_seed17/slots/case_021/p1_n2/attempt_0001/summary.json,04863cb4377d6abe7f029f9bf2bbb9a9729d1014fefa94916931e51c6811a3f1,1b200ec4da994e46298ef92a43fa7be346d882f3d9982b1b0705a3517730f33f,3162700,0.0,8,53.44877149898093,3162700,0.0,4,16.998196874046698,3162700,0.0,0,0,3162700,0.0,0,0,3162700,0.0,0,0
full_p1_seed17,full,case_020,1,4,7008,03_5001..10000,12,12,0,0,"{""success"": 12}",84.46493958402425,84.6590070000384,0.511140631,83.43571633414831,83.43571633414831,0,77.33947358315345,82.13523062493186,0,0.6011381670832634,0.428085082792677,0.19406741601414979,247860,133704,1,component,0,0,/Users/liyu/Desktop/中文题目/A题研究/advanced_solver/runs/formal_v2/full_p1_seed17/slots/case_020/p1_n4/attempt_0001/summary.json,4aeade0b80b2b225306c63a346b883cd0ac331988be07643bb56a98a25ce8375,4b714011564ba00e1568180b9629acb835bc1d649823b2869463c81bc48a929d,133704,0.0,8,62.23775491816923,133704,0.0,4,21.522251918097027,133704,0.0,0,0,133704,0.0,0,0,133704,0.0,0,0
full_p1_seed17,full,case_021,1,3,3920,02_1001..5000,12,12,0,0,"{""success"": 12}",60.21309304202441,60.36207675002515,0.351820132,59.34882729186211,59.34882729186211,0,54.646134208887815,58.197136207832955,0,0.585582792176865,0.2786829579854384,0.1489837080007419,172281,2118096,3,component,0,0,/Users/liyu/Desktop/中文题目/A题研究/advanced_solver/runs/formal_v2/full_p1_seed17/slots/case_021/p1_n3/attempt_0001/summary.json,0b08d93e3ffccf95dc23b9b811c3ee5856796e2af7123ae0e9541179d5eaa448,ea998f5ecc0eed56b09d6a1a58d91a50b4328fc64dac6b7a1b518579df185a56,2118096,0.0,8,39.11900241684634,2118096,0.0,4,13.216094291885383,2118096,0.0,0,0,2118096,0.0,0,0,2118096,0.0,0,0
full_p1_seed17,full,case_020,1,5,7008,03_5001..10000,12,10,2,0,"{""success"": 12}",62.950379249989055,63.118129541981034,0.49244517,61.7783320840681,61.74076266796328,0.0375694161048159,56.20012604200747,60.66714824887458,0,0.7517861670348793,0.4202609988860786,0.16775029199197888,249255,107494,3,component,0,0,/Users/liyu/Desktop/中文题目/A题研究/advanced_solver/runs/formal_v2/full_p1_seed17/slots/case_020/p1_n5/attempt_0001/summary.json,b7a012dd90e968858be3f89c5c03392d11d9cddcad1ac24a60e964c5dc625480,be8b7dd7a0143b55a9edaddc356f84fe4873a7a78ad753e2733cff8f60d0e2cb,107494,0.0,8,56.51242570998147,107494,0.0,4,18.918697918066755,107494,0.0,0,0,107494,0.0,0,0,107494,0.0,0,0
full_p1_seed17,full,case_022,1,2,1356,02_1001..5000,12,10,2,0,"{""success"": 12}",5.423248833976686,5.549686082988046,0.070964083,5.151734251063317,5.1301649591187015,0.021569291944615543,3.4168127502780408,4.221113873762079,0,0.13278541690669954,0.1387291660066694,0.1264372490113601,116521,28357,3,component,0,0,/Users/liyu/Desktop/中文题目/A题研究/advanced_solver/runs/formal_v2/full_p1_seed17/slots/case_022/p1_n2/attempt_0001/summary.json,47636abf7c648de0fc05533d77449f2e2f2e34279f849a61f7e208c229cc7b36,18ae98522700964583fd1db72bf841bc1de60d1c9fb78b46c1acaae48ff7bc46,28357,0.0,8,4.273979417048395,28357,0.0,4,2.1371973340865225,28357,0.0,0,0,28357,0.0,0,0,28357,0.0,0,0
full_p1_seed17,full,case_022,1,3,1356,02_1001..5000,12,12,0,0,"{""success"": 12}",7.075286915991455,7.275716832955368,0.073373774,6.712975251139142,6.712975251139142,0,4.627953165909275,5.655129668186419,0,0.20844316598959267,0.15386849886272103,0.20042991696391255,118765,19153,3,component,0,0,/Users/liyu/Desktop/中文题目/A题研究/advanced_solver/runs/formal_v2/full_p1_seed17/slots/case_022/p1_n3/attempt_0001/summary.json,c9afe30a91b766fba231c08a73bb4654189532fcf35a4c0cb13836f5de95f94b,bf1eec3c550b2b1313f7daf17a1ca163a1cffad29ebf6b7ac877d30636a4443a,19153,0.0,8,4.611475459067151,19153,0.0,4,2.23603604210075,19153,0.0,0,0,19153,0.0,0,0,19153,0.0,0,0
full_p1_seed17,full,case_022,1,4,1356,02_1001..5000,12,12,0,0,"{""success"": 12}",7.385438499972224,7.510379125014879,0.08153884,6.949587167822756,6.949587167822756,0,4.853384831920266,5.92424516484607,0,0.2962077500997111,0.13964358204975724,0.12494062504265457,122023,14654,1,component,0,0,/Users/liyu/Desktop/中文题目/A题研究/advanced_solver/runs/formal_v2/full_p1_seed17/slots/case_022/p1_n4/attempt_0001/summary.json,303ced5aa63979cc489ed97549dfadfa772cc94072dcd25913bfb0aabbe6d1d7,1e715cf20d74604812459bb8fd762a2b4aca4538cda31ecd911d1927e833ae0b,14654,0.0,8,4.7285531249362975,14654,0.0,4,2.3492027500178665,14654,0.0,0,0,14654,0.0,0,0,14654,0.0,0,0
full_p1_seed17,full,case_021,1,4,3920,02_1001..5000,12,12,0,0,"{""success"": 12}",49.542246625060216,49.68817687500268,0.350311262,48.48344721039757,48.48344721039757,0,43.68650529102888,47.27009416674264,0,0.7944302919786423,0.2643691226840019,0.14593024994246662,175138,1550324,1,component,0,0,/Users/liyu/Desktop/中文题目/A题研究/advanced_solver/runs/formal_v2/full_p1_seed17/slots/case_021/p1_n4/attempt_0001/summary.json,ce2dd4ffcba16b96ba30fbd069c448237c5eb7b808dfae675607357a583bcefc,d9aee9595eeafaf5c7712b888f1ca1fc72b388e7906de01f98cd126856dc142f,1550324,0.0,8,34.64101550029591,1550324,0.0,4,12.453397709061392,1550324,0.0,0,0,1550324,0.0,0,0,1550324,0.0,0,0
full_p1_seed17,full,case_022,1,5,1356,02_1001..5000,12,10,2,0,"{""success"": 12}",6.183164500049315,6.31392120802775,0.088040477,5.698139625950716,5.675290543120354,0.022849082830362022,3.7773371679941192,4.7179466667585075,0,0.3482164590386674,0.13680841505993158,0.13075670797843486,124445,11828,1,component,0,0,/Users/liyu/Desktop/中文题目/A题研究/advanced_solver/runs/formal_v2/full_p1_seed17/slots/case_022/p1_n5/attempt_0001/summary.json,680ec937a9683a0e9eb57d87ad91f04872c5ddf9c416ba4d6ba7fe1d0c9a4962,7cb8e29301219f472f33446093f5b1aee33159385fb50af5a6e7c2de67fde8a8,11828,0.0,8,4.778142960043624,11828,0.0,4,2.274547291919589,11828,0.0,0,0,11828,0.0,0,0,11828,0.0,0,0
full_p1_seed17,full,case_023,1,2,1011,02_1001..5000,12,10,2,0,"{""success"": 12}",4.256638083024882,4.386343791964464,0.053198706,4.0405128337442875,4.016417666804045,0.024095166940242052,2.556291165179573,3.2335752920480445,0,0.09724950010422617,0.11887574917636812,0.1297057089395821,111274,61829,1,component,0,0,/Users/liyu/Desktop/中文题目/A题研究/advanced_solver/runs/formal_v2/full_p1_seed17/slots/case_023/p1_n2/attempt_0001/summary.json,712b069a97799517abd07fc1b641df3639e7d5e44b9cb03aaa2b32272c40397b,462857131dd18023d2c45a5e844ce1123c6ddf24aea211c3ab080a9a7aa6e667,61829,0.0,8,3.3701562088681385,61829,0.0,4,1.6998131249565631,61829,0.0,0,0,61829,0.0,0,0,61829,0.0,0,0
full_p1_seed17,full,case_023,1,3,1011,02_1001..5000,12,12,0,0,"{""success"": 12}",5.26998104096856,5.3965257499367,0.054622593,4.97779908310622,4.97779908310622,0,3.127716667135246,3.9639893737621605,0,0.1658264169236645,0.1263555409386754,0.12654470896814018,113398,40862,3,component,0,0,/Users/liyu/Desktop/中文题目/A题研究/advanced_solver/runs/formal_v2/full_p1_seed17/slots/case_023/p1_n3/attempt_0001/summary.json,d3c42fb78eeb3922b0bb52c6224646fb228a3bbe76bd6160ed0672ca5c077a68,239a200eb3fb38d2f6a45dfa7a5d0117b4d540a78cef32099a797ebd8e0a919b,40862,0.0,8,3.4113731251563877,40862,0.0,4,1.6565092500532046,40862,0.0,0,0,40862,0.0,0,0,40862,0.0,0,0
full_p1_seed17,full,case_023,1,4,1011,02_1001..5000,12,12,0,0,"{""success"": 12}",5.458264957997017,5.586627791984938,0.065001966,5.0952047078171745,5.0952047078171745,0,3.1361580409575254,4.000588750233874,0,0.23313337506260723,0.12992687511723489,0.12836283398792148,115861,30838,3,component,0,0,/Users/liyu/Desktop/中文题目/A题研究/advanced_solver/runs/formal_v2/full_p1_seed17/slots/case_023/p1_n4/attempt_0001/summary.json,f41ed4b85355cf987e2987e35f2e95a111c6214c6af53245f5dd390648c803fd,c246203732a064fdd0046c2921c82f992909baf6a7760ff6a9b4b12c3f32549d,30838,0.0,8,3.4625352087896317,30838,0.0,4,1.6520860008895397,30838,0.0,0,0,30838,0.0,0,0,30838,0.0,0,0
full_p1_seed17,full,case_023,1,5,1011,02_1001..5000,12,10,2,0,"{""success"": 12}",4.769758332986385,4.904813249944709,0.064684714,4.306460541207343,4.283861166215502,0.022599374991841614,2.551368998014368,3.314351003151387,0,0.3346919999457896,0.12860579183325171,0.1350549169583246,118312,24268,3,component,0,0,/Users/liyu/Desktop/中文题目/A题研究/advanced_solver/runs/formal_v2/full_p1_seed17/slots/case_023/p1_n5/attempt_0001/summary.json,a2e84f9a93a71bd2cac78e2982d06d14b36d6a9d72743dd2fd017217229582ba,35c7edd6b9671e5b6d1d8cf2339b3928126453fd743046a33c7253b53d2e1ad7,24268,0.0,8,3.5368975831661373,24268,0.0,4,1.7151073331478983,24268,0.0,0,0,24268,0.0,0,0,24268,0.0,0,0
full_p1_seed17,full,case_021,1,5,3920,02_1001..5000,12,10,2,0,"{""success"": 12}",34.70272099995054,34.84904666605871,0.385928271,33.35221354011446,33.324926082161255,0.027287457953207195,29.027274081949145,32.42860170803033,0,1.0894825420109555,0.26102491782512516,0.14632566610816866,173387,1243902,12,operation,0,0,/Users/liyu/Desktop/中文题目/A题研究/advanced_solver/runs/formal_v2/full_p1_seed17/slots/case_021/p1_n5/attempt_0001/summary.json,7a4907506e0fc3bdb9603c36b161f65199663d3c1bd12567579ef6dbc8bcd080,c580ca89c5a1a1528bfd45ba22a3cda547697a41f56e8a41b4ff1f70df34afa5,1250168,0.005037374326916533,8,29.69415520725306,1250168,0.005037374326916533,4,11.0390704581514,1243902,0.0,0,0,1243902,0.0,0,0,1243902,0.0,0,0
full_p1_seed17,full,case_024,1,2,5959,03_5001..10000,9,8,1,0,"{""success"": 9}",26.349630999960937,26.49201175000053,0.121173699,25.85520279011689,25.817644499009475,0.03755829110741615,24.037789542227983,25.166702709160745,0,0.22039137606043369,0.27403683378361166,0.14238075003959239,179139,2555343,1,component,0,0,/Users/liyu/Desktop/中文题目/A题研究/advanced_solver/runs/formal_v2/full_p1_seed17/slots/case_024/p1_n2/attempt_0001/summary.json,d10ca8c7e64eb6270efac54f55e77b61bd5c7988c5ee78c23e2db7eb1b51dabd,db953e4817b37907a62c26008c0afffdcf24187ffc153ae3cfd634f7d7466be8,2555343,0.0,5,14.539076791028492,2555343,0.0,1,4.5112667080247775,2555343,0.0,0,0,2555343,0.0,0,0,2555343,0.0,0,0
full_p1_seed17,full,case_024,1,3,5959,03_5001..10000,9,9,0,0,"{""success"": 9}",27.196283832890913,27.339302957989275,0.138185374,26.679223334998824,26.679223334998824,0,24.5668254600605,25.87308012531139,0,0.2323061249917373,0.2847543729003519,0.14301912509836257,180505,2555343,1,component,0,0,/Users/liyu/Desktop/中文题目/A题研究/advanced_solver/runs/formal_v2/full_p1_seed17/slots/case_024/p1_n3/attempt_0001/summary.json,531c2f691b1ee2108fd480f637208f986207cd5b017d62da88105c426eb2a615,919cbf335f48ecf11b555f717354ae451d9e10d409e26f66b4695f0788db2863,2555343,0.0,5,10.214109709020704,2555343,0.0,1,2.7486317079747096,2555343,0.0,0,0,2555343,0.0,0,0,2555343,0.0,0,0
full_p1_seed17,full,case_024,1,4,5959,03_5001..10000,9,9,0,0,"{""success"": 9}",25.551061374950223,25.78279070800636,0.136699029,24.993742582038976,24.993742582038976,0,22.579578666947782,24.023824502248317,0,0.23737483390141279,0.31994395900983363,0.23172933305613697,181808,2555343,1,component,0,0,/Users/liyu/Desktop/中文题目/A题研究/advanced_solver/runs/formal_v2/full_p1_seed17/slots/case_024/p1_n4/attempt_0001/summary.json,61794307e22032e52b77f6c8b366f40078ac9379898b7d8a20ed608cd3bc7a17,0f04a1ea007ec81faa410ad3ef131f5fce4f0bd5ae6836f3ca91ed6209283b65,2555343,0.0,5,9.509414166095667,2555343,0.0,1,2.368049207958393,2555343,0.0,0,0,2555343,0.0,0,0,2555343,0.0,0,0
full_p1_seed17,full,case_024,1,5,5959,03_5001..10000,9,8,1,0,"{""success"": 9}",15.71310595900286,15.869029291905463,0.139668637,15.174958750139922,15.142459708149545,0.03249904199037701,13.090674708830193,14.366467708023265,0,0.2309097918914631,0.3072374169714749,0.15592333290260285,183074,2555343,1,component,0,0,/Users/liyu/Desktop/中文题目/A题研究/advanced_solver/runs/formal_v2/full_p1_seed17/slots/case_024/p1_n5/attempt_0001/summary.json,97f00d40ac96930643f36071d873ec2717abcc829668786675abab06fa6aaf88,695925a14323073c77ea0fb1dbe22fd9c9e3da2b45e0ebe6dbf598096fbadcdf,2555343,0.0,5,8.992548416252248,2555343,0.0,1,2.1084820000687614,2555343,0.0,0,0,2555343,0.0,0,0,2555343,0.0,0,0
full_p1_seed17,full,case_026,1,2,636,01_<=1000,12,10,2,0,"{""success"": 12}",3.116539334063418,3.2586407080525532,0.045336605,2.9242405851837248,2.8982210851972923,0.026019499986432493,1.3613696659449488,1.980793874943629,0,0.08147733309306204,0.1108214157866314,0.14210137398913503,103365,58112,1,component,0,0,/Users/liyu/Desktop/中文题目/A题研究/advanced_solver/runs/formal_v2/full_p1_seed17/slots/case_026/p1_n2/attempt_0001/summary.json,acb9533c9f9e5531444cd0fc1bfcf5e6ac1bd36f4cccf1ffa46d989405c215c7,eabb0b0ca48e0e6283e755208878d887331519ee2d022d88fab686cfb268d961,58112,0.0,8,2.3609411681536585,58112,0.0,4,1.1818863750668243,58112,0.0,0,0,58112,0.0,0,0,58112,0.0,0,0
full_p1_seed17,full,case_026,1,3,636,01_<=1000,12,12,0,0,"{""success"": 12}",3.912825250066817,4.059527707984671,0.054625386,3.6834188319044188,3.6834188319044188,0,1.7677305019460618,2.523055083001964,0,0.1136364999692887,0.11576991819310933,0.1467024579178542,105602,41655,1,component,0,0,/Users/liyu/Desktop/中文题目/A题研究/advanced_solver/runs/formal_v2/full_p1_seed17/slots/case_026/p1_n3/attempt_0001/summary.json,652939ded9992b757ff282380f92b2e822c408805c1bf0fdc2024eafb23ccf7a,a2a790ce8d2cdc324be2f7742bb3021b4847036ded8cadb5ac87b5cafbab8557,41655,0.0,8,2.5006049160147086,41655,0.0,4,1.2226369580021128,41655,0.0,0,0,41655,0.0,0,0,41655,0.0,0,0
full_p1_seed17,full,case_026,1,4,636,01_<=1000,12,12,0,0,"{""success"": 12}",4.037975874962285,4.176433583023027,0.051096942,3.7533400839893147,3.7533400839893147,0,1.8417079591890797,2.6299496678402647,0,0.15610758308321238,0.12852820788975805,0.13845770806074142,109895,41939,4,component,0,0,/Users/liyu/Desktop/中文题目/A题研究/advanced_solver/runs/formal_v2/full_p1_seed17/slots/case_026/p1_n4/attempt_0001/summary.json,66071ae57e5921fa50bbc73a2fe94332e92d5759f72167a87bec96fee217e2d8,56e023376cb2394033508d385152f21ca00cab1428b509312785bffe8fd2c653,41939,0.0,8,2.520515040960163,41939,0.0,4,1.2241179570555687,41939,0.0,0,0,41939,0.0,0,0,41939,0.0,0,0
full_p1_seed17,full,case_026,1,5,636,01_<=1000,12,10,2,0,"{""success"": 12}",3.5428982080193236,3.6797197500709444,0.057226824,3.221949292346835,3.1995171264279634,0.02243216591887176,1.537984415772371,2.2140960439573973,0,0.20852204191032797,0.11242687376216054,0.13682154205162078,112337,42058,4,component,0,0,/Users/liyu/Desktop/中文题目/A题研究/advanced_solver/runs/formal_v2/full_p1_seed17/slots/case_026/p1_n5/attempt_0001/summary.json,5100051ff906712f5e4769f86d1e0d85acccb8830fc5d6df9d91db77b0a76963,219576ff6e5f4e99ad47f837301d3470293478c1a7a0d19708e34c15a2d2f516,42058,0.0,8,2.5978029182879254,42058,0.0,4,1.2743904591770843,42058,0.0,0,0,42058,0.0,0,0,42058,0.0,0,0
full_p1_seed17,full,case_027,1,2,1424,02_1001..5000,12,9,3,0,"{""success"": 12}",6.826172666973434,6.9622017910005525,0.097964726,6.500092792906798,6.46182583400514,0.038266958901658654,4.718833875027485,5.7310928330989555,0,0.16786666598636657,0.1582132080802694,0.1360291240271181,117857,1116984,3,component,0,0,/Users/liyu/Desktop/中文题目/A题研究/advanced_solver/runs/formal_v2/full_p1_seed17/slots/case_027/p1_n2/attempt_0001/summary.json,20787dcf2f7b364c146edf448e650f672dc960b0f40dba7169720c951c38fda6,eb5acf03dfc5338ec67f7be8f769ec7f9f2637a6d468f6976d13a517dd466828,1116984,0.0,8,5.89894358406309,1116984,0.0,4,3.085653458139859,1116984,0.0,0,0,1116984,0.0,0,0,1116984,0.0,0,0
full_p1_seed17,full,case_027,1,3,1424,02_1001..5000,12,12,0,0,"{""success"": 12}",9.712630624999292,9.84863687492907,0.115299945,9.21731358289253,9.21731358289253,0,6.692510167020373,8.05493279104121,0,0.34205433388706297,0.15326270821969956,0.13600624992977828,120451,837049,1,component,0,0,/Users/liyu/Desktop/中文题目/A题研究/advanced_solver/runs/formal_v2/full_p1_seed17/slots/case_027/p1_n3/attempt_0001/summary.json,809d2bd611f6abb299c9585048cc8bc83bf9f4e81c2b007f978b7ade95eecbe5,25abe0c0e50f4c749d4ca220c7d29d3e7b55faff65fe3e53e28e7c78ef53bf57,837049,0.0,8,5.865522874868475,837049,0.0,4,2.8814576249569654,837049,0.0,0,0,837049,0.0,0,0,837049,0.0,0,0
full_p1_seed17,full,case_027,1,4,1424,02_1001..5000,12,12,0,0,"{""success"": 12}",9.703768834006041,9.844122082926333,0.115793824,8.975776790757664,8.975776790757664,0,6.251149082090706,7.757289750385098,0,0.5703997920500115,0.15759225119836628,0.14035324892029166,119787,559196,1,operation,0,0,/Users/liyu/Desktop/中文题目/A题研究/advanced_solver/runs/formal_v2/full_p1_seed17/slots/case_027/p1_n4/attempt_0001/summary.json,ebeeba139b61420de1fd6d9e32ad13b37e2ca3c7bc2394458373114131afc232,dda18c285071b027e1a9995b075fe96005d93b4d9cd3ecda847cad410a63149b,559196,0.0,8,6.006143457838334,559196,0.0,4,2.8372346668038517,559196,0.0,0,0,559196,0.0,0,0,559196,0.0,0,0
full_p1_seed17,full,case_027,1,5,1424,02_1001..5000,12,10,2,0,"{""success"": 12}",8.301001915941015,8.431439833017066,0.128813801,7.332930876058526,7.306251500034705,0.026679376023821533,5.059323959052563,6.365326501894742,0,0.8110779999988154,0.1569930398836732,0.13043791707605124,125506,558753,1,component,0,0,/Users/liyu/Desktop/中文题目/A题研究/advanced_solver/runs/formal_v2/full_p1_seed17/slots/case_027/p1_n5/attempt_0001/summary.json,d4b494d7934986ba30981990a8a39d9183258c5ec5f181e13e40566978e4ba5a,53299d6a7e98c5f0a0dc3282093911c8272f0a7df1d67a7f5281d0f3a680d3c8,558753,0.0,8,6.07214812503662,558753,0.0,4,2.8938125839922577,558753,0.0,0,0,558753,0.0,0,0,558753,0.0,0,0
full_p1_seed17,full,case_028,1,2,19584,04_>10000,12,9,3,0,"{""success"": 12}",788.8765389580512,789.1350597089622,1.014056696,786.3143387089949,786.2509973749984,0.06334133399650455,778.297345373081,785.0133235002868,0,1.46339925006032,1.098800998996012,0.25852075091097504,510772,20808437,4,component,0,0,/Users/liyu/Desktop/中文题目/A题研究/advanced_solver/runs/formal_v2/full_p1_seed17/slots/case_028/p1_n2/attempt_0001/summary.json,9bb6402bfa2d32bf19645c3447b0cdc63be14211bdb40b512cf6e9dec3b54e69,1e6b41e2edbdc3b29ea52304d9936e6eed7db9d052054309048dfbb56c65b742,20808437,0.0,8,696.1211401249748,20808437,0.0,4,314.5423764589941,20808437,0.0,0,0,20808437,0.0,0,0,20808437,0.0,0,0
full_p1_seed17,full,case_014,1,2,35705,04_>10000,12,12,0,11,"{""timeout"": 11, ""success"": 1}",2032.355727374903,2032.6462026250083,0.330691883,2027.2119112932123,2027.2119112932123,0,44.294121374958195,46.340652249986306,1980.724601293099,3.46941145893652,1.674404622754082,0.29047525010537356,976470,9158772,4,component,0,0,/Users/liyu/Desktop/中文题目/A题研究/advanced_solver/runs/formal_v2/full_p1_seed17/slots/case_014/p1_n2/attempt_0001/summary.json,914766457a1cfa453d6d643708c9ac63665401fd4144e2fd11ceeeb78e36b5f5,3bc5f4fbf6e7ebe157fd0e13930dfa06cf7eefdcada423dc06095c7a1e7a61e4,9158772,0.0,8,1440.541183126159,9158772,0.0,4,720.2671559590381,9158772,0.0,0,0,9158772,0.0,0,0,9158772,0.0,0,0
full_p1_seed17,full,case_025,1,2,18662,04_>10000,12,9,3,2,"{""success"": 10, ""timeout"": 2}",1120.4519297910156,1120.6848356249975,1.211667558,1117.5495247920044,1117.483450125903,0.06607466610148549,747.6895169998752,756.4354954160517,360.0890978340758,1.763202500063926,1.1392024989472702,0.2329058339819312,647452,2431840,1,component,0,0,/Users/liyu/Desktop/中文题目/A题研究/advanced_solver/runs/formal_v2/full_p1_seed17/slots/case_025/p1_n2/attempt_0001/summary.json,1e74d9e39ac527d743662ba24f1c442352a3be807e5591a4feb877cd75c71ae7,235be728361a2e235ee4194417d1b6e640d93ba0483f706a3426291f6f44873e,2431840,0.0,8,1078.0773388758535,2431840,0.0,4,400.57806204189546,2431840,0.0,0,0,2431840,0.0,0,0,2431840,0.0,0,0
full_p1_seed17,full,case_028,1,3,19584,04_>10000,12,12,0,1,"{""success"": 11, ""timeout"": 1}",737.9126793750329,738.1646460420452,0.939912205,734.9737564579118,734.9737564579118,0,545.0694595410023,553.5682337519247,180.03705695900135,1.790338626015,1.14858429110609,0.2519666670123115,512355,14792144,4,component,0,0,/Users/liyu/Desktop/中文题目/A题研究/advanced_solver/runs/formal_v2/full_p1_seed17/slots/case_028/p1_n3/attempt_0001/summary.json,ddfc14b9e5692f189d4173e71697926e6a1e60a04e6a81f1898846ae71a7a0d2,3165a7fe09966548530553aa36d8bcefc863c4b23c9ad772c845a41443576237,14792144,0.0,8,409.8406329989666,14792144,0.0,4,175.71195403987076,14792144,0.0,0,0,14792144,0.0,0,0,14792144,0.0,0,0
full_p1_seed17,full,case_028,1,4,19584,04_>10000,12,12,0,1,"{""success"": 11, ""timeout"": 1}",770.7000140830642,770.9578236660454,1.231470238,766.7420715411426,766.7420715411426,0,574.1675497500692,584.9671562920557,180.041788832983,2.6389698329148814,1.3189727090066299,0.257809582981281,514768,12041229,4,component,0,0,/Users/liyu/Desktop/中文题目/A题研究/advanced_solver/runs/formal_v2/full_p1_seed17/slots/case_028/p1_n4/attempt_0001/summary.json,ac2a2edc682cf95f3b32fb1a04b14f03acc3745f2d2ecd869236bf3d44726684,c836385d3f53cb876b140d35f1e89f91bd0b7e5874b99ce59da8a06ab2cfe454,12041229,0.0,8,450.4327381241601,12041229,0.0,4,173.80710883415304,12041229,0.0,0,0,12041229,0.0,0,0,12041229,0.0,0,0
full_p1_seed17,full,case_025,1,3,18662,04_>10000,12,12,0,5,"{""success"": 7, ""timeout"": 5}",1490.7286275000079,1490.9791969161015,1.051399412,1487.0385640010936,1487.0385640010936,0,576.8684706247877,585.6040385409724,900.2870227079839,2.4021000418579206,1.2879634570563212,0.25056941609364003,646936,1622164,1,component,0,0,/Users/liyu/Desktop/中文题目/A题研究/advanced_solver/runs/formal_v2/full_p1_seed17/slots/case_025/p1_n3/attempt_0001/summary.json,92755b0755b1aec880b04bf9c90cfcb3e3218d1212e3f6c7c949649b88d8701a,204f50004913bafb1147726e0b393fa5b04744354e63b326f06db02696287f3c,1622164,0.0,8,1142.5849424600601,1622164,0.0,4,422.330918335123,1622164,0.0,0,0,1622164,0.0,0,0,1622164,0.0,0,0
full_p1_seed17,full,case_028,1,5,19584,04_>10000,12,9,3,0,"{""success"": 12}",346.14223920798395,346.4198800829472,1.136578977,341.54462829080876,341.4707346239593,0.07389366684947163,332.1933937079739,340.1658182470128,0,3.127584583009593,1.4700263341655955,0.27764087496325374,518266,10194624,4,component,0,0,/Users/liyu/Desktop/中文题目/A题研究/advanced_solver/runs/formal_v2/full_p1_seed17/slots/case_028/p1_n5/attempt_0001/summary.json,c6694613c9f3bb450e999ded62c805ae8c786894618ab3c84d02856205c193e5,3d266e7d86fa1d012387f90209e9e99ccc705188ce9858cbc0393ab8b057f910,10194624,0.0,8,302.2926316659432,10194624,0.0,4,133.45893374993466,10194624,0.0,0,0,10194624,0.0,0,0,10194624,0.0,0,0
full_p1_seed17,full,case_029,1,2,861,01_<=1000,12,9,3,0,"{""success"": 12}",4.835767750046216,4.991321458015591,0.079255289,4.618275583838113,4.569880416849628,0.04839516698848456,2.7956527492497116,3.729189289850183,0,0.06577583297621459,0.1517163332318887,0.15555370796937495,107375,19740,1,component,0,0,/Users/liyu/Desktop/中文题目/A题研究/advanced_solver/runs/formal_v2/full_p1_seed17/slots/case_029/p1_n2/attempt_0001/summary.json,8e9418eeb499e6ef2cebd461644fda06cbeb019654e0b6ddacdc308952292473,b5f872d9ea89d5ae880125981e9c080e1a8423ca2d5576ed79541e9c5f79cfba,19740,0.0,8,4.211227124906145,19740,0.0,4,2.0776043749647215,19740,0.0,0,0,19740,0.0,0,0,19740,0.0,0,0
full_p1_seed17,full,case_029,1,3,861,01_<=1000,12,12,0,0,"{""success"": 12}",5.920027500018477,6.0796954170800745,0.097304247,5.675766750006005,5.675766750006005,0,3.2690038330620155,4.400759666808881,0,0.08368820801842958,0.1605725419940427,0.1596679170615971,109830,12743,1,component,0,0,/Users/liyu/Desktop/中文题目/A题研究/advanced_solver/runs/formal_v2/full_p1_seed17/slots/case_029/p1_n3/attempt_0001/summary.json,8ed88e3ebdce36c9679f30e5f8b586928174ec407783e4279bc74dc10b6eddc2,ae82d7831a220160a98b2f12d29fe26d2332990db205247acdf8a1e22b6937fe,12743,0.0,8,4.197357418015599,12743,0.0,4,2.0363816670142114,12743,0.0,0,0,12743,0.0,0,0,12743,0.0,0,0
full_p1_seed17,full,case_029,1,4,861,01_<=1000,12,12,0,0,"{""success"": 12}",6.514644999988377,6.671047874959186,0.103892864,6.187671375111677,6.187671375111677,0,3.5974350000033155,4.868360665044747,0,0.11046216613613069,0.21651145874056965,0.15640287497080863,112316,11028,1,component,0,0,/Users/liyu/Desktop/中文题目/A题研究/advanced_solver/runs/formal_v2/full_p1_seed17/slots/case_029/p1_n4/attempt_0001/summary.json,a08f4f47113735484347ac2097783eda93f5956298286091bdd72903388072af,ce0591d5fe08acc53471462a22c1129bb72513cde32c1291d8974a48299e04ac,11028,0.0,8,4.682920957915485,11028,0.0,4,2.13934487500228,11028,0.0,0,0,11028,0.0,0,0,11028,0.0,0,0
full_p1_seed17,full,case_029,1,5,861,01_<=1000,12,9,3,0,"{""success"": 12}",5.098772166995332,5.272936291992664,0.096838159,4.839290748932399,4.799263999098912,0.040026749833486974,2.8883663741871715,3.8822784990770742,0,0.11885912506841123,0.14062229299452156,0.1741641249973327,114634,9383,1,component,0,0,/Users/liyu/Desktop/中文题目/A题研究/advanced_solver/runs/formal_v2/full_p1_seed17/slots/case_029/p1_n5/attempt_0001/summary.json,d0af44a3b7004dcc0d8bdd339019693705e60e96ecb8a51ebe3f254d13ecebf8,7dd922e76d20d1e54916c5e98aac790a664e1f786d0bc43b11a7fadf7c6fb8ec,9383,0.0,8,4.481415166170336,9383,0.0,4,2.009298917138949,9383,0.0,0,0,9383,0.0,0,0,9383,0.0,0,0
full_p1_seed17,full,case_014,1,3,35705,04_>10000,12,12,0,11,"{""timeout"": 11, ""success"": 1}",2038.4882002919912,2038.8764280000469,0.411601797,2029.9889004181605,2029.9889004181605,0,46.90694866690319,48.975531165953726,1980.8776796272723,6.398750124964863,2.1005497488658875,0.3882277080556378,979647,6186882,4,component,0,0,/Users/liyu/Desktop/中文题目/A题研究/advanced_solver/runs/formal_v2/full_p1_seed17/slots/case_014/p1_n3/attempt_0001/summary.json,ba96b066ee24bebfaec4a9dcc1faa77cd70c8ebeffe1a1a1e628654a09377637,6a640481d17aaa9fb9c0690791d4b3fb518849470ec7926a9531550e99c39264,6186882,0.0,8,1440.64780208515,6186882,0.0,4,720.3294747921173,6186882,0.0,0,0,6186882,0.0,0,0,6186882,0.0,0,0
full_p1_seed17,full,case_030,1,2,10070,04_>10000,12,10,2,0,"{""success"": 12}",373.3077906249091,373.51772187498864,0.893173104,371.3954026659485,371.33393620699644,0.06146645895205438,363.229671958019,370.06350483500864,0,1.2139207490254194,0.6984672099351883,0.20993125007953495,316379,1400970,3,component,0,0,/Users/liyu/Desktop/中文题目/A题研究/advanced_solver/runs/formal_v2/full_p1_seed17/slots/case_030/p1_n2/attempt_0001/summary.json,9608cb4db28226bf5a98398a7e87b9fe3f45cf98c860986ee7dda5c411ef3593,75f75d109c70b485fca5670a9e0116d130bd3cef1e7a7418ff525ce9c2db419f,1400970,0.0,8,339.1467052489752,1400970,0.0,4,106.41475191595964,1400970,0.0,0,0,1400970,0.0,0,0,1400970,0.0,0,0
full_p1_seed17,full,case_030,1,3,10070,04_>10000,12,12,0,0,"{""success"": 12}",380.34854004194494,380.5472641249653,0.790595795,377.7600433748448,377.7600433748448,0,368.7199040001724,376.32835799944587,0,1.8783072500955313,0.7101894170045853,0.19872408302035183,319210,933857,1,component,0,0,/Users/liyu/Desktop/中文题目/A题研究/advanced_solver/runs/formal_v2/full_p1_seed17/slots/case_030/p1_n3/attempt_0001/summary.json,aeef1a82f5a62b6d16b364be9eb3d8e4a2bfafa8bf3931e0bf5fee5c3261e1cd,b540284e1ef31575aefa9d3c71c0a03b7a943988e3c0afde879fdff581785a59,933857,0.0,8,242.9701137499651,933857,0.0,4,78.92493908293545,933857,0.0,0,0,933857,0.0,0,0,933857,0.0,0,0
full_p1_seed17,full,case_025,1,4,18662,04_>10000,12,12,0,2,"{""success"": 10, ""timeout"": 2}",1288.9077385840937,1289.2275840829825,2.362692153,1283.9640348341782,1283.9640348341782,0,906.1234009168111,921.9034846690483,360.0957902079681,3.4940812080167234,1.4496225418988615,0.31984549888875335,652403,1217444,1,component,0,0,/Users/liyu/Desktop/中文题目/A题研究/advanced_solver/runs/formal_v2/full_p1_seed17/slots/case_025/p1_n4/attempt_0001/summary.json,0b9164a7c48c1584260537251736ec1cb8ca651b46ea461d636c53f69d9e1734,0f21f50f00576112177d46a7d1ba9fae9a8b47bba92c7b3b5b877b68e4f034c2,1217444,0.0,8,944.6513912921073,1217444,0.0,4,306.4502122090198,1217444,0.0,0,0,1217444,0.0,0,0,1217444,0.0,0,0
full_p1_seed17,full,case_030,1,4,10070,04_>10000,12,12,0,0,"{""success"": 12}",367.8431783328997,368.0885179169709,1.045091982,364.7349254558794,364.7349254558794,0,354.83639608265366,363.24558362190146,0,2.409547750139609,0.6987051268806681,0.24533958407118917,321750,700342,1,component,0,0,/Users/liyu/Desktop/中文题目/A题研究/advanced_solver/runs/formal_v2/full_p1_seed17/slots/case_030/p1_n4/attempt_0001/summary.json,49772e963fe0aef9c8db9f28c2c732b8ddd852613f4148837b31634f7d03737d,230dc2a8f83585162dfc3a648a24139bd3d5e9146196a7e77c4e185bfae9300e,700342,0.0,8,238.43306649883743,700342,0.0,4,79.63982087594923,700342,0.0,0,0,700342,0.0,0,0,700342,0.0,0,0
full_p1_seed17,full,case_030,1,5,10070,04_>10000,12,10,2,0,"{""success"": 12}",276.27405970799737,276.4949972910108,0.960798979,272.1884716680506,272.11431158403866,0.0741600840119645,262.3474874191452,270.7614250839688,0,3.366753707989119,0.7188343319576234,0.2209375830134377,323573,558846,3,component,0,0,/Users/liyu/Desktop/中文题目/A题研究/advanced_solver/runs/formal_v2/full_p1_seed17/slots/case_030/p1_n5/attempt_0001/summary.json,5cbde10983a357f1040ee95c1ff456a5c4b211f2ff6940bddcf40d3db0f4784a,8a277f5f548a3df65ae5262e2b54f32ab491b56e96ef10c393f6337a064de6b2,558846,0.0,8,238.24940358405001,558846,0.0,4,68.38992366602179,558846,0.0,0,0,558846,0.0,0,0,558846,0.0,0,0
full_p1_seed17,full,case_031,1,2,6135,03_5001..10000,12,10,2,0,"{""success"": 12}",84.05257699999493,84.25921920791734,0.411775549,83.03422887413763,83.0005139990244,0.03371487511321902,78.59570770710707,81.82567999884486,0,0.5849442090839148,0.4334039167733863,0.20664220792241395,213129,727493,3,component,0,0,/Users/liyu/Desktop/中文题目/A题研究/advanced_solver/runs/formal_v2/full_p1_seed17/slots/case_031/p1_n2/attempt_0001/summary.json,80738f5ec7350d304e5f8ae22dd325ebcfe22c63884fb16c8129461d9437ee1f,40fa4f2f6aea678a582dcc9618fde4e86fb82a1eb18bd41867b870f982f23798,727493,0.0,8,70.27311687392648,727493,0.0,4,28.623924081912264,727493,0.0,0,0,727493,0.0,0,0,727493,0.0,0,0
full_p1_seed17,full,case_031,1,3,6135,03_5001..10000,12,12,0,0,"{""success"": 12}",103.49103445804212,103.68687904195394,0.45438983,101.97953916701954,101.97953916701954,0,96.56983550300356,100.60668729094323,0,1.06366395810619,0.4478313329163939,0.19584458391182125,215565,484062,3,component,0,0,/Users/liyu/Desktop/中文题目/A题研究/advanced_solver/runs/formal_v2/full_p1_seed17/slots/case_031/p1_n3/attempt_0001/summary.json,f56f9cdbf9b6b2724e91393323f6d940a825627bd7dcab645d8f54a959886137,0ff56226482a0079c48dbf1a4a18ae42c8ebc1d5736e49deb47870ba7b4c2a0d,484062,0.0,8,58.32691579090897,484062,0.0,4,23.505140041932464,484062,0.0,0,0,484062,0.0,0,0,484062,0.0,0,0
full_p1_seed17,full,case_031,1,4,6135,03_5001..10000,12,12,0,0,"{""success"": 12}",104.15375750011299,104.34869829099625,0.480951451,102.30979904101696,102.30979904101696,0,95.77311112487223,100.8135019162437,0,1.3434226240497082,0.5005358350463212,0.19494079088326544,218003,394470,3,component,0,0,/Users/liyu/Desktop/中文题目/A题研究/advanced_solver/runs/formal_v2/full_p1_seed17/slots/case_031/p1_n4/attempt_0001/summary.json,bb0d8b5e082f34783bd218a8ddeb74750baf534023327b8490495ad3f11b9311,71a86875864aebf1e648624e83c95aa1cf3b8fd38cc578398dbfe0901ffe1bb1,394470,0.0,8,58.03688404103741,394470,0.0,4,24.53567466698587,394470,0.0,0,0,394470,0.0,0,0,394470,0.0,0,0
full_p1_seed17,full,case_031,1,5,6135,03_5001..10000,12,9,3,0,"{""success"": 12}",66.04459033405874,66.25569366605487,0.467908802,63.67291824915446,63.6067110421136,0.06620720704086125,58.838221791316755,62.64648533298168,0,1.9232661679852754,0.44840591691900045,0.21110333199612796,220740,306213,1,component,0,0,/Users/liyu/Desktop/中文题目/A题研究/advanced_solver/runs/formal_v2/full_p1_seed17/slots/case_031/p1_n5/attempt_0001/summary.json,92f778cfb83f041f0bc2bbe66d7529876dcfa93918373c2365c5cfefc626fcc1,4b68a50a866bd1a6d2ba7f292055bdb7600c716eff62a12fce306a96ddf41fea,306213,0.0,8,53.602196417050436,306213,0.0,4,18.791224290966056,306213,0.0,0,0,306213,0.0,0,0,306213,0.0,0,0
full_p1_seed17,full,case_032,1,2,827,01_<=1000,12,10,2,0,"{""success"": 12}",5.256965041975491,5.410268957959488,0.062156575,4.977550915325992,4.933774832286872,0.04377608303911984,2.6938747918466106,3.5992530832299963,0,0.1292932500364259,0.15012087661307305,0.15330391598399729,106086,20754,3,component,0,0,/Users/liyu/Desktop/中文题目/A题研究/advanced_solver/runs/formal_v2/full_p1_seed17/slots/case_032/p1_n2/attempt_0001/summary.json,ed203d96f977d961f7e01fdc5706450a2281daadc0a7e49c3f5092122f19075b,40b74ac8ae6ea9287e34d7dfc4c3cd6fd69a7512f46130672e68d96e5f940350,20754,0.0,8,3.9311346241738647,20754,0.0,4,1.730124291148968,20754,0.0,0,0,20754,0.0,0,0,20754,0.0,0,0
full_p1_seed17,full,case_032,1,3,827,01_<=1000,12,12,0,0,"{""success"": 12}",5.4020538330078125,5.572805374977179,0.066281386,5.071919831098057,5.071919831098057,0,2.8705250829225406,3.793280500220135,0,0.1892611258663237,0.14087287604343146,0.17075154196936637,108639,13738,3,component,0,0,/Users/liyu/Desktop/中文题目/A题研究/advanced_solver/runs/formal_v2/full_p1_seed17/slots/case_032/p1_n3/attempt_0001/summary.json,440e61008b083a936031d826359bc21170da6b7422baa0560ea69ae12d1c4332,930b382bda8ea6d0059e07ffe8fd3d476afead7d4063c9fd196f7156f3921a4c,13738,0.0,8,3.4687014570226893,13738,0.0,4,1.7920804580207914,13738,0.0,0,0,13738,0.0,0,0,13738,0.0,0,0
full_p1_seed17,full,case_032,1,4,827,01_<=1000,12,12,0,0,"{""success"": 12}",5.352412250009365,5.506174208014272,0.070669864,4.9996727500110865,4.9996727500110865,0,2.890612207702361,3.8536188763100654,0,0.21739216696005315,0.13534733303822577,0.15376195800490677,110618,11010,3,component,0,0,/Users/liyu/Desktop/中文题目/A题研究/advanced_solver/runs/formal_v2/full_p1_seed17/slots/case_032/p1_n4/attempt_0001/summary.json,b402542ab62b3051ec6ef07ebf45e557367b412d3803acce7de17f423cdd0039,b1b67f01d11efab4fb0f88975445b0f2045dcd2df6242f2c649c21fcab47cf3c,11010,0.0,8,3.5167614991078153,11010,0.0,4,1.6883221240714192,11010,0.0,0,0,11010,0.0,0,0,11010,0.0,0,0
full_p1_seed17,full,case_032,1,5,827,01_<=1000,12,9,3,0,"{""success"": 12}",4.772757875034586,4.923880625050515,0.086513687,4.377927293069661,4.336829668027349,0.04109762504231185,2.50800812500529,3.389679377200082,0,0.2563348759431392,0.13849570602178574,0.15112275001592934,113528,10415,1,component,0,0,/Users/liyu/Desktop/中文题目/A题研究/advanced_solver/runs/formal_v2/full_p1_seed17/slots/case_032/p1_n5/attempt_0001/summary.json,95820c14cbc29809d32717062cf8c6b1648c9e16c38279b20b8a9008a5e38dc1,80f0b35831d5071ca919a15164c500d92599c2edb6857ea2a1398071c2fc29c8,10415,0.0,8,3.988419000990689,10415,0.0,4,2.0004171680193394,10415,0.0,0,0,10415,0.0,0,0,10415,0.0,0,0
full_p1_seed17,full,case_033,1,2,3465,02_1001..5000,12,10,2,0,"{""success"": 12}",43.73695158306509,43.92936574993655,0.318235247,42.9350679180352,42.891430418007076,0.04363750002812594,39.086690083378926,41.778529126779176,0,0.4983836670871824,0.30349999794270843,0.1924141668714583,161618,896305,3,component,0,0,/Users/liyu/Desktop/中文题目/A题研究/advanced_solver/runs/formal_v2/full_p1_seed17/slots/case_033/p1_n2/attempt_0001/summary.json,8732df4ddc932903bc41a025e1d8fdf0a89289203b37f066d0499a2f64200d82,2a0fbb4d18e9d45739a6c15ff790a85cfcb9da903d6893cc87de185efcec3cf6,896305,0.0,8,37.371472584898584,896305,0.0,4,13.855405999813229,896305,0.0,0,0,896305,0.0,0,0,896305,0.0,0,0
full_p1_seed17,full,case_033,1,3,3465,02_1001..5000,12,12,0,0,"{""success"": 12}",51.09975066699553,51.26596145797521,0.355143875,50.14724920783192,50.14724920783192,0,45.56698354193941,48.88650195905939,0,0.6640109999570996,0.28849045920651406,0.16621079097967595,164159,606115,3,component,0,0,/Users/liyu/Desktop/中文题目/A题研究/advanced_solver/runs/formal_v2/full_p1_seed17/slots/case_033/p1_n3/attempt_0001/summary.json,06d36affc753c9be366beec50097c7882f8239cb811486f5896544906d466822,8ad5f27f6fd25d2e1efcc19c33a2b460c47681f6341e697471249929e9dd5d45,606115,0.0,8,32.310757124912925,606115,0.0,4,12.913823624840006,606115,0.0,0,0,606115,0.0,0,0,606115,0.0,0,0
full_p1_seed17,full,case_033,1,4,3465,02_1001..5000,12,12,0,0,"{""success"": 12}",49.928963457932696,50.09188112500124,0.369126731,48.62720874988008,48.62720874988008,0,43.71053079387639,47.27772654115688,0,1.0199864170281217,0.2817682910244912,0.16291766706854105,166666,458833,3,component,0,0,/Users/liyu/Desktop/中文题目/A题研究/advanced_solver/runs/formal_v2/full_p1_seed17/slots/case_033/p1_n4/attempt_0001/summary.json,7eb308b8e270abc6bba85641d5eb157e45db63fdb6ddde6813e050babb21a881,30de7f403033fff4609bbb8a88ceb5a4dc8af365dfc8d28cf1ef205b707a80b0,458833,0.0,8,31.00107195903547,458833,0.0,4,11.884469417040236,458833,0.0,0,0,458833,0.0,0,0,458833,0.0,0,0
full_p1_seed17,full,case_033,1,5,3465,02_1001..5000,12,10,2,0,"{""success"": 12}",35.87567383295391,36.05250116600655,0.37766402,34.22409549809527,34.17566533212084,0.04843016597442329,29.747002540854737,33.06743066722993,0,1.3573890409898013,0.29418929386883974,0.17682733305264264,169130,368019,3,component,0,0,/Users/liyu/Desktop/中文题目/A题研究/advanced_solver/runs/formal_v2/full_p1_seed17/slots/case_033/p1_n5/attempt_0001/summary.json,d7819d2c67a7bff85dc860e743bd160c351b8505fc94608cd0fbd4b4acd25be1,a58f90aac26c247e50a2d73ce34e5ccd38c2ef5b800c68e9947632836098f3c2,368019,0.0,8,29.507318166084588,368019,0.0,4,11.320994000067003,368019,0.0,0,0,368019,0.0,0,0,368019,0.0,0,0
full_p1_seed17,full,case_025,1,5,18662,04_>10000,12,9,3,1,"{""success"": 11, ""timeout"": 1}",883.4030388329411,883.7166332500055,1.877818468,877.3033364159055,877.1921962080523,0.11114020785316825,681.0295952499146,695.8113414169056,180.06484508304857,4.632307916879654,1.4673945001559332,0.3135944170644507,655749,975282,1,component,0,0,/Users/liyu/Desktop/中文题目/A题研究/advanced_solver/runs/formal_v2/full_p1_seed17/slots/case_025/p1_n5/attempt_0001/summary.json,dfc9e78f635730addf1fcc958ec2a477f725990d37a011da455c2411b5c16c80,f0ab1f5d70a607f37fa8afecd68eb43fd3788685e54a080823751ef3130c2b55,975282,0.0,8,857.712396417046,975282,0.0,4,250.59598483296577,975282,0.0,0,0,975282,0.0,0,0,975282,0.0,0,0
full_p1_seed17,full,case_035,1,2,3857,02_1001..5000,12,9,3,0,"{""success"": 12}",17.81165708298795,17.97514025005512,0.143975408,17.24633208301384,17.206547333975323,0.039784749038517475,15.149094251799397,16.342947331024334,0,0.294152999878861,0.2711720000952482,0.16348316706717014,163939,95406,1,component,0,0,/Users/liyu/Desktop/中文题目/A题研究/advanced_solver/runs/formal_v2/full_p1_seed17/slots/case_035/p1_n2/attempt_0001/summary.json,6030837e9ca77fdd2a75864e6f076f01fbfd365314573d560862d9e07b90e6fe,457fb395e3dbb6744a3220bdb1e2366a99d3bc07e8819618a1c44808cdad43e1,95406,0.0,8,13.856559333973564,95406,0.0,4,6.552619249909185,95406,0.0,0,0,95406,0.0,0,0,95406,0.0,0,0
full_p1_seed17,full,case_034,1,2,3745,02_1001..5000,12,10,2,0,"{""success"": 12}",35.51866320800036,35.688068000017665,0.250757856,34.763759248075075,34.728181040030904,0.03557820804417133,31.6016611676896,33.81177074811421,0,0.47639445902314037,0.2785095009021461,0.1694047920173034,171309,415539,3,component,0,0,/Users/liyu/Desktop/中文题目/A题研究/advanced_solver/runs/formal_v2/full_p1_seed17/slots/case_034/p1_n2/attempt_0001/summary.json,62ef56ca4dd84c0f4de7ddcaa5600aa198f92f142b405f657b763d8864d2be5c,f6485d77127680aa32ddeb3bb0ccb2c6ee1d9ad85898ed3de63aa37e9a8b81e1,415539,0.0,8,30.085056290961802,415539,0.0,4,11.926276791025884,415539,0.0,0,0,415539,0.0,0,0,415539,0.0,0,0
full_p1_seed17,full,case_035,1,3,3857,02_1001..5000,12,12,0,0,"{""success"": 12}",26.163201667019166,26.313666000030935,0.134353198,25.501992956968024,25.501992956968024,0,22.796442916616797,24.414981706184335,0,0.38418212498072535,0.27702658507041633,0.15046433301176876,166543,95424,1,component,0,0,/Users/liyu/Desktop/中文题目/A题研究/advanced_solver/runs/formal_v2/full_p1_seed17/slots/case_035/p1_n3/attempt_0001/summary.json,ad2a469c8670f7835c5e1e447ebe85f5a385f03f00484720cd3ca4ef501755ca,0c290e0595d953017bd391f07651caf3df320ca90a8ccb14dc99715c5e3beb5f,95424,0.0,8,11.85812141513452,95424,0.0,4,5.69356970814988,95424,0.0,0,0,95424,0.0,0,0,95424,0.0,0,0
full_p1_seed17,full,case_034,1,3,3745,02_1001..5000,12,12,0,0,"{""success"": 12}",45.126797750010155,45.289130999939516,0.318508875,44.08862699801102,44.08862699801102,0,40.06556850101333,42.92999516800046,0,0.7369231668999419,0.3012475850991905,0.16233324992936105,173914,278077,3,component,0,0,/Users/liyu/Desktop/中文题目/A题研究/advanced_solver/runs/formal_v2/full_p1_seed17/slots/case_034/p1_n3/attempt_0001/summary.json,5418c55e161af58db4ffb363eb59ce91c720f9bed4227976a327d766b8ae6468,f0eec57a25d8d76132e87e15ae81a5a7df3bf814abc90b60274a349388150b59,278077,0.0,8,27.58177245699335,278077,0.0,4,11.28810062399134,278077,0.0,0,0,278077,0.0,0,0,278077,0.0,0,0
full_p1_seed17,full,case_035,1,4,3857,02_1001..5000,12,12,0,0,"{""success"": 12}",25.826001375098713,25.993599709006958,0.166397012,25.070155457942747,25.070155457942747,0,22.006608667899854,23.91422058211174,0,0.4689756669104099,0.28687025024555624,0.16759833390824497,167968,95442,1,component,0,0,/Users/liyu/Desktop/中文题目/A题研究/advanced_solver/runs/formal_v2/full_p1_seed17/slots/case_035/p1_n4/attempt_0001/summary.json,7a00082389fb753a8fee275af14d91194d68b91bc232422a91696bb1d70e5412,173a6ac7218e83e5f7f9d53cbea16bbf689a96a9c9f9d9f40646c4a60ede795e,95442,0.0,8,11.934698789962567,95442,0.0,4,5.8848104981007054,95442,0.0,0,0,95442,0.0,0,0,95442,0.0,0,0
full_p1_seed17,full,case_035,1,5,3857,02_1001..5000,12,9,3,0,"{""success"": 12}",15.896288458025083,16.05447699991055,0.151663236,14.962013582000509,14.917994207818992,0.04401937418151647,12.342043917044066,13.987495374050923,0,0.6290863748872653,0.3051885011373088,0.15818854188546538,171388,95460,1,component,0,0,/Users/liyu/Desktop/中文题目/A题研究/advanced_solver/runs/formal_v2/full_p1_seed17/slots/case_035/p1_n5/attempt_0001/summary.json,1b3b71e7221c7800d7e17444b9b134e72bf1494bfe92f466c2eec2f75a2e1af9,cc24d6bb3ee8e5b97b45a8dfb0f6aa9c6684bd5cb9b9059db3bb1ec24d26eedf,95460,0.0,8,11.854871999821626,95460,0.0,4,5.042306000017561,95460,0.0,0,0,95460,0.0,0,0,95460,0.0,0,0
full_p1_seed17,full,case_034,1,4,3745,02_1001..5000,12,12,0,0,"{""success"": 12}",45.837995624984615,46.022415542043746,0.310301961,44.49504670884926,44.49504670884926,0,39.944792042835616,43.28447099914774,0,1.0379497500834987,0.3049991660518572,0.18441991705913097,176640,211980,1,component,0,0,/Users/liyu/Desktop/中文题目/A题研究/advanced_solver/runs/formal_v2/full_p1_seed17/slots/case_034/p1_n4/attempt_0001/summary.json,5203ce3a94c0b95a4725cf0e415f4984d732f76f9f47231c0aec36bd3b825ff5,5d4e3581eaa5596be87d9ade2539ac432e0374ef600df7492f4f300a11d74e1e,211980,0.0,8,26.522871125955135,211980,0.0,4,10.326189500046894,211980,0.0,0,0,211980,0.0,0,0,211980,0.0,0,0
full_p1_seed17,full,case_036,1,2,2400,02_1001..5000,12,9,3,0,"{""success"": 12}",27.8537675839616,28.002437000046484,0.254715332,27.346129750018008,27.31131387501955,0.03481587499845773,24.380853249691427,26.50623883435037,0,0.26959770801477134,0.23804012592881918,0.1486694160848856,194025,466068,1,component,0,0,/Users/liyu/Desktop/中文题目/A题研究/advanced_solver/runs/formal_v2/full_p1_seed17/slots/case_036/p1_n2/attempt_0001/summary.json,8a3fa8e84027fb56b2354ad2f498b3ff1d4beb01a2bd17ec0e981fb8a99f5fc4,d84f9f1769d7258079007a94e2d0b4179546a8af930cb0bbdc30a6a37bb6d497,466068,0.0,8,26.1511301669525,466068,0.0,4,8.59383470902685,466068,0.0,0,0,466068,0.0,0,0,466068,0.0,0,0
full_p1_seed17,full,case_034,1,5,3745,02_1001..5000,12,10,2,0,"{""success"": 12}",35.99629058397841,36.15836012503132,0.362069157,34.351082959910855,34.31807941803709,0.03300354187376797,29.91993516893126,33.14620366785675,0,1.3478317910339683,0.29737583303358406,0.16206954105291516,178838,169362,3,component,0,0,/Users/liyu/Desktop/中文题目/A题研究/advanced_solver/runs/formal_v2/full_p1_seed17/slots/case_034/p1_n5/attempt_0001/summary.json,9eb95306b476e5412122112cb3022967fbd92f6371dd5d5a8c4a536fea3b43f3,c96ffe8ec101a9065f8b20084570ff39fc92053de24203ac699cb43a129d224f,169362,0.0,8,29.436794793000445,169362,0.0,4,12.313827168080024,169362,0.0,0,0,169362,0.0,0,0,169362,0.0,0,0
full_p1_seed17,full,case_036,1,3,2400,02_1001..5000,12,12,0,0,"{""success"": 12}",36.3208254580386,36.4692898329813,0.263144788,35.63667108397931,35.63667108397931,0,31.208999954746105,34.2678011652315,0,0.41443129105027765,0.26972308300901204,0.14846437494270504,196802,311345,1,component,0,0,/Users/liyu/Desktop/中文题目/A题研究/advanced_solver/runs/formal_v2/full_p1_seed17/slots/case_036/p1_n3/attempt_0001/summary.json,007d82ac15b081458d487cc1c8017f232fd56287428385ec258884ed6024741e,81af0f8a67d7866c39398b13b555757c2c7ca0849389eb5178a1deaeaffdd2f2,311345,0.0,8,25.76654720888473,311345,0.0,4,9.197114376001991,311345,0.0,0,0,311345,0.0,0,0,311345,0.0,0,0
full_p1_seed17,full,case_037,1,2,780,01_<=1000,12,9,3,0,"{""success"": 12}",4.782913707895204,4.917411417001858,0.078243316,4.540996666997671,4.509511291980743,0.03148537501692772,2.8093854578910396,3.6748462521936744,0,0.10286920797079802,0.13904783292673528,0.13449770910665393,106297,105374,1,component,0,0,/Users/liyu/Desktop/中文题目/A题研究/advanced_solver/runs/formal_v2/full_p1_seed17/slots/case_037/p1_n2/attempt_0001/summary.json,c704b4352d7d3772ac87cfea1d94052f85fc6f20df83d4eb705963c9a7c21bc8,a1ce34f88e2ad6f8e0867bf506a80b8ca05cb81a88f9b744a8d1f91b5a8699e3,105374,0.0,8,4.164886792073958,105374,0.0,4,1.894991583074443,105374,0.0,0,0,105374,0.0,0,0,105374,0.0,0,0
full_p1_seed17,full,case_037,1,3,780,01_<=1000,12,12,0,0,"{""success"": 12}",6.513282874948345,6.642827917006798,0.093996722,6.188145208056085,6.188145208056085,0,3.687152831698768,4.900490999221802,0,0.19780433306004852,0.1273333338322118,0.12954504205845296,108304,74038,1,component,0,0,/Users/liyu/Desktop/中文题目/A题研究/advanced_solver/runs/formal_v2/full_p1_seed17/slots/case_037/p1_n3/attempt_0001/summary.json,d10e3fc36f62a3827feaa074274931e7233189606a54f1b05e6b447d6813443e,d1a83dfafa5b3a893d2d9094c299cddbc204d41ca910d85d94e445ce38c04987,74038,0.0,8,4.628438999061473,74038,0.0,4,2.177905166056007,74038,0.0,0,0,74038,0.0,0,0,74038,0.0,0,0
full_p1_seed17,full,case_037,1,4,780,01_<=1000,12,12,0,0,"{""success"": 12}",6.691263500018977,6.8322893750155345,0.107739109,6.279052709345706,6.279052709345706,0,3.849241917137988,5.199356332072057,0,0.280521540902555,0.13168924977071583,0.14102587499655783,111482,53320,1,component,0,0,/Users/liyu/Desktop/中文题目/A题研究/advanced_solver/runs/formal_v2/full_p1_seed17/slots/case_037/p1_n4/attempt_0001/summary.json,bad88c50d1e6431485bd38c8948db0e77d0b0634ae86bf050b801ea4e14d9544,b5ec4d5101b8ba6c30ed1381e5315d6e3d036b6c1b5d4afac10ca3ac01976ebc,53320,0.0,8,4.813740125275217,53320,0.0,4,2.205334958154708,53320,0.0,0,0,53320,0.0,0,0,53320,0.0,0,0
full_p1_seed17,full,case_037,1,5,780,01_<=1000,12,10,2,0,"{""success"": 12}",6.291338874958456,6.426359916105866,0.12227946,5.736076209926978,5.70548654301092,0.030589666916057467,3.5396714189555496,4.855369460070506,0,0.4236434999620542,0.13161916506942362,0.13502104114741087,109591,43013,11,operation,0,0,/Users/liyu/Desktop/中文题目/A题研究/advanced_solver/runs/formal_v2/full_p1_seed17/slots/case_037/p1_n5/attempt_0001/summary.json,014191b40241fd6dd7527fbd62f42cc047c817175ad29fb4ca33ef5fb1658c55,6fc6262a14ecc6203af80fb1033e926038297f1f07a8e8b8450a59636cf8cb76,43800,0.018296793992513827,8,4.9993022930575535,43800,0.018296793992513827,4,2.3175851670093834,43013,0.0,0,0,43013,0.0,0,0,43013,0.0,0,0
full_p1_seed17,full,case_036,1,4,2400,02_1001..5000,12,12,0,0,"{""success"": 12}",29.856192916980945,30.011077499948442,0.316894236,29.061764499056153,29.061764499056153,0,24.687881502090022,27.865955831832252,0,0.5438473749672994,0.2505810429574922,0.1548845829674974,199184,233584,1,component,0,0,/Users/liyu/Desktop/中文题目/A题研究/advanced_solver/runs/formal_v2/full_p1_seed17/slots/case_036/p1_n4/attempt_0001/summary.json,93692dd68e2b11ac43cb9b8a1e4690601a91e34279aa26fabe322b8fa25d51d2,11d7f3d7222c9bc067b7a32dcf76fb3243a797c1bf66ef4429a1c7175ced1b17,233584,0.0,8,20.312395664979704,233584,0.0,4,5.857482581981458,233584,0.0,0,0,233584,0.0,0,0,233584,0.0,0,0
full_p1_seed17,full,case_036,1,5,2400,02_1001..5000,12,9,3,0,"{""success"": 12}",21.091689834021963,21.252998709096573,0.3634364,20.132933456916362,20.092316414928064,0.0406170419882983,16.411693416070193,19.25503762497101,0,0.6856315820477903,0.27312479505781084,0.16130887507461011,201627,187182,1,component,0,0,/Users/liyu/Desktop/中文题目/A题研究/advanced_solver/runs/formal_v2/full_p1_seed17/slots/case_036/p1_n5/attempt_0001/summary.json,53f7550d10bc467242bd2f3cc57683acf0803266918054343c96eed41529206c,df460a2fe1d78085a831c36078c3efabb5da4becd1e3e5066894cdbea921d1d2,187182,0.0,8,19.15684595692437,187182,0.0,4,6.256564083043486,187182,0.0,0,0,187182,0.0,0,0,187182,0.0,0,0
full_p1_seed17,full,case_038,1,2,5907,03_5001..10000,12,10,2,0,"{""success"": 12}",106.26546124997549,106.42417583300266,0.466805857,105.22390308196191,105.19410362490453,0.029799457057379186,100.20432387501933,104.05635712586809,0,0.6415241661015898,0.40003400191199034,0.15871458302717656,210711,681518,1,component,0,0,/Users/liyu/Desktop/中文题目/A题研究/advanced_solver/runs/formal_v2/full_p1_seed17/slots/case_038/p1_n2/attempt_0001/summary.json,c333a5d684690c97639e3ea0e886b82ed66a2abe2f90681a6317feaf5a489481,1085c1424cfeb10aa16966e719190e5e19593ef29cd60afdf7845f3776a59653,681518,0.0,8,93.91803408286069,681518,0.0,4,32.442839165916666,681518,0.0,0,0,681518,0.0,0,0,681518,0.0,0,0
full_p1_seed17,full,case_014,1,4,35705,04_>10000,12,12,0,10,"{""timeout"": 10, ""success"": 2}",2031.6641457090154,2032.0165586670628,0.491251225,2019.52125070896,2019.52125070896,0,214.64428087393753,218.37606741604395,1800.7950602079509,9.98324462515302,2.1596503749024123,0.35241295804735273,983306,4792614,4,component,0,0,/Users/liyu/Desktop/中文题目/A题研究/advanced_solver/runs/formal_v2/full_p1_seed17/slots/case_014/p1_n4/attempt_0001/summary.json,34f576342549527d84ca8d1ccfa5c6dc08ebf62866cbe5041bdee750df88e967,0e4f7a0e6bc01ae81dfafbddc7212b2beded7a2eb42367db51d9bc61391aa968,4792614,0.0,8,1432.8005369589664,4792614,0.0,4,712.4779885830358,4792614,0.0,0,0,4792614,0.0,0,0,4792614,0.0,0,0
full_p1_seed17,full,case_039,1,2,5250,03_5001..10000,12,10,2,0,"{""success"": 12}",107.07972275000066,107.25516608392354,0.468662812,106.07460499880835,106.0310603317339,0.04354466707445681,100.62784104200546,104.87137295899447,0,0.6253130410332233,0.37980471015907824,0.17544333392288536,194619,707704,3,component,0,0,/Users/liyu/Desktop/中文题目/A题研究/advanced_solver/runs/formal_v2/full_p1_seed17/slots/case_039/p1_n2/attempt_0001/summary.json,2763f3024d492603c886e83da9e71889c07c4aaf64a3395946a3203598f60538,d6f2e891f5656c560dc5f1c849d293debebbcea34aa1ac37f3b78c5c66516773,707704,0.0,8,95.41359291574918,707704,0.0,4,31.224674124852754,707704,0.0,0,0,707704,0.0,0,0,707704,0.0,0,0
full_p1_seed17,full,case_038,1,3,5907,03_5001..10000,12,12,0,0,"{""success"": 12}",121.51242641697172,121.68315641698427,0.498174571,120.02348012209404,120.02348012209404,0,113.92229754209984,118.69474049983546,0,1.0684525420656428,0.4204937528120354,0.17073000001255423,212809,456502,3,component,0,0,/Users/liyu/Desktop/中文题目/A题研究/advanced_solver/runs/formal_v2/full_p1_seed17/slots/case_038/p1_n3/attempt_0001/summary.json,590589a36cffb8cc53b07f3d53f17069471b0f91d52678c4160bab317cefe1b5,1c5fa45f4e32325ab4cdd920118f404b2fa09d2ed4c41e7aaf1f0c5d418edd89,456502,0.0,8,73.08901412296109,456502,0.0,4,24.778629123000428,456502,0.0,0,0,456502,0.0,0,0,456502,0.0,0,0
full_p1_seed17,full,case_039,1,3,5250,03_5001..10000,12,12,0,0,"{""success"": 12}",122.85475991701242,123.01702412497252,0.492334524,121.56097237288486,121.56097237288486,0,115.5208304990083,120.28794749791268,0,0.9272492920281366,0.36653825209941715,0.16226420796010643,197552,485565,1,component,0,0,/Users/liyu/Desktop/中文题目/A题研究/advanced_solver/runs/formal_v2/full_p1_seed17/slots/case_039/p1_n3/attempt_0001/summary.json,68089de7bb1fab8ac81730c9aa6d1bada9a6841019859c50b38932802c37e6a9,26edc7fa18b077d5400df9ea86202de9cd976af921ba7720e1744e1a4199dca1,485565,0.0,8,81.23464562406298,485565,0.0,4,27.798654583049938,485565,0.0,0,0,485565,0.0,0,0,485565,0.0,0,0
full_p1_seed17,full,case_038,1,4,5907,03_5001..10000,12,12,0,0,"{""success"": 12}",106.34551200002898,106.52226633299142,0.548383784,104.54245500126854,104.54245500126854,0,98.44633458496537,103.29884208505973,0,1.390602873871103,0.4124541248893365,0.17675433296244591,215518,345206,1,component,0,0,/Users/liyu/Desktop/中文题目/A题研究/advanced_solver/runs/formal_v2/full_p1_seed17/slots/case_038/p1_n4/attempt_0001/summary.json,068cafc4c4a14c84bd3ec887830ee87fd97b5248d76ff3229e5da6948ad3a545,973a47c4e26451da508bd1b3a08d8ccd5087c32207e74c5df44e52aa6d335957,345206,0.0,8,58.95112279220484,345206,0.0,4,20.648145875078626,345206,0.0,0,0,345206,0.0,0,0,345206,0.0,0,0
full_p1_seed17,full,case_039,1,4,5250,03_5001..10000,12,12,0,0,"{""success"": 12}",122.04769304208457,122.21334587503225,0.57325418,120.30683958192822,120.30683958192822,0,113.60943995718844,118.98104383412283,0,1.3580102500272915,0.3828432101290673,0.1656528329476714,199550,387558,3,component,0,0,/Users/liyu/Desktop/中文题目/A题研究/advanced_solver/runs/formal_v2/full_p1_seed17/slots/case_039/p1_n4/attempt_0001/summary.json,5159795e697354169ccae510389d7bfc5f6e960032dbb1d2a6ff5f80853e4503,1ca65ae97f49caddb0866bfddc70dd970fc83f4cc142e3aeae1af569ca489181,387558,0.0,8,81.56549699802417,387558,0.0,4,28.8720514990855,387558,0.0,0,0,387558,0.0,0,0,387558,0.0,0,0
full_p1_seed17,full,case_038,1,5,5907,03_5001..10000,12,10,2,0,"{""success"": 12}",75.18644108297303,75.35428391699679,0.59348024,72.50823808286805,72.46164758387022,0.046590498997829854,66.35398612578865,71.28805529186502,0,2.0471550408983603,0.6310479592066258,0.16784283402375877,217758,279703,3,component,0,0,/Users/liyu/Desktop/中文题目/A题研究/advanced_solver/runs/formal_v2/full_p1_seed17/slots/case_038/p1_n5/attempt_0001/summary.json,b652d242756f3c5904ecaa0e4cd7ae25b893dbf938cb5dd1f271d64595162546,0f9b79077f9e8ddc54fc55a977e573e21f87a0f76ba1ce1a63ff1952cae5ded5,279703,0.0,8,61.2406837499002,279703,0.0,4,21.236387792043388,279703,0.0,0,0,279703,0.0,0,0,279703,0.0,0,0
full_p1_seed17,full,case_040,1,2,3083,02_1001..5000,12,10,2,0,"{""success"": 12}",15.766957249958068,15.921134416013956,0.129901825,15.213724418077618,15.182867668103427,0.03085674997419119,12.873435626039281,14.138949415646493,0,0.30687766696792096,0.2463551649125293,0.15417716605588794,149246,143594,3,component,0,0,/Users/liyu/Desktop/中文题目/A题研究/advanced_solver/runs/formal_v2/full_p1_seed17/slots/case_040/p1_n2/attempt_0001/summary.json,ec7576ed585b653fb4732d4d74736f26073e33c68f1ef18d690ed30f43f846bf,6487613a0c04893a94a1fc42a9ffe89ff4eae60fdb183b794206f2c40ad0af2b,143594,0.0,8,10.613023542100564,143594,0.0,4,5.159907708060928,143594,0.0,0,0,143594,0.0,0,0,143594,0.0,0,0
full_p1_seed17,full,case_040,1,3,3083,02_1001..5000,12,12,0,0,"{""success"": 12}",23.883829041034915,24.079101291950792,0.173961864,23.111235124291852,23.111235124291852,0,20.080100834020413,21.829385001095943,0,0.4547146260738373,0.31787929066922516,0.19527225091587752,152932,110105,1,component,0,0,/Users/liyu/Desktop/中文题目/A题研究/advanced_solver/runs/formal_v2/full_p1_seed17/slots/case_040/p1_n3/attempt_0001/summary.json,412c2f58c3795afb8f7b2d93189b217d21db3b55ce36bd79c61d9ea2f4cb4b7c,a865c6d08c2822eed383e91d5c5986c7b072d0b27f77e976850b71aaaefe278c,110105,0.0,8,11.316391499130987,110105,0.0,4,5.378646291093901,110105,0.0,0,0,110105,0.0,0,0,110105,0.0,0,0
full_p1_seed17,full,case_039,1,5,5250,03_5001..10000,12,10,2,0,"{""success"": 12}",87.34654154197779,87.51350733393338,0.618663513,85.09219233284239,85.04460695874877,0.04758537409361452,78.28532041597646,83.97088683419861,0,1.866577374865301,0.3877718342700973,0.16696579195559025,198289,316542,12,operation,0,0,/Users/liyu/Desktop/中文题目/A题研究/advanced_solver/runs/formal_v2/full_p1_seed17/slots/case_039/p1_n5/attempt_0001/summary.json,7563d9dcbe9d5c6c8c535d1f8ba507195d5a9f81e91405afb6f746dc16f63477,9b8c6820bfc30b1204f3de69733b24e7b1484d1881cb7b1bc404ef7bd77f555c,329899,0.042196612139937306,8,76.42258683382533,329899,0.042196612139937306,4,24.740724208881147,316542,0.0,0,0,316542,0.0,0,0,316542,0.0,0,0
full_p1_seed17,full,case_040,1,4,3083,02_1001..5000,12,12,0,0,"{""success"": 12}",20.474967833957635,20.730069915996864,0.210184605,19.644289748044685,19.644289748044685,0,16.796964125707746,18.35043341689743,0,0.5622064999770373,0.268471585935913,0.25510208203922957,154953,110202,1,component,0,0,/Users/liyu/Desktop/中文题目/A题研究/advanced_solver/runs/formal_v2/full_p1_seed17/slots/case_040/p1_n4/attempt_0001/summary.json,8604db6d8e575966d4fc2a8631cc09fb2b98256173c04ffdeab9810fd5f4dc66,be7d89ae915b604ab09d234d4657c1787e664c3c05ce591c77f32b4aa1671925,110202,0.0,8,9.320570123032667,110202,0.0,4,4.685550124151632,110202,0.0,0,0,110202,0.0,0,0,110202,0.0,0,0
full_p1_seed17,full,case_040,1,5,3083,02_1001..5000,12,10,2,0,"{""success"": 12}",16.144540291046724,16.42468320799526,0.139169708,14.894138586940244,14.848619711003266,0.045518875936977565,12.085539750056341,13.60358591505792,0,0.7334368759766221,0.5169648281298578,0.28014291694853455,156796,110337,1,component,0,0,/Users/liyu/Desktop/中文题目/A题研究/advanced_solver/runs/formal_v2/full_p1_seed17/slots/case_040/p1_n5/attempt_0001/summary.json,42f7245ff6da1cf15e245e2edf2f5ea2452934332a37657b64629603c022ac19,967fe45357abb27bf8fe2025bf7cbd1a1b897beb0aa74080b0db6f56ca6c1ab9,110337,0.0,8,8.816020585014485,110337,0.0,4,4.2934157508425415,110337,0.0,0,0,110337,0.0,0,0,110337,0.0,0,0
full_p1_seed17,full,case_042,1,2,4733,02_1001..5000,12,9,3,0,"{""success"": 12}",52.21574395801872,52.38575266697444,0.319830411,51.3601564996643,51.31546454166528,0.044691957999020815,47.996872834977694,50.414324166835286,0,0.52009362494573,0.335493833408691,0.17000870895572007,186236,840111,1,component,0,0,/Users/liyu/Desktop/中文题目/A题研究/advanced_solver/runs/formal_v2/full_p1_seed17/slots/case_042/p1_n2/attempt_0001/summary.json,452367405740faa24d06492087254f7aba63c5818024517a9fa9c4ff9b505218,9f5ad17d70db1f0ac1016ee4ace738273446be36aba446d178ac5e0f3477cd05,840111,0.0,8,45.371418041642755,840111,0.0,4,19.54698474984616,840111,0.0,0,0,840111,0.0,0,0,840111,0.0,0,0
full_p1_seed17,full,case_042,1,3,4733,02_1001..5000,12,12,0,0,"{""success"": 12}",69.92512312496547,70.10405141708907,0.386651221,68.75236541603226,68.75236541603226,0,63.93984049977735,67.48526050080545,0,0.8161582088796422,0.3565995000535622,0.17892829212360084,188913,571947,1,component,0,0,/Users/liyu/Desktop/中文题目/A题研究/advanced_solver/runs/formal_v2/full_p1_seed17/slots/case_042/p1_n3/attempt_0001/summary.json,2a659460541b1a7865cb111eaa85ba04a81ddf3e301c263bfca872f1a651c636,46f1bc584a91ba289ad32022596029a846913fe5dd8fe3de7d682bbb8afaf5af,571947,0.0,8,40.497265626094304,571947,0.0,4,15.667713167029433,571947,0.0,0,0,571947,0.0,0,0,571947,0.0,0,0
full_p1_seed17,full,case_042,1,4,4733,02_1001..5000,12,12,0,0,"{""success"": 12}",69.41306729207281,69.59429333405569,0.518244506,67.79218062607106,67.79218062607106,0,62.666095041902736,66.4902114579454,0,1.247871374944225,0.37301529105752707,0.18122604198288172,190785,436254,3,component,0,0,/Users/liyu/Desktop/中文题目/A题研究/advanced_solver/runs/formal_v2/full_p1_seed17/slots/case_042/p1_n4/attempt_0001/summary.json,44c750b4c1c1b1060e83cb8007932736431a1b346dc6f7da0efb646ed0d28297,f129e6677d31dec65aac061a78eca8a77efd3a1b14fd0501704bf5e7a3882416,436254,0.0,8,36.67374125099741,436254,0.0,4,14.64162124984432,436254,0.0,0,0,436254,0.0,0,0,436254,0.0,0,0
full_p1_seed17,full,case_042,1,5,4733,02_1001..5000,12,10,2,0,"{""success"": 12}",45.925759040983394,46.116414041025564,0.442033812,43.343368501984514,43.27766483603045,0.06570366595406085,38.34975891595241,41.961158458841965,0,2.132490959018469,0.44989957998041064,0.1906550000421703,193597,359292,3,component,0,0,/Users/liyu/Desktop/中文题目/A题研究/advanced_solver/runs/formal_v2/full_p1_seed17/slots/case_042/p1_n5/attempt_0001/summary.json,564f641257f9386b9de6198c5419ac64002f924f878003157d4356819aeca848,8a56c9b46eeed1693e0f34d497e7f9bc9e8357a60e201f577bf8d289f65c4b39,359292,0.0,8,34.615998752065934,359292,0.0,4,12.73974666709546,359292,0.0,0,0,359292,0.0,0,0,359292,0.0,0,0
full_p1_seed17,full,case_043,1,2,9309,03_5001..10000,12,10,2,0,"{""success"": 12}",126.3819583329605,126.56815541698597,0.338843471,124.67984541633632,124.62744283326901,0.052402583067305386,120.68579341680743,123.47720674984157,0,1.1110613340279087,0.5910515825962648,0.18619708402547985,268173,355614,1,component,0,0,/Users/liyu/Desktop/中文题目/A题研究/advanced_solver/runs/formal_v2/full_p1_seed17/slots/case_043/p1_n2/attempt_0001/summary.json,00a154ebf7e979e89c2438f251482e883eae4e3e363c0e294f72ac98b8e77424,d76da52e7f81e87d2c51038bad68d9836273d5a3bc55579388d5c2315b69781a,355614,0.0,8,82.29861116723623,355614,0.0,4,38.40192650014069,355614,0.0,0,0,355614,0.0,0,0,355614,0.0,0,0
full_p1_seed17,full,case_043,1,3,9309,03_5001..10000,12,12,0,0,"{""success"": 12}",157.45183091599029,157.6436146670021,0.336137617,155.42891120992135,155.42891120992135,0,150.58786337717902,154.04245887266006,0,1.4294517500093207,0.5934679560596123,0.1917837510118261,270472,268776,3,component,0,0,/Users/liyu/Desktop/中文题目/A题研究/advanced_solver/runs/formal_v2/full_p1_seed17/slots/case_043/p1_n3/attempt_0001/summary.json,bc57ee755a4c8a028a63b93c5ae4c2bfa07110f87ad042c87560d9635e01573d,7865ab7cfa999d04d74c32a38ad3239a7b08371f0046c00eefd8c2b43cf2bfc4,268776,0.0,8,57.199741833959706,268776,0.0,4,26.587303751031868,268776,0.0,0,0,268776,0.0,0,0,268776,0.0,0,0
full_p1_seed17,full,case_043,1,4,9309,03_5001..10000,12,12,0,0,"{""success"": 12}",138.30147112510167,138.50816979201045,0.417004498,136.07752945716493,136.07752945716493,0,131.07117700087838,134.6200356259942,0,1.606255958089605,0.6176857098471373,0.20669866690877825,272923,269193,3,component,0,0,/Users/liyu/Desktop/中文题目/A题研究/advanced_solver/runs/formal_v2/full_p1_seed17/slots/case_043/p1_n4/attempt_0001/summary.json,900e0bbaa562245055bcb2ae61009f2470a8379cbba89479e4620de57d61fd36,ecc9e0db94d2644fd46be61748fdd2a1cf4aaa83f3c7e6c42c8dc8fba12fdd0d,269193,0.0,8,53.643319998984225,269193,0.0,4,23.703396458062343,269193,0.0,0,0,269193,0.0,0,0,269193,0.0,0,0
full_p1_seed17,full,case_043,1,5,9309,03_5001..10000,12,9,3,0,"{""success"": 12}",70.66604216699488,70.88101766607724,0.377069814,67.73160833504517,67.6772160010878,0.054392333957366645,63.641253540990874,66.6235505839577,0,2.26498212502338,0.6694517069263384,0.2149754990823567,274679,269610,3,component,0,0,/Users/liyu/Desktop/中文题目/A题研究/advanced_solver/runs/formal_v2/full_p1_seed17/slots/case_043/p1_n5/attempt_0001/summary.json,5231e2561fa4ef7fb2d6a6a182864265d3eb095747e0c024779b494abb3782fb,8d425ff53c3897bad39f23d0882bbdfc56bdaff7250db372c56fb3276ea56320,269610,0.0,8,43.39243645907845,269610,0.0,4,20.803934709052555,269610,0.0,0,0,269610,0.0,0,0,269610,0.0,0,0
full_p1_seed17,full,case_044,1,2,1364,02_1001..5000,12,9,3,0,"{""success"": 12}",4.667305583949201,4.8151289579691365,0.064573794,4.393320749979466,4.362247166922316,0.031073583057150245,2.7643489171750844,3.448429330950603,0,0.1169989169575274,0.1569859170122072,0.14782337401993573,113918,96349,5,operation,0,0,/Users/liyu/Desktop/中文题目/A题研究/advanced_solver/runs/formal_v2/full_p1_seed17/slots/case_044/p1_n2/attempt_0001/summary.json,852de99b515414b24957252f9f3e54fa25ee4d3740f5c59cb4465c9d61d92513,10fbd80326d516ae7e3b4a819534746f56afec9e4ab26196021e6e41fb74a702,131105,0.3607302618605279,8,3.9042075419565663,96349,0.0,4,1.8209228339837864,96349,0.0,0,0,96349,0.0,0,0,96349,0.0,0,0
full_p1_seed17,full,case_044,1,3,1364,02_1001..5000,12,12,0,0,"{""success"": 12}",6.695133125060238,6.828194707981311,0.071170124,6.396709372987971,6.396709372987971,0,3.8630851675989106,4.93770353985019,0,0.13938504201360047,0.15903871005866677,0.13306158292107284,116377,97729,7,operation,0,0,/Users/liyu/Desktop/中文题目/A题研究/advanced_solver/runs/formal_v2/full_p1_seed17/slots/case_044/p1_n3/attempt_0001/summary.json,39e953f7c153d2dd91b9b3c335fe5c755cd7995d02de5e36e72990aa3b7bec9b,3e02c4fd3b1d86ce286a2fa3a60aaa5cf81269b3e404441c534b0313641007a6,123553,0.26424091109087366,8,4.111988706979901,97729,0.0,4,2.3498424580320716,97729,0.0,0,0,97729,0.0,0,0,97729,0.0,0,0
full_p1_seed17,full,case_044,1,4,1364,02_1001..5000,12,12,0,0,"{""success"": 12}",6.182116707903333,6.3235938750440255,0.07155029,5.832419542246498,5.832419542246498,0,3.6556218329351395,4.6293311670888215,0,0.18648979102727026,0.16320737462956458,0.14147716714069247,118505,97889,7,operation,0,0,/Users/liyu/Desktop/中文题目/A题研究/advanced_solver/runs/formal_v2/full_p1_seed17/slots/case_044/p1_n4/attempt_0001/summary.json,93981a25cc76e2173e3103d7dfbc57547237e8fdad6693082c185ca67b41b0be,02a19d8bd341480e9f3dd9783b58d6afc48b908dbaf279cb2de2f47edc2b1d58,124268,0.2694786952568726,8,3.515204083174467,97889,0.0,4,1.7838370400713757,97889,0.0,0,0,97889,0.0,0,0,97889,0.0,0,0
full_p1_seed17,full,case_044,1,5,1364,02_1001..5000,12,8,4,0,"{""success"": 12}",4.128906209021807,4.265810542041436,0.071047124,3.7524532898096368,3.7096069988328964,0.04284629097674042,2.3115207497030497,2.986893835128285,0,0.2238903329707682,0.15256258624140173,0.13690433301962912,120682,100015,7,operation,0,0,/Users/liyu/Desktop/中文题目/A题研究/advanced_solver/runs/formal_v2/full_p1_seed17/slots/case_044/p1_n5/attempt_0001/summary.json,fe34aaad4a2164a3264a7f0d8d498b6d4b190f6dbb6d36134f85e07add2f34e4,126f733ca23d6e487ff686b144764ea01a48b5af80a9ac408efb7cc1a28a7d4e,132892,0.32872069189621556,8,3.7096069988328964,100015,0.0,4,1.84303533192724,100015,0.0,0,0,100015,0.0,0,0,100015,0.0,0,0
full_p1_seed17,full,case_045,1,2,1651,02_1001..5000,12,10,2,0,"{""success"": 12}",8.084730374976061,8.214825332979672,0.102781438,7.787438252707943,7.757527918787673,0.029910333920270205,5.569712624070235,6.686803873977624,0,0.11839016689918935,0.1789019553689286,0.13009495800361037,124375,63059,1,component,0,0,/Users/liyu/Desktop/中文题目/A题研究/advanced_solver/runs/formal_v2/full_p1_seed17/slots/case_045/p1_n2/attempt_0001/summary.json,7d07a19e7c76d2bf923f58b01a0b37232d7dd8383b8460db616e9e1bbbe9fbf6,f507687dfe7ccafbde7fa4b41cc261241684917efb6367f389e71c3aa88c2a26,63059,0.0,8,6.888338210759684,63059,0.0,4,3.021424334961921,63059,0.0,0,0,63059,0.0,0,0,63059,0.0,0,0
full_p1_seed17,full,case_045,1,3,1651,02_1001..5000,12,12,0,0,"{""success"": 12}",9.210113582899794,9.356732917018235,0.120019969,8.878747042967007,8.878747042967007,0,6.4414443341083825,7.807674667914398,0,0.15406783297657967,0.17729870695620775,0.14661933411844075,126465,42452,3,component,0,0,/Users/liyu/Desktop/中文题目/A题研究/advanced_solver/runs/formal_v2/full_p1_seed17/slots/case_045/p1_n3/attempt_0001/summary.json,8e5291b712eff5f2502f6f28528f973ad6cdf15115853ac66d85433e53c9786f,dc8b597debb2c7f69489b6d094ec3d37dc86f70500f3671c61717bb29f2661af,42452,0.0,8,6.68147237598896,42452,0.0,4,2.9046565419994295,42452,0.0,0,0,42452,0.0,0,0,42452,0.0,0,0
full_p1_seed17,full,case_045,1,4,1651,02_1001..5000,12,12,0,0,"{""success"": 12}",9.431908667087555,9.576955750002526,0.123351384,9.077729041920975,9.077729041920975,0,6.550652291974984,7.982595623936504,0,0.1792129590176046,0.1749666661489755,0.14504708291497082,130039,31878,1,component,0,0,/Users/liyu/Desktop/中文题目/A题研究/advanced_solver/runs/formal_v2/full_p1_seed17/slots/case_045/p1_n4/attempt_0001/summary.json,7ebd0218b502961a03c62be54a40ee00c44dc0b67f5d69599226627c6c1896f4,893a68a65b7b8e2dcb6c4ec9cda3c1d3b4f8975b78762abbf19f415ed2d354cd,31878,0.0,8,6.702015333925374,31878,0.0,4,2.986392542021349,31878,0.0,0,0,31878,0.0,0,0,31878,0.0,0,0
full_p1_seed17,full,case_045,1,5,1651,02_1001..5000,12,10,2,0,"{""success"": 12}",8.282520667067729,8.433157667052,0.1246203,7.888691124971956,7.858833583886735,0.029857541085220873,5.459478790173307,6.827088623773307,0,0.22188916697632521,0.1719403751194477,0.15063699998427182,131256,26153,3,component,0,0,/Users/liyu/Desktop/中文题目/A题研究/advanced_solver/runs/formal_v2/full_p1_seed17/slots/case_045/p1_n5/attempt_0001/summary.json,10454151dbe9729fd3030cf1cda52631e0dcbbd0ffbff9791ee687f3aa63e997,6cefca1fcb674bababaf039364c778a1d585f663de34746b4ad3e2f3640cf153,26153,0.0,8,6.993049124954268,26153,0.0,4,3.150112417060882,26153,0.0,0,0,26153,0.0,0,0,26153,0.0,0,0
full_p1_seed17,full,case_046,1,2,992,01_<=1000,12,9,3,0,"{""success"": 12}",3.5477610420202836,3.681672874954529,0.059357881,3.3381017901701853,3.3075097900582477,0.030592000111937523,1.9067150428891182,2.5278388337465003,0,0.0716056670062244,0.13805358484387398,0.13391183293424547,109798,158876,4,component,0,0,/Users/liyu/Desktop/中文题目/A题研究/advanced_solver/runs/formal_v2/full_p1_seed17/slots/case_046/p1_n2/attempt_0001/summary.json,24a259f13b2ebaaebe0dcf419434d9ff8771601db6e0a17c432220cf9cdf4abf,9d13f458b510b7a350a0a6e4ec6511653afa346a23375ddb95bd7782a262ef33,158876,0.0,8,2.968407290056348,158876,0.0,4,1.4448805410647765,158876,0.0,0,0,158876,0.0,0,0,158876,0.0,0,0
full_p1_seed17,full,case_046,1,3,992,01_<=1000,12,12,0,0,"{""success"": 12}",4.955413041985594,5.108024999964982,0.055983175,4.705578459892422,4.705578459892422,0,2.7355735410237685,3.6134783759480342,0,0.10729500011075288,0.1425395819824189,0.15261195797938854,111422,133411,3,component,0,0,/Users/liyu/Desktop/中文题目/A题研究/advanced_solver/runs/formal_v2/full_p1_seed17/slots/case_046/p1_n3/attempt_0001/summary.json,58becfc7228a568d1baa5614be0c14c9361f4e98bef82d0b723a06bca640c98c,342b64b3f70dbce12f5a6fb96abbb6078049238b639ad39fc4410157b6dc27c3,133411,0.0,8,2.9386581679573283,133411,0.0,4,1.4015848339768127,133411,0.0,0,0,133411,0.0,0,0,133411,0.0,0,0
full_p1_seed17,full,case_046,1,4,992,01_<=1000,12,12,0,0,"{""success"": 12}",4.841334708034992,4.986617333022878,0.062087087,4.585456292144954,4.585456292144954,0,2.5519915429176763,3.441405249061063,0,0.11746983299963176,0.13840858289040625,0.14528262498788536,114463,124612,1,component,0,0,/Users/liyu/Desktop/中文题目/A题研究/advanced_solver/runs/formal_v2/full_p1_seed17/slots/case_046/p1_n4/attempt_0001/summary.json,55c140b9c25207ff8a2faa93168c029bdfa1ea318fe0f4fa0074f2ec4cc53c5b,736f55c428cf99cd71a6ab7d37a29a215d1b60ea56403b7dfc1f46cb194035e5,124612,0.0,8,2.9073544170241803,124612,0.0,4,1.464339666068554,124612,0.0,0,0,124612,0.0,0,0,124612,0.0,0,0
full_p1_seed17,full,case_046,1,5,992,01_<=1000,12,9,3,0,"{""success"": 12}",4.09344137494918,4.2577245000284165,0.067399001,3.7952067498117685,3.7634137077257037,0.031793042086064816,2.0003814190858975,2.7818999990122393,0,0.1407393750268966,0.15749525011051446,0.16428312507923692,117788,124612,4,component,0,0,/Users/liyu/Desktop/中文题目/A题研究/advanced_solver/runs/formal_v2/full_p1_seed17/slots/case_046/p1_n5/attempt_0001/summary.json,bdd0521690cb2135df886363c062b77252b9304fa47c73c02699da43f45dcfed,7108bd70e61438bf8c338c8b4627141f8ad35bbdab4596c6a648c93f5cfd04f1,124612,0.0,8,3.4144754987210035,124612,0.0,4,1.7356781237758696,124612,0.0,0,0,124612,0.0,0,0,124612,0.0,0,0
full_p1_seed17,full,case_041,1,2,16594,04_>10000,12,10,2,2,"{""success"": 10, ""timeout"": 2}",963.2066898329649,963.4386372499866,1.134259483,960.3231234985869,960.2489177077077,0.07420579087920487,590.2221342488192,599.0075942089316,360.10030966589693,1.8503413749858737,1.0332249593921006,0.23194741702172905,446584,2992480,1,component,0,0,/Users/liyu/Desktop/中文题目/A题研究/advanced_solver/runs/formal_v2/full_p1_seed17/slots/case_041/p1_n2/attempt_0001/summary.json,1a47f892a7fde0d4cb9e7140c0a01c62cba2f0d9e99e2f6b7ae6a0fac5fa7573,d015e9969e6764ed5026ec1c32314ca28932d5571c408ff164bc2b9c17878e1c,2992480,0.0,8,868.6097541657509,2992480,0.0,4,293.5840838328004,2992480,0.0,0,0,2992480,0.0,0,0,2992480,0.0,0,0
full_p1_seed17,full,case_047,1,2,13710,04_>10000,9,8,1,0,"{""success"": 9}",155.54801225010306,155.85380183300003,0.592898018,153.63778621028177,153.5998785853153,0.03790762496646494,149.5523655830184,152.4797844599234,0,1.1486184998648241,0.7616075399564579,0.30578958289697766,327913,325238,4,operation,0,0,/Users/liyu/Desktop/中文题目/A题研究/advanced_solver/runs/formal_v2/full_p1_seed17/slots/case_047/p1_n2/attempt_0001/summary.json,1770608425386d15593564c9206ce4789cb64a8d5dc6935185d91eec068fcdc0,bf2d1583ecb7ce827deb9258b2a603824776541285d2cbe057b8a06b782df42d,325238,0.0,5,88.67923266720027,325238,0.0,1,31.097668417030945,325238,0.0,0,0,325238,0.0,0,0,325238,0.0,0,0
full_p1_seed17,full,case_047,1,3,13710,04_>10000,9,9,0,0,"{""success"": 9}",180.3061213750625,180.72050737496465,0.37331865,178.7937025000574,178.7937025000574,0,174.13566404022276,177.56283333327156,0,0.6457436251221225,0.8666752498829737,0.4143859999021515,329002,325720,8,operation,0,0,/Users/liyu/Desktop/中文题目/A题研究/advanced_solver/runs/formal_v2/full_p1_seed17/slots/case_047/p1_n3/attempt_0001/summary.json,84cfe83cc6e614fa99309873d887c2d98dc5e13670d46f4d087033c2d5d84f9e,d7e8be853e22c4a1c7502a6ba7d3c0eb54098d32898c4d54c0e6ec6d384853f4,326508,0.002419255802529774,5,61.60101379209664,325720,0.0,1,22.146261917077936,325720,0.0,0,0,325720,0.0,0,0,325720,0.0,0,0
full_p1_seed17,full,case_047,1,4,13710,04_>10000,9,9,0,0,"{""success"": 9}",139.753974167048,139.9696368749719,0.34068742,138.30507787608076,138.30507787608076,0,133.98153933207504,137.2410907917656,0,0.6407342919846997,0.8081619989825413,0.2156627079239115,330102,325238,2,operation,0,0,/Users/liyu/Desktop/中文题目/A题研究/advanced_solver/runs/formal_v2/full_p1_seed17/slots/case_047/p1_n4/attempt_0001/summary.json,2fe4f1db68bcf05bd09d474bfe4efd677e7056ec07941bbc168598f5e78dd0d1,ea57178f4c40f2ae32cff067c2f2db57caef83e77802ab7f76e86d7cc61fb6e2,325238,0.0,5,44.55035700008739,325238,0.0,1,13.386004417086951,325238,0.0,0,0,325238,0.0,0,0,325238,0.0,0,0
full_p1_seed17,full,case_047,1,5,13710,04_>10000,9,8,1,0,"{""success"": 9}",64.67833308293484,64.90711858402938,0.362218949,63.35039716609754,63.31732962408569,0.03306754201184958,59.70481658400968,62.49840350006707,0,0.6629452920751646,0.6649906247621402,0.228785501094535,338219,321049,6,operation,0,0,/Users/liyu/Desktop/中文题目/A题研究/advanced_solver/runs/formal_v2/full_p1_seed17/slots/case_047/p1_n5/attempt_0001/summary.json,2ed645b858d423ac6b79e7a5cbc44198ce1affaa5c550d219c7d063e99367add,b9031840651d3b4e4b9b5f67a5efdd3b0749c7e87e24a1d0a0e93055791be849,325792,0.014773445797993556,5,36.62856829108205,321049,0.0,1,10.85841020802036,321049,0.0,0,0,321049,0.0,0,0,321049,0.0,0,0
full_p1_seed17,full,case_048,1,2,1728,02_1001..5000,9,8,1,0,"{""success"": 9}",5.700312583008781,5.861762042040937,0.056874632,5.438354167039506,5.400875959079713,0.03747820795979351,3.7594562077429146,4.533125876216218,0,0.09602100006304681,0.16593741590622813,0.16144945903215557,98761,222220,1,component,0,0,/Users/liyu/Desktop/中文题目/A题研究/advanced_solver/runs/formal_v2/full_p1_seed17/slots/case_048/p1_n2/attempt_0001/summary.json,b7a0e0812ef41c91fa80a4cefc08e4ad8023d0d03bf63d9fa2c661d7248b00c9,fcbd4cfb50fb95c9b8f2d38cdff6f3ab4c5abb83550d5b4749c908d1648ee720,222220,0.0,5,3.138794418075122,222220,0.0,1,0.7259099590592086,222220,0.0,0,0,222220,0.0,0,0,222220,0.0,0,0
full_p1_seed17,full,case_048,1,3,1728,02_1001..5000,9,9,0,0,"{""success"": 9}",6.16216962505132,6.319334667059593,0.060205922,5.90452895720955,5.90452895720955,0,3.9915541692171246,4.840869042207487,0,0.09646529203746468,0.16117537580430508,0.1571650420082733,100171,222220,1,component,0,0,/Users/liyu/Desktop/中文题目/A题研究/advanced_solver/runs/formal_v2/full_p1_seed17/slots/case_048/p1_n3/attempt_0001/summary.json,90968d37d1f9ce1d24ebb96ac11ed707962d9417221bd426182fc999d77b8180,bb1e211e05172e3e8da48357bc1c3a96af48ad76c420081875da811f7bc34787,222220,0.0,5,2.7889040821464732,222220,0.0,1,0.6417993750656024,222220,0.0,0,0,222220,0.0,0,0,222220,0.0,0,0
full_p1_seed17,full,case_048,1,4,1728,02_1001..5000,9,9,0,0,"{""success"": 9}",5.648979459074326,5.840520750032738,0.060000423,5.40985570976045,5.40985570976045,0,3.678611169103533,4.451238750945777,0,0.082406623987481,0.15671712532639503,0.191541290958412,101463,222220,1,component,0,0,/Users/liyu/Desktop/中文题目/A题研究/advanced_solver/runs/formal_v2/full_p1_seed17/slots/case_048/p1_n4/attempt_0001/summary.json,713f6e5ef0e52bf05f40dad5307790ec37070d617c64bfef15702612309bff76,ca1a2bf97721e524ffee21c82554aacf82a774f2a6448ba18d55f59b6e648d52,222220,0.0,5,2.6862195008434355,222220,0.0,1,0.574795666965656,222220,0.0,0,0,222220,0.0,0,0,222220,0.0,0,0
full_p1_seed17,full,case_048,1,5,1728,02_1001..5000,9,8,1,0,"{""success"": 9}",4.515424582990818,4.659376040915959,0.063309379,4.290280791698024,4.262942958739586,0.027337832958437502,2.75592887296807,3.484889835002832,0,0.08072329103015363,0.14442050026264042,0.14395145792514086,102742,222220,1,component,0,0,/Users/liyu/Desktop/中文题目/A题研究/advanced_solver/runs/formal_v2/full_p1_seed17/slots/case_048/p1_n5/attempt_0001/summary.json,887e9ade6583b6e9973bc263d4231a2b397c0890398af0399ce5e834264c00eb,d3fe831294565b6fd9500e7fee31e227569b047f0a914aa89ce1f48c0da9c834,222220,0.0,5,2.541460750857368,222220,0.0,1,0.5003766668960452,222220,0.0,0,0,222220,0.0,0,0,222220,0.0,0,0
full_p1_seed17,full,case_049,1,2,4303,02_1001..5000,12,9,3,0,"{""success"": 12}",20.73490399995353,20.88782291696407,0.146777078,20.164301919168793,20.127603294095024,0.0366986250737682,17.954534207936376,19.20884316880256,0,0.279445750056766,0.2911563307279721,0.15291891701053828,172085,160206,1,component,0,0,/Users/liyu/Desktop/中文题目/A题研究/advanced_solver/runs/formal_v2/full_p1_seed17/slots/case_049/p1_n2/attempt_0001/summary.json,c9b39b740670f6351ddced71b58f59b51fda5fdd99365993119fdbbee000af94,cc232d96bb6e7337713d627c07e0a6393b8db9fb294cfa4bb60e465fb14b2fcc,160206,0.0,8,15.79333871009294,160206,0.0,4,7.493132667033933,160206,0.0,0,0,160206,0.0,0,0,160206,0.0,0,0
full_p1_seed17,full,case_049,1,3,4303,02_1001..5000,12,12,0,0,"{""success"": 12}",34.97430891694967,35.12894900003448,0.164320537,34.30927770806011,34.30927770806011,0,31.169923083041795,33.00929737708066,0,0.35917212592903525,0.30585908296052366,0.15464008308481425,174719,160224,1,component,0,0,/Users/liyu/Desktop/中文题目/A题研究/advanced_solver/runs/formal_v2/full_p1_seed17/slots/case_049/p1_n3/attempt_0001/summary.json,27e0695b339121eeb0692467a9966034dbf66974eed86b6f7cb2eff3bea205bf,69c7fea7c7ba0cccba32737dde6e115afd40154229d23630316754db22df6e68,160224,0.0,8,14.145705832866952,160224,0.0,4,6.988006874918938,160224,0.0,0,0,160224,0.0,0,0,160224,0.0,0,0
full_p1_seed17,full,case_049,1,4,4303,02_1001..5000,12,12,0,0,"{""success"": 12}",37.736365666030906,37.92009016696829,0.174093428,36.96791070897598,36.96791070897598,0,33.29284966585692,35.509513873024844,0,0.40781895793043077,0.3606359991244972,0.18372450093738735,177153,160242,1,component,0,0,/Users/liyu/Desktop/中文题目/A题研究/advanced_solver/runs/formal_v2/full_p1_seed17/slots/case_049/p1_n4/attempt_0001/summary.json,c562ea1115d32034ad8ebcf9bafd7b69b63a94d65fcfa41ef6f9b9683c8d189e,52691c8af6807bc5bc0aa03f3f79740827bd7ed22cdd0cdf555aa895b433ca56,160242,0.0,8,15.36348983400967,160242,0.0,4,6.862679542042315,160242,0.0,0,0,160242,0.0,0,0,160242,0.0,0,0
full_p1_seed17,full,case_049,1,5,4303,02_1001..5000,12,8,4,0,"{""success"": 12}",15.858374166069552,16.07810287491884,0.248608464,15.050165374064818,15.000349540961906,0.04981583310291171,12.554226167150773,14.175450167036615,0,0.463328167097643,0.34488062490709126,0.21972870884928852,179474,160260,1,component,0,0,/Users/liyu/Desktop/中文题目/A题研究/advanced_solver/runs/formal_v2/full_p1_seed17/slots/case_049/p1_n5/attempt_0001/summary.json,ac2ccc7cc59a3302872495aec21d023bac945595a811c1b4d6c6199585150a6c,e1e761fa680cb05c01d77b2f6fadaec54165addbf76b084b13ce3e72a0bf1ecc,160260,0.0,8,15.000349540961906,160260,0.0,4,8.53803804202471,160260,0.0,0,0,160260,0.0,0,0,160260,0.0,0,0
full_p1_seed17,full,case_050,1,2,4555,02_1001..5000,12,9,3,0,"{""success"": 12}",25.016363249975257,25.210611667018384,0.172785405,24.26282433292363,24.192262166994624,0.07056216592900455,21.843220458133146,23.27314145595301,0,0.39216629206202924,0.361372624989599,0.19424841704312712,177783,108121,1,component,0,0,/Users/liyu/Desktop/中文题目/A题研究/advanced_solver/runs/formal_v2/full_p1_seed17/slots/case_050/p1_n2/attempt_0001/summary.json,a20a1c96deb49427a615a2deb5f309e5c4b4cd107fd59e6c535b50e192fdce6f,450cf7c04b1bda479cf5aa210901451a005b6f1833fd1e20b922d95b706e919f,108121,0.0,8,18.82486074999906,108121,0.0,4,8.410610541002825,108121,0.0,0,0,108121,0.0,0,0,108121,0.0,0,0
full_p1_seed17,full,case_050,1,3,4555,02_1001..5000,12,12,0,0,"{""success"": 12}",36.06084150006063,36.2323159170337,0.17036658,35.27245412522461,35.27245412522461,0,32.20802049909253,34.030555832898244,0,0.45068066695239395,0.3377067078836262,0.1714744169730693,179953,108134,1,component,0,0,/Users/liyu/Desktop/中文题目/A题研究/advanced_solver/runs/formal_v2/full_p1_seed17/slots/case_050/p1_n3/attempt_0001/summary.json,e457cdeb2befe915e8bb7c9868a6a320910754f47dfd9b3a34f805136050fb88,3d47b0cb8e91a5828a80b40c99dfd2aa2ac1d807b9292acfda9603f3f562996b,108134,0.0,8,14.97723616717849,108134,0.0,4,7.321863291086629,108134,0.0,0,0,108134,0.0,0,0,108134,0.0,0,0
full_p1_seed17,full,case_050,1,4,4555,02_1001..5000,12,12,0,0,"{""success"": 12}",38.11547299998347,38.29867537505925,0.20944412,37.16141816810705,37.16141816810705,0,33.86208262492437,35.8720759160351,0,0.6061112079769373,0.3479436238994822,0.18320237507577986,181856,108147,1,component,0,0,/Users/liyu/Desktop/中文题目/A题研究/advanced_solver/runs/formal_v2/full_p1_seed17/slots/case_050/p1_n4/attempt_0001/summary.json,16e477fd0dcc28bdd7ce8bb086bc0014ec770e4a895db49ea52fe8ba9e5dd16b,5fa56502cbfc512a3e493cec8b2b15286d4cdc3edc68c69b915c4976688423f8,108147,0.0,8,14.944018001086079,108147,0.0,4,7.664376958971843,108147,0.0,0,0,108147,0.0,0,0,108147,0.0,0,0
full_p1_seed17,full,case_050,1,5,4555,02_1001..5000,12,10,2,0,"{""success"": 12}",26.85371137491893,27.032624165993184,0.225659657,25.69221516593825,25.660894248983823,0.03132091695442796,22.87705162796192,24.701169959036633,0,0.8072553329402581,0.3542408760404214,0.17891279107425362,184218,108160,1,component,0,0,/Users/liyu/Desktop/中文题目/A题研究/advanced_solver/runs/formal_v2/full_p1_seed17/slots/case_050/p1_n5/attempt_0001/summary.json,43bc60ac9b928de9c82bcd90814e2e062362f34481de93eb0a93bc31ccf05c0d,bc24ddd5983e1d464953f350dcf41d3b2051bc245218d696fb16141498a4f62f,108160,0.0,8,14.120144624030218,108160,0.0,4,6.770895958063193,108160,0.0,0,0,108160,0.0,0,0,108160,0.0,0,0
full_p1_seed17,full,case_051,1,2,1416,02_1001..5000,9,8,1,0,"{""success"": 9}",4.296034957980737,4.43701895896811,0.050546765,4.082677917089313,4.05291712610051,0.02976079098880291,2.574089793022722,3.2078863341594115,0,0.07349512598011643,0.1398619149113074,0.1409840009873733,92767,607628,1,component,0,0,/Users/liyu/Desktop/中文题目/A题研究/advanced_solver/runs/formal_v2/full_p1_seed17/slots/case_051/p1_n2/attempt_0001/summary.json,822e225b4505db2ea434037a2065fd167698e4b605e6f410de96cd0a06c53ef6,e7870cc14e501045706189ce7345bedf5f0101138a639b8b7ec23d01ddee4d06,607628,0.0,5,2.4874340010574088,607628,0.0,1,0.6326642500935122,607628,0.0,0,0,607628,0.0,0,0,607628,0.0,0,0
full_p1_seed17,full,case_014,1,5,35705,04_>10000,12,12,0,9,"{""timeout"": 9, ""success"": 3}",1980.5145458329935,1980.9311791670043,0.68905981,1967.7384592079325,1967.7384592079325,0,341.0042486670427,346.49128074990585,1620.7686377499485,10.632639124058187,2.143447501002811,0.41663333401083946,985792,3859241,4,component,0,0,/Users/liyu/Desktop/中文题目/A题研究/advanced_solver/runs/formal_v2/full_p1_seed17/slots/case_014/p1_n5/attempt_0001/summary.json,20221dff50ca761a0068b4ef9efb109cb4f5949bb19bbb3217ca53a7bd4f6f20,b37e74d662607f1b8e5eaed6b61fea7b0e2a22103ac275e1a5bd49ae0c30b267,3859241,0.0,8,1371.2049897080287,3859241,0.0,4,650.8612362080021,3859241,0.0,0,0,3859241,0.0,0,0,3859241,0.0,0,0
full_p1_seed17,full,case_051,1,3,1416,02_1001..5000,9,9,0,0,"{""success"": 9}",4.803628666093573,4.960943166981451,0.043162371,4.598119500908069,4.598119500908069,0,2.841824666247703,3.534939542878419,0,0.06318037502933294,0.14232879015617073,0.15731450088787824,94146,607628,1,component,0,0,/Users/liyu/Desktop/中文题目/A题研究/advanced_solver/runs/formal_v2/full_p1_seed17/slots/case_051/p1_n3/attempt_0001/summary.json,f775204d62842034356e421c317dc8d92b07210f39d1b4aa79ea7110274d84b7,9b9425f011caee8e7ae628a3bba9bf7e5f38069ce3ab19b9c0879199986f096b,607628,0.0,5,2.3781903750495985,607628,0.0,1,0.4045779580483213,607628,0.0,0,0,607628,0.0,0,0,607628,0.0,0,0
full_p1_seed17,full,case_052,1,2,1008,02_1001..5000,12,9,3,0,"{""success"": 12}",5.267094500013627,5.409100458025932,0.065847219,4.9739980440353975,4.920951000996865,0.05304704303853214,3.3025598352542147,4.065176418167539,0,0.14529954199679196,0.14779691398143768,0.1420059580123052,111169,86401,3,component,0,0,/Users/liyu/Desktop/中文题目/A题研究/advanced_solver/runs/formal_v2/full_p1_seed17/slots/case_052/p1_n2/attempt_0001/summary.json,a4af843500ededcde3822dc3cfde45e6b580e3035a2a5e68f50bbac98eba0391,7f73430ad6cf3763d8a12e3078a23cb39a9042358b796146ed275dfc4af861d3,86401,0.0,8,4.4498910419642925,86401,0.0,4,1.9330782090546563,86401,0.0,0,0,86401,0.0,0,0,86401,0.0,0,0
full_p1_seed17,full,case_051,1,4,1416,02_1001..5000,9,9,0,0,"{""success"": 9}",4.090966208023019,4.223569541005418,0.04786519,3.910900331917219,3.910900331917219,0,2.4213347089244053,3.0499358758097515,0,0.05710812599863857,0.1229577501071617,0.13260333298239857,95434,607628,1,component,0,0,/Users/liyu/Desktop/中文题目/A题研究/advanced_solver/runs/formal_v2/full_p1_seed17/slots/case_051/p1_n4/attempt_0001/summary.json,491ed12d2b68898db1f00590830c17be96e91e5a76a5f422916978009196c87e,1a5686b0d9e7b6698317b65f0da326f950f1459f0eb6c5d75b70e897b10caa4b,607628,0.0,5,1.945595581899397,607628,0.0,1,0.40174191701225936,607628,0.0,0,0,607628,0.0,0,0,607628,0.0,0,0
full_p1_seed17,full,case_051,1,5,1416,02_1001..5000,9,8,1,0,"{""success"": 9}",3.531360665918328,3.667126041953452,0.049461518,3.3505002519814298,3.331824752036482,0.01867549994494766,2.014253791887313,2.625627291155979,0,0.058906083926558495,0.12195433001033962,0.13576537603512406,96747,607628,1,component,0,0,/Users/liyu/Desktop/中文题目/A题研究/advanced_solver/runs/formal_v2/full_p1_seed17/slots/case_051/p1_n5/attempt_0001/summary.json,0d3e8257392938719fbbef362c213ad9e0c0dc89b2b802bd6eee1342b6383ce8,a0e5badfb44339b3886e0d4f682e6b821833f7009721065796008215423fc688,607628,0.0,5,2.111705251969397,607628,0.0,1,0.40394716698210686,607628,0.0,0,0,607628,0.0,0,0,607628,0.0,0,0
full_p1_seed17,full,case_052,1,3,1008,02_1001..5000,12,12,0,0,"{""success"": 12}",6.365916499984451,6.499605541932397,0.073970445,6.059516544104554,6.059516544104554,0,3.870727706933394,4.869262040127069,0,0.16590583405923098,0.1404941218206659,0.13368904194794595,114239,63144,1,component,0,0,/Users/liyu/Desktop/中文题目/A题研究/advanced_solver/runs/formal_v2/full_p1_seed17/slots/case_052/p1_n3/attempt_0001/summary.json,537fc6e9f2537c60b6b7dddd281a069ac142eced96796647f5124fe67aa0618a,2a23f2c908f0a26a95298b22f6e5f35c9f03d2c01c46c28f2be21578a1494dad,63144,0.0,8,4.1121009171474725,63144,0.0,4,1.9332623339723796,63144,0.0,0,0,63144,0.0,0,0,63144,0.0,0,0
full_p1_seed17,full,case_052,1,4,1008,02_1001..5000,12,12,0,0,"{""success"": 12}",6.6370133749442175,6.770130041986704,0.07581194,6.258095873752609,6.258095873752609,0,3.9134388740640134,5.035748750669882,0,0.2295469589298591,0.1493705422617495,0.13311666704248637,116805,47938,1,component,0,0,/Users/liyu/Desktop/中文题目/A题研究/advanced_solver/runs/formal_v2/full_p1_seed17/slots/case_052/p1_n4/attempt_0001/summary.json,60cfd4b8c6448bf57444c73ef9780c0e1339927bf2f3d9631eba33f82de3250b,f493a91c0690ae10ef48051e5bd28f4ba6429cb892df57496cf38a186b587dad,47938,0.0,8,4.0733360819285735,47938,0.0,4,1.9783328330377117,47938,0.0,0,0,47938,0.0,0,0,47938,0.0,0,0
full_p1_seed17,full,case_052,1,5,1008,02_1001..5000,12,10,2,0,"{""success"": 12}",5.912460915977135,6.046871540951543,0.085900034,5.433902248740196,5.405600831843913,0.028301416896283627,3.43555412592832,4.476334332022816,0,0.3262716670287773,0.15228700020816177,0.13441062497440726,121352,44882,4,component,0,0,/Users/liyu/Desktop/中文题目/A题研究/advanced_solver/runs/formal_v2/full_p1_seed17/slots/case_052/p1_n5/attempt_0001/summary.json,75c9fe2679de43c6f0682a0b97f0f237725723345c2f19b1dc3b28a513aa2ee9,2e04362a3486db07cf570311e08a3a44f53d8f0d7d6f4beb4aa2f5d1540f8244,44882,0.0,8,4.537213706877083,44882,0.0,4,2.1393948330078274,44882,0.0,0,0,44882,0.0,0,0,44882,0.0,0,0
full_p1_seed17,full,case_053,1,2,11670,04_>10000,12,10,2,0,"{""success"": 12}",189.49476929102093,189.6926377909258,0.38951125,187.75734875106718,187.71903083403595,0.03831791703123599,183.4574481230229,186.6311842071591,0,1.065901375026442,0.6715191649273038,0.197868499904871,314888,770331,3,component,0,0,/Users/liyu/Desktop/中文题目/A题研究/advanced_solver/runs/formal_v2/full_p1_seed17/slots/case_053/p1_n2/attempt_0001/summary.json,afe7e02f43b496d6c9ca4285f60992617154360a8e3cef042c7ebd22ccee78dc,a485645d99789353bea5d0785ff1670bc1296fae7ed7b1c7b60b455e9935d88d,770331,0.0,8,121.38979258411564,770331,0.0,4,61.762053208076395,770331,0.0,0,0,770331,0.0,0,0,770331,0.0,0,0
full_p1_seed17,full,case_054,1,2,15751,04_>10000,12,9,3,0,"{""success"": 12}",295.9834582080366,296.2693958749296,0.462804615,293.82551679201424,293.72509779199027,0.10041900002397597,289.28084458515514,292.6896828339668,0,1.2117779161781073,0.9461634998442605,0.28593766689300537,396124,517960,1,component,0,0,/Users/liyu/Desktop/中文题目/A题研究/advanced_solver/runs/formal_v2/full_p1_seed17/slots/case_054/p1_n2/attempt_0001/summary.json,6a3674a7a867aec0c06faa8cf75ace5d104859c6b7a784def2d6c3ae1784b822,033c71f00fff33d8504279f6530cc423e0a756a04b1e814a4691293bf7a1b5b2,517960,0.0,8,227.057475458947,517960,0.0,4,108.42376687400974,517960,0.0,0,0,517960,0.0,0,0,517960,0.0,0,0
full_p1_seed17,full,case_053,1,3,11670,04_>10000,12,12,0,0,"{""success"": 12}",253.81953566602897,253.96157470799517,0.187884084,251.63829208200332,251.63829208200332,0,246.05297870910726,250.21556637098547,0,1.5092634999891743,0.6719800840364769,0.14203904196619987,317966,546106,1,component,0,0,/Users/liyu/Desktop/中文题目/A题研究/advanced_solver/runs/formal_v2/full_p1_seed17/slots/case_053/p1_n3/attempt_0001/summary.json,a1e6d29886f4db7efe804489bd7f3efb0e8f6b74ecf25a33c950b670b5502802,d993c22dd3a4c31c15245a0c4dd48406203c9c145243ba376834e3bfc7f60234,546106,0.0,8,112.01200974895619,546106,0.0,4,56.75858249992598,546106,0.0,0,0,546106,0.0,0,0,546106,0.0,0,0
full_p1_seed17,full,case_041,1,3,16594,04_>10000,12,12,0,2,"{""timeout"": 2, ""success"": 10}",1137.1917788750725,1137.4528786250157,1.92382945,1133.6989218732342,1133.6989218732342,0,758.7978887502104,771.9636505431263,360.195887333015,2.4773979579331353,1.015459043905139,0.2610997499432415,448259,1993597,3,component,0,0,/Users/liyu/Desktop/中文题目/A题研究/advanced_solver/runs/formal_v2/full_p1_seed17/slots/case_041/p1_n3/attempt_0001/summary.json,8161f473be726678aaf2e19482a2b03073af59a0e6262afed689444a03168c2c,7645c1f6f27055329b3862b593f21c59327bb5ac0abde51be82c2b16cb00bc89,1993597,0.0,8,684.9138008741429,1993597,0.0,4,237.19925545703154,1993597,0.0,0,0,1993597,0.0,0,0,1993597,0.0,0,0
full_p1_seed17,full,case_053,1,4,11670,04_>10000,12,12,0,0,"{""success"": 12}",268.83073754108045,268.98287454107776,0.413517821,265.5284960431745,265.5284960431745,0,259.1488283771323,263.775596958003,0,2.617103665950708,0.6851378319552168,0.15213699999731034,320655,492232,1,component,0,0,/Users/liyu/Desktop/中文题目/A题研究/advanced_solver/runs/formal_v2/full_p1_seed17/slots/case_053/p1_n4/attempt_0001/summary.json,2221ab69272e214938245d5713c2f97cbf8c73effef0b00c3c3047bec561a1de,ba21ea92d8ad634d166249fd77d93c93c96e681d1f831086f648610a86418c7b,492232,0.0,8,91.79139212507289,492232,0.0,4,47.9624108329881,492232,0.0,0,0,492232,0.0,0,0,492232,0.0,0,0
full_p1_seed17,full,case_054,1,3,15751,04_>10000,12,12,0,0,"{""success"": 12}",542.5276136250468,542.6951229169499,0.23767201,540.5290999998106,540.5290999998106,0,534.5367057905532,539.0593342082575,0,1.198835749994032,0.799677875242196,0.1675092919031158,398792,517986,1,component,0,0,/Users/liyu/Desktop/中文题目/A题研究/advanced_solver/runs/formal_v2/full_p1_seed17/slots/case_054/p1_n3/attempt_0001/summary.json,47dfa848932729be08ccc9fcfe92740cad2b2849b1d046d2f74f7ce9102c944d,385d5d91f527f55cfcf16c4165048a20ac37598f3accf25e686d23cb85e24d9f,517986,0.0,8,196.25497712485958,517986,0.0,4,87.04829449893441,517986,0.0,0,0,517986,0.0,0,0,517986,0.0,0,0
full_p1_seed17,full,case_053,1,5,11670,04_>10000,12,10,2,0,"{""success"": 12}",144.95984999998473,145.468149082968,0.221140678,141.53008366504218,141.46744299808051,0.06264066696166992,136.68923775013536,140.39189033501316,0,2.729929873952642,0.6998364609898999,0.5082990829832852,322857,492699,1,component,0,0,/Users/liyu/Desktop/中文题目/A题研究/advanced_solver/runs/formal_v2/full_p1_seed17/slots/case_053/p1_n5/attempt_0001/summary.json,ffa41a002dce3631635fcc7cc18411a0cb0cb1dd59d999342813f6b6557213f9,19b140c8243837f3e84242f6d24fc95fac6ef1cccaad826f0b6ff217eae6c551,492699,0.0,8,62.368064039968885,492699,0.0,4,26.472046791110188,492699,0.0,0,0,492699,0.0,0,0,492699,0.0,0,0
full_p1_seed17,full,case_055,1,2,1236,02_1001..5000,12,10,2,0,"{""success"": 12}",4.023970125010237,4.103521374985576,0.0315462,3.8483535441337153,3.8309382530860603,0.017415291047655046,2.4855914602521807,3.018556959112175,0,0.08266666589770466,0.0929499149788171,0.07955124997533858,113814,60867,3,component,0,0,/Users/liyu/Desktop/中文题目/A题研究/advanced_solver/runs/formal_v2/full_p1_seed17/slots/case_055/p1_n2/attempt_0001/summary.json,25a3b02b135ccad2b5351980aa3f6a86cad2588ae2dc9a896ef6dabf329d54a3,ede963eeaef7e37cdc249cc0e1fa8f0b6f9e71a97e5c211eb2dfb07585cf3c11,60867,0.0,8,3.30385316896718,60867,0.0,4,1.2908082089852542,60867,0.0,0,0,60867,0.0,0,0,60867,0.0,0,0
full_p1_seed17,full,case_055,1,3,1236,02_1001..5000,12,12,0,0,"{""success"": 12}",4.370278917020187,4.460867790970951,0.041162495,4.159531001118012,4.159531001118012,0,2.5670126661425456,3.195755418855697,0,0.1242427920224145,0.0865051238797605,0.09058887395076454,116435,43004,3,component,0,0,/Users/liyu/Desktop/中文题目/A题研究/advanced_solver/runs/formal_v2/full_p1_seed17/slots/case_055/p1_n3/attempt_0001/summary.json,bc41ce0228460111e0f2ef14f5a675d15780c3985aaae8a6604c9de12a1b2264,a9dcc4bf2a464cbdef4a1f0be1515626b8caa76bdf07abdb1eb56c83434829eb,43004,0.0,8,2.881809667102061,43004,0.0,4,1.3779608750483021,43004,0.0,0,0,43004,0.0,0,0,43004,0.0,0,0
full_p1_seed17,full,case_055,1,4,1236,02_1001..5000,12,12,0,0,"{""success"": 12}",4.102066292078234,4.200054624932818,0.053353985,3.8465160408522934,3.8465160408522934,0,2.4123424999415874,3.0093365809880197,0,0.16540449997410178,0.0901457512518391,0.09798833285458386,119419,31367,1,component,0,0,/Users/liyu/Desktop/中文题目/A题研究/advanced_solver/runs/formal_v2/full_p1_seed17/slots/case_055/p1_n4/attempt_0001/summary.json,0039574461f1bfecc0bd7ca0ae57f86cb18f8939188c6ff4103e141bf64fe207,79eec3865064e3f6fb5cc1a2f394b9a151aa2781ce72584f88af216ed07c1b0f,31367,0.0,8,2.613961207913235,31367,0.0,4,1.3825402088696137,31367,0.0,0,0,31367,0.0,0,0,31367,0.0,0,0
full_p1_seed17,full,case_055,1,5,1236,02_1001..5000,12,9,3,0,"{""success"": 12}",3.45277604192961,3.5417392919771373,0.050039698,3.15871033386793,3.1396275418810546,0.019082791986875236,1.975901747820899,2.4760139161953703,0,0.21507329191081226,0.07899241615086794,0.08896325004752725,121503,26781,1,component,0,0,/Users/liyu/Desktop/中文题目/A题研究/advanced_solver/runs/formal_v2/full_p1_seed17/slots/case_055/p1_n5/attempt_0001/summary.json,9bb06fb27de2a7d03391a7b2f8f27581c040e4fbbb0d3d83a5e08358c48af8b9,ddc4a6ed939485d457abdeb0f74aeff619bae2792c1a8937ab91db66bb83cf78,26781,0.0,8,2.847813041880727,26781,0.0,4,1.3825830009300262,26781,0.0,0,0,26781,0.0,0,0,26781,0.0,0,0
full_p1_seed17,full,case_056,1,2,7678,03_5001..10000,12,9,3,0,"{""success"": 12}",37.860420917044394,37.978418624959886,0.13158107,37.35728949971963,37.320118124829605,0.03717137489002198,35.50096158194356,36.56776779284701,0,0.26816137484274805,0.23497004248201847,0.11799770791549236,236026,265710,1,component,0,0,/Users/liyu/Desktop/中文题目/A题研究/advanced_solver/runs/formal_v2/full_p1_seed17/slots/case_056/p1_n2/attempt_0001/summary.json,274f3655be38a3a29174b36eaf655b42b1726f9b769e30c5ff421b73d754f789,500f651503fe9d04e39418bf117bdc2375ded338705cc67a9eccd7b22a93a90e,265710,0.0,8,28.767516832915135,265710,0.0,4,13.720359500031918,265710,0.0,0,0,265710,0.0,0,0,265710,0.0,0,0
full_p1_seed17,full,case_056,1,3,7678,03_5001..10000,12,12,0,0,"{""success"": 12}",61.208358709001914,61.318170582992025,0.159606428,60.58488362294156,60.58488362294156,0,58.0837007939117,59.71207025204785,0,0.32761274999938905,0.29586233606096357,0.10981187399011105,238602,265728,1,component,0,0,/Users/liyu/Desktop/中文题目/A题研究/advanced_solver/runs/formal_v2/full_p1_seed17/slots/case_056/p1_n3/attempt_0001/summary.json,34c7b34070f4425cf09aba4b9b898d48bafb4934226dbeaf443ed98f785a0edc,93dcc5f3c75519ff87242a07bceb6d88034485d8477626932d7d3f9a8a03bf8d,265728,0.0,8,22.76974962395616,265728,0.0,4,11.737427916028537,265728,0.0,0,0,265728,0.0,0,0,265728,0.0,0,0
full_p1_seed17,full,case_056,1,4,7678,03_5001..10000,12,12,0,0,"{""success"": 12}",64.05711183405947,64.1814554160228,0.195318659,63.324568043113686,63.324568043113686,0,60.39170716924127,62.288381377002224,0,0.41903208300936967,0.3135117079364136,0.12434358196333051,241090,265746,1,component,0,0,/Users/liyu/Desktop/中文题目/A题研究/advanced_solver/runs/formal_v2/full_p1_seed17/slots/case_056/p1_n4/attempt_0001/summary.json,20b99d693bc88d23235b9f231d0fcba51961cc8ee7661eaae67aeb8b026162f5,348e921cc9629d8e7fd078526a053f49be61bcfd331858ec4ff554b312fd0b34,265746,0.0,8,19.79080008517485,265746,0.0,4,9.45238341705408,265746,0.0,0,0,265746,0.0,0,0,265746,0.0,0,0
full_p1_seed17,full,case_056,1,5,7678,03_5001..10000,12,9,3,0,"{""success"": 12}",29.628610374988057,29.75193416606635,0.179189001,28.81494308297988,28.782247082912363,0.03269600006751716,26.522392583778128,28.088455833145417,0,0.47651541710365564,0.3371518749045208,0.12332379107829183,243465,265764,1,component,0,0,/Users/liyu/Desktop/中文题目/A题研究/advanced_solver/runs/formal_v2/full_p1_seed17/slots/case_056/p1_n5/attempt_0001/summary.json,b2fcdb631b5ea1d27420b276dd58c239e96b0940c7f4cca2ab738df3a3508fbd,97e6159e9970a129ea47d1b3681f65f73db694f0e960de6a1e99f52b64301699,265764,0.0,8,18.117670916952193,265764,0.0,4,8.893541832920164,265764,0.0,0,0,265764,0.0,0,0,265764,0.0,0,0
full_p1_seed17,full,case_057,1,2,865,01_<=1000,12,10,2,0,"{""success"": 12}",2.9826842909678817,3.077345250057988,0.044628478,2.8296710829017684,2.8114782908232883,0.018192792078480124,1.5470015408936888,2.066973959095776,0,0.06395420804619789,0.0890590000199154,0.09466095909010619,107317,33730,1,component,0,0,/Users/liyu/Desktop/中文题目/A题研究/advanced_solver/runs/formal_v2/full_p1_seed17/slots/case_057/p1_n2/attempt_0001/summary.json,8546567c7c1618b730298d2222a5555cfe2657b5c327d316bae1528d44ca9783,740d1fa8f4229004d5b88e65fea9d3562b154f19d2a15cb3e2006189ceda9e11,33730,0.0,8,2.3347597907995805,33730,0.0,4,1.1680672907968983,33730,0.0,0,0,33730,0.0,0,0,33730,0.0,0,0
full_p1_seed17,full,case_057,1,3,865,01_<=1000,12,12,0,0,"{""success"": 12}",3.6468990839784965,3.7508446250576526,0.044566769,3.467634624103084,3.467634624103084,0,2.0072457067435607,2.667073625838384,0,0.09196945908479393,0.08729500079061836,0.1039455410791561,109164,25250,1,component,0,0,/Users/liyu/Desktop/中文题目/A题研究/advanced_solver/runs/formal_v2/full_p1_seed17/slots/case_057/p1_n3/attempt_0001/summary.json,4ffd90c8090270ad7fa5892c387bdb1f9d6ea0fdfaa48dbdfce9bd3f866364d6,d27a5b3a8b77de2fdbcee3b4f9d04d13f2e2ca6a448786dc628ce131a98f2a44,25250,0.0,8,2.3987885829992592,25250,0.0,4,1.183068290934898,25250,0.0,0,0,25250,0.0,0,0,25250,0.0,0,0
full_p1_seed17,full,case_057,1,4,865,01_<=1000,12,12,0,0,"{""success"": 12}",3.813769292086363,3.9143903750227764,0.04958661,3.6090834598289803,3.6090834598289803,0,2.0894201699411497,2.7811131267808378,0,0.11014224984683096,0.09454358241055161,0.10062108293641359,111608,20957,1,component,0,0,/Users/liyu/Desktop/中文题目/A题研究/advanced_solver/runs/formal_v2/full_p1_seed17/slots/case_057/p1_n4/attempt_0001/summary.json,3fb992db471aacaedd289080a5f5fae2debb57f6b5725aeea66f98b8db32b24b,1aee348190913e229426d06e7ef7231a679bd24696bf1d169333e1ae074d190c,20957,0.0,8,2.53936745878309,20957,0.0,4,1.2776688329176977,20957,0.0,0,0,20957,0.0,0,0,20957,0.0,0,0
full_p1_seed17,full,case_057,1,5,865,01_<=1000,12,10,2,0,"{""success"": 12}",3.3445181660354137,3.4423727500252426,0.051999715,3.1049894171301275,3.082682916079648,0.02230650105047971,1.7867730848956853,2.396479290910065,0,0.1472368750255555,0.0922918738797307,0.09785458398982882,114572,16538,1,component,0,0,/Users/liyu/Desktop/中文题目/A题研究/advanced_solver/runs/formal_v2/full_p1_seed17/slots/case_057/p1_n5/attempt_0001/summary.json,89658e2c3a4a7c21b483cf484e5adc8988f47d9a58693c738d1ae59569cf7e52,ff39587e3e496812b2dd46b63a731fc1b3ed1f54f896c7d57521395b9218cdf0,16538,0.0,8,2.558057750109583,16538,0.0,4,1.2272382089868188,16538,0.0,0,0,16538,0.0,0,0,16538,0.0,0,0
full_p1_seed17,full,case_054,1,4,15751,04_>10000,12,12,0,0,"{""success"": 12}",253.09516179200727,253.23412124998868,0.352167607,251.5150215420872,251.5150215420872,0,247.16279037529603,250.40130178898107,0,1.0261830830713734,0.5539571668487042,0.1389594579814002,400742,518015,1,component,0,0,/Users/liyu/Desktop/中文题目/A题研究/advanced_solver/runs/formal_v2/full_p1_seed17/slots/case_054/p1_n4/attempt_0001/summary.json,9612847a846662277e2712d52dfe455e3b33515c0fd8dba59fef9b62321a14d1,cb65c9500311cb8b186c232fccac26fc2e256aa34420480524fa793aaa0845df,518015,0.0,8,87.74917300010566,518015,0.0,4,41.80554762505926,518015,0.0,0,0,518015,0.0,0,0,518015,0.0,0,0
full_p1_seed17,full,case_041,1,4,16594,04_>10000,12,12,0,2,"{""timeout"": 2, ""success"": 10}",767.3898542909883,767.5933128750185,1.007009504,763.6992910431,763.6992910431,0,394.20826954219956,402.5532783350209,360.116127749905,2.925706082955003,0.7648571649333462,0.20345858403015882,450609,1494574,3,component,0,0,/Users/liyu/Desktop/中文题目/A题研究/advanced_solver/runs/formal_v2/full_p1_seed17/slots/case_041/p1_n4/attempt_0001/summary.json,8c6d9cddf8f0529f9cef7647fa7cc81bd3ce3c39827f83c836d08ec4819a4a43,8c4d6843c8f4fb277cdc12936aa5f42df7984bda354a93f91d22229329236d90,1494574,0.0,8,337.3477060851874,1494574,0.0,4,121.82508912612684,1494574,0.0,0,0,1494574,0.0,0,0,1494574,0.0,0,0
full_p1_seed17,full,case_054,1,5,15751,04_>10000,12,10,2,0,"{""success"": 12}",164.6811997910263,164.82940858299844,0.37128221,162.61541037308052,162.58092866512015,0.0344817079603672,158.7919114169199,161.72036112297792,0,1.4482475001132116,0.6175419178325683,0.148208791972138,403161,518133,1,component,0,0,/Users/liyu/Desktop/中文题目/A题研究/advanced_solver/runs/formal_v2/full_p1_seed17/slots/case_054/p1_n5/attempt_0001/summary.json,f0cdda6f92d3a30f42b9fafb88ccaaf85b9e81207694315dd85c111e08e3dec3,56eb592a089c028d4aef25aa55fe8dccfa5842d5a110e6f54ef9f1ea24d104ac,518133,0.0,8,73.27439466607757,518133,0.0,4,35.60014854115434,518133,0.0,0,0,518133,0.0,0,0,518133,0.0,0,0
full_p1_seed17,full,case_059,1,2,2752,02_1001..5000,12,9,3,0,"{""success"": 12}",12.644528749980964,12.759181416011415,0.13530103,12.287028625258245,12.254575500148349,0.032453125109896064,10.370764958905056,11.541485543129966,0,0.19664274994283915,0.16085737477988005,0.11465266603045166,147137,369318,1,component,0,0,/Users/liyu/Desktop/中文题目/A题研究/advanced_solver/runs/formal_v2/full_p1_seed17/slots/case_059/p1_n2/attempt_0001/summary.json,5a897b627183428f27b073cddd8111a099a02669edbb00f12d010e3348c734a0,7040eb444c3369ecac5771a9168ee82f9a8765245e645cd4e80acbf4538ab109,369318,0.0,8,11.439863125095144,369318,0.0,4,5.328971792128868,369318,0.0,0,0,369318,0.0,0,0,369318,0.0,0,0
full_p1_seed17,full,case_059,1,3,2752,02_1001..5000,12,12,0,0,"{""success"": 12}",17.115993416984566,17.223416708991863,0.15331579,16.613933749962598,16.613933749962598,0,13.991158710210584,15.633310583769344,0,0.34593445796053857,0.1561252090614289,0.10742329200729728,148898,254768,3,component,0,0,/Users/liyu/Desktop/中文题目/A题研究/advanced_solver/runs/formal_v2/full_p1_seed17/slots/case_059/p1_n3/attempt_0001/summary.json,a00205d9538933919b0c23d3ad2f6406e02d505f2d4b65801a2f3540969c2ac6,1de798a3dcb26ca11fc985409b88fa3d87a701b331bf477fb721f8942721f1e7,254768,0.0,8,10.730252081877552,254768,0.0,4,4.59222500002943,254768,0.0,0,0,254768,0.0,0,0,254768,0.0,0,0
full_p1_seed17,full,case_059,1,4,2752,02_1001..5000,12,12,0,0,"{""success"": 12}",15.650984167004935,15.759229832910933,0.171017629,15.010987418936566,15.010987418936566,0,12.292703582905233,14.051274208002724,0,0.4816121249459684,0.15838462312240154,0.10824566590599716,152232,185216,1,component,0,0,/Users/liyu/Desktop/中文题目/A题研究/advanced_solver/runs/formal_v2/full_p1_seed17/slots/case_059/p1_n4/attempt_0001/summary.json,3fe9fb15d3d943395a00652fffc1fad8802585a6604edc3654edecb0545cd177,86e452a1fc1479b28bec0341d2ea8842379bb37e8bb29d5e5a65ed8df242b930,185216,0.0,8,10.27809074986726,185216,0.0,4,4.193385374965146,185216,0.0,0,0,185216,0.0,0,0,185216,0.0,0,0
full_p1_seed17,full,case_059,1,5,2752,02_1001..5000,12,10,2,0,"{""success"": 12}",12.919574166997336,13.028481708024628,0.169692783,12.110269082710147,12.08139216573909,0.028876916971057653,9.689113459782675,11.279381791944616,0,0.6559172510169446,0.1533878332702443,0.10890754102729261,154093,150782,1,component,0,0,/Users/liyu/Desktop/中文题目/A题研究/advanced_solver/runs/formal_v2/full_p1_seed17/slots/case_059/p1_n5/attempt_0001/summary.json,a1e684df80043e6f9eb1559211140d04ad09dbbfa7ed22b9d47bed04d3321e22,93ba38bae9e72a777ca365825602b37bc5c51ee6c538cdc570b26146b0038469,150782,0.0,8,10.240026665851474,150782,0.0,4,4.292738541960716,150782,0.0,0,0,150782,0.0,0,0,150782,0.0,0,0
full_p1_seed17,full,case_060,1,2,5281,03_5001..10000,12,10,2,0,"{""success"": 12}",55.50931379199028,55.62462387501728,0.269123213,54.79879600007553,54.77337495912798,0.025421040947549045,51.643791873939335,53.948963457602076,0,0.4636402080068365,0.24687758390791714,0.11531008302699775,195026,457717,3,component,0,0,/Users/liyu/Desktop/中文题目/A题研究/advanced_solver/runs/formal_v2/full_p1_seed17/slots/case_060/p1_n2/attempt_0001/summary.json,e5f99799472ccac22431e80effca021d1091b49bc542d9378829f7df5f60dfc7,14a1e45e3c85b14940387b48bb95dd51801ea9a048427e931c8af420ecc19a79,457717,0.0,8,48.63499833305832,457717,0.0,4,21.438263083109632,457717,0.0,0,0,457717,0.0,0,0,457717,0.0,0,0
full_p1_seed17,full,case_060,1,3,5281,03_5001..10000,12,12,0,0,"{""success"": 12}",70.10591620800551,70.22909249993972,0.336342494,69.09040416625794,69.09040416625794,0,64.93663541506976,68.1063920831075,0,0.7434346260270104,0.27207741572055966,0.12317629193421453,204123,321713,4,component,0,0,/Users/liyu/Desktop/中文题目/A题研究/advanced_solver/runs/formal_v2/full_p1_seed17/slots/case_060/p1_n3/attempt_0001/summary.json,6f6be0bf2876624135a827d7ada545a081550c8ea6ea80781056498f93f6178a,7dd11e1c8f4a075f2cad5d9293ab0caa4d05643d576a1dbc388f881b3d5dad31,321713,0.0,8,45.521387624321505,321713,0.0,4,17.405902999220416,321713,0.0,0,0,321713,0.0,0,0,321713,0.0,0,0
full_p1_seed17,full,case_060,1,4,5281,03_5001..10000,12,12,0,0,"{""success"": 12}",67.77000362495892,67.89988958300091,0.366785417,66.41439346014522,66.41439346014522,0,61.72298841411248,65.26889171008952,0,1.0801963339326903,0.275413830881007,0.12988595804199576,200309,231814,1,component,0,0,/Users/liyu/Desktop/中文题目/A题研究/advanced_solver/runs/formal_v2/full_p1_seed17/slots/case_060/p1_n4/attempt_0001/summary.json,367daa6fed039941aa4e374cda487298fa27f6e55dd429c7dd9f0dcfe23289cb,71d8c5f952ce3cb1bcfbe41fd8c4ee86807d43ec85558b71e49697652d378d13,231814,0.0,8,42.23280620900914,231814,0.0,4,15.801437334041111,231814,0.0,0,0,231814,0.0,0,0,231814,0.0,0,0
full_p1_seed17,full,case_060,1,5,5281,03_5001..10000,12,9,3,0,"{""success"": 12}",50.290176833979785,50.41915679210797,0.416736946,48.55890445911791,48.52646104316227,0.032443415955640376,44.4829732098151,47.75664470822085,0,1.4477964590769261,0.2834759157849476,0.12897995812818408,202742,183430,1,component,0,0,/Users/liyu/Desktop/中文题目/A题研究/advanced_solver/runs/formal_v2/full_p1_seed17/slots/case_060/p1_n5/attempt_0001/summary.json,d45728e500f81cb345b80b94c1f1236e73057842497ace899d5d2015ef842591,be17cfbd0bbf7b5b7b886ca531c21aac26425a9e2f32696b5efdf657e2e6a606,183430,0.0,8,44.256572001148015,183430,0.0,4,16.164438417064957,183430,0.0,0,0,183430,0.0,0,0,183430,0.0,0,0
full_p1_seed17,full,case_061,1,2,1115,02_1001..5000,12,10,2,0,"{""success"": 12}",4.513866459019482,4.6265572080155835,0.066767693,4.282788666896522,4.2624762079212815,0.020312458975240588,2.7785243338439614,3.4990956677356735,0,0.11632729205302894,0.11475050006993115,0.11269074899610132,113210,39298,1,component,0,0,/Users/liyu/Desktop/中文题目/A题研究/advanced_solver/runs/formal_v2/full_p1_seed17/slots/case_061/p1_n2/attempt_0001/summary.json,32b8ad80c9bd85317262e2e4eb93fe84ac5af6b4f747ead7c9e83aa888329398,15a8147cd175a62168bdb85770759992354a5f7a031459f5407045ca47f75cc5,39298,0.0,8,3.581799207953736,39298,0.0,4,1.759320875047706,39298,0.0,0,0,39298,0.0,0,0,39298,0.0,0,0
full_p1_seed17,full,case_061,1,3,1115,02_1001..5000,12,12,0,0,"{""success"": 12}",5.88059479102958,5.996262250002474,0.068553711,5.57203770801425,5.57203770801425,0,3.527295040898025,4.4300429578870535,0,0.19321608415339142,0.11534099886193871,0.11566745897289366,115767,28342,1,component,0,0,/Users/liyu/Desktop/中文题目/A题研究/advanced_solver/runs/formal_v2/full_p1_seed17/slots/case_061/p1_n3/attempt_0001/summary.json,4a7d9a2586593001fef2a3774ea50adfd55a00fd35a020ab9841fca2601a8f1e,115187a1be7aedac35a71c446c9e6621c254b0e91b5c4f09354a9387cdf990fc,28342,0.0,8,3.7843171649146825,28342,0.0,4,1.8493980398634449,28342,0.0,0,0,28342,0.0,0,0,28342,0.0,0,0
full_p1_seed17,full,case_061,1,4,1115,02_1001..5000,12,12,0,0,"{""success"": 12}",5.854837333085015,5.965992042096332,0.073183048,5.5018701259978116,5.5018701259978116,0,3.5768747077090666,4.5253035420319065,0,0.237867959192954,0.11509924789424986,0.1111547090113163,117903,27170,1,component,0,0,/Users/liyu/Desktop/中文题目/A题研究/advanced_solver/runs/formal_v2/full_p1_seed17/slots/case_061/p1_n4/attempt_0001/summary.json,e9985466a73c2c695cbb3b60eca0a51365e53d2137f547864414a6ad3ca64b93,fd20614569c2171867e8c4d661ef41d8244b4bf82ec7ea2191ffe1118709e9a1,27170,0.0,8,3.712893166928552,27170,0.0,4,1.813746334053576,27170,0.0,0,0,27170,0.0,0,0,27170,0.0,0,0
full_p1_seed17,full,case_061,1,5,1115,02_1001..5000,12,9,3,0,"{""success"": 12}",4.836037290981039,4.958095999900252,0.080867165,4.429892999702133,4.40477245778311,0.0251205419190228,2.7843092079274356,3.5871839149622247,0,0.2878821248887107,0.11826216639019549,0.12205870891921222,120287,22283,1,component,0,0,/Users/liyu/Desktop/中文题目/A题研究/advanced_solver/runs/formal_v2/full_p1_seed17/slots/case_061/p1_n5/attempt_0001/summary.json,58133deb81f159346a032ae6b6c29907c9ba364f9340b179a88a60f0bcfcb508,a73ee3aab04a415756ae4855934c2057fc819ee38a178d8374e6cfdf318e8d33,22283,0.0,8,3.9617755827493966,22283,0.0,4,1.8839506249642,22283,0.0,0,0,22283,0.0,0,0,22283,0.0,0,0
full_p1_seed17,full,case_041,1,5,16594,04_>10000,12,10,2,0,"{""success"": 12}",405.7474637500709,405.9338503329782,1.399712549,401.9925839160569,401.94961437396705,0.04296954208984971,390.8539183748653,400.9501217500074,0,3.02725579100661,0.7276240430073813,0.18638658290728927,456101,1196379,1,component,0,0,/Users/liyu/Desktop/中文题目/A题研究/advanced_solver/runs/formal_v2/full_p1_seed17/slots/case_041/p1_n5/attempt_0001/summary.json,f0b9a4f8554e3bc36f8836ba5d8769c67a0ce145ce2b8fa66162b0796b2fb998,993074d004dca46e9a5b00df9e2417f4adacc10830ef3a38da4fbe4ae4562982,1196379,0.0,8,341.6155873320531,1196379,0.0,4,122.89122020895593,1196379,0.0,0,0,1196379,0.0,0,0,1196379,0.0,0,0
full_p1_seed17,full,case_063,1,2,7360,03_5001..10000,9,8,1,0,"{""success"": 9}",106.77297766692936,106.92963312496431,0.420352659,106.11984620941803,106.09340770938434,0.026438500033691525,101.88451208511833,105.30496479198337,0,0.3231275000143796,0.330003957496956,0.15665545803494751,203497,1044349,4,operation,0,0,/Users/liyu/Desktop/中文题目/A题研究/advanced_solver/runs/formal_v2/full_p1_seed17/slots/case_063/p1_n2/attempt_0001/summary.json,ddcd6b4978424a3c65794c4b201e20bd1ae7f73fedae5ba5f106ce9daafe0a79,2d144d5f19d28c58a25e341008e4663f0c577f5a1f5ad29e8b6a1e1c2ca0aad2,1044349,0.0,5,64.95570233429316,1044349,0.0,1,12.201025333022699,1044349,0.0,0,0,1044349,0.0,0,0,1044349,0.0,0,0
full_p1_seed17,full,case_063,1,3,7360,03_5001..10000,9,9,0,0,"{""success"": 9}",110.20961929205805,110.3733902919339,0.455052803,109.51906579104252,109.51906579104252,0,104.53666221024469,108.67486425093375,0,0.3357495419913903,0.35480395902413875,0.16377099987585098,204663,1052062,4,operation,0,0,/Users/liyu/Desktop/中文题目/A题研究/advanced_solver/runs/formal_v2/full_p1_seed17/slots/case_063/p1_n3/attempt_0001/summary.json,ad43dc716cbcc9427bbfb45df13f63dadeeb7707eb3e2b49c20bb1f9cf144f2d,6fdfd266cf5b58db35c4154c9a5cae5d4fc5ba94eb63ad719c439894a370f38f,1052062,0.0,5,49.87462120805867,1052062,0.0,1,8.00989941705484,1052062,0.0,0,0,1052062,0.0,0,0,1052062,0.0,0,0
full_p1_seed17,full,case_063,1,4,7360,03_5001..10000,9,9,0,0,"{""success"": 9}",100.76251425000373,100.91026008303743,0.422291185,100.0607899579918,100.0607899579918,0,94.90369000076316,99.16844675212633,0,0.3688535001128912,0.33287079189904034,0.14774583303369582,208770,938717,6,operation,0,0,/Users/liyu/Desktop/中文题目/A题研究/advanced_solver/runs/formal_v2/full_p1_seed17/slots/case_063/p1_n4/attempt_0001/summary.json,d0d65a1d3528e03e999140fd16184b5c50c9c0f0837bb2745b997ba56af2434a,6c2a237ebf88a121f00b1598b7ee0f767858507503c6282f38557a01e38f4df3,1044349,0.11252805691172107,5,40.84994862496387,938717,0.0,1,4.836405334062874,938717,0.0,0,0,938717,0.0,0,0,938717,0.0,0,0
full_p1_seed17,full,case_058,1,2,16575,04_>10000,12,10,2,0,"{""success"": 12}",914.7254425829742,914.8961894169915,1.329451719,913.0024627906969,912.968106082757,0.034356707939878106,900.8177412919467,911.8462559990585,0,1.0164399580098689,0.7065398342674598,0.17074683401733637,431620,2260323,3,component,0,0,/Users/liyu/Desktop/中文题目/A题研究/advanced_solver/runs/formal_v2/full_p1_seed17/slots/case_058/p1_n2/attempt_0001/summary.json,27ddc5e62c0355ee145610a46e93983c50cd39140395f2aa18fde89f1658ed5f,022ad322863932360bc92f4321b91ce09823e6d18709fcd05a705de7df257d9c,2260323,0.0,8,856.9051848327508,2260323,0.0,4,337.1339680828387,2260323,0.0,0,0,2260323,0.0,0,0,2260323,0.0,0,0
full_p1_seed17,full,case_063,1,5,7360,03_5001..10000,9,8,1,0,"{""success"": 9}",74.35349975002464,74.49382116599008,0.504068296,73.74620237399358,73.72376924904529,0.02243312494829297,68.67134095798247,72.97946262720507,0,0.30746350006666034,0.2998338759643957,0.14032141596544534,210773,717710,6,operation,0,0,/Users/liyu/Desktop/中文题目/A题研究/advanced_solver/runs/formal_v2/full_p1_seed17/slots/case_063/p1_n5/attempt_0001/summary.json,57201d16301d95ee0c04eb8f46e3d958054ea5944f90f723daf0df26dff80409,afeaaf5409cf24aa4e72ab3c83a268e93958802400b22869497a87f281ac2e31,1041680,0.45139401708210847,5,38.67443399911281,717710,0.0,1,4.040474541019648,717710,0.0,0,0,717710,0.0,0,0,717710,0.0,0,0
full_p1_seed17,full,case_064,1,2,906,01_<=1000,9,8,1,0,"{""success"": 9}",2.0896587918978184,2.2018219999736175,0.031470748,1.9728023339994252,1.9540769590530545,0.01872537494637072,0.9901494149817154,1.3999155019409955,0,0.03227708290796727,0.084579374990426,0.11216320807579905,83149,19116,1,component,0,0,/Users/liyu/Desktop/中文题目/A题研究/advanced_solver/runs/formal_v2/full_p1_seed17/slots/case_064/p1_n2/attempt_0001/summary.json,602e81d74a907bac0b1e345857e820a621c441a79f7b8ed26065ab4135a5ab9a,1f57fe23ed3a3f326fbc68ff0b721169fe71719a32273317eee9a8f8e05106de,19116,0.0,5,1.1967090429970995,19116,0.0,1,0.2401863329578191,19116,0.0,0,0,19116,0.0,0,0,19116,0.0,0,0
full_p1_seed17,full,case_064,1,3,906,01_<=1000,9,9,0,0,"{""success"": 9}",2.4350279169157147,2.53961454203818,0.0337422,2.3220751679036766,2.3220751679036766,0,1.0756550828227773,1.544035458820872,0,0.031064832932315767,0.08188791607972234,0.1045866251224652,84480,19116,1,component,0,0,/Users/liyu/Desktop/中文题目/A题研究/advanced_solver/runs/formal_v2/full_p1_seed17/slots/case_064/p1_n3/attempt_0001/summary.json,773c3f19ed3bcd68be4563abae87a70c8abc2e38b893b4b1b010f17a5b6d072f,4e5a4cac03e1a0e6fcc4de7617d543671ad3c59215c3cf7cf8117daa8af5b9e8,19116,0.0,5,1.2991070839343593,19116,0.0,1,0.24292808398604393,19116,0.0,0,0,19116,0.0,0,0,19116,0.0,0,0
full_p1_seed17,full,case_064,1,4,906,01_<=1000,9,9,0,0,"{""success"": 9}",2.4914503340842202,2.6028286250075325,0.032725078,2.379025584203191,2.379025584203191,0,1.200201248866506,1.6967029998777434,0,0.031839917064644396,0.08058483281638473,0.1113782909233123,85785,19116,1,component,0,0,/Users/liyu/Desktop/中文题目/A题研究/advanced_solver/runs/formal_v2/full_p1_seed17/slots/case_064/p1_n4/attempt_0001/summary.json,6ecaabd4ab773274bfe52329b61614159be65bf81867ab183d719f8ffd34072e,698a2a8259838c90e03e473c1e1a731fe3d29b5ef92d666dcdb68f3807939eb0,19116,0.0,5,1.293708416982554,19116,0.0,1,0.24203600001055747,19116,0.0,0,0,19116,0.0,0,0,19116,0.0,0,0
full_p1_seed17,full,case_064,1,5,906,01_<=1000,9,8,1,0,"{""success"": 9}",2.149983749957755,2.252845334005542,0.032648494,2.038046377012506,2.0219588769832626,0.01608750002924353,0.9922800841741264,1.4364645831519738,0,0.030685625039041042,0.08125174790620804,0.10286158404778689,87032,19116,1,component,0,0,/Users/liyu/Desktop/中文题目/A题研究/advanced_solver/runs/formal_v2/full_p1_seed17/slots/case_064/p1_n5/attempt_0001/summary.json,db6264d715791a0a11a90d628c49a08ef8a400a9e3fc76daa3bb161607c337d1,a385ac7b03224a66b04966f39f28c075e34a7e229277dddcb08556ac5579e788,19116,0.0,5,1.2982104590628296,19116,0.0,1,0.23356079205404967,19116,0.0,0,0,19116,0.0,0,0,19116,0.0,0,0
full_p1_seed17,full,case_065,1,2,704,01_<=1000,12,10,2,0,"{""success"": 12}",2.9923875839449465,3.1027917920146137,0.040920597,2.805372084141709,2.7857863751705736,0.01958570897113532,1.4237472051754594,1.9762372910045087,0,0.07831370795611292,0.1087017918471247,0.11040420806966722,105033,26308,3,component,0,0,/Users/liyu/Desktop/中文题目/A题研究/advanced_solver/runs/formal_v2/full_p1_seed17/slots/case_065/p1_n2/attempt_0001/summary.json,a40889f6b02de20f0136ccc0e0f9eaf884147514b717b412bbcdc6b7e498ce31,85d31fac6d284f0e282cf3a7c7a22953dd5c79dcb095d7bd2c0a58a2d609d2d5,26308,0.0,8,2.3037594160996377,26308,0.0,4,1.1296067910734564,26308,0.0,0,0,26308,0.0,0,0,26308,0.0,0,0
full_p1_seed17,full,case_065,1,3,704,01_<=1000,12,12,0,0,"{""success"": 12}",3.6331339579774067,3.7361387501005083,0.042305843,3.418613126850687,3.418613126850687,0,1.7571131649892777,2.4410680412547663,0,0.12048895796760917,0.09403187315911055,0.10300479212310165,107567,18088,3,component,0,0,/Users/liyu/Desktop/中文题目/A题研究/advanced_solver/runs/formal_v2/full_p1_seed17/slots/case_065/p1_n3/attempt_0001/summary.json,716f5f58fa9c567a9978118711410f8f72ff1891a5ac46ff69f79fc9a576fc63,d30142eb59a2f0c1ae15a7a925c02318562ce266e2015e54ab2652288b314765,18088,0.0,8,2.3437817927915603,18088,0.0,4,1.1793487498071045,18088,0.0,0,0,18088,0.0,0,0,18088,0.0,0,0
full_p1_seed17,full,case_065,1,4,704,01_<=1000,12,12,0,0,"{""success"": 12}",3.696576791931875,3.8095579999499023,0.046964081,3.42375854216516,3.42375854216516,0,1.793130626087077,2.497588418307714,0,0.17523654201067984,0.09758170775603503,0.11298120801802725,110009,13210,3,component,0,0,/Users/liyu/Desktop/中文题目/A题研究/advanced_solver/runs/formal_v2/full_p1_seed17/slots/case_065/p1_n4/attempt_0001/summary.json,cb5d5242c92e0de873b72b41228041778fd04de3884e7cd85bcafc1aa214a201,4cf37e68a9f22befd0fd77c8ed3f2d60cb4adefaff89436bc628f4c941eb10c3,13210,0.0,8,2.357893459033221,13210,0.0,4,1.178304084111005,13210,0.0,0,0,13210,0.0,0,0,13210,0.0,0,0
full_p1_seed17,full,case_065,1,5,704,01_<=1000,12,10,2,0,"{""success"": 12}",3.164077667053789,3.271259458968416,0.047653412,2.84052779013291,2.820082290098071,0.020445500034838915,1.5200347509235144,2.134665166726336,0,0.22868766693864018,0.09486220998223871,0.10718179191462696,112437,11994,3,component,0,0,/Users/liyu/Desktop/中文题目/A题研究/advanced_solver/runs/formal_v2/full_p1_seed17/slots/case_065/p1_n5/attempt_0001/summary.json,31d0608150546bad0636e08a901cd524b72e925f39358e1ad78da0aaee63df11,d0377e90d42b4ec1718a98ce3b057b0ac6461125f44024570a42742018ba48cc,11994,0.0,8,2.349238998023793,11994,0.0,4,1.178833041107282,11994,0.0,0,0,11994,0.0,0,0,11994,0.0,0,0
full_p1_seed17,full,case_066,1,2,5962,03_5001..10000,12,9,3,0,"{""success"": 12}",33.73067308298778,33.85889212496113,0.151178589,33.066593540715985,33.036810957826674,0.029782582889311016,31.05819825013168,32.33981237374246,0,0.35919695789925754,0.30488258437253535,0.12821904197335243,204388,248146,1,component,0,0,/Users/liyu/Desktop/中文题目/A题研究/advanced_solver/runs/formal_v2/full_p1_seed17/slots/case_066/p1_n2/attempt_0001/summary.json,30db0237db244a8e2e0656af6d46501780439f8407e4245c22b131bbaafcdb59,85b343e9abce9cb813d5bb88032ba9d1e7e1b50a17461b0c540f646d8ac26064,248146,0.0,8,27.501137540792115,248146,0.0,4,13.214406206971034,248146,0.0,0,0,248146,0.0,0,0,248146,0.0,0,0
full_p1_seed17,full,case_066,1,3,5962,03_5001..10000,12,12,0,0,"{""success"": 12}",46.144974582945,46.283969999989495,0.155508911,45.336082166060805,45.336082166060805,0,42.53702587704174,44.246934331953526,0,0.5004392500268295,0.3084531668573618,0.13899541704449803,207007,248271,4,component,0,0,/Users/liyu/Desktop/中文题目/A题研究/advanced_solver/runs/formal_v2/full_p1_seed17/slots/case_066/p1_n3/attempt_0001/summary.json,b81731af0d0f2f481f7dd43970adcb5401eda5dc17ac63a544dcfd2452e40761,04428d0e7628daebb154e44fd15daf7901a03e69d3bf7025bc8abfa9fa353d83,248271,0.0,8,21.60763045703061,248271,0.0,4,10.65628120698966,248271,0.0,0,0,248271,0.0,0,0,248271,0.0,0,0
full_p1_seed17,full,case_066,1,4,5962,03_5001..10000,12,12,0,0,"{""success"": 12}",43.23042712500319,43.36382658290677,0.175292773,42.28140458406415,42.28140458406415,0,39.45680008281488,41.285162542015314,0,0.6556392909260467,0.2933832500129938,0.13339945790357888,209487,248396,4,component,0,0,/Users/liyu/Desktop/中文题目/A题研究/advanced_solver/runs/formal_v2/full_p1_seed17/slots/case_066/p1_n4/attempt_0001/summary.json,4f1798fe0c2c78aa6c389fb9fc2201173ff743db923675c07d7b672e2887da89,b12fb331a6b5f040517ec00e8e13a295613da21d9dcb96c77b7ab232b66489c5,248396,0.0,8,18.18923800101038,248396,0.0,4,9.215947207994759,248396,0.0,0,0,248396,0.0,0,0,248396,0.0,0,0
full_p1_seed17,full,case_066,1,5,5962,03_5001..10000,12,10,2,0,"{""success"": 12}",28.396161750075407,28.531234208028764,0.169372914,27.29443016787991,27.265007501933724,0.02942266594618559,24.788768835016526,26.380826207925566,0,0.7890676249517128,0.31266395724378526,0.1350724579533562,211876,248521,4,component,0,0,/Users/liyu/Desktop/中文题目/A题研究/advanced_solver/runs/formal_v2/full_p1_seed17/slots/case_066/p1_n5/attempt_0001/summary.json,2dbe6bed4c828c5bbd8c8cc872d90bff6782006fc9ddcb2e375560177dce9673,9e36ab92f9433f0e3249d9f18aa34cf14eca21e7107c7271c4eab4aff8189424,248521,0.0,8,15.868989459821023,248521,0.0,4,7.642058667959645,248521,0.0,0,0,248521,0.0,0,0,248521,0.0,0,0
full_p1_seed17,full,case_062,1,2,19636,04_>10000,9,8,1,0,"{""success"": 9}",701.8475635830546,702.0458292500116,0.935739122,700.120213538059,700.0902532880427,0.02996025001630187,691.25350437616,699.0588790422771,0,0.9446242920821533,0.7827257529133931,0.1982656669570133,448379,2784050,4,operation,0,0,/Users/liyu/Desktop/中文题目/A题研究/advanced_solver/runs/formal_v2/full_p1_seed17/slots/case_062/p1_n2/attempt_0001/summary.json,f3d63dd42d01cda40e7986826b43d1518b8850539521c7555bf26f188f5cbfb3,12bbb34b6286c8df6f59785be0497af1c6844e383b4e3aa4f54c014e290b3a9c,2784050,0.0,5,381.14784112293273,2784050,0.0,1,70.27214033296332,2784050,0.0,0,0,2784050,0.0,0,0,2784050,0.0,0,0
full_p1_seed17,full,case_067,1,2,8804,03_5001..10000,12,9,3,0,"{""success"": 12}",109.19439337495714,109.33547933294903,0.395105842,108.27680712600704,108.23939625092316,0.037410875083878636,104.52223179198336,107.36119458288886,0,0.502389291068539,0.4151969578815624,0.1410859579918906,262902,33768704,1,component,0,0,/Users/liyu/Desktop/中文题目/A题研究/advanced_solver/runs/formal_v2/full_p1_seed17/slots/case_067/p1_n2/attempt_0001/summary.json,122ab81b143c0a03d8b8241d4e55454402c587c3da2f6e02ff736dbaf2be7c3f,703f7cb2d4721cab66b49b57bbea6e8cac2e8508923c7944127dca15ae55d3f3,33768704,0.0,8,98.9708295839373,33768704,0.0,4,44.57074841693975,33768704,0.0,0,0,33768704,0.0,0,0,33768704,0.0,0,0
full_p1_seed17,full,case_067,1,3,8804,03_5001..10000,12,12,0,0,"{""success"": 12}",126.63293754204642,126.77733745798469,0.392324933,125.56497562513687,125.56497562513687,0,120.62193875107914,124.41866095992737,0,0.6373365420149639,0.4306253748945892,0.14439991593826562,265550,23568859,1,component,0,0,/Users/liyu/Desktop/中文题目/A题研究/advanced_solver/runs/formal_v2/full_p1_seed17/slots/case_067/p1_n3/attempt_0001/summary.json,ed6d194dce6334bf64eb67ef84ec590b29832ead14d39041f0ce5aec23de6d08,b9586170e1d955ae74140a4f94505430a3f0a0fc7b02cc1dbbddda557e4faa6a,23568859,0.0,8,71.37444275000598,23568859,0.0,4,31.888306458946317,23568859,0.0,0,0,23568859,0.0,0,0,23568859,0.0,0,0
full_p1_seed17,full,case_067,1,4,8804,03_5001..10000,12,12,0,0,"{""success"": 12}",110.71237754193135,110.86377379100304,0.433051364,109.46202746010385,109.46202746010385,0,104.32543479301967,108.34092121094,0,0.8231497500091791,0.4272003318183124,0.1513962490716949,268025,18473155,1,component,0,0,/Users/liyu/Desktop/中文题目/A题研究/advanced_solver/runs/formal_v2/full_p1_seed17/slots/case_067/p1_n4/attempt_0001/summary.json,fe3138e979a8174abe5098bffe5cf08f71c74ba8267d999115682fb08c75a590,de86bf6159cb4134db09a26d634c686ef7270b52d5e505f1f3fbdff2dc8baf3c,18473155,0.0,8,59.60915216815192,18473155,0.0,4,25.576659751008265,18473155,0.0,0,0,18473155,0.0,0,0,18473155,0.0,0,0
full_p1_seed17,full,case_067,1,5,8804,03_5001..10000,12,9,3,0,"{""success"": 12}",50.99175395898055,51.141202999977395,0.41106651,49.61454458406661,49.56915641610976,0.04538816795684397,45.78400554088876,48.73171979072504,0,0.9490701250033453,0.4281392499106005,0.1494490409968421,269619,15233731,3,component,0,0,/Users/liyu/Desktop/中文题目/A题研究/advanced_solver/runs/formal_v2/full_p1_seed17/slots/case_067/p1_n5/attempt_0001/summary.json,d39dd5efe9035f09cee66a84bae7a01afd2f067038ca443676ebdd4427a9148d,2d97460c7c87615caa25617139a3c0716d83f13908f40a98d81826f9975753f5,15233731,0.0,8,44.18650379113387,15233731,0.0,4,20.495548834092915,15233731,0.0,0,0,15233731,0.0,0,0,15233731,0.0,0,0
full_p1_seed17,full,case_068,1,2,5351,03_5001..10000,12,9,3,0,"{""success"": 12}",28.04468208295293,28.177189374924637,0.152240797,27.401233455864713,27.36389612290077,0.03733733296394348,25.258212124928832,26.527181500801817,0,0.34596320893615484,0.2974854181520641,0.13250729197170585,193126,302408,1,component,0,0,/Users/liyu/Desktop/中文题目/A题研究/advanced_solver/runs/formal_v2/full_p1_seed17/slots/case_068/p1_n2/attempt_0001/summary.json,a99f8cd62c008fa8a94a6e1259d4747d95da543cb9881a1fffd2917c9a6c9a49,6a62b6685f2809a78511ce0372c3bd3da21afd8d9ba7a28fe2551f97b9d8db25,302408,0.0,8,22.10139770596288,302408,0.0,4,10.4194150819676,302408,0.0,0,0,302408,0.0,0,0,302408,0.0,0,0
full_p1_seed17,full,case_068,1,3,5351,03_5001..10000,12,12,0,0,"{""success"": 12}",37.91216441709548,38.048530583968386,0.163327806,37.17354296008125,37.17354296008125,0,34.440050332807004,36.171379833016545,0,0.4477358750300482,0.2908855819841847,0.1363661668729037,196873,303088,4,component,0,0,/Users/liyu/Desktop/中文题目/A题研究/advanced_solver/runs/formal_v2/full_p1_seed17/slots/case_068/p1_n3/attempt_0001/summary.json,c1c50c10ff400e976154516340f80254864f85e33c648cd5b81d70d16899f49c,2bc3ccff8d6b6513d504ea0960bc4b269ec2dcb5e20fa218712ee88facd6dc21,303088,0.0,8,15.473397417925298,303088,0.0,4,7.426331167924218,303088,0.0,0,0,303088,0.0,0,0,303088,0.0,0,0
full_p1_seed17,full,case_068,1,4,5351,03_5001..10000,12,12,0,0,"{""success"": 12}",36.2615632499801,36.3947431249544,0.156325214,35.40810349804815,35.40810349804815,0,32.53446041466668,34.31135520921089,0,0.5588184159714729,0.2946413359604776,0.13317987497430295,199253,303225,4,component,0,0,/Users/liyu/Desktop/中文题目/A题研究/advanced_solver/runs/formal_v2/full_p1_seed17/slots/case_068/p1_n4/attempt_0001/summary.json,570fb39c9587129326e8a3de7528fb59f1729ddd06ec776242dbd4e3dc70f6a9,2a2627f987ae1cc8c4b09a9379f031e107389313b83da9254f0fcd8c951ec084,303225,0.0,8,13.691142832045443,303225,0.0,4,6.700603166013025,303225,0.0,0,0,303225,0.0,0,0,303225,0.0,0,0
full_p1_seed17,full,case_068,1,5,5351,03_5001..10000,12,10,2,0,"{""success"": 12}",24.088490792084485,24.22101566696074,0.167139077,23.11387529107742,23.087128833169118,0.026746457908302546,20.63535420782864,22.1847817087546,0,0.6796610000310466,0.2949545009760186,0.1325248748762533,201781,303554,4,component,0,0,/Users/liyu/Desktop/中文题目/A题研究/advanced_solver/runs/formal_v2/full_p1_seed17/slots/case_068/p1_n5/attempt_0001/summary.json,2968ab04e6bb9fdc0fea939142aeec6a9a45bd594a4c1e98aa86037dae4a57eb,4f6db1f2f8b1910c787b8be283b693a1c2d7a897e4f643f3e765f354404f0daf,303554,0.0,8,12.912936042179354,303554,0.0,4,6.2356156260939315,303554,0.0,0,0,303554,0.0,0,0,303554,0.0,0,0
full_p1_seed17,full,case_069,1,2,1032,02_1001..5000,9,8,1,0,"{""success"": 9}",2.7176553750177845,2.8330827499739826,0.037038967,2.595313709694892,2.5788095426978543,0.016504166997037828,1.4511470859870315,1.9257533319760114,0,0.03673112404067069,0.08561054128222167,0.11542737495619804,83047,24830,8,operation,0,0,/Users/liyu/Desktop/中文题目/A题研究/advanced_solver/runs/formal_v2/full_p1_seed17/slots/case_069/p1_n2/attempt_0001/summary.json,1b0670e774b7925c048edb4dde5de0979b1270599434a7f643d13f519477fd41,c431e0a9b8effdbe8394e8877f95a24af02fcb6d4481e1739be34b3f09f56403,25144,0.012645992750704771,5,1.6092318749288097,24830,0.0,1,0.3148904999252409,24830,0.0,0,0,24830,0.0,0,0,24830,0.0,0,0
full_p1_seed17,full,case_069,1,3,1032,02_1001..5000,9,9,0,0,"{""success"": 9}",3.10269683401566,3.2130305839236826,0.037261966,2.9795306648593396,2.9795306648593396,0,1.6666070010978729,2.2212338750250638,0,0.036882624961435795,0.0862835441948846,0.11033374990802258,84120,24279,2,operation,0,0,/Users/liyu/Desktop/中文题目/A题研究/advanced_solver/runs/formal_v2/full_p1_seed17/slots/case_069/p1_n3/attempt_0001/summary.json,65c9d900421e813a16ab56214ea20d594a1df5385e4967231a2d9c3e4cc93968,a5528ae3ad2c77a111b856d6da78fed3af79a3a693470384e830be667666b239,24279,0.0,5,1.6629541649017483,24279,0.0,1,0.29454666597303003,24279,0.0,0,0,24279,0.0,0,0,24279,0.0,0,0
full_p1_seed17,full,case_069,1,4,1032,02_1001..5000,9,9,0,0,"{""success"": 9}",3.0776240420527756,3.189841959043406,0.040968843,2.9476031658705324,2.9476031658705324,0,1.727741124923341,2.3221824998036027,0,0.039023458142764866,0.09099741803947836,0.11221791699063033,88204,25144,1,component,0,0,/Users/liyu/Desktop/中文题目/A题研究/advanced_solver/runs/formal_v2/full_p1_seed17/slots/case_069/p1_n4/attempt_0001/summary.json,37a16f90e536ff58690d1a6d6c534b14a25da031bcfcaae9e573dd24c2ff60bd,658d22ebecab253368ba0b54fb05360e311418a26e43a97b3dcf35e453c59e61,25144,0.0,5,1.620454250019975,25144,0.0,1,0.2542332500452176,25144,0.0,0,0,25144,0.0,0,0,25144,0.0,0,0
full_p1_seed17,full,case_069,1,5,1032,02_1001..5000,9,8,1,0,"{""success"": 9}",2.9177593330387026,3.0279312499333173,0.046447914,2.785151748917997,2.769403498969041,0.015748249948956072,1.5501307079102844,2.102283206768334,0,0.0417789580533281,0.09082862606737763,0.1101719168946147,89449,25144,1,component,0,0,/Users/liyu/Desktop/中文题目/A题研究/advanced_solver/runs/formal_v2/full_p1_seed17/slots/case_069/p1_n5/attempt_0001/summary.json,d3f280faab2c94b882478feb2a1e71243d769d283e54c6f90da9559a946739bd,4a4fb92311ab2de7f3fd19ee359c126d7c98057e276f9dc481b59b740c902394,25144,0.0,5,1.7276038749841973,25144,0.0,1,0.25435508298687637,25144,0.0,0,0,25144,0.0,0,0,25144,0.0,0,0
full_p1_seed17,full,case_070,1,2,1191,02_1001..5000,12,9,3,0,"{""success"": 12}",4.345586208975874,4.45792195899412,0.054200905,4.134370584273711,4.110400668345392,0.023969915928319097,2.723534165765159,3.3449726660037413,0,0.09632604196667671,0.11488958273548633,0.11233575001824647,114020,58498,1,component,0,0,/Users/liyu/Desktop/中文题目/A题研究/advanced_solver/runs/formal_v2/full_p1_seed17/slots/case_070/p1_n2/attempt_0001/summary.json,ee66a6f16aa4ef70b4fb835858e4cb212feeac7284505c8cf823ca2f9a49a11e,8444c94a933f06451b4454c006a3e7627f2d38f4ac24ebc5e48d5e2993358d1c,58498,0.0,8,3.742770709330216,58498,0.0,4,1.8185719172470272,58498,0.0,0,0,58498,0.0,0,0,58498,0.0,0,0
full_p1_seed17,full,case_070,1,3,1191,02_1001..5000,12,12,0,0,"{""success"": 12}",5.522606416954659,5.6330552499275655,0.060191781,5.271639458136633,5.271639458136633,0,3.441057669115253,4.287726583192125,0,0.13120387494564056,0.11976308387238532,0.11044883297290653,116711,41525,3,component,0,0,/Users/liyu/Desktop/中文题目/A题研究/advanced_solver/runs/formal_v2/full_p1_seed17/slots/case_070/p1_n3/attempt_0001/summary.json,7d9c2b8d486669b7cea4c2178bc1b5ca12f17c17d3349a0764e8783483d3611b,4bfd7270ffe2d5731235c66c9d27c6ac210bba95c0f8e66337fadfaa7076e784,41525,0.0,8,3.4824234171537682,41525,0.0,4,1.7170692511135712,41525,0.0,0,0,41525,0.0,0,0,41525,0.0,0,0
full_p1_seed17,full,case_070,1,4,1191,02_1001..5000,12,12,0,0,"{""success"": 12}",5.825843625003472,5.939537915983237,0.065763176,5.502367913955823,5.502367913955823,0,3.5493784580612555,4.441400582320057,0,0.20539454102981836,0.11808117001783103,0.11369429097976536,118621,33986,3,component,0,0,/Users/liyu/Desktop/中文题目/A题研究/advanced_solver/runs/formal_v2/full_p1_seed17/slots/case_070/p1_n4/attempt_0001/summary.json,8f50746d3444a72cfab5eb5e7587a6e7e46f860ff06630584acf0909f74e11db,df57ad8d9cd6384e1ebece759ba2131787bf28a2dfe3886ada36c85ad26d0e3d,33986,0.0,8,3.697177123045549,33986,0.0,4,1.7775118331192061,33986,0.0,0,0,33986,0.0,0,0,33986,0.0,0,0
full_p1_seed17,full,case_070,1,5,1191,02_1001..5000,12,9,3,0,"{""success"": 12}",4.555922500090674,4.67357866698876,0.068215762,4.168225834029727,4.143414916936308,0.02481091709341854,2.6561086660949513,3.3879878763109446,0,0.2689712500432506,0.11872541601769626,0.11765616689808667,121549,26669,1,component,0,0,/Users/liyu/Desktop/中文题目/A题研究/advanced_solver/runs/formal_v2/full_p1_seed17/slots/case_070/p1_n5/attempt_0001/summary.json,44bdf71123f91c6447a28864eb94f822969590e3a0a83b0219a7e8ea7684dae0,b1e3e709ee1b4911088858021e746bbd0a96b97a8792e973841d152b670d465d,26669,0.0,8,3.7255656669149175,26669,0.0,4,1.813410791917704,26669,0.0,0,0,26669,0.0,0,0,26669,0.0,0,0
full_p1_seed17,full,case_071,1,2,741,01_<=1000,9,7,2,0,"{""success"": 9}",1.862417291966267,1.9725567500572652,0.03056354,1.7620274178916588,1.7423425839515403,0.01968483394011855,0.7798900000052527,1.1521679561119527,0,0.027096792007796466,0.07329308206681162,0.11013945809099823,77709,18799,8,operation,0,0,/Users/liyu/Desktop/中文题目/A题研究/advanced_solver/runs/formal_v2/full_p1_seed17/slots/case_071/p1_n2/attempt_0001/summary.json,fe93ec1420f73936e7035cf456a993033c439a70941e67a351d98f1a9b407bd2,dff91c0066197cf196dfc9ca168598e3fd8c204fdb6e6dc610f75e90df32853d,18919,0.006383318261609761,5,1.2305506250122562,18799,0.0,1,0.25821595801971853,18799,0.0,0,0,18799,0.0,0,0,18799,0.0,0,0
full_p1_seed17,full,case_071,1,3,741,01_<=1000,9,4,5,0,"{""success"": 9}",1.1681655829306692,1.2802568749757484,0.02855356,1.0708293319912627,1.0401412069331855,0.030688125058077276,0.46907845803070813,0.6891024169744924,0,0.029345541959628463,0.06799070897977799,0.11209129204507917,78815,18006,2,operation,0,0,/Users/liyu/Desktop/中文题目/A题研究/advanced_solver/runs/formal_v2/full_p1_seed17/slots/case_071/p1_n3/attempt_0001/summary.json,081b1858c105979e1b69ea49e37ee49ec55248830bb0c4a23c855d4ee00f46d0,7cee3cfb8c9e464ef94e74c1c4c42c56e36f44bfa559bb7a33f552b158e61a4b,18006,0.0,5,1.043720414978452,18006,0.0,1,0.2063738330034539,18006,0.0,0,0,18006,0.0,0,0,18006,0.0,0,0
full_p1_seed17,full,case_071,1,4,741,01_<=1000,9,9,0,0,"{""success"": 9}",2.5008724170038477,2.6104787909425795,0.034039719,2.397007666178979,2.397007666178979,0,1.116389039088972,1.625815125880763,0,0.02653825015295297,0.07732650067191571,0.10960637393873185,82877,18919,1,component,0,0,/Users/liyu/Desktop/中文题目/A题研究/advanced_solver/runs/formal_v2/full_p1_seed17/slots/case_071/p1_n4/attempt_0001/summary.json,8cf30a6b5f3d941607c36bdc290284b6446567c6b94b12bc1ae87ec46ba59fed,c862708c14a30d9625444345ae2aac82b996256f30836ed60322026b43b0a2e2,18919,0.0,5,1.331002583145164,18919,0.0,1,0.26186275004874915,18919,0.0,0,0,18919,0.0,0,0,18919,0.0,0,0
full_p1_seed17,full,case_071,1,5,741,01_<=1000,9,4,5,0,"{""success"": 9}",1.1830190409673378,1.2906467500142753,0.038541517,1.0813958740327507,1.0514737910125405,0.029922083020210266,0.4927173327887431,0.729230625089258,0,0.029547958984039724,0.07207520795054734,0.10762770904693753,84068,18919,1,component,0,0,/Users/liyu/Desktop/中文题目/A题研究/advanced_solver/runs/formal_v2/full_p1_seed17/slots/case_071/p1_n5/attempt_0001/summary.json,5421c622191652b35f56efc05f3ed75710100f82c655d147c54365eb191d72d9,0de52710cc424f6b0cb6c8c41926b5aee16992d5579ef4b979aec15dc672e613,18919,0.0,5,1.054815081995912,18919,0.0,1,0.24908175005111843,18919,0.0,0,0,18919,0.0,0,0,18919,0.0,0,0
full_p1_seed17,full,case_058,1,3,16575,04_>10000,12,12,0,0,"{""success"": 12}",999.3193102499936,999.4986894169124,1.592356582,997.1770680402406,997.1770680402406,0,982.1555671249516,995.7973382478813,0,1.3817365419818088,0.7605056677712128,0.17937916691880673,428758,1516388,12,operation,0,0,/Users/liyu/Desktop/中文题目/A题研究/advanced_solver/runs/formal_v2/full_p1_seed17/slots/case_058/p1_n3/attempt_0001/summary.json,eebc35692deebe96b5ce99835c5f4bed4cf292d032462850b78eb6a4fbadeea3,a57db502665a0b62071a809309642d45b0bfab8e6b81d2a7ff4a2107fbf4cc84,1545918,0.019473907733376983,8,813.4373672072543,1545918,0.019473907733376983,4,369.7077253332827,1516388,0.0,0,0,1516388,0.0,0,0,1516388,0.0,0,0
full_p1_seed17,full,case_062,1,3,19636,04_>10000,9,9,0,0,"{""success"": 9}",703.7435770420125,703.9437344589969,1.134691478,702.0789354572771,702.0789354572771,0,691.1964734169887,701.0570283338893,0,0.8808310830499977,0.783810501685366,0.2001574169844389,449531,2835886,4,operation,0,0,/Users/liyu/Desktop/中文题目/A题研究/advanced_solver/runs/formal_v2/full_p1_seed17/slots/case_062/p1_n3/attempt_0001/summary.json,5ae37c38263e0cb447bf1aa2af138aa535278f9c6e3bd357492611a92431b23a,860f6332d238ca5c04a841da544fc71fb9192f0d724cbdb1ed97817e1613c122,2835886,0.0,5,325.3651313330047,2835886,0.0,1,51.737427290994674,2835886,0.0,0,0,2835886,0.0,0,0,2835886,0.0,0,0
full_p1_seed17,full,case_062,1,4,19636,04_>10000,9,9,0,0,"{""success"": 9}",860.3199292080244,860.5222635830287,1.326647902,858.3098372899694,858.3098372899694,0,844.5382295408053,857.0060465839924,0,1.124875083914958,0.8852168341400102,0.20233437500428408,450583,2127630,8,operation,0,0,/Users/liyu/Desktop/中文题目/A题研究/advanced_solver/runs/formal_v2/full_p1_seed17/slots/case_062/p1_n4/attempt_0001/summary.json,3365e7abf5f8c3ed1eec08086f90be8686cf5f43bd6febd2c3a2fb5df2c7dd31,b4120f4bc805a214e1df580842c4f4b6eb976edfa4312774e8c9c4becece7d2b,2784050,0.30852168845146943,5,386.184765832033,2127630,0.0,1,61.69827125000302,2127630,0.0,0,0,2127630,0.0,0,0,2127630,0.0,0,0
full_p2_seed17,full,case_001,2,2,600,01_<=1000,9,6,3,0,"{""success"": 9}",0.8356512079481035,0.8816992080537602,0.012010116,0.7634572900133207,0.7523208319908008,0.011136458022519946,0.2807398750446737,0.42840379115659744,0,0.03535716701298952,0.03683675092179328,0.04604800010565668,107118,116868,1,component,2,0,/Users/liyu/Desktop/中文题目/A题研究/advanced_solver/runs/formal_v2/full_p2_seed17/slots/case_001/p2_n2/attempt_0001/summary.json,d9f6e4d6806f618f005faf3369a9186facad6fc1c8bad83825c790f5d665b6a9,95f5c63299393253f4b734da48311f807c90dbfb6565b471bddfb018315e2dcf,116868,0.0,5,0.6699753319844604,116868,0.0,1,0.13572258304338902,116868,0.0,0,0,116868,0.0,0,0,116868,0.0,0,0
full_p2_seed17,full,case_001,2,3,600,01_<=1000,10,10,0,0,"{""success"": 10}",1.6107109170407057,1.6574082500301301,0.020176862,1.5068363738246262,1.5068363738246262,0,0.5922570420661941,0.9060001238249242,0,0.05386291607283056,0.050011627143248916,0.04669733298942447,115695,78545,1,component,1,0,/Users/liyu/Desktop/中文题目/A题研究/advanced_solver/runs/formal_v2/full_p2_seed17/slots/case_001/p2_n3/attempt_0001/summary.json,c677f854edde08c6d7dc42ee25a117e6d215cd5c0343483a47e1722a8e92c113,5c03147a54ae381a71ce284033b84cb1d70a56c694f2964bcf58643d0d6d2e05,78545,0.0,6,0.990178748848848,78545,0.0,2,0.3266920419409871,78545,0.0,0,0,78545,0.0,0,0,78545,0.0,0,0
full_p2_seed17,full,case_001,2,4,600,01_<=1000,9,9,0,0,"{""success"": 9}",1.510152667062357,1.5666619170224294,0.018128675,1.3783536261180416,1.3783536261180416,0,0.5018643748480827,0.768553875037469,0,0.07781233405694366,0.05398670688737184,0.05650924996007234,112627,58984,1,component,2,0,/Users/liyu/Desktop/中文题目/A题研究/advanced_solver/runs/formal_v2/full_p2_seed17/slots/case_001/p2_n4/attempt_0001/summary.json,55616637d78e5e6242041bd43c91495f0877de9594f75ce2815c71bcf740acac,333ad7bd2588dda51b828294e60ba4de6e70e7b2f1d8880b0491b92a830e5ccb,58984,0.0,5,0.8132407101802528,58984,0.0,1,0.146983916987665,58984,0.0,0,0,58984,0.0,0,0,58984,0.0,0,0
full_p2_seed17,full,case_001,2,5,600,01_<=1000,9,0,9,0,"{""success"": 9}",0.1744684160221368,0.22990916692651808,0.017832048,0.026292793219909072,0,0.026292793219909072,0,0,0,0.10819124896079302,0.03998437384143472,0.055440750904381275,115212,47502,1,component,2,0,/Users/liyu/Desktop/中文题目/A题研究/advanced_solver/runs/formal_v2/full_p2_seed17/slots/case_001/p2_n5/attempt_0001/summary.json,2ac2f7b2234daaefee6ac9198451b91ecef2af0842c3c426525f9fe8fa14f275,d7ae7e9ed6a29041f854db565cd882874890b6aaebd4d2eda1bef66c3bd0d02a,47502,0.0,5,0.007666501100175083,47502,0.0,1,0.0014502080157399178,47502,0.0,0,0,47502,0.0,0,0,47502,0.0,0,0
full_p2_seed17,full,case_002,2,2,1798,02_1001..5000,21,20,1,0,"{""success"": 21}",7.477059750002809,7.531742874998599,0.112056084,7.215026831137948,7.206357748131268,0.008669083006680012,4.814558461075649,6.088674877071753,0,0.12058362504467368,0.14144929382018745,0.05468312499579042,184597,126927,12,trace,0,0,/Users/liyu/Desktop/中文题目/A题研究/advanced_solver/runs/formal_v2/full_p2_seed17/slots/case_002/p2_n2/attempt_0001/summary.json,70152d3a1d6e46983809904f39b06bd0ae3c8dbd6fa2bb117f6ec0f4700832af,6737fffb71f841b5c6a92e15e1ddf9b5872cbb0a93f2669e2fff52d6c05270cf,129739,0.022154466740724965,17,6.365746165043674,129739,0.022154466740724965,13,5.005380333052017,126927,0.0,9,3.6657319159712642,126927,0.0,5,2.1046432920265943,126927,0.0,0,0
full_p2_seed17,full,case_002,2,3,1798,02_1001..5000,21,21,0,0,"{""success"": 21}",6.517551332945004,6.584197291987948,0.091939764,6.214839501888491,6.214839501888491,0,3.7908103781519458,4.918934083194472,0,0.14658224990125746,0.15612958115525544,0.06664595904294401,206467,82020,15,trace,0,0,/Users/liyu/Desktop/中文题目/A题研究/advanced_solver/runs/formal_v2/full_p2_seed17/slots/case_002/p2_n3/attempt_0001/summary.json,8e165ab86a51834e3efdc81cfbe95dca318e881c38545dd66d111432734fdcef,1ebdc147fafaa79cf3674a9ba959399d715d542dcc604840da03c642508c4d0f,94807,0.15590099975615712,17,4.890815834980458,94385,0.1507559131919045,13,3.361923167016357,88327,0.0768958790538894,9,2.2990283750696108,82020,0.0,5,1.2421997500350699,82020,0.0,0,0
full_p2_seed17,full,case_002,2,4,1798,02_1001..5000,21,21,0,0,"{""success"": 21}",6.310085375094786,6.381170624983497,0.080521487,6.003575916285627,6.003575916285627,0,3.5675515428883955,4.731867874157615,0,0.15702404093462974,0.14948541787452996,0.07108524988871068,211214,63330,15,trace,0,0,/Users/liyu/Desktop/中文题目/A题研究/advanced_solver/runs/formal_v2/full_p2_seed17/slots/case_002/p2_n4/attempt_0001/summary.json,e08407c0db07c4cff4abf015938173ad2b2baf233af707d5405d75e790bb1bc2,fff935c2330e652521f61ed961e9b1aebecadc778bfe471cadd3e8de4f7668ad,72218,0.14034422864361273,17,4.791184208355844,72029,0.13735986104531817,13,3.3167495402740315,72010,0.13705984525501336,9,2.2934070002520457,63330,0.0,5,1.257188001065515,63330,0.0,0,0
full_p2_seed17,full,case_002,2,5,1798,02_1001..5000,21,12,9,0,"{""success"": 21}",3.5013652499765158,3.5692753749899566,0.081249578,3.154529288993217,3.118031831108965,0.03649745788425207,1.7794043750036508,2.4360847503412515,0,0.20281062391586602,0.1440253370674327,0.06791012501344085,219112,51207,15,trace,0,0,/Users/liyu/Desktop/中文题目/A题研究/advanced_solver/runs/formal_v2/full_p2_seed17/slots/case_002/p2_n5/attempt_0001/summary.json,6220bbb9d11eaf4d66ef7d598a34b38128356171ae8e541bdd94562b051996c6,4722c5a3ae5135a37c5e76d6592260d5d34d3722ec9b7cdeb14647b7b060a2ba,59749,0.16681313101724382,17,3.134180872933939,59289,0.15782998418185024,13,3.120210040011443,59263,0.1573222410998496,9,2.3024080401519313,51207,0.0,5,1.2502139570424333,51207,0.0,0,0
full_p2_seed17,full,case_003,2,2,13455,04_>10000,24,21,3,0,"{""success"": 24}",91.83439554192591,91.93023391603492,0.781494393,89.88598058500793,89.8657563769957,0.020224208012223244,81.58264275011607,88.29465550230816,0,1.180226418073289,0.7681885388446972,0.09583837410900742,605634,337267,7,operation,0,0,/Users/liyu/Desktop/中文题目/A题研究/advanced_solver/runs/formal_v2/full_p2_seed17/slots/case_003/p2_n2/attempt_0001/summary.json,6790a24e42709d5cdc1bdf1c483191734f0db5dd430d0cae7cf482333d8795ee,d74e8b6726582316fdec2d19f69e6c9c62f403c9d9356f8de6cfeb1cb104472f,538381,0.5963050046402405,20,87.56071487709414,337267,0.0,16,73.06236821017228,337267,0.0,12,55.88562450115569,337267,0.0,8,37.897903709090315,337267,0.0,0,0
full_p2_seed17,full,case_003,2,3,13455,04_>10000,24,24,0,0,"{""success"": 24}",98.50065866706427,98.66031183407176,0.956389043,95.87154470791575,95.87154470791575,0,86.17567733686883,93.90192395623308,0,1.733911624061875,0.8952023350866511,0.159653167007491,537294,205952,18,trace,0,0,/Users/liyu/Desktop/中文题目/A题研究/advanced_solver/runs/formal_v2/full_p2_seed17/slots/case_003/p2_n3/attempt_0001/summary.json,6b2452cb6f50d1b0b78ad26b26918ed04920bec34c954c6ae0c8d491cc00e384,bf1dd3f35bcdd7f3252fe353049f8fee413c8b9d4a79029726044e75d2df9d5e,538764,1.6159687694220013,20,82.20862862479407,259816,0.2615366687383467,16,64.07692562590819,259816,0.2615366687383467,12,42.87223250197712,247622,0.20232869794903663,8,29.144610210089013,205952,0.0,0,0
full_p2_seed17,full,case_003,2,4,13455,04_>10000,24,24,0,0,"{""success"": 24}",119.63448804093059,119.80493108299561,1.182634689,115.69131783698685,115.69131783698685,0,102.91873549902812,113.32500466902275,0,2.7482075409498066,1.1949626629939303,0.17044304206501693,556170,173817,18,trace,0,0,/Users/liyu/Desktop/中文题目/A题研究/advanced_solver/runs/formal_v2/full_p2_seed17/slots/case_003/p2_n4/attempt_0001/summary.json,fb517810dd2c7879223950d751b264c6c671d184393b20fdefe1027406dcac77,720c5b3a5b525263ed69f7aa731c290300e0610a232812aa30143c3eff9ef15b,539155,2.101854249009015,20,96.1601595870452,221655,0.2752204905158875,16,74.13942637795117,221655,0.2752204905158875,12,49.42813508573454,213265,0.22695133387413202,8,33.00215433584526,173817,0.0,0,0
full_p2_seed17,full,case_003,2,5,13455,04_>10000,24,14,10,0,"{""success"": 24}",67.02714641694911,67.20271450001746,1.20044529,62.15495529095642,62.03759649884887,0.11735879210755229,54.914111624937505,60.568958917749114,0,3.6124800839461386,1.259711042046547,0.17556808306835592,570928,161941,18,trace,0,0,/Users/liyu/Desktop/中文题目/A题研究/advanced_solver/runs/formal_v2/full_p2_seed17/slots/case_003/p2_n5/attempt_0001/summary.json,f55db9eb121cca487b0db57121206b15ef2c297f575c21100cf0d76fb7ac368d,4cbb7a0b1f0567f39f33a701c78e70be2dca528062660ef95fcd8ece38d2070e,539607,2.332120957632718,20,51.58891829196364,213029,0.3154729191495669,16,51.55141875089612,213029,0.3154729191495669,12,51.51183899992611,190822,0.17834272975960386,8,34.48596599989105,161941,0.0,0,0
full_p2_seed17,full,case_004,2,2,777,01_<=1000,24,21,3,0,"{""success"": 24}",3.524115707958117,3.58239166601561,0.038136743,3.3582570836879313,3.337568583781831,0.020688499906100333,1.4559583379887044,2.124438664293848,0,0.06105654104612768,0.10480208322405815,0.05827595805749297,189930,198019,17,trace,0,0,/Users/liyu/Desktop/中文题目/A题研究/advanced_solver/runs/formal_v2/full_p2_seed17/slots/case_004/p2_n2/attempt_0001/summary.json,7b5ae719351be2ce0a328b8d127bcb72e1f902fecd7d23a58415da984e726753,d8b3138a0d0f5357df97c0ed852d5fa52edd27930771cc56028e6863c2debb02,199074,0.005327771577474882,20,3.190923250745982,199074,0.005327771577474882,16,2.499219501623884,199074,0.005327771577474882,12,1.737421209574677,198367,0.0017574071174988326,8,1.1079978353809565,198019,0.0,0,0
full_p2_seed17,full,case_004,2,3,777,01_<=1000,13,13,0,0,"{""success"": 13}",2.147432249970734,2.2148975409800187,0.025308411,1.9962454177439213,1.9962454177439213,0,0.8890002912376076,1.3380505400709808,0,0.080845667864196,0.07034116436261684,0.06746529100928456,138573,132570,5,operation,1,0,/Users/liyu/Desktop/中文题目/A题研究/advanced_solver/runs/formal_v2/full_p2_seed17/slots/case_004/p2_n3/attempt_0001/summary.json,d57ab85d27d9841aaef59a51cd260b1cf060f1d2530bec73462d8c2fe71f33b3,886d2531c89b4246a065bc9d5c1efb3ef8bef96a9662cfb28494b01d9e2676d6,134043,0.011111111111111072,9,1.445150792831555,132570,0.0,5,0.867262041894719,132570,0.0,1,0.13959966704715043,132570,0.0,0,0,132570,0.0,0,0
full_p2_seed17,full,case_004,2,4,777,01_<=1000,14,14,0,0,"{""success"": 14}",2.6010883749695495,2.663170333020389,0.036193808,2.4070941240061074,2.4070941240061074,0,1.0432150812121108,1.544277208740823,0,0.1121461238944903,0.08184812706895173,0.0620819580508396,152885,100636,13,trace,1,0,/Users/liyu/Desktop/中文题目/A题研究/advanced_solver/runs/formal_v2/full_p2_seed17/slots/case_004/p2_n4/attempt_0001/summary.json,14a4967500ade06c431b1a201e833097e72bdba2d7a66dcece8ad1b1a83b1471,459eb5133476f6ab4ab6d6f42bdc20fa8d24a4f92be763fa2bb08bc8fe07a5fb,104188,0.03529552048968565,10,1.830779500072822,104188,0.03529552048968565,6,1.1041559160221368,104188,0.03529552048968565,2,0.3140279579674825,100636,0.0,0,0,100636,0.0,0,0
full_p2_seed17,full,case_004,2,5,777,01_<=1000,24,13,11,0,"{""success"": 24}",2.7763974169502035,2.850397416972555,0.054293359,2.4982111681019887,2.4702619592426345,0.027949208859354258,1.0601115012541413,1.5532600010046735,0,0.15137449896428734,0.1268117498839274,0.07400000002235174,221580,84227,17,trace,1,0,/Users/liyu/Desktop/中文题目/A题研究/advanced_solver/runs/formal_v2/full_p2_seed17/slots/case_004/p2_n5/attempt_0001/summary.json,7e73afda55e3fb66e93c0c49339bc1e656c938391af4b5e09f015987e373883c,9006a25fad4668f56c76dad660b362e4dac297fdcbc2bd5bf725adfa235d10c1,88341,0.04884419485438163,20,2.3471132511040196,88341,0.04884419485438163,16,2.339580293162726,85933,0.020254787657164597,12,2.3321027922211215,84770,0.006446863832262784,8,1.5490714581683278,84227,0.0,0,0
full_p2_seed17,full,case_005,2,2,4113,02_1001..5000,21,20,1,0,"{""success"": 21}",13.023356249905191,13.101321500027552,0.155580712,12.543860209407285,12.530296542332508,0.013563667074777186,9.614667871850543,11.312078664079309,0,0.26167595898732543,0.21782008151058108,0.07796525012236089,245588,54868,15,trace,0,0,/Users/liyu/Desktop/中文题目/A题研究/advanced_solver/runs/formal_v2/full_p2_seed17/slots/case_005/p2_n2/attempt_0001/summary.json,46daf3f381b3094479817560ee2c48b97841a435400f26225972c0a11a778adc,ded2e91dea5cccf2d2b9623f32c83413804cb0afba60d17e9c712569d89f39bf,58038,0.05777502369322729,17,10.43188854237087,56747,0.03424582634686879,13,7.376141834305599,55582,0.013013049500619767,9,4.9235375431599095,54868,0.0,5,2.7461610410828143,54868,0.0,0,0
full_p2_seed17,full,case_005,2,3,4113,02_1001..5000,21,21,0,0,"{""success"": 21}",14.189749334007502,14.268881042022258,0.17336326,13.587390000815503,13.587390000815503,0,10.221346623729914,12.241883958922699,0,0.34260520816314965,0.25975412502884865,0.07913170801475644,262486,39495,15,trace,0,0,/Users/liyu/Desktop/中文题目/A题研究/advanced_solver/runs/formal_v2/full_p2_seed17/slots/case_005/p2_n3/attempt_0001/summary.json,2703bd2b8dfcce0829fb3efae4fcd7246b2af620914f43c616e9f16b37a76f70,05c65f61b36f1735526e18af01c426d67a3cdfb827129314b5b09be7af02ab6a,50156,0.2699329028991011,17,10.86892058281228,42480,0.0755791872388909,13,7.6922516248887405,42480,0.0755791872388909,9,5.193103333935142,39495,0.0,5,2.8894096669973806,39495,0.0,0,0
full_p2_seed17,full,case_005,2,4,4113,02_1001..5000,21,21,0,0,"{""success"": 21}",15.290133749949746,15.379559041932225,0.203205424,14.585445958073251,14.585445958073251,0,10.930355001008138,13.141559125040658,0,0.4297466669231653,0.27494112495332956,0.0894252919824794,269398,38159,15,trace,0,0,/Users/liyu/Desktop/中文题目/A题研究/advanced_solver/runs/formal_v2/full_p2_seed17/slots/case_005/p2_n4/attempt_0001/summary.json,b2139087400ee7b13cb1d8fdff7a2583133c698da85011aabc1cd6a4ec52d6a3,bb7894a0da83bbfb09d569fd8d45f5d201d8f654f03fd6dc0d613ed2e5231ad3,47588,0.24709767027437834,17,11.74265787517652,47588,0.24709767027437834,13,8.41440979205072,47588,0.24709767027437834,9,5.704703583149239,38159,0.0,5,3.2129222500370815,38159,0.0,0,0
full_p2_seed17,full,case_005,2,5,4113,02_1001..5000,21,12,9,0,"{""success"": 21}",8.96051333390642,9.056716791936196,0.224277712,8.183403038070537,8.137171706999652,0.04623133107088506,6.03013179381378,7.267374916002154,0,0.5143527089385316,0.26275758689735085,0.09620345802977681,273209,39694,15,trace,0,0,/Users/liyu/Desktop/中文题目/A题研究/advanced_solver/runs/formal_v2/full_p2_seed17/slots/case_005/p2_n5/attempt_0001/summary.json,741064b4ada0c860ddd625240a642f853ebc008526b1d374ecb18fa67802589c,14f0021c0c9b7b34cbbbe43a36c224b870474c2bf04db70365e2037736b2cb0c,45290,0.14097848541341262,17,8.153691415092908,41728,0.051242001310021656,13,8.140132206957787,41704,0.05063737592583273,9,6.0008000819943845,39694,0.0,5,3.30036445800215,39694,0.0,0,0
full_p2_seed17,full,case_006,2,2,678,01_<=1000,24,22,2,0,"{""success"": 24}",3.5787543749902397,3.6501671249279752,0.032401813,3.392189168022014,3.379093418014236,0.013095750007778406,1.2308730838121846,1.9582472927868366,0,0.07182212499901652,0.11474308196920902,0.0714127499377355,184100,39407,16,trace,0,0,/Users/liyu/Desktop/中文题目/A题研究/advanced_solver/runs/formal_v2/full_p2_seed17/slots/case_006/p2_n2/attempt_0001/summary.json,4393385091f126db9f94e534c2576754241d75db7db6dc222a5ea4778d6119b2,9172acfde18a0b7d4a802b5df6b70fbce20773ac6ad518c531441f6f8101cfc5,40612,0.030578323648082772,20,3.1049684589961544,40612,0.030578323648082772,16,2.396407833090052,40612,0.030578323648082772,12,1.6649978751083836,39407,0.0,8,1.0903669169638306,39407,0.0,0,0
full_p2_seed17,full,case_006,2,3,678,01_<=1000,24,24,0,0,"{""success"": 24}",3.9867503750137985,4.058683874900453,0.040720978,3.773756081936881,3.773756081936881,0,1.3718578340485692,2.224150331923738,0,0.08897741697728634,0.12401687609963119,0.07193349988665432,188720,31151,3,component,0,0,/Users/liyu/Desktop/中文题目/A题研究/advanced_solver/runs/formal_v2/full_p2_seed17/slots/case_006/p2_n3/attempt_0001/summary.json,9996f86fcb60964cab1d984252f775ecf7a835521c22ac0c100c318a4c500073,32d0418525e6a632b246f76dbe5a7c3530672ff025c42c69215e8dee579afa74,31151,0.0,20,3.1919758318690583,31151,0.0,16,2.4977107897866517,31151,0.0,12,1.695286289905198,31151,0.0,8,1.1194979988504201,31151,0.0,0,0
full_p2_seed17,full,case_006,2,4,678,01_<=1000,24,24,0,0,"{""success"": 24}",4.027368083014153,4.099452374968678,0.04702858,3.7702276267809793,3.7702276267809793,0,1.4267995454138145,2.259535000892356,0,0.12585091590881348,0.13128954032436013,0.07208429195452482,191135,31170,22,trace,0,0,/Users/liyu/Desktop/中文题目/A题研究/advanced_solver/runs/formal_v2/full_p2_seed17/slots/case_006/p2_n4/attempt_0001/summary.json,72d729e01f8b1e760e7a094ba3eeb651a68dd3eee3ebfaa853ef8f0ae13bf136,a792c70e2c98304cbee66f1eaf9934a62a4d29bc5ce7a22236017dedad7be2f6,31425,0.008180943214629366,20,3.218202376854606,31425,0.008180943214629366,16,2.4356544169131666,31425,0.008180943214629366,12,1.653236334095709,31425,0.008180943214629366,8,1.096517457976006,31170,0.0,0,0
full_p2_seed17,full,case_006,2,5,678,01_<=1000,24,14,10,0,"{""success"": 24}",2.2537545829545707,2.327319832984358,0.03898196,1.988945289165713,1.9612207470927387,0.027724542072974145,0.6383536672219634,1.068042165832594,0,0.1464767090510577,0.11833258473780006,0.07356525002978742,195367,31444,24,trace,0,0,/Users/liyu/Desktop/中文题目/A题研究/advanced_solver/runs/formal_v2/full_p2_seed17/slots/case_006/p2_n5/attempt_0001/summary.json,1445f8b4cea90c17540612cb1f663285faa1eee62e7b76ddcf812b2a4356925c,0d0d737e4e41e2fad33f203c6830cb3c200d7f128bbbca41a1f2494379d12a40,31729,0.009063732349573916,20,1.7035502480575815,31729,0.009063732349573916,16,1.695840704953298,31729,0.009063732349573916,12,1.6883809560677037,31729,0.009063732349573916,8,1.1165053738513961,31444,0.0,0,0
full_p2_seed17,full,case_007,2,2,3885,02_1001..5000,24,21,3,0,"{""success"": 24}",17.720681124948896,17.805524791940115,0.180270785,17.08178233273793,17.06175695778802,0.020025374949909747,13.648483038879931,15.696960086235777,0,0.35753895912785083,0.2813598330831155,0.08484366699121892,276081,506906,17,trace,0,0,/Users/liyu/Desktop/中文题目/A题研究/advanced_solver/runs/formal_v2/full_p2_seed17/slots/case_007/p2_n2/attempt_0001/summary.json,8ca18a9df54c58e30eb941af4cf8f49cb71a18475cabc3568f775f220e4268e6,de6beceb767208d9eb1883e99178f82f89b5b951e2bfd00659f2b4535320e6aa,507494,0.001159978378634241,20,16.448900623829104,507494,0.001159978378634241,16,12.202639622963034,507494,0.001159978378634241,12,7.840701082022861,507266,0.0007101908440618754,8,4.785208164947107,506906,0.0,0,0
full_p2_seed17,full,case_007,2,3,3885,02_1001..5000,13,13,0,0,"{""success"": 13}",12.518295291927643,12.603142624953762,0.125011668,11.85595870774705,11.85595870774705,0,9.336448748945259,10.797271874849685,0,0.47499862499535084,0.18733795918524265,0.08484733302611858,222297,338094,1,component,1,0,/Users/liyu/Desktop/中文题目/A题研究/advanced_solver/runs/formal_v2/full_p2_seed17/slots/case_007/p2_n3/attempt_0001/summary.json,4dd69f13c1c4541e7029d7b69ef6538f747860041ec20764ddae2e39a7de8af2,7d220aa9662a09684caeb167616c1a1cc35db69650d9a8ef6208679566f4d936,338094,0.0,9,9.365699124871753,338094,0.0,5,5.539474457968026,338094,0.0,1,0.5798418329795823,338094,0.0,0,0,338094,0.0,0,0
full_p2_seed17,full,case_007,2,4,3885,02_1001..5000,14,14,0,0,"{""success"": 14}",12.96498787496239,13.055120582925156,0.153813571,12.201005000039004,12.201005000039004,0,9.52677258104086,11.24458849907387,0,0.5614860421046615,0.20249683281872422,0.09013270796276629,232396,254398,1,component,0,0,/Users/liyu/Desktop/中文题目/A题研究/advanced_solver/runs/formal_v2/full_p2_seed17/slots/case_007/p2_n4/attempt_0001/summary.json,e48da1ff43826237ed0f7699c575120350aa6a84db6c060cb217fe18dd0a0a3c,49f26b32a13d7844532cef0337a00d176bf0660ee328d26203c4a6e694164fc6,254398,0.0,10,9.831327915890142,254398,0.0,6,5.973572249989957,254398,0.0,2,1.4853006670018658,254398,0.0,0,0,254398,0.0,0,0
full_p2_seed17,full,case_007,2,5,3885,02_1001..5000,13,2,11,0,"{""success"": 13}",1.9325070000486448,2.0139360419707373,0.125947177,1.0718482489464805,1.0243784580379725,0.047469790908508,0.7342785829678178,0.8977813329547644,0,0.6838452509837225,0.17681350011844188,0.08142904192209244,228930,203834,1,component,1,0,/Users/liyu/Desktop/中文题目/A题研究/advanced_solver/runs/formal_v2/full_p2_seed17/slots/case_007/p2_n5/attempt_0001/summary.json,318db8edbd85c081d006d5c406c5700a0b15115ea0dd1032a9e1496d6cc52982,bb84d5b5a908c02c57d582b4e220c26722f6829ae647f625f923cc0153f03527,203834,0.0,9,0.5634912489913404,203834,0.0,5,0.550167164998129,203834,0.0,1,0.5375347910448909,203834,0.0,0,0,203834,0.0,0,0
full_p2_seed17,full,case_008,2,2,864,01_<=1000,9,6,3,0,"{""success"": 9}",1.7494606249965727,1.8276439999463037,0.033159405,1.6069404152221978,1.587730165105313,0.01921025011688471,0.9074844159185886,1.2113004568964243,0,0.07498041703365743,0.06753979274071753,0.07818337494973093,105015,244266,1,component,2,0,/Users/liyu/Desktop/中文题目/A题研究/advanced_solver/runs/formal_v2/full_p2_seed17/slots/case_008/p2_n2/attempt_0001/summary.json,cbc20965744129ab6ee2c7166d7044e461672ff29aae47272b3703993a666c5a,d3fa8a2fc818e86bfe9d8859c36e287ed576b269d9347f9f4c14e5516e43ae11,244266,0.0,5,1.3902397070778534,244266,0.0,1,0.2652319159824401,244266,0.0,0,0,244266,0.0,0,0,244266,0.0,0,0
full_p2_seed17,full,case_008,2,3,864,01_<=1000,9,9,0,0,"{""success"": 9}",2.3284906670451164,2.404646125040017,0.031542847,2.167465626145713,2.167465626145713,0,1.1695884581422433,1.5927707490045577,0,0.09066170896403491,0.07036333193536848,0.07615545799490064,107849,163359,1,component,2,0,/Users/liyu/Desktop/中文题目/A题研究/advanced_solver/runs/formal_v2/full_p2_seed17/slots/case_008/p2_n3/attempt_0001/summary.json,38c37ee53a0412cfe910e02d74043914258930da1924214c29b0373dc03971e4,457c13b1a7d0127e60874d80479507c13081c55bfb76b74dd7eebe6425f7ba00,163359,0.0,5,1.3862152082147077,163359,0.0,1,0.2592639580834657,163359,0.0,0,0,163359,0.0,0,0,163359,0.0,0,0
full_p2_seed17,full,case_008,2,4,864,01_<=1000,10,10,0,0,"{""success"": 10}",2.599069541087374,2.6733639580197632,0.031431096,2.405245457193814,2.405245457193814,0,1.2222189577296376,1.7038653319468722,0,0.11554420809261501,0.07827987580094486,0.07429441693238914,116402,123060,1,component,1,0,/Users/liyu/Desktop/中文题目/A题研究/advanced_solver/runs/formal_v2/full_p2_seed17/slots/case_008/p2_n4/attempt_0001/summary.json,6bd08fa6ddd5318e847bce6274ae8f01218e317b2149c59d6323c3b10d38bf9b,a5e4afb1059f47219a56537d5d62de2b37cbf7be44e7f1a5526c58667a98c7f7,123060,0.0,6,1.5999325410230085,123060,0.0,2,0.46255412499886006,123060,0.0,0,0,123060,0.0,0,0,123060,0.0,0,0
full_p2_seed17,full,case_008,2,5,864,01_<=1000,13,3,10,0,"{""success"": 13}",0.9018080839887261,0.9743351660436019,0.044762225,0.6752996648428962,0.640833415905945,0.03446624893695116,0.2946592489024624,0.42943466699216515,0,0.1421968339709565,0.08431158517487347,0.07252708205487579,138087,100603,1,component,0,0,/Users/liyu/Desktop/中文题目/A题研究/advanced_solver/runs/formal_v2/full_p2_seed17/slots/case_008/p2_n5/attempt_0001/summary.json,a1259d478000e8e242b7ad3d14c5ab4d9abd1e2f1689ffef86b62a9b624f0741,69028dafb32a6464dd81908c9a783325d3cd996d52ac8f123d70c6b20e6fe3f7,100603,0.0,9,0.46555691596586257,100603,0.0,5,0.45547487400472164,100603,0.0,1,0.19838095793966204,100603,0.0,0,0,100603,0.0,0,0
full_p2_seed17,full,case_009,2,2,5671,03_5001..10000,24,21,3,0,"{""success"": 24}",22.343337791971862,22.438615250051953,0.220219838,21.5341192901833,21.513369415188208,0.020749874995090067,17.596657251007855,19.916740794898942,0,0.4724418759578839,0.33677662583068013,0.09527745808009058,286882,87935,14,trace,0,0,/Users/liyu/Desktop/中文题目/A题研究/advanced_solver/runs/formal_v2/full_p2_seed17/slots/case_009/p2_n2/attempt_0001/summary.json,4437f93e10853dd8eb721a76714d706afc4706e22d472ff8220d38182fb00789,349642d82225592e311399ed94b39db1e9ed19a2d04c852c34612acecbbdafa4,92198,0.048478990163188795,20,20.68133624922484,92198,0.048478990163188795,16,16.28976062417496,92198,0.048478990163188795,12,10.98287862399593,87935,0.0,8,7.318516833009198,87935,0.0,0,0
full_p2_seed17,full,case_009,2,3,5671,03_5001..10000,24,24,0,0,"{""success"": 24}",27.064115166896954,27.15692300000228,0.245970254,26.035813166759908,26.035813166759908,0,21.340942373732105,24.236595457769,0,0.6543067498132586,0.37399525032378733,0.0928078331053257,294403,85607,14,trace,0,0,/Users/liyu/Desktop/中文题目/A题研究/advanced_solver/runs/formal_v2/full_p2_seed17/slots/case_009/p2_n3/attempt_0001/summary.json,ca1d00191215e68ff15c92febe035cd699da905d205f6f39532cfb87bb841ab8,bfdce52cda7d9f71798689c45d5f2d7149dd421367a26bc3494cf8cc60159a01,92207,0.07709649911806271,20,22.266310751554556,92207,0.07709649911806271,16,17.821867419639602,92207,0.07709649911806271,12,11.612475501722656,85607,0.0,8,7.539346083882265,85607,0.0,0,0
full_p2_seed17,full,case_009,2,4,5671,03_5001..10000,24,24,0,0,"{""success"": 24}",27.929097958025523,28.023342333966866,0.311209177,26.609482755186036,26.609482755186036,0,21.3089560396038,24.74855795793701,0,0.9092580839060247,0.4103571189334616,0.0942443759413436,346069,59071,18,trace,0,0,/Users/liyu/Desktop/中文题目/A题研究/advanced_solver/runs/formal_v2/full_p2_seed17/slots/case_009/p2_n4/attempt_0001/summary.json,81a606f6ee6c616ba2f6618c7823f7432fcdfa7c694d2daf1d55eca5794a993c,0970b8ef8780967ff9f302b488f111028c9fc77ed432ca845c39a165a0765f79,92216,0.5611044336476443,20,22.72644029534422,71548,0.21122039579489083,16,18.019618919235654,71548,0.21122039579489083,12,12.523059167084284,71548,0.21122039579489083,8,8.292205751058646,59071,0.0,0,0
full_p2_seed17,full,case_009,2,5,5671,03_5001..10000,24,14,10,0,"{""success"": 24}",18.2474521669792,18.35159079101868,0.385182642,16.655491417157464,16.59576783317607,0.05972358398139477,13.298025498748757,15.505044790101238,0,1.1216142509365454,0.470346498885192,0.1041386240394786,353998,52200,18,trace,0,0,/Users/liyu/Desktop/中文题目/A题研究/advanced_solver/runs/formal_v2/full_p2_seed17/slots/case_009/p2_n5/attempt_0001/summary.json,737f0b1560fd4030a05928636035b65f7bcf9bac81df428c199f53025626c6eb,20b672c3f0e17b7e21e1f49e7cdec8b7fc04b5d5061e2ff093851525cdc9a1df,92225,0.7667624521072798,20,14.504251376260072,77300,0.4808429118773947,16,14.484996125218458,77300,0.4808429118773947,12,14.464333208161406,77091,0.4768390804597702,8,9.32402966695372,52200,0.0,0,0
full_p2_seed17,full,case_010,2,2,667,01_<=1000,24,22,2,0,"{""success"": 24}",3.578432415961288,3.6569513329304755,0.039986345,3.370974120683968,3.3570699125993997,0.013904208084568381,1.2582403748529032,2.0302112055942416,0,0.07607987488154322,0.13137842039577663,0.07851891696918756,183030,45197,24,trace,0,0,/Users/liyu/Desktop/中文题目/A题研究/advanced_solver/runs/formal_v2/full_p2_seed17/slots/case_010/p2_n2/attempt_0001/summary.json,3370b5ded0fb274db75c57c38a35b3290771b15d8dc72dcf2f5abd3c466a4df6,ad0085fc9ec96f504d4d579b353c0ecd988588617b4a9905c36676e2144da296,45626,0.00949178042790444,20,3.08445395459421,45626,0.00949178042790444,16,2.4331431626342237,45626,0.00949178042790444,12,1.7090787896886468,45209,0.0002655043476336161,8,1.1334398738108575,45197,0.0,0,0
full_p2_seed17,full,case_010,2,3,667,01_<=1000,24,24,0,0,"{""success"": 24}",4.031108875060454,4.118000167072751,0.110316067,3.7946322502102703,3.7946322502102703,0,1.3610575817292556,2.2180696660652757,0,0.10151958395726979,0.13495704089291394,0.08689129201229662,188690,30315,3,component,0,0,/Users/liyu/Desktop/中文题目/A题研究/advanced_solver/runs/formal_v2/full_p2_seed17/slots/case_010/p2_n3/attempt_0001/summary.json,83f63246e72d9dabb1d6ab08dd6abd69befb529989e0c6355c4a3677f770db0e,7c24d1370cdfb5bf14e092021a4f65955b0f4c060439897f351977c8cbd79e3b,30315,0.0,20,3.2020458332262933,30315,0.0,16,2.4744417091133073,30315,0.0,12,1.6918843761086464,30315,0.0,8,1.116725251195021,30315,0.0,0,0
full_p2_seed17,full,case_010,2,4,667,01_<=1000,24,24,0,0,"{""success"": 24}",4.062962583033368,4.138801458058879,0.041694654,3.803608791087754,3.803608791087754,0,1.4404732938855886,2.315023121307604,0,0.12390020897146314,0.13545358297415078,0.07583887502551079,194173,29856,1,component,0,0,/Users/liyu/Desktop/中文题目/A题研究/advanced_solver/runs/formal_v2/full_p2_seed17/slots/case_010/p2_n4/attempt_0001/summary.json,1946155e34141495c6e29bff86db5c73abde9ed4f71acce85fd6ebdf520d2a11,a2fef33c3b537c8809adea29f40d788ad1aa537d67197f79af78ee2004eb6657,29856,0.0,20,3.242885376093909,29856,0.0,16,2.509762667119503,29856,0.0,12,1.7068581669591367,29856,0.0,8,1.135973333963193,29856,0.0,0,0
full_p2_seed17,full,case_010,2,5,667,01_<=1000,24,14,10,0,"{""success"": 24}",2.758149959030561,2.8358689160086215,0.046883662,2.4590877902228385,2.4254680811427534,0.03361970908008516,0.8860475427936763,1.410475748940371,0,0.15998645802028477,0.13907571078743786,0.0777189569780603,206696,19138,18,trace,0,0,/Users/liyu/Desktop/中文题目/A题研究/advanced_solver/runs/formal_v2/full_p2_seed17/slots/case_010/p2_n5/attempt_0001/summary.json,da141ff0753b53f413ae71ffc35e69dbce0a32f0d74a1289d4cfaa2fbdda8327,1135eb7f6871c1d852cc415c1e4c3b5a2ce95d028c2e63561a5e030d73166ec1,30490,0.5931654300344864,20,2.1611206642119214,29530,0.5430034486362212,16,2.1522435401566327,29530,0.5430034486362212,12,2.1435162890702486,26659,0.39298777301703414,8,1.4210404560435563,19138,0.0,0,0
full_p2_seed17,full,case_011,2,2,688,01_<=1000,12,9,3,0,"{""success"": 12}",1.7359856669791043,1.8165219579823315,0.026441965,1.5863989579956979,1.570417125010863,0.01598183298483491,0.7002452909946442,1.0614534589694813,0,0.07976341701578349,0.06982329196762294,0.08053629100322723,112401,92646,1,component,0,0,/Users/liyu/Desktop/中文题目/A题研究/advanced_solver/runs/formal_v2/full_p2_seed17/slots/case_011/p2_n2/attempt_0001/summary.json,7c05a07146fcd690871526d16a9df742d603e53d635f0515718efd48b008e7cc,175520c9518b0be6ba8c0480260a1efe437dc1e0a42f0e0234dd328f600d8f46,92646,0.0,8,1.4334515000227839,92646,0.0,4,0.6782730839913711,92646,0.0,0,0,92646,0.0,0,0,92646,0.0,0,0
full_p2_seed17,full,case_011,2,3,688,01_<=1000,22,22,0,0,"{""success"": 22}",5.139684459078126,5.2176437500165775,0.059645994,4.847288125078194,4.847288125078194,0,2.124963962007314,3.140360330697149,0,0.1608287920244038,0.131567541975528,0.07795929093845189,186501,62289,5,operation,0,0,/Users/liyu/Desktop/中文题目/A题研究/advanced_solver/runs/formal_v2/full_p2_seed17/slots/case_011/p2_n3/attempt_0001/summary.json,8818c9b6ece3d0a3278cf48050b410a4f169fb7d839681e7b7b7e6fcb3f721fc,e9f6b9ae27b03b6fa60556e226431cc104e7703cdc1255deada434141f66fecc,69625,0.11777360368604417,18,4.153124833130278,62289,0.0,14,3.3108162921853364,62289,0.0,10,2.372546624043025,62289,0.0,6,1.418163832044229,62289,0.0,0,0
full_p2_seed17,full,case_011,2,4,688,01_<=1000,12,12,0,0,"{""success"": 12}",2.8755507500609383,2.9494900840800256,0.032816026,2.5811795411864296,2.5811795411864296,0,1.0103725409135222,1.6540480800904334,0,0.19292937603313476,0.10144183284137398,0.07393933401908726,118801,46880,1,component,0,0,/Users/liyu/Desktop/中文题目/A题研究/advanced_solver/runs/formal_v2/full_p2_seed17/slots/case_011/p2_n4/attempt_0001/summary.json,2c9925ce9d526f2b6cd897b58d119534fccf28ea2d2a022c27ed3e1817df647d,0b51193ff5e5c72639ef37e2f9d6a9cc4ec77ce3b04d697eff62ac4004c39116,46880,0.0,8,1.8395414161495864,46880,0.0,4,1.0492212080862373,46880,0.0,0,0,46880,0.0,0,0,46880,0.0,0,0
full_p2_seed17,full,case_011,2,5,688,01_<=1000,12,2,10,0,"{""success"": 12}",0.7515268749557436,0.8361804160522297,0.036252518,0.4086513329530135,0.3726246249862015,0.036026707966811955,0.15106745902448893,0.24167291598860174,0,0.2705526249483228,0.0723229170544073,0.08465354109648615,120712,46915,3,component,0,0,/Users/liyu/Desktop/中文题目/A题研究/advanced_solver/runs/formal_v2/full_p2_seed17/slots/case_011/p2_n5/attempt_0001/summary.json,3b99f627b72b3897322d593faa91e08d9402301a73d08d849dec6727e628f553,dd5c800a594ce84f6b6f7588450c4913fc02f33bddfd1fb0f2d42e7f78af1639,46915,0.0,8,0.3884029989130795,46915,0.0,4,0.3770696249557659,46915,0.0,0,0,46915,0.0,0,0,46915,0.0,0,0
full_p2_seed17,full,case_012,2,2,972,01_<=1000,24,22,2,0,"{""success"": 24}",5.135200459044427,5.224178125034086,0.062013308,4.8457223769510165,4.829657209920697,0.01606516703031957,2.414611750980839,3.4711372911697254,0,0.1259103319607675,0.1635677501326427,0.08897766598965973,196373,27385,14,trace,0,0,/Users/liyu/Desktop/中文题目/A题研究/advanced_solver/runs/formal_v2/full_p2_seed17/slots/case_012/p2_n2/attempt_0001/summary.json,979aa75db6cb60fdf7105d2cd0ff58fe43c9b4fc00c3b022e850a5b82441da4b,b1719fa501fb5cfbd5c869a5120da1b2f1a522329161151d8d6a40bf61a30d55,29674,0.08358590469234972,20,4.4604960839496925,29674,0.08358590469234972,16,3.4001821669517085,29674,0.08358590469234972,12,2.2671217509778216,27385,0.0,8,1.4733665839303285,27385,0.0,0,0
full_p2_seed17,full,case_012,2,3,972,01_<=1000,24,24,0,0,"{""success"": 24}",5.924707125057466,6.011157791945152,0.06267294,5.5409858741331846,5.5409858741331846,0,2.6805367077467963,3.8515255411621183,0,0.19685750000644475,0.18686375091783702,0.08645066688768566,202356,18265,14,trace,0,0,/Users/liyu/Desktop/中文题目/A题研究/advanced_solver/runs/formal_v2/full_p2_seed17/slots/case_012/p2_n3/attempt_0001/summary.json,d2d12942b4f547fceedc12fcad3f0a8d2f50efc020061406432a935607d27f7b,ae831cd9b59f9b376d2b364b6b96b8cef65690c4d7a005ed08548e46c9967754,19788,0.08338352039419661,20,4.532786750118248,19788,0.08338352039419661,16,3.431830082088709,19788,0.08338352039419661,12,2.2613077491987497,18265,0.0,8,1.533821831108071,18265,0.0,0,0
full_p2_seed17,full,case_012,2,4,972,01_<=1000,24,24,0,0,"{""success"": 24}",5.571400291984901,5.6543886659201235,0.062563147,5.177978251129389,5.177978251129389,0,2.670820454019122,3.798022373695858,0,0.23579516704194248,0.15762687381356955,0.08298837393522263,202906,16118,4,component,0,0,/Users/liyu/Desktop/中文题目/A题研究/advanced_solver/runs/formal_v2/full_p2_seed17/slots/case_012/p2_n4/attempt_0001/summary.json,b1ee577dd84ae5f8eedb96d6757b1d71ba3b2e72d47ae9ea49517aca99a8b40f,5f1d42a0d666db3226fc10f951482e5b1bd20e40e6b49cf49e4dea2a5f44e791,16118,0.0,20,4.437992002000101,16118,0.0,16,3.368530709994957,16118,0.0,12,2.2172127100639045,16118,0.0,8,1.4811793329427019,16118,0.0,0,0
full_p2_seed17,full,case_012,2,5,972,01_<=1000,24,14,10,0,"{""success"": 24}",3.0829497079830617,3.162937124958262,0.065841762,2.6685390409547836,2.6327613758621737,0.03577766509260982,1.2689981248695403,1.8366871260805055,0,0.266226208768785,0.1481844582594931,0.07998741697520018,203323,12756,13,trace,0,0,/Users/liyu/Desktop/中文题目/A题研究/advanced_solver/runs/formal_v2/full_p2_seed17/slots/case_012/p2_n5/attempt_0001/summary.json,f5638154fe5755698e53b03e636cc8e568c3e091dec3357826fd127f0e463b01,25d073d08564568f817488a5b563627ce167cedf8e09db0cfa1e80bafa052576,12869,0.008858576356224557,20,2.283489249064587,12869,0.008858576356224557,16,2.2734530000016093,12869,0.008858576356224557,12,2.2640495429513976,12756,0.0,8,1.482236209907569,12756,0.0,0,0
full_p2_seed17,full,case_013,2,2,1968,02_1001..5000,12,9,3,0,"{""success"": 12}",4.94321358401794,5.022130582947284,0.076472782,4.628408374963328,4.608573499019258,0.019834875944070518,3.2932908332441,4.048044834053144,0,0.19557274994440377,0.11923245911020786,0.07891699892934412,153645,132198,1,component,0,0,/Users/liyu/Desktop/中文题目/A题研究/advanced_solver/runs/formal_v2/full_p2_seed17/slots/case_013/p2_n2/attempt_0001/summary.json,3355e89caaa5c88138018c0bf4e4920a3483e870ac8ff47ecb069a0722ad8b60,34d39335759629fb5d5eb25b6686e5889fdeed7553aec1cd445e08bb416de9d1,132198,0.0,8,4.267179082031362,132198,0.0,4,2.139150956994854,132198,0.0,0,0,132198,0.0,0,0,132198,0.0,0,0
full_p2_seed17,full,case_013,2,3,1968,02_1001..5000,14,14,0,0,"{""success"": 14}",7.1846693330444396,7.275037582963705,0.103069872,6.7680587492650375,6.7680587492650375,0,4.633471208042465,5.900063582928851,0,0.2712162919342518,0.1453942918451503,0.09036824991926551,169732,88351,1,component,0,0,/Users/liyu/Desktop/中文题目/A题研究/advanced_solver/runs/formal_v2/full_p2_seed17/slots/case_013/p2_n3/attempt_0001/summary.json,c18f63fc0e2b304df4db0d378bc16705d9612bee66dcc027168485ea87e7ef4a,ee4e1dfbcf58bccc88a0f49d32129cb7c4b42e36c0291c0eaae9d81304a55a9e,88351,0.0,10,5.319292583153583,88351,0.0,6,3.304746334324591,88351,0.0,2,0.801096917130053,88351,0.0,0,0,88351,0.0,0,0
full_p2_seed17,full,case_013,2,4,1968,02_1001..5000,13,13,0,0,"{""success"": 13}",7.221622874960303,7.308392584091052,0.098323701,6.71357658400666,6.71357658400666,0,4.64345550222788,5.821743251872249,0,0.3633770430460572,0.1446692479075864,0.0867697091307491,166125,66982,1,component,0,0,/Users/liyu/Desktop/中文题目/A题研究/advanced_solver/runs/formal_v2/full_p2_seed17/slots/case_013/p2_n4/attempt_0001/summary.json,c0ebb8cd9eb2fb24471cd47feb499cff729a99d9428b89c6b0df38f8d6342809,9f2122791ade7e35332d90ebe3487c5f5be271ed312a5b7bd1315be54e77ac32,66982,0.0,9,5.164623793098144,66982,0.0,5,2.7139305419987068,66982,0.0,1,0.39267608302179724,66982,0.0,0,0,66982,0.0,0,0
full_p2_seed17,full,case_013,2,5,1968,02_1001..5000,24,13,11,0,"{""success"": 24}",5.4150725830113515,5.519508708035573,0.152188472,4.764555416069925,4.720295331906527,0.04426008416339755,3.0941562919178978,3.9530998351983726,0,0.43862775003071874,0.21188941691070795,0.10443612502422184,231726,54130,13,trace,0,0,/Users/liyu/Desktop/中文题目/A题研究/advanced_solver/runs/formal_v2/full_p2_seed17/slots/case_013/p2_n5/attempt_0001/summary.json,c5f9c6f63701caaf6ae0677ebba5f527b69df24a3ef7407e6552d86f7da8fe43,63da33cfbd43405a7de9da8950986fed6871dd29ed40971eee66c26d559eb153,54363,0.004304452244596302,20,4.3993234150111675,54363,0.004304452244596302,16,4.386808707029559,54363,0.004304452244596302,12,4.374817623873241,54130,0.0,8,2.9964861660264432,54130,0.0,0,0
full_p2_seed17,full,case_014,2,2,35705,04_>10000,24,22,2,0,"{""success"": 24}",944.5566524160095,944.8301012079464,3.81665594,934.8019655809039,934.7534769559279,0.04848862497601658,897.6702806649264,931.4038806703174,0,6.466302000102587,3.288384835002944,0.27344879193697125,1068013,8877003,4,component,0,0,/Users/liyu/Desktop/中文题目/A题研究/advanced_solver/runs/formal_v2/full_p2_seed17/slots/case_014/p2_n2/attempt_0001/summary.json,5609bea74acfd6ca148e22cf36faa04b9fc34598a39f10804d9a65785072f98f,28a930f8020d9a555844f356a1053c78ca2c1a60e48aa6e21c52635fe356cae6,8877003,0.0,20,892.2353959558532,8877003,0.0,16,705.4444546637824,8877003,0.0,12,456.30586608173326,8877003,0.0,8,282.6887023737654,8877003,0.0,0,0
full_p2_seed17,full,case_014,2,3,35705,04_>10000,24,24,0,0,"{""success"": 24}",856.6474008340156,856.973609458073,4.058637594,842.0414644581033,842.0414644581033,0,797.6733083763393,838.0246165010612,0,10.713478166027926,3.892458209884353,0.32620862405747175,958100,5990256,21,trace,0,0,/Users/liyu/Desktop/中文题目/A题研究/advanced_solver/runs/formal_v2/full_p2_seed17/slots/case_014/p2_n3/attempt_0001/summary.json,59a8acb212330905ca962ada016bc08bbb1b72ff07d24518d3f760cd23eafea1,b647240ea06a21a9b3c60bfdb8e02dc26baf4d1f12f2cc2ea5e96049b8314cc8,5994925,0.0007794324649899043,20,763.7132212091237,5994925,0.0007794324649899043,16,566.444370459998,5994925,0.0007794324649899043,12,316.9255985430209,5990358,1.7027652908341295e-05,8,188.76681775203906,5990256,0.0,0,0
full_p2_seed17,full,case_014,2,4,35705,04_>10000,24,24,0,0,"{""success"": 24}",769.244302041945,769.5774210409727,4.371199008,750.4974587068427,750.4974587068427,0,704.0854381276295,746.5167893782491,0,14.827609415980987,3.919233919121325,0.3331189990276471,982107,4551951,1,component,0,0,/Users/liyu/Desktop/中文题目/A题研究/advanced_solver/runs/formal_v2/full_p2_seed17/slots/case_014/p2_n4/attempt_0001/summary.json,425103b8154971b84a816ce64362afd85c7ca41b90b9784b1c33b63f44c33aaa,1d43db2387fef626a92d807b361d60acd447040ca6d242c2a2a9b21cd78ac848,4551951,0.0,20,665.6151408319129,4551951,0.0,16,471.6410882079508,4551951,0.0,12,262.7100764159113,4551951,0.0,8,158.70862245792523,4551951,0.0,0,0
full_p2_seed17,full,case_014,2,5,35705,04_>10000,24,14,10,0,"{""success"": 24}",364.4144296249142,364.86908637499437,5.515787311,343.09829404077027,342.74370158067904,0.3545924600912258,322.4079588728491,340.3805530377431,0,17.386673750006594,3.929461834137328,0.4546567500801757,985824,3709844,3,component,0,0,/Users/liyu/Desktop/中文题目/A题研究/advanced_solver/runs/formal_v2/full_p2_seed17/slots/case_014/p2_n5/attempt_0001/summary.json,9bbc800439b71e4d5bbb5e78d8b8fb5dedd541733985996de5e87d9fba0cad13,5c9ca43f08f811accb93b668f4f9819b58f6a175a6ee0d96f8bab3c8f1b8a08d,3709844,0.0,20,298.08301674877293,3709844,0.0,16,297.9704452898586,3709844,0.0,12,297.85229824774433,3709844,0.0,8,190.19830637378618,3709844,0.0,0,0
full_p2_seed17,full,case_015,2,2,1013,02_1001..5000,24,22,2,0,"{""success"": 24}",6.287085665971972,6.380376584012993,0.069574965,5.959129334194586,5.942414125194773,0.016715208999812603,2.9433527099899948,4.1331774580758065,0,0.1505029998952523,0.17745333188213408,0.09329091804102063,191618,83527,17,trace,0,0,/Users/liyu/Desktop/中文题目/A题研究/advanced_solver/runs/formal_v2/full_p2_seed17/slots/case_015/p2_n2/attempt_0001/summary.json,8227ea5a118a18181ab37ac67b42c7e3cad31475c5fb438dbbfb769991a26f9e,b369a75c0195988a08a2d77feedbf3d03e38ab4af2484098bd7cc586a392a8ac,86611,0.03692219282387721,20,5.459891208214685,86611,0.03692219282387721,16,4.181437251158059,86611,0.03692219282387721,12,2.8574050430906937,84895,0.01637793767284834,8,1.909083626116626,83527,0.0,0,0
full_p2_seed17,full,case_015,2,3,1013,02_1001..5000,24,24,0,0,"{""success"": 24}",6.910924416966736,7.006665332941338,0.075308812,6.5244301272323355,6.5244301272323355,0,3.3016949178418145,4.6683145832503214,0,0.19843800086528063,0.18805628886912018,0.0957409159746021,194808,58605,23,trace,0,0,/Users/liyu/Desktop/中文题目/A题研究/advanced_solver/runs/formal_v2/full_p2_seed17/slots/case_015/p2_n3/attempt_0001/summary.json,45a6a7ab3c2e23fecbda39cfb783cf25452ca06b5d2bbd900a0086fb9aa461ae,268b75024c6c4ccdc1f1d824a8712ecc37144a7bee4ee7df3819c94b19d8af65,60954,0.04008190427437941,20,5.561910834163427,60954,0.04008190427437941,16,4.295346126193181,60954,0.04008190427437941,12,2.9017364592291415,60954,0.04008190427437941,8,1.8948488751193509,58605,0.0,0,0
full_p2_seed17,full,case_015,2,4,1013,02_1001..5000,24,24,0,0,"{""success"": 24}",7.204242249950767,7.304730625008233,0.085753747,6.728544373414479,6.728544373414479,0,3.490652499720454,4.937113959109411,0,0.2750208331272006,0.20067704340908676,0.10048837505746633,201033,50124,3,component,0,0,/Users/liyu/Desktop/中文题目/A题研究/advanced_solver/runs/formal_v2/full_p2_seed17/slots/case_015/p2_n4/attempt_0001/summary.json,7981c7e52741b6925fdc72efde1148a4ca4fd448db946db6aa912646edb8f782,28482a5222b9e399b384abcf6a4eac324f9fa32e80f8d78447064a300d38103d,50124,0.0,20,5.760663707507774,50124,0.0,16,4.431235540774651,50124,0.0,12,2.8417475417954847,50124,0.0,8,1.8983003337634727,50124,0.0,0,0
full_p2_seed17,full,case_015,2,5,1013,02_1001..5000,24,13,11,0,"{""success"": 24}",4.796206417027861,4.907772750011645,0.101155645,4.149742254405282,3.973321796162054,0.1764204582432285,1.9512765429681167,2.746978251961991,0,0.36674641619902104,0.2797177464235574,0.11156633298378438,206645,43242,4,component,0,0,/Users/liyu/Desktop/中文题目/A题研究/advanced_solver/runs/formal_v2/full_p2_seed17/slots/case_015/p2_n5/attempt_0001/summary.json,ef6c61f42851c3ca990f3276adb5298307993cfeb8b78736140496bd10fab205,99e5dec5a604934f75066b5bfedec4af461b8a9fb0672677cad9432d2ebade7c,43242,0.0,20,3.8350639193085954,43242,0.0,16,3.708771919249557,43242,0.0,12,3.682363212108612,43242,0.0,8,2.5198257099837065,43242,0.0,0,0
full_p2_seed17,full,case_016,2,2,17995,04_>10000,21,20,1,0,"{""success"": 21}",179.2727542920038,179.46682929096278,1.223013773,175.4728581237141,175.44889478979167,0.023963333922438323,162.11093691724818,173.42930491804145,0,2.4146497499896213,1.3852464183000848,0.19407499895896763,635908,4027025,10,trace,1,0,/Users/liyu/Desktop/中文题目/A题研究/advanced_solver/runs/formal_v2/full_p2_seed17/slots/case_016/p2_n2/attempt_0001/summary.json,8709c2347272e5b227314252d2be766e143cf280b237e37e0b95c325fb05fd9f,5276b305e26c771a38b20e7a42e5718317911bd9f770b60902f71ada1b0d6444,4027038,3.2281895443464492e-06,17,144.71323416475207,4027038,3.2281895443464492e-06,13,107.47015774890315,4027025,0.0,9,71.66163912392221,4027025,0.0,5,39.44524774898309,4027025,0.0,0,0
full_p2_seed17,full,case_016,2,3,17995,04_>10000,20,20,0,0,"{""success"": 20}",190.1961325838929,190.41442687495146,1.508375065,185.84506446204614,185.84506446204614,0,169.64563383511268,183.6349580839742,0,2.749811874120496,1.601256247726269,0.21829429105855525,627252,2877801,3,operation,1,0,/Users/liyu/Desktop/中文题目/A题研究/advanced_solver/runs/formal_v2/full_p2_seed17/slots/case_016/p2_n3/attempt_0001/summary.json,3c45c3cfb5e2e3b499705693a5864d6a5357f01709ebab37051e0fede0bd73fe,d57c22ba466b7d32a134b5fcec64c4e2e2830fc5f68ecbb688361a1f23a24882,2877801,0.0,16,147.7842302940553,2877801,0.0,12,106.45211600093171,2877801,0.0,8,71.19549220893532,2877801,0.0,4,34.92682520800736,2877801,0.0,0,0
full_p2_seed17,full,case_016,2,4,17995,04_>10000,20,20,0,0,"{""success"": 20}",197.52652574994136,197.7572855419712,1.534080146,191.8179439168889,191.8179439168889,0,172.89742095803376,189.30999841995072,0,3.895996541948989,1.81258529110346,0.23075979202985764,635199,2240038,3,operation,1,0,/Users/liyu/Desktop/中文题目/A题研究/advanced_solver/runs/formal_v2/full_p2_seed17/slots/case_016/p2_n4/attempt_0001/summary.json,a42127a3945d178fcac0944104cff28d98d79ac3a3737c8d681a84fa914e03d6,4c04433bb032992ed5c9e2c5e043cc3a51a7ba88a169f04ce7352ede4609ba15,2240038,0.0,16,151.18406212585978,2240038,0.0,12,112.86843441682868,2240038,0.0,8,70.94569766591303,2240038,0.0,4,34.191349915927276,2240038,0.0,0,0
full_p2_seed17,full,case_016,2,5,17995,04_>10000,21,12,9,0,"{""success"": 21}",115.00425591599196,115.23299554095138,1.924407913,107.95875675207935,107.8005692929728,0.15818745910655707,95.64689516811632,106.3998749590246,0,4.890719165909104,2.154779998003505,0.2287396249594167,786673,1972344,21,trace,0,0,/Users/liyu/Desktop/中文题目/A题研究/advanced_solver/runs/formal_v2/full_p2_seed17/slots/case_016/p2_n5/attempt_0001/summary.json,628e25f83fe1dbe0094a6e53538a029dbed265bd106534ef70f80f5b69159e22,a99803f5218eb631a921552b6a3d4de7b07576d6adaa169d9032a5f758139e63,2243300,0.1373776582583972,17,107.87923620908987,1972346,1.0140218946741442e-06,13,107.81600091804285,1972346,1.0140218946741442e-06,9,80.71882820897736,1972346,1.0140218946741442e-06,5,44.45620266709011,1972344,0.0,0,0
full_p2_seed17,full,case_017,2,2,1373,02_1001..5000,24,22,2,0,"{""success"": 24}",9.185329957981594,9.305126457940787,0.112320302,8.689588877139613,8.668619294068776,0.02096958307083696,5.232923707109876,6.927861874806695,0,0.24763679201714694,0.24810428882483393,0.11979649995919317,202442,77520,4,component,0,0,/Users/liyu/Desktop/中文题目/A题研究/advanced_solver/runs/formal_v2/full_p2_seed17/slots/case_017/p2_n2/attempt_0001/summary.json,f6e86ae7076ab0717f2fe0c5381f3504b6cef9d2d1879fcdb4bed8cc25d2263b,f7b18dc852d605901f551aca72d26dafb62412b887b688577adddb6a5a7ba734,77520,0.0,20,7.969743044115603,77520,0.0,16,6.188772459048778,77520,0.0,12,4.2127797501161695,77520,0.0,8,2.828573083039373,77520,0.0,0,0
full_p2_seed17,full,case_017,2,3,1373,02_1001..5000,24,24,0,0,"{""success"": 24}",10.327188625000417,10.443828332936391,0.122740937,9.725009289919399,9.725009289919399,0,5.713427921291441,7.632984501076862,0,0.3522629579529166,0.24991637712810189,0.116639707935974,201800,51954,23,trace,0,0,/Users/liyu/Desktop/中文题目/A题研究/advanced_solver/runs/formal_v2/full_p2_seed17/slots/case_017/p2_n3/attempt_0001/summary.json,a65df038f03b2ce5b23e7f135baa7149d516ee336913ef5a16a3c7fed87c1f62,d550d051d3a0e19142b21a31cd8c2e8737386d7fd146adb56dbe5cbe42e014c1,56670,0.0907726065365515,20,8.376880832016468,56670,0.0907726065365515,16,6.311602625064552,56670,0.0907726065365515,12,4.084066458046436,54054,0.0404203718674212,8,2.6982235830510035,51954,0.0,0,0
full_p2_seed17,full,case_017,2,4,1373,02_1001..5000,24,24,0,0,"{""success"": 24}",10.36776537494734,10.484847874962725,0.127622313,9.688877126784064,9.688877126784064,0,5.716554916114546,7.6232399981236085,0,0.4228607090190053,0.2560275391442701,0.11708250001538545,218297,37645,14,trace,0,0,/Users/liyu/Desktop/中文题目/A题研究/advanced_solver/runs/formal_v2/full_p2_seed17/slots/case_017/p2_n4/attempt_0001/summary.json,d739843c8ff6a18f6c0ca82bc894a28096ae02f4dc9b52125749563a80809089,b9594363a8d674b43d97b2f272e7c71783d818d6bfd1e6f70068b5ff6deb7780,38150,0.013414796121662853,20,8.344912167871371,38150,0.013414796121662853,16,6.260004751035012,38150,0.013414796121662853,12,4.067645334056579,37645,0.0,8,2.741780749987811,37645,0.0,0,0
full_p2_seed17,full,case_017,2,5,1373,02_1001..5000,24,13,11,0,"{""success"": 24}",5.233859792002477,5.35376745800022,0.129799358,4.443424459081143,4.388365457765758,0.0550590013153851,2.3017472089268267,3.195531500852667,0,0.5374775411328301,0.2529577917885035,0.1199076659977436,223160,32681,14,trace,0,0,/Users/liyu/Desktop/中文题目/A题研究/advanced_solver/runs/formal_v2/full_p2_seed17/slots/case_017/p2_n5/attempt_0001/summary.json,20469daf6b4f1a6fd7447a4f01fc3c129fc773a8cbfd81e00cf55d4094535f0d,ec656cde1b57963ee92e561d7e25e79aeb15a9e95122a691bb726780d00b747b,35496,0.08613567516293874,20,4.073210584116168,35496,0.08613567516293874,16,4.058316543116234,35496,0.08613567516293874,12,4.044831749866717,32681,0.0,8,2.6557808340294287,32681,0.0,0,0
full_p2_seed17,full,case_018,2,2,2727,02_1001..5000,14,11,3,0,"{""success"": 14}",12.485302624991164,12.616199082927778,0.185979654,11.76663591817487,11.738614294095896,0.028021624078974128,8.91501754091587,10.674212626065128,0,0.46500612481031567,0.25366058200597763,0.13089645793661475,170661,504468,1,component,0,0,/Users/liyu/Desktop/中文题目/A题研究/advanced_solver/runs/formal_v2/full_p2_seed17/slots/case_018/p2_n2/attempt_0001/summary.json,06011672628a113ed957ff5204d997ef1d5d5883fe345ead0f35cf964f2541d7,81f0b5c710e89803d5c56f7155eb74fbd8a8af72f5b189f5071d744553685b00,504468,0.0,10,11.072005544090644,504468,0.0,6,6.639502834994346,504468,0.0,2,1.7629988340195268,504468,0.0,0,0,504468,0.0,0,0
full_p2_seed17,full,case_018,2,3,2727,02_1001..5000,14,14,0,0,"{""success"": 14}",16.684966542059556,16.834025042015128,0.20663083,15.632775414153002,15.632775414153002,0,11.772657581372187,14.208077127230354,0,0.7742371248314157,0.27795400307513773,0.1490584999555722,174426,339838,1,component,0,0,/Users/liyu/Desktop/中文题目/A题研究/advanced_solver/runs/formal_v2/full_p2_seed17/slots/case_018/p2_n3/attempt_0001/summary.json,27b5e47febb65e57d4e91af9d1af92ef3ccc9211e4a09a1bf15a213ff092ff1c,bd64cae146714d40b03300dfe5b934bc6b379c689c5905c3c88f115ae0c22bd8,339838,0.0,10,12.77660966408439,339838,0.0,6,7.4307920400751755,339838,0.0,2,1.743135540978983,339838,0.0,0,0,339838,0.0,0,0
full_p2_seed17,full,case_018,2,4,2727,02_1001..5000,24,24,0,0,"{""success"": 24}",24.429472625022754,24.57459924998693,0.291964101,22.925042750895955,22.925042750895955,0,16.974343788577244,20.630299252225086,0,1.075579582946375,0.4288502911804244,0.1451266249641776,236046,254221,13,trace,0,0,/Users/liyu/Desktop/中文题目/A题研究/advanced_solver/runs/formal_v2/full_p2_seed17/slots/case_018/p2_n4/attempt_0001/summary.json,b7aea7296f7d3de08984c4b485fa78e9546b1eb76d07c7ec149ad716d8bef2cf,4953bf0202e1e895a19491a89836dc89ce41ccd147c02303d1718fac87733145,254758,0.0021123353302834325,20,19.690210750093684,254758,0.0021123353302834325,16,14.70320212515071,254758,0.0021123353302834325,12,9.321553334244527,254221,0.0,8,6.150194791262038,254221,0.0,0,0
full_p2_seed17,full,case_018,2,5,2727,02_1001..5000,24,13,11,0,"{""success"": 24}",11.997384458081797,12.13844466698356,0.290867111,10.20881954219658,10.13478133303579,0.07403820916078985,7.326674207113683,8.89501737500541,0,1.372484916006215,0.41607999987900257,0.14106020890176296,244361,205917,1,component,0,0,/Users/liyu/Desktop/中文题目/A题研究/advanced_solver/runs/formal_v2/full_p2_seed17/slots/case_018/p2_n5/attempt_0001/summary.json,9de37650ddfe5deadfa1ac7a0a061c7032a3c50f6d8e561e7ef55cd78e168141,f70c2443ded3de1680191b2fa5e67921b2dc266dda51315fb3d41a12b16d5443,205917,0.0,20,9.518186418223195,205917,0.0,16,9.496134418062866,205917,0.0,12,9.47595320804976,205917,0.0,8,6.226982625084929,205917,0.0,0,0
full_p2_seed17,full,case_019,2,2,647,01_<=1000,24,21,3,0,"{""success"": 24}",6.388817208004184,6.515886583016254,0.086286253,6.015554333804175,5.978713542688638,0.036840791115537286,2.617283543222584,4.04822445823811,0,0.14813479187432677,0.22512808232568204,0.12706937501206994,189251,32238,18,trace,0,0,/Users/liyu/Desktop/中文题目/A题研究/advanced_solver/runs/formal_v2/full_p2_seed17/slots/case_019/p2_n2/attempt_0001/summary.json,f38489f6659df6b5a6942cda520f0007095d989108150086c67f879ae9dc340e,f644381a642265891bd459534c74baa81e96e21b3afe5032747814cd1137b0e0,41102,0.2749550220236987,20,5.740930208703503,34178,0.06017743036168488,16,4.685628708801232,34178,0.06017743036168488,12,3.53058975096792,33884,0.05105775792542966,8,2.364985750988126,32238,0.0,0,0
full_p2_seed17,full,case_019,2,3,647,01_<=1000,24,24,0,0,"{""success"": 24}",7.156198375043459,7.289637667010538,0.084544967,6.717064127093181,6.717064127093181,0,2.8714013339485973,4.509548874688335,0,0.20557308301795274,0.23356116493232548,0.13343929196707904,196257,24938,18,trace,0,0,/Users/liyu/Desktop/中文题目/A题研究/advanced_solver/runs/formal_v2/full_p2_seed17/slots/case_019/p2_n3/attempt_0001/summary.json,3e3349af82ec9e175b609105486f5473145d15ed8a977be9234f8b7b03b93fd4,cf01024f5f1b1176a94c262ae7374e3a3471e7803b227c97dc8c5ea7435bf24c,28986,0.16232255994867262,20,5.746958877076395,26368,0.05734220867752016,16,4.695681500830688,26368,0.05734220867752016,12,3.528944417834282,26368,0.05734220867752016,8,2.3558201249688864,24938,0.0,0,0
full_p2_seed17,full,case_019,2,4,647,01_<=1000,24,24,0,0,"{""success"": 24}",6.6082649580203,6.751603625016287,0.071335334,6.154916791943833,6.154916791943833,0,2.3823554147966206,3.871134961838834,0,0.21620683290529996,0.23714133317116648,0.1433386669959873,196945,22443,14,trace,0,0,/Users/liyu/Desktop/中文题目/A题研究/advanced_solver/runs/formal_v2/full_p2_seed17/slots/case_019/p2_n4/attempt_0001/summary.json,97d336980f019389fde7f2d60757f9bac66d7228b206a657cc5f32a316a708b9,a31070f5e8731c4e3406543fb3b440cab9dfe0a4fb65c50996e8b98390da7589,24099,0.07378692688143307,20,5.224917832994834,24099,0.07378692688143307,16,4.15389245795086,24099,0.07378692688143307,12,2.8788085830165073,22443,0.0,8,1.9275271240621805,22443,0.0,0,0
full_p2_seed17,full,case_019,2,5,647,01_<=1000,24,14,10,0,"{""success"": 24}",4.556244209059514,4.6961698330705985,0.090311942,4.0390982498647645,3.9896230010781437,0.049475248786620796,1.7472126230131835,2.716892875963822,0,0.27685212495271116,0.24029383424203843,0.13992562401108444,204406,17853,18,trace,0,0,/Users/liyu/Desktop/中文题目/A题研究/advanced_solver/runs/formal_v2/full_p2_seed17/slots/case_019/p2_n5/attempt_0001/summary.json,67bf9aa5c26864c9549a06fb1cbda15afa2aa61774b1048670fb89c377c1b3a6,d5e6ae16899981dd6c2b33b69d0b07de4012b4386dccaac36c1a02b3df7096e3,24169,0.35377807651375126,20,3.5498225828632712,18233,0.021284938105640583,16,3.5337549169780686,18233,0.021284938105640583,12,3.5206030420958996,18233,0.021284938105640583,8,2.3489439180120826,17853,0.0,0,0
full_p2_seed17,full,case_020,2,2,7008,03_5001..10000,14,11,3,0,"{""success"": 14}",41.86402104096487,42.03305600001477,0.448668136,40.3865626238985,40.349822040763684,0.0367405831348151,35.470867166877724,39.28414570807945,0,0.9617143329232931,0.5157440841430798,0.1690349590498954,262831,266580,1,component,0,0,/Users/liyu/Desktop/中文题目/A题研究/advanced_solver/runs/formal_v2/full_p2_seed17/slots/case_020/p2_n2/attempt_0001/summary.json,766691520bdef1a3688edd330a4b2aab95239f5aa5ed437a5e307cf90b82fe22,ae957fae860a6ef82ac4c6e2467d041a7256ed3359a7f81cdcd4f6e19a5e900b,266580,0.0,10,38.59890720783733,266580,0.0,6,23.54380183282774,266580,0.0,2,6.32711416692473,266580,0.0,0,0,266580,0.0,0,0
full_p2_seed17,full,case_020,2,3,7008,03_5001..10000,14,14,0,0,"{""success"": 14}",44.81506533303764,44.97446316701826,0.460910945,43.013960123993456,43.013960123993456,0,36.79978891578503,41.53695728920866,0,1.2677338750800118,0.533371333964169,0.1593978339806199,266266,177950,1,component,0,0,/Users/liyu/Desktop/中文题目/A题研究/advanced_solver/runs/formal_v2/full_p2_seed17/slots/case_020/p2_n3/attempt_0001/summary.json,bba057e06baf6476197e310a37df25e369c78aa925e66a46205d6b5875ca281f,730860dff757fde043b8dcd92f219e4d3c29502c61cda085c57bb8f7094b9e7b,177950,0.0,10,36.57742487406358,177950,0.0,6,22.750951083027758,177950,0.0,2,5.443288707989268,177950,0.0,0,0,177950,0.0,0,0
full_p2_seed17,full,case_020,2,4,7008,03_5001..10000,14,14,0,0,"{""success"": 14}",42.86572779202834,43.027647709008306,0.522985849,40.85881999996491,40.85881999996491,0,34.48515820794273,39.405253333156,0,1.4488511671079323,0.5580566249554977,0.16191991697996855,270428,133704,1,component,0,0,/Users/liyu/Desktop/中文题目/A题研究/advanced_solver/runs/formal_v2/full_p2_seed17/slots/case_020/p2_n4/attempt_0001/summary.json,479da04d64015e4abda8de5970089c3778c446a4f9c407dae1e3fb0ab6072ee5,96c0b17a58808aebfc8543d7f138b9f97ac5f3625c48fa0f56faf840e0f734df,133704,0.0,10,35.2815615410218,133704,0.0,6,22.65549141599331,133704,0.0,2,5.24729562504217,133704,0.0,0,0,133704,0.0,0,0
full_p2_seed17,full,case_020,2,5,7008,03_5001..10000,14,4,10,0,"{""success"": 14}",11.311483624973334,11.493699708022177,0.572919573,8.743308164994232,8.63069783418905,0.11261033080518246,7.134976084111258,8.208771580946632,0,1.9764620409114286,0.5917134190676734,0.18221608304884285,272566,107187,3,component,0,0,/Users/liyu/Desktop/中文题目/A题研究/advanced_solver/runs/formal_v2/full_p2_seed17/slots/case_020/p2_n5/attempt_0001/summary.json,3cab70048c02e6a477474a7ff03d431018049f3e016d8a4c9f27f83bac910d7f,1ea26cc80d1660119587ad672e0ade29bd3cd310bc23361fcc32f80cc6445277,107187,0.0,10,5.700338665046729,107187,0.0,6,5.659778667148203,107187,0.0,2,5.622413084143773,107187,0.0,0,0,107187,0.0,0,0
full_p2_seed17,full,case_021,2,2,3920,02_1001..5000,12,9,3,0,"{""success"": 12}",26.318913125083782,26.473020250094123,0.299379637,25.223784956149757,25.17937174916733,0.044413206982426345,21.4618728319183,24.199745165533386,0,0.7494559589540586,0.3456722099799663,0.1541071250103414,179092,3194570,1,component,0,0,/Users/liyu/Desktop/中文题目/A题研究/advanced_solver/runs/formal_v2/full_p2_seed17/slots/case_021/p2_n2/attempt_0001/summary.json,48b1f6475647294216d2b7253d09acb34d05d405f34b0de328dd8a318d7af54d,a0507d8af84a4f4350d806d4901bcf32439f5ffa717c86f2995f1bd9f38f1fec,3194570,0.0,8,23.891193249146454,3194570,0.0,4,11.18953054305166,3194570,0.0,0,0,3194570,0.0,0,0,3194570,0.0,0,0
full_p2_seed17,full,case_021,2,3,3920,02_1001..5000,12,12,0,0,"{""success"": 12}",29.20360875001643,29.364890249911696,0.334702539,27.59856487403158,27.59856487403158,0,22.99853074993007,26.32881858292967,0,1.2234520410420373,0.38159183494281024,0.1612814998952672,187552,2117041,12,trace,1,0,/Users/liyu/Desktop/中文题目/A题研究/advanced_solver/runs/formal_v2/full_p2_seed17/slots/case_021/p2_n3/attempt_0001/summary.json,1c4d5839c33e004b362536bdafeea59aa99482d5230a8c9210444f8d7f99304d,9421a347369748d16cd2159e3623565f8f6967c8cce7f37caefefc9948606092,2133664,0.007851997197975802,8,21.581515458063222,2133664,0.007851997197975802,4,10.533015833119862,2117041,0.0,0,0,2117041,0.0,0,0,2117041,0.0,0,0
full_p2_seed17,full,case_021,2,4,3920,02_1001..5000,13,13,0,0,"{""success"": 13}",27.55670350010041,27.714855499914847,0.307957872,25.669341667671688,25.669341667671688,0,20.886104833101854,24.223039584234357,0,1.4501609581056982,0.43720087432302535,0.15815199981443584,190933,1550324,1,component,0,0,/Users/liyu/Desktop/中文题目/A题研究/advanced_solver/runs/formal_v2/full_p2_seed17/slots/case_021/p2_n4/attempt_0001/summary.json,3c52a118d8e4de7390424e2b077086781a187731894665aee1f29076f4f8dad3,1e9880956559e4d43c0547697b98ad10ded0025d5306063bee5d4915f930b5f3,1550324,0.0,9,20.304154666722752,1550324,0.0,5,11.988910582964309,1550324,0.0,1,1.0960377079900354,1550324,0.0,0,0,1550324,0.0,0,0
full_p2_seed17,full,case_021,2,5,3920,02_1001..5000,12,4,8,0,"{""success"": 12}",8.75413470796775,8.907974625006318,0.321166183,6.527845831937157,6.374874122906476,0.15297170903068036,5.163822168018669,5.975476416992024,0,1.8101248759776354,0.4161640000529587,0.15383991703856736,187645,1250168,1,component,0,0,/Users/liyu/Desktop/中文题目/A题研究/advanced_solver/runs/formal_v2/full_p2_seed17/slots/case_021/p2_n5/attempt_0001/summary.json,a1b5244b4da5955a2d7330e1e692ffee272681876da44113e3864c13f7329b56,b241bfbf1bfb3e4dcabb06bfe92b17cd91d02e08d2fd6d8597f1b022e9e79e95,1250168,0.0,8,4.1343348330119625,1250168,0.0,4,4.0267937070457265,1250168,0.0,0,0,1250168,0.0,0,0,1250168,0.0,0,0
full_p2_seed17,full,case_022,2,2,1356,02_1001..5000,24,22,2,0,"{""success"": 24}",10.086870083934627,10.237461291020736,0.128522174,9.508652334450744,9.47111333347857,0.03753900097217411,5.536702915444039,7.483168993843719,0,0.27917783393058926,0.2990399155532941,0.15059120708610862,197343,28221,3,component,0,0,/Users/liyu/Desktop/中文题目/A题研究/advanced_solver/runs/formal_v2/full_p2_seed17/slots/case_022/p2_n2/attempt_0001/summary.json,78d803e93e32a12bddab9482e837a8c8aafdedc9f5d383970ddb25a0b6af813a,6b1e5f77ba62b28274cd1df27596933f59352f38c5224b664b853bb6a815c69b,28221,0.0,20,8.715745250345208,28221,0.0,16,6.536631500348449,28221,0.0,12,4.231840083259158,28221,0.0,8,2.8358491230756044,28221,0.0,0,0
full_p2_seed17,full,case_022,2,3,1356,02_1001..5000,24,24,0,0,"{""success"": 24}",10.935251916991547,11.082049167016521,0.133560213,10.252249162993394,10.252249162993394,0,6.027177918236703,8.15009929286316,0,0.38034033379517496,0.30266242020297796,0.14679725002497435,210252,18709,14,trace,0,0,/Users/liyu/Desktop/中文题目/A题研究/advanced_solver/runs/formal_v2/full_p2_seed17/slots/case_022/p2_n3/attempt_0001/summary.json,5a1c21f694a2e1f2648692ba7c260b0c4491c085279806cc67962e199ac4e0ab,acc448a24f9c1214e78366059c5b730e0c37101b771ab8d9405102514e2b1ce1,19016,0.016409214816398565,20,8.839705788181163,19016,0.016409214816398565,16,6.675539913936518,19016,0.016409214816398565,12,4.1993422890082,18709,0.0,8,2.793117832043208,18709,0.0,0,0
full_p2_seed17,full,case_022,2,4,1356,02_1001..5000,24,24,0,0,"{""success"": 24}",11.740964667056687,11.881786584039219,0.140670353,10.947744248667732,10.947744248667732,0,6.38894208392594,8.625705042970367,0,0.47287087491713464,0.32034954347182065,0.14082191698253155,214344,14529,14,trace,0,0,/Users/liyu/Desktop/中文题目/A题研究/advanced_solver/runs/formal_v2/full_p2_seed17/slots/case_022/p2_n4/attempt_0001/summary.json,c1adf02daabe55c0ba74a23c51026b6119f99a7b13bbac2bd24a05d93bc1b5f5,bea8d0d95c03f66b089be890612129e9034170a54b2cadc0de298550a5d7f0aa,14654,0.008603482689792719,20,9.554662289796397,14654,0.008603482689792719,16,7.0378393329447135,14654,0.008603482689792719,12,4.129327999078669,14529,0.0,8,2.734618166112341,14529,0.0,0,0
full_p2_seed17,full,case_022,2,5,1356,02_1001..5000,24,14,10,0,"{""success"": 24}",5.81760208401829,5.9579771250719205,0.145982019,4.944709293078631,4.876912626088597,0.06779666699003428,2.5312028764747083,3.5614168338943273,0,0.5811344170942903,0.2917583738453686,0.1403750410536304,211978,11633,16,trace,0,0,/Users/liyu/Desktop/中文题目/A题研究/advanced_solver/runs/formal_v2/full_p2_seed17/slots/case_022/p2_n5/attempt_0001/summary.json,7e098c53aea6f45004ad863839680df082bceb2872ee8e729149e2e6a5877960,fadfec762ffe9f49f28edd39e3f49e1d138889f771890be13e6d06b9a482b066,11713,0.0068769878793089045,20,4.221458501066081,11713,0.0068769878793089045,16,4.202184501104057,11713,0.0068769878793089045,12,4.1823372091166675,11633,0.0,8,2.7806951239472255,11633,0.0,0,0
full_p2_seed17,full,case_023,2,2,1011,02_1001..5000,24,22,2,0,"{""success"": 24}",7.936997459037229,8.082493083900772,0.105255949,7.457497999770567,7.427925249794498,0.029572749976068735,3.8696221240097657,5.522017751005478,0,0.20953558385372162,0.269963875412941,0.14549562486354262,198502,49489,14,trace,0,0,/Users/liyu/Desktop/中文题目/A题研究/advanced_solver/runs/formal_v2/full_p2_seed17/slots/case_023/p2_n2/attempt_0001/summary.json,775e52f04b2ce66d354eb71d30fa168e0f609d97e1e228fdc2ac15c1b22ba671,6dd8acd47e6cbfb503955571f9d53e73c1f6b099d8a49befd0620d10748ce217,61829,0.24934834003515927,20,6.828461249708198,61829,0.24934834003515927,16,5.277683706721291,61829,0.24934834003515927,12,3.5993105397792533,49489,0.0,8,2.356439415831119,49489,0.0,0,0
full_p2_seed17,full,case_023,2,3,1011,02_1001..5000,24,24,0,0,"{""success"": 24}",9.120780917000957,9.265312333009206,0.104993156,8.533804374048486,8.533804374048486,0,4.533196497010067,6.438744210754521,0,0.30263974994886667,0.2843367930036038,0.14453141600824893,203856,33592,14,trace,0,0,/Users/liyu/Desktop/中文题目/A题研究/advanced_solver/runs/formal_v2/full_p2_seed17/slots/case_023/p2_n3/attempt_0001/summary.json,5547fc8c1b746e3eacf15a650e627d8d671e65cbf49ef1215e8462af8d78c77b,419cb70285e2e65c5c13dca013b724d3a84ceb5caa8128b2c0607a7804948ca5,40689,0.21127054060490602,20,7.336182332015596,40689,0.21127054060490602,16,5.742083708173595,40689,0.21127054060490602,12,3.7923467081272975,33592,0.0,8,2.497139625134878,33592,0.0,0,0
full_p2_seed17,full,case_023,2,4,1011,02_1001..5000,24,24,0,0,"{""success"": 24}",9.280985167017207,9.42832687497139,0.105149199,8.598424958181567,8.598424958181567,0,4.545393459964544,6.428292412660085,0,0.38797541591338813,0.2945847929222509,0.14734170795418322,209210,25247,14,trace,0,0,/Users/liyu/Desktop/中文题目/A题研究/advanced_solver/runs/formal_v2/full_p2_seed17/slots/case_023/p2_n4/attempt_0001/summary.json,ce13ab81e439785e2936413b91ba6e8db732c0f25043a8c87c130d568f9f67ab,5d314e4bcd2986a9ce9cb1591640d93c19f8e90a0841a700b2cf136db87a09c0,30629,0.2131738424367251,20,7.35828345909249,30629,0.2131738424367251,16,5.515327000059187,30629,0.2131738424367251,12,3.6331322501646355,25247,0.0,8,2.4434700401034206,25247,0.0,0,0
full_p2_seed17,full,case_023,2,5,1011,02_1001..5000,24,14,10,0,"{""success"": 24}",5.249937125016004,5.3854264579713345,0.115527531,4.4393780819373205,4.356609581853263,0.08276850008405745,2.027129329741001,2.9942293761996552,0,0.5189669590909034,0.2915920839877799,0.1354893329553306,213372,20245,14,trace,0,0,/Users/liyu/Desktop/中文题目/A题研究/advanced_solver/runs/formal_v2/full_p2_seed17/slots/case_023/p2_n5/attempt_0001/summary.json,a937f6860c2bd5a9bf161d0822570c5821e2cf58f58444679c9954b259760a86,02e0d242c09057761e4ffefbb89eb700978baedefa0a8d92d74135d3c6cdde3d,24058,0.18834280069152887,20,3.812984623829834,24058,0.18834280069152887,16,3.784341957885772,24058,0.18834280069152887,12,3.764872873784043,20245,0.0,8,2.3461197071010247,20245,0.0,0,0
full_p2_seed17,full,case_024,2,2,5959,03_5001..10000,21,20,1,0,"{""success"": 21}",45.568389374995604,45.73885604192037,0.520539745,43.87033746170346,43.84830512769986,0.022032334003597498,36.649421375012025,41.92888416699134,0,0.9917900830041617,0.7062618302879855,0.1704666669247672,307564,1335245,10,trace,1,0,/Users/liyu/Desktop/中文题目/A题研究/advanced_solver/runs/formal_v2/full_p2_seed17/slots/case_024/p2_n2/attempt_0001/summary.json,b113a1bc821092c235ba91e1005e4d2078b64499cdeb350addb07bc2b1cbe42f,9982312d15add8567b71e829baf95a40868728c3ab7255d94c41ef6be9945905,1335258,9.736040951224822e-06,17,35.98759116965812,1335258,9.736040951224822e-06,13,25.878123667673208,1335245,0.0,9,17.141868583741598,1335245,0.0,5,9.491478958865628,1335245,0.0,0,0
full_p2_seed17,full,case_024,2,3,5959,03_5001..10000,20,20,0,0,"{""success"": 20}",43.74816308298614,43.92277229204774,0.665765009,42.04868349933531,42.04868349933531,0,34.49574295722414,40.02763845794834,0,1.0273781249998137,0.6721014586510137,0.17460920906160027,298859,954489,3,operation,1,0,/Users/liyu/Desktop/中文题目/A题研究/advanced_solver/runs/formal_v2/full_p2_seed17/slots/case_024/p2_n3/attempt_0001/summary.json,9212eb14bfe3efcb4b7940d8861f96c7486f053e213095414ea4917e4d5712eb,17172edc887ffb0b3f849850c4a33773baa8aa52895e628fbe34eee319594754,954489,0.0,16,33.150990415364504,954489,0.0,12,23.936336708138697,954489,0.0,8,16.012734832940623,954489,0.0,4,8.068347542081028,954489,0.0,0,0
full_p2_seed17,full,case_024,2,4,5959,03_5001..10000,20,20,0,0,"{""success"": 20}",41.942841749987565,42.15968266699929,0.547839292,40.08068879228085,40.08068879228085,0,32.39796029066201,37.98472608299926,0,1.1453272920334712,0.716825665673241,0.21684091701172292,303531,744106,3,operation,1,0,/Users/liyu/Desktop/中文题目/A题研究/advanced_solver/runs/formal_v2/full_p2_seed17/slots/case_024/p2_n4/attempt_0001/summary.json,aa1ba2464c6cf091630492cdf539b9f70757aa00c95b8adcebf91d63b2944e9a,8e5c9c20818b7052d82004e6d7560bc381f85610a171fde56125ae31917036ca,744106,0.0,16,31.783303875359707,744106,0.0,12,23.47895150037948,744106,0.0,8,14.934527916251682,744106,0.0,4,7.409832666045986,744106,0.0,0,0
full_p2_seed17,full,case_024,2,5,5959,03_5001..10000,21,12,9,0,"{""success"": 21}",27.572739124996588,27.744366583996452,0.684988242,25.44008537393529,25.35275687498506,0.0873284989502281,20.251375082647428,24.151527917128988,0,1.3460371249821037,0.7866166260791942,0.17162745899986476,358253,659808,21,trace,0,0,/Users/liyu/Desktop/中文题目/A题研究/advanced_solver/runs/formal_v2/full_p2_seed17/slots/case_024/p2_n5/attempt_0001/summary.json,7baf10af617ad39eb8576efc7aa6013a831b5a774df88e87969c33f12dea0ed8,8667278ef5e6f2f17422c92154cf92569fafdaca92fa6cc7c432cbc638692d63,747674,0.13316904311557298,17,25.39089841605164,659810,3.031184829582756e-06,13,25.360059541999362,659810,3.031184829582756e-06,9,19.097542916075327,659810,3.031184829582756e-06,5,10.77006212505512,659808,0.0,0,0
full_p2_seed17,full,case_025,2,2,18662,04_>10000,13,10,3,0,"{""success"": 13}",196.24940591701306,196.47882041707635,1.119084268,191.37910649983678,191.2981824579183,0.0809240419184789,180.6877795001492,190.03547087404877,0,3.465095915948041,1.4052035012282431,0.22941450006328523,663765,2431840,1,component,1,0,/Users/liyu/Desktop/中文题目/A题研究/advanced_solver/runs/formal_v2/full_p2_seed17/slots/case_025/p2_n2/attempt_0001/summary.json,27540936e229eb252b443669c4870394dc985201757853cc66f699a2fe422405,40682fae766e284700f7ee0365bdf4719d1abf0deabbe1d2fbe57e0cc1ab195f,2431840,0.0,9,181.33733716688585,2431840,0.0,5,105.39415720792022,2431840,0.0,1,10.461262541939504,2431840,0.0,0,0,2431840,0.0,0,0
full_p2_seed17,full,case_025,2,3,18662,04_>10000,14,14,0,0,"{""success"": 14}",219.92931187490467,220.15740312507842,1.439584822,214.07420979009476,214.07420979009476,0,198.93500154127833,212.2698926263256,0,4.3458667498780414,1.5092353349318728,0.22809125017374754,673863,1622164,1,component,0,0,/Users/liyu/Desktop/中文题目/A题研究/advanced_solver/runs/formal_v2/full_p2_seed17/slots/case_025/p2_n3/attempt_0001/summary.json,e1da1f3952c951626b12285903ae1f35214c855b13ea60baad710a1257b7e426,f251209114900f51b0a29bf03fc46b62bb6a0b8c45144ba5a718a36f9604e5a5,1622164,0.0,10,174.52027583203744,1622164,0.0,6,110.64031745900866,1622164,0.0,2,29.601720000966452,1622164,0.0,0,0,1622164,0.0,0,0
full_p2_seed17,full,case_025,2,4,18662,04_>10000,14,14,0,0,"{""success"": 14}",221.58649074996356,221.84178254101425,1.565630935,213.87914841575548,213.87914841575548,0,198.0104138329625,211.79897012317088,0,6.006677083089016,1.7006652511190623,0.2552917910506949,677464,1217444,1,component,0,0,/Users/liyu/Desktop/中文题目/A题研究/advanced_solver/runs/formal_v2/full_p2_seed17/slots/case_025/p2_n4/attempt_0001/summary.json,f4184102a34cd2a9bcb0ee48676404458b4701337d3972bc0b69e5372609c5ee,4564e4df28813e4aaddf977644c3c247eb328fbeccb669bfb9f2dec85b4a3f80,1217444,0.0,10,175.3636929987697,1217444,0.0,6,110.73920166690368,1217444,0.0,2,31.042743957950734,1217444,0.0,0,0,1217444,0.0,0,0
full_p2_seed17,full,case_025,2,5,18662,04_>10000,24,13,11,0,"{""success"": 24}",131.52191383298486,131.79667783295736,1.915318425,121.55091733287554,121.33663449902087,0.21428283385466784,110.99580270797014,119.63816979178227,0,7.73648270778358,2.2345137923257425,0.27476399997249246,706061,974747,19,trace,0,0,/Users/liyu/Desktop/中文题目/A题研究/advanced_solver/runs/formal_v2/full_p2_seed17/slots/case_025/p2_n5/attempt_0001/summary.json,e048c426fa4b4a79a31fb8996041c5b018a3024c5c9c45ae179b8fbfc1b254f0,be47f416920f8b0054b2101d1f69ef00f68a4c66e6393e2d315a7dc7b0b3fd30,975282,0.0005488603709475903,20,113.54426258290187,975282,0.0005488603709475903,16,113.47472141496837,975282,0.0005488603709475903,12,113.40261866501532,975106,0.00036830069751436767,8,67.47555183211807,974747,0.0,0,0
full_p2_seed17,full,case_026,2,2,636,01_<=1000,24,22,2,0,"{""success"": 24}",6.3996872920542955,6.535414792015217,0.072049232,6.028067713254131,5.996898504206911,0.031169209047220647,2.365249832859263,3.818441125913523,0,0.13091845903545618,0.24070111976470798,0.1357274999609217,182067,57387,17,trace,0,0,/Users/liyu/Desktop/中文题目/A题研究/advanced_solver/runs/formal_v2/full_p2_seed17/slots/case_026/p2_n2/attempt_0001/summary.json,fd6be55ef59fbe92ab7c7fea74f331e601e7fc9fd4f39ebd06e3680ec6ea280b,4988d091264b31a5e343c4c07e2cd2cf7e5cdfeca94eef52c0a47a79a349f7fa,58112,0.012633523271821101,20,5.5103397542843595,58112,0.012633523271821101,16,4.252305586240254,58112,0.012633523271821101,12,2.88792679423932,57522,0.0023524491609598908,8,1.9322611682582647,57387,0.0,0,0
full_p2_seed17,full,case_026,2,3,636,01_<=1000,24,24,0,0,"{""success"": 24}",6.927858749986626,7.0652181670302525,0.079392872,6.487586709903553,6.487586709903553,0,2.608009373769164,4.188855458167382,0,0.18590604199562222,0.25436599808745086,0.1373594170436263,188391,41655,1,component,0,0,/Users/liyu/Desktop/中文题目/A题研究/advanced_solver/runs/formal_v2/full_p2_seed17/slots/case_026/p2_n3/attempt_0001/summary.json,8f78ee129a77dee409c8c3addd3590cbf63629ef504e1acf245e561f00dfe8f6,bb4513fd06143ea30a7ce451537aaa0b251c8bca469486530a5b1812ba6dd8d3,41655,0.0,20,5.504383292864077,41655,0.0,16,4.337272584903985,41655,0.0,12,2.9232620858820155,41655,0.0,8,1.9551199189154431,41655,0.0,0,0
full_p2_seed17,full,case_026,2,4,636,01_<=1000,24,24,0,0,"{""success"": 24}",7.041577500058338,7.18885895900894,0.086072258,6.543231501011178,6.543231501011178,0,2.636245501344092,4.204004836035892,0,0.24886100110597908,0.24948499794118106,0.14728145895060152,193288,42226,1,component,0,0,/Users/liyu/Desktop/中文题目/A题研究/advanced_solver/runs/formal_v2/full_p2_seed17/slots/case_026/p2_n4/attempt_0001/summary.json,d94e785a4cfc3e749a1263f45368b0a1990ef6a4d68e69f0423affa9f3d96fde,a747558be6e4933488d414e179fc3685f21ce2a8e0f5b25e830c7653d1fcb4f6,42226,0.0,20,5.5573163769440725,42226,0.0,16,4.325891459942795,42226,0.0,12,2.923966877046041,42226,0.0,8,1.9417989600915462,42226,0.0,0,0
full_p2_seed17,full,case_026,2,5,636,01_<=1000,24,14,10,0,"{""success"": 24}",4.539166791946627,4.687579958001152,0.0978266,3.9723859139485285,3.9111822068225592,0.06120370712596923,1.6145978749264032,2.549084209022112,0,0.3208423738833517,0.24593850411474705,0.14841316605452448,205089,29992,18,trace,0,0,/Users/liyu/Desktop/中文题目/A题研究/advanced_solver/runs/formal_v2/full_p2_seed17/slots/case_026/p2_n5/attempt_0001/summary.json,d15f021f1e524b9a9ae2857969aae740ab1a1be72829acc882bf94f5a1d31037,7a566286f0a04f0a95a5d9948f5f0fbc21e0feebecc72f5135cf1d79e62d8a18,43074,0.43618298212856765,20,3.4554223319282755,40788,0.3599626567084555,16,3.437522165826522,40788,0.3599626567084555,12,3.419833165826276,35875,0.19615230728194177,8,2.2393654579063877,29992,0.0,0,0
full_p2_seed17,full,case_027,2,2,1424,02_1001..5000,11,8,3,0,"{""success"": 11}",5.068916624994017,5.208282166044228,0.07654335,4.605631249258295,4.575458666193299,0.030172583064995706,2.958413999993354,3.8046202078694478,0,0.2909477080684155,0.17233766766730696,0.1393655410502106,120870,1120962,1,component,0,0,/Users/liyu/Desktop/中文题目/A题研究/advanced_solver/runs/formal_v2/full_p2_seed17/slots/case_027/p2_n2/attempt_0001/summary.json,a03debd9f9527d72ea0bbd938fcf05ac13c281bcf581ee4bef71236374812928,9f4c5b814a28db18fe88b3eb8a7129e4acd068a8975d9629c8d74440b81b6522,1120962,0.0,7,4.118886957177892,1120962,0.0,3,1.6453162911348045,1120962,0.0,0,0,1120962,0.0,0,0,1120962,0.0,0,0
full_p2_seed17,full,case_027,2,3,1424,02_1001..5000,21,21,0,0,"{""success"": 21}",13.715284832986072,13.855775041971356,0.176029046,12.84293091809377,12.84293091809377,0,8.374249335378408,10.832195455092005,0,0.5819259581621736,0.29042795673012733,0.14049020898528397,201720,763106,6,operation,0,0,/Users/liyu/Desktop/中文题目/A题研究/advanced_solver/runs/formal_v2/full_p2_seed17/slots/case_027/p2_n3/attempt_0001/summary.json,70a3786e5c972710b1ef30bf0ec6e00aeca3d761994c8c27645043338e3e7f05,110988d469a8ed2197d42fdc6ed70b20b5f9eb8f39513abddaff1b953ac6ac77,837049,0.0968974166105363,17,11.00076050113421,763106,0.0,13,8.181913501000963,763106,0.0,9,5.716384416911751,763106,0.0,5,3.0710780839435756,763106,0.0,0,0
full_p2_seed17,full,case_027,2,4,1424,02_1001..5000,11,11,0,0,"{""success"": 11}",6.9227956250542775,7.058229999965988,0.083534905,6.011703792028129,6.011703792028129,0,3.850565876113251,4.991349333082326,0,0.7387520830379799,0.17233974998816848,0.13543437491171062,125546,559196,1,component,0,0,/Users/liyu/Desktop/中文题目/A题研究/advanced_solver/runs/formal_v2/full_p2_seed17/slots/case_027/p2_n4/attempt_0001/summary.json,abc3b5de8551c3e5bcacf0ece45b70a2418e8018cb3df0f8bb4079fa6b92d720,a714b8a36b531f98c390807dbc5cd0f9b0709a37fa1bb15616ffa254a6e1f45b,559196,0.0,7,4.217597708920948,559196,0.0,3,1.470568040967919,559196,0.0,0,0,559196,0.0,0,0,559196,0.0,0,0
full_p2_seed17,full,case_027,2,5,1424,02_1001..5000,22,14,8,0,"{""success"": 22}",11.059577292064205,11.206491625052877,0.219964641,9.610316874226555,9.547466457006522,0.0628504172200337,6.475763584021479,8.305104582337663,0,1.1092926658457145,0.3399677519919351,0.14691433298867196,221981,449673,12,trace,0,0,/Users/liyu/Desktop/中文题目/A题研究/advanced_solver/runs/formal_v2/full_p2_seed17/slots/case_027/p2_n5/attempt_0001/summary.json,71a56470eca48ca5764a805fda4f2ef665f07031ca5df7b03bb789fc901d253b,74423a9c8579855cda67132e4d9eea1f09249e268df5d691f52ad5307e5f446e,558753,0.24257627209105292,18,8.67713874927722,469765,0.044681357341890715,14,8.652989207068458,449673,0.0,10,7.1994544580811635,449673,0.0,6,4.335575667093508,449673,0.0,0,0
full_p2_seed17,full,case_028,2,2,19584,04_>10000,24,21,3,0,"{""success"": 24}",404.86144237499684,405.15925087500364,2.625784704,398.59222421015147,398.5232503762236,0.0689738339278847,373.7119975021342,395.8025862086797,0,3.845833415980451,2.423384748864919,0.29780850000679493,768394,20346364,18,trace,0,0,/Users/liyu/Desktop/中文题目/A题研究/advanced_solver/runs/formal_v2/full_p2_seed17/slots/case_028/p2_n2/attempt_0001/summary.json,1dc3ece01bd7c539acaa2a87ab99ead5ef178f8ca950abb45bd175e013f7fae1,2a8d34d9c63efa2a5e4af07bfdfed9d343db3a08e5c0524e6c7b49ce4c271baa,23638628,0.16181092602098346,20,385.6076024181675,20970390,0.030670148238771233,16,308.7966544601368,20852547,0.024878302580254585,12,232.81791812716983,20851482,0.024825959075537973,8,157.3922157100169,20346364,0.0,0,0
full_p2_seed17,full,case_028,2,3,19584,04_>10000,24,24,0,0,"{""success"": 24}",358.85477291606367,359.14885600004345,1.980636478,350.5753705841489,350.5753705841489,0,327.01699870836455,347.419407249894,0,5.498410625034012,2.780991706880741,0.29408308397978544,748266,13888009,15,trace,0,0,/Users/liyu/Desktop/中文题目/A题研究/advanced_solver/runs/formal_v2/full_p2_seed17/slots/case_028/p2_n3/attempt_0001/summary.json,ce77a37e9c2476fdd1fe074998272630f4e0ea2947afdd46f7d1147aa0e64433,63d7f312ddddc6a6c5ffde33f15a2e4fb3f26297f2310f42c1d032f291fa4b98,16770711,0.20756769382853935,20,294.94341595913284,13945806,0.0041616476487018605,16,237.0325926252408,13923630,0.0025648744899287035,12,166.1976442502346,13888009,0.0,8,109.48233758308925,13888009,0.0,0,0
full_p2_seed17,full,case_028,2,4,19584,04_>10000,24,24,0,0,"{""success"": 24}",448.0174566669157,448.2715324999299,2.963878725,439.2602752528619,439.2602752528619,0,405.7825851269299,435.8581650805427,0,6.057105959160253,2.700075454893522,0.25407583301421255,902737,10551180,16,trace,0,0,/Users/liyu/Desktop/中文题目/A题研究/advanced_solver/runs/formal_v2/full_p2_seed17/slots/case_028/p2_n4/attempt_0001/summary.json,3497804d741201055e60f400695ebc7a39b876245328f0116e0803e73d0e5aa5,415eae04b74b6f8aaa90bcaef58b7ee5b2a19876dabcb6000f63e08087ca866b,13608312,0.2897431377343578,20,393.9020471679978,10554234,0.00028944629889737783,16,320.6762425849447,10554234,0.00028944629889737783,12,240.73604954290204,10551180,0.0,8,159.41729395883158,10551180,0.0,0,0
full_p2_seed17,full,case_028,2,5,19584,04_>10000,24,13,11,0,"{""success"": 24}",245.98845750000328,246.25737670902163,3.194476143,236.8514828768093,236.67201845988166,0.17946441692765802,216.81416012404952,234.90596254100092,0,6.533815415925346,2.603159207268618,0.26891920901834965,960818,8458242,19,trace,0,0,/Users/liyu/Desktop/中文题目/A题研究/advanced_solver/runs/formal_v2/full_p2_seed17/slots/case_028/p2_n5/attempt_0001/summary.json,1dc45cfff3fcffa6925541079d52a641cf079041f7ea17845cbe2f273a1764e4,da007fc64c578285bd8fd0792e2e94bf78bd4494197842229c13ccd69f711a12,11491035,0.3585606796305898,20,229.256145708845,8458315,8.630635065731695e-06,16,229.1943956258474,8458315,8.630635065731695e-06,12,229.1374865429243,8458243,1.1822787771009757e-07,8,156.52237925119698,8458242,0.0,0,0
full_p2_seed17,full,case_029,2,2,861,01_<=1000,24,21,3,0,"{""success"": 24}",7.653740708017722,7.802413790952414,0.120321859,7.229189084959216,7.194366460083984,0.03482262487523258,3.7155113321496174,5.345129877794534,0,0.15061033295933157,0.2739412900991738,0.1486730829346925,187883,19740,1,component,0,0,/Users/liyu/Desktop/中文题目/A题研究/advanced_solver/runs/formal_v2/full_p2_seed17/slots/case_029/p2_n2/attempt_0001/summary.json,05840af8b15babe65f2b8d0f770a2e6735e1a93484d56708785c007d5ed1e46d,bd07e4e7654a3fb88e49ddd1daa9cb8ef2d314f45b31ef4529efe961c283226f,19740,0.0,20,6.899370793136768,19740,0.0,16,5.3267813340062276,19740,0.0,12,3.70191750198137,19740,0.0,8,2.470089085982181,19740,0.0,0,0
full_p2_seed17,full,case_029,2,3,861,01_<=1000,14,14,0,0,"{""success"": 14}",5.640511832898483,5.791219999897294,0.079503331,5.296354208840057,5.296354208840057,0,2.703444291022606,3.8877211657818407,0,0.16986954188905656,0.17428808216936886,0.15070816699881107,131235,12743,1,component,0,0,/Users/liyu/Desktop/中文题目/A题研究/advanced_solver/runs/formal_v2/full_p2_seed17/slots/case_029/p2_n3/attempt_0001/summary.json,f60907bf4d455cd37f51d0a133c743df0b6d7ad689b523816f57a0d53b7fd9b8,29c7b1dc8142811abda79cefa3829218ba7f80f3ced7b15f86fb63369f8c1d56,12743,0.0,10,4.059353459859267,12743,0.0,6,2.4285064180148765,12743,0.0,2,0.599173168069683,12743,0.0,0,0,12743,0.0,0,0
full_p2_seed17,full,case_029,2,4,861,01_<=1000,24,24,0,0,"{""success"": 24}",9.104687790968455,9.256287583964877,0.103472394,8.606522915884852,8.606522915884852,0,4.259656458278187,6.2004574643215165,0,0.22075158404186368,0.2774132910417393,0.15159979299642146,196351,11028,1,component,0,0,/Users/liyu/Desktop/中文题目/A题研究/advanced_solver/runs/formal_v2/full_p2_seed17/slots/case_029/p2_n4/attempt_0001/summary.json,ff9397f7be8527150f2a4459970b08b8cfd588060d4cbcfcbdf8228274b2d6ff,de6fd62fd61653863ae0ced227bca2ebdd259da50a5aaf4915b65620b0bc2065,11028,0.0,20,7.346368707949296,11028,0.0,16,5.508873458835296,11028,0.0,12,3.532637375756167,11028,0.0,8,2.377647999790497,11028,0.0,0,0
full_p2_seed17,full,case_029,2,5,861,01_<=1000,24,13,11,0,"{""success"": 24}",4.4955430830596015,4.648568791919388,0.102484304,3.9653287085238844,3.897891958709806,0.06743674981407821,1.6900559589266777,2.6660672499565408,0,0.2614827088546008,0.2687316656811163,0.1530257088597864,200352,9383,1,component,0,0,/Users/liyu/Desktop/中文题目/A题研究/advanced_solver/runs/formal_v2/full_p2_seed17/slots/case_029/p2_n5/attempt_0001/summary.json,fbf73f71adb16aa6c45eaadab2391added04eaac9dc96b5b28742fb10f2fe7d7,1a935ef7118a6fb97a9bb97e0cbe03539a9390f82c4efdaab280946bd4972ab0,9383,0.0,20,3.6913454585010186,9383,0.0,16,3.672509291674942,9383,0.0,12,3.6541243337560445,9383,0.0,8,2.4726611678488553,9383,0.0,0,0
full_p2_seed17,full,case_030,2,2,10070,04_>10000,24,22,2,0,"{""success"": 24}",132.7554997500265,132.95535183290485,1.064804011,129.29314041824546,129.25143546028994,0.041704957955516875,116.12013812595978,126.76712504413445,0,2.2632839989382774,1.1990753328427672,0.1998520828783512,389891,1401410,13,trace,0,0,/Users/liyu/Desktop/中文题目/A题研究/advanced_solver/runs/formal_v2/full_p2_seed17/slots/case_030/p2_n2/attempt_0001/summary.json,ab5e9ed95e6d192b081b9b83817f94df968f4a2d7e6efdd3cffa5e13cd737590,5386a7bbe67f67509a37a31220545ce8f3f8fa69afa3f1023443ac03561db229,1402599,0.0008484312228398405,20,120.16056900122203,1402599,0.0008484312228398405,16,87.64632825017907,1402599,0.0008484312228398405,12,49.86462975014001,1401410,0.0,8,29.868215209105983,1401410,0.0,0,0
full_p2_seed17,full,case_030,2,3,10070,04_>10000,24,24,0,0,"{""success"": 24}",130.06778274988756,130.25824404193554,1.125591779,125.92720287560951,125.92720287560951,0,112.04897050315049,123.19822024996392,0,3.029178958036937,1.1114009162411094,0.1904612920479849,402173,933857,1,component,0,0,/Users/liyu/Desktop/中文题目/A题研究/advanced_solver/runs/formal_v2/full_p2_seed17/slots/case_030/p2_n3/attempt_0001/summary.json,80168eb385ef57cff0fb3482e51ca04730eed6867964cb7a8f28d6b946eda971,a614811aa9f40e4b65567a51f1ae327c25bbb4214adc40badc533368cafe60be,933857,0.0,20,111.88198366761208,933857,0.0,16,80.74789529165719,933857,0.0,12,45.03128299873788,933857,0.0,8,26.857393790734932,933857,0.0,0,0
full_p2_seed17,full,case_030,2,4,10070,04_>10000,14,14,0,0,"{""success"": 14}",95.54278791707475,95.89431799994782,0.876972247,90.63493237493094,90.63493237493094,0,80.06686625105795,88.6256952083204,0,4.032653416972607,0.8752021251711994,0.35153008287306875,344538,700342,1,component,0,0,/Users/liyu/Desktop/中文题目/A题研究/advanced_solver/runs/formal_v2/full_p2_seed17/slots/case_030/p2_n4/attempt_0001/summary.json,652e1fcb3f0c7369cfa51248c40ae32b950c23971bbd8538e1fa6859c46e393f,d50dd711ac5f92e88f33c82b0f5b1e4098a5742d6fa0b12c67a760c8987c8783,700342,0.0,10,76.50974374997895,700342,0.0,6,43.487988666049205,700342,0.0,2,9.69330412405543,700342,0.0,0,0,700342,0.0,0,0
full_p2_seed17,full,case_030,2,5,10070,04_>10000,14,4,10,0,"{""success"": 14}",22.767397625022568,22.957961667096242,0.93115863,17.32184466382023,17.172411873820238,0.14943278999999166,15.085708040976897,16.675829999963753,0,4.588351000100374,0.8572019611019641,0.1905640420736745,347910,561102,1,component,0,0,/Users/liyu/Desktop/中文题目/A题研究/advanced_solver/runs/formal_v2/full_p2_seed17/slots/case_030/p2_n5/attempt_0001/summary.json,d1d977e618958049add012458367637d00198e6a84557a1a6526cdc16d93d037,257409110446475de04c7f3eaa04da6e999edf30aa266e917f8b27edd80b0500,561102,0.0,10,10.619240122847259,561102,0.0,6,10.57155637384858,561102,0.0,2,10.518909457838163,561102,0.0,0,0,561102,0.0,0,0
full_p2_seed17,full,case_031,2,2,6135,03_5001..10000,24,22,2,0,"{""success"": 24}",65.41760558309034,65.60965300002135,0.592924104,63.351098165730946,63.31269612477627,0.03840204095467925,54.57176754344255,60.850895460811444,0,1.2620967498514801,0.8044106675079092,0.19204741693101823,300239,728160,4,component,0,0,/Users/liyu/Desktop/中文题目/A题研究/advanced_solver/runs/formal_v2/full_p2_seed17/slots/case_031/p2_n2/attempt_0001/summary.json,9e3ab68aadd9d9f79f01345e32ad18ab9735e1f9e65e2f62c5537a4ab7215008,cacf525457b9ed63d00b8d6803026561c12c82890692a6f8723e6e06ccf8dd49,728160,0.0,20,59.0430742908502,728160,0.0,16,44.46644345787354,728160,0.0,12,28.03827812487725,728160,0.0,8,17.948862582910806,728160,0.0,0,0
full_p2_seed17,full,case_031,2,3,6135,03_5001..10000,24,24,0,0,"{""success"": 24}",65.24032199999783,65.42066966707353,0.685823831,62.765698208939284,62.765698208939284,0,53.34089857980143,60.1083764572395,0,1.7017203751020133,0.7729034159565344,0.1803476670756936,299060,485202,1,component,0,0,/Users/liyu/Desktop/中文题目/A题研究/advanced_solver/runs/formal_v2/full_p2_seed17/slots/case_031/p2_n3/attempt_0001/summary.json,55659a4487cc2274c2546a376ea804a31987f600697c2c336a61a6636bbe8be4,cec33b9dc0cffa41c5190783dabf2b2dc71a8ce933d1010dcfa261285044729e,485202,0.0,20,55.6364082088694,485202,0.0,16,41.78387324989308,485202,0.0,12,25.49582841596566,485202,0.0,8,16.851155207958072,485202,0.0,0,0
full_p2_seed17,full,case_031,2,4,6135,03_5001..10000,24,24,0,0,"{""success"": 24}",60.53697220806498,60.70718691602815,0.572315152,57.46134575270116,57.46134575270116,0,48.19854979484808,54.865238376078196,0,2.307203375035897,0.7684230803279206,0.17021470796316862,303001,394555,3,component,0,0,/Users/liyu/Desktop/中文题目/A题研究/advanced_solver/runs/formal_v2/full_p2_seed17/slots/case_031/p2_n4/attempt_0001/summary.json,e0d1480fe7f4dcd0697e8b15641fd57ee1a5fcc36b1d9575d7d6f7444dc50801,a049d7a680662ffba0f3c7fe7f55d31e09b35e353a3d39880db31f0a57e14a4d,394555,0.0,20,49.761129959719256,394555,0.0,16,35.82834929181263,394555,0.0,12,21.104069082881324,394555,0.0,8,13.430658790864982,394555,0.0,0,0
full_p2_seed17,full,case_031,2,5,6135,03_5001..10000,24,13,11,0,"{""success"": 24}",26.67971437505912,26.84133074991405,0.662767247,23.522423873189837,23.41985249775462,0.10257137543521821,19.542460167082027,22.172446209355257,0,2.459689832990989,0.6976006688782945,0.16161637485492975,303556,304955,21,trace,0,0,/Users/liyu/Desktop/中文题目/A题研究/advanced_solver/runs/formal_v2/full_p2_seed17/slots/case_031/p2_n5/attempt_0001/summary.json,7912b5250694ea1be4355f5b3085ce37ea2cf8a72063eaf10f13a2eccd26e6dd,08ade0ceb22568fb0d75bdd5e72d83b532c332ce9453b8ba2dd819d444464a81,306213,0.004125198799822982,20,22.070910832029767,306213,0.004125198799822982,16,22.040143954916857,306213,0.004125198799822982,12,22.009265747736208,305835,0.0028856716564737983,8,14.781336206709966,304955,0.0,0,0
full_p2_seed17,full,case_032,2,2,827,01_<=1000,24,22,2,0,"{""success"": 24}",7.538845791015774,7.68171120795887,0.092837283,7.1125777086708695,7.088364708703011,0.024212999967858195,3.2494737920351326,4.785849958891049,0,0.1760455829789862,0.25022249936591834,0.14286541694309562,190408,17616,14,trace,0,0,/Users/liyu/Desktop/中文题目/A题研究/advanced_solver/runs/formal_v2/full_p2_seed17/slots/case_032/p2_n2/attempt_0001/summary.json,cb6f1b4ede53b9953286795e639134ca5d6e624fe50222fee638e82d652cb8dc,00d8d91c256df582172a3c0adab3412d16079196138baa5c852c95e6e9b58321,17690,0.0042007266121708575,20,6.555703750695102,17690,0.0042007266121708575,16,5.1162192086922005,17690,0.0042007266121708575,12,3.5631238336209208,17616,0.0,8,2.367149166762829,17616,0.0,0,0
full_p2_seed17,full,case_032,2,3,827,01_<=1000,24,24,0,0,"{""success"": 24}",7.8444667080184445,7.992826333036646,0.089379269,7.334943750873208,7.334943750873208,0,3.511515710153617,5.185327334096655,0,0.2512468339409679,0.2582761232042685,0.14835962501820177,192737,11874,4,component,0,0,/Users/liyu/Desktop/中文题目/A题研究/advanced_solver/runs/formal_v2/full_p2_seed17/slots/case_032/p2_n3/attempt_0001/summary.json,c2be52536ca6a4439e65e7caaafc680343ad4e92bb39e32f453bb79ca73db7ec,56a0875f1b8b52d1d19753bb9acfe4ea4a4ab439557f8d1c5dd5b6921ac58aec,11874,0.0,20,6.3401445428607985,11874,0.0,16,4.887637251056731,11874,0.0,12,3.275127709028311,11874,0.0,8,2.2401614589616656,11874,0.0,0,0
full_p2_seed17,full,case_032,2,4,827,01_<=1000,24,24,0,0,"{""success"": 24}",8.119167750002816,8.255601041950285,0.09051741,7.507997126900591,7.507997126900591,0,3.519311668933369,5.272897587041371,0,0.34990158292930573,0.26126904017291963,0.13643329194746912,193080,10061,17,trace,0,0,/Users/liyu/Desktop/中文题目/A题研究/advanced_solver/runs/formal_v2/full_p2_seed17/slots/case_032/p2_n4/attempt_0001/summary.json,432ebf63ffff531816d918a5a26920886edcd1cb6c6965af83ac2446f8b74b52,af99d9fc63f126088afdaabc1542dc369d67ffb5e7409b65cf18a96854d06c3d,10285,0.022264188450452194,20,6.511694084852934,10285,0.022264188450452194,16,5.011424208874814,10285,0.022264188450452194,12,3.2396522918716073,10285,0.022264188450452194,8,2.1180667089065537,10061,0.0,0,0
full_p2_seed17,full,case_032,2,5,827,01_<=1000,24,13,11,0,"{""success"": 24}",3.9643807080574334,4.094729124917649,0.089295975,3.317466124310158,3.247088414267637,0.07037771004252136,1.371843166067265,2.176813206868246,0,0.4087424180470407,0.23817216570023447,0.13034841686021537,200484,10414,4,component,0,0,/Users/liyu/Desktop/中文题目/A题研究/advanced_solver/runs/formal_v2/full_p2_seed17/slots/case_032/p2_n5/attempt_0001/summary.json,dd657a6201864cf9f24c99edc38d6f9be4733b6e85ab482988fb6ec72171173c,04fed44ec96f5a8ee165d6ab81fde6f2158465e2dec119715f3dd64ac7eeac99,10414,0.0,20,3.0449679162120447,10414,0.0,16,3.024720290210098,10414,0.0,12,3.0067204982042313,10414,0.0,8,1.926104499027133,10414,0.0,0,0
full_p2_seed17,full,case_033,2,2,3465,02_1001..5000,24,22,2,0,"{""success"": 24}",33.79672720807139,33.93704920797609,0.396671163,32.53218241722789,32.50474641728215,0.02743599994573742,26.344857627758756,30.43284158129245,0,0.7442078739404678,0.5203369169030339,0.14032199990469962,242703,900290,3,component,0,0,/Users/liyu/Desktop/中文题目/A题研究/advanced_solver/runs/formal_v2/full_p2_seed17/slots/case_033/p2_n2/attempt_0001/summary.json,7275c01259c4e68abe93268fe6ab15df3f8478727712c1725f8e6804870f3c70,7089fc0a8d8aaebfb4180f8f8e21d6997664baad288fe872b34b6605e32192a6,900290,0.0,20,30.29460979322903,900290,0.0,16,22.195399669231847,900290,0.0,12,13.786576960003003,900290,0.0,8,8.794601833913475,900290,0.0,0,0
full_p2_seed17,full,case_033,2,3,3465,02_1001..5000,24,24,0,0,"{""success"": 24}",38.070537166902795,38.222239374998026,0.454054638,36.438630295335315,36.438630295335315,0,29.103504126193002,33.998110042884946,0,1.0939521241234615,0.5379547474440187,0.15170220809523016,244393,605529,19,trace,0,0,/Users/liyu/Desktop/中文题目/A题研究/advanced_solver/runs/formal_v2/full_p2_seed17/slots/case_033/p2_n3/attempt_0001/summary.json,f2f5a08478c879086f1ec82cf8dea35696d27965da8bae479847a17880a6a414,4e4e344afc5a2d06526ccc281480b833a68be8ee382b18aef768ad7080b31124,607519,0.0032863826505418192,20,32.36064166924916,607519,0.0032863826505418192,16,24.551955211092718,607519,0.0032863826505418192,12,15.403940085088834,607519,0.0032863826505418192,8,9.151735834078863,605529,0.0,0,0
full_p2_seed17,full,case_033,2,4,3465,02_1001..5000,24,24,0,0,"{""success"": 24}",37.80465325003024,37.98433608398773,0.470028688,35.60336454154458,35.60336454154458,0,27.93176237400621,32.89216233289335,0,1.6449620010098442,0.5563267074758187,0.17968283395748585,251625,459203,3,component,0,0,/Users/liyu/Desktop/中文题目/A题研究/advanced_solver/runs/formal_v2/full_p2_seed17/slots/case_033/p2_n4/attempt_0001/summary.json,69ad81757c039c880210f0316fe89946ac99dc5f664a0ee40988aab54fdbab78,887d70b05214784818aecffc6250e54f7cbbc6b2fd01c4ffa18c0f403d057986,459203,0.0,20,31.20708587463014,459203,0.0,16,23.562460832647048,459203,0.0,12,14.53113245870918,459203,0.0,8,9.05113420879934,459203,0.0,0,0
full_p2_seed17,full,case_033,2,5,3465,02_1001..5000,24,14,10,0,"{""success"": 24}",18.85388662503101,19.036988125066273,0.483420166,16.39601641788613,16.2994738771813,0.09654254070483148,12.297619835822843,14.760448667220771,0,1.9236180420266464,0.5342521651182324,0.1831015000352636,255911,371790,3,component,0,0,/Users/liyu/Desktop/中文题目/A题研究/advanced_solver/runs/formal_v2/full_p2_seed17/slots/case_033/p2_n5/attempt_0001/summary.json,b30cc67d9a7a7c50cff6b5925fc7aec2434672af37a5464f9edd689e812a64ed,7b2dddf1cf5ea9be92172872236d10cfb9e2f39a8f51235c5c19e053a84b1c2e,371790,0.0,20,13.970581834786572,371790,0.0,16,13.94644416787196,371790,0.0,12,13.921576835098676,371790,0.0,8,9.20227229304146,371790,0.0,0,0
full_p2_seed17,full,case_034,2,2,3745,02_1001..5000,24,22,2,0,"{""success"": 24}",36.165862749912776,36.367672040942125,0.409175076,34.53220292064361,34.48359596263617,0.04860695800743997,27.911241205525585,32.17001779261045,0,1.0510592510690913,0.582600578200072,0.20180929102934897,259780,393231,4,component,0,0,/Users/liyu/Desktop/中文题目/A题研究/advanced_solver/runs/formal_v2/full_p2_seed17/slots/case_034/p2_n2/attempt_0001/summary.json,a6d11659aeb92fa64a0002a795c6802e522d25601043d0dddb1f3548e836a8bd,bd70b6a29b0c6a537f2e169b9871e0701b37c2ba803a9c941d6baba0e2f3846e,393231,0.0,20,31.83796458656434,393231,0.0,16,23.35193954454735,393231,0.0,12,14.618336835643277,393231,0.0,8,9.500871125841513,393231,0.0,0,0
full_p2_seed17,full,case_034,2,3,3745,02_1001..5000,24,24,0,0,"{""success"": 24}",37.30836783302948,37.47824700002093,0.432047245,35.54135462734848,35.54135462734848,0,28.016911000944674,32.99007649940904,0,1.1977600838290527,0.5692531218519434,0.1698791669914499,264489,267271,4,component,0,0,/Users/liyu/Desktop/中文题目/A题研究/advanced_solver/runs/formal_v2/full_p2_seed17/slots/case_034/p2_n3/attempt_0001/summary.json,43c9dceb03c24982eaf2f6955aaa54991f43c0c1a1c8ab3b686942eb86a024bd,f96d1a3b136d886141573ed585f64747e95ca722ed2b810f4b7dc814f2758f3c,267271,0.0,20,31.24086591822561,267271,0.0,16,22.936929960153066,267271,0.0,12,14.016487668151967,267271,0.0,8,9.007044918136671,267271,0.0,0,0
full_p2_seed17,full,case_034,2,4,3745,02_1001..5000,24,24,0,0,"{""success"": 24}",37.59852100000717,37.768874750006944,0.470361961,35.48773666471243,35.48773666471243,0,28.10930558294058,33.03271450090688,0,1.546571334823966,0.5642130004707724,0.17035374999977648,268423,207548,4,component,0,0,/Users/liyu/Desktop/中文题目/A题研究/advanced_solver/runs/formal_v2/full_p2_seed17/slots/case_034/p2_n4/attempt_0001/summary.json,010062e6c152639a474ae11c33b533a08bd732c17ad9209b5c6fa49f794d6630,b48a0280172b088ae36ea338ae8401861576ec9ddda3b941e1d9fe60cdafc112,207548,0.0,20,31.173714830656536,207548,0.0,16,23.27014837274328,207548,0.0,12,14.434397580916993,207548,0.0,8,9.417826164979488,207548,0.0,0,0
full_p2_seed17,full,case_034,2,5,3745,02_1001..5000,24,14,10,0,"{""success"": 24}",19.38683770899661,19.551876083016396,0.478033671,16.789522793726064,16.697969709872268,0.09155308385379612,12.94151987414807,15.24109079001937,0,2.0219376661116257,0.5753772491589189,0.16503837401978672,262199,167921,19,trace,0,0,/Users/liyu/Desktop/中文题目/A题研究/advanced_solver/runs/formal_v2/full_p2_seed17/slots/case_034/p2_n5/attempt_0001/summary.json,b7319ce594df057c312e9bffd7144b29c317061f9318844bce862bf04ba450db,8e891cfbd26761dffa4113e60799cf62eb069f3583c6f00fa389a103c00857de,168087,0.00098856009671211,20,14.476848793681711,168087,0.00098856009671211,16,14.449954918818548,168087,0.00098856009671211,12,14.423474376788363,168075,0.0009170979210462171,8,9.451953375828452,167921,0.0,0,0
full_p2_seed17,full,case_035,2,2,3857,02_1001..5000,24,21,3,0,"{""success"": 24}",26.53405404195655,26.69611000001896,0.309014298,25.10294404171873,25.059597499668598,0.043346542050130665,19.716003750334494,23.064140124130063,0,0.8969994169892743,0.5341105832485482,0.16205595806241035,246577,92625,16,trace,0,0,/Users/liyu/Desktop/中文题目/A题研究/advanced_solver/runs/formal_v2/full_p2_seed17/slots/case_035/p2_n2/attempt_0001/summary.json,14ea4dffb3fa2222a341f1a233b9fd762a9b80150218054f9e9f1038f41d9826,e2ecc46a25954091f5371155ecbe33b3400a8a948fceabbf1446cbbf19a0f7aa,95406,0.030024291497975808,20,24.119364999700338,95406,0.030024291497975808,16,18.451849000761285,95406,0.030024291497975808,12,11.85446791688446,92625,0.0,8,7.813637042883784,92625,0.0,0,0
full_p2_seed17,full,case_035,2,3,3857,02_1001..5000,24,24,0,0,"{""success"": 24}",29.64042820793111,29.816466459073126,0.418297092,28.23564633296337,28.23564633296337,0,21.81010366929695,25.775777870439924,0,0.866633668076247,0.538148206891492,0.17603825114201754,251726,89161,16,trace,0,0,/Users/liyu/Desktop/中文题目/A题研究/advanced_solver/runs/formal_v2/full_p2_seed17/slots/case_035/p2_n3/attempt_0001/summary.json,c818bec1b6d518c97348d736749b68ad4011032a3ffeae128da3d9913ea1e7d1,1762b8c0daf821ea6ba9b2a49e0baaa5aeabb080e7141cf74cd8dca964a11d84,95424,0.07024371642309979,20,24.57355679187458,95424,0.07024371642309979,16,18.723917375784367,95424,0.07024371642309979,12,11.827405083808117,89161,0.0,8,7.829269957845099,89161,0.0,0,0
full_p2_seed17,full,case_035,2,4,3857,02_1001..5000,24,24,0,0,"{""success"": 24}",36.61757983407006,36.7897149999626,0.451028996,34.867464084527455,34.867464084527455,0,27.203737583127804,32.28070395998657,0,1.1354989999672398,0.6146167495753616,0.1721351658925414,298484,57955,18,trace,0,0,/Users/liyu/Desktop/中文题目/A题研究/advanced_solver/runs/formal_v2/full_p2_seed17/slots/case_035/p2_n4/attempt_0001/summary.json,50af32ff8b6ee4135134d8aa4a3cb91b7441d4f17cfcc03e1004c8144d8505b3,b0cfc903d50a9ba1173d120a9d05c0283ca579bae837e73df7dc45b30f80d8dd,95442,0.6468294366318696,20,30.861237459466793,84963,0.46601673712363034,16,24.64572208444588,84963,0.46601673712363034,12,17.41164504236076,84963,0.46601673712363034,8,11.56987562624272,57955,0.0,0,0
full_p2_seed17,full,case_035,2,5,3857,02_1001..5000,24,13,11,0,"{""success"": 24}",20.138180540991016,20.31000395899173,0.520491141,18.147427666932344,18.052417416824028,0.09501025010831654,13.955291874939576,16.62936224893201,0,1.3526985839707777,0.6380542900878936,0.171823418000713,304836,52277,18,trace,0,0,/Users/liyu/Desktop/中文题目/A题研究/advanced_solver/runs/formal_v2/full_p2_seed17/slots/case_035/p2_n5/attempt_0001/summary.json,a1f4b2bfbedf620f3c7e2cf80cd68e67ed9d5058e963cf216bd6500472681a68,e9aa2b0f0b37e6c00727debea96acb103e5a85d08d5283c0bf27adb28a2c9076,95460,0.8260420452589092,20,17.112662084051408,80362,0.5372343478011363,16,17.08186308387667,80362,0.5372343478011363,12,17.05450575076975,73772,0.4111750865581423,8,11.571878501796164,52277,0.0,0,0
full_p2_seed17,full,case_036,2,2,2400,02_1001..5000,9,6,3,0,"{""success"": 9}",9.428011375013739,9.600808583083563,0.139711631,8.668495624093339,8.621345874038525,0.04714975005481392,6.896272541955113,8.074569125892594,0,0.5021574171259999,0.2573583337944001,0.17279720806982368,185006,466068,1,component,2,0,/Users/liyu/Desktop/中文题目/A题研究/advanced_solver/runs/formal_v2/full_p2_seed17/slots/case_036/p2_n2/attempt_0001/summary.json,8f1a803c6a72d0e7431b78b6ad4c695691dc683322f2ff10da701e67b9078476,2dc45599f94b40a41bc23bf6b9fed5e9f4b5f9f36ddd678a9de602ff7d5dd0da,466068,0.0,5,7.730733999051154,466068,0.0,1,1.9204179169610143,466068,0.0,0,0,466068,0.0,0,0,466068,0.0,0,0
full_p2_seed17,full,case_036,2,3,2400,02_1001..5000,10,10,0,0,"{""success"": 10}",13.19913149997592,13.372000667033717,0.156542693,12.25517349911388,12.25517349911388,0,9.28374787478242,11.060099999886006,0,0.673222792102024,0.27073520876001567,0.1728691670577973,193677,311345,1,component,1,0,/Users/liyu/Desktop/中文题目/A题研究/advanced_solver/runs/formal_v2/full_p2_seed17/slots/case_036/p2_n3/attempt_0001/summary.json,dc1b5c7b06eb84df98c412c11f8bb4269731e1fddf2098e7bcc77f4fa504cd3f,445aef85f072fb05b016775a95c73ae3eb2731fa19ce4c9a6813e16e155d51bd,311345,0.0,6,8.567614042083733,311345,0.0,2,3.1542952499585226,311345,0.0,0,0,311345,0.0,0,0,311345,0.0,0,0
full_p2_seed17,full,case_036,2,4,2400,02_1001..5000,9,9,0,0,"{""success"": 9}",11.677439499995671,11.845810124999844,0.13179321,10.569521040073596,10.569521040073596,0,7.9849218329181895,9.564834999968298,0,0.8547290838323534,0.2531893760897219,0.16837062500417233,190653,233584,1,component,2,0,/Users/liyu/Desktop/中文题目/A题研究/advanced_solver/runs/formal_v2/full_p2_seed17/slots/case_036/p2_n4/attempt_0001/summary.json,a6c839098d31dc2f759694957298e26a4d99049fdf463cc8a7b21d7890e63ad0,eb5737a04df8077539939d82dbe90ab9922f87e489d1d70ed361ba8984245234,233584,0.0,5,7.227741915965453,233584,0.0,1,1.7515312499599531,233584,0.0,0,0,233584,0.0,0,0,233584,0.0,0,0
full_p2_seed17,full,case_036,2,5,2400,02_1001..5000,9,1,8,0,"{""success"": 9}",2.2905706660822034,2.4568977910093963,0.140290637,0.9258200818439946,0.8440982080064714,0.08172187383752316,0.5370672499993816,0.6905472499784082,0,1.1158255009213462,0.24892508331686258,0.16632712492719293,193292,187182,1,component,2,0,/Users/liyu/Desktop/中文题目/A题研究/advanced_solver/runs/formal_v2/full_p2_seed17/slots/case_036/p2_n5/attempt_0001/summary.json,8d37a7894060e2d5ddfe5333e7c319b07dabda24e0466b48408f8fd09988b90b,c667e1a74bb2bf1811a4b54ca1d57c79a4b2f900c13a95869e02874c836f89cb,187182,0.0,5,0.030740457004867494,187182,0.0,1,0.006127999979071319,187182,0.0,0,0,187182,0.0,0,0,187182,0.0,0,0
full_p2_seed17,full,case_037,2,2,780,01_<=1000,14,11,3,0,"{""success"": 14}",5.148767624981701,5.289972458034754,0.078853998,4.766456375946291,4.725480000022799,0.040976375923492014,2.4360362113220617,3.51670162496157,0,0.19005270896013826,0.19225854007527232,0.14120483305305243,126353,105374,1,component,0,0,/Users/liyu/Desktop/中文题目/A题研究/advanced_solver/runs/formal_v2/full_p2_seed17/slots/case_037/p2_n2/attempt_0001/summary.json,37258c97575106483cbaef6fbd965e29698a9751ddd4f67d2598ca1264041216,b483fa7a260ee241f43c54af0d4862557fd9a07f7a2a20c2d5c4cefd8aaa4588,105374,0.0,10,4.423346041003242,105374,0.0,6,2.5412276252172887,105374,0.0,2,0.651224791072309,105374,0.0,0,0,105374,0.0,0,0
full_p2_seed17,full,case_037,2,3,780,01_<=1000,14,14,0,0,"{""success"": 14}",6.364805874996819,6.517593084019609,0.091123009,5.856149249710143,5.856149249710143,0,3.0672524591209367,4.385883376118727,0,0.30972912500146776,0.19892750028520823,0.1527872090227902,129279,74038,1,component,0,0,/Users/liyu/Desktop/中文题目/A题研究/advanced_solver/runs/formal_v2/full_p2_seed17/slots/case_037/p2_n3/attempt_0001/summary.json,d0bc83979f86ab867d41a4039072a8098c9114f4256e7ef6498b514c176527f9,6bc48e500e83fe6682a960a07b27270ad88abbc061b64edee9b011368e0c1718,74038,0.0,10,4.42080137389712,74038,0.0,6,2.61217245797161,74038,0.0,2,0.6689687500474975,74038,0.0,0,0,74038,0.0,0,0
full_p2_seed17,full,case_037,2,4,780,01_<=1000,14,14,0,0,"{""success"": 14}",6.620003791060299,6.773103500017896,0.100097401,6.001534044044092,6.001534044044092,0,3.109627333818935,4.47647945897188,0,0.4282271668780595,0.19024258013814688,0.1530997089575976,134036,53320,1,component,0,0,/Users/liyu/Desktop/中文题目/A题研究/advanced_solver/runs/formal_v2/full_p2_seed17/slots/case_037/p2_n4/attempt_0001/summary.json,f8ac90463f59daa4fd46a5f274d69bf19a8b590ab2c7334536395fd01182352e,7714d7864d96d361b24f4afed1af8292cfff62a5963563cedb99da584cdec093,53320,0.0,10,4.599567584111355,53320,0.0,6,2.7521005840972066,53320,0.0,2,0.6947218750137836,53320,0.0,0,0,53320,0.0,0,0
full_p2_seed17,full,case_037,2,5,780,01_<=1000,14,4,10,0,"{""success"": 14}",2.0476727499626577,2.2039863750105724,0.088085018,1.350061544100754,1.284387583960779,0.06567396013997495,0.5863487899769098,0.8850152499508113,0,0.5367468748008832,0.1608643310610205,0.15631362504791468,136146,43013,3,component,0,0,/Users/liyu/Desktop/中文题目/A题研究/advanced_solver/runs/formal_v2/full_p2_seed17/slots/case_037/p2_n5/attempt_0001/summary.json,590142d48b51e0e9fe502b77858d9737e009df18ff68207071b7d1a9e7c91644,8871818f0c21cc033259fc291fd0dbbd413fc24051d5fc6290d39bb818124b2a,43013,0.0,10,0.6792296270141378,43013,0.0,6,0.6590557930758223,43013,0.0,2,0.6411327919922769,43013,0.0,0,0,43013,0.0,0,0
full_p2_seed17,full,case_038,2,2,5907,03_5001..10000,24,22,2,0,"{""success"": 24}",71.24684899998829,71.43626500002574,0.658766839,68.85142799734604,68.8146319554653,0.036796041880734265,59.42803871317301,66.35492583294399,0,1.5789646249031648,0.8164563777390867,0.18941600003745407,288297,680922,23,trace,0,0,/Users/liyu/Desktop/中文题目/A题研究/advanced_solver/runs/formal_v2/full_p2_seed17/slots/case_038/p2_n2/attempt_0001/summary.json,03bf32b806e512f5763e0faee7bd0f95fab4535e2adac2e6d3605f4d377d4700,a9969d6b9d33257019b45d52e13fdd399e387dbe61fb5b995717aef4fbf56018,681518,0.0008752838063683654,20,63.91286637238227,681518,0.0008752838063683654,16,47.241061165346764,681518,0.0008752838063683654,12,29.60970379121136,681518,0.0008752838063683654,8,18.35134708310943,680922,0.0,0,0
full_p2_seed17,full,case_038,2,3,5907,03_5001..10000,24,24,0,0,"{""success"": 24}",72.18035174999386,72.35751562495716,0.704877184,69.49762974935584,69.49762974935584,0,58.87799491803162,66.56057645613328,0,1.8120078329229727,0.8707141677150503,0.17716387496329844,305010,457910,4,component,0,0,/Users/liyu/Desktop/中文题目/A题研究/advanced_solver/runs/formal_v2/full_p2_seed17/slots/case_038/p2_n3/attempt_0001/summary.json,d91c167a2e5b55a0877d3d1fc79d978259331f19eb7b1e6e55a91bf14e434973,4d8e723e4a1f604a3735e71482d62b988fc751a8cb1555f57952c78a32b13b45,457910,0.0,20,61.57896124932449,457910,0.0,16,45.3272923323093,457910,0.0,12,27.613371874205768,457910,0.0,8,17.044602124136873,457910,0.0,0,0
full_p2_seed17,full,case_038,2,4,5907,03_5001..10000,24,24,0,0,"{""success"": 24}",69.63518712494988,69.81193641701248,0.814245187,66.53368974663317,66.53368974663317,0,56.10094304115046,63.84926920721773,0,2.301655416027643,0.7998419622890651,0.1767492920625955,298035,343442,15,trace,0,0,/Users/liyu/Desktop/中文题目/A题研究/advanced_solver/runs/formal_v2/full_p2_seed17/slots/case_038/p2_n4/attempt_0001/summary.json,ef2b7383380cd983ba0f7dbaee31ba03b18896aa3d3b389b2592e677370d439c,9f646612bf976d067d1ca9dc58b7cd126c2d1be6c0ce80212f74808afaa82d45,344695,0.003648359839507176,20,58.600487330695614,344695,0.003648359839507176,16,44.34982178884093,344695,0.003648359839507176,12,25.818024705862626,343442,0.0,8,16.826323331915773,343442,0.0,0,0
full_p2_seed17,full,case_038,2,5,5907,03_5001..10000,24,14,10,0,"{""success"": 24}",32.86160037503578,33.050398542080075,0.742868604,28.90145454183221,28.78647333488334,0.11498120694886893,24.068552042008378,27.3565145842731,0,3.148795540910214,0.8113502922933549,0.18879816704429686,304515,277456,3,component,0,0,/Users/liyu/Desktop/中文题目/A题研究/advanced_solver/runs/formal_v2/full_p2_seed17/slots/case_038/p2_n5/attempt_0001/summary.json,e36deb99e50872c56b3e7f6a8f5b515acdc0d8e6e8e77f61f3a2a140c51f3105,2292366411bc630f7300ae71046b8716765a00adca30e1343acb0807cf97388a,277456,0.0,20,25.040549080935307,277456,0.0,16,25.005685748998076,277456,0.0,12,24.968788916943595,277456,0.0,8,16.09760316705797,277456,0.0,0,0
full_p2_seed17,full,case_039,2,2,5250,03_5001..10000,14,12,2,0,"{""success"": 14}",41.50126199994702,41.667002749978565,0.431271861,39.73449916602112,39.68768233305309,0.04681683296803385,34.199129915912636,38.352460539899766,0,1.2562236269004643,0.5105392070254311,0.16574075003154576,221173,708253,14,trace,1,0,/Users/liyu/Desktop/中文题目/A题研究/advanced_solver/runs/formal_v2/full_p2_seed17/slots/case_039/p2_n2/attempt_0001/summary.json,05549de197f476cfd7c9343367067428fcc38fd96a1a479c5e0fe716a79f5e35,71c4e5d37f066100994e10781a348d1e7800eeaa70d18b7b0c0c052620ca79e0,708430,0.00024991069575430735,10,35.53064941614866,708430,0.00024991069575430735,6,22.46075599908363,708430,0.00024991069575430735,2,4.966576082981192,708253,0.0,0,0,708253,0.0,0,0
full_p2_seed17,full,case_039,2,3,5250,03_5001..10000,24,24,0,0,"{""success"": 24}",67.02335549995769,67.20880891603883,0.751320657,64.73279866587836,64.73279866587836,0,54.68141966778785,62.133935960242525,0,1.5588698320789263,0.7316870020003989,0.1854534160811454,285085,483565,16,trace,0,0,/Users/liyu/Desktop/中文题目/A题研究/advanced_solver/runs/formal_v2/full_p2_seed17/slots/case_039/p2_n3/attempt_0001/summary.json,8558122b55600f41d65b6575935cbf3aaf9e825e05446c44ca959a0406b80dcb,f07bc8dc23414387f8376f9f63311375dad1c75c4e0e1e9b4127ad3ab2696705,485565,0.004135948631518005,20,56.66229895898141,485565,0.004135948631518005,16,43.64331874996424,485565,0.004135948631518005,12,27.17658895801287,483565,0.0,8,18.38773483305704,483565,0.0,0,0
full_p2_seed17,full,case_039,2,4,5250,03_5001..10000,14,14,0,0,"{""success"": 14}",42.35366124997381,42.541698417044245,0.550227721,39.571073084836826,39.571073084836826,0,33.25431104179006,38.04101616691332,0,2.2598032909445465,0.522784874192439,0.1880371670704335,230716,373028,14,trace,1,0,/Users/liyu/Desktop/中文题目/A题研究/advanced_solver/runs/formal_v2/full_p2_seed17/slots/case_039/p2_n4/attempt_0001/summary.json,1b646bba1b1b9340b46aab6fe2f7864d2852ab2e26f231be8e66a183ddc3962d,40e65577728900dfc0741526b45f623676276559b2f8aff6421a11fcd39ca32f,379366,0.016990681664647234,10,31.379255083971657,379366,0.016990681664647234,6,18.644589665927924,379366,0.016990681664647234,2,4.33841612492688,373028,0.0,0,0,373028,0.0,0,0
full_p2_seed17,full,case_039,2,5,5250,03_5001..10000,14,4,10,0,"{""success"": 14}",12.285759083926678,12.453118499950506,0.499700369,8.971352832973935,8.866095041972585,0.10525779100134969,7.523498542024754,8.468836123938672,0,2.826234499923885,0.4881717510288581,0.1673594160238281,225620,308167,3,component,0,0,/Users/liyu/Desktop/中文题目/A题研究/advanced_solver/runs/formal_v2/full_p2_seed17/slots/case_039/p2_n5/attempt_0001/summary.json,ba51a4d6eeb35c7c6051f7f91d2cf23e65d4a930413c868eb1590c42b59024b9,6ec30f180a443747d2054d372621b77458bb2b4df93d11f26f6049c44baa0a21,308167,0.0,10,4.47058562503662,308167,0.0,6,4.437649958068505,308167,0.0,2,4.402096500038169,308167,0.0,0,0,308167,0.0,0,0
full_p2_seed17,full,case_040,2,2,3083,02_1001..5000,24,22,2,0,"{""success"": 24}",23.90669199998956,24.075647333054803,0.27964739,22.75018929282669,22.679053292726167,0.07113600010052323,17.173165832995437,20.387142249033786,0,0.6558830010471866,0.5006197061156854,0.16895533306524158,232552,137941,16,trace,0,0,/Users/liyu/Desktop/中文题目/A题研究/advanced_solver/runs/formal_v2/full_p2_seed17/slots/case_040/p2_n2/attempt_0001/summary.json,cbd243554fe69d0e90a6931af37f6711181d78b5382e27976b0d210411b02473,d4388555a59762e0811f8b7e795c35144840d075dc4acfe4df5b6b3571aa8bfe,143356,0.039255913760230854,20,20.997127959737554,143356,0.039255913760230854,16,16.101417125784792,143356,0.039255913760230854,12,10.699885666836053,137941,0.0,8,7.033475790754892,137941,0.0,0,0
full_p2_seed17,full,case_040,2,3,3083,02_1001..5000,24,24,0,0,"{""success"": 24}",24.942717542056926,25.09651191602461,0.292128404,23.667235997854732,23.667235997854732,0,17.41085504402872,21.027505540754646,0,0.7629974179435521,0.5124841262586415,0.1537943739676848,237029,100597,16,trace,0,0,/Users/liyu/Desktop/中文题目/A题研究/advanced_solver/runs/formal_v2/full_p2_seed17/slots/case_040/p2_n3/attempt_0001/summary.json,4a6db4d9ef5092fae5265233492789f3f46d264ac159917ec3cb134ed7aeadd6,3cbdb8a9bbc0305b54e58186b7082f139affb1987b80f2b98b197edc1cb1e484,110105,0.0945157410260744,20,20.59749662282411,110105,0.0945157410260744,16,15.623423330951482,110105,0.0945157410260744,12,10.010144999017939,100597,0.0,8,6.653622956946492,100597,0.0,0,0
full_p2_seed17,full,case_040,2,4,3083,02_1001..5000,24,24,0,0,"{""success"": 24}",24.97819745808374,25.151887792046182,0.326647827,23.534116291324608,23.534116291324608,0,17.348473379039206,20.96785087569151,0,0.9280113760614768,0.5160697906976566,0.1736903339624405,242122,100182,16,trace,0,0,/Users/liyu/Desktop/中文题目/A题研究/advanced_solver/runs/formal_v2/full_p2_seed17/slots/case_040/p2_n4/attempt_0001/summary.json,7975b88e5368f011c5f0363a18d887568aa6f26b4493e5b081bff67c649d915c,8f72ffb75c070aee4b668c9d8c4bcb0154a8cc5924be2a98428800489fda29fd,110202,0.10001796729951495,20,20.53060400020331,110202,0.10001796729951495,16,15.850654876092449,110202,0.10001796729951495,12,10.162566126091406,100182,0.0,8,6.8086888352409005,100182,0.0,0,0
full_p2_seed17,full,case_040,2,5,3083,02_1001..5000,24,14,10,0,"{""success"": 24}",16.182704333914444,16.353860958013684,0.379855042,14.470203830860555,14.38455929106567,0.08564453979488462,10.602299623889849,12.945643666782416,0,1.1793427909724414,0.5331577120814472,0.1711566240992397,283260,68535,18,trace,0,0,/Users/liyu/Desktop/中文题目/A题研究/advanced_solver/runs/formal_v2/full_p2_seed17/slots/case_040/p2_n5/attempt_0001/summary.json,95fafb9c8b173ff1fb9076612d742fdb3520270115428251b9a985a24a59422e,6f0f782077ed31fd0e63ff5a2785e521e62baebc41373355d468caee9a24002b,110337,0.6099365287809149,20,12.915451331879012,102367,0.49364558254906243,16,12.890892583061941,102367,0.49364558254906243,12,12.86625324911438,84149,0.22782519880353114,8,8.395447956980206,68535,0.0,0,0
full_p2_seed17,full,case_041,2,2,16594,04_>10000,24,22,2,0,"{""success"": 24}",361.841700292076,362.1217391670216,2.465368602,356.0809226661222,356.02094470814336,0.05997795797884464,332.0990665840218,352.91416603617836,0,3.7350604160455987,2.02571720990818,0.2800388749456033,529634,2992480,1,component,0,0,/Users/liyu/Desktop/中文题目/A题研究/advanced_solver/runs/formal_v2/full_p2_seed17/slots/case_041/p2_n2/attempt_0001/summary.json,684b62caa87686e2bed215f43dd1dd8e49d779f2df2a98958aa83f881110ed83,285ba865db5d158d7e1d29c358f2a74b38a501afeff7f76c2220d14ca33526b0,2992480,0.0,20,335.15652750013396,2992480,0.0,16,258.36068679206073,2992480,0.0,12,158.7326057079481,2992480,0.0,8,95.11131966591347,2992480,0.0,0,0
full_p2_seed17,full,case_041,2,3,16594,04_>10000,24,24,0,0,"{""success"": 24}",361.51319520908874,361.84746700001415,2.21255884,353.2060577485245,353.2060577485245,0,325.5109728309326,349.5595798743889,0,5.998645249987021,2.308492210577242,0.33427179092541337,525385,1991212,13,trace,0,0,/Users/liyu/Desktop/中文题目/A题研究/advanced_solver/runs/formal_v2/full_p2_seed17/slots/case_041/p2_n3/attempt_0001/summary.json,30fca8ab5531118857ccc930ca80e554be377d93876bfe80812b388bd48101cb,1b7837bd9d49ab879ad9276765f121afe5e251a2eedd250229961b8f7b73bcd9,1991992,0.00039172122305419776,20,303.7866587486351,1991992,0.00039172122305419776,16,212.92453945765737,1991992,0.00039172122305419776,12,121.33695154171437,1991212,0.0,8,74.80509133287705,1991212,0.0,0,0
full_p2_seed17,full,case_041,2,4,16594,04_>10000,24,24,0,0,"{""success"": 24}",302.698265834013,302.94789575005416,2.121949252,293.5036487923935,293.5036487923935,0,267.9667180432007,290.06638424890116,0,7.009713082923554,2.1849039586959407,0.24962991604115814,538358,1490603,1,component,0,0,/Users/liyu/Desktop/中文题目/A题研究/advanced_solver/runs/formal_v2/full_p2_seed17/slots/case_041/p2_n4/attempt_0001/summary.json,7d7571163eec684eaa011dd498c685e6dd65f18f419cc45955c8d49eefb8bef6,3c80019e76de4a8ca1cfced475bb8b3f70d0678cb6f87903000d78169937e310,1490603,0.0,20,255.58017729234416,1490603,0.0,16,183.75192154117394,1490603,0.0,12,109.8285397910513,1490603,0.0,8,69.97825579100754,1490603,0.0,0,0
full_p2_seed17,full,case_041,2,5,16594,04_>10000,24,14,10,0,"{""success"": 24}",139.57945745799225,139.83003341697622,2.578940353,129.45146503997967,129.22997174900956,0.22149329097010195,118.31938279315364,127.32622178993188,0,8.06892266718205,2.059069750830531,0.25057595898397267,542993,1196379,1,component,0,0,/Users/liyu/Desktop/中文题目/A题研究/advanced_solver/runs/formal_v2/full_p2_seed17/slots/case_041/p2_n5/attempt_0001/summary.json,dba09499ff7f971f3d2fb44fdbff6b5ce6b7ad75920075c0b7d792701d0a08bc,d7afd438847d3da3c876b1b4a104dbdda575c0ed83c0e09fa3fc5c3f3339c06d,1196379,0.0,20,113.76730678998865,1196379,0.0,16,113.68732228991576,1196379,0.0,12,113.60566791601013,1196379,0.0,8,70.69643774896394,1196379,0.0,0,0
full_p2_seed17,full,case_042,2,2,4733,02_1001..5000,24,21,3,0,"{""success"": 24}",49.15427445806563,49.331243583001196,0.522852459,47.48294912732672,47.4429015442729,0.040047583053819835,40.02566733281128,45.09402596100699,0,1.0162287499988452,0.6550965807400644,0.17696912493556738,267344,840111,1,component,0,0,/Users/liyu/Desktop/中文题目/A题研究/advanced_solver/runs/formal_v2/full_p2_seed17/slots/case_042/p2_n2/attempt_0001/summary.json,cc711e75d95811ddb7b9a3c6b44df86b14643b2305f073d4333fb37bab0ea9cd,925e319085b10932c0416bb9057717fd19ead988de933eb0a8c6d637b255c408,840111,0.0,20,45.86370704427827,840111,0.0,16,34.232356627238914,840111,0.0,12,22.166352252243087,840111,0.0,8,14.366684877313673,840111,0.0,0,0
full_p2_seed17,full,case_042,2,3,4733,02_1001..5000,24,24,0,0,"{""success"": 24}",53.44845999998506,53.63408183399588,0.609618086,51.3305648349924,51.3305648349924,0,42.77660912706051,48.855603667208925,0,1.4340479170205072,0.6838472479721531,0.1856218340108171,271921,571947,1,component,0,0,/Users/liyu/Desktop/中文题目/A题研究/advanced_solver/runs/formal_v2/full_p2_seed17/slots/case_042/p2_n3/attempt_0001/summary.json,08141a29b83e418589e29d87bff3286f26070d80bb1c324d8e77e57edb05fd6a,072610e2080a5265bb5b5e1d9e220a9581fef2e5d8b780c14852de61c0548136,571947,0.0,20,44.76507262582891,571947,0.0,16,33.67538741591852,571947,0.0,12,22.219569291104563,571947,0.0,8,14.519076083088294,571947,0.0,0,0
full_p2_seed17,full,case_042,2,4,4733,02_1001..5000,24,24,0,0,"{""success"": 24}",61.99366295803338,62.26118337502703,0.714065826,58.673276041750796,58.673276041750796,0,48.623768497025594,55.694374709855765,0,2.508644957910292,0.8117419583722949,0.2675204169936478,275763,444135,3,component,0,0,/Users/liyu/Desktop/中文题目/A题研究/advanced_solver/runs/formal_v2/full_p2_seed17/slots/case_042/p2_n4/attempt_0001/summary.json,15228eac7509a5be85b2281abdd3b439f94bee93e7a0558193391b0bd26b95cf,3dd065c56e7c310847a9b48d2a04ba69f6b13f4e3d9a30df9483e39c0a0150e1,444135,0.0,20,50.18407975079026,444135,0.0,16,38.384986417833716,444135,0.0,12,23.079606626881287,444135,0.0,8,13.835014542913996,444135,0.0,0,0
full_p2_seed17,full,case_042,2,5,4733,02_1001..5000,24,14,10,0,"{""success"": 24}",27.231340792030096,27.443344832980074,0.915148679,23.58458633592818,23.46137412590906,0.12321221001911908,18.82113245781511,21.902887747157365,0,2.9274364169687033,0.7193180391332135,0.21200404094997793,280406,358905,3,component,0,0,/Users/liyu/Desktop/中文题目/A题研究/advanced_solver/runs/formal_v2/full_p2_seed17/slots/case_042/p2_n5/attempt_0001/summary.json,a12e6e096d25960fad5e1c4639ccb51582e2ba768fca2a310f39598175c08cc1,5f1cb71fa5edda4056bfae7ebe044674358eea096ac879f4173473b62a0352b8,358905,0.0,20,20.272925960016437,358905,0.0,16,20.24140941805672,358905,0.0,12,20.202478500897996,358905,0.0,8,13.104598417878151,358905,0.0,0,0
full_p2_seed17,full,case_043,2,2,9309,03_5001..10000,24,22,2,0,"{""success"": 24}",111.52320004196372,111.76853745803237,0.960577724,107.31810091808438,107.26265246002004,0.055448458064347506,94.64318383275531,104.28596137708519,0,2.846473249956034,1.3586258739233017,0.24533741606865078,356167,352991,16,trace,0,0,/Users/liyu/Desktop/中文题目/A题研究/advanced_solver/runs/formal_v2/full_p2_seed17/slots/case_043/p2_n2/attempt_0001/summary.json,937508caec9477ddb61535b9961ec080f37f3e3c33ce16fd2fc2398fa18065a0,e316e4a31f3ce731bc379672d2093066670d4c906024e370d168222ff99971b6,355345,0.006668725264949993,20,100.22864379303064,355345,0.006668725264949993,16,69.16830320900772,355345,0.006668725264949993,12,37.815958542050794,352991,0.0,8,23.787267084000632,352991,0.0,0,0
full_p2_seed17,full,case_043,2,3,9309,03_5001..10000,24,24,0,0,"{""success"": 24}",122.72732683399227,122.97780058300123,1.245575003,117.63429954426829,117.63429954426829,0,102.96403537411243,114.16321154334582,0,3.740128665114753,1.3528986246092245,0.250473749008961,361563,260496,16,trace,0,0,/Users/liyu/Desktop/中文题目/A题研究/advanced_solver/runs/formal_v2/full_p2_seed17/slots/case_043/p2_n3/attempt_0001/summary.json,af16c8c956aaadedd3ede8e0ac83bd563702ec7bd0348a4cc6db478e9ca27b1c,2dfe9e7586d270643cb6f87aa636c9172ce3459d6dd706cb31ab26b63b1db516,268776,0.03178551686014375,20,105.3409486693563,268776,0.03178551686014375,16,76.67107866832521,268776,0.03178551686014375,12,40.421813583001494,260496,0.0,8,26.959361833054572,260496,0.0,0,0
full_p2_seed17,full,case_043,2,4,9309,03_5001..10000,24,24,0,0,"{""success"": 24}",118.61563354101963,118.86568337504286,1.037019455,113.01202783104964,113.01202783104964,0,99.01165783195756,109.7658458345104,0,4.259555833064951,1.3440498769050464,0.2500498340232298,386463,255399,14,trace,0,0,/Users/liyu/Desktop/中文题目/A题研究/advanced_solver/runs/formal_v2/full_p2_seed17/slots/case_043/p2_n4/attempt_0001/summary.json,24f3d321fc295535a3d0e8cb2062af1b95a41fe09b423a4e32ce08913d5565dd,a4477a2c5b41498fcb5492fc64dbcc276285f9c1372b2ce939c37f9af4898858,269193,0.054009608494943295,20,101.74654637405183,269193,0.054009608494943295,16,71.23462524800561,269193,0.054009608494943295,12,40.012149915099144,255399,0.0,8,26.228612457984127,255399,0.0,0,0
full_p2_seed17,full,case_043,2,5,9309,03_5001..10000,24,13,11,0,"{""success"": 24}",64.35829079104587,64.64626170904376,1.183334307,58.21237846079748,58.0500854998827,0.16229296091478318,50.241681583807804,56.36422062397469,0,4.722362791071646,1.4235495391767472,0.28797091799788177,458957,171710,18,trace,0,0,/Users/liyu/Desktop/中文题目/A题研究/advanced_solver/runs/formal_v2/full_p2_seed17/slots/case_043/p2_n5/attempt_0001/summary.json,f10f31eca045be6606ab8e24dcc4d568598b402114bb46f48857991f6acd7469,3154e6101d9bac23d82e2cfa5efc7b1806c0431b58ada501bbbc935485f58e4f,269610,0.5701473414477898,20,55.46594858577009,232981,0.3568283734203017,16,55.41378583491314,232981,0.3568283734203017,12,55.36295595881529,232981,0.3568283734203017,8,36.50632074975874,171710,0.0,0,0
full_p2_seed17,full,case_044,2,2,1364,02_1001..5000,24,21,3,0,"{""success"": 24}",16.112780875060707,16.31760408298578,0.188507921,15.011189668090083,14.951873459271155,0.05931620881892741,9.17579991708044,12.126090165693313,0,0.546676083933562,0.5549151230370626,0.2048232079250738,220618,44806,7,operation,0,0,/Users/liyu/Desktop/中文题目/A题研究/advanced_solver/runs/formal_v2/full_p2_seed17/slots/case_044/p2_n2/attempt_0001/summary.json,1176381db2f18c4d00e901ed63908bfaa270556620f67935e90cb0719728a4f5,1f79aab12d8d8ad9403349d33b10293011a6a50b60d30055ae1afb9250736ceb,131105,1.9260590099540238,20,14.536910459282808,44806,0.0,16,11.318276042467915,44806,0.0,12,7.9586858755210415,44806,0.0,8,5.914560583420098,44806,0.0,0,0
full_p2_seed17,full,case_044,2,3,1364,02_1001..5000,13,13,0,0,"{""success"": 13}",7.702145374962129,7.920949833001941,0.177149296,7.062444543698803,7.062444543698803,0,3.988159125787206,5.448844873928465,0,0.32102233299519867,0.31867849826812744,0.21880445803981274,148418,54028,9,operation,1,0,/Users/liyu/Desktop/中文题目/A题研究/advanced_solver/runs/formal_v2/full_p2_seed17/slots/case_044/p2_n3/attempt_0001/summary.json,ba78a513e5cc6444e5f3a78cd15ba69add4fe5c7a078d06d8cf0e049fde46980,187364f9991f6e4e228082994e03505d2b45566ff6bb40d6bb52ab94ffa0f315,123553,1.2868327533871327,9,5.184302584850229,54338,0.005737765603020639,5,3.303906542947516,54028,0.0,1,0.6033673339989036,54028,0.0,0,0,54028,0.0,0,0
full_p2_seed17,full,case_044,2,4,1364,02_1001..5000,23,23,0,0,"{""success"": 23}",14.794723832979798,15.096517457976006,0.169995924,13.754612832912244,13.754612832912244,0,7.865435169893317,10.703958540107124,0,0.532128959079273,0.5079820409882814,0.30179362499620765,218386,67402,9,operation,1,0,/Users/liyu/Desktop/中文题目/A题研究/advanced_solver/runs/formal_v2/full_p2_seed17/slots/case_044/p2_n4/attempt_0001/summary.json,344c78a31f912b5c5b62e526ce66158d11f1d0b86178a7b3d42e7b6241c5824b,be5daf7f2c0797288a7f69f71d46987eac0e566be4fc5a23651cf6c86e66344e,124268,0.8436841636746684,19,11.51112366700545,67704,0.004480579211299407,15,9.595104457926936,67402,0.0,11,6.2619387079030275,67402,0.0,7,3.6334180829580873,67402,0.0,0,0
full_p2_seed17,full,case_044,2,5,1364,02_1001..5000,24,12,12,0,"{""success"": 24}",8.81841008295305,9.02294329192955,0.345612287,7.802424709894694,7.718941334984265,0.08348337491042912,4.821397752035409,6.293199164327234,0,0.5814895000075921,0.4344958730507642,0.20453320897649974,219778,82308,16,trace,0,0,/Users/liyu/Desktop/中文题目/A题研究/advanced_solver/runs/formal_v2/full_p2_seed17/slots/case_044/p2_n5/attempt_0001/summary.json,2ac87aaaccef1a8247dc36cbadaf7accf0821173abad9c6ddb54cd9bd09b2ff3,aafe228d3056961285dac38c9d413a38a96cbef3e384b90a2e441057ade42211,132892,0.6145696651601302,20,7.761458502965979,83081,0.00939155367643485,16,7.739913252997212,82388,0.0009719589833308007,12,7.718941334984265,82308,0.0,8,4.91291700094007,82308,0.0,0,0
full_p2_seed17,full,case_045,2,2,1651,02_1001..5000,14,12,2,0,"{""success"": 14}",10.13871775008738,10.350643875077367,0.142358452,9.50736900116317,9.422389834187925,0.08497916697524488,6.152837500907481,7.952459581196308,0,0.3210097079863772,0.3103390409378335,0.21192612498998642,144398,62983,3,component,0,0,/Users/liyu/Desktop/中文题目/A题研究/advanced_solver/runs/formal_v2/full_p2_seed17/slots/case_045/p2_n2/attempt_0001/summary.json,5942119c1cd863e2232ec2a6c7b94922e2332712067f2bea9aad60a9e5081a10,2b1dc19c2c30b8b984a07c1672350468e16bc52ff3d6664315963e583c3a7dab,62983,0.0,10,8.324240042013116,62983,0.0,6,5.035649750032462,62983,0.0,2,1.240462917019613,62983,0.0,0,0,62983,0.0,0,0
full_p2_seed17,full,case_045,2,3,1651,02_1001..5000,14,14,0,0,"{""success"": 14}",10.867862708983012,11.060157000087202,0.157261076,10.216716415481642,10.216716415481642,0,6.584602123941295,8.608621958643198,0,0.3928428750950843,0.25830341840628535,0.19229429110419005,147842,42214,3,component,0,0,/Users/liyu/Desktop/中文题目/A题研究/advanced_solver/runs/formal_v2/full_p2_seed17/slots/case_045/p2_n3/attempt_0001/summary.json,8b3ab4edaec84ff42dfb8de6fbc9fd80e4c0e5bbc1d35473b5821eb6f6d0eb8e,ac56df55a3c500650f21e9212dffa92020828add3e828c9956455ae29480ca79,42214,0.0,10,8.416323874494992,42214,0.0,6,4.78161320858635,42214,0.0,2,1.1600412079133093,42214,0.0,0,0,42214,0.0,0,0
full_p2_seed17,full,case_045,2,4,1651,02_1001..5000,14,14,0,0,"{""success"": 14}",10.057780167087913,10.237194709014148,0.147618884,9.327716750092804,9.327716750092804,0,5.680339875048958,7.740001123864204,0,0.4570509159239009,0.2730125010712072,0.17941454192623496,152374,31878,1,component,0,0,/Users/liyu/Desktop/中文题目/A题研究/advanced_solver/runs/formal_v2/full_p2_seed17/slots/case_045/p2_n4/attempt_0001/summary.json,0eb4a6f92a50de5607be9e2395dfc2be97d5149c9e19ccca0469a30f1347da37,3f7fbbd9bd41bed7949edec6efb77adb478959a3895db19c9fc5e41f83abb6a5,31878,0.0,10,7.520261832978576,31878,0.0,6,4.625852998928167,31878,0.0,2,1.0859864169033244,31878,0.0,0,0,31878,0.0,0,0
full_p2_seed17,full,case_045,2,5,1651,02_1001..5000,14,4,10,0,"{""success"": 14}",2.901789166033268,3.103301875060424,0.157036906,2.0922706248238683,1.9989217489492148,0.09334887587465346,1.0531986260320991,1.5260168340755627,0,0.5603170838439837,0.249201457365416,0.20151270902715623,154482,25770,3,component,0,0,/Users/liyu/Desktop/中文题目/A题研究/advanced_solver/runs/formal_v2/full_p2_seed17/slots/case_045/p2_n5/attempt_0001/summary.json,c3e0fd00bc8c09fdba2324a3394e348688faa08af574d3d2cfec49fce363049b,d9c64934fdb1ba17578843981e520a1912b0fa1ec1cb7b3c04dcb35af611530a,25770,0.0,10,1.1618005838245153,25770,0.0,6,1.1405366668477654,25770,0.0,2,1.116795999929309,25770,0.0,0,0,25770,0.0,0,0
full_p2_seed17,full,case_046,2,2,992,01_<=1000,13,10,3,0,"{""success"": 13}",4.401830332935788,4.566579583100975,0.061931144,4.024103582953103,3.96184433309827,0.06225924985483289,1.987977541051805,2.8757789138471708,0,0.18025054107420146,0.19747620890848339,0.16474925016518682,132200,105690,8,operation,1,0,/Users/liyu/Desktop/中文题目/A题研究/advanced_solver/runs/formal_v2/full_p2_seed17/slots/case_046/p2_n2/attempt_0001/summary.json,1cc338b7a1a45a1101fd18b8be5644605181f93bebc8895de34e48a6726000a2,1b95c2cef07d18922159789e742938f26915db791ca2cc865cb520f30e50ced4,166578,0.5760999148453023,9,3.597369542112574,105690,0.0,5,2.0737884582486004,105690,0.0,1,0.36173375009093434,105690,0.0,0,0,105690,0.0,0,0
full_p2_seed17,full,case_046,2,3,992,01_<=1000,24,24,0,0,"{""success"": 24}",11.877212916966528,12.0555932080606,0.159462517,11.231022625230253,11.231022625230253,0,6.132348666898906,8.647025709389709,0,0.25847295799758285,0.3877173337386921,0.17838029109407216,207449,98226,17,trace,0,0,/Users/liyu/Desktop/中文题目/A题研究/advanced_solver/runs/formal_v2/full_p2_seed17/slots/case_046/p2_n3/attempt_0001/summary.json,648fc4e570ed7b692bf118c4757a02a3655004d8d0191b9b2046867c20399997,4b1b3c7063ca630f7b92b35ce21a08e2e09eecc56de4b45dbf8ce7dae020fc0d,142176,0.4474375419949912,20,9.746983542107046,101309,0.03138680186508669,16,7.9313505430473015,98650,0.00431657605929181,12,5.755515418131836,98650,0.00431657605929181,8,3.8932361270999536,98226,0.0,0,0
full_p2_seed17,full,case_046,2,4,992,01_<=1000,13,13,0,0,"{""success"": 13}",5.625276583945379,5.792681332910433,0.138684369,5.13731658377219,5.13731658377219,0,2.544612335273996,3.705780834075995,0,0.27889166702516377,0.20906833314802498,0.16740474896505475,138204,78100,8,operation,1,0,/Users/liyu/Desktop/中文题目/A题研究/advanced_solver/runs/formal_v2/full_p2_seed17/slots/case_046/p2_n4/attempt_0001/summary.json,949e4b3fdc454fc191783915e582e52077205aa7273ec43f6438c06859dbdd47,e2314b0871c88d8c44948211babd204bc2ba92a20b5d5845ab77d9dd1a8757e9,124612,0.5955441741357235,9,3.645982876769267,78100,0.0,5,2.114845958771184,78100,0.0,1,0.3653916659532115,78100,0.0,0,0,78100,0.0,0,0
full_p2_seed17,full,case_046,2,5,992,01_<=1000,13,2,11,0,"{""success"": 13}",1.4147178750718012,1.5629798748996109,0.07458266,0.8555687081534415,0.7451012490782887,0.11046745907515287,0.3549187919124961,0.5192618758883327,0,0.34168520907405764,0.21746395784430206,0.14826199982780963,143745,93267,12,operation,1,0,/Users/liyu/Desktop/中文题目/A题研究/advanced_solver/runs/formal_v2/full_p2_seed17/slots/case_046/p2_n5/attempt_0001/summary.json,fef5e8ec3d3e200cbe3b2d3b317fb2f144d2605e9ff4f67d035ef0c255f36181,34fa1ba102752cb849a698079e284c2f4d2350603727186ecf82c60bd45baae2,124612,0.3360781412503886,9,0.41467675019521266,94086,0.008781240953391833,5,0.39589091716334224,93267,0.0,1,0.36934683308936656,93267,0.0,0,0,93267,0.0,0,0
full_p2_seed17,full,case_047,2,2,13710,04_>10000,21,20,1,0,"{""success"": 21}",190.5773286250187,190.87431854207534,1.252166451,186.32178558188025,186.25846816587728,0.06331741600297391,170.8423267910257,183.37393670587335,0,2.583037873962894,1.6725051691755652,0.296989917056635,447968,196688,18,trace,0,0,/Users/liyu/Desktop/中文题目/A题研究/advanced_solver/runs/formal_v2/full_p2_seed17/slots/case_047/p2_n2/attempt_0001/summary.json,54657c63a7b99580e2784967f43fef5e8f17a2b596836b000723df447c81f0ce,c1e80c4e31327ec477921b6d2435aa1feceaa61f4d892b60a5805891bd0554a5,199744,0.015537297649068638,17,154.85928012384102,196689,5.084194256932406e-06,13,106.77047391678207,196689,5.084194256932406e-06,9,69.80595637380611,196689,5.084194256932406e-06,5,38.000327749876305,196688,0.0,0,0
full_p2_seed17,full,case_047,2,3,13710,04_>10000,21,21,0,0,"{""success"": 21}",168.50826274999417,168.73031820903998,1.171822426,163.76478333387058,163.76478333387058,0,147.82915758213494,160.9265500853071,0,3.0910345420707017,1.6524448740528896,0.22205545904580504,518743,129324,15,trace,0,0,/Users/liyu/Desktop/中文题目/A题研究/advanced_solver/runs/formal_v2/full_p2_seed17/slots/case_047/p2_n3/attempt_0001/summary.json,ff4aa8c3277c3a378028dab5b9aea98b79e1f9f5225fb26a2afc656da1de2cd9,3b665b87f8d0990986f0e7032c27ca527f98cfb9cf4b765bcc59727eaba77e1c,151879,0.17440691596300772,17,125.32538262486923,138392,0.07011846215706297,13,86.72760354180355,138392,0.07011846215706297,9,56.79484295891598,129324,0.0,5,33.24001204199158,129324,0.0,0,0
full_p2_seed17,full,case_047,2,4,13710,04_>10000,21,21,0,0,"{""success"": 21}",161.56112208298873,161.7994196250802,1.364189518,156.73182658618316,156.73182658618316,0,139.90870712511241,153.8701895008562,0,3.2369147500721738,1.5923807467333972,0.23829754209145904,542731,112277,15,trace,0,0,/Users/liyu/Desktop/中文题目/A题研究/advanced_solver/runs/formal_v2/full_p2_seed17/slots/case_047/p2_n4/attempt_0001/summary.json,9cd44146dc1063958b50124904cc01b473aa57f7d40b63960136272f45583c84,589118e1b658c3d956b87b72793e006612d202c137279c27db5b769703d70ee9,141470,0.2600087284127648,17,123.25123450218234,131831,0.17415855428983673,13,87.27008341811597,131537,0.17154003046037913,9,58.94225241802633,112277,0.0,5,31.205500834039412,112277,0.0,0,0
full_p2_seed17,full,case_047,2,5,13710,04_>10000,21,12,9,0,"{""success"": 21}",75.42459991690703,75.65187962492928,1.732825767,70.62649020797107,70.48884224914946,0.13764795882161707,62.19569796102587,68.97983037494123,0,3.285853915847838,1.5122557930881158,0.22727970802225173,553838,95853,15,trace,0,0,/Users/liyu/Desktop/中文题目/A题研究/advanced_solver/runs/formal_v2/full_p2_seed17/slots/case_047/p2_n5/attempt_0001/summary.json,f72e6c6962b081596df4198021465d0a3d6573f4ad0aac1a087a993409991f7e,dd0dc53dbfc376b9809312a090690de47560e71302a75a53cf236f8f73cfd102,127203,0.32706331570216896,17,70.55475541506894,122134,0.27418025518241484,13,70.50250629114453,122129,0.2741280919741689,9,54.33720104210079,95853,0.0,5,29.866202793084085,95853,0.0,0,0
full_p2_seed17,full,case_048,2,2,1728,02_1001..5000,21,20,1,0,"{""success"": 21}",12.730108459014446,12.88603549997788,0.173438583,12.14955750014633,12.120914167142473,0.02864333300385624,7.720551290898584,9.9369285851717,0,0.2542298750486225,0.32632108381949365,0.15592704096343368,188122,114065,15,trace,0,0,/Users/liyu/Desktop/中文题目/A题研究/advanced_solver/runs/formal_v2/full_p2_seed17/slots/case_048/p2_n2/attempt_0001/summary.json,375605d5fead4a9c0acb7b4858245af2e4c536a73b202a8ca32031d84326d62d,74a59483c8b1dbf55770882bc3b41e74aeee887d837bee43c81a98e22b8aa75c,142208,0.24672774295357902,17,10.359056916087866,114157,0.00080655766448956,13,7.867394042084925,114157,0.00080655766448956,9,5.36808379215654,114065,0.0,5,3.0857645421056077,114065,0.0,0,0
full_p2_seed17,full,case_048,2,3,1728,02_1001..5000,21,21,0,0,"{""success"": 21}",17.383493624976836,17.59234049997758,0.242996551,16.604421997675672,16.604421997675672,0,10.531849291874096,13.672541623120196,0,0.3506687500048429,0.4284028772963211,0.20884687500074506,190803,103645,18,trace,0,0,/Users/liyu/Desktop/中文题目/A题研究/advanced_solver/runs/formal_v2/full_p2_seed17/slots/case_048/p2_n3/attempt_0001/summary.json,c78e3c2ec1a56a559b24f9b67524e18232ed3991d6bfbb7cd6309566d3f2ed8e,e1af797a235d34da7a1ccf3cbd2a4f1e2baf3229df30034d1d12408189b737e6,106815,0.030585170534034534,17,14.251135330763645,104217,0.00551883834241873,13,11.616833122796379,104217,0.00551883834241873,9,8.844725790782832,104217,0.00551883834241873,5,4.68990641576238,103645,0.0,0,0
full_p2_seed17,full,case_048,2,4,1728,02_1001..5000,21,21,0,0,"{""success"": 21}",14.47984579205513,14.69065479200799,0.189506352,13.74269808374811,13.74269808374811,0,8.807616623817012,11.447716542170383,0,0.37397912598680705,0.3631685823202133,0.21080899995286018,195123,102067,16,trace,0,0,/Users/liyu/Desktop/中文题目/A题研究/advanced_solver/runs/formal_v2/full_p2_seed17/slots/case_048/p2_n4/attempt_0001/summary.json,39fb97c315361f0d47bd325f473b69ee1ff6e1f68113d60501dabd62c6a7551b,8543fd7fc8041ff5d07eb05a2cc797ccc544b90330e5eeecb03fb688230ab0ff,104975,0.028491089186514662,17,11.027707250788808,102472,0.003967981815865995,13,8.201965249842033,102472,0.003967981815865995,9,5.504062540945597,102067,0.0,5,3.032613998861052,102067,0.0,0,0
full_p2_seed17,full,case_048,2,5,1728,02_1001..5000,21,12,9,0,"{""success"": 21}",9.271436291979626,9.429269416024908,0.218843398,8.511399747687392,8.450282372767106,0.06111737492028624,5.4898272099671885,7.179547250038013,0,0.42145208292640746,0.33858446136582643,0.1578331240452826,203808,98926,9,trace,0,0,/Users/liyu/Desktop/中文题目/A题研究/advanced_solver/runs/formal_v2/full_p2_seed17/slots/case_048/p2_n5/attempt_0001/summary.json,e3932b76df776aa29680510bb83e8637a4efb3a1820502b7a6323bb093c63ef7,b086fec8cc277e9c6014e9fcb6c6664824f6d133cc73bfd26dbf7739ec42ea22,104738,0.05875098558518488,17,8.474319372675382,102506,0.036188666275802195,13,8.45490074774716,98926,0.0,9,6.2965636648004875,98926,0.0,5,3.254965415922925,98926,0.0,0,0
full_p2_seed17,full,case_049,2,2,4303,02_1001..5000,24,21,3,0,"{""success"": 24}",44.55817695893347,44.73902912507765,0.567998007,42.97790424677078,42.93854420585558,0.039360040915198624,34.87449783377815,40.550797416013665,0,0.8339504998875782,0.7463222122751176,0.18085216614417732,297925,128585,22,trace,0,0,/Users/liyu/Desktop/中文题目/A题研究/advanced_solver/runs/formal_v2/full_p2_seed17/slots/case_049/p2_n2/attempt_0001/summary.json,fa98cbc112bb2403c91b74486ca92e1dfe711ea06d387b9a376aca58c75c2c3b,ff0cc35ded45a7c34230ecc69bd5d7df9081ee25f8f5c8b06eab6515bccb7116,160206,0.24591515340047443,20,41.784825580893084,128702,0.0009099039545825693,16,34.708811330841854,128702,0.0009099039545825693,12,26.444217707961798,128650,0.000505502196990415,8,17.768677250132896,128585,0.0,0,0
full_p2_seed17,full,case_049,2,3,4303,02_1001..5000,24,24,0,0,"{""success"": 24}",50.18201416602824,50.364107041968964,0.649598739,48.19242853985634,48.19242853985634,0,38.67943870462477,45.41473708697595,0,1.209180083940737,0.7804055422311649,0.1820928759407252,301289,94641,18,trace,0,0,/Users/liyu/Desktop/中文题目/A题研究/advanced_solver/runs/formal_v2/full_p2_seed17/slots/case_049/p2_n3/attempt_0001/summary.json,dff2b8dd50c61dcc5f39b0ab160cbb3a15c5476eabcdf40c5162737f7d798105,f7d0a4113b304079de2500c27cde1414f9c791b599340bb2e32f88fabbb3c40d,160224,0.692966050654579,20,42.96024174883496,108124,0.14246468232584197,16,34.75695762492251,108124,0.14246468232584197,12,25.805750375962816,107937,0.1404887944970996,8,17.393278499948792,94641,0.0,0,0
full_p2_seed17,full,case_049,2,4,4303,02_1001..5000,24,24,0,0,"{""success"": 24}",54.80411216698121,55.003828458022326,0.71416115,52.56439450068865,52.56439450068865,0,41.72748292039614,49.59950299875345,0,1.365136124775745,0.8745815415168181,0.19971629104111344,313834,93550,15,trace,0,0,/Users/liyu/Desktop/中文题目/A题研究/advanced_solver/runs/formal_v2/full_p2_seed17/slots/case_049/p2_n4/attempt_0001/summary.json,0f67ff23d4883c9adcdca26aba78ec26d14f7caebbcfe199766627fdb27138a8,274bb69eb634755903884971a9886902cad3d361d223d7b442353ca65a916124,160242,0.7129021913415285,20,47.340836167684756,107092,0.1447568145376803,16,36.60867620969657,107092,0.1447568145376803,12,26.98710612684954,93550,0.0,8,18.12338558398187,93550,0.0,0,0
full_p2_seed17,full,case_049,2,5,4303,02_1001..5000,24,12,12,0,"{""success"": 24}",19.62733620905783,19.809492541011423,0.538561126,17.338720207917504,17.21701570681762,0.12170450109988451,13.166110414080322,15.9720550396014,0,1.589817792060785,0.6987982090795413,0.1821563319535926,309186,59914,18,trace,0,0,/Users/liyu/Desktop/中文题目/A题研究/advanced_solver/runs/formal_v2/full_p2_seed17/slots/case_049/p2_n5/attempt_0001/summary.json,1749e4aa1c8d710b4464a3bf22e8dd15a30bfc41112c50d79445d86cdbaed548,9fb892418d2d89baee2f5da3e9c4754c9a370d4d4c3c0271aeb71d8cb9aab770,160260,1.6748339286310379,20,17.274395373882726,103297,0.7240878592649465,16,17.245603665942326,103297,0.7240878592649465,12,17.21701570681762,87285,0.4568381346596788,8,11.065757374861278,59914,0.0,0,0
full_p2_seed17,full,case_050,2,2,4555,02_1001..5000,24,21,3,0,"{""success"": 24}",37.648710042005405,37.82861933391541,0.445135464,36.14557771210093,36.09829675313085,0.047280958970077336,29.080639083869755,33.726056333165616,0,0.841968624969013,0.6611637049354613,0.1799092919100076,278857,93560,18,trace,0,0,/Users/liyu/Desktop/中文题目/A题研究/advanced_solver/runs/formal_v2/full_p2_seed17/slots/case_050/p2_n2/attempt_0001/summary.json,2757b22bc7f13688538d17786f993e51a41e8e2e9f17f54eb35b174e5f4b3749,167026126a0f2d28a86ed685d522e037a3b10157abf9d61f37a6cd204e1aa6c4,108121,0.15563274903805047,20,34.929346961085685,106852,0.14206926036767853,16,28.090366336051375,106852,0.14206926036767853,12,19.419934169156477,102961,0.10048097477554507,8,12.810673543135636,93560,0.0,0,0
full_p2_seed17,full,case_050,2,3,4555,02_1001..5000,24,24,0,0,"{""success"": 24}",41.799213082995266,41.98731958295684,0.457591942,39.883065124973655,39.883065124973655,0,31.945952415349893,37.26818458281923,0,1.199360957951285,0.716787000070326,0.18810649996157736,298010,56241,18,trace,0,0,/Users/liyu/Desktop/中文题目/A题研究/advanced_solver/runs/formal_v2/full_p2_seed17/slots/case_050/p2_n3/attempt_0001/summary.json,1c00b6f02bd17f751c3cd0ae171a28d5c9386e1fc129bbb7af7ac9eda51e07b3,17776f26d3fc2e2a35008b3601006815a9552b5234d40181dbb891946cd46425,108134,0.922689852598638,20,33.21141012490261,74489,0.3244608026173077,16,25.93587312591262,74489,0.3244608026173077,12,17.310079498915,74489,0.3244608026173077,8,11.36837341694627,56241,0.0,0,0
full_p2_seed17,full,case_050,2,4,4555,02_1001..5000,24,24,0,0,"{""success"": 24}",42.10218845901545,42.289813874987885,0.493280144,39.99106991721783,39.99106991721783,0,31.780750665231608,37.500493081868626,0,1.4024259150028229,0.7086926267948002,0.18762541597243398,308957,60703,18,trace,0,0,/Users/liyu/Desktop/中文题目/A题研究/advanced_solver/runs/formal_v2/full_p2_seed17/slots/case_050/p2_n4/attempt_0001/summary.json,8969eb124417f191d640efa6b5cec50ec16f63a61139504066d281c1506fa430,fe778337c2d14c5470a181d1bf3b59b1d44fdec9cbdb919ccb826f82f15c40b5,108147,0.7815758693968997,20,34.363783208304085,70905,0.16806418134194345,16,26.47987745841965,70905,0.16806418134194345,12,16.99558720830828,70905,0.16806418134194345,8,11.553584417211823,60703,0.0,0,0
full_p2_seed17,full,case_050,2,5,4555,02_1001..5000,24,14,10,0,"{""success"": 24}",22.871862374944612,23.26222845807206,0.617462659,20.594630706473254,20.503980082110502,0.09065062436275184,15.853331249789335,18.978293958236463,0,1.593662624945864,0.6835690435254946,0.3903660831274465,316459,48891,18,trace,0,0,/Users/liyu/Desktop/中文题目/A题研究/advanced_solver/runs/formal_v2/full_p2_seed17/slots/case_050/p2_n5/attempt_0001/summary.json,8ee24c3e7bf716b539af494aeea537f5a1ea9ef98693f3b15dbc88148e323b17,378b0309ab7ca26ff2aa4de38d48bbc4ae6afd8d3c317f13dbaea69ecf11a101,108160,1.2122681066044874,20,18.02842004026752,65615,0.3420670471047842,16,17.99978470709175,65615,0.3420670471047842,12,17.971779332030565,64871,0.32684952240698695,8,12.134862583014183,48891,0.0,0,0
full_p2_seed17,full,case_051,2,2,1416,02_1001..5000,21,20,1,0,"{""success"": 21}",10.713843540987,10.881787625025027,0.147741203,10.059440831071697,10.032246956019662,0.027193875052034855,5.913448667968623,8.005875459057279,0,0.2383906259201467,0.416012083995156,0.16794408403802663,189142,319230,10,trace,1,0,/Users/liyu/Desktop/中文题目/A题研究/advanced_solver/runs/formal_v2/full_p2_seed17/slots/case_051/p2_n2/attempt_0001/summary.json,2f05365d143dc847472ba24378f902de6fb0e5be3868a4867bee9f06664d5f7a,7c86c35864022f67d1d1d1125b53de65bcec5f23137ac81e46373e025f4d7328,319243,4.0722989693930955e-05,17,8.37332470715046,319243,4.0722989693930955e-05,13,6.031004165997729,319230,0.0,9,4.134849124937318,319230,0.0,5,2.279642332927324,319230,0.0,0,0
full_p2_seed17,full,case_051,2,3,1416,02_1001..5000,20,20,0,0,"{""success"": 20}",11.11009816697333,11.27921658300329,0.165488283,10.530869291513227,10.530869291513227,0,6.190494334325194,8.373140665935352,0,0.261760625988245,0.31746824947185814,0.16911841602995992,180522,228533,3,operation,1,0,/Users/liyu/Desktop/中文题目/A题研究/advanced_solver/runs/formal_v2/full_p2_seed17/slots/case_051/p2_n3/attempt_0001/summary.json,717b608862ad3e7ca5477e29adb729fe3d5b2ab6928e628635c78b3c46b78c0e,815c5fd1601b4e8d0a2564b97a49102de87a96aafe4082575d131656f570dd9d,228533,0.0,16,8.5514720834326,228533,0.0,12,6.4364767502993345,228533,0.0,8,4.326445959275588,228533,0.0,4,2.0603565830970183,228533,0.0,0,0
full_p2_seed17,full,case_051,2,4,1416,02_1001..5000,20,20,0,0,"{""success"": 20}",11.556186874979176,11.724408166948706,0.167231053,10.896285084192641,10.896285084192641,0,6.309404378989711,8.717334833345376,0,0.31169608305208385,0.3482057077344507,0.16822129196953028,183909,179465,3,operation,1,0,/Users/liyu/Desktop/中文题目/A题研究/advanced_solver/runs/formal_v2/full_p2_seed17/slots/case_051/p2_n4/attempt_0001/summary.json,73b064b64840fdc7964a56b30fab57b9baee7e27821afc0b1349fe098650126d,efd83617fa09589d6136f09fcfc2de4923d4fbba5a31955f9f21214fb881296d,179465,0.0,16,8.716667584143579,179465,0.0,12,6.6182081260485575,179465,0.0,8,4.525783542077988,179465,0.0,4,2.2838509591529146,179465,0.0,0,0
full_p2_seed17,full,case_051,2,5,1416,02_1001..5000,21,12,9,0,"{""success"": 21}",7.248410291969776,7.416390332975425,0.193696274,6.581762251094915,6.5134300431236625,0.0683322079712525,3.8157013753661886,5.247980124782771,0,0.3412126660114154,0.32543537486344576,0.16798004100564867,202758,164390,21,trace,0,0,/Users/liyu/Desktop/中文题目/A题研究/advanced_solver/runs/formal_v2/full_p2_seed17/slots/case_051/p2_n5/attempt_0001/summary.json,62525fa61f6e44c50821f6ef86c0dd98cedf938516c190f37b28dfc08ae8815b,133df98007cee02ccf6fe3e3d09514047f439f62f0fb3422e95fefc3b1134c2c,183148,0.11410669748768165,17,6.537092334008776,164392,1.2166190157536505e-05,13,6.518007459118962,164392,1.2166190157536505e-05,9,4.837357500917278,164392,1.2166190157536505e-05,5,2.6307620429433882,164390,0.0,0,0
full_p2_seed17,full,case_052,2,2,1008,02_1001..5000,24,21,3,0,"{""success"": 24}",9.563501333002932,9.698714416939765,0.114150524,9.005066292011179,8.975774458958767,0.029291833052411675,4.832908707787283,6.785859622061253,0,0.22239062504377216,0.3360444159479812,0.13521308393683285,192033,86229,3,component,0,0,/Users/liyu/Desktop/中文题目/A题研究/advanced_solver/runs/formal_v2/full_p2_seed17/slots/case_052/p2_n2/attempt_0001/summary.json,5c7cd12f5e102e9a3b179348f03442fa7a119b1fd44713d761c9daa9fa02cd9c,717c68e0e79ecfb0cd04957a3fa2a3c58ac4a47380889e1f773e15deb15deacc,86229,0.0,20,8.612799750058912,86229,0.0,16,6.688116793055087,86229,0.0,12,4.683500917861238,86229,0.0,8,2.8777872099308297,86229,0.0,0,0
full_p2_seed17,full,case_052,2,3,1008,02_1001..5000,24,24,0,0,"{""success"": 24}",10.80330116697587,10.968214082997292,0.129120404,10.164496080833487,10.164496080833487,0,5.633987792069092,7.7429927088087425,0,0.3187664581928402,0.3200386279495433,0.16491291602142155,203896,55736,14,trace,0,0,/Users/liyu/Desktop/中文题目/A题研究/advanced_solver/runs/formal_v2/full_p2_seed17/slots/case_052/p2_n3/attempt_0001/summary.json,15a5d0c4ac115e40e61ac32cda4a0ac82ed73265a2c22d2f867cf8096aa66f8c,1afc0b725a4de6147935f6bfc2842756d1a67ed4bd1a4b7b51082a74d1220d80,63144,0.13291230084684935,20,8.668097496964037,63144,0.13291230084684935,16,6.685346040059812,63144,0.13291230084684935,12,4.276788415038027,55736,0.0,8,2.8373984991339967,55736,0.0,0,0
full_p2_seed17,full,case_052,2,4,1008,02_1001..5000,24,24,0,0,"{""success"": 24}",11.041246791020967,11.190230667009018,0.130694757,10.312890419969335,10.312890419969335,0,5.671679540537298,7.897178002167493,0,0.4013915420509875,0.3269648290006444,0.1489838759880513,209319,40802,14,trace,0,0,/Users/liyu/Desktop/中文题目/A题研究/advanced_solver/runs/formal_v2/full_p2_seed17/slots/case_052/p2_n4/attempt_0001/summary.json,5bd2bf7432f1a3d9478e4abeebbf28c30a4b67c9c530302704988d5a5110f0e4,81aee5135247820ddd9fe48d4fa6217c5fb27ae46febaeef590997eb5cd64187,47802,0.1715602176363904,20,8.877592210890725,47802,0.1715602176363904,16,6.881079543847591,47802,0.1715602176363904,12,4.62913162575569,40802,0.0,8,2.952018792857416,40802,0.0,0,0
full_p2_seed17,full,case_052,2,5,1008,02_1001..5000,24,14,10,0,"{""success"": 24}",5.8826706249965355,6.050132083008066,0.14254306,5.085304418113083,5.01500308397226,0.07030133414082229,2.4611514998832718,3.5756782909156755,0,0.48070762504357845,0.3166585818398744,0.16746145801153034,213660,34883,14,trace,0,0,/Users/liyu/Desktop/中文题目/A题研究/advanced_solver/runs/formal_v2/full_p2_seed17/slots/case_052/p2_n5/attempt_0001/summary.json,59647aa336e26f4c2dad9618e667ed21ce68da9b20b8a6d9c42f1e6a00912e56,8fb7704ab869911c9ee6379a6b25f6ef6ebbd19ea66fa7ba3f6031b844237ed4,38778,0.11165897428546856,20,4.360052124946378,38778,0.11165897428546856,16,4.341262708883733,38778,0.11165897428546856,12,4.323698166874237,34883,0.0,8,2.8296702917432413,34883,0.0,0,0
full_p2_seed17,full,case_053,2,2,11670,04_>10000,24,22,2,0,"{""success"": 24}",187.1202402500203,187.43167049996555,1.649363138,182.45134941698052,182.40838645899203,0.042962957988493145,165.37032649782486,179.43866879190318,0,2.9997528759995475,1.6691379570402205,0.3114302499452606,460128,723842,15,trace,0,0,/Users/liyu/Desktop/中文题目/A题研究/advanced_solver/runs/formal_v2/full_p2_seed17/slots/case_053/p2_n2/attempt_0001/summary.json,651d145c8c01cf31262b0334af333b9180c0827e407d4fff8d5c670877aeac4d,d5cf95f5003563ff770c4a69b6d06a1ab8102448a4e840f10ca58a9f87313c37,774757,0.07033993606339495,20,173.75576770899352,761137,0.051523675056158735,16,144.46425062604249,761137,0.051523675056158735,12,107.84451787499711,723842,0.0,8,73.43164095794782,723842,0.0,0,0
full_p2_seed17,full,case_053,2,3,11670,04_>10000,24,24,0,0,"{""success"": 24}",167.22291499993298,167.60047162498813,1.218229398,161.94228246062994,161.94228246062994,0,146.7372535028262,158.70663824887015,0,3.8090070000616834,1.4716255392413586,0.3775566250551492,418921,527257,16,trace,0,0,/Users/liyu/Desktop/中文题目/A题研究/advanced_solver/runs/formal_v2/full_p2_seed17/slots/case_053/p2_n3/attempt_0001/summary.json,8e35f97243e44ab7870e5aec61be4ce9eac0ae43a8ae1f75f360e232f477ec43,c6fbc48ba95fb754b590101082f4396f829e1146ae881f8c5cf5604136e7ef4c,546106,0.03574916975971876,20,143.54787679365836,546106,0.03574916975971876,16,110.14391866780352,546106,0.03574916975971876,12,71.03231395897456,527257,0.0,8,46.309290000936016,527257,0.0,0,0
full_p2_seed17,full,case_053,2,4,11670,04_>10000,24,24,0,0,"{""success"": 24}",157.76290154096205,158.0093315410195,1.101341382,151.96497091895435,151.96497091895435,0,137.06200479192194,148.93300129519776,0,4.340800749952905,1.457129872054793,0.24643000005744398,422340,473648,16,trace,0,0,/Users/liyu/Desktop/中文题目/A题研究/advanced_solver/runs/formal_v2/full_p2_seed17/slots/case_053/p2_n4/attempt_0001/summary.json,acb7124bb0ea114d225cde1824adda891b72b28e23ecb3bf1ad82ad3560aeeca,b396823ef581277eca6c429a6a62951c5ba121a808aefc9c6fe92eabe6ac9470,492232,0.039235888254568696,20,132.2634582099272,492232,0.039235888254568696,16,100.65516716788989,492232,0.039235888254568696,12,63.91041687584948,473648,0.0,8,41.17493875080254,473648,0.0,0,0
full_p2_seed17,full,case_053,2,5,11670,04_>10000,24,14,10,0,"{""success"": 24}",75.3567833340494,75.5851123330649,1.179530535,69.31770891393535,69.14092262287159,0.1767862910637632,63.13838558353018,67.50780108524486,0,4.6893277920316905,1.3497466280823573,0.22832899901550263,459511,461619,14,trace,0,0,/Users/liyu/Desktop/中文题目/A题研究/advanced_solver/runs/formal_v2/full_p2_seed17/slots/case_053/p2_n5/attempt_0001/summary.json,4b7f706a50d115e1d548d0f109ac2e6dab9896088482d59286a60dc06ad08a0a,3de8bbf9cd6afa112dbe97c26ab6abf295f1c23d71df352909767cf15ff7d9cc,492699,0.06732825122016206,20,59.7389129139483,492699,0.06732825122016206,16,59.69128645595629,492699,0.06732825122016206,12,59.64158991491422,461619,0.0,8,39.196727581787854,461619,0.0,0,0
full_p2_seed17,full,case_054,2,2,15751,04_>10000,24,21,3,0,"{""success"": 24}",279.8382205419475,280.1288143749116,2.157891917,274.06110016815364,274.00191875209566,0.05918141605798155,253.54098483070266,271.0372113317717,0,3.4926034169038758,2.284516956890002,0.2905938329640776,680840,477137,13,trace,0,0,/Users/liyu/Desktop/中文题目/A题研究/advanced_solver/runs/formal_v2/full_p2_seed17/slots/case_054/p2_n2/attempt_0001/summary.json,fb1a388e5c0b937163918097857edaf8c80685cf50526c3ef22f0cb4bedff11b,8c720e91269acb9b430d40e3744c36a87051a938f22bc5cce1cacbc3290826e6,517960,0.08555823589451239,20,264.4419642940629,477167,6.287502331625561e-05,16,218.94157571019605,477167,6.287502331625561e-05,12,164.52250458521303,477137,0.0,8,111.89060537610203,477137,0.0,0,0
full_p2_seed17,full,case_054,2,3,15751,04_>10000,24,24,0,0,"{""success"": 24}",252.90837520803325,253.17474604200106,1.605416827,246.35928449884523,246.35928449884523,0,226.04181025060825,243.06750616698992,0,4.470220416900702,2.07887029228732,0.26637083396781236,541523,312014,8,operation,0,0,/Users/liyu/Desktop/中文题目/A题研究/advanced_solver/runs/formal_v2/full_p2_seed17/slots/case_054/p2_n3/attempt_0001/summary.json,d8d434fd3d5c728da09fc1932b5566fd3a524c7e6b75c60a85a4e6e39a4892e6,2571e8d2fab1ecfcb3db8468853229fe28525ad3343dee361669c11d65e730a8,517986,0.6601370451325903,20,202.48752612504177,312014,0.0,16,152.00738616695162,312014,0.0,12,94.4351221260149,312014,0.0,8,61.33025225007441,312014,0.0,0,0
full_p2_seed17,full,case_054,2,4,15751,04_>10000,24,24,0,0,"{""success"": 24}",226.75896454206668,227.01383095793426,2.576255201,220.1305941658793,220.1305941658793,0,199.82870904100128,216.8897903348552,0,4.6453675830271095,1.9830027931602672,0.25486641586758196,628163,257464,18,trace,0,0,/Users/liyu/Desktop/中文题目/A题研究/advanced_solver/runs/formal_v2/full_p2_seed17/slots/case_054/p2_n4/attempt_0001/summary.json,ea87aae448330d082ffb3656d9c0b6a7ef22bce2e6dc4bd82f55a49b0938e205,38764a0b51c4c3e852f9bd0a1c51f2e0a395ae0343523bd4f7e8ad3b7680b542,518015,1.0119900257900132,20,183.09112391492818,261761,0.016689711959730236,16,140.65036816394422,261761,0.016689711959730236,12,91.15954974689521,261761,0.016689711959730236,8,62.20525120594539,257464,0.0,0,0
full_p2_seed17,full,case_054,2,5,15751,04_>10000,24,14,10,0,"{""success"": 24}",108.91628708294593,109.19257962505799,1.982998352,101.25864675012417,101.07310299912933,0.18554375099483877,90.96437991794664,99.22745408385526,0,5.681189834023826,1.9764504987979308,0.2762925421120599,645371,219769,18,trace,0,0,/Users/liyu/Desktop/中文题目/A题研究/advanced_solver/runs/formal_v2/full_p2_seed17/slots/case_054/p2_n5/attempt_0001/summary.json,7437d00e7edc801e91de60147029d7cd284db6cf3e9708260e1289eccacc9577,486ee053de22d5aa74873d395cece4927aa0ac8641a839c27c82d9c16629978d,518133,1.3576255067821212,20,82.73906166711822,265902,0.20991586620496983,16,82.67956975009292,265902,0.20991586620496983,12,82.61715008306783,264327,0.2027492503492303,8,55.16519208298996,219769,0.0,0,0
full_p2_seed17,full,case_055,2,2,1236,02_1001..5000,24,22,2,0,"{""success"": 24}",11.75312374997884,11.944320000009611,0.154324863,11.06967295659706,11.011689624516293,0.05798333208076656,6.3440301668597385,8.568584168097004,0,0.31092495715711266,0.37252583622466773,0.1911962500307709,196324,51836,4,component,0,0,/Users/liyu/Desktop/中文题目/A题研究/advanced_solver/runs/formal_v2/full_p2_seed17/slots/case_055/p2_n2/attempt_0001/summary.json,71e7e2b0e87a6db44cc98a171f96949353c021031219629dd48a2b9b983b46ce,238f703f61d3455c7ac7ac51ebdbcd8ab4e0d7593adc48334c9262a9ccb6dd80,51836,0.0,20,10.231891124509275,51836,0.0,16,7.803809915436432,51836,0.0,12,4.97196404018905,51836,0.0,8,3.2859629159793258,51836,0.0,0,0
full_p2_seed17,full,case_055,2,3,1236,02_1001..5000,24,24,0,0,"{""success"": 24}",12.11265949998051,12.28312745806761,0.146464562,11.360202079755254,11.360202079755254,0,6.404870749916881,8.767327372916043,0,0.4003897081129253,0.3520677121123299,0.17046795808710158,198082,40867,21,trace,0,0,/Users/liyu/Desktop/中文题目/A题研究/advanced_solver/runs/formal_v2/full_p2_seed17/slots/case_055/p2_n3/attempt_0001/summary.json,64bb9fb777dc286ca3a7d770e60e1cb46dbc3b9ad630f1cc8ed6cecb1608f677,10d6cab48e860cea9812f1cc6e82db8cb33e6dc13bb2af2ab33768f2d4bf1708,41743,0.021435387965840436,20,9.863517914665863,41743,0.021435387965840436,16,7.422458914923482,41743,0.021435387965840436,12,4.889180789818056,41743,0.021435387965840436,8,3.2108812070218846,40867,0.0,0,0
full_p2_seed17,full,case_055,2,4,1236,02_1001..5000,24,24,0,0,"{""success"": 24}",13.68147270893678,13.872002625023015,0.154280236,12.729534834972583,12.729534834972583,0,7.405048502027057,10.012383996974677,0,0.559306374983862,0.3926314989803359,0.19052991608623415,210683,29477,14,trace,0,0,/Users/liyu/Desktop/中文题目/A题研究/advanced_solver/runs/formal_v2/full_p2_seed17/slots/case_055/p2_n4/attempt_0001/summary.json,b2cb338d339121c2351ac7d7d8ac24fd8610a73ba7cdd3209d9aec5c790e5b32,ed50b260d96c6cd4c49cc86879ec0350348e5836a769f5a72e184ba6e54bb73f,31284,0.06130203209281815,20,11.208215793943964,31284,0.06130203209281815,16,8.252466459874995,31284,0.06130203209281815,12,5.19099241681397,29477,0.0,8,3.4007669998100027,29477,0.0,0,0
full_p2_seed17,full,case_055,2,5,1236,02_1001..5000,24,13,11,0,"{""success"": 24}",6.723197082988918,6.895800999947824,0.172706532,5.615405586082488,5.53536391700618,0.08004166907630861,2.96154154301621,4.149918707786128,0,0.7293134999927133,0.3784779969137162,0.17260391695890576,208855,26309,4,component,0,0,/Users/liyu/Desktop/中文题目/A题研究/advanced_solver/runs/formal_v2/full_p2_seed17/slots/case_055/p2_n5/attempt_0001/summary.json,cefebf4d31bdbcb97e1b02f61bc64ad4993064f4ebea86cbcd7f42503d6351c5,dd60e243f3863bdf3aad0c0fd8e77ed065154004b1c1f4defea2deb3643256d4,26309,0.0,20,5.222337001934648,26309,0.0,16,5.200133501086384,26309,0.0,12,5.178234999999404,26309,0.0,8,3.4936049170792103,26309,0.0,0,0
full_p2_seed17,full,case_056,2,2,7678,03_5001..10000,24,21,3,0,"{""success"": 24}",102.10801608394831,102.38430645794142,0.980891474,98.77914166438859,98.7048786233645,0.07426304102409631,86.5883532082662,95.97929125023074,0,1.9373029170092195,1.391571502550505,0.2762903739931062,400142,186853,15,trace,0,0,/Users/liyu/Desktop/中文题目/A题研究/advanced_solver/runs/formal_v2/full_p2_seed17/slots/case_056/p2_n2/attempt_0001/summary.json,6fa640ef16537675c1f10f3a63771c29ab673774dccf0c26fd73db8d6cfd2a4b,48c0c8b5c5f8b7e68e2a6e19d8ec7ab7a06ca5915bc03ae36f4b36337334376a,265710,0.4220269409642874,20,95.22786141431425,196969,0.05413881500430828,16,77.2969272902701,190202,0.01792318025399653,12,57.78916999918874,186853,0.0,8,38.0598162910901,186853,0.0,0,0
full_p2_seed17,full,case_056,2,3,7678,03_5001..10000,24,24,0,0,"{""success"": 24}",119.65078833303414,119.88403091696091,1.149703365,116.14839837502223,116.14839837502223,0,100.98931012488902,112.94838671095204,0,2.2107066250173375,1.2916833329945803,0.2332425839267671,403925,126294,18,trace,0,0,/Users/liyu/Desktop/中文题目/A题研究/advanced_solver/runs/formal_v2/full_p2_seed17/slots/case_056/p2_n3/attempt_0001/summary.json,bcfa9cd8bc4c082e495e8b12738db13fc029e88730b949e7e10d1b8f9c194181,5abd1ec4991f5deaf65ffdf45e17da75dd8600633ac8706f615b28342a139bbe,265728,1.104042947408428,20,101.60610087390523,181681,0.43855606758832555,16,82.82263391499873,181311,0.4356263955532329,12,61.19860508304555,181174,0.434541625096996,8,40.1395932919113,126294,0.0,0,0
full_p2_seed17,full,case_056,2,4,7678,03_5001..10000,24,24,0,0,"{""success"": 24}",105.08735987497494,105.31154912500642,1.116650642,101.48079845996108,101.48079845996108,0,87.15580996184144,98.49494479154237,0,2.3805587900569662,1.226002624956891,0.22418925003148615,409673,128265,15,trace,0,0,/Users/liyu/Desktop/中文题目/A题研究/advanced_solver/runs/formal_v2/full_p2_seed17/slots/case_056/p2_n4/attempt_0001/summary.json,736804097442bbc639295237223a6a7cd7e9e83581feaec0cdd382224ae95fff,c416087e6706cb41df1491625dfeed6a4a7cf3e0113d73f60044c6cdd5ffd0c0,265746,1.0718512454683662,20,88.59589750005398,170438,0.32879585233695874,16,71.61478766589426,170438,0.32879585233695874,12,51.574429291067645,128265,0.0,8,33.00340520800091,128265,0.0,0,0
full_p2_seed17,full,case_056,2,5,7678,03_5001..10000,24,13,11,0,"{""success"": 24}",42.053024749970064,42.26944187504705,0.998267317,38.59430533775594,38.465862752869725,0.12844258488621563,32.33849175123032,36.9596368749626,0,2.4020274160429835,1.0566919961711392,0.21641712507698685,408162,93400,18,trace,0,0,/Users/liyu/Desktop/中文题目/A题研究/advanced_solver/runs/formal_v2/full_p2_seed17/slots/case_056/p2_n5/attempt_0001/summary.json,e3a968d2f70ef674bf9efbba6f2ff8c111ab0b700e4d8d71ce95d0aa11706ee2,e5cc1ca1cc8a5f60b40bbc941f0288bfed3f7f0126271f46c7005711be0ed47c,265764,1.845438972162741,20,35.69532087875996,158328,0.6951605995717345,16,35.65658283664379,158328,0.6951605995717345,12,35.61627333587967,131155,0.40422912205567463,8,23.789859918993898,93400,0.0,0,0
full_p2_seed17,full,case_057,2,2,865,01_<=1000,24,22,2,0,"{""success"": 24}",8.108755541965365,8.276012749993242,0.095571812,7.631285249022767,7.598594999057241,0.032690249965526164,3.7368614164879546,5.436206541839056,0,0.17685841699130833,0.30061187595129013,0.1672572080278769,190549,32479,14,trace,0,0,/Users/liyu/Desktop/中文题目/A题研究/advanced_solver/runs/formal_v2/full_p2_seed17/slots/case_057/p2_n2/attempt_0001/summary.json,c69d69862258c64e98a809f6887f2c51ac3d4d9cda26124af9dccdd2c6382b9c,21f20e6837fd81408ef5959856411f93aef6c5c188443af1411cbcf3621ec8f1,33588,0.03414513993657442,20,6.992765250033699,33588,0.03414513993657442,16,5.464960042038001,33588,0.03414513993657442,12,3.719424876035191,32479,0.0,8,2.5209565828554332,32479,0.0,0,0
full_p2_seed17,full,case_057,2,3,865,01_<=1000,24,24,0,0,"{""success"": 24}",8.794083000044338,8.942870958941057,0.102367931,8.2517382070655,8.2517382070655,0,4.0583640828263015,5.958266500965692,0,0.24018654110841453,0.30215825187042356,0.14878795889671892,195772,22235,14,trace,0,0,/Users/liyu/Desktop/中文题目/A题研究/advanced_solver/runs/formal_v2/full_p2_seed17/slots/case_057/p2_n3/attempt_0001/summary.json,fb823987f7c289f95577fe67c8572cfbea42cf1ce712d35deaab2ab80fe6be9d,4997d75e34536f530f7246f1de96ab1b3faa4b0aa76f62c360ded88876c461ac,25250,0.1355970317067685,20,7.043105873977765,25250,0.1355970317067685,16,5.341667708009481,25250,0.1355970317067685,12,3.5642879579681903,22235,0.0,8,2.3841076670214534,22235,0.0,0,0
full_p2_seed17,full,case_057,2,4,865,01_<=1000,24,24,0,0,"{""success"": 24}",9.246105917030945,9.424861500039697,0.115149746,8.596025999053381,8.596025999053381,0,4.238720959518105,6.203695165924728,0,0.3417007499374449,0.3083791680401191,0.17875558300875127,200462,17942,14,trace,0,0,/Users/liyu/Desktop/中文题目/A题研究/advanced_solver/runs/formal_v2/full_p2_seed17/slots/case_057/p2_n4/attempt_0001/summary.json,cf0dcd6421b9a2fdcfa78d4736ab9c2dfeecd3a42e3ee294db1f86e1fce63fce,b270211d8687669805b98cccb949a29bcb5f573d5ef9a80601f7a49ef103276a,20957,0.16804146694905797,20,7.362564207054675,20957,0.16804146694905797,16,5.626995122991502,20957,0.16804146694905797,12,3.749083039816469,17942,0.0,8,2.453595998813398,17942,0.0,0,0
full_p2_seed17,full,case_057,2,5,865,01_<=1000,24,14,10,0,"{""success"": 24}",5.294686040957458,5.45979837491177,0.116085132,4.591687331907451,4.508713290793821,0.08297404111362994,1.9580128740053624,3.0514786248095334,0,0.375797874876298,0.32720083417370915,0.1651123339543119,204949,16003,14,trace,0,0,/Users/liyu/Desktop/中文题目/A题研究/advanced_solver/runs/formal_v2/full_p2_seed17/slots/case_057/p2_n5/attempt_0001/summary.json,c00030deca813083a4ad85db4a44aca7629bae7d5aa6c5b325a1aeb0cf31b840,8ced5cd326a22fcdb003e0297dbfab74bc90e6f163df1245f3d349325eb5694e,16538,0.033431231644066806,20,3.8822750409599394,16538,0.033431231644066806,16,3.865559290861711,16538,0.033431231644066806,12,3.841673416784033,16003,0.0,8,2.636903333826922,16003,0.0,0,0
full_p2_seed17,full,case_058,2,2,16575,04_>10000,23,21,2,0,"{""success"": 23}",328.6603407500079,328.8882771669887,1.86140399,323.387719165883,323.3346688738093,0.053050292073749006,303.1943159564398,320.6133419580292,0,3.46583341807127,1.8067881660535932,0.22793641698081046,500935,2266191,14,trace,0,0,/Users/liyu/Desktop/中文题目/A题研究/advanced_solver/runs/formal_v2/full_p2_seed17/slots/case_058/p2_n2/attempt_0001/summary.json,1e905e9bbfaacc9783b63b96dd33932c4ce1c1f9f60e88139057d519e994f422,d5df4917cd1392fdd8e3c33d0f54cd5e20f929e2cf667f0d4503e8be7a55d599,2266495,0.00013414579794912562,19,301.22988070792053,2266495,0.00013414579794912562,15,212.60180700093042,2266381,8.384112371806474e-05,11,123.81271862692665,2266191,0.0,7,73.15111912693828,2266191,0.0,0,0
full_p2_seed17,full,case_058,2,3,16575,04_>10000,14,14,0,0,"{""success"": 14}",239.10078445798717,239.32435062504373,1.623082613,233.69470775208902,233.69470775208902,0,216.62860379181802,231.7617566260742,0,4.068486290983856,1.3375904149143025,0.22356616705656052,456123,1554831,1,component,0,0,/Users/liyu/Desktop/中文题目/A题研究/advanced_solver/runs/formal_v2/full_p2_seed17/slots/case_058/p2_n3/attempt_0001/summary.json,71b43cfdbe73840a0262a592ba6d010bb6602cc76b1e75700fd6bf80cc6db274,36421816803a969dcd45e0407f3716411d872ffb4cfb5df7a83a01e84248d858,1554831,0.0,10,193.0144884600304,1554831,0.0,6,118.00552916817833,1554831,0.0,2,29.024692125152797,1554831,0.0,0,0,1554831,0.0,0,0
full_p2_seed17,full,case_058,2,4,16575,04_>10000,13,13,0,0,"{""success"": 13}",230.32807875005528,230.57644337508827,1.377783304,223.09667108394206,223.09667108394206,0,206.52423570677638,221.11885308113415,0,5.836558167124167,1.3948494989890605,0.24836462503299117,451916,1132993,3,component,0,0,/Users/liyu/Desktop/中文题目/A题研究/advanced_solver/runs/formal_v2/full_p2_seed17/slots/case_058/p2_n4/attempt_0001/summary.json,5565c94e798842defc4cb5e167153a6c9ba9c823c3c60dbbfa3cb963d291d560,b97f4330687ffe652e297486de27068cffa5b19aa89f2557d0b3457e2b3e407a,1132993,0.0,9,176.26451541681308,1132993,0.0,5,96.07699008390773,1132993,0.0,1,7.94821383303497,1132993,0.0,0,0,1132993,0.0,0,0
full_p2_seed17,full,case_058,2,5,16575,04_>10000,14,4,10,0,"{""success"": 14}",49.95972783304751,50.189861083985306,1.631513464,41.51110733195674,41.31485091603827,0.19625641591846943,37.747259874944575,40.79258091794327,0,7.1000621661078185,1.348558334982954,0.23013325093779713,488255,911208,14,trace,1,0,/Users/liyu/Desktop/中文题目/A题研究/advanced_solver/runs/formal_v2/full_p2_seed17/slots/case_058/p2_n5/attempt_0001/summary.json,8f48b7fc30a2bfa33f6e1487a2d5574c39c3234c740d601b3e27f051e312bcf6,36a9d895385ee4b9bc5113c5340426500fddba6c583b5301af2178a6a13d00a9,933280,0.024222789966725555,10,23.94500699895434,933280,0.024222789966725555,6,23.872216165997088,933280,0.024222789966725555,2,23.80429995805025,911208,0.0,0,0,911208,0.0,0,0
full_p2_seed17,full,case_059,2,2,2752,02_1001..5000,12,9,3,0,"{""success"": 12}",11.765130374929868,11.947792749968357,0.181686556,10.86538516706787,10.7911567511037,0.07422841596417129,8.19029070995748,9.761033625807613,0,0.5986164580099285,0.3011287498520687,0.1826623750384897,155308,369318,1,component,0,0,/Users/liyu/Desktop/中文题目/A题研究/advanced_solver/runs/formal_v2/full_p2_seed17/slots/case_059/p2_n2/attempt_0001/summary.json,0461fa72b3b18c2732bb905f38c6abe64c65c05dbf1b54926dcc5f2e889ba913,53ba2bd04df785766dff9d90620ed064a498a7f37764f0832da50044b7823da5,369318,0.0,8,10.000420709024183,369318,0.0,4,4.790431125904433,369318,0.0,0,0,369318,0.0,0,0,369318,0.0,0,0
full_p2_seed17,full,case_059,2,3,2752,02_1001..5000,23,23,0,0,"{""success"": 23}",25.502611166913994,25.670121292001568,0.320078654,24.118278835900128,24.118278835900128,0,17.69174041657243,21.420906414976344,0,0.9021028329152614,0.4822294980986044,0.16751012508757412,221929,253549,16,trace,0,0,/Users/liyu/Desktop/中文题目/A题研究/advanced_solver/runs/formal_v2/full_p2_seed17/slots/case_059/p2_n3/attempt_0001/summary.json,3c3656d49c6bd38838257eee8e1ee68a062a8f2969f1f3d4efe9bb39f6b62ae3,c0e445e7bb435873ef0ab26896455cca461ceaa19deea5165da99100a328a50f,254073,0.002066661670919734,19,20.732338917907327,254073,0.002066661670919734,15,14.964411585009657,253625,0.00029974482249972567,11,9.627190793049522,253549,0.0,7,5.963102042092942,253549,0.0,0,0
full_p2_seed17,full,case_059,2,4,2752,02_1001..5000,12,12,0,0,"{""success"": 12}",14.61780204193201,14.794515040935948,0.183677329,13.200355747831054,13.200355747831054,0,9.738774706958793,11.79642462497577,0,1.1302367089083418,0.2872095851926133,0.17671299900393933,161607,185216,1,component,0,0,/Users/liyu/Desktop/中文题目/A题研究/advanced_solver/runs/formal_v2/full_p2_seed17/slots/case_059/p2_n4/attempt_0001/summary.json,47f6057f765c8b2a67e90a81732b7f25c33bdfb7eba0e7c390ad27244dd11717,814d7fae1e2f64ef81a895efc7cf317a23e6aec22c6550fcde0f01b74b308f66,185216,0.0,8,9.961705164867453,185216,0.0,4,4.75031599891372,185216,0.0,0,0,185216,0.0,0,0,185216,0.0,0,0
full_p2_seed17,full,case_059,2,5,2752,02_1001..5000,13,4,9,0,"{""success"": 13}",5.022717667045072,5.164023624965921,0.227233874,3.289658460067585,3.20880191703327,0.08085654303431511,2.256804708042182,2.7918202488217503,0,1.455139250960201,0.2779199560172856,0.14130595792084932,169832,150782,1,component,0,0,/Users/liyu/Desktop/中文题目/A题研究/advanced_solver/runs/formal_v2/full_p2_seed17/slots/case_059/p2_n5/attempt_0001/summary.json,3ca593c38bedc4144f05432ff5818b8cb8b405483d144c88f6bc2746bb2e695f,f1d81ab7a810228b2b3d484aa30cd4839c07fcb725957fa67be60451bd81bbc3,150782,0.0,9,1.6671163340797648,150782,0.0,5,1.6391797511605546,150782,0.0,1,0.7353715420467779,150782,0.0,0,0,150782,0.0,0,0
full_p2_seed17,full,case_060,2,2,5281,03_5001..10000,24,22,2,0,"{""success"": 24}",59.57521158398595,59.772173875011504,0.624760921,57.55434958299156,57.516335541033186,0.038014041958376765,48.6752902911976,55.01502320636064,0,1.2308527090353891,0.7900092919589952,0.19696229102555662,279439,431712,17,trace,0,0,/Users/liyu/Desktop/中文题目/A题研究/advanced_solver/runs/formal_v2/full_p2_seed17/slots/case_060/p2_n2/attempt_0001/summary.json,ede520be9a750c51157566b0cdc8cd9379e269c72ba05e4e8cf4e79e81f91d34,1f11750edefbd02ba0dd8af9ea8c411b2c5973cfdf4045de67533427f807d019,432029,0.000734285820176428,20,53.898697207914665,432029,0.000734285820176428,16,40.35314341704361,432029,0.000734285820176428,12,24.654588917153887,431888,0.00040767919353634774,8,15.551358792115934,431712,0.0,0,0
full_p2_seed17,full,case_060,2,3,5281,03_5001..10000,24,24,0,0,"{""success"": 24}",64.55856966704596,64.7599995000055,0.818129653,61.98140799847897,61.98140799847897,0,52.24303704011254,59.29950762167573,0,1.8240297910524532,0.7531318775145337,0.20142983295954764,283601,303604,17,trace,0,0,/Users/liyu/Desktop/中文题目/A题研究/advanced_solver/runs/formal_v2/full_p2_seed17/slots/case_060/p2_n3/attempt_0001/summary.json,ce1a3e979488d6b1015975483640a5a1957b4a1aefa4591d76ac9b10ae567537,ea1013e4cb7dcd9d1b6bb2ebb70e3f07174cddf82b22b73f3fdcd1bc58d29874,304093,0.0016106507160642547,20,54.11885537242051,304093,0.0016106507160642547,16,37.90681733144447,304093,0.0016106507160642547,12,20.788631415227428,303780,0.0005797025072133977,8,13.30303329124581,303604,0.0,0,0
full_p2_seed17,full,case_060,2,4,5281,03_5001..10000,24,24,0,0,"{""success"": 24}",58.2768199169077,58.51139854209032,0.697763264,55.02931433159392,55.02931433159392,0,45.552236248971894,52.41206425125711,0,2.5105565829435363,0.7369490023702383,0.23457862518262118,281840,231537,21,trace,0,0,/Users/liyu/Desktop/中文题目/A题研究/advanced_solver/runs/formal_v2/full_p2_seed17/slots/case_060/p2_n4/attempt_0001/summary.json,7ef14d5601a835d56b643b1b7603602b2ef04346b41aa31c50ea6444205c0211,bccdb608201fe70f01ffe74c76f86d8345837544bc823abadad1eeac1be1e8d4,231814,0.0011963530666805333,20,48.18054874869995,231814,0.0011963530666805333,16,35.483935498748906,231814,0.0011963530666805333,12,21.244959290954284,231814,0.0011963530666805333,8,13.923710708040744,231537,0.0,0,0
full_p2_seed17,full,case_060,2,5,5281,03_5001..10000,24,13,11,0,"{""success"": 24}",25.744621541001834,25.9243713329779,0.72079753,21.93256503995508,21.82339208200574,0.10917295794934034,17.762508750194684,20.445675457129255,0,3.0852790829958394,0.726777418050915,0.17974979197606444,289615,183430,1,component,0,0,/Users/liyu/Desktop/中文题目/A题研究/advanced_solver/runs/formal_v2/full_p2_seed17/slots/case_060/p2_n5/attempt_0001/summary.json,8b9a3358049bd93666bc880bf69bfd0477ca9736494535e7a637f15c93f6952c,e917af1a2b934bb1b0fb24002ad9102e8ffbaa2037c27538d05d517befe139dd,183430,0.0,20,20.398021165980026,183430,0.0,16,20.365197748877108,183430,0.0,12,20.33418929099571,183430,0.0,8,12.963491874979809,183430,0.0,0,0
full_p2_seed17,full,case_061,2,2,1115,02_1001..5000,24,22,2,0,"{""success"": 24}",9.965174333075993,10.108394500100985,0.121729739,9.361178791965358,9.300325458985753,0.0608533329796046,5.1322356251766905,7.089718291070312,0,0.278867166955024,0.3251283741556108,0.1432201670249924,193959,39298,1,component,0,0,/Users/liyu/Desktop/中文题目/A题研究/advanced_solver/runs/formal_v2/full_p2_seed17/slots/case_061/p2_n2/attempt_0001/summary.json,5d693200429ed6e0a8ae69f327dc101fd7115e41094a8c5d841b3e77ba54ad12,4d9c140d883f1cd93799419cfff6d6047df55ce3d58b83b56406b944539aa6db,39298,0.0,20,8.595050000934862,39298,0.0,16,6.810309043037705,39298,0.0,12,4.703375291079283,39298,0.0,8,3.2992472919868305,39298,0.0,0,0
full_p2_seed17,full,case_061,2,3,1115,02_1001..5000,24,24,0,0,"{""success"": 24}",10.917694167001173,11.075417291023768,0.128959364,10.211622876813635,10.211622876813635,0,5.562370915897191,7.8016156679950655,0,0.3764470008900389,0.32962428929749876,0.15772312402259558,197918,26642,3,component,0,0,/Users/liyu/Desktop/中文题目/A题研究/advanced_solver/runs/formal_v2/full_p2_seed17/slots/case_061/p2_n3/attempt_0001/summary.json,b152c7d48d83245d6b05743aa20c39a81c1297e31d149de884a23b2770226fbb,e90ad23142019424a9951520af39579c9c72ec8c7c7caeb7497d73a0c679234d,26642,0.0,20,8.651352792978287,26642,0.0,16,6.661861916887574,26642,0.0,12,4.374470375012606,26642,0.0,8,2.9198124590329826,26642,0.0,0,0
full_p2_seed17,full,case_061,2,4,1115,02_1001..5000,24,24,0,0,"{""success"": 24}",10.854605332948267,11.026572416885756,0.148753467,10.087508540018462,10.087508540018462,0,5.683290292159654,7.841400499921292,0,0.4419199180556461,0.3251768748741597,0.1719670839374885,203475,23801,4,component,0,0,/Users/liyu/Desktop/中文题目/A题研究/advanced_solver/runs/formal_v2/full_p2_seed17/slots/case_061/p2_n4/attempt_0001/summary.json,e168aa41d3d2e1f0e2a92fbe84f44bf93c79d0c99bf3462f44a26944d009c3fd,ff84444ac06fcf5dfa2dc0bd43cee5298e3fa8e7177c3c972b474a83d729c7c9,23801,0.0,20,8.606610831920989,23801,0.0,16,6.591843666974455,23801,0.0,12,4.430037123966031,23801,0.0,8,3.011814625002444,23801,0.0,0,0
full_p2_seed17,full,case_061,2,5,1115,02_1001..5000,24,13,11,0,"{""success"": 24}",5.584274666965939,5.7413713339483365,0.126472085,4.737605833797716,4.663902581902221,0.07370325189549476,2.392998003284447,3.403287041001022,0,0.5508539590518922,0.29581487411633134,0.15709666698239744,203610,21803,19,trace,0,0,/Users/liyu/Desktop/中文题目/A题研究/advanced_solver/runs/formal_v2/full_p2_seed17/slots/case_061/p2_n5/attempt_0001/summary.json,942bc8074d979d6fc274ed1136ea13aa75236c55d8f20c169d28e36db64f20d1,788c1edfa99eb3e8806d8e6972f9d718fad9032af3ddb45951944e87c92a2449,22283,0.022015318992799182,20,4.343893249868415,22283,0.022015318992799182,16,4.325422123889439,22283,0.022015318992799182,12,4.307571081910282,21843,0.001834609916066654,8,2.8852727910270914,21803,0.0,0,0
full_p2_seed17,full,case_062,2,2,19636,04_>10000,21,20,1,0,"{""success"": 21}",443.0560684170341,443.33533829206135,2.323026882,437.3588524167426,437.32567554176785,0.03317687497474253,412.0607235011412,434.1824624192668,0,3.4383627080824226,2.2588532922090963,0.2792698750272393,651257,1578487,20,trace,0,0,/Users/liyu/Desktop/中文题目/A题研究/advanced_solver/runs/formal_v2/full_p2_seed17/slots/case_062/p2_n2/attempt_0001/summary.json,99351464ac8bb2b82cfdb5b0ee8f2542057a30d60bc205a2369092864ea534b1,32f845bb4bd2ea237c60620f818392aec0a3553dfafc7822a3bdad8c0d3e7e48,1579389,0.0005714332775625941,17,359.13597154186573,1579231,0.00047133742628235886,13,252.34679770993534,1579203,0.0004535989209921709,9,170.55977662617806,1578725,0.00015077729496670855,5,90.24140108504798,1578487,0.0,0,0
full_p2_seed17,full,case_062,2,3,19636,04_>10000,21,21,0,0,"{""success"": 21}",364.5746824579546,364.87744979094714,2.360292549,357.8370826647151,357.8370826647151,0,332.36885170906316,354.7334713359596,0,4.343822667025961,2.3937771262135357,0.30276733299251646,654316,1083732,17,trace,0,0,/Users/liyu/Desktop/中文题目/A题研究/advanced_solver/runs/formal_v2/full_p2_seed17/slots/case_062/p2_n3/attempt_0001/summary.json,6a8d00fa7fd4d63060fc375c94fe002f63ec72dde5a01c1a8a4b2719bfb31c13,a9b723e2a6e5118a94017d725a51bf9b98ca0a4b162586c76260268d38f40016,1085945,0.002042017768230542,17,281.00787770561874,1085087,0.0012503091170141811,13,198.2580862896284,1084899,0.00107683449413698,9,130.6567377067404,1084899,0.00107683449413698,5,70.77870195684955,1083732,0.0,0,0
full_p2_seed17,full,case_062,2,4,19636,04_>10000,21,21,0,0,"{""success"": 21}",335.94399466598406,336.22225458303,2.158717337,328.3485806250246,328.3485806250246,0,302.5942989969626,325.35081475111656,0,5.268397748935968,2.3270162920234725,0.27825991704594344,656727,837097,11,trace,0,0,/Users/liyu/Desktop/中文题目/A题研究/advanced_solver/runs/formal_v2/full_p2_seed17/slots/case_062/p2_n4/attempt_0001/summary.json,d05525716822df9ec05323b579099bf2ba3bff09421e5af594e12ace48d69398,8bc9017523e53b33c4d771d1d5eabf3139c2867755ff88ad9efa290d55b37787,837816,0.0008589207702334178,17,254.30276083399076,837606,0.0006080537858814683,13,169.17313887609635,837097,0.0,9,113.95984787505586,837097,0.0,5,60.2836487920722,837097,0.0,0,0
full_p2_seed17,full,case_062,2,5,19636,04_>10000,21,12,9,0,"{""success"": 21}",140.86342016700655,141.11503179196734,2.035785524,133.88939324812964,133.70283854100853,0.186554707121104,121.9824132086942,132.17448474967387,0,4.8967288749990985,2.0772980438778177,0.2516116249607876,660881,690843,10,trace,0,0,/Users/liyu/Desktop/中文题目/A题研究/advanced_solver/runs/formal_v2/full_p2_seed17/slots/case_062/p2_n5/attempt_0001/summary.json,386057a292bb5c108f33388d2ed29299e18f7f8a2540880e3c3d6859d730483f,b4eb0bab3f7545bd60129bc83407827425c459cb48ca848474ddc64a1d6a7745,691827,0.0014243467763297435,17,133.79646862309892,690990,0.00021278351231757142,13,133.72026191605255,690843,0.0,9,96.48723433294799,690843,0.0,5,53.79102104192134,690843,0.0,0,0
full_p2_seed17,full,case_063,2,2,7360,03_5001..10000,21,20,1,0,"{""success"": 21}",90.4205920411041,90.59666124999058,0.817026349,88.33045908284839,88.29128445789684,0.039174624951556325,77.94515945878811,86.0538170428481,0,1.207317957887426,0.8828150003682822,0.17606920888647437,295617,549818,15,trace,0,0,/Users/liyu/Desktop/中文题目/A题研究/advanced_solver/runs/formal_v2/full_p2_seed17/slots/case_063/p2_n2/attempt_0001/summary.json,1cb069c054302f90a433ad41c5525c262a272f3d7c3411edf2827367b15b3046,9eefe5bcdaca99c91cbed8c902094b68bde18eaf57b7a6fd173d3d501b32da23,577254,0.04990014877650428,17,72.30891949997749,576419,0.048381464411859865,13,49.72715770895593,576413,0.048370551709838505,9,33.907018625875935,549818,0.0,5,18.380722499918193,549818,0.0,0,0
full_p2_seed17,full,case_063,2,3,7360,03_5001..10000,21,21,0,0,"{""success"": 21}",81.62084750004578,81.82137729099486,0.831749519,79.20748516463209,79.20748516463209,0,68.72414958383888,76.80434212321416,0,1.4975565840722993,0.9158057513413951,0.20052979094907641,371172,352688,15,trace,0,0,/Users/liyu/Desktop/中文题目/A题研究/advanced_solver/runs/formal_v2/full_p2_seed17/slots/case_063/p2_n3/attempt_0001/summary.json,e29571f0626fc56f8e167fdded44a03f184befb84ca8bc5738b55dfb92aee11c,d6ba6fbd49705ea909c48256d177e36d9d1fa900d3c08cbfaf7c13cc39061c88,397474,0.1269847570657352,17,61.82996108068619,396730,0.12487524384158233,13,41.316482123686,396704,0.12480152429342639,9,27.416871499852277,352688,0.0,5,14.867232999880798,352688,0.0,0,0
full_p2_seed17,full,case_063,2,4,7360,03_5001..10000,21,21,0,0,"{""success"": 21}",83.79467391700018,83.99792254099157,0.837787506,81.17673949885648,81.17673949885648,0,70.13483862602152,78.61332337372005,0,1.6249469170579687,0.9929875010857359,0.2032486239913851,392838,275977,15,trace,0,0,/Users/liyu/Desktop/中文题目/A题研究/advanced_solver/runs/formal_v2/full_p2_seed17/slots/case_063/p2_n4/attempt_0001/summary.json,ada3243c9265f166eb2655fec7695b736060f7130ee6b44cb8e55e96376e64df,6b45b33a773732ac43830771ee0f1b048821ddc3d8023b399e94548cae833293,302486,0.0960551060414454,17,65.06372287496924,302216,0.09507676364334716,13,44.07897762488574,302216,0.09507676364334716,9,29.799054499948397,275977,0.0,5,15.619925415958278,275977,0.0,0,0
full_p2_seed17,full,case_063,2,5,7360,03_5001..10000,21,12,9,0,"{""success"": 21}",41.930281208013184,42.148441749974154,0.945565,38.92844516818877,38.80104700115044,0.1273981670383364,32.83289341791533,37.30650362907909,0,1.9567480409750715,1.0450879988493398,0.21816054196096957,421925,209511,15,trace,0,0,/Users/liyu/Desktop/中文题目/A题研究/advanced_solver/runs/formal_v2/full_p2_seed17/slots/case_063/p2_n5/attempt_0001/summary.json,586795fa05fe3e6ff3019edc58cbc4cd61b96b68e5a9ecf474d9e5029fa1da50,ac55699a1714edcf5aed2fe8708042df6ac8231ca71b11afda7b1c7e88a5dfca,251447,0.20016132804482822,17,38.84822041809093,250837,0.19724978640739632,13,38.81046800117474,250597,0.19610426182873453,9,27.980979125015438,209511,0.0,5,15.853064166964032,209511,0.0,0,0
full_p2_seed17,full,case_064,2,2,906,01_<=1000,21,20,1,0,"{""success"": 21}",7.440370374941267,7.61742900009267,0.077297934,6.978645248804241,6.936056082835421,0.04258916596882045,3.105363832321018,4.775780959404074,0,0.147794749122113,0.31393037701491266,0.17705862515140325,168386,14632,4,operation,0,0,/Users/liyu/Desktop/中文题目/A题研究/advanced_solver/runs/formal_v2/full_p2_seed17/slots/case_064/p2_n2/attempt_0001/summary.json,7ad21a8e2ead4aa167aa44a8a8cc9b8373a6088c056d0d49d54c803be1423c13,b423db6795d2a3b0f6b6149fb065cfcc07f6dd02ff8a0ea79a4183e202083d7c,14632,0.0,17,5.964075291994959,14632,0.0,13,4.506872039986774,14632,0.0,9,3.011582165956497,14632,0.0,5,1.6825754998717457,14632,0.0,0,0
full_p2_seed17,full,case_064,2,3,906,01_<=1000,21,21,0,0,"{""success"": 21}",8.390781082911417,8.544512208085507,0.088365812,7.924810503143817,7.924810503143817,0,3.6315126674016938,5.529676001169719,0,0.16358670906629413,0.30238387070130557,0.15373112517409027,174861,10971,15,trace,0,0,/Users/liyu/Desktop/中文题目/A题研究/advanced_solver/runs/formal_v2/full_p2_seed17/slots/case_064/p2_n3/attempt_0001/summary.json,5d649642f3b9fe213a6df8b38902a9dad9bda97ea2935a67902b7200c33b6992,1089d6fc326c18c6ede11a4da75e94c011b6afc94351fcc5c90214c150d1285b,12367,0.12724455382371702,17,6.532613502116874,12367,0.12724455382371702,13,4.922799877007492,12367,0.12724455382371702,9,3.39725054288283,10971,0.0,5,1.9582951669581234,10971,0.0,0,0
full_p2_seed17,full,case_064,2,4,906,01_<=1000,21,21,0,0,"{""success"": 21}",8.580362082924694,8.776795250014402,0.107383198,8.075255335308611,8.075255335308611,0,3.939378956099972,5.882411957252771,0,0.20246712397783995,0.3026396236382425,0.19643316708970815,174014,9171,5,operation,0,0,/Users/liyu/Desktop/中文题目/A题研究/advanced_solver/runs/formal_v2/full_p2_seed17/slots/case_064/p2_n4/attempt_0001/summary.json,1846e8019110009a4be8478057ec12eb5723c9e2925a7856db2bcde7a3f0ce63,4c2e4714e2a95f1e26e999d01914adca8598492312d9d8b471f3b3b0d478c064,9536,0.039799367571693445,17,6.554092709207907,9171,0.0,13,4.937657582922839,9171,0.0,9,3.3743732918519527,9171,0.0,5,1.8066442079143599,9171,0.0,0,0
full_p2_seed17,full,case_064,2,5,906,01_<=1000,21,12,9,0,"{""success"": 21}",5.379222791059874,5.541323957964778,0.11254705,4.808685664087534,4.728097872110084,0.08058779197745025,2.2817580830305815,3.430460042087361,0,0.24111937615089118,0.32941775082144886,0.16210116690490395,183667,8559,15,trace,0,0,/Users/liyu/Desktop/中文题目/A题研究/advanced_solver/runs/formal_v2/full_p2_seed17/slots/case_064/p2_n5/attempt_0001/summary.json,9d0dc45bb3245480413f7425f279b5d1a5380a8ab03a7a17d0a811b5b0b96df7,a8e9e5010c0c32231cc5bd9837c513eb8055f137d389e3bd194579744dbb0614,8945,0.04509872648673907,17,4.751876289956272,8945,0.04509872648673907,13,4.732284081168473,8945,0.04509872648673907,9,3.6156807482475415,8559,0.0,5,1.9886125401826575,8559,0.0,0,0
full_p2_seed17,full,case_065,2,2,704,01_<=1000,24,22,2,0,"{""success"": 24}",8.022526415996253,8.188776042079553,0.09934148,7.510215292219073,7.460996333160438,0.04921895905863494,3.311699082609266,5.061619498068467,0,0.18760045908857137,0.32471066468860954,0.16624962608329952,187572,23611,4,component,0,0,/Users/liyu/Desktop/中文题目/A题研究/advanced_solver/runs/formal_v2/full_p2_seed17/slots/case_065/p2_n2/attempt_0001/summary.json,21e87f3b1039e4352c299117840026d20e7221e3092f4199623b2c4415dfb8f4,0826986ed26af535a013f69f64d94ab8bfa6aceca73adbf5f985a98cdd805ede,23611,0.0,20,6.849872458027676,23611,0.0,16,5.397091165999882,23611,0.0,12,3.777087332098745,23611,0.0,8,2.518618998932652,23611,0.0,0,0
full_p2_seed17,full,case_065,2,3,704,01_<=1000,14,14,0,0,"{""success"": 14}",5.64168812497519,5.803626374923624,0.082915707,5.184853667742573,5.184853667742573,0,2.3824234600178897,3.640131081221625,0,0.2612891250755638,0.19554533215705305,0.16193824994843453,129145,17969,3,component,0,0,/Users/liyu/Desktop/中文题目/A题研究/advanced_solver/runs/formal_v2/full_p2_seed17/slots/case_065/p2_n3/attempt_0001/summary.json,11c5b1cca2749d9d9dea62a3b41b29b68c919bb5b95bcf5d8249ad4ed735576d,44dc1026c7d6b46b94bbbabe148018dd9b7c63da24938069b6587b08dd935493,17969,0.0,10,3.910274874884635,17969,0.0,6,2.3707659589126706,17969,0.0,2,0.6406195829622447,17969,0.0,0,0,17969,0.0,0,0
full_p2_seed17,full,case_065,2,4,704,01_<=1000,24,24,0,0,"{""success"": 24}",9.076662500039674,9.316029791953042,0.140055659,8.373960208147764,8.373960208147764,0,3.6290852511301637,5.617745624738745,0,0.3663737088209018,0.3363285830710083,0.2393672919133678,194531,12999,3,component,0,0,/Users/liyu/Desktop/中文题目/A题研究/advanced_solver/runs/formal_v2/full_p2_seed17/slots/case_065/p2_n4/attempt_0001/summary.json,5254f5b70967c0f1d1107b6102d270cb73c0d78905561ecc65206cb821fa65d2,c3ad8013725d96be65244926228b2abd2ac388e3917432b6cae228d9076ec38a,12999,0.0,20,7.129687416134402,12999,0.0,16,5.479454375221394,12999,0.0,12,3.75446737522725,12999,0.0,8,2.4567090411437675,12999,0.0,0,0
full_p2_seed17,full,case_065,2,5,704,01_<=1000,24,14,10,0,"{""success"": 24}",5.645973999984562,5.841574624995701,0.099405454,4.773878665873781,4.657121832948178,0.1167568329256028,1.8008002493297681,3.089614208205603,0,0.5283629590412602,0.34373237506952137,0.19560062501113862,196425,10826,13,trace,0,0,/Users/liyu/Desktop/中文题目/A题研究/advanced_solver/runs/formal_v2/full_p2_seed17/slots/case_065/p2_n5/attempt_0001/summary.json,9466e6b65e83d43caf99aeb76e0a00876435c953755278b8f9cbab5de63bdec1,35cf20d7e810ec8c98ea34da460344171ef43cdb2eb921e370b160a4a34ede2f,11817,0.09153888786255315,20,4.100652830908075,11817,0.09153888786255315,16,4.060513956006616,11817,0.09153888786255315,12,4.033474582014605,10826,0.0,8,2.5958979988936335,10826,0.0,0,0
full_p2_seed17,full,case_066,2,2,5962,03_5001..10000,24,21,3,0,"{""success"": 24}",55.15544400003273,55.35279283300042,0.574926486,53.05154775059782,52.98386612464674,0.06768162595108151,44.615498834638856,50.64849533478264,0,1.2070639999583364,0.8968322494765744,0.19734883296769112,303409,200209,8,operation,0,0,/Users/liyu/Desktop/中文题目/A题研究/advanced_solver/runs/formal_v2/full_p2_seed17/slots/case_066/p2_n2/attempt_0001/summary.json,c02b09d3d24c976f0d4fc7bee88c56a4f155fe08b81b9285af12538bacde4af8,8d850fdfbecd04c79581ab9f9d97559ea310f3e82a96a4646227b01a40be4d10,248146,0.23943479064377726,20,51.6574612907134,200209,0.0,16,39.252698456752114,200209,0.0,12,26.153644915786572,200209,0.0,8,17.515274665900506,200209,0.0,0,0
full_p2_seed17,full,case_066,2,3,5962,03_5001..10000,24,24,0,0,"{""success"": 24}",59.45596137503162,59.64261645800434,0.627312828,56.993762417230755,56.993762417230755,0,47.36167796154041,54.26762112393044,0,1.5577908749692142,0.904408082831651,0.18665508297272027,310246,136903,8,operation,0,0,/Users/liyu/Desktop/中文题目/A题研究/advanced_solver/runs/formal_v2/full_p2_seed17/slots/case_066/p2_n3/attempt_0001/summary.json,70314798056d124e5169b5d19492f4c7be8382c587c6285e6f549eeefdb68c5b,eaa20ce631e34786e136e923b04d741436b92de26164e0378e7f5085128472cc,248976,0.8186307093343461,20,50.00383900105953,136903,0.0,16,39.04376512602903,136903,0.0,12,25.369814543053508,136903,0.0,8,16.308465876965784,136903,0.0,0,0
full_p2_seed17,full,case_066,2,4,5962,03_5001..10000,24,24,0,0,"{""success"": 24}",58.20083175005857,58.39655954192858,0.683801711,55.413173084147274,55.413173084147274,0,45.7064479572,52.72093458089512,0,1.8650472089648247,0.9226114569464698,0.19572779187001288,348579,123450,18,trace,0,0,/Users/liyu/Desktop/中文题目/A题研究/advanced_solver/runs/formal_v2/full_p2_seed17/slots/case_066/p2_n4/attempt_0001/summary.json,f8f4fdd32517f666dcfe41a209b4650f917f7afddbaf528494bbb7838636d54e,b3fee89b2676d524eafa198d3e01917033b7e6abbcc3caf2cf28e0b5546b5402,249614,1.0219846091535034,20,49.16740104218479,124244,0.006431753746455993,16,38.49839795916341,124244,0.006431753746455993,12,24.8971222511027,124244,0.006431753746455993,8,16.126005167956464,123450,0.0,0,0
full_p2_seed17,full,case_066,2,5,5962,03_5001..10000,24,14,10,0,"{""success"": 24}",30.200296374969184,30.38612041703891,0.687198936,27.06445708172396,26.96441591461189,0.10004116711206734,21.78166679176502,25.467932707164437,0,2.3138448339886963,0.8219944592565298,0.1858240420697257,360156,114755,18,trace,0,0,/Users/liyu/Desktop/中文题目/A题研究/advanced_solver/runs/formal_v2/full_p2_seed17/slots/case_066/p2_n5/attempt_0001/summary.json,dbc398e9c6790c2323f68ad5c2151dc2bff8dd1d892f980b5445a0d9ba6ab873,6d27f0640446e6495e6a56a92d8eed041795afdebd881cc7b39123ea2b00ab6c,249842,1.1771774650342035,20,24.187648205901496,115031,0.0024051239597402407,16,24.155685789883137,115031,0.0024051239597402407,12,24.123698747716844,114951,0.0017079865801055139,8,15.883044915739447,114755,0.0,0,0
full_p2_seed17,full,case_067,2,2,8804,03_5001..10000,24,21,3,0,"{""success"": 24}",141.95792449999135,142.16204000008292,1.67801426,137.90377533307765,137.82781112508383,0.07596420799382031,123.38138104393147,135.38545141601935,0,2.6439159157453105,1.4102332511683926,0.20411550009157509,479690,30288803,24,trace,1,0,/Users/liyu/Desktop/中文题目/A题研究/advanced_solver/runs/formal_v2/full_p2_seed17/slots/case_067/p2_n2/attempt_0001/summary.json,4e1f4038371b6c9b0e70ed4826dc095ff056c7f4e4a86664d6887f8ed3694827,387d379660a577552735414db8e23c21071704ff8dcab79be9a89c5678578086,33768704,0.11489067428646815,20,134.14691283297725,30325571,0.0012139139338058769,16,110.13525070797186,30297637,0.0002916589341612763,12,83.93070145882666,30289603,2.6412400648601064e-05,8,55.25645620992873,30288803,0.0,0,0
full_p2_seed17,full,case_067,2,3,8804,03_5001..10000,24,24,0,0,"{""success"": 24}",159.59147395798936,159.81176179100294,1.511567374,155.1264317081077,155.1264317081077,0,137.04715470701922,152.27956325164996,0,2.9164100411580876,1.5486322087235749,0.2202878330135718,504505,20142525,23,trace,1,0,/Users/liyu/Desktop/中文题目/A题研究/advanced_solver/runs/formal_v2/full_p2_seed17/slots/case_067/p2_n3/attempt_0001/summary.json,a6b24bc9a74421e0865bb4d5073c299d7fb8d593042b76ad2e63eecf808cb048,5f3d2aafd2b266353c1bfa91c20291b62de9de73f735fbfdf05aa3ea1fa47d4a,23568859,0.1701044928577724,20,139.21409224916715,20157184,0.000727763773409773,16,115.14021704217885,20143931,6.980256943944774e-05,12,88.01938412617892,20143308,3.8872981416249175e-05,8,59.034686251194216,20142525,0.0,0,0
full_p2_seed17,full,case_067,2,4,8804,03_5001..10000,24,24,0,0,"{""success"": 24}",159.91678049997427,160.11176283296663,1.492219745,154.97699104377534,154.97699104377534,0,136.92475366708823,152.08654424885754,0,3.4307065840112045,1.5090828721877187,0.19498233299236745,512398,15105284,14,trace,1,0,/Users/liyu/Desktop/中文题目/A题研究/advanced_solver/runs/formal_v2/full_p2_seed17/slots/case_067/p2_n4/attempt_0001/summary.json,3857972ea5eae6d8e791612f47e910a0282d9063adeefcbfadbb4d85dfe907b9,d033fbe4bd7b5b5d3db4c58fd697e09bfa47b0cfb9fb0102cc086df3eb45d484,18473155,0.22295979340739303,20,136.83178783475887,15111551,0.00041488792928356943,16,109.42854729178362,15105558,1.813934779382187e-05,12,81.69382158375811,15105284,0.0,8,53.643882624804974,15105284,0.0,0,0
full_p2_seed17,full,case_067,2,5,8804,03_5001..10000,24,13,11,0,"{""success"": 24}",88.47604191710707,88.6947453749599,1.570130935,83.80075725202914,83.65793933498207,0.14281791704706848,73.08311196079012,82.11098704114556,0,3.3244066659826785,1.3508779990952462,0.21870345785282552,495176,12075441,14,trace,0,0,/Users/liyu/Desktop/中文题目/A题研究/advanced_solver/runs/formal_v2/full_p2_seed17/slots/case_067/p2_n5/attempt_0001/summary.json,6036b16db75c87590c9d8923ec0f399649dba6af2f7dd05eb97696edb8f250f0,449b65bceba9abe4fc54ac27ca1d5f8873e774a631ae7fb686bfdbe745043041,15931687,0.3193461837128764,20,80.86838937713765,12100793,0.0020994678372407982,16,80.82620733499061,12076106,5.50704524993062e-05,12,80.78494887601119,12075441,0.0,8,54.574566167080775,12075441,0.0,0,0
full_p2_seed17,full,case_068,2,2,5351,03_5001..10000,24,21,3,0,"{""success"": 24}",51.036558000021614,51.21240737498738,0.552694611,49.26444841583725,49.219497249810956,0.04495116602629423,41.15402137534693,46.896691164467484,0,0.998926543048583,0.7731830411357805,0.17584937496576458,295030,210029,8,operation,0,0,/Users/liyu/Desktop/中文题目/A题研究/advanced_solver/runs/formal_v2/full_p2_seed17/slots/case_068/p2_n2/attempt_0001/summary.json,99d3c5357804d42c00c84085c8f9375eb1f6f8303d40912e29f4c177f6c39d60,2b0f6dfa3b6627a0fd4ca442d1ea9332daf92a038af7b888a0cf13e570960d05,302408,0.4398392602926262,20,47.69374124973547,210029,0.0,16,38.006815041881055,210029,0.0,12,26.293412711005658,210029,0.0,8,17.441269877017476,210029,0.0,0,0
full_p2_seed17,full,case_068,2,3,5351,03_5001..10000,24,24,0,0,"{""success"": 24}",55.751269457978196,55.98683216702193,1.212066045,53.52738649607636,53.52738649607636,0,44.40661920711864,50.91348016588017,0,1.3751851679990068,0.8486977939028293,0.23556270904373378,324242,153006,18,trace,0,0,/Users/liyu/Desktop/中文题目/A题研究/advanced_solver/runs/formal_v2/full_p2_seed17/slots/case_068/p2_n3/attempt_0001/summary.json,775d065a15ddb34a374b22ecc4e99a5d3b1acf756735cb2d4a749f470670dd2e,acc579a41b816081690991aefee79f4b9d1b507890c082fb2010d7f2b92b83d6,303144,0.9812556370338419,20,46.99630762205925,173855,0.13626263022365137,16,37.8366787902778,173855,0.13626263022365137,12,27.28468537318986,173829,0.13609270224697068,8,18.0991690402152,153006,0.0,0,0
full_p2_seed17,full,case_068,2,4,5351,03_5001..10000,24,24,0,0,"{""success"": 24}",54.35989754192997,54.55365229200106,0.680712721,51.90241608105134,51.90241608105134,0,42.39988433290273,49.28237708739471,0,1.6311858739936724,0.8262955868849531,0.19375475007109344,336383,142255,18,trace,0,0,/Users/liyu/Desktop/中文题目/A题研究/advanced_solver/runs/formal_v2/full_p2_seed17/slots/case_068/p2_n4/attempt_0001/summary.json,62145e5c214e62d18a912a176eae7104928d68d16245b84ce799155ed9901b4e,72a67ad8f4cd91155e73dc377d82d9112738e8bc82e944e8dd8439816957acac,303281,1.1319531826649327,20,45.561092332121916,151260,0.06330181715932648,16,36.231496125110425,151260,0.06330181715932648,12,25.519772167201154,151260,0.06330181715932648,8,17.31951425014995,142255,0.0,0,0
full_p2_seed17,full,case_068,2,5,5351,03_5001..10000,24,14,10,0,"{""success"": 24}",32.6117646250641,32.81131795793772,0.734428489,29.845101375714876,29.742446458898485,0.10265491681639105,24.004170249099843,27.97907416697126,0,1.967845332925208,0.7988179164240137,0.1995533328736201,345280,138366,18,trace,0,0,/Users/liyu/Desktop/中文题目/A题研究/advanced_solver/runs/formal_v2/full_p2_seed17/slots/case_068/p2_n5/attempt_0001/summary.json,405892ddcaba1687d1eed97d2eafba155b6984807731a7f0642bb11d8834330a,cca1aa19a4eecf58fe4986b850b31c0a93654104e7447a850678dd59c98a00ac,304058,1.1974907130364394,20,26.51655825076159,149221,0.078451353656245,16,26.48663950082846,149221,0.078451353656245,12,26.456503875902854,149208,0.07835739993929147,8,17.720234958920628,138366,0.0,0,0
full_p2_seed17,full,case_069,2,2,1032,02_1001..5000,21,20,1,0,"{""success"": 21}",8.78416337503586,9.008273332961835,0.241049277,8.288996874005534,8.237173081957735,0.051823792047798634,4.19175370701123,6.078367666108534,0,0.1771765841403976,0.3179899168899283,0.22410995792597532,171065,14187,15,trace,0,0,/Users/liyu/Desktop/中文题目/A题研究/advanced_solver/runs/formal_v2/full_p2_seed17/slots/case_069/p2_n2/attempt_0001/summary.json,f40b51832ac035c956c5689428b1c5827e834eff0676f0cc44a12eb5c337443d,fee4a6f7a056a08b6fc64dc945ed56b89aa3e0de9e9523c3e921f82d29e62a33,15787,0.11277930499753297,17,7.030507999006659,15787,0.11277930499753297,13,5.3067765820305794,15498,0.09240854303235357,9,3.6733157068956643,14187,0.0,5,2.048197290976532,14187,0.0,0,0
full_p2_seed17,full,case_069,2,3,1032,02_1001..5000,21,21,0,0,"{""success"": 21}",8.648803749936633,8.809660749975592,0.114923236,8.142900539911352,8.142900539911352,0,4.090488170273602,5.973231373587623,0,0.21655646013095975,0.28934674989432096,0.16085700003895909,178861,10770,15,trace,0,0,/Users/liyu/Desktop/中文题目/A题研究/advanced_solver/runs/formal_v2/full_p2_seed17/slots/case_069/p2_n3/attempt_0001/summary.json,c6682de56f9e3c7a0e385fb73d68dec5ac5d527cbba349a3d9eaf1fe108d4309,91d8b877b8e20b0e43004dfe131e0285a64d145f1bcae6c59d1220e23db40c45,12095,0.12302692664809656,17,6.5547244978370145,12095,0.12302692664809656,13,4.762245164834894,12095,0.12302692664809656,9,3.262228999985382,10770,0.0,5,1.8228098748950288,10770,0.0,0,0
full_p2_seed17,full,case_069,2,4,1032,02_1001..5000,21,21,0,0,"{""success"": 21}",8.842333041946404,8.992702916963026,0.129805304,8.336305624688976,8.336305624688976,0,4.308045628364198,6.281991294701584,0,0.23504504305310547,0.2709823742043227,0.15036987501662225,182538,10675,15,trace,0,0,/Users/liyu/Desktop/中文题目/A题研究/advanced_solver/runs/formal_v2/full_p2_seed17/slots/case_069/p2_n4/attempt_0001/summary.json,5a0e77a6f8404b54418214930b5bce12f7b22e7c113191269197e3866159639a,5a1ffeb5e3b4c034034bea1b7707ddf52a6d16d935ede322fbbcb386a9ad6c36,11476,0.07503512880562058,17,6.721872666734271,11476,0.07503512880562058,13,4.856519582797773,11476,0.07503512880562058,9,3.315412957803346,10675,0.0,5,1.7753972499631345,10675,0.0,0,0
full_p2_seed17,full,case_069,2,5,1032,02_1001..5000,21,12,9,0,"{""success"": 21}",5.609688957920298,5.770154125057161,0.131314726,5.1122461662162095,5.021479291259311,0.09076687495689839,2.5472806667676196,3.7442979159532115,0,0.24141808389686048,0.25602470780722797,0.16046516713686287,184541,11635,15,trace,0,0,/Users/liyu/Desktop/中文题目/A题研究/advanced_solver/runs/formal_v2/full_p2_seed17/slots/case_069/p2_n5/attempt_0001/summary.json,277a126a46a35aa78b828da04e6399c51fb7eb0d9794f034bc9c883705b2abbb,5993aa53507a97aa0830fe201c0b089de39645cdf0de97dee67b3f9165ecca74,12337,0.060335195530726304,17,5.042324124253355,11695,0.005156854318865589,13,5.026858791243285,11695,0.005156854318865589,9,3.675714457174763,11635,0.0,5,2.0502831240883097,11635,0.0,0,0
full_p2_seed17,full,case_070,2,2,1191,02_1001..5000,24,21,3,0,"{""success"": 24}",10.014445499982685,10.18759695906192,0.134499908,9.456448580836877,9.414690247853287,0.04175833298359066,5.099272669176571,7.123263582820073,0,0.24107366590760648,0.31692325323820114,0.1731514590792358,195011,54019,16,trace,0,0,/Users/liyu/Desktop/中文题目/A题研究/advanced_solver/runs/formal_v2/full_p2_seed17/slots/case_070/p2_n2/attempt_0001/summary.json,0a75cccf0b9d87e186247639c58bc022f604dc954c0a3c5e059a673d26f4e269,b2997df48335b8b34f508416b5b5651c87e80644dcd7385054ff3927c300fc25,56680,0.049260445398841224,20,9.064261455903761,56680,0.049260445398841224,16,7.020344789023511,56680,0.049260445398841224,12,4.777132874005474,54019,0.0,8,3.2034667088882998,54019,0.0,0,0
full_p2_seed17,full,case_070,2,3,1191,02_1001..5000,24,24,0,0,"{""success"": 24}",12.991699959035031,13.157720957999118,0.139888848,12.26389183406718,12.26389183406718,0,6.97675158502534,9.526624455815181,0,0.330453084083274,0.39735504088457674,0.16602099896408617,201663,40678,4,component,0,0,/Users/liyu/Desktop/中文题目/A题研究/advanced_solver/runs/formal_v2/full_p2_seed17/slots/case_070/p2_n3/attempt_0001/summary.json,a8834fc69193bb45758767726155e13dd1541c88ab3a4156ce96efb526a78ff5,adb29c3ad43197573b75f8527117086e00eb18bcc7c868098968c67aa2aca19c,40678,0.0,20,10.635777374962345,40678,0.0,16,8.487084541935474,40678,0.0,12,4.646290332893841,40678,0.0,8,3.1361938739428297,40678,0.0,0,0
full_p2_seed17,full,case_070,2,4,1191,02_1001..5000,24,24,0,0,"{""success"": 24}",11.688808999955654,11.85336395795457,0.143291573,10.892080629360862,10.892080629360862,0,6.069926582975313,8.33329649886582,0,0.44080679095350206,0.35592157964129,0.1645549579989165,209806,31817,14,trace,0,0,/Users/liyu/Desktop/中文题目/A题研究/advanced_solver/runs/formal_v2/full_p2_seed17/slots/case_070/p2_n4/attempt_0001/summary.json,0de5a1082d908a88d52c50bb9fdba603b980c6b27fed8c39ed91493bde012b04,f1dca2a59815d20932851945dc7fb6a9758f4a1f16a29b5360b040f8437dfcbe,33061,0.039098595090674815,20,9.429840671247803,33061,0.039098595090674815,16,7.19355575426016,33061,0.039098595090674815,12,4.748297045123763,31817,0.0,8,3.1984345430973917,31817,0.0,0,0
full_p2_seed17,full,case_070,2,5,1191,02_1001..5000,24,13,11,0,"{""success"": 24}",5.976394832949154,6.1401631670305505,0.163641666,5.024412873550318,4.932117957272567,0.09229491627775133,2.6001197069417685,3.7081610807217658,0,0.608460790826939,0.34352116857189685,0.16376833408139646,208036,26669,1,component,0,0,/Users/liyu/Desktop/中文题目/A题研究/advanced_solver/runs/formal_v2/full_p2_seed17/slots/case_070/p2_n5/attempt_0001/summary.json,86afcf60c771b95526ea79f6d126b19b58481677b21cf9ec741d1ace23072228,a17190f19a3abf5a02cdcc29f6bb72beeedaead982aa511bb13346a6e5942b43,26669,0.0,20,4.573192374431528,26669,0.0,16,4.5465428322786465,26669,0.0,12,4.523734541260637,26669,0.0,8,3.085465958225541,26669,0.0,0,0
full_p2_seed17,full,case_071,2,2,741,01_<=1000,21,19,2,0,"{""success"": 21}",8.096605957951397,8.2876987910131,0.084325469,7.605816498864442,7.559202747885138,0.046613750979304314,3.074720502947457,5.045805332949385,0,0.12538816698361188,0.3654012921033427,0.19109283306170255,163448,10781,15,trace,0,0,/Users/liyu/Desktop/中文题目/A题研究/advanced_solver/runs/formal_v2/full_p2_seed17/slots/case_071/p2_n2/attempt_0001/summary.json,a0b724ce277590340ee499719d321ce71315f4a770eb9e317d403e4c7917b5dc,5811cdb28c473d6adf6d794029b95462d944eff8c451c3666d2c4ddc8498d2ca,11778,0.0924775067247936,17,6.9511522898683324,11778,0.0924775067247936,13,5.589035372831859,11482,0.06502179760690097,9,3.79465066595003,10781,0.0,5,2.1498353738570586,10781,0.0,0,0
full_p2_seed17,full,case_071,2,3,741,01_<=1000,21,12,9,0,"{""success"": 21}",4.619940957985818,4.796212832909077,0.081087662,4.215565834194422,4.124891042942181,0.09067479125224054,1.7066379169700667,2.826977124903351,0,0.13970716507174075,0.26466795871965587,0.17627187492325902,171571,9725,15,trace,0,0,/Users/liyu/Desktop/中文题目/A题研究/advanced_solver/runs/formal_v2/full_p2_seed17/slots/case_071/p2_n3/attempt_0001/summary.json,3251006e8d8ed51285d30ef0d53d623bca48a2b34dd9f48513ba07c5432962c0,71174997490e17f258027d1006dc4ddaf53c85abe3d5588a41117c54989bcd2a,11536,0.1862210796915167,17,4.157020085025579,10546,0.0844215938303341,13,2.9300867101410404,10534,0.08318766066838057,9,2.5457860010210425,9725,0.0,5,1.54634900088422,9725,0.0,0,0
full_p2_seed17,full,case_071,2,4,741,01_<=1000,21,21,0,0,"{""success"": 21}",7.360262458096258,7.525825124932453,0.088018236,6.953104541637003,6.953104541637003,0,2.9649523308034986,4.891485832282342,0,0.15512187592685223,0.2520360405324027,0.1655626668361947,170307,8852,19,trace,0,0,/Users/liyu/Desktop/中文题目/A题研究/advanced_solver/runs/formal_v2/full_p2_seed17/slots/case_071/p2_n4/attempt_0001/summary.json,27a82b3c1372703de720e7bd9efe98ea66a8d1169ca7c23c372d6966ffeb35bd,6bbfe12c25fb5f5656998f04199dcb9eaf19652812258e9abf5df9892c6f24a4,10409,0.1758924536827835,17,5.721636875765398,9570,0.08111161319475824,13,4.336096167797223,9570,0.08111161319475824,9,2.9972687107510865,9218,0.04134658834161775,5,1.813359876978211,8852,0.0,0,0
full_p2_seed17,full,case_071,2,5,741,01_<=1000,21,8,13,0,"{""success"": 21}",3.1718794169137254,3.3328477080212906,0.110480588,2.767747667734511,2.6892253338592127,0.0785223338752985,1.1500437068752944,1.8067720809485763,0,0.18021487491205335,0.2239168742671609,0.16096829110756516,178502,9304,15,trace,0,0,/Users/liyu/Desktop/中文题目/A题研究/advanced_solver/runs/formal_v2/full_p2_seed17/slots/case_071/p2_n5/attempt_0001/summary.json,e38ff39dc9afddc3a0cda3cb2b844936f8fb26459116fbed6809f39367f8ab25,63b8e76e3fdfc7939273fa14b9c70b32f3693718eb6f25f434f9365981497531,10051,0.08028804815133284,17,2.7242528767092153,9374,0.007523645743766183,13,2.7084452097769827,9374,0.007523645743766183,9,2.6929160008439794,9304,0.0,5,1.7296507499413565,9304,0.0,0,0
full_p2_seed17,full,case_072,2,2,29666,04_>10000,24,22,2,0,"{""success"": 24}",783.9916699999012,784.32198887493,3.351544046,772.692854585941,772.6079014189309,0.0849531670100987,737.1498973306734,769.3086910417769,0,7.7861743330722675,3.512641080887988,0.3303188750287518,838380,11789600,4,component,0,0,/Users/liyu/Desktop/中文题目/A题研究/advanced_solver/runs/formal_v2/full_p2_seed17/slots/case_072/p2_n2/attempt_0001/summary.json,0d2dc7fbb929193b26ea02d08ed45a17e8479c68dea1edf99e8517bb9bc3c340,ded4e80de4db790b8265d757dac290353264553f978b8638c04b9e667065ad0d,11789600,0.0,20,717.3214159610216,11789600,0.0,16,528.4882342109922,11789600,0.0,12,328.4151120019378,11789600,0.0,8,206.915056584985,11789600,0.0,0,0
full_p2_seed17,full,case_072,2,3,29666,04_>10000,24,24,0,0,"{""success"": 24}",685.9614461669698,686.2587911670562,3.480873709,673.1850948763313,673.1850948763313,0,634.5276217480423,669.5851189530222,0,9.509897126001306,3.2664541646372527,0.29734500008635223,785923,7937183,17,trace,0,0,/Users/liyu/Desktop/中文题目/A题研究/advanced_solver/runs/formal_v2/full_p2_seed17/slots/case_072/p2_n3/attempt_0001/summary.json,1890fd0bd8f3cd0d53ed9bc58da9c92ae4598d58e3edcc3cb6d61c1c03b0c7dc,f76c18ec2d58c8560d3f36a229d8769fdf4402bcf75763ac2e2c32c7255b3ef0,7940959,0.00047573553488677867,20,591.6458177933237,7940959,0.00047573553488677867,16,437.49604825139977,7940959,0.00047573553488677867,12,254.89137816720176,7940959,0.00047573553488677867,8,157.8270858762553,7937183,0.0,0,0
full_p2_seed17,full,case_072,2,4,29666,04_>10000,24,24,0,0,"{""success"": 24}",645.6282690420048,645.9436756249052,3.66135088,629.3476069574244,629.3476069574244,0,588.1710099560441,625.4865108759841,0,12.84915979206562,3.4315022925147787,0.315406582900323,790185,5959314,18,trace,0,0,/Users/liyu/Desktop/中文题目/A题研究/advanced_solver/runs/formal_v2/full_p2_seed17/slots/case_072/p2_n4/attempt_0001/summary.json,5e9b43ac5642071a05c7f601ba2addf8d4c6c14f64a709121f346364fba9a0f6,5e2486020140306c0d630becbc3170e209294c08932bce7935d249f7cf880e04,5965868,0.0010997910162142688,20,559.0326856254833,5965868,0.0010997910162142688,16,408.3720395846758,5965868,0.0010997910162142688,12,259.8218367517693,5960177,0.0001448153260592555,8,161.66728541790508,5959314,0.0,0,0
full_p2_seed17,full,case_072,2,5,29666,04_>10000,24,14,10,0,"{""success"": 24}",276.07010470796376,276.4350531670498,3.816548521,258.64967812551185,258.3560239992803,0.2936541262315586,241.7562938327901,256.33339545864146,0,14.1782633329276,3.2421632495243102,0.36494845908600837,851980,4806756,4,component,0,0,/Users/liyu/Desktop/中文题目/A题研究/advanced_solver/runs/formal_v2/full_p2_seed17/slots/case_072/p2_n5/attempt_0001/summary.json,d69ff3153f17e87b1f4f368aef54110fee4bfaa3a09f18a4b1c361999b9a7d8c,5a9967cc3a0e7cd1c7c750f3d8769cebf87b60d2076fd18c8a96617465760a47,4806756,0.0,20,224.71215654234402,4806756,0.0,16,224.59813083324116,4806756,0.0,12,224.49853087426163,4806756,0.0,8,147.60272062325384,4806756,0.0,0,0
full_p2_seed17,full,case_073,2,2,4836,02_1001..5000,24,21,3,0,"{""success"": 24}",62.49337416596245,62.6727436670335,0.695719267,60.631258627050556,60.580796084948815,0.05046254210174084,51.83490737655666,58.40664187492803,0,1.0585628340486437,0.8035527048632503,0.17936950107105076,351878,4151233,23,trace,0,0,/Users/liyu/Desktop/中文题目/A题研究/advanced_solver/runs/formal_v2/full_p2_seed17/slots/case_073/p2_n2/attempt_0001/summary.json,60f3c9dc717b903431e3f70248c77c3a35b6824a2a263c24eb02ea6077d17283,1315c2b7ab0e302846bd08e024bfe5562162442047199cfc985584af55cadcd0,5980423,0.4406377575048184,20,58.85631008504424,4152225,0.00023896514601795538,16,47.56401550199371,4152225,0.00023896514601795538,12,36.329214960103855,4152225,0.00023896514601795538,8,24.040557459113188,4151233,0.0,0,0
full_p2_seed17,full,case_073,2,3,4836,02_1001..5000,12,12,0,0,"{""success"": 12}",22.502454166999087,22.673146791988984,0.244320785,21.18017887615133,21.18017887615133,0,17.524624958867207,19.967965249088593,0,0.926210374920629,0.396064915927127,0.170692624989897,282787,2863798,5,operation,0,0,/Users/liyu/Desktop/中文题目/A题研究/advanced_solver/runs/formal_v2/full_p2_seed17/slots/case_073/p2_n3/attempt_0001/summary.json,eef45ab74fd1c83cc638cb786781e522ff898230098166655c492237b8011160,7e223eb2a35767530675567c4f6a5e7f68fe4935433e6a93f861d34ef3757bd0,4515227,0.5766569429827104,8,14.793307501124218,2863798,0.0,4,7.826666624983773,2863798,0.0,0,0,2863798,0.0,0,0,2863798,0.0,0,0
full_p2_seed17,full,case_073,2,4,4836,02_1001..5000,24,24,0,0,"{""success"": 24}",67.5718774999259,67.73748262505978,0.862005945,65.07398574810941,65.07398574810941,0,54.47534454008564,62.802199375699274,0,1.6354786669835448,0.8624130848329514,0.16560512513387948,362988,2172959,23,trace,1,0,/Users/liyu/Desktop/中文题目/A题研究/advanced_solver/runs/formal_v2/full_p2_seed17/slots/case_073/p2_n4/attempt_0001/summary.json,004aa6b8f4c030d7aa43ac4d2ba191017e6ece10a55f1d22b2ae770b69ab2170,b5db85644b5956521ca8caa4e0eea68e4bcdb63ea25bc16b2fe929f6b32f5763,3903787,0.796530445351247,20,59.03778195718769,2174438,0.0006806387051021545,16,48.81292570719961,2173171,9.75628164177067e-05,12,38.04385529109277,2173171,9.75628164177067e-05,8,25.123577250167727,2172959,0.0,0,0
full_p2_seed17,full,case_073,2,5,4836,02_1001..5000,24,13,11,0,"{""success"": 24}",41.49347437499091,41.67878733295947,0.895814808,38.94346691574901,38.842078583780676,0.1013883319683373,32.13008516689297,37.30462766706478,0,1.69157766608987,0.8584297931520268,0.18531295796856284,363089,1792821,11,operation,0,0,/Users/liyu/Desktop/中文题目/A题研究/advanced_solver/runs/formal_v2/full_p2_seed17/slots/case_073/p2_n5/attempt_0001/summary.json,90a1a871e0984751e794b31eb4a806ef2d108e9d3916c7391bd575efdada83f5,5815199c07bc55e446dac8470334b304e9d003a41d62a451f7c9d75564572864,3517515,0.9620001104404734,20,37.57241062482353,1806957,0.0078847804660922,16,37.54411529272329,1792821,0.0,12,37.512240333715454,1792821,0.0,8,25.632392749888822,1792821,0.0,0,0
full_p2_seed17,full,case_074,2,2,3609,02_1001..5000,24,22,2,0,"{""success"": 24}",34.7247317499714,34.89106879103929,0.477266267,33.35304066899698,33.32543091895059,0.027609750046394765,26.63113641680684,31.03263212298043,0,0.7642464170930907,0.6074446638813242,0.16633704106789082,244583,826889,1,component,0,0,/Users/liyu/Desktop/中文题目/A题研究/advanced_solver/runs/formal_v2/full_p2_seed17/slots/case_074/p2_n2/attempt_0001/summary.json,bd3ff713b4a1aa6639414bf1a6424274fa26dbbe58166c5699b6485236589326,05a7ff786819f83dedcf8e287b4273df95fe64d1186d197cb9c4a48fe4f789d7,826889,0.0,20,31.174186293967068,826889,0.0,16,23.79329320974648,826889,0.0,12,14.94770733488258,826889,0.0,8,9.208255125908181,826889,0.0,0,0
full_p2_seed17,full,case_074,2,3,3609,02_1001..5000,24,24,0,0,"{""success"": 24}",35.81312404188793,35.97840958298184,0.421700604,34.002682748483494,34.002682748483494,0,26.697963253129274,31.554090291494504,0,1.250425000092946,0.5600162933114916,0.16528554109390825,248609,548347,1,component,0,0,/Users/liyu/Desktop/中文题目/A题研究/advanced_solver/runs/formal_v2/full_p2_seed17/slots/case_074/p2_n3/attempt_0001/summary.json,cf07c33bb2f115c0a57654395a251a6802e5266601acc4c070dfc15d1c127fa6,cbcf90ecb7b989bfb31630572d825dee0cb675627669aea313a44559a7ef069d,548347,0.0,20,28.86770291533321,548347,0.0,16,21.294418791309,548347,0.0,12,12.869712290354073,548347,0.0,8,8.277212666347623,548347,0.0,0,0
full_p2_seed17,full,case_074,2,4,3609,02_1001..5000,24,24,0,0,"{""success"": 24}",37.82391124998685,37.97431616706308,0.468215021,35.759259167010896,35.759259167010896,0,27.873583253356628,33.0357630380895,0,1.4620647090487182,0.6025873739272356,0.15040491707623005,250132,413574,23,trace,0,0,/Users/liyu/Desktop/中文题目/A题研究/advanced_solver/runs/formal_v2/full_p2_seed17/slots/case_074/p2_n4/attempt_0001/summary.json,a33e8fc7101623101f2b387f9528341b2d0f2184276524b292ad878dc8bff765,576910c3b903438c55ffc6fc7b765394a38e17e1843f0394dca07279e82f0d9d,422556,0.02171799968083099,20,31.69131295895204,422556,0.02171799968083099,16,24.17070504196454,422556,0.02171799968083099,12,14.95830516598653,420704,0.017239961893155797,8,9.914677125052549,413574,0.0,0,0
full_p2_seed17,full,case_074,2,5,3609,02_1001..5000,24,13,11,0,"{""success"": 24}",17.719022374949418,17.883198832976632,0.43583405,14.99747895996552,14.869707458885387,0.12777150108013302,11.427242542034946,13.528383625787683,0,2.112172874971293,0.6093705400126055,0.1641764580272138,256771,338235,3,component,0,0,/Users/liyu/Desktop/中文题目/A题研究/advanced_solver/runs/formal_v2/full_p2_seed17/slots/case_074/p2_n5/attempt_0001/summary.json,743b6eb936038738991dee8569f99c5105a40f254dc7e2bd721ea944064f89a9,c56b013eaabea7dd81066ddf920a2cfbf553af4e4e0c9af08e79cf3fe197517f,338235,0.0,20,13.819195584044792,338235,0.0,16,13.777942041982897,338235,0.0,12,13.744147416902706,338235,0.0,8,8.902635041973554,338235,0.0,0,0
full_p2_seed17,full,case_075,2,2,7410,03_5001..10000,21,20,1,0,"{""success"": 21}",74.34099170810077,74.53488029097207,0.796834556,72.200071749161,72.17292037408333,0.027151375077664852,62.67539266892709,69.87102391791996,0,1.2411056249402463,0.8998143339995295,0.1938885828712955,321736,781077,15,trace,0,0,/Users/liyu/Desktop/中文题目/A题研究/advanced_solver/runs/formal_v2/full_p2_seed17/slots/case_075/p2_n2/attempt_0001/summary.json,122f807af7e344a5cd6fbf2e722cd68254c013b74b5e1193efdd0947802fbba3,1ff85fb2f7e21f2e746d4b656b5fd8e0a0107c4aa2387b932053aaf86a9412a5,834996,0.06903160635891203,17,58.84962379117496,831636,0.06472985377882079,13,43.70542187523097,787247,0.007899349231893948,9,30.37977829214651,781077,0.0,5,17.335429916973226,781077,0.0,0,0
full_p2_seed17,full,case_075,2,3,7410,03_5001..10000,21,21,0,0,"{""success"": 21}",90.11881966690999,90.34996745898388,1.036369407,87.37781604100019,87.37781604100019,0,74.9343412091257,85.01048583327793,0,1.7286291669588536,1.0123744589509442,0.23114779207389802,373668,574305,12,trace,0,0,/Users/liyu/Desktop/中文题目/A题研究/advanced_solver/runs/formal_v2/full_p2_seed17/slots/case_075/p2_n3/attempt_0001/summary.json,2209858c4c58fe4b6318ef376d47c7ec0c86afae39a7bbbd76cf8909a584f005,8f3c39f377728065a53b01903a5eb68b9347f85a1d8681a00bebfa5c572269f2,622958,0.08471630927817109,17,70.39022866589949,622958,0.08471630927817109,13,53.86822154012043,574305,0.0,9,37.64133712416515,574305,0.0,5,21.00894387520384,574305,0.0,0,0
full_p2_seed17,full,case_075,2,4,7410,03_5001..10000,21,21,0,0,"{""success"": 21}",73.89077470905613,74.08909091702662,0.900450681,71.33339366619475,71.33339366619475,0,60.401194583042525,68.96644183422904,0,1.628652541898191,0.9287285009631887,0.19831620797049254,383203,463009,15,trace,0,0,/Users/liyu/Desktop/中文题目/A题研究/advanced_solver/runs/formal_v2/full_p2_seed17/slots/case_075/p2_n4/attempt_0001/summary.json,9664e37f1b99905232e160974d8f1aebb76a2a630519c7b9a8c760382e569553,4e7770c58baa7e402baf7b0b86c27c18517e075fea23ef0d6e9237153812e0ab,496843,0.07307417350418666,17,57.00853558210656,494947,0.06897922070629292,13,41.001119000138715,494947,0.06897922070629292,9,27.58358641609084,463009,0.0,5,15.301827250048518,463009,0.0,0,0
full_p2_seed17,full,case_075,2,5,7410,03_5001..10000,21,12,9,0,"{""success"": 21}",50.20821495796554,50.550084625021555,1.055802737,47.34320745896548,47.24271237500943,0.10049508395604789,39.76917500095442,45.81778904097155,0,1.888051210087724,0.9769562889123335,0.3418696670560166,389338,392746,15,trace,0,0,/Users/liyu/Desktop/中文题目/A题研究/advanced_solver/runs/formal_v2/full_p2_seed17/slots/case_075/p2_n5/attempt_0001/summary.json,dc4c1f297e80b4d6ad7d116c4ab631fa445f3d8c2381262b5a323de5a40f3528,9651890114512b37e79a3899d44e9acb0e1b68aa1f2233ef8a3684c6ad0ac7f3,413605,0.05311066185269864,17,47.2878869168926,413605,0.05311066185269864,13,47.25219458399806,412988,0.051539671950828314,9,34.75757670798339,392746,0.0,5,18.98490545898676,392746,0.0,0,0
full_p2_seed17,full,case_076,2,2,32528,04_>10000,19,17,2,0,"{""success"": 19}",761.2543114169966,761.5624812919414,3.277332103,750.9061709600501,750.8304717519786,0.07569920807145536,719.22080520913,748.0513110008324,0,7.283215667004697,3.0649247899418697,0.30816987494472414,840196,3064800,3,component,0,0,/Users/liyu/Desktop/中文题目/A题研究/advanced_solver/runs/formal_v2/full_p2_seed17/slots/case_076/p2_n2/attempt_0001/summary.json,c96f23bbc918193b12ecdbb6f073b68f6ffc6989d6a4ce3e069fa1f65fe472bb,28d8d693705b6689c367fb895c31b4de39e1a6b33113df7743e8b3611137b5d4,3064800,0.0,15,698.657619126956,3064800,0.0,11,488.436927792849,3064800,0.0,7,237.62858970894013,3064800,0.0,3,85.28598441695794,3064800,0.0,0,0
full_p2_seed17,full,case_076,2,3,32528,04_>10000,24,24,0,0,"{""success"": 24}",813.5062993750907,813.8508469170192,4.442911534,798.8546060405206,798.8546060405206,0,756.9471182507696,794.8893784562824,0,10.955711167072877,3.6959821674972773,0.3445475419284776,874590,2047042,3,component,0,0,/Users/liyu/Desktop/中文题目/A题研究/advanced_solver/runs/formal_v2/full_p2_seed17/slots/case_076/p2_n3/attempt_0001/summary.json,ab2f347aeba8be39c2f842e8697dd0a0e68cc404433fcfc11b0ef62ce383c7ac,38c35e4c9c4f6baf23820b4881a742d13c9cb3d1b4222b534814507f8a1dbe5d,2047042,0.0,20,707.533377582673,2047042,0.0,16,522.0750677088508,2047042,0.0,12,309.30856799986213,2047042,0.0,8,197.385676499689,2047042,0.0,0,0
full_p2_seed17,full,case_076,2,4,32528,04_>10000,24,24,0,0,"{""success"": 24}",694.8412373329047,695.2174453330226,3.774249948,676.3111653354717,676.3111653354717,0,633.8873937060125,672.3691552532837,0,14.544968958944082,3.9851030384888873,0.3762080001179129,879080,1534538,3,component,0,0,/Users/liyu/Desktop/中文题目/A题研究/advanced_solver/runs/formal_v2/full_p2_seed17/slots/case_076/p2_n4/attempt_0001/summary.json,9ff5d4763c93db42383a91bbef949375ed71d05ddd436516c20ec68675076c0d,cdc62299c5da4b293fb7de892c9fde915006fb4256aa1204b810258bf73a1e59,1534538,0.0,20,601.9927978354972,1534538,0.0,16,442.8483131683897,1534538,0.0,12,252.75134291825816,1534538,0.0,8,153.2465874181362,1534538,0.0,0,0
full_p2_seed17,full,case_076,2,5,32528,04_>10000,24,14,10,0,"{""success"": 24}",345.058567665983,345.58127716591116,4.582291047,325.7134657462593,325.41300679009873,0.3004589561605826,306.15641804237384,322.65199241484515,0,15.276109750033356,4.068992169690318,0.522709499928169,877440,1232186,13,trace,0,0,/Users/liyu/Desktop/中文题目/A题研究/advanced_solver/runs/formal_v2/full_p2_seed17/slots/case_076/p2_n5/attempt_0001/summary.json,823f041be58e922f60c09be1e0b95830fe36c447e0dec11724be6297f1e7270c,3157e211a111aa2615efb7c4eb175dd37e3fc550c4701d3a736723985aaaf9e1,1232527,0.0002767439331399224,20,287.5292784961639,1232527,0.0002767439331399224,16,287.42168816400226,1232527,0.0002767439331399224,12,287.311542873038,1232186,0.0,8,190.96941554010846,1232186,0.0,0,0
full_p2_seed17,full,case_077,2,2,4486,02_1001..5000,24,21,3,0,"{""success"": 24}",29.99445929110516,30.164830000023358,0.378501422,28.61162791575771,28.569662790861912,0.04196512489579618,22.532917789416388,26.426936710020527,0,0.8021895410493016,0.5806418342981488,0.17037070891819894,257630,246658,3,component,0,0,/Users/liyu/Desktop/中文题目/A题研究/advanced_solver/runs/formal_v2/full_p2_seed17/slots/case_077/p2_n2/attempt_0001/summary.json,ca532cbe573efaddc2612df1d3f60c3e3e73a2a63e37244d833bec3a661fd5e2,426a0a04aff4b22c613dfc79d344d72c587e71eb9a8d340d526c197e200d3f4f,246658,0.0,20,27.654161207843572,246658,0.0,16,20.617876957869157,246658,0.0,12,12.482952249818482,246658,0.0,8,8.022479125764221,246658,0.0,0,0
full_p2_seed17,full,case_077,2,3,4486,02_1001..5000,24,24,0,0,"{""success"": 24}",34.37592954200227,34.54305595799815,0.404867362,32.72323678876273,32.72323678876273,0,25.75234733009711,30.353814084199257,0,1.0510130840120837,0.6016796692274511,0.16712641599588096,261997,176712,3,component,0,0,/Users/liyu/Desktop/中文题目/A题研究/advanced_solver/runs/formal_v2/full_p2_seed17/slots/case_077/p2_n3/attempt_0001/summary.json,5d353ef4eb780f6685adc1228d548559d49f67e95d11be9b983a309d6307a20d,f3eedc54f3fa87a2e4ce76ef25629f2ca3f5f8340210050d63f697625749d1c0,176712,0.0,20,28.002104914863594,176712,0.0,16,20.822668539825827,176712,0.0,12,12.188577790977433,176712,0.0,8,7.879116749973036,176712,0.0,0,0
full_p2_seed17,full,case_077,2,4,4486,02_1001..5000,24,24,0,0,"{""success"": 24}",35.33977904205676,35.50756691698916,0.420072292,33.47576924983878,33.47576924983878,0,26.230497955926694,31.111206709290855,0,1.245160664897412,0.6188491273205727,0.16778787493240088,279622,133684,14,trace,0,0,/Users/liyu/Desktop/中文题目/A题研究/advanced_solver/runs/formal_v2/full_p2_seed17/slots/case_077/p2_n4/attempt_0001/summary.json,3c47624edca8f75ac22088bb81cc26f023442e5fd1c26c4fba457e5b24f85eca,5ed1df971e8f99e18ab902c5643e523dd5f6e454db61149286797958676c37e4,144734,0.08265761048442588,20,29.32457004080061,144734,0.08265761048442588,16,22.26311645784881,144734,0.08265761048442588,12,13.545381956966594,133684,0.0,8,9.393141790991649,133684,0.0,0,0
full_p2_seed17,full,case_077,2,5,4486,02_1001..5000,24,14,10,0,"{""success"": 24}",19.8679149170639,20.085937541909516,0.578082101,17.759883873863146,17.666940832859837,0.09294304100330919,13.692122043226846,16.048618916072883,0,1.4653628339292482,0.6426682092715055,0.21802262484561652,276428,116605,16,trace,0,0,/Users/liyu/Desktop/中文题目/A题研究/advanced_solver/runs/formal_v2/full_p2_seed17/slots/case_077/p2_n5/attempt_0001/summary.json,cc550cb20387dc174fc0d9417452784f616680b5ef08195da590e2e81bf1cb77,824735f15b026c8098dc7f3375f9782280d6c50cd60f9fa0ba7d800444567645,119119,0.021559967411346026,20,15.791353415930644,119119,0.021559967411346026,16,15.763779083848931,119119,0.021559967411346026,12,15.732324916985817,116605,0.0,8,10.937682916992344,116605,0.0,0,0
full_p2_seed17,full,case_078,2,2,1024,02_1001..5000,23,20,3,0,"{""success"": 23}",8.227190708043054,8.392709792009555,0.105740011,7.6650466659339145,7.621475206804462,0.043571459129452705,4.137829791055992,5.803638249170035,0,0.23013325000647455,0.3320107921026647,0.16551908396650106,190418,1030339,17,trace,0,0,/Users/liyu/Desktop/中文题目/A题研究/advanced_solver/runs/formal_v2/full_p2_seed17/slots/case_078/p2_n2/attempt_0001/summary.json,7be66e53ea140413ac6a9c0877b7d7146792e3858944dfbbfb75c5be842a2a70,86342a74097e654ebc807ca9a08d694e8dab8afdb07419a0aa4905b9c0857c35,1260358,0.2232459413843404,19,7.144708622829057,1035492,0.005001266573428698,15,5.51020624791272,1034467,0.004006448363111481,11,3.9966359159443527,1032741,0.0023312715523726713,7,2.6042647910071537,1030339,0.0,0,0
full_p2_seed17,full,case_078,2,3,1024,02_1001..5000,24,24,0,0,"{""success"": 24}",12.705706665990874,12.844470832962543,0.230835457,11.892173834028654,11.892173834028654,0,6.948686584830284,9.534477084176615,0,0.3471822499996051,0.46635058196261525,0.1387641669716686,211770,697752,24,trace,0,0,/Users/liyu/Desktop/中文题目/A题研究/advanced_solver/runs/formal_v2/full_p2_seed17/slots/case_078/p2_n3/attempt_0001/summary.json,21c1c2555a420e05b9a0ea70d27000e71419a62d068c443c9a7c74e968e92bf2,aede6ee2d3266a62e9c36ba422dba457f4fa2d18194ba2ef3f5c77680433dbc7,993959,0.4245161604696224,20,10.494024751125835,698513,0.0010906453868997357,16,8.515105043188669,698513,0.0010906453868997357,12,6.442012084182352,698513,0.0010906453868997357,8,4.292525250115432,697752,0.0,0,0
full_p2_seed17,full,case_078,2,4,1024,02_1001..5000,24,24,0,0,"{""success"": 24}",9.666863750084303,9.867587332963012,0.12242161,8.924800166045316,8.924800166045316,0,4.757445333059877,6.788698251242749,0,0.41049462382216007,0.3315689602168277,0.20072358287870884,211080,518308,18,trace,0,0,/Users/liyu/Desktop/中文题目/A题研究/advanced_solver/runs/formal_v2/full_p2_seed17/slots/case_078/p2_n4/attempt_0001/summary.json,2c43016d9d820c7a153d9b1c84ee364995a833d3eb6e04d4b632638f4416c5a4,552220f8c84fe6833c2d914cbad3051c519b11f34b00acac81499ba9514000b9,690924,0.3330374989388549,20,7.453461081953719,522741,0.008552829591671252,16,5.950788624002598,522741,0.008552829591671252,12,4.3479119159746915,522741,0.008552829591671252,8,2.9508522080723196,518308,0.0,0,0
full_p2_seed17,full,case_078,2,5,1024,02_1001..5000,24,13,11,0,"{""success"": 24}",7.751170958043076,7.897177750011906,0.198700678,7.068164793308824,7.001438208040781,0.06672658526804298,4.300792874651961,5.8283878760412335,0,0.35760266706347466,0.32540349767077714,0.14600679196882993,221521,488618,7,operation,0,0,/Users/liyu/Desktop/中文题目/A题研究/advanced_solver/runs/formal_v2/full_p2_seed17/slots/case_078/p2_n5/attempt_0001/summary.json,a254c365128357c1318ff0d641ffa7fd5f5977b64891a4432ef1685b2985bb83,a1b2dd62be4fa27cea6571ab858a6cacba29a208fb435cfff723aaea20cfeb0b,663941,0.35881404287193686,20,6.740611543413252,488618,0.0,16,6.7215619592461735,488618,0.0,12,6.7057300000451505,488618,0.0,8,4.455785665893927,488618,0.0,0,0
full_p2_seed17,full,case_079,2,2,18720,04_>10000,10,7,3,0,"{""success"": 10}",169.97782108397223,170.22712725005113,1.065619205,165.2490785010159,165.1882675420493,0.060810958966612816,156.28157895803452,164.22605008305982,0,3.59304512583185,1.1356974571244791,0.24930616607889533,474051,15446486,1,component,0,0,/Users/liyu/Desktop/中文题目/A题研究/advanced_solver/runs/formal_v2/full_p2_seed17/slots/case_079/p2_n2/attempt_0001/summary.json,b7ffdedc4d3e147e4282be7078c0da3b8e5482d8d17d40b4aa9b70a1e885f496,7f293d9dc7bfdc0d662425eb7d9dba1919050d15aaaf87e5e49fb017d551802b,15446486,0.0,6,152.5773102081148,15446486,0.0,2,35.87632995797321,15446486,0.0,0,0,15446486,0.0,0,0,15446486,0.0,0,0
full_p2_seed17,full,case_079,2,3,18720,04_>10000,11,11,0,0,"{""success"": 11}",241.81198962498456,242.0561525420053,1.295406952,235.67767016601283,235.67767016601283,0,221.5298650028417,234.13844712707214,0,4.792948291054927,1.3413711679168046,0.24416291702073067,482615,10181692,1,component,0,0,/Users/liyu/Desktop/中文题目/A题研究/advanced_solver/runs/formal_v2/full_p2_seed17/slots/case_079/p2_n3/attempt_0001/summary.json,e9b1f000363a3530e4288b4183d2f722dd25ac37e0d9d373c0809dcc737db962,7ca473f70c1c751fe3da69fefebe458c7699097921717d773e0a0e48af71c1d4,10181692,0.0,7,181.4779362080153,10181692,0.0,3,71.51473454094958,10181692,0.0,0,0,10181692,0.0,0,0,10181692,0.0,0,0
full_p2_seed17,full,case_079,2,4,18720,04_>10000,13,13,0,0,"{""success"": 13}",249.82258279202506,250.06200895807706,1.554048717,242.24286329187453,242.24286329187453,0,225.50435583584476,240.4091189171886,0,6.126515042036772,1.4532044581137598,0.23942616605199873,498680,7635624,1,component,0,0,/Users/liyu/Desktop/中文题目/A题研究/advanced_solver/runs/formal_v2/full_p2_seed17/slots/case_079/p2_n4/attempt_0001/summary.json,3d5253a98fbc1a6508eb955ed9526bc76882936cc3a210bd7985f36e10c896e5,d5d5353755bbd71a532805cf384699c3f6323cb22fbf65970654efb02e8000c2,7635624,0.0,9,187.89533379185013,7635624,0.0,5,102.68223962606862,7635624,0.0,1,8.895461749983951,7635624,0.0,0,0,7635624,0.0,0,0
full_p2_seed17,full,case_079,2,5,18720,04_>10000,12,4,8,0,"{""success"": 12}",62.58553187502548,62.83527162496466,1.515905251,53.70863004215062,53.53587275091559,0.1727572912350297,49.3457330429228,52.899951582890935,0,7.501521251047961,1.375380581826903,0.2497397499391809,524647,6015906,12,trace,1,0,/Users/liyu/Desktop/中文题目/A题研究/advanced_solver/runs/formal_v2/full_p2_seed17/slots/case_079/p2_n5/attempt_0001/summary.json,0903e11b40825893dc87dad85e8a2ce7464c3f4d8bd2c7df833f5848cc346d4a,0c84568845e1fbbc3641983e2a550d4b283cfab420f1ce1afdb21654370fa04c,6040492,0.004086832473778612,8,30.947852208162658,6040492,0.004086832473778612,4,30.86720125004649,6015906,0.0,0,0,6015906,0.0,0,0,6015906,0.0,0,0
full_p2_seed17,full,case_080,2,2,1098,02_1001..5000,14,12,2,0,"{""success"": 14}",7.591233333107084,7.773658000049181,0.108497268,7.0954097509384155,7.061818834044971,0.033590916893444955,4.336880919174291,5.711827749852091,0,0.2798532081069425,0.21597037406172603,0.18242466694209725,131685,145926,1,component,0,0,/Users/liyu/Desktop/中文题目/A题研究/advanced_solver/runs/formal_v2/full_p2_seed17/slots/case_080/p2_n2/attempt_0001/summary.json,6530d21cac67ad736c7a76b35d5b7a6193da1af8224b3bec87a7a09d8ad10091,84eecc92a8819c6f0811459f8bea4520e3b3b7873daad196c6ddbfdb1143d171,145926,0.0,10,6.255567168118432,145926,0.0,6,3.8497625840827823,145926,0.0,2,0.9948993751313537,145926,0.0,0,0,145926,0.0,0,0
full_p2_seed17,full,case_080,2,3,1098,02_1001..5000,14,14,0,0,"{""success"": 14}",8.307755457935855,8.49956983292941,0.113103015,7.6220613738987595,7.6220613738987595,0,4.624990833108313,6.164853041875176,0,0.44616808311548084,0.23952600092161447,0.19181437499355525,135819,100325,1,component,0,0,/Users/liyu/Desktop/中文题目/A题研究/advanced_solver/runs/formal_v2/full_p2_seed17/slots/case_080/p2_n3/attempt_0001/summary.json,63a680b0524b42ba5ce269e9d1984f687b64d9010f2931bd28aa961354f084f1,67dcb3a30d201839e25e9691993fbfa180e85d22e529628ead1b8c5f36cfe322,100325,0.0,10,5.98576924984809,100325,0.0,6,3.5579326248262078,100325,0.0,2,0.8980023750336841,100325,0.0,0,0,100325,0.0,0,0
full_p2_seed17,full,case_080,2,4,1098,02_1001..5000,14,14,0,0,"{""success"": 14}",8.922552166040987,9.08145316701848,0.119185636,8.013640250195749,8.013640250195749,0,4.755768166971393,6.376161374384537,0,0.6879398738965392,0.22097204194869846,0.15890100097749382,138761,90653,3,component,0,0,/Users/liyu/Desktop/中文题目/A题研究/advanced_solver/runs/formal_v2/full_p2_seed17/slots/case_080/p2_n4/attempt_0001/summary.json,f962f119e3127ab104dcdc48f21e1a14a278ba9057763c3b5df301ef80d3d677,58c28339d465e66e152207c6d0ad0414e59e145a70c5d7577b6f4e464f7ee4f1,90653,0.0,10,6.242741084191948,90653,0.0,6,3.6548014590516686,90653,0.0,2,0.8675992920761928,90653,0.0,0,0,90653,0.0,0,0
full_p2_seed17,full,case_080,2,5,1098,02_1001..5000,14,4,10,0,"{""success"": 14}",2.9026490000542253,3.056791167007759,0.123598509,1.750013250974007,1.6533576669171453,0.0966555840568617,0.8941647500032559,1.2599422088824213,0,0.9368615829152986,0.21577416616491973,0.1541421669535339,147417,80646,13,trace,1,0,/Users/liyu/Desktop/中文题目/A题研究/advanced_solver/runs/formal_v2/full_p2_seed17/slots/case_080/p2_n5/attempt_0001/summary.json,716a83338537baa3d439e5846a3f15974d2c56c7737c639452349b4952cfd53a,588f0a0f67c10a1362e562ae7f321a43db4953239c1fd9198c65678da980b4f6,86030,0.06676090568658077,10,0.8817000839626417,86030,0.06676090568658077,6,0.8483769160229713,86030,0.06676090568658077,2,0.8198424169095233,80646,0.0,0,0,80646,0.0,0,0
full_p2_seed17,full,case_081,2,2,3485,02_1001..5000,24,21,3,0,"{""success"": 24}",34.269429542007856,34.43607733398676,0.413955708,33.00477462587878,32.94840258394834,0.05637204193044454,26.412271250854246,30.579699246794917,0,0.6773154570255429,0.5873394591035321,0.16664779197890311,242544,76860,1,component,0,0,/Users/liyu/Desktop/中文题目/A题研究/advanced_solver/runs/formal_v2/full_p2_seed17/slots/case_081/p2_n2/attempt_0001/summary.json,2ff075b23aaa2aa46f45571566e3738b22f50176526092ead9bcb41c2ccad2bd,ba66ed2c158561504f02431d7d219249c6daa88a6f8e5c8d58585d681146297f,76860,0.0,20,31.811749833985232,76860,0.0,16,23.78853291796986,76860,0.0,12,15.218531126040034,76860,0.0,8,9.780718458001502,76860,0.0,0,0
full_p2_seed17,full,case_081,2,3,3485,02_1001..5000,24,24,0,0,"{""success"": 24}",34.272264084080234,34.457004375057295,0.356563577,32.9617812911747,32.9617812911747,0,25.727616957272403,30.29219212429598,0,0.7586563748773187,0.5518264180282131,0.1847402909770608,246890,51943,1,component,0,0,/Users/liyu/Desktop/中文题目/A题研究/advanced_solver/runs/formal_v2/full_p2_seed17/slots/case_081/p2_n3/attempt_0001/summary.json,ece58b97908d450459185ae30e5c08f9088e9b1fc5e37471858053f8f0ca3e5a,22761308d5db12bf37c04a44035ee9e0886ffaaa0625705a84c7c23bdb62a6e2,51943,0.0,20,28.541716416249983,51943,0.0,16,21.12498483317904,51943,0.0,12,12.871193833067082,51943,0.0,8,8.05411050003022,51943,0.0,0,0
full_p2_seed17,full,case_081,2,4,3485,02_1001..5000,24,24,0,0,"{""success"": 24}",32.13323070900515,32.28383895906154,0.403018465,30.72044908523094,30.72044908523094,0,23.86785737425089,28.3426422085613,0,0.8775010419776663,0.5352805817965418,0.15060825005639344,251104,39588,1,component,0,0,/Users/liyu/Desktop/中文题目/A题研究/advanced_solver/runs/formal_v2/full_p2_seed17/slots/case_081/p2_n4/attempt_0001/summary.json,02bc715e00ac4c77d405ea627ca16955fa3b886d2f4441631252d12b56a11118,522cf00b4e90d9ad5b3c677fb64820cf6324273ab76606410a97c71cc0dc63a8,39588,0.0,20,26.70463137619663,39588,0.0,16,19.525203918106854,39588,0.0,12,11.16517233417835,39588,0.0,8,7.262661751010455,39588,0.0,0,0
full_p2_seed17,full,case_081,2,5,3485,02_1001..5000,14,3,11,0,"{""success"": 14}",4.189376958995126,4.350170374964364,0.288156952,2.9301591258263215,2.8322158330120146,0.09794329281430691,2.0937174160499126,2.536838750122115,0,0.9195813341066241,0.3396364990621805,0.16079341596923769,192541,30943,1,component,0,0,/Users/liyu/Desktop/中文题目/A题研究/advanced_solver/runs/formal_v2/full_p2_seed17/slots/case_081/p2_n5/attempt_0001/summary.json,fb738f65d1e0e15e1f57d2f9b974c5f6cb9c3eecb91baaf08ab6e501f9fa72fb,88afca81068126989d493478f59301283cced1b2ae31f5bc11ac58b6fb6fcbaf,30943,0.0,10,2.0076570418896154,30943,0.0,6,1.9773833330255002,30943,0.0,2,1.9508269580546767,30943,0.0,0,0,30943,0.0,0,0
full_p2_seed17,full,case_082,2,2,4113,02_1001..5000,21,20,1,0,"{""success"": 21}",38.657535832957365,38.8334267080063,0.512078192,37.2416282951599,37.22183937812224,0.019788917037658393,30.14761608489789,35.250444748671725,0,0.7841625838773325,0.6317449539201334,0.1758908750489354,282999,429814,20,trace,0,0,/Users/liyu/Desktop/中文题目/A题研究/advanced_solver/runs/formal_v2/full_p2_seed17/slots/case_082/p2_n2/attempt_0001/summary.json,c7286576ef02ffeab7674b7dae803d4df4fd044325dd868d3c029608990a11ff,d35c0643ec71f5267d2e5ad35e19be57e1d4e860bfbd1ba38c06892dcf456fd8,430148,0.0007770803184632413,17,31.802575586130843,430148,0.0007770803184632413,13,24.775779378018342,430148,0.0007770803184632413,9,16.199029961018823,430148,0.0007770803184632413,5,9.040240833885036,429814,0.0,0,0
full_p2_seed17,full,case_082,2,3,4113,02_1001..5000,21,21,0,0,"{""success"": 21}",41.66701095900498,41.845589250093326,0.599640638,40.02145429211669,40.02145429211669,0,31.950089084217325,37.899316459777765,0,1.0080389170907438,0.6375177497975528,0.17857829108834267,278100,274300,12,trace,0,0,/Users/liyu/Desktop/中文题目/A题研究/advanced_solver/runs/formal_v2/full_p2_seed17/slots/case_082/p2_n3/attempt_0001/summary.json,dc7a9d0a562313f4bc3a777d71f6524ce8c3be85b82c4687acdfdc82177977a9,add9ae5c658032c7e189c552a878dfdf47230afd6b95daf1c96b08a4bd7aa424,301766,0.10013124316441857,17,32.78872937592678,301766,0.10013124316441857,13,25.68723883398343,274300,0.0,9,18.16019195795525,274300,0.0,5,10.257805582834408,274300,0.0,0,0
full_p2_seed17,full,case_082,2,4,4113,02_1001..5000,21,21,0,0,"{""success"": 21}",44.05424570897594,44.241594332968816,0.650558858,42.29562416789122,42.29562416789122,0,33.66404925007373,40.096470210235566,0,1.083722790936008,0.6748987501487136,0.18734862399287522,285667,216791,15,trace,0,0,/Users/liyu/Desktop/中文题目/A题研究/advanced_solver/runs/formal_v2/full_p2_seed17/slots/case_082/p2_n4/attempt_0001/summary.json,77473206b5b958b5d4f648d679e29ce9b5e89eb57ada5d1aef50f63b79c3d829,f2fb5a3a6fb2b6e50cc7485f2bd008fdf45c0e14a131bde290a6ea639058d4ad,245908,0.13430908109653994,17,35.243326042895205,245908,0.13430908109653994,13,27.415064208908007,245647,0.13310515657937838,9,19.504217457957566,216791,0.0,5,10.74352012493182,216791,0.0,0,0
full_p2_seed17,full,case_082,2,5,4113,02_1001..5000,21,12,9,0,"{""success"": 21}",32.197569583076984,32.376810082932934,0.842431242,30.366289418772794,30.27950666891411,0.08678274985868484,24.471296415897086,28.893951121950522,0,1.1713239999953657,0.6599561643088236,0.17924049985595047,289968,218027,15,trace,0,0,/Users/liyu/Desktop/中文题目/A题研究/advanced_solver/runs/formal_v2/full_p2_seed17/slots/case_082/p2_n5/attempt_0001/summary.json,22b6a709b09f47b7ab29e6cad340449eaa8ffd256310ea3758b2650cb4114e99,5065ffe9167b6fda225f2cdc3e77782e180fdccaa1ca644e3bb48ac4b8add209,238028,0.09173634458117563,17,30.31524908496067,238028,0.09173634458117563,13,30.286841918947175,237596,0.08975493860852102,9,22.787087001022883,218027,0.0,5,11.508170124841854,218027,0.0,0,0
full_p2_seed17,full,case_083,2,2,3844,02_1001..5000,24,21,3,0,"{""success"": 24}",49.05552054196596,49.22661379200872,0.585504105,47.495716000092216,47.451851167017594,0.043864833074621856,39.082308541750535,44.952815084951,0,0.8217852921225131,0.7380192497512326,0.17109325004275888,293093,411928,12,operation,0,0,/Users/liyu/Desktop/中文题目/A题研究/advanced_solver/runs/formal_v2/full_p2_seed17/slots/case_083/p2_n2/attempt_0001/summary.json,65fc8bdb16b4c093625d1b7357b27089fff864a3094b708780c19baeb2342cb9,7738138aadb408fde330744031303c500e7d605e3c41ed85885c78554388629b,644672,0.5650113612087548,20,46.27731691696681,437064,0.061020372492280206,16,37.815467916894704,411928,0.0,12,26.974216875969432,411928,0.0,8,18.280266416957602,411928,0.0,0,0
full_p2_seed17,full,case_083,2,3,3844,02_1001..5000,24,24,0,0,"{""success"": 24}",52.88982791593298,53.09535925008822,0.995028776,51.06797983672004,51.06797983672004,0,41.74879325076472,48.36626158480067,0,1.0902694589458406,0.7315786202671006,0.20553133415523916,304387,315399,18,trace,0,0,/Users/liyu/Desktop/中文题目/A题研究/advanced_solver/runs/formal_v2/full_p2_seed17/slots/case_083/p2_n3/attempt_0001/summary.json,b1721f1ce9825497ab0f409d660201843f010e3a5b816d91e6c95ca25d53b00b,d5a383f6f51815b16148b9e694a084642beb6440e4f3f9c0d6a2c3abeb597288,512623,0.6253158697395997,20,45.57712962664664,327546,0.03851312147470343,16,37.590177084784955,320439,0.015979758971968794,12,27.17494004277978,320123,0.014977853449123169,8,18.261339167831466,315399,0.0,0,0
full_p2_seed17,full,case_083,2,4,3844,02_1001..5000,24,24,0,0,"{""success"": 24}",42.751553750014864,42.93234220799059,0.550151585,40.77751066500787,40.77751066500787,0,32.26348091382533,38.11933254101314,0,1.1998340828577057,0.7742090021492913,0.18078845797572285,310241,268874,16,trace,0,0,/Users/liyu/Desktop/中文题目/A题研究/advanced_solver/runs/formal_v2/full_p2_seed17/slots/case_083/p2_n4/attempt_0001/summary.json,5d9f3d63716fd134e571e2ff19c01ef5838db5bbe3969c162912ee73fa0b653d,ff198f99233d7d0e1fa68eb09182de8e0ee52651ef19b2129e49e72770094628,450029,0.6737542492022286,20,36.05772162403446,281977,0.04873286372055308,16,29.836209582863376,269148,0.0010190646920118507,12,21.132217249833047,268874,0.0,8,14.030922081903554,268874,0.0,0,0
full_p2_seed17,full,case_083,2,5,3844,02_1001..5000,24,13,11,0,"{""success"": 24}",28.525809917016886,28.708784624934196,0.735042891,26.571316373883747,26.483080958831124,0.08823541505262256,21.024382000789046,25.06231504189782,0,1.274776499834843,0.6797170432982966,0.1829747079173103,321434,260068,18,trace,0,0,/Users/liyu/Desktop/中文题目/A题研究/advanced_solver/runs/formal_v2/full_p2_seed17/slots/case_083/p2_n5/attempt_0001/summary.json,ae3745365e83c3761e61246364108962bfd11843f76e90f0f3f146cd0a68ea90,56f3256941f4227881b1b932d2f50c024d92c8b6d3bb744d6f111f4fe57fb2c4,442480,0.701401172001169,20,25.709279040805995,285220,0.09671316732546864,16,25.68304579181131,270461,0.03996262515957372,12,25.65614783379715,270414,0.03978190319454922,8,17.688690166920424,260068,0.0,0,0
full_p2_seed17,full,case_084,2,2,8616,03_5001..10000,23,20,3,0,"{""success"": 23}",136.24675320798997,136.4757010830799,1.00057919,132.95421871112194,132.89024591818452,0.06397279293742031,120.14684637682512,130.3340007121442,0,1.9606016259640455,1.3319328709039837,0.2289478750899434,396580,1253576,23,trace,1,0,/Users/liyu/Desktop/中文题目/A题研究/advanced_solver/runs/formal_v2/full_p2_seed17/slots/case_084/p2_n2/attempt_0001/summary.json,330ab82dab7933432434c2ab01b2e5a864f00f4cf3b8b914f67a24cef6232447,36a1a7b5a2db41e7b750fb99a9db530a98a1e5fa03b64a2a226243fe367f89f0,1255052,0.001177431603668122,19,128.54493425122928,1255052,0.001177431603668122,15,88.02379195916001,1255052,0.001177431603668122,11,51.578414125251584,1253876,0.00023931536659915764,7,30.388798750122078,1253576,0.0,0,0
full_p2_seed17,full,case_084,2,3,8616,03_5001..10000,9,9,0,0,"{""success"": 9}",59.59896274993662,59.77865133294836,0.51074315,57.085255416925065,57.085255416925065,0,51.41352504270617,56.07609783206135,0,1.868223249912262,0.6454840830992907,0.17968858301173896,327911,836220,1,component,2,0,/Users/liyu/Desktop/中文题目/A题研究/advanced_solver/runs/formal_v2/full_p2_seed17/slots/case_084/p2_n3/attempt_0001/summary.json,7083672f3225f6b858473360296a52f9339a7d8d007e361fdebd59d5a63691c6,5c7aad69f456806377682b3bba62d479f71f007723918678aa3c1cfe7f1782c8,836220,0.0,5,39.78972141700797,836220,0.0,1,9.862406416912563,836220,0.0,0,0,836220,0.0,0,0,836220,0.0,0,0
full_p2_seed17,full,case_084,2,4,8616,03_5001..10000,23,23,0,0,"{""success"": 23}",131.94638466695324,132.16762083396316,1.516625744,128.07660358212888,128.07660358212888,0,113.88412395759951,125.1553632087307,0,2.686685166088864,1.1830959187354892,0.22123616700991988,404730,627552,23,trace,1,0,/Users/liyu/Desktop/中文题目/A题研究/advanced_solver/runs/formal_v2/full_p2_seed17/slots/case_084/p2_n4/attempt_0001/summary.json,1896edd6593fafdcdcd8dc5da73e285fbd88b307acadb506aeff30ef3da2df9e,6f1e4a6e41a8332649c204c39823225cbeae3021cab863ce722a830ae5ebc0e0,629028,0.002351996328591177,19,111.69303137518,629028,0.002351996328591177,15,80.61735687521286,629028,0.002351996328591177,11,49.53098887507804,629028,0.002351996328591177,7,29.96246970805805,627552,0.0,0,0
full_p2_seed17,full,case_084,2,5,8616,03_5001..10000,12,2,10,0,"{""success"": 12}",15.047923791920766,15.303673750022426,0.740970817,11.083442456787452,10.929218708886765,0.15422374790068716,9.638947583036497,10.678503374918364,0,3.0791448748204857,0.8853364603128284,0.25574995810166,352393,503472,1,component,1,0,/Users/liyu/Desktop/中文题目/A题研究/advanced_solver/runs/formal_v2/full_p2_seed17/slots/case_084/p2_n5/attempt_0001/summary.json,ae11548af4912fee778f7f6f55f4422badf426fb7dfda8584fb0e8cb838e348d,be97fce1d6faed0c6c0bb569a611c0cefd4a8964f584330808540781de4a2761,503472,0.0,8,6.987559163826518,503472,0.0,4,6.931982040870935,503472,0.0,0,0,503472,0.0,0,0,503472,0.0,0,0
full_p2_seed17,full,case_085,2,2,19737,04_>10000,21,20,1,0,"{""success"": 21}",320.8142007080605,321.06389775010757,1.914574518,314.0591203322401,314.0206766652409,0.0384436669992283,292.1833807481453,311.32478212576825,0,4.396111335023306,2.358969040797092,0.24969704204704612,619957,1628709,13,trace,0,0,/Users/liyu/Desktop/中文题目/A题研究/advanced_solver/runs/formal_v2/full_p2_seed17/slots/case_085/p2_n2/attempt_0001/summary.json,e8934e25f0b7b12074f7a67d12a03285c889bc1d620bb7bbe4770bfe05ebcfd3,4a212ab55e78e8fee0038ecedeb4c64d4f572059295776ddd72d7f621322459e,2069793,0.27081817562253296,17,256.1196429982083,1996985,0.22611528517371737,13,188.62145312305074,1986664,0.21977836433641618,9,123.72690162307117,1628709,0.0,5,68.52438962401357,1628709,0.0,0,0
full_p2_seed17,full,case_085,2,3,19737,04_>10000,21,21,0,0,"{""success"": 21}",461.3388401250122,461.6219130420359,3.534018853,453.44113745877985,453.44113745877985,0,418.326471083099,449.7462250420358,0,4.83906879206188,3.058633874170482,0.28307291702367365,801862,1167341,12,trace,0,0,/Users/liyu/Desktop/中文题目/A题研究/advanced_solver/runs/formal_v2/full_p2_seed17/slots/case_085/p2_n3/attempt_0001/summary.json,386dda454b70860790ed37d1289c7c8e316a91719355b64efd4bdda9c1116c8d,3ab896496c78168c481bfa5cd61b16bcc7994528b1b46a5c70b48cdfd57975dc,1314698,0.12623303730443802,17,390.1232256247895,1314698,0.12623303730443802,13,319.1365464157425,1167341,0.0,9,236.80305133282673,1167341,0.0,5,125.2691781668691,1167341,0.0,0,0
full_p2_seed17,full,case_085,2,4,19737,04_>10000,21,21,0,0,"{""success"": 21}",335.4615242499858,335.72099058295134,1.805589782,325.0509624158731,325.0509624158731,0,299.63823954062536,322.28145796083845,0,7.6488117929548025,2.7617500411579385,0.25946633296553046,827586,974517,12,trace,0,0,/Users/liyu/Desktop/中文题目/A题研究/advanced_solver/runs/formal_v2/full_p2_seed17/slots/case_085/p2_n4/attempt_0001/summary.json,d24c63682d455c0fa204044ec04f43503e6edf3d72edee5050b9c2616b998ecd,515aa92bd13fe80fa25e62caa109287dce75f5df0370b7ceace9c182113f8f25,1058522,0.08620167734375084,17,245.5321919999551,1058522,0.08620167734375084,13,163.87837249983568,974517,0.0,9,90.92023216595408,974517,0.0,5,51.70868179097306,974517,0.0,0,0
full_p2_seed17,full,case_085,2,5,19737,04_>10000,21,12,9,0,"{""success"": 21}",146.8212851670105,146.99885662505403,2.195425239,141.27475087507628,141.16237979312427,0.11237108195200562,127.44917258282658,140.00034862407483,0,3.867808416020125,1.6787258759140968,0.17757145804353058,849017,888887,12,trace,0,0,/Users/liyu/Desktop/中文题目/A题研究/advanced_solver/runs/formal_v2/full_p2_seed17/slots/case_085/p2_n5/attempt_0001/summary.json,c223bdb5817d14be20e431e88b18f54ac50e8cbde5db006daaa5b6c1a4138cb4,8c559fa7e09283616c69ded2eb95b8a060e7ba0bcb19359aeb392a5804231e7e,969255,0.09041419213015822,17,141.21582645829767,969255,0.09041419213015822,13,141.172059376142,888887,0.0,9,106.75562496006023,888887,0.0,5,59.08880095893983,888887,0.0,0,0
full_p2_seed17,full,case_086,2,2,5274,03_5001..10000,21,20,1,0,"{""success"": 21}",41.32725741690956,41.50995141605381,0.416345062,39.91243604430929,39.88294558622874,0.029490458080545068,32.7340529600624,37.60517083085142,0,0.7814647509949282,0.6333566216053441,0.18269399914424866,261572,64461,18,trace,0,0,/Users/liyu/Desktop/中文题目/A题研究/advanced_solver/runs/formal_v2/full_p2_seed17/slots/case_086/p2_n2/attempt_0001/summary.json,f5d145b2bbd1167d148a00e853b1ccabf2270f4ae774d4842941270a350b86b0,7e10bca5df282ec4964f9a5a8d963cba39470db1b39b8c58c7260f8f1b97f215,73288,0.13693551139448656,17,30.570299294311553,65111,0.010083616450256683,13,20.957648460171185,65111,0.010083616450256683,9,13.707984043168835,65111,0.010083616450256683,5,7.542484251083806,64461,0.0,0,0
full_p2_seed17,full,case_086,2,3,5274,03_5001..10000,21,21,0,0,"{""success"": 21}",38.860671625006944,39.10435254103504,0.532688889,37.23610891890712,37.23610891890712,0,30.06522633205168,35.18212999787647,0,0.9375848739873618,0.6869778321124613,0.24368091602809727,289295,48038,15,trace,0,0,/Users/liyu/Desktop/中文题目/A题研究/advanced_solver/runs/formal_v2/full_p2_seed17/slots/case_086/p2_n3/attempt_0001/summary.json,79f1cee319b312e7403f39eec77b5249eda478bb63c3e155a6562a20aeae011f,52ffbb0f344549ee77f08a0f9c7ccd655817cd71ee991fb6872a0cb65d807e86,57112,0.1888921270660726,17,29.46378333598841,52436,0.09155252092093757,13,20.740777877159417,52436,0.09155252092093757,9,13.836727085174061,48038,0.0,5,7.502462960081175,48038,0.0,0,0
full_p2_seed17,full,case_086,2,4,5274,03_5001..10000,21,21,0,0,"{""success"": 21}",43.40078975004144,43.60715945798438,0.531131741,41.52863804483786,41.52863804483786,0,33.389585250406526,39.083397583221085,0,1.172319583944045,0.6998321212595329,0.2063697079429403,294485,46880,15,trace,0,0,/Users/liyu/Desktop/中文题目/A题研究/advanced_solver/runs/formal_v2/full_p2_seed17/slots/case_086/p2_n4/attempt_0001/summary.json,3a53f77d5df1645290b1f9da3b94a13de106a324a4600d47792797f15a8d6e8c,90217b356e4875fa6f972c07379dac6ad64c3aca37cb601b784752e8e3aa7248,57126,0.2185580204778157,17,32.580117293749936,52534,0.1206058020477816,13,23.71495358471293,52534,0.1206058020477816,9,15.794692459749058,46880,0.0,5,8.88622175087221,46880,0.0,0,0
full_p2_seed17,full,case_086,2,5,5274,03_5001..10000,21,12,9,0,"{""success"": 21}",23.652890915982425,23.810605917009525,0.54740061,21.5977581248153,21.49716270773206,0.10059541708324105,17.146846375777386,20.164972875034437,0,1.3661728340666741,0.688959957100451,0.1577150010270998,303535,49137,15,trace,0,0,/Users/liyu/Desktop/中文题目/A题研究/advanced_solver/runs/formal_v2/full_p2_seed17/slots/case_086/p2_n5/attempt_0001/summary.json,c67828ede5f8b63be2e057576ab8d1711bbe8765e8674b4a37960c7113105b48,92bbf660b9d0ef7d5f8ce60ea5d18e93b052da6a8a545a3c7bf08bedc0fbe9d4,60728,0.23589148706677254,17,21.54224770772271,58454,0.18961271546899483,13,21.505994249717332,58142,0.18326312147668755,9,16.279352124780416,49137,0.0,5,9.127291249693371,49137,0.0,0,0
full_p2_seed17,full,case_087,2,2,27556,04_>10000,24,21,3,0,"{""success"": 24}",512.3433239170117,513.0050305000041,3.216947113,503.93340704520233,503.8535607943777,0.07984625082463026,479.2224634590093,500.7402952507837,0,5.275495583890006,3.1344212879193947,0.6617065829923376,765584,1977382,16,trace,0,0,/Users/liyu/Desktop/中文题目/A题研究/advanced_solver/runs/formal_v2/full_p2_seed17/slots/case_087/p2_n2/attempt_0001/summary.json,53cd9574133381748a6d9a7998cb01f1505f25dae34114e341ce39a24a317d55,819ea157e1a3a4a67089576afda1842fe07e15e490f220271e0d4358346c2f31,1987606,0.005170472877774834,20,494.17430858535226,1987606,0.005170472877774834,16,383.25942095939536,1987606,0.005170472877774834,12,256.61049737629946,1977382,0.0,8,181.14772675116546,1977382,0.0,0,0
full_p2_seed17,full,case_087,2,3,27556,04_>10000,24,24,0,0,"{""success"": 24}",461.5959209590219,461.8472511660075,1.580812367,450.01558350003324,450.01558350003324,0,425.35295729048084,446.4124051668914,0,9.068845417001285,2.511492041987367,0.2513302069855854,773491,1368521,16,trace,0,0,/Users/liyu/Desktop/中文题目/A题研究/advanced_solver/runs/formal_v2/full_p2_seed17/slots/case_087/p2_n3/attempt_0001/summary.json,96bab76c6b14d3f682d848cd5b0c54fbb30d854b61579d59dafc035bc8f9e317,db62065916bafedc97255f1fd65b504b4e9cc2a06c11c0a948e79cdc30f24f44,1377417,0.006500448294180394,20,380.1632515829988,1377417,0.006500448294180394,16,250.74975587497465,1377417,0.006500448294180394,12,116.01311266701669,1368521,0.0,8,77.6557989170542,1368521,0.0,0,0
full_p2_seed17,full,case_087,2,4,27556,04_>10000,24,24,0,0,"{""success"": 24}",278.22647845896427,278.42490854195785,1.904154019,269.78258637397084,269.78258637397084,0,249.36885916499887,267.1817395411199,0,6.461171375005506,1.982720709987916,0.1984300829935819,778167,1037355,16,trace,0,0,/Users/liyu/Desktop/中文题目/A题研究/advanced_solver/runs/formal_v2/full_p2_seed17/slots/case_087/p2_n4/attempt_0001/summary.json,501d8a426d518e2406dcbec924a8351a3a4dc643c4a9dbf387b475c23739db1b,03ff95287975148ca004ef2a4dafd409a96e5e4825e0301500b4f220822967ee,1063045,0.02476490690265143,20,230.81267454090994,1063045,0.02476490690265143,16,164.35349933290854,1063045,0.02476490690265143,12,85.3488215819234,1037355,0.0,8,49.874577624956146,1037355,0.0,0,0
full_p2_seed17,full,case_087,2,5,27556,04_>10000,24,14,10,0,"{""success"": 24}",146.23326070897747,146.4395740000764,1.993523309,136.00929312349763,135.82169620669447,0.18759691680315882,127.26566729007754,134.4313236249145,0,8.230478874989785,1.9934887104900554,0.2063132910989225,783668,865736,16,trace,0,0,/Users/liyu/Desktop/中文题目/A题研究/advanced_solver/runs/formal_v2/full_p2_seed17/slots/case_087/p2_n5/attempt_0001/summary.json,f03fe524bf66994be2ab716615c472a1d6dcb5c206c39e9f0d8f9c1722f2a55a,9d63c742ade933c8a36d71ccf784a7baf937fd106c975678836ab1735fb7c5f9,885851,0.02323456573366478,20,120.19858770770952,885851,0.02323456573366478,16,120.13501391583122,885851,0.02323456573366478,12,120.0670460407855,865736,0.0,8,79.15290087496396,865736,0.0,0,0
full_p2_seed17,full,case_088,2,2,3309,02_1001..5000,24,21,3,0,"{""success"": 24}",30.276549500063993,30.51573245797772,0.324682865,28.81072854017839,28.74020500003826,0.07052354014012963,22.868172416929156,26.353787917178124,0,0.868652248987928,0.5971687108976766,0.23918295791372657,247677,137415,19,trace,0,0,/Users/liyu/Desktop/中文题目/A题研究/advanced_solver/runs/formal_v2/full_p2_seed17/slots/case_088/p2_n2/attempt_0001/summary.json,daea98ae2619a031de6195d06bd925f0343df1714894be96563ce40deb5cb9a0,bb30bc746d8ce501de8a1732b2fe7403c7220dc2a916018fab83aa20f631c740,202087,0.4706327547938727,20,27.44344095804263,137428,9.460393697913183e-05,16,23.0082413762575,137428,9.460393697913183e-05,12,15.37732145912014,137428,9.460393697913183e-05,8,12.506372791016474,137415,0.0,0,0
full_p2_seed17,full,case_088,2,3,3309,02_1001..5000,24,24,0,0,"{""success"": 24}",35.468554666033015,35.605601500021294,0.244447972,33.75707516609691,33.75707516609691,0,26.01756579009816,30.775252542924136,0,1.1106746250297874,0.6008048749063164,0.1370468339882791,267980,100331,18,trace,0,0,/Users/liyu/Desktop/中文题目/A题研究/advanced_solver/runs/formal_v2/full_p2_seed17/slots/case_088/p2_n3/attempt_0001/summary.json,e19f462638ff0eeb0cf74479bb146aa0db5aff13e1c6e8afff27220471652f47,5e17cd01b020e11a752252bfc036f470c2df6b6a40b78949a9727d353246e9d8,202428,1.0176017382464044,20,29.796635416103527,108694,0.08335409793583248,16,24.209244082099758,108694,0.08335409793583248,12,17.134316457086243,108694,0.08335409793583248,8,11.346492041018791,100331,0.0,0,0
full_p2_seed17,full,case_088,2,4,3309,02_1001..5000,24,24,0,0,"{""success"": 24}",37.41661045793444,37.5415570839541,0.399864097,35.81512308481615,35.81512308481615,0,26.856904206681065,32.42951312393416,0,1.012655167025514,0.5888322060927749,0.12494662601966411,276460,89769,18,trace,0,0,/Users/liyu/Desktop/中文题目/A题研究/advanced_solver/runs/formal_v2/full_p2_seed17/slots/case_088/p2_n4/attempt_0001/summary.json,5184f3de91c7d7b3166a4f9bb949695459e33ed185e9e4ab0c5da7775026cf74,0e1ab5b30e59da269194488a383877182710e7ba1e4c6926ff08f496b7840999,202670,1.2576836101549533,20,30.851419083890505,94340,0.050919582483931025,16,24.23348391696345,94340,0.050919582483931025,12,16.670168917044066,94327,0.05077476634472933,8,11.42733108298853,89769,0.0,0,0
full_p2_seed17,full,case_088,2,5,3309,02_1001..5000,24,14,10,0,"{""success"": 24}",20.507755207945593,20.6908187919762,0.401731693,18.063255667802878,17.82389170990791,0.239363957894966,13.443589707952924,16.207943414803594,0,1.6654909170465544,0.7790086230961606,0.18306358403060585,284736,91172,18,trace,0,0,/Users/liyu/Desktop/中文题目/A题研究/advanced_solver/runs/formal_v2/full_p2_seed17/slots/case_088/p2_n5/attempt_0001/summary.json,f8c92647e35360cbc8a92257386a58553b985d9855ee49618a96af78dc052e0f,f24df80c2e17b22139e9a78c1d28b03ac5e18eb987157d5081e624da1c59073e,202791,1.2242684157416752,20,15.932495750952512,95254,0.04477251787829606,16,15.843683916842565,95254,0.04477251787829606,12,15.819277208996937,94433,0.03576756021585581,8,10.656907374970615,91172,0.0,0,0
full_p2_seed17,full,case_089,2,2,5120,03_5001..10000,24,21,3,0,"{""success"": 24}",57.381999459001236,57.735159415984526,0.584326441,54.641181959887035,54.48616054293234,0.15502141695469618,45.791450503165834,51.59400404524058,0,1.5245676250196993,1.2162498740945011,0.3531599569832906,350526,313494,19,trace,0,0,/Users/liyu/Desktop/中文题目/A题研究/advanced_solver/runs/formal_v2/full_p2_seed17/slots/case_089/p2_n2/attempt_0001/summary.json,598b372b0c2c84c54625b8735d1c4104d71cff7be6c545bc5b5c86c2de890f73,1020c5a2db5c261e9e28d30527e32bb5495c7bdf3e45ec34ac398cfd6ee1f89a,346832,0.10634334309428572,20,52.395561209879816,314227,0.002338162771855279,16,41.920391208841465,313783,0.0009218677231461747,12,29.623710958869196,313530,0.00011483473367901453,8,21.124100041924976,313494,0.0,0,0
full_p2_seed17,full,case_089,2,3,5120,03_5001..10000,24,24,0,0,"{""success"": 24}",73.06963395792991,73.24591362499632,0.398814776,71.0824177939212,71.0824177939212,0,59.61082453990821,67.87709849863313,0,1.1222657079342753,0.864950456074439,0.17627966706641018,367332,231618,23,trace,0,0,/Users/liyu/Desktop/中文题目/A题研究/advanced_solver/runs/formal_v2/full_p2_seed17/slots/case_089/p2_n3/attempt_0001/summary.json,fd662780a2fb0ba98465630f324c291a88b2a48433bbaf314e3fc4d4033529ee,6134378b1f8846a2b322f28e41ec598db94deaee9eb8a9739d44ed1fe03e5dd3,243614,0.05179217504684441,20,65.73801700188778,232115,0.0021457745080262214,16,55.98428454285022,232115,0.0021457745080262214,12,45.32477020891383,231915,0.0012822837603294612,8,29.275955125922337,231618,0.0,0,0
full_p2_seed17,full,case_089,2,4,5120,03_5001..10000,24,24,0,0,"{""success"": 24}",37.63624575000722,37.75398083298933,0.305858303,36.20564553909935,36.20564553909935,0,30.106312287505716,34.10102624818683,0,0.9149450830882415,0.5156551278196275,0.117735082982108,360618,169868,14,trace,0,0,/Users/liyu/Desktop/中文题目/A题研究/advanced_solver/runs/formal_v2/full_p2_seed17/slots/case_089/p2_n4/attempt_0001/summary.json,56a2002be22e10b296fc43f5763fa3343a3ca5cade0bfc0e780f533a14303ec6,07d656044752934795bca222aa0e38c09de98d0434a43e1a50bcfe25520d0463,178160,0.04881437351355178,20,30.606837915140204,173774,0.02299432500529819,16,21.44431770616211,169943,0.00044151929733682316,12,12.530705123208463,169868,0.0,8,8.670771290082484,169868,0.0,0,0
full_p2_seed17,full,case_089,2,5,5120,03_5001..10000,24,13,11,0,"{""success"": 24}",14.234936624998227,14.32773595803883,0.276074834,12.803485292592086,12.729731959756464,0.07375333283562213,10.034713789937086,11.814288916182704,0,1.039888043073006,0.3915632893331349,0.0927993330406025,363693,143683,18,trace,0,0,/Users/liyu/Desktop/中文题目/A题研究/advanced_solver/runs/formal_v2/full_p2_seed17/slots/case_089/p2_n5/attempt_0001/summary.json,3773c187c7b1d276b4bcdd5f1c2ff6db9adb7e5299b6a2c380470f115ecaa207,5525b1482271aa7ad806ea99792641d1d0ac278d06462f82408e4986f180969e,147432,0.026092161216010323,20,12.041015667724423,147432,0.026092161216010323,16,12.022676125867292,145513,0.012736371039023364,12,12.005707250791602,145513,0.012736371039023364,8,7.937061668024398,143683,0.0,0,0
full_p2_seed17,full,case_090,2,2,1664,02_1001..5000,24,21,3,0,"{""success"": 24}",10.201338250073604,10.287265041959472,0.149983333,9.787293872795999,9.767179997754283,0.0201138750417158,6.668555166339502,8.297569668618962,0,0.19348537409678102,0.22055900318082422,0.08592679188586771,223623,432637,12,operation,0,0,/Users/liyu/Desktop/中文题目/A题研究/advanced_solver/runs/formal_v2/full_p2_seed17/slots/case_090/p2_n2/attempt_0001/summary.json,f98861edf83e0077f7f3dad556209f483fd628e5ab780552fb0795cbcbaf73b5,c1c32135b1a1e46dd79583c1631511f896df48bf464d2b9f45d882c316f827ae,769224,0.7779893998895149,20,9.471639414783567,445583,0.02992346932879064,16,7.762225163867697,432637,0.0,12,5.786379789817147,432637,0.0,8,3.8266193728195503,432637,0.0,0,0
full_p2_seed17,full,case_090,2,3,1664,02_1001..5000,24,24,0,0,"{""success"": 24}",11.278660250012763,11.369982708012685,0.153218075,10.815141167026013,10.815141167026013,0,7.135542710893787,9.113644794677384,0,0.25066487584263086,0.21285420714411885,0.09132245799992234,230772,320550,22,trace,0,0,/Users/liyu/Desktop/中文题目/A题研究/advanced_solver/runs/formal_v2/full_p2_seed17/slots/case_090/p2_n3/attempt_0001/summary.json,e2c5b5798025ac3d6340477c18dd97e45993ccc472e7b9b5cfe741848cdcbc2f,fcfba9ec8abec681579c07d2767f7efb5013452374283f0b148cd67a20c3cd9b,657430,1.0509436905318985,20,9.600771959987469,326180,0.017563562626735196,16,7.890832792967558,320555,1.559819060981127e-05,12,6.072781375143677,320555,1.559819060981127e-05,8,4.043531709117815,320550,0.0,0,0
full_p2_seed17,full,case_090,2,4,1664,02_1001..5000,24,24,0,0,"{""success"": 24}",11.748050458030775,11.839773082989268,0.167070641,11.189714957610704,11.189714957610704,0,7.445550954667851,9.491182626108639,0,0.3277161238947883,0.23061937652528286,0.09172262495849282,235589,292056,24,trace,0,0,/Users/liyu/Desktop/中文题目/A题研究/advanced_solver/runs/formal_v2/full_p2_seed17/slots/case_090/p2_n4/attempt_0001/summary.json,1e86f5d0af8c5ab097820b7e3be240ce7619fa2a61d843b31a0974f7d0b98ddb,56ec9ad4aa107f10dd9e9b64b0db95d708482cddf883c410ae5a805b6229a2c1,608275,1.082734133179938,20,9.948115249630064,296747,0.016061988111868875,16,8.173237332724966,292122,0.00022598405785201336,12,6.138584665721282,292122,0.00022598405785201336,8,4.06679303990677,292056,0.0,0,0
full_p2_seed17,full,case_090,2,5,1664,02_1001..5000,24,13,11,0,"{""success"": 24}",7.288351334049366,7.3861198329832405,0.169702868,6.692709121736698,6.647333248052746,0.045375873683951795,4.4983109591994435,5.728592624887824,0,0.38019991596229374,0.21544229635037482,0.09776849893387407,244868,295713,19,trace,0,0,/Users/liyu/Desktop/中文题目/A题研究/advanced_solver/runs/formal_v2/full_p2_seed17/slots/case_090/p2_n5/attempt_0001/summary.json,007e79e022d4c5c19effbb4b0638b97b7e6049a9503fba9b6b879dd30a67945c,f428ae9306b55144c67634dbb820defb7e3a6f5448e5a28542db1afa9c4da5d7,542638,0.8350157077977634,20,6.376467622932978,296021,0.0010415504221998884,16,6.3640659149969,296021,0.0010415504221998884,12,6.3514334571082145,296021,0.0010415504221998884,8,4.218642873107456,295713,0.0,0,0
full_p2_seed17,full,case_091,2,2,31554,04_>10000,24,21,3,0,"{""success"": 24}",621.4618326249765,621.6984632080421,3.107270231,615.1283796260832,615.0727880011545,0.05559162492863834,588.6339587509865,612.5716837920481,0,4.108292958931997,2.225160039961338,0.23663058306556195,893727,4553404,4,component,0,0,/Users/liyu/Desktop/中文题目/A题研究/advanced_solver/runs/formal_v2/full_p2_seed17/slots/case_091/p2_n2/attempt_0001/summary.json,1209a103c876d8306a13daaade5e2952202fe41e1cf654d743f1a3d3d0d20add,b33c03c037e34d35da9bdf1dedcf385a7067480f2411491e3399173827b34a8d,4553404,0.0,20,598.1711735420395,4553404,0.0,16,447.4795795000391,4553404,0.0,12,278.21994820819236,4553404,0.0,8,177.8209978340892,4553404,0.0,0,0
full_p2_seed17,full,case_091,2,3,31554,04_>10000,24,24,0,0,"{""success"": 24}",651.165829500067,651.4255114590051,3.279327666,641.3039235791657,641.3039235791657,0,605.9393288737629,638.1561461247038,0,7.1237074171658605,2.7381985037354752,0.2596819589380175,894944,3069773,16,trace,0,0,/Users/liyu/Desktop/中文题目/A题研究/advanced_solver/runs/formal_v2/full_p2_seed17/slots/case_091/p2_n3/attempt_0001/summary.json,9fdebc979c7203d779ecbe5565ae364e8cae4aaa8df7338bfd785570b93e8d0d,96aa2647591e34966ebbc3f94d404e45f650d8ef485fc1f8a9bd7794897fc117,3090094,0.0066197077112868374,20,561.4507674121996,3090094,0.0066197077112868374,16,397.02333828713745,3090094,0.0066197077112868374,12,228.8629941631807,3069773,0.0,8,142.79056866513565,3069773,0.0,0,0
full_p2_seed17,full,case_091,2,4,31554,04_>10000,24,24,0,0,"{""success"": 24}",571.1385739579564,571.3832844999852,3.407540795,560.0015141657786,560.0015141657786,0,524.7322688341374,556.865071625798,0,8.470083583029918,2.6669762091478333,0.24471054202876985,900260,2313039,16,trace,0,0,/Users/liyu/Desktop/中文题目/A题研究/advanced_solver/runs/formal_v2/full_p2_seed17/slots/case_091/p2_n4/attempt_0001/summary.json,e8c1de32cf1d886893f2bd63f62b9dd209433bdf3ae61b25cbf6442df7d83fb0,73c96e6d33b7ad5d08c6f414f6112ed4afa03f8d9743e700aba60dfb1cce3589,2315897,0.0012356038959999704,20,490.9894531669561,2315897,0.0012356038959999704,16,355.776129957987,2315897,0.0012356038959999704,12,210.39411041606218,2313039,0.0,8,131.18201612483244,2313039,0.0,0,0
full_p2_seed17,full,case_091,2,5,31554,04_>10000,24,14,10,0,"{""success"": 24}",238.18628479202744,238.4389991670614,3.575456493,225.06547966389917,224.80878441384993,0.25669525004923344,210.23910804081243,223.01941729185637,0,10.425755290896632,2.695049837231636,0.25271437503397465,842414,1868509,3,component,0,0,/Users/liyu/Desktop/中文题目/A题研究/advanced_solver/runs/formal_v2/full_p2_seed17/slots/case_091/p2_n5/attempt_0001/summary.json,7d435aaa2757d934f50495cc743898d592e18f10b0b943345aa5390e9012d59a,fe0849f6c3ca8864b72698a66246fd15486d639b8456d0d2406d095f54d5ab56,1868509,0.0,20,194.04374378896318,1868509,0.0,16,193.94866528885905,1868509,0.0,12,193.85076445597224,1868509,0.0,8,120.68202903994825,1868509,0.0,0,0
full_p2_seed17,full,case_092,2,2,17608,04_>10000,12,9,3,0,"{""success"": 12}",80.25959045800846,80.42961191700306,0.555351134,77.3827631669119,77.34208545798901,0.04067770892288536,72.60736270900816,76.46465091709979,0,2.006717748939991,0.8701095421565697,0.1700214589945972,677228,2166150,8,operation,2,0,/Users/liyu/Desktop/中文题目/A题研究/advanced_solver/runs/formal_v2/full_p2_seed17/slots/case_092/p2_n2/attempt_0001/summary.json,ddf9de518895b9d5eeef562147e9e80592cf55ab471fc298430cfc8bde54d38a,0b99ac5b6c3096c33d30cb7db76188944461e66b4227fa5702f669dfddd8b848,2828252,0.3056584262401034,8,70.61679016600829,2166150,0.0,4,41.78176829300355,2166150,0.0,0,0,2166150,0.0,0,0,2166150,0.0,0,0
full_p2_seed17,full,case_092,2,3,17608,04_>10000,24,24,0,0,"{""success"": 24}",261.8342677500332,262.0207039579982,1.928403839,256.85188295622356,256.85188295622356,0,236.95974816882517,254.5434022048721,0,3.354554083896801,1.6278307099128142,0.18643620796501637,768907,1487814,18,trace,0,0,/Users/liyu/Desktop/中文题目/A题研究/advanced_solver/runs/formal_v2/full_p2_seed17/slots/case_092/p2_n3/attempt_0001/summary.json,c957e9d4a1b1f9ef4c3d3d071926515d04c5f583cc220760a5ed5e470b049605,ee70ed2e8a64df83c172e5329b70377ce44695b0bb787c421f9344de515f12b8,2231804,0.5000557865432105,20,228.19252920616418,1684766,0.13237676214903216,16,190.84098691516556,1528546,0.02737707804873457,12,143.68868762312923,1528247,0.027176112067771818,8,96.3456829150673,1487814,0.0,0,0
full_p2_seed17,full,case_092,2,4,17608,04_>10000,24,24,0,0,"{""success"": 24}",238.74555754102767,238.96315050008707,1.987464041,232.72519200004172,232.72519200004172,0,212.1198269171873,230.100909124827,0,4.104505292139947,1.915860248846002,0.21759295905940235,824104,1122381,22,trace,0,0,/Users/liyu/Desktop/中文题目/A题研究/advanced_solver/runs/formal_v2/full_p2_seed17/slots/case_092/p2_n4/attempt_0001/summary.json,63417e842753a408e3205d4a64653dbf31d8305769aa84f39b1bc4eab969ff23,df052732e558a1f509922b57956ce6a6622b1b8be45b249ecdbdb8a33a79e42d,1927728,0.7175344201300629,20,204.36876804195344,1375951,0.22592150080943996,16,172.08887116692495,1139282,0.015058166522776029,12,130.26829516713042,1139068,0.014867500429889713,8,87.73372083308641,1122381,0.0,0,0
full_p2_seed17,full,case_092,2,5,17608,04_>10000,24,13,11,0,"{""success"": 24}",161.9618040000787,162.18695441703312,2.351584561,154.65960404125508,154.50064920913428,0.15895483212079853,139.9770790837938,153.0146421229001,0,5.2171072490746155,2.0850927097490057,0.2251504169544205,780537,1142046,18,trace,0,0,/Users/liyu/Desktop/中文题目/A题研究/advanced_solver/runs/formal_v2/full_p2_seed17/slots/case_092/p2_n5/attempt_0001/summary.json,c1b20d2e1f734a0a1ed33423c8efe123e4306b1266f193bd5b41da1b79dfc0fa,efb6edd17192ff69b3f74e6a0c718a5f59610bacb5af786cebea45712b34532d,1649430,0.4442763251217552,20,148.8498027070891,1258706,0.10215000096318372,16,148.7960991251748,1198881,0.049765946380443626,12,148.7414713341277,1146173,0.003613689816347243,8,97.7729060840793,1142046,0.0,0,0
full_p2_seed17,full,case_093,2,2,552,01_<=1000,23,20,3,0,"{""success"": 23}",4.576501375064254,4.688752415939234,0.054081112,4.3265793764730915,4.3036212923470885,0.022958084126003087,1.7529773712158203,2.805907083908096,0,0.08392345893662423,0.16599853965453804,0.11225104087498039,176460,37559,12,trace,0,0,/Users/liyu/Desktop/中文题目/A题研究/advanced_solver/runs/formal_v2/full_p2_seed17/slots/case_093/p2_n2/attempt_0001/summary.json,4037ef5a312b143261a137db1e2ade2e224795a8323e3b80893761b14bd2ef6c,f540de5e288aaa50c80446b01413c15d2207d2a7fbdfc208fd03316171b5da8a,37827,0.007135440240688018,19,4.107524792430922,37827,0.007135440240688018,15,3.097946084337309,37559,0.0,11,2.192294084234163,37559,0.0,7,1.38559870806057,37559,0.0,0,0
full_p2_seed17,full,case_093,2,3,552,01_<=1000,14,14,0,0,"{""success"": 14}",3.4734984999522567,3.5784263749374077,0.04439235,3.2368629990378395,3.2368629990378395,0,1.3326622068416327,2.1126902502728626,0,0.12362808315083385,0.11300741776358336,0.10492787498515099,129900,25103,1,component,0,0,/Users/liyu/Desktop/中文题目/A题研究/advanced_solver/runs/formal_v2/full_p2_seed17/slots/case_093/p2_n3/attempt_0001/summary.json,482b589552e1a75f37b7047629bea0181a3d6a114315e2260f59c41d5cb3f433,d1ffea6eed8ce6d9e38fd35995a0f6384a04cc7b04195fc7c8ba8de91398ded6,25103,0.0,10,2.4338447900954634,25103,0.0,6,1.4224602081812918,25103,0.0,2,0.405955916037783,25103,0.0,0,0,25103,0.0,0,0
full_p2_seed17,full,case_093,2,4,552,01_<=1000,24,24,0,0,"{""success"": 24}",5.64766570890788,5.7563444579718634,0.061615977,5.2911366649204865,5.2911366649204865,0,2.1216516667045653,3.4041284191189334,0,0.17384808300994337,0.18268096097745,0.10867874906398356,190398,19546,13,trace,0,0,/Users/liyu/Desktop/中文题目/A题研究/advanced_solver/runs/formal_v2/full_p2_seed17/slots/case_093/p2_n4/attempt_0001/summary.json,0b0510ab4aac232d51b53998cb8ec2fea4387b9dcb7dae99221bca0865b160d2,d24e97e00e350a7cb7b3c02aee6fc453a7a5baf48165e506ad2af528b2d2024b,19779,0.011920597564719193,20,4.488627455895767,19779,0.011920597564719193,16,3.474392165080644,19779,0.011920597564719193,12,2.3923557481030002,19546,0.0,8,1.5885257489280775,19546,0.0,0,0
full_p2_seed17,full,case_093,2,5,552,01_<=1000,14,3,11,0,"{""success"": 14}",0.9546523750759661,1.0632884580409154,0.051352793,0.6411478350637481,0.593413625145331,0.04773420991841704,0.20888229191768914,0.3597572499420494,0,0.20393220894038677,0.10957233107183129,0.10863608296494931,136706,15876,1,component,0,0,/Users/liyu/Desktop/中文题目/A题研究/advanced_solver/runs/formal_v2/full_p2_seed17/slots/case_093/p2_n5/attempt_0001/summary.json,e38149f94251408455b4d9266daecdbb8d711ec59e28ac4b9a214400f789715e,87a45aa6d8d053518e71f73b92f1ac4ea308454695ea66441f4198feb202d81e,15876,0.0,10,0.42453400092199445,15876,0.0,6,0.41154945897869766,15876,0.0,2,0.39870891708415,15876,0.0,0,0,15876,0.0,0,0
full_p2_seed17,full,case_094,2,2,647,01_<=1000,14,12,2,0,"{""success"": 14}",3.074557458050549,3.1803076250944287,0.038347833,2.8698599580675364,2.848009750014171,0.02185020805336535,1.1453732500085607,1.7991548341233283,0,0.0927766669774428,0.11192083300556988,0.10575016704387963,124557,43762,3,component,0,0,/Users/liyu/Desktop/中文题目/A题研究/advanced_solver/runs/formal_v2/full_p2_seed17/slots/case_094/p2_n2/attempt_0001/summary.json,4f1e2af8abb6cc377441169139228cdee0c49d1afdc33ab555800ed5c2933070,be2e42da486d0275ea7b45504000f4e03159f6766a6e4dc63ad1befa775b9c8e,43762,0.0,10,2.452539001009427,43762,0.0,6,1.4465261680306867,43762,0.0,2,0.3847622509347275,43762,0.0,0,0,43762,0.0,0,0
full_p2_seed17,full,case_094,2,3,647,01_<=1000,24,24,0,0,"{""success"": 24}",5.611589582986198,5.716586125083268,0.057623438,5.265389250940643,5.265389250940643,0,2.069605751312338,3.3072824580594897,0,0.1615187079878524,0.18468162405770272,0.10499654209706932,193398,33725,14,trace,0,0,/Users/liyu/Desktop/中文题目/A题研究/advanced_solver/runs/formal_v2/full_p2_seed17/slots/case_094/p2_n3/attempt_0001/summary.json,c51e08ccc64c83ddb613d5acb2a66dbdb5cfb27dd835530c40b4607b6e375477,06589053ad83ddb02c9753808dd80e8a5a9bed20cb68b8ca2a18e8f152afb8c1,35807,0.06173461823573012,20,4.46086445893161,35807,0.06173461823573012,16,3.4621676260139793,35807,0.06173461823573012,12,2.3830178340431303,33725,0.0,8,1.593879083986394,33725,0.0,0,0
full_p2_seed17,full,case_094,2,4,647,01_<=1000,24,24,0,0,"{""success"": 24}",5.687128499965183,5.798960082931444,0.058294736,5.278510209172964,5.278510209172964,0,2.1439450818579644,3.403751878067851,0,0.21293600019998848,0.19568229059223086,0.11183158296626061,193360,23026,3,component,0,0,/Users/liyu/Desktop/中文题目/A题研究/advanced_solver/runs/formal_v2/full_p2_seed17/slots/case_094/p2_n4/attempt_0001/summary.json,b757aefa3e9502145be6717974fc33d7acb0bcaaa9f586527e83a65876bd6c9b,63bb61b68959c55573e99b2345bb13c850c2853fd02a380d2d82f751649f9d93,23026,0.0,20,4.46994550107047,23026,0.0,16,3.4625675422139466,23026,0.0,12,2.378228042391129,23026,0.0,8,1.5919962491607293,23026,0.0,0,0
full_p2_seed17,full,case_094,2,5,647,01_<=1000,24,14,10,0,"{""success"": 24}",3.335405125049874,3.445486415992491,0.063927083,2.8709965443704277,2.827142794150859,0.04385375021956861,1.0386912112589926,1.7252771669300273,0,0.2821113331010565,0.18229724757838994,0.11008129094261676,201620,21758,14,trace,0,0,/Users/liyu/Desktop/中文题目/A题研究/advanced_solver/runs/formal_v2/full_p2_seed17/slots/case_094/p2_n5/attempt_0001/summary.json,d85ae6cb259b52e4773926629924c3e5dd7c9d0b92e193d4f944c7ebaa124783,494fd7900811ad38d1cbe0ae5e316bc619ab65f36e358e42f9103e8048048bb0,24943,0.14638293960841997,20,2.4500434602377936,24943,0.14638293960841997,16,2.4374902102863416,24943,0.14638293960841997,12,2.425447460147552,21758,0.0,8,1.6208528761053458,21758,0.0,0,0
full_p2_seed17,full,case_095,2,2,3696,02_1001..5000,9,6,3,0,"{""success"": 9}",11.951664374908432,12.072224542032927,0.172506644,11.250448084087111,11.21826575009618,0.03218233399093151,9.442355207866058,10.743654082994908,0,0.46494995802640915,0.23626633279491216,0.12056016712449491,184743,1042890,1,component,2,0,/Users/liyu/Desktop/中文题目/A题研究/advanced_solver/runs/formal_v2/full_p2_seed17/slots/case_095/p2_n2/attempt_0001/summary.json,cd778a2efde013c393f305c0d077a2c6aa48341b7b781219f9b1069d4751affb,e7d2c677424dccaee18dd12bc5927f598d229772d452d6fbd97e070d9debc3d3,1042890,0.0,5,10.173124000080861,1042890,0.0,1,2.041675291955471,1042890,0.0,0,0,1042890,0.0,0,0,1042890,0.0,0,0
full_p2_seed17,full,case_095,2,3,3696,02_1001..5000,9,9,0,0,"{""success"": 9}",15.437557041062973,15.561428708955646,0.169821118,14.607540250057355,14.607540250057355,0,12.026318831951357,13.829776166938245,0,0.5979223329341039,0.23209445807151496,0.12387166789267212,187600,695775,1,component,2,0,/Users/liyu/Desktop/中文题目/A题研究/advanced_solver/runs/formal_v2/full_p2_seed17/slots/case_095/p2_n3/attempt_0001/summary.json,d1756f52abfdeb032c090be2030192b489d624b9add3bfe4a071f099de684cf7,326b9ba9407a134c62481380b709e28050b1ee20f132de276e8cfa9fc63b1d30,695775,0.0,5,10.298840541043319,695775,0.0,1,2.2434731250396,695775,0.0,0,0,695775,0.0,0,0,695775,0.0,0,0
full_p2_seed17,full,case_095,2,4,3696,02_1001..5000,12,12,0,0,"{""success"": 12}",22.55314116703812,22.673148582922295,0.271465777,21.51194753893651,21.51194753893651,0,17.614812458283268,20.43700958287809,0,0.7471849168650806,0.29400871123652905,0.1200074158841744,209015,524422,1,component,1,0,/Users/liyu/Desktop/中文题目/A题研究/advanced_solver/runs/formal_v2/full_p2_seed17/slots/case_095/p2_n4/attempt_0001/summary.json,9b51b14916fc71d2c74c767efcd060ffb2ce477d5215ca2d771a9b718d8663f0,3fcc13e1b9d4f355d88496721d7ea809f5b42fcb9765b10638407d2876ce2d80,524422,0.0,8,17.375211081816815,524422,0.0,4,9.13063666492235,524422,0.0,0,0,524422,0.0,0,0,524422,0.0,0,0
full_p2_seed17,full,case_095,2,5,3696,02_1001..5000,12,2,10,0,"{""success"": 12}",4.008851666934788,4.136143333045766,0.281921546,2.8678142082644626,2.7913770001614466,0.07643720810301602,2.2287643750896677,2.6276164170121774,0,0.8616589999292046,0.279378458741121,0.12729166611097753,212100,420852,1,component,1,0,/Users/liyu/Desktop/中文题目/A题研究/advanced_solver/runs/formal_v2/full_p2_seed17/slots/case_095/p2_n5/attempt_0001/summary.json,8dab41aac74d2792d934d210c2fab3a0914d1a9bee2864613eca3dde3b95c9ea,a5503f7e5c35beaedefe99bab5c1b7196f32c3f62ad5e2b99542e44f2d6627cf,420852,0.0,8,1.932284792070277,420852,0.0,4,1.9073233740637079,420852,0.0,0,0,420852,0.0,0,0,420852,0.0,0,0
full_p2_seed17,full,case_096,2,2,1198,02_1001..5000,24,22,2,0,"{""success"": 24}",7.8765892499359325,7.992494125035591,0.108697687,7.450630915001966,7.430274832062423,0.02035608293954283,4.1210803729481995,5.723675918881781,0,0.19511537498328835,0.23084295995067805,0.11590487509965897,204034,35439,15,trace,0,0,/Users/liyu/Desktop/中文题目/A题研究/advanced_solver/runs/formal_v2/full_p2_seed17/slots/case_096/p2_n2/attempt_0001/summary.json,618b8009d3050abd6d4639c1206d8c1c92636fe469794eeaca8e2a8c4ec22b94,d1b5dae76e3da09848a4e9497744e18f9e48ce5483cc35834939c5335f453918,46399,0.3092638054121166,20,6.904757499112748,35551,0.0031603600553062883,16,5.5777091649360955,35551,0.0031603600553062883,12,4.057190082967281,35439,0.0,8,2.6183056259760633,35439,0.0,0,0
full_p2_seed17,full,case_096,2,3,1198,02_1001..5000,24,24,0,0,"{""success"": 24}",8.682391499984078,8.798941290937364,0.123548207,8.18354858015664,8.18354858015664,0,4.345026334980503,6.104788372525945,0,0.24761550000403076,0.2512274198234081,0.11654979095328599,210618,24367,19,trace,0,0,/Users/liyu/Desktop/中文题目/A题研究/advanced_solver/runs/formal_v2/full_p2_seed17/slots/case_096/p2_n3/attempt_0001/summary.json,880fcd89a144e8960ce0bdca4e51661e419036007af3c78fd716f5c38bf83cc4,47dd55a68aae0f1a2c3839f65188a7da9110f3da48e914812282d4dd58e3bd6a,33662,0.38145852997907004,20,7.1042487061349675,24489,0.005006771453194947,16,5.702899956027977,24489,0.005006771453194947,12,4.0747918309643865,24489,0.005006771453194947,8,2.714038455975242,24367,0.0,0,0
full_p2_seed17,full,case_096,2,4,1198,02_1001..5000,24,24,0,0,"{""success"": 24}",8.690725082997233,8.808359957998618,0.115596171,8.119701830786653,8.119701830786653,0,4.4580942100146785,6.245075374958105,0,0.3164717920590192,0.2545514601515606,0.11763487500138581,216808,26298,24,trace,0,0,/Users/liyu/Desktop/中文题目/A题研究/advanced_solver/runs/formal_v2/full_p2_seed17/slots/case_096/p2_n4/attempt_0001/summary.json,6431de1159ea7f85bd77e157db98396d828322864f17e3f8c4e87bf944348ef9,67750f124d204b86a847259566fdb42ba26312cb78ca06fd20a74b8ccbb54293,26984,0.026085633888508708,20,7.07766095479019,26959,0.02513499125408769,16,5.67854758084286,26959,0.02513499125408769,12,4.047677122987807,26959,0.02513499125408769,8,2.735676038893871,26298,0.0,0,0
full_p2_seed17,full,case_096,2,5,1198,02_1001..5000,24,14,10,0,"{""success"": 24}",4.289977250038646,4.403680082992651,0.092418569,3.6925487896660343,3.645820748875849,0.04672804079018533,1.8113682490075007,2.622217708150856,0,0.357282750075683,0.24014571029692888,0.1137028329540044,208615,27053,1,component,0,0,/Users/liyu/Desktop/中文题目/A题研究/advanced_solver/runs/formal_v2/full_p2_seed17/slots/case_096/p2_n5/attempt_0001/summary.json,d38566dedfde42817d97fbe32d7d21635e42d04c384270b50c5f0e5512d0e951,4e03e4b2cb6f1f6370a4ab98381dab4207fc10cbd4fd3153e349f793a997c61f,27053,0.0,20,3.1467924567405134,27053,0.0,16,3.132175915874541,27053,0.0,12,3.1190387909300625,27053,0.0,8,2.109339748858474,27053,0.0,0,0
full_p2_seed17,full,case_097,2,2,6592,03_5001..10000,11,8,3,0,"{""success"": 11}",26.739939625025727,26.877050874987617,0.289458161,25.44126424996648,25.408234791015275,0.033029458951205015,22.300240374868736,24.680899375118315,0,0.9294570409692824,0.36921833408996463,0.13711124996189028,223104,5617602,1,component,0,0,/Users/liyu/Desktop/中文题目/A题研究/advanced_solver/runs/formal_v2/full_p2_seed17/slots/case_097/p2_n2/attempt_0001/summary.json,40723e9f1bd3e084d24cb7b9e1dd019d32184b1267cd5e259d6bdb1f1373a40b,b215484bbc677942180a1313dae17dbefc66eb4aa8e0a4690d85795c4c6739c5,5617602,0.0,7,23.314953416003846,5617602,0.0,3,9.256867917021737,5617602,0.0,0,0,5617602,0.0,0,0,5617602,0.0,0,0
full_p2_seed17,full,case_097,2,3,6592,03_5001..10000,21,21,0,0,"{""success"": 21}",57.50854204199277,57.65024579199962,0.536745743,55.35481837578118,55.35481837578118,0,47.806043501594104,53.37105566798709,0,1.5727489170385525,0.5809747491730377,0.14170375000685453,283185,3653429,14,trace,0,0,/Users/liyu/Desktop/中文题目/A题研究/advanced_solver/runs/formal_v2/full_p2_seed17/slots/case_097/p2_n3/attempt_0001/summary.json,2ed88ea9d2ef816edc56ee91e09b485d50eed11e692469834879521459f894dc,742effd487b8fa06f5a1fbe4809c982af674eb49fa8d6fb1dc84d887ad245da8,3660459,0.0019242196851232407,17,46.226610998855904,3660459,0.0019242196851232407,13,31.30121812399011,3653837,0.00011167590775684744,9,19.873034583055414,3653429,0.0,5,11.194328458048403,3653429,0.0,0,0
full_p2_seed17,full,case_097,2,4,6592,03_5001..10000,11,11,0,0,"{""success"": 11}",34.2082025000127,34.352351040928625,0.337506838,31.745561582851224,31.745561582851224,0,27.32381074782461,30.710603790939786,0,2.0574497509514913,0.4051911662099883,0.14414854091592133,228288,2626908,1,component,0,0,/Users/liyu/Desktop/中文题目/A题研究/advanced_solver/runs/formal_v2/full_p2_seed17/slots/case_097/p2_n4/attempt_0001/summary.json,b270fd44482199a65343624291b8a9acd7248d2fdc9fe1d228815bf20ce7d0d5,47fc98b111379ffc5c4c4a5167c7a5319b825a551cf59890ea80dc97daff1d9a,2626908,0.0,7,22.737948790891096,2626908,0.0,3,8.844016958028078,2626908,0.0,0,0,2626908,0.0,0,0,2626908,0.0,0,0
full_p2_seed17,full,case_097,2,5,6592,03_5001..10000,12,4,8,0,"{""success"": 12}",12.67343929107301,12.827409584075212,0.410377092,9.383078374667093,9.307414208771661,0.07566416589543223,7.860316542908549,8.931389666860923,0,2.864856251166202,0.4255046652397141,0.1539702930022031,237666,2102348,1,component,0,0,/Users/liyu/Desktop/中文题目/A题研究/advanced_solver/runs/formal_v2/full_p2_seed17/slots/case_097/p2_n5/attempt_0001/summary.json,46c3b319a619fac960cc661b9d1e83c952c4b2a24b62e647971e0ac11fce4d6f,e0c401808995cdc477f8c6d28a6eb8dc16c7895f99c6f206bfd36499a7c827ce,2102348,0.0,8,5.384544540778734,2102348,0.0,4,5.3540582079440355,2102348,0.0,0,0,2102348,0.0,0,0,2102348,0.0,0,0
full_p2_seed17,full,case_098,2,2,1365,02_1001..5000,24,21,3,0,"{""success"": 24}",8.556198125006631,8.687124583055265,0.114027989,8.085823163157329,8.058086623204872,0.02773653995245695,4.687804163782857,6.354382584802806,0,0.1971502919914201,0.27322466985788196,0.13092645804863423,197816,89620,16,trace,0,0,/Users/liyu/Desktop/中文题目/A题研究/advanced_solver/runs/formal_v2/full_p2_seed17/slots/case_098/p2_n2/attempt_0001/summary.json,b996ccf764da7d46066f9fbaf32df66868f43294d82e5a03f044ccdf264f7987,7c4ff504f958cd60f88a6970729cca2f03ee8dc4ba4fcfd58892c45616bcf2f2,89756,0.0015175184110689521,20,7.747308373101987,89756,0.0015175184110689521,16,5.890422039083205,89756,0.0015175184110689521,12,3.8298113320488483,89620,0.0,8,2.52108545799274,89620,0.0,0,0
full_p2_seed17,full,case_098,2,3,1365,02_1001..5000,24,24,0,0,"{""success"": 24}",10.870255833026022,10.998599375016056,0.138904149,10.3248856238788,10.3248856238788,0,6.037226125714369,8.111539876437746,0,0.26326204102952033,0.282108168117702,0.12834354199003428,214513,65491,18,trace,0,0,/Users/liyu/Desktop/中文题目/A题研究/advanced_solver/runs/formal_v2/full_p2_seed17/slots/case_098/p2_n3/attempt_0001/summary.json,1da25efcbe4b0cc768c911b9a2bbcfe629e50dcabc292807b15fb0ebad575b0f,98f28e2b10461ac8d0fca148a32e3e6ffe15314693b3ba0cd9c309366f4276a0,89825,0.371562504771648,20,9.066446873010136,85938,0.31221083813043005,16,7.110857288935222,85938,0.31221083813043005,12,4.90624162403401,79943,0.2206715426547159,8,3.2145886659855023,65491,0.0,0,0
full_p2_seed17,full,case_098,2,4,1365,02_1001..5000,24,24,0,0,"{""success"": 24}",11.31784187501762,11.44891054101754,0.160778321,10.652624247944914,10.652624247944914,0,6.557424291037023,8.827964168041945,0,0.35507774888537824,0.3101398781873286,0.13106866599991918,221037,75779,18,trace,0,0,/Users/liyu/Desktop/中文题目/A题研究/advanced_solver/runs/formal_v2/full_p2_seed17/slots/case_098/p2_n4/attempt_0001/summary.json,a5d9c30f7a4967ebda771a11ae3378f8a4d7d0f7c8f012dbcbd0263efdd66861,4008101e36e53267843bc35ebd81f1ace10193f5592162cbbc09fd6797cfd30b,89894,0.18626532416632569,20,9.461976289981976,77003,0.01615223214874839,16,7.641541957040317,77003,0.01615223214874839,12,5.509384707082063,76789,0.013328230776336492,8,3.6737386661116034,75779,0.0,0,0
full_p2_seed17,full,case_098,2,5,1365,02_1001..5000,24,13,11,0,"{""success"": 24}",5.904942707973532,6.030749207944609,0.14982988,5.25169704365544,5.193500041845255,0.05819700181018561,3.157042126986198,4.275968582951464,0,0.37519220903050154,0.2780534552875906,0.12580649997107685,227718,45597,18,trace,0,0,/Users/liyu/Desktop/中文题目/A题研究/advanced_solver/runs/formal_v2/full_p2_seed17/slots/case_098/p2_n5/attempt_0001/summary.json,3e29aceafddc09257d5fc4dfa235a7d9016a47849020283148e527e8f0f976b3,8549cd55e6c547cfebedbd5fb72de69c33abe6494677d0bebea41a595cb64e73,90168,0.9774985196394499,20,4.930796335684136,63381,0.3900256595828673,16,4.914284376776777,63381,0.3900256595828673,12,4.899290791829117,57422,0.25933723709893197,8,3.2596768339863047,45597,0.0,0,0
full_p2_seed17,full,case_099,2,2,6296,03_5001..10000,24,22,2,0,"{""success"": 24}",59.62574054102879,59.77220887504518,0.575860122,57.76144974865019,57.73240541561972,0.029044333030469716,49.528311962028965,55.62617671128828,0,1.159688415005803,0.7046023773727939,0.14646833401639014,313129,809444,16,trace,0,0,/Users/liyu/Desktop/中文题目/A题研究/advanced_solver/runs/formal_v2/full_p2_seed17/slots/case_099/p2_n2/attempt_0001/summary.json,cabe0cacc79cca34414021d4dd343fff39ef7389907a22feccf0f406780d3ef7,707ba082d00d9553cfc8e4ba094b0e1699781fcde6048e5695a7a6bf4fdc2ab4,810323,0.0010859305893922144,20,54.03513549861964,810323,0.0010859305893922144,16,39.875228248653,810323,0.0010859305893922144,12,23.71895603975281,809444,0.0,8,14.901749997865409,809444,0.0,0,0
full_p2_seed17,full,case_099,2,3,6296,03_5001..10000,24,24,0,0,"{""success"": 24}",58.79164012498222,58.938139457954094,0.63181607,56.53602600132581,56.53602600132581,0,47.699773623025976,54.283465250977315,0,1.5754201660165563,0.6801939576398581,0.1464993329718709,308329,539401,3,component,0,0,/Users/liyu/Desktop/中文题目/A题研究/advanced_solver/runs/formal_v2/full_p2_seed17/slots/case_099/p2_n3/attempt_0001/summary.json,ae43bdc26bea3c93d319fec59fde9a66354801e022855df459579f0c909b3e91,dde407f4daca60ffe0edc2e541e6bb8c79ff4f8504512799593345e5a230d3db,539401,0.0,20,49.82877254218329,539401,0.0,16,36.57755166711286,539401,0.0,12,21.375490665901452,539401,0.0,8,13.644931750022806,539401,0.0,0,0
full_p2_seed17,full,case_099,2,4,6296,03_5001..10000,24,24,0,0,"{""success"": 24}",60.8034836249426,60.958404290955514,0.686655175,57.981485499884,57.981485499884,0,48.69402066490147,55.67917308665346,0,2.1153621670091525,0.7066359580494463,0.154920666012913,313287,405655,1,component,0,0,/Users/liyu/Desktop/中文题目/A题研究/advanced_solver/runs/formal_v2/full_p2_seed17/slots/case_099/p2_n4/attempt_0001/summary.json,b290c28a55601cd6b74179f533ccbfe091a2602a66e511c368c91c846243e136,2c29bdab7b6359f8d6da7a29df3d448598546f92b74f58f619abec96a00b6d7d,405655,0.0,20,51.459338165819645,405655,0.0,16,37.80823658185545,405655,0.0,12,22.386246415786445,405655,0.0,8,14.59876649978105,405655,0.0,0,0
full_p2_seed17,full,case_099,2,5,6296,03_5001..10000,24,14,10,0,"{""success"": 24}",26.997984749963507,27.143941708025523,0.627325377,23.565623958827928,23.4680422100937,0.09758174873422831,19.202320040669292,22.055094875395298,0,2.7496826250571758,0.6826781660784036,0.14595695806201547,329078,330651,16,trace,0,0,/Users/liyu/Desktop/中文题目/A题研究/advanced_solver/runs/formal_v2/full_p2_seed17/slots/case_099/p2_n5/attempt_0001/summary.json,dddf88dc19fdd92e16d41b0d0a314ff6ebbc188e8fe9e613a8d18e7e1da1284a,ef8019c6fb667095f5af6e4b5ef7705b7fdbc427f953cef0bc95ebea8044e4cf,332394,0.005271419109574849,20,20.184143374790438,332394,0.005271419109574849,16,20.149044708930887,332394,0.005271419109574849,12,20.117009125999175,330651,0.0,8,12.64730704203248,330651,0.0,0,0
full_p2_seed17,full,case_100,2,2,1394,02_1001..5000,24,22,2,0,"{""success"": 24}",11.393772167037241,11.521210499922745,0.164945635,10.797877918928862,10.77043583500199,0.02744208392687142,6.787721873144619,8.99818820913788,0,0.2917146240361035,0.30417962407227606,0.12743833288550377,211089,82203,18,trace,0,0,/Users/liyu/Desktop/中文题目/A题研究/advanced_solver/runs/formal_v2/full_p2_seed17/slots/case_100/p2_n2/attempt_0001/summary.json,84c2707e0a55b561865523c35d12dd158a71f10ba5b1ed38564ac6e0f86d30a1,6d4f1d9a6ca1bd87ca7514df56a5328d040ac21fc721f2a15ad7518003d507c1,85812,0.04390350717127123,20,10.066568250884302,85812,0.04390350717127123,16,8.132729417760856,84369,0.026349403306448638,12,6.100345625774935,84368,0.02633723830030532,8,4.069127291906625,82203,0.0,0,0
full_p2_seed17,full,case_100,2,3,1394,02_1001..5000,24,24,0,0,"{""success"": 24}",10.543073207954876,10.672002999926917,0.128968482,9.928957210038789,9.928957210038789,0,5.935446250950918,7.946083334973082,0,0.3297497491585091,0.28436624875757843,0.12892979197204113,205704,57811,1,component,0,0,/Users/liyu/Desktop/中文题目/A题研究/advanced_solver/runs/formal_v2/full_p2_seed17/slots/case_100/p2_n3/attempt_0001/summary.json,7439f7ab1f1cae02ff11c51cc56d8952938331bfc4e618d9e4298a1926be032f,9849d6468786dd8d103457a6aa587ac277c21c54b30d532d6b1f419ea1b5abeb,57811,0.0,20,8.630714168190025,57811,0.0,16,6.595552250393666,57811,0.0,12,4.345802667201497,57811,0.0,8,2.9564787931740284,57811,0.0,0,0
full_p2_seed17,full,case_100,2,4,1394,02_1001..5000,24,24,0,0,"{""success"": 24}",10.570872167008929,10.706288208020851,0.147321724,9.849643666297197,9.849643666297197,0,5.6600282090948895,7.698961497750133,0,0.43233983393292874,0.28888866677880287,0.13541604101192206,208531,58086,1,component,0,0,/Users/liyu/Desktop/中文题目/A题研究/advanced_solver/runs/formal_v2/full_p2_seed17/slots/case_100/p2_n4/attempt_0001/summary.json,97d6a1c56b31741c061b2a0456ed701d4869945faf2805ad860de9ed70aa3d20,ab34b8a82a56884251fec6dc8752cd4b4c6d0766c722bf441b532654ce7f3755,58086,0.0,20,8.491431125323288,58086,0.0,16,6.465529541368596,58086,0.0,12,4.159461499424651,58086,0.0,8,2.765597206307575,58086,0.0,0,0
full_p2_seed17,full,case_100,2,5,1394,02_1001..5000,24,14,10,0,"{""success"": 24}",5.750028624897823,5.8886274580145255,0.13614488,4.922431621002033,4.858956831158139,0.06347478984389454,2.6462762901792303,3.6770677926251665,0,0.5416255409363657,0.28597146295942366,0.13859883311670274,212583,58085,1,component,0,0,/Users/liyu/Desktop/中文题目/A题研究/advanced_solver/runs/formal_v2/full_p2_seed17/slots/case_100/p2_n5/attempt_0001/summary.json,414c6509854aad87f641d8caa6c7cba082f8b9e5c9ecdf283290aae6309e4274,89f823196d6fbe97b8902244162b30f79f6a5c9b998f3bf248b8a874b421d9bf,58085,0.0,20,4.206482787965797,58085,0.0,16,4.189120081020519,58085,0.0,12,4.17216666508466,58085,0.0,8,2.771215708111413,58085,0.0,0,0
full_p3_seed17,full,case_001,3,2,600,01_<=1000,12,9,3,0,"{""success"": 12}",3.153491250006482,3.291299375006929,0.058451881,2.8864253747742623,2.858635665848851,0.027789708925411105,1.2415112112648785,1.9864075399236754,0,0.12467116699554026,0.14239470823667943,0.13780812500044703,153340,116868,1,component,2,0,/Users/liyu/Desktop/中文题目/A题研究/advanced_solver/runs/formal_v2/full_p3_seed17/slots/case_001/p3_n2/attempt_0001/summary.json,dce58bef2e2ec5a9691fe53d8027ffb944b7d707222c861766a026a95617862a,83e48a6b4b8462a87b2e64a91e6911c67081abe604d1db981bda56e1d3d8a275,116868,0.0,8,2.564907706924714,116868,0.0,4,1.229886207031086,116868,0.0,0,0,116868,0.0,0,0,116868,0.0,0,0
full_p3_seed17,full,case_001,3,3,600,01_<=1000,14,14,0,0,"{""success"": 14}",4.474221457960084,4.601969457929954,0.069071806,4.144716664799489,4.144716664799489,0,1.7830819977680221,2.9115037119481713,0,0.16493916790932417,0.16456562525127083,0.12774799996986985,170096,78545,1,component,1,0,/Users/liyu/Desktop/中文题目/A题研究/advanced_solver/runs/formal_v2/full_p3_seed17/slots/case_001/p3_n3/attempt_0001/summary.json,86288627b4af25b97b03c9cd56d162dd4b5016d2a943ac42a3a6c04a04c0dbbe,7785c4ef1241c2f8bf4872a20ff817ffea1310e3059247fa3db0acccb3256b07,78545,0.0,10,3.111723372945562,78545,0.0,6,1.787390373996459,78545,0.0,2,0.6083343760110438,78545,0.0,0,0,78545,0.0,0,0
full_p3_seed17,full,case_001,3,4,600,01_<=1000,13,13,0,0,"{""success"": 13}",4.291445125010796,4.420327125000767,0.067089133,3.9028740851208568,3.9028740851208568,0,1.691621002042666,2.7394964169943705,0,0.22878924885299057,0.15978179103694856,0.12888199998997152,166813,58984,1,component,2,0,/Users/liyu/Desktop/中文题目/A题研究/advanced_solver/runs/formal_v2/full_p3_seed17/slots/case_001/p3_n4/attempt_0001/summary.json,df41ff767f05f20f182c92c03e3d6cd984e2a6ce7c7575aa94ef4a2ce16902f5,5a2145fef7cff5645776a56645612672caad187b7de985521cda34c5dbdc4cd9,58984,0.0,9,2.874757834128104,58984,0.0,5,1.5217997510917485,58984,0.0,1,0.2968378340592608,58984,0.0,0,0,58984,0.0,0,0
full_p3_seed17,full,case_001,3,5,600,01_<=1000,13,10,3,0,"{""success"": 13}",3.5098583329236135,3.6421877089887857,0.067408869,3.0775711672613397,3.051447458099574,0.026123709161765873,1.297535334015265,2.1255667932564393,0,0.27647774992510676,0.155809415737167,0.13232937606517226,169995,47502,1,component,2,0,/Users/liyu/Desktop/中文题目/A题研究/advanced_solver/runs/formal_v2/full_p3_seed17/slots/case_001/p3_n5/attempt_0001/summary.json,b2c249a37a96095236139fa2f36f767c5fceb81fb40556df99a3b07076998160,53ee0ac21b541bb0fdc51d4529a2b86706c7f75f59a05ad5d15eb778a871abc0,47502,0.0,9,2.8106407491723076,47502,0.0,5,1.4656384570989758,47502,0.0,1,0.24185679096262902,47502,0.0,0,0,47502,0.0,0,0
full_p3_seed17,full,case_002,3,2,1798,02_1001..5000,21,21,0,0,"{""success"": 21}",18.82387404097244,18.970773666980676,0.366232801,18.10654991795309,18.10654991795309,0,12.0405327497283,16.005388330784626,0,0.3788036670302972,0.33852045598905534,0.14689962600823492,252507,125561,19,cache,0,0,/Users/liyu/Desktop/中文题目/A题研究/advanced_solver/runs/formal_v2/full_p3_seed17/slots/case_002/p3_n2/attempt_0001/summary.json,e637868e8db62c1c6d2062d1c3cabd9673a70f8d863905236b7f50f23f4e37b1,ec63485108630a66fdf0da7bb0613dfc98e6e49cf174766e02d0e140fa5a93ae,129739,0.03327466331105988,17,15.13319908385165,129739,0.03327466331105988,13,11.813795791938901,126411,0.006769617954619722,9,8.371880832943134,126411,0.006769617954619722,5,4.687969875056297,125561,0.0,0,0
full_p3_seed17,full,case_002,3,3,1798,02_1001..5000,18,18,0,0,"{""success"": 18}",12.662446332979016,12.798466749954969,0.219528905,12.04056500014849,12.04056500014849,0,7.638476336142048,10.281828830135055,0,0.3347281659953296,0.2871531668351963,0.13602041697595268,206031,82020,15,trace,0,0,/Users/liyu/Desktop/中文题目/A题研究/advanced_solver/runs/formal_v2/full_p3_seed17/slots/case_002/p3_n3/attempt_0001/summary.json,714636ca659c7dccb622a5569d388dc440ac04bfff1e467646c238dfbe603176,2c32ad775856c493fd894fe3f3c443134b0f54244231a04cc39b43988b961f4a,94807,0.15590099975615712,14,9.215456291101873,94385,0.1507559131919045,10,5.771427125087939,88327,0.0768958790538894,6,3.5886914590373635,82020,0.0,2,1.115215208963491,82020,0.0,0,0
full_p3_seed17,full,case_002,3,4,1798,02_1001..5000,18,18,0,0,"{""success"": 18}",11.311724458937533,11.4447495409986,0.21939247,10.662021957454272,10.662021957454272,0,6.53804537281394,9.043751419056207,0,0.36473195999860764,0.28497054148465395,0.13302508206106722,210444,63330,15,trace,0,0,/Users/liyu/Desktop/中文题目/A题研究/advanced_solver/runs/formal_v2/full_p3_seed17/slots/case_002/p3_n4/attempt_0001/summary.json,055450c98f661ac55014a0fa654a48ae7316ad05ac1d5f45643c6c0b14d1dd05,f76959db8ad3161e468012e0f0120da4931861b0cfec48e1ecf8bd3cbd851b4a,72218,0.14034422864361273,14,8.184139414690435,72029,0.13735986104531817,10,5.237187956692651,72010,0.13705984525501336,6,3.1518872908782214,63330,0.0,2,1.0554930409416556,63330,0.0,0,0
full_p3_seed17,full,case_002,3,5,1798,02_1001..5000,18,18,0,0,"{""success"": 18}",11.238258208031766,11.370887542027049,0.21321702,10.554170957067981,10.554170957067981,0,6.489193456945941,9.03451916668564,0,0.39313116506673396,0.2909560858970508,0.13262933399528265,218172,51207,15,trace,0,0,/Users/liyu/Desktop/中文题目/A题研究/advanced_solver/runs/formal_v2/full_p3_seed17/slots/case_002/p3_n5/attempt_0001/summary.json,d0fd777e568112db90e21a19258f8c96271e4c61ad24f6454fbc2dac5dabcbda,7e1402eade700b299388521d0a7bd68cfdab05c7eea1f27c9691328681257b39,59749,0.16681313101724382,14,8.128620957955718,59289,0.15782998418185024,10,5.181129289907403,59263,0.1573222410998496,6,3.1424276649486274,51207,0.0,2,1.0546402488835156,51207,0.0,0,0
full_p3_seed17,full,case_004,3,2,777,01_<=1000,24,24,0,0,"{""success"": 24}",8.48696466605179,8.622460040962324,0.111425156,8.066456333152018,8.066456333152018,0,3.810661375406198,5.7333661617012694,0,0.15470070904120803,0.2658076238585636,0.13549537491053343,228498,198832,6,operation,0,0,/Users/liyu/Desktop/中文题目/A题研究/advanced_solver/runs/formal_v2/full_p3_seed17/slots/case_004/p3_n2/attempt_0001/summary.json,dc6b926051e04627ae51eb615729d3076c566bc3e762dd1433b03b93ff62d320,2123b61e1064b172dccf2dbbfcf7a5d7fb8fe479e4c4ef9c4edcecc5b3fc48e3,199074,0.0012171079101954696,20,6.880915790214203,198832,0.0,16,5.494246582267806,198832,0.0,12,3.7362202493241057,198832,0.0,8,2.459763374296017,198832,0.0,0,0
full_p3_seed17,full,case_004,3,3,777,01_<=1000,17,17,0,0,"{""success"": 17}",5.8449278339976445,5.974759374978021,0.081859096,5.426956833107397,5.426956833107397,0,2.5933034191839397,3.9597097930964082,0,0.20661933289375156,0.21135166799649596,0.1298315409803763,211182,130725,14,cache,1,0,/Users/liyu/Desktop/中文题目/A题研究/advanced_solver/runs/formal_v2/full_p3_seed17/slots/case_004/p3_n3/attempt_0001/summary.json,8cc81fddd00f0abcceb0354a29ebffc1144b5e236cc32b1295eb8d2dd1948304,9aef51cbc95eb6575c7de3230218fdd337d88ec40680ebcad050ca6bd12b95d2,134043,0.025381526104417684,13,4.393574917106889,132570,0.014113597246127263,9,3.1129109169123694,132570,0.014113597246127263,5,1.4699070419883355,130725,0.0,1,0.2956708340207115,130725,0.0,0,0
full_p3_seed17,full,case_004,3,4,777,01_<=1000,18,18,0,0,"{""success"": 18}",6.491491165943444,6.626046332996339,0.098262607,5.980011876905337,5.980011876905337,0,2.8614802496740595,4.3664422071306035,0,0.27939654199872166,0.23208274703938514,0.13455516705289483,211154,100126,13,trace,1,0,/Users/liyu/Desktop/中文题目/A题研究/advanced_solver/runs/formal_v2/full_p3_seed17/slots/case_004/p3_n4/attempt_0001/summary.json,410b8f36c1f90c118b26a0d0663c19e8e8e4307bc6ff8297ce5a9eb76beb0670,e929cf6871160c5c8b5bc3398d8fa66fb7011f48a9c59382965d9a5a5f0132cf,104188,0.0405688832071589,14,4.907781127956696,104188,0.0405688832071589,10,3.4162101689726114,104188,0.0405688832071589,6,1.8132874589646235,100126,0.0,2,0.6436270839767531,100126,0.0,0,0
full_p3_seed17,full,case_004,3,5,777,01_<=1000,24,24,0,0,"{""success"": 24}",9.11220658395905,9.239161541918293,0.14383589,8.438687834190205,8.438687834190205,0,4.143294710316695,6.323524751816876,0,0.36423579207621515,0.3092829576926306,0.12695495795924217,269473,81107,21,cache,1,0,/Users/liyu/Desktop/中文题目/A题研究/advanced_solver/runs/formal_v2/full_p3_seed17/slots/case_004/p3_n5/attempt_0001/summary.json,306193da74279a4cc6c811e7d8d49b0c6f530ff942fa722112f1e59f0cd98647,7b24b04efd39971c47562e9faccec10cb099e51e821556707d7e6e993dde5a9f,88341,0.08919082200056705,20,7.411741585237905,87862,0.08328504321451913,16,5.969932918203995,84412,0.04074864068452788,12,4.349310832913034,83478,0.029232988521336045,8,2.9004008339252323,81107,0.0,0,0
full_p3_seed17,full,case_005,3,2,4113,02_1001..5000,21,21,0,0,"{""success"": 21}",28.33772291697096,28.49657025001943,0.404989993,27.168393875239417,27.168393875239417,0,20.985458875773475,25.134744542185217,0,0.6325940410606563,0.5367350006708875,0.15884733304847032,339383,50990,18,cache,0,0,/Users/liyu/Desktop/中文题目/A题研究/advanced_solver/runs/formal_v2/full_p3_seed17/slots/case_005/p3_n2/attempt_0001/summary.json,016cef8f32b05105c6d4acb12814fdc3ae47e8992839417cd577fa9b92f28e54,c835228a4c25d79dbd681ec8a81089aa4c59993f53515ada12f2aa02b24add58,57894,0.13539909786232585,17,21.7076207093196,56744,0.11284565601098251,13,15.424324125167914,55579,0.08999803883114343,9,10.49175733292941,54838,0.07546577760345174,5,6.062768833944574,50990,0.0,0,0
full_p3_seed17,full,case_005,3,3,4113,02_1001..5000,21,21,0,0,"{""success"": 21}",29.487876292085275,29.665959459031,0.488915621,28.149390792357735,28.149390792357735,0,21.247862538904883,25.974039625027217,0,0.7839065417647362,0.5545789579628035,0.17808316694572568,342246,37248,20,cache,0,0,/Users/liyu/Desktop/中文题目/A题研究/advanced_solver/runs/formal_v2/full_p3_seed17/slots/case_005/p3_n3/attempt_0001/summary.json,67adc105b364415b1fc5d9b4acbf4bba52822f98f174cbea67eb0aff1644c7ae,e2f19c7d2f285a1a2427a6762a23f31a36b2ec75ac580b80bdd0a1f4e75374e9,49164,0.3199097938144331,17,22.780363584170118,42130,0.13106743986254288,13,16.245891042985022,42130,0.13106743986254288,9,11.18604500091169,37990,0.019920532646048095,5,6.459357792860828,37248,0.0,0,0
full_p3_seed17,full,case_005,3,4,4113,02_1001..5000,21,21,0,0,"{""success"": 21}",30.5380586249521,30.71225208300166,0.499906792,29.0987747508334,29.0987747508334,0,21.636674665031023,26.83836279413663,0,0.8726521669887006,0.56663170713,0.1741934580495581,344702,34244,18,cache,0,0,/Users/liyu/Desktop/中文题目/A题研究/advanced_solver/runs/formal_v2/full_p3_seed17/slots/case_005/p3_n4/attempt_0001/summary.json,db5705421fa0deba69654f80153024ae539e4cfe2b1c8ce673400f03e782ea74,d443ff38b1dc3806fb1048d3a906e6d80de30e77bde85ba7f0ce8c1a026dde75,45318,0.3233851185609158,17,23.46527145896107,45318,0.3233851185609158,13,16.866093209013343,45318,0.3233851185609158,9,11.561757124960423,34989,0.021755636023828906,5,6.511215249076486,34244,0.0,0,0
full_p3_seed17,full,case_005,3,5,4113,02_1001..5000,21,21,0,0,"{""success"": 21}",30.895960625028238,31.069133792072535,0.552899833,29.349272707127966,29.349272707127966,0,21.828446999774314,27.1709687912371,0,1.003574417089112,0.5431135008111596,0.17317316704429686,347892,34287,20,cache,0,0,/Users/liyu/Desktop/中文题目/A题研究/advanced_solver/runs/formal_v2/full_p3_seed17/slots/case_005/p3_n5/attempt_0001/summary.json,e02971bb1ece1171f03faf43654e8ae855bf708950ee351269e135300984ca64,f7a1be3a80377fbebc11a04e7adc3001db266264083670ae899eefd4a2eabb08,40097,0.1694519788841251,17,23.70599216618575,36097,0.052789687053402146,13,17.162535415263847,36076,0.05217721002129094,9,11.733849873184226,34344,0.0016624376585878675,5,6.746366665000096,34287,0.0,0,0
full_p3_seed17,full,case_006,3,2,678,01_<=1000,24,24,0,0,"{""success"": 24}",7.441014291951433,7.606998499948531,0.109682942,6.984601665055379,6.984601665055379,0,2.94483787601348,4.845315330778249,0,0.17219833401031792,0.28421429288573563,0.16598420799709857,217076,39362,21,cache,0,0,/Users/liyu/Desktop/中文题目/A题研究/advanced_solver/runs/formal_v2/full_p3_seed17/slots/case_006/p3_n2/attempt_0001/summary.json,5107f1c52e9ac0708e298ed5cb084b2dfee9d146ed12762e1d4f0b153336ad63,0052f21bd84e10321d0a9816768169d0152fd03e5b595ee9c35238a5d3eddcca,40612,0.03175651643717292,20,5.950542040867731,40612,0.03175651643717292,16,4.609268791973591,40612,0.03175651643717292,12,3.071911165956408,39407,0.0011432345917381515,8,2.0499291229061782,39362,0.0,0,0
full_p3_seed17,full,case_003,3,2,13455,04_>10000,24,24,0,0,"{""success"": 24}",200.87442658294458,201.09739833301865,1.937614766,196.14460000011604,196.14460000011604,0,176.04534537519794,193.3326847080607,0,2.99454729212448,1.7352792907040566,0.22297175007406622,733710,323431,22,cache,0,0,/Users/liyu/Desktop/中文题目/A题研究/advanced_solver/runs/formal_v2/full_p3_seed17/slots/case_003/p3_n2/attempt_0001/summary.json,6391533b47f72154b74a70cfaa0cf97f4482872c51b18376926a05fd51800d60,4455ef714e1967f8c07b236e5c158b52e8e410b7821cb86febcc8ecaa7a1c0f9,538381,0.6645930662181423,20,172.12643775099423,336358,0.0399683394603485,16,141.80919066711795,336358,0.0399683394603485,12,107.31570850114804,336358,0.0399683394603485,8,72.28522741713095,323431,0.0,0,0
full_p3_seed17,full,case_006,3,3,678,01_<=1000,21,21,0,0,"{""success"": 21}",6.868211833992973,7.009239875013009,0.105768787,6.400893582031131,6.400893582031131,0,2.7417520807357505,4.450355999986641,0,0.21568041609134525,0.25163783587049693,0.14102804102003574,188616,31151,3,component,0,0,/Users/liyu/Desktop/中文题目/A题研究/advanced_solver/runs/formal_v2/full_p3_seed17/slots/case_006/p3_n3/attempt_0001/summary.json,8bc71056f7e550f7f25194fbad4f0caa1c7c35c6926dd7a78948166be4368230,0bf41e25ab3da64b43fb22a61402cb49983a36db546075f668d7538d740dc44f,31151,0.0,17,5.3515164570417255,31151,0.0,13,3.9016481230501086,31151,0.0,9,2.370102832093835,31151,0.0,5,1.2916371240280569,31151,0.0,0,0
full_p3_seed17,full,case_006,3,4,678,01_<=1000,21,21,0,0,"{""success"": 21}",7.366393000003882,7.516994624980725,0.119597229,6.814351499197073,6.814351499197073,0,2.980214166804217,4.816145247896202,0,0.28356303996406496,0.2684784608427435,0.1506016249768436,192683,31425,3,component,0,0,/Users/liyu/Desktop/中文题目/A题研究/advanced_solver/runs/formal_v2/full_p3_seed17/slots/case_006/p3_n4/attempt_0001/summary.json,d245ffd1c3596fb66efe706e56a9b3107cfbc7d981a61f2786db3532d69e02d0,0d09a2b9ac438688a1de013cc40f494d94caec2b814ca0a86c4b3b6285550629,31425,0.0,17,5.738150541088544,31425,0.0,13,4.1260965400142595,31425,0.0,9,2.461411706986837,31425,0.0,5,1.3340300830313936,31425,0.0,0,0
full_p3_seed17,full,case_006,3,5,678,01_<=1000,21,21,0,0,"{""success"": 21}",7.374806499923579,7.530677958973683,0.108936728,6.775046292808838,6.775046292808838,0,2.9743999199708924,4.785872377920896,0,0.328496373957023,0.2712638331577182,0.15587145905010402,196842,31729,3,component,0,0,/Users/liyu/Desktop/中文题目/A题研究/advanced_solver/runs/formal_v2/full_p3_seed17/slots/case_006/p3_n5/attempt_0001/summary.json,bde1b9f833a7beb1bab4b8c866286bdc23843dfda979651df248e6f43b2dd7d3,4bdff67084e47eff7410fa0f0e182f9556adbb726074dcfdf7861233187a2db2,31729,0.0,17,5.6825813768664375,31729,0.0,13,4.107083793031052,31729,0.0,9,2.4007007079198956,31729,0.0,5,1.3066159159643576,31729,0.0,0,0
full_p3_seed17,full,case_007,3,2,3885,02_1001..5000,24,24,0,0,"{""success"": 24}",47.71379658393562,47.87829400005285,0.646435315,46.00988741591573,46.00988741591573,0,36.7589587084949,43.3840562121477,0,1.0187908749794587,0.685118293040432,0.16449741611722857,382210,506906,17,trace,0,0,/Users/liyu/Desktop/中文题目/A题研究/advanced_solver/runs/formal_v2/full_p3_seed17/slots/case_007/p3_n2/attempt_0001/summary.json,38f988fae0e66ec438d7addf6b80a4acb0307c1474e0a087f1cc3cd803fa5813,5300f1630d3a173774d1ef9ebf6dfa6b83e0687c8eb27ae70e6d2d38b2f4c9d9,507494,0.001159978378634241,20,39.910683248890564,507494,0.001159978378634241,16,28.864351206924766,507494,0.001159978378634241,12,17.958626788808033,507266,0.0007101908440618754,8,11.011243581888266,506906,0.0,0,0
full_p3_seed17,full,case_007,3,3,3885,02_1001..5000,17,17,0,0,"{""success"": 17}",30.618197291973047,30.804235749994405,0.428473608,28.922092335065827,28.922092335065827,0,22.348515499965288,27.17675525008235,0,1.1821442091604695,0.5139607477467507,0.18603845802135766,346667,338094,1,component,1,0,/Users/liyu/Desktop/中文题目/A题研究/advanced_solver/runs/formal_v2/full_p3_seed17/slots/case_007/p3_n3/attempt_0001/summary.json,eb9fe502f3317e8c5e5a84f7acbaa182485dea23d5800b42c802936cd0c0a117,e5832fcb5c7d515d9b170025b9bc5e36db9a77f68ea80f33c169195d42fce120,338094,0.0,13,23.185867585241795,338094,0.0,9,16.125455375178717,338094,0.0,5,5.809077458106913,338094,0.0,1,1.2085848330752924,338094,0.0,0,0
full_p3_seed17,full,case_007,3,4,3885,02_1001..5000,18,18,0,0,"{""success"": 18}",31.250055541982874,31.414010792039335,0.468330836,29.416637749876827,29.416637749876827,0,22.461564876139164,27.544697957346216,0,1.305018918006681,0.5283988740993664,0.1639552500564605,345967,254398,1,component,0,0,/Users/liyu/Desktop/中文题目/A题研究/advanced_solver/runs/formal_v2/full_p3_seed17/slots/case_007/p3_n4/attempt_0001/summary.json,c289636d8f32698381b959c9a950100550bcfc068a5b10b4ec9710507a46ba4d,2d262919c6e8d4dd0106af7338bdb4c510d0c8c7f53521fe038b29a323c57749,254398,0.0,14,24.534387917025015,254398,0.0,10,16.182570751057938,254398,0.0,6,7.4838776249671355,254398,0.0,2,2.312081916956231,254398,0.0,0,0
full_p3_seed17,full,case_007,3,5,3885,02_1001..5000,17,17,0,0,"{""success"": 17}",27.923599208006635,28.06864545796998,0.414126287,26.01721104385797,26.01721104385797,0,19.916987873148173,24.27957641892135,0,1.413774125976488,0.49261403817217797,0.14504624996334314,336959,203834,1,component,1,0,/Users/liyu/Desktop/中文题目/A题研究/advanced_solver/runs/formal_v2/full_p3_seed17/slots/case_007/p3_n5/attempt_0001/summary.json,8293de69608e0ff58627ebc7750fe18db268970ef288577935b572f0a61dbaa1,4cd0b93f1c92d8303ebfbbd83b6aed5f636ff0e0a83126d7dd34d17c3216cba3,203834,0.0,13,21.112207376863807,203834,0.0,9,15.201078666839749,203834,0.0,5,5.298358915722929,203834,0.0,1,1.100155415944755,203834,0.0,0,0
full_p3_seed17,full,case_008,3,2,864,01_<=1000,10,7,3,0,"{""success"": 10}",4.022203958011232,4.163649040972814,0.099720406,3.691160168964416,3.658604209893383,0.0325559590710327,2.0863070440245792,2.9748742087977007,0,0.16226204100530595,0.16878174804151058,0.14144508296158165,126647,244266,1,component,2,0,/Users/liyu/Desktop/中文题目/A题研究/advanced_solver/runs/formal_v2/full_p3_seed17/slots/case_008/p3_n2/attempt_0001/summary.json,f072cc6cf35096355a6a9da02c7d1040487afe8348f03b78838c4cc956e01bef,b33d1b6faf0f331cfecfc755a19cbf9e18a7f034f540f0cc2599b8eab0756ffe,244266,0.0,6,3.3055217509390786,244266,0.0,2,0.9076340839965269,244266,0.0,0,0,244266,0.0,0,0,244266,0.0,0,0
full_p3_seed17,full,case_008,3,3,864,01_<=1000,10,10,0,0,"{""success"": 10}",5.103339915978722,5.237191375112161,0.094920285,4.747776292148046,4.747776292148046,0,2.5557535849511623,3.724710918031633,0,0.19667045923415571,0.15889316459652036,0.13385145913343877,129534,163359,1,component,2,0,/Users/liyu/Desktop/中文题目/A题研究/advanced_solver/runs/formal_v2/full_p3_seed17/slots/case_008/p3_n3/attempt_0001/summary.json,101ac215d6ae056b268ec66ca8c07d391f8f5cabf6ddfe8380444b31cdab9476,51cc8ea78e287f3a0a311f6e8be216bfc1a7a75cf3d5f2bbaba29efa67521e81,163359,0.0,6,3.2677949181525037,163359,0.0,2,0.9288070839829743,163359,0.0,0,0,163359,0.0,0,0,163359,0.0,0,0
full_p3_seed17,full,case_008,3,4,864,01_<=1000,11,11,0,0,"{""success"": 11}",5.43903570889961,5.574232624960132,0.094862702,5.023987165885046,5.023987165885046,0,2.6890018741833046,3.9600619591074064,0,0.2517408749554306,0.163307668059133,0.1351969160605222,138529,123060,1,component,1,0,/Users/liyu/Desktop/中文题目/A题研究/advanced_solver/runs/formal_v2/full_p3_seed17/slots/case_008/p3_n4/attempt_0001/summary.json,9dc116cf0bb2d9d03a5f6a6c42ca2ed3f186a43c578ed3d61829b332e2ebcdf2,bce6669fccce1e8c6ee109f0595d713a11dd1a0d330a2160be85c9c8e9fbb8fa,123060,0.0,7,3.56240070797503,123060,0.0,3,1.2747716669691727,123060,0.0,0,0,123060,0.0,0,0,123060,0.0,0,0
full_p3_seed17,full,case_008,3,5,864,01_<=1000,14,11,3,0,"{""success"": 14}",6.544909958960488,6.678353124996647,0.154386168,6.060790207935497,6.0301963340025395,0.03059387393295765,3.4029338338878006,4.908981292159297,0,0.28629929199814796,0.1978204590268433,0.1334431660361588,161490,100603,1,component,0,0,/Users/liyu/Desktop/中文题目/A题研究/advanced_solver/runs/formal_v2/full_p3_seed17/slots/case_008/p3_n5/attempt_0001/summary.json,043204c3af459234cada8d71b0da77e3207f2a4d1bff39bd0bc7b563b1bc01b3,0d1e8eb4ff4b510c475ad81f04d984c6a07722057ba7008617a5af805e949747,100603,0.0,10,5.674576126039028,100603,0.0,6,3.089932332979515,100603,0.0,2,0.6949680419638753,100603,0.0,0,0,100603,0.0,0,0
full_p3_seed17,full,case_003,3,3,13455,04_>10000,24,24,0,0,"{""success"": 24}",181.31035575002898,181.54006962501444,1.746103725,175.64960145717487,175.64960145717487,0,155.87785400124267,172.7092279160861,0,3.910904249874875,1.749850042979233,0.22971387498546392,737514,200944,21,cache,0,0,/Users/liyu/Desktop/中文题目/A题研究/advanced_solver/runs/formal_v2/full_p3_seed17/slots/case_003/p3_n3/attempt_0001/summary.json,0d601f1f15e7c89b20eec39f69c168157e9371c617f9905661ec4114f894021d,eb565d3f826d6539e9a316c42c374426c0dc0d55021029c09fa0700ff7edd70b,538764,1.6811649016641455,20,146.2002906241687,256445,0.27620132972370404,16,109.98783820820972,256445,0.27620132972370404,12,69.63584504218306,245796,0.22320646548292067,8,47.77589962608181,200944,0.0,0,0
full_p3_seed17,full,case_009,3,2,5671,03_5001..10000,24,24,0,0,"{""success"": 24}",47.994850499904715,48.17549966706429,0.516675756,46.235668206587434,46.235668206587434,0,38.1259957102593,43.82914379215799,0,1.0372423350345343,0.7219399582827464,0.18064916715957224,335666,87935,14,trace,0,0,/Users/liyu/Desktop/中文题目/A题研究/advanced_solver/runs/formal_v2/full_p3_seed17/slots/case_009/p3_n2/attempt_0001/summary.json,f313f0489c8d101b9d0175e87ff68f0695d073cc3a7564bb0f6ec839c91b0e14,07a6eaafd2bb17c5bf4100b5d75bccc05799e52fba82bf32c5127918fc99a8c9,92198,0.048478990163188795,20,39.45581637264695,92198,0.048478990163188795,16,31.28318749764003,92198,0.048478990163188795,12,21.08341387368273,87935,0.0,8,14.382634540786967,87935,0.0,0,0
full_p3_seed17,full,case_009,3,3,5671,03_5001..10000,24,24,0,0,"{""success"": 24}",49.12980479199905,49.292753000045195,0.573923914,47.043312457040884,47.043312457040884,0,38.57052079529967,44.649007083964534,0,1.3434089589864016,0.7430833759717643,0.16294820804614574,328685,85607,14,trace,0,0,/Users/liyu/Desktop/中文题目/A题研究/advanced_solver/runs/formal_v2/full_p3_seed17/slots/case_009/p3_n3/attempt_0001/summary.json,054564baef88b3aae9c64479677e55696c769d39d7dd06f104d860c600721b07,6a0635d84b50cb4299323127c9c3461b4adc818b0bd2ff76e9590ee7a26d40c0,92207,0.07709649911806271,20,40.143202290986665,92207,0.07709649911806271,16,31.98218358308077,92207,0.07709649911806271,12,21.72219366498757,85607,0.0,8,15.11817391589284,85607,0.0,0,0
full_p3_seed17,full,case_009,3,4,5671,03_5001..10000,24,24,0,0,"{""success"": 24}",49.6855729999952,49.87526549992617,0.716773451,47.13259671384003,47.13259671384003,0,37.377124916994944,44.74964621011168,0,1.7292212070897222,0.8237550790654495,0.18969249993097037,434585,57096,23,cache,0,0,/Users/liyu/Desktop/中文题目/A题研究/advanced_solver/runs/formal_v2/full_p3_seed17/slots/case_009/p3_n4/attempt_0001/summary.json,94b4b6adae32362d9554bf779e61a342156e6b445460add38649c639b167c9b9,c85fbd2ed97bb28c56f012ddae1f2c6a6247bc4a3d6557a680e0b670d337e887,92216,0.6151043855961889,20,40.34332646278199,71150,0.2461468404091356,16,31.88785883784294,71150,0.2461468404091356,12,21.919203253812157,71150,0.2461468404091356,8,14.823455043835565,57096,0.0,0,0
full_p3_seed17,full,case_003,3,4,13455,04_>10000,24,24,0,0,"{""success"": 24}",164.07036645896733,164.30075058306102,1.833679118,158.40466645883862,158.40466645883862,0,138.71038941515144,155.59724021016154,0,3.9878835398703814,1.6778164602583274,0.23038412409368902,741442,168221,23,cache,0,0,/Users/liyu/Desktop/中文题目/A题研究/advanced_solver/runs/formal_v2/full_p3_seed17/slots/case_003/p3_n4/attempt_0001/summary.json,f6d79a9fc5cfd02803b46988596c4b8070246f9aed5cb56e26826e5b193d7fe5,f189f0fc8f4dfb75904e335a08014b5a2617fc1b85f4e92c19023e6ace45be58,539155,2.205039798836055,20,133.09872220875695,217635,0.2937445384345594,16,103.64433545887005,217635,0.2937445384345594,12,67.30875129287597,208384,0.23875140440254183,8,45.42712316685356,168221,0.0,0,0
full_p3_seed17,full,case_009,3,5,5671,03_5001..10000,24,24,0,0,"{""success"": 24}",51.45022108301055,51.63153625000268,0.938937065,48.55831074831076,48.55831074831076,0,38.09363716689404,45.943131458130665,0,2.0559220840223134,0.8359882506774738,0.18131516699213535,437021,47234,24,cache,0,0,/Users/liyu/Desktop/中文题目/A题研究/advanced_solver/runs/formal_v2/full_p3_seed17/slots/case_009/p3_n5/attempt_0001/summary.json,30540558ca504eb758f2c82937e0daa924079d71e52cc4c58fdeed609ad31b41,75d44f233e99d4d72ab5e32440ee621d03e2440f016824b710ecb4b6480db323,92225,0.9525130202820002,20,41.5522521242965,74767,0.5829063809967396,16,33.0367744571995,74767,0.5829063809967396,12,22.80993629025761,74700,0.5814879112503706,8,15.381949999020435,47234,0.0,0,0
full_p3_seed17,full,case_010,3,2,667,01_<=1000,24,24,0,0,"{""success"": 24}",8.06104562501423,8.20367279194761,0.125999988,7.625397959025577,7.625397959025577,0,3.297574748052284,5.32240987510886,0,0.17205441591795534,0.26359325007069856,0.14262716693338007,235307,41019,21,cache,0,0,/Users/liyu/Desktop/中文题目/A题研究/advanced_solver/runs/formal_v2/full_p3_seed17/slots/case_010/p3_n2/attempt_0001/summary.json,ff371b6040ba36b3544f08f6c9822f0568afa3ae9c3bb744a7ff6463681f4e7c,0a9bad143387f06592771f23038b61320d4b0bd04d4e0bdc4bc8ffee25d7fd82,45626,0.11231380579731343,20,6.636537501006387,45626,0.11231380579731343,16,5.456508041941561,45611,0.11194812160218426,12,4.0499604169745,45251,0.10317170091908623,8,2.7088262509787455,41019,0.0,0,0
full_p3_seed17,full,case_010,3,3,667,01_<=1000,24,24,0,0,"{""success"": 24}",7.028224791050889,7.163523000082932,0.103803939,6.556717916042544,6.556717916042544,0,2.670974622713402,4.480834539863281,0,0.2026855000294745,0.26882137497887015,0.13529820903204381,212322,30315,3,component,0,0,/Users/liyu/Desktop/中文题目/A题研究/advanced_solver/runs/formal_v2/full_p3_seed17/slots/case_010/p3_n3/attempt_0001/summary.json,69515270f8816a167127a4bc9f46c73499cad56cf26bf9d9323159f57c760d32,e21f8716362ba70c262fd272b1be3af270da449012e7253ecf46d3319d291961,30315,0.0,20,5.567362999077886,30315,0.0,16,4.274705707095563,30315,0.0,12,2.9002420409815386,30315,0.0,8,1.9322128330823034,30315,0.0,0,0
full_p3_seed17,full,case_010,3,4,667,01_<=1000,24,24,0,0,"{""success"": 24}",7.239609459065832,7.38082320895046,0.116224578,6.715876291971654,6.715876291971654,0,2.813270540558733,4.6626235420117155,0,0.248281457927078,0.2754517091671005,0.14121374988462776,233595,29617,24,cache,0,0,/Users/liyu/Desktop/中文题目/A题研究/advanced_solver/runs/formal_v2/full_p3_seed17/slots/case_010/p3_n4/attempt_0001/summary.json,957003151185693eb917afdb9d90f4185b061fdff7ea2fbd1aedb5dcb2faa975,2e6fb5ae6d2d254c48712e1df7c49a632281a60bfbdb604da333e7fbb00ab843,29856,0.008069689705236804,20,5.724593542981893,29856,0.008069689705236804,16,4.381130666937679,29856,0.008069689705236804,12,2.9273269599070773,29856,0.008069689705236804,8,1.957601542933844,29617,0.0,0,0
full_p3_seed17,full,case_010,3,5,667,01_<=1000,24,24,0,0,"{""success"": 24}",8.001902291900478,8.168409959063865,0.132122286,7.366763085126877,7.366763085126877,0,3.251558165764436,5.326170417014509,0,0.3261055009206757,0.3090337058529258,0.16650766716338694,246258,18758,21,cache,0,0,/Users/liyu/Desktop/中文题目/A题研究/advanced_solver/runs/formal_v2/full_p3_seed17/slots/case_010/p3_n5/attempt_0001/summary.json,1a143bd13b2b9e99fd8e3c94a6e7bcecbbd67de8dc108721551fc07706eae57e,b07f89aed130f93de24fd7b0cb3fc92f03ef8692771dc75bd837295c86b3f54b,30433,0.6224011088602197,20,6.3781746692257,28430,0.5156200021324235,16,5.019670087262057,28430,0.5156200021324235,12,3.6216242102673277,24083,0.2838788783452393,8,2.396374252042733,18758,0.0,0,0
full_p3_seed17,full,case_011,3,2,688,01_<=1000,16,13,3,0,"{""success"": 16}",4.625783249968663,4.76822795800399,0.081719682,4.249220457859337,4.208540999912657,0.040679457946680486,1.789039875031449,2.891108125913888,0,0.18752958299592137,0.18903320911340415,0.1424447080353275,172687,92646,1,component,0,0,/Users/liyu/Desktop/中文题目/A题研究/advanced_solver/runs/formal_v2/full_p3_seed17/slots/case_011/p3_n2/attempt_0001/summary.json,1025975363e5beb5c962e4fa7376db1ebe440bf033f149144422e311e19fa892,3f50d25b55e6f8a0213124fa27858ee3cc779c255443cd5760b40f4b3f5be78a,92646,0.0,12,3.9119447919074446,92646,0.0,8,2.481412790948525,92646,0.0,4,1.1910011660074815,92646,0.0,0,0,92646,0.0,0,0
full_p3_seed17,full,case_011,3,3,688,01_<=1000,22,22,0,0,"{""success"": 22}",8.729074666975066,8.865278249955736,0.156409351,8.154921210953034,8.154921210953034,0,4.001691456302069,6.189388790633529,0,0.3117632499197498,0.2623902061022818,0.13620358298067003,225751,62289,5,operation,0,0,/Users/liyu/Desktop/中文题目/A题研究/advanced_solver/runs/formal_v2/full_p3_seed17/slots/case_011/p3_n3/attempt_0001/summary.json,84cb607a055fe681c4ae53951f1e4f454af8036e794a6bb4b1a633edf52714a3,8fe3026d63f6c1f323eacba8a9e81bcc4938d1e53aa6383af3286098ace9f3d5,69625,0.11777360368604417,18,7.120589794008993,62289,0.0,14,5.5685779199702665,62289,0.0,10,4.016617877990939,62289,0.0,6,2.428004209883511,62289,0.0,0,0
full_p3_seed17,full,case_011,3,4,688,01_<=1000,16,16,0,0,"{""success"": 16}",5.876680333050899,6.020037209033035,0.093820277,5.31576666678302,5.31576666678302,0,2.385430746944621,3.797825501067564,0,0.37252366601023823,0.18839000025764108,0.14335687598213553,179463,46880,1,component,0,0,/Users/liyu/Desktop/中文题目/A题研究/advanced_solver/runs/formal_v2/full_p3_seed17/slots/case_011/p3_n4/attempt_0001/summary.json,58df9fb5f0abcbc10d0cc893091d1844289f051e0e32b0070f5a1a6f04528f4d,c518712a0b3a75d2f7f862e745f2c4808f576f85d29471010661173173a5bbee,46880,0.0,12,4.187858707620762,46880,0.0,8,2.6391851239604875,46880,0.0,4,1.2986654579872265,46880,0.0,0,0,46880,0.0,0,0
full_p3_seed17,full,case_011,3,5,688,01_<=1000,22,19,3,0,"{""success"": 22}",7.811466082930565,7.950954957981594,0.138883796,7.024946417892352,6.994731875834987,0.03021454205736518,3.3442325408104807,5.110945669235662,0,0.5246505840914324,0.26186908094678074,0.13948887505102903,230322,46253,20,cache,0,0,/Users/liyu/Desktop/中文题目/A题研究/advanced_solver/runs/formal_v2/full_p3_seed17/slots/case_011/p3_n5/attempt_0001/summary.json,6ac8076c23af25f0ef4503395b29f3f53f0d8317153b6bb592bd298e56c57822,f22de1c927b89d1e99118af7674a09974de3856074bf78d364508d541b6bf4c9,46777,0.011328994876008025,18,6.700215250835754,46777,0.011328994876008025,14,4.9883099178550765,46387,0.0028971093766891887,10,3.5346883749589324,46311,0.0012539727152833802,6,2.146490667015314,46253,0.0,0,0
full_p3_seed17,full,case_012,3,2,972,01_<=1000,24,24,0,0,"{""success"": 24}",9.649617666960694,9.78691454208456,0.148013034,9.107917670160532,9.107917670160532,0,4.549996124114841,6.825492291711271,0,0.25141333299688995,0.29028666380327195,0.1372968751238659,224494,27385,14,trace,0,0,/Users/liyu/Desktop/中文题目/A题研究/advanced_solver/runs/formal_v2/full_p3_seed17/slots/case_012/p3_n2/attempt_0001/summary.json,1729fa24e24ea7ed8f471f21d7b8de844009e56a25d914c3d0fc4f107784cd27,999087b5334ffe5eb30cde184c30cc9b8f70735812cd481ed1a6a9437698aa03,29674,0.08358590469234972,20,7.901058420189656,29674,0.08358590469234972,16,6.18235425313469,29674,0.08358590469234972,12,4.194713461212814,27385,0.0,8,2.8109914179658517,27385,0.0,0,0
full_p3_seed17,full,case_012,3,3,972,01_<=1000,24,24,0,0,"{""success"": 24}",9.986647916026413,10.122430209070444,0.154716533,9.324124541366473,9.324124541366473,0,4.716144334990531,7.073271252214909,0,0.3561221669660881,0.3064012076938525,0.13578229304403067,242348,17932,22,cache,0,0,/Users/liyu/Desktop/中文题目/A题研究/advanced_solver/runs/formal_v2/full_p3_seed17/slots/case_012/p3_n3/attempt_0001/summary.json,6cd04b73167a9625c565744218cb752d3c1ae39e7d468df250cdfd14935e17e6,12f0430f1c0bc0c7e36a9ab2d67749d3b40905e9f0948f9b168887b524bb803a,19788,0.10350211911666296,20,8.006491208216175,19788,0.10350211911666296,16,6.150303207105026,19788,0.10350211911666296,12,4.071130791096948,18265,0.01857015391478911,8,2.682870957069099,17932,0.0,0,0
full_p3_seed17,full,case_012,3,4,972,01_<=1000,24,24,0,0,"{""success"": 24}",9.46978145907633,9.603766791988164,0.154150302,8.755451375967823,8.755451375967823,0,4.5331785411108285,6.786096250056289,0,0.4224852090701461,0.291844874038361,0.13398533291183412,225999,16118,4,component,0,0,/Users/liyu/Desktop/中文题目/A题研究/advanced_solver/runs/formal_v2/full_p3_seed17/slots/case_012/p3_n4/attempt_0001/summary.json,419fbbeb469d37086bd77e84662ab6b74b32d9ab36351d7833ac6028eb6d2d13,7ca38983ad6949e388a443c511ffeb764e1ce9413df7992b93f1521c8beef547,16118,0.0,20,7.574592624907382,16118,0.0,16,5.76506979088299,16118,0.0,12,3.7950214999727905,16118,0.0,8,2.630329000065103,16118,0.0,0,0
full_p3_seed17,full,case_012,3,5,972,01_<=1000,24,24,0,0,"{""success"": 24}",9.838177750003524,9.9675047500059,0.158383911,9.064588374923915,9.064588374923915,0,4.71541654120665,7.000015748897567,0,0.48518462502397597,0.2884047500556335,0.12932700000237674,224579,12756,13,trace,0,0,/Users/liyu/Desktop/中文题目/A题研究/advanced_solver/runs/formal_v2/full_p3_seed17/slots/case_012/p3_n5/attempt_0001/summary.json,d32bbc5969ed5bf7f798ab15c02f3fdde65ab38fb3b48ef4931007b14074b3c3,3f3633bdbf090aaba70199a84d9eed155ee84b2d27b39835ad8a7d0931b2a3e2,12869,0.008858576356224557,20,7.727735124877654,12869,0.008858576356224557,16,5.910593666834757,12869,0.008858576356224557,12,3.788654583855532,12756,0.0,8,2.5694747928064317,12756,0.0,0,0
full_p3_seed17,full,case_013,3,2,1968,02_1001..5000,16,16,0,0,"{""success"": 16}",13.959825000027195,14.102551624993794,0.259702843,13.24146895809099,13.24146895809099,0,8.70632391818799,11.574947042157874,0,0.40765762492083013,0.3106984170153737,0.14272662496659905,242599,132198,1,component,0,0,/Users/liyu/Desktop/中文题目/A题研究/advanced_solver/runs/formal_v2/full_p3_seed17/slots/case_013/p3_n2/attempt_0001/summary.json,12ded17d5c99cfbaff507f5faef8a75fea3586b260a2297e5a7435239935b0f1,fce4bf49f6aa6a6661bf63cbaff55f48bcdb3b4020a64705a02cc6257152cdad,132198,0.0,12,10.530134541913867,132198,0.0,8,6.565238584880717,132198,0.0,4,2.9986235009273514,132198,0.0,0,0,132198,0.0,0,0
full_p3_seed17,full,case_013,3,3,1968,02_1001..5000,18,18,0,0,"{""success"": 18}",15.144310000003316,15.297730582999066,0.28757141,14.30803529417608,14.30803529417608,0,9.431878081988543,12.716653127106838,0,0.5197458739858121,0.3165288318414241,0.15342058299575,255684,88351,1,component,0,0,/Users/liyu/Desktop/中文题目/A题研究/advanced_solver/runs/formal_v2/full_p3_seed17/slots/case_013/p3_n3/attempt_0001/summary.json,72dcb2dc8c1c473e54764589b764972fff43ac501d0c66ef99316c4072c10bc0,04fa60f70656b066fb6ef17d2b5153091455339caa1ae10cf2425ed4d47c88b0,88351,0.0,14,11.689566668239422,88351,0.0,10,8.098650958272628,88351,0.0,6,3.9774319162825122,88351,0.0,2,1.3021990010747686,88351,0.0,0,0
full_p3_seed17,full,case_003,3,5,13455,04_>10000,24,24,0,0,"{""success"": 24}",163.50673537503462,163.72366983408574,1.794118457,157.19992149900645,157.19992149900645,0,137.16659437399358,154.55915466393344,0,4.615777208004147,1.6910366680240259,0.2169344590511173,744635,145413,24,cache,0,0,/Users/liyu/Desktop/中文题目/A题研究/advanced_solver/runs/formal_v2/full_p3_seed17/slots/case_003/p3_n5/attempt_0001/summary.json,d88e22294bae137c4334e67dca331426c9237c3278c733a5d1bc6b042788e69d,542a58adffb72375b0d34d86b8a902d3bdfc44f0673e49b177c8875c62b3586d,539607,2.71085803882734,20,131.99080491694622,202674,0.39378184894060375,16,100.86579999979585,202674,0.39378184894060375,12,64.0908679998247,176870,0.21632866387461913,8,42.95224220782984,145413,0.0,0,0
full_p3_seed17,full,case_013,3,4,1968,02_1001..5000,17,17,0,0,"{""success"": 17}",14.853725541965105,15.005628374987282,0.29798604,13.902954121120274,13.902954121120274,0,9.187692207982764,12.361251791007817,0,0.6422090829582885,0.3085623378865421,0.15190283302217722,284154,66970,15,cache,0,0,/Users/liyu/Desktop/中文题目/A题研究/advanced_solver/runs/formal_v2/full_p3_seed17/slots/case_013/p3_n4/attempt_0001/summary.json,c4545261df26d3614c871449580e29bdfdeed19268d55bdddafd09f78f66f28d,6d32296aface3f45f1402e40591312d1e4d30275ef4159144f39afbe648a7855,66982,0.00017918470957134502,13,11.32320053910371,66982,0.00017918470957134502,9,7.02568287414033,66982,0.00017918470957134502,5,3.134720125119202,66970,0.0,1,0.6657240829663351,66970,0.0,0,0
full_p3_seed17,full,case_013,3,5,1968,02_1001..5000,24,24,0,0,"{""success"": 24}",20.13964112510439,20.28433045791462,0.368965015,18.92388516687788,18.92388516687788,0,12.429727416136302,16.697693126974627,0,0.8111942911054939,0.4045616671210155,0.14468933281023055,322997,53943,22,cache,0,0,/Users/liyu/Desktop/中文题目/A题研究/advanced_solver/runs/formal_v2/full_p3_seed17/slots/case_013/p3_n5/attempt_0001/summary.json,5438300fed7f3fbf068a5d8d1633f5b0c72013fa7d6047da2fa56d1c86bcc3ec,ba30401de7e20f7dbcd11ee9783a6011d5054de438522184cbd9a973a1031282,54363,0.007785996329458866,20,16.339526583906263,54363,0.007785996329458866,16,12.162515541887842,54363,0.007785996329458866,12,7.708583666943014,54044,0.0018723467363699342,8,5.2412194579374045,53943,0.0,0,0
full_p3_seed17,full,case_015,3,2,1013,02_1001..5000,24,24,0,0,"{""success"": 24}",9.766401416040026,9.90966829098761,0.189959696,9.225943957688287,9.225943957688287,0,4.8737948790658265,7.1143389156786725,0,0.23813733190763742,0.30232012644410133,0.14326687494758517,221719,83527,17,trace,0,0,/Users/liyu/Desktop/中文题目/A题研究/advanced_solver/runs/formal_v2/full_p3_seed17/slots/case_015/p3_n2/attempt_0001/summary.json,227f251bfeaa601e85e888131f67aafdb3ccab392cdfc13878efde44fe487937,b89fb4c3c98b6d7f6c0facf1379e22fddadab0462fe6e88ed8ba7ff1c676530e,86611,0.03692219282387721,20,8.03220312378835,86611,0.03692219282387721,16,6.324979081982747,86611,0.03692219282387721,12,4.537873957888223,84895,0.01637793767284834,8,3.200357290916145,83527,0.0,0,0
full_p3_seed17,full,case_015,3,3,1013,02_1001..5000,24,24,0,0,"{""success"": 24}",9.805617291945964,9.964007499977015,0.146011395,9.162099164095707,9.162099164095707,0,4.770958704291843,7.066169127239846,0,0.3403018759563565,0.30321625189390033,0.15839020803105086,225693,60954,3,component,0,0,/Users/liyu/Desktop/中文题目/A题研究/advanced_solver/runs/formal_v2/full_p3_seed17/slots/case_015/p3_n3/attempt_0001/summary.json,7b4d0800e2fb6608fa2ae190bdc32178b1ae4f0add796d9794b43416b507e0a5,87436eedc2e7b0c8218a05dded8a618efe6279d79c93afb83b62850e295caeb4,60954,0.0,20,7.670106872101314,60954,0.0,16,5.795842873165384,60954,0.0,12,3.696751831099391,60954,0.0,8,2.4652428310364485,60954,0.0,0,0
full_p3_seed17,full,case_015,3,4,1013,02_1001..5000,24,24,0,0,"{""success"": 24}",9.695721666095778,9.826152790919878,0.164097577,8.995496251969598,8.995496251969598,0,4.679861331824213,6.9187811656156555,0,0.4020339569542557,0.2981914571719244,0.13043112482409924,231616,49853,3,component,0,0,/Users/liyu/Desktop/中文题目/A题研究/advanced_solver/runs/formal_v2/full_p3_seed17/slots/case_015/p3_n4/attempt_0001/summary.json,98009b6a485160a9e1189a6fec2d793a10b8fa08511a3c6717a7a90ea08420a8,50309f006f9ecb72ee89ca75cf10891df60edc4f489b7414f286c071c70228d5,49853,0.0,20,7.79745816916693,49853,0.0,16,5.989358210237697,49853,0.0,12,3.9403289603069425,49853,0.0,8,2.711329168290831,49853,0.0,0,0
full_p3_seed17,full,case_015,3,5,1013,02_1001..5000,24,24,0,0,"{""success"": 24}",10.73867579200305,10.885421124985442,0.157642527,9.904084082809277,9.904084082809277,0,5.198352582985535,7.670739911845885,0,0.5063363751396537,0.3282553340541199,0.14674533298239112,240934,43242,4,component,0,0,/Users/liyu/Desktop/中文题目/A题研究/advanced_solver/runs/formal_v2/full_p3_seed17/slots/case_015/p3_n5/attempt_0001/summary.json,908f7b7fa674f60dea170187857e39fa0493b30ea868de0321a0aecb99c66802,e4443c057d0990ab2d8f3dcb12cf216f373974358537f33045fa625ecd4c9a33,43242,0.0,20,8.664526582811959,43242,0.0,16,6.5013693338260055,43242,0.0,12,4.19967579189688,43242,0.0,8,2.810592583962716,43242,0.0,0,0
full_p3_seed17,full,case_016,3,2,17995,04_>10000,21,21,0,0,"{""success"": 21}",270.0370450000046,270.29292166698724,2.129090309,264.10524245910347,264.10524245910347,0,241.8855124624679,261.2262087089475,0,3.7333265001652762,2.198476040735841,0.2558766669826582,744786,4026193,10,trace,1,0,/Users/liyu/Desktop/中文题目/A题研究/advanced_solver/runs/formal_v2/full_p3_seed17/slots/case_016/p3_n2/attempt_0001/summary.json,8132b78b5546972e19b4be9e01171cb3796f129977e3b3164733ba15c5605773,c34ad608fef50b29f26328645ea2106c49d0a021ed873a2b1ba1b4732d268242,4026206,3.2288566396143636e-06,17,208.4396311668679,4026206,3.2288566396143636e-06,13,155.17950545880012,4026193,0.0,9,106.28150341589935,4026193,0.0,5,62.54375249880832,4026193,0.0,0,0
full_p3_seed17,full,case_016,3,3,17995,04_>10000,20,20,0,0,"{""success"": 20}",240.92026799998712,241.17674833303317,2.200704287,234.98211954405997,234.98211954405997,0,211.4411462059943,232.0615816252539,0,3.79915450012777,2.1389939557993785,0.25648033304605633,733862,2877208,3,operation,1,0,/Users/liyu/Desktop/中文题目/A题研究/advanced_solver/runs/formal_v2/full_p3_seed17/slots/case_016/p3_n3/attempt_0001/summary.json,fca67cb600d1ed5f3749e997deffc4169f9289eee2f031785e33f7308603bcd6,f75cae2dcac40c63a3ec70bc9508e6bfe7735bb10502bc6b916b6ba36bbbcc97,2877208,0.0,16,180.1467166680377,2877208,0.0,12,127.42956721002702,2877208,0.0,8,83.50284475111403,2877208,0.0,4,41.54728170810267,2877208,0.0,0,0
full_p3_seed17,full,case_016,3,4,17995,04_>10000,20,20,0,0,"{""success"": 20}",203.34321466705296,203.61266899993643,1.954267271,197.127707916894,197.127707916894,0,175.61759958183393,194.4729426681297,0,4.215441374923103,2.000065375235863,0.26945433288346976,740269,2239547,3,operation,1,0,/Users/liyu/Desktop/中文题目/A题研究/advanced_solver/runs/formal_v2/full_p3_seed17/slots/case_016/p3_n4/attempt_0001/summary.json,7994e17dcfa57fffb66073a5c50e28afc77fe4a680387c0dbb2f97399600298d,745a844824fd6d9881bd65b4627344277fdca868246ecab7d49f65cae06224df,2239547,0.0,16,150.65226691693533,2239547,0.0,12,113.41109637496993,2239547,0.0,8,75.53280279110186,2239547,0.0,4,37.7876371240709,2239547,0.0,0,0
full_p3_seed17,full,case_016,3,5,17995,04_>10000,21,21,0,0,"{""success"": 21}",236.10826729098335,236.36273058399092,2.436357966,228.75398200110067,228.75398200110067,0,201.28221141605172,225.69075629289728,0,4.862577249878086,2.491708040004596,0.254463293007575,925893,1969193,21,cache,0,0,/Users/liyu/Desktop/中文题目/A题研究/advanced_solver/runs/formal_v2/full_p3_seed17/slots/case_016/p3_n5/attempt_0001/summary.json,5daff591d3bb3dff100bdb0f6efbea40bb7f2ae7b8eaa0f56ad76f6c6406e5cc,dc8892b49a4a335ed7820e7f025d25d1b3a9bc8982b4a757d508b692cb842fdf,2241735,0.1384028888991582,17,181.4802258341806,1969433,0.0001218773375692983,13,132.72939620912075,1969433,0.0001218773375692983,9,90.9328923750436,1969433,0.0001218773375692983,5,49.12705674988683,1969193,0.0,0,0
full_p3_seed17,full,case_017,3,2,1373,02_1001..5000,24,24,0,0,"{""success"": 24}",13.151774583035149,13.307660249993205,0.197920676,12.452117916313,12.452117916313,0,7.389292917912826,10.107670833123848,0,0.3238463739398867,0.37581029278226197,0.1558856669580564,251150,76480,22,cache,0,0,/Users/liyu/Desktop/中文题目/A题研究/advanced_solver/runs/formal_v2/full_p3_seed17/slots/case_017/p3_n2/attempt_0001/summary.json,fb15de893f6d7bb79ea03f7c52dd5e720bb80a61bea274643d3e19c2c52c0cb3,86ec32b44815aed36bb19e4e445d1ba4d8f8dc670b9b9d820cca0c05b9099a31,77491,0.013219142259414118,20,10.838456249097362,77491,0.013219142259414118,16,8.455769041203894,77491,0.013219142259414118,12,5.403483083238825,77491,0.013219142259414118,8,3.5686481260927394,76480,0.0,0,0
full_p3_seed17,full,case_017,3,3,1373,02_1001..5000,24,24,0,0,"{""success"": 24}",13.453229750040919,13.609768791939132,0.229213295,12.632788163959049,12.632788163959049,0,7.4579589208588,10.384659998933785,0,0.4521665818756446,0.3682750042062253,0.15653904189821333,257018,51594,21,cache,0,0,/Users/liyu/Desktop/中文题目/A题研究/advanced_solver/runs/formal_v2/full_p3_seed17/slots/case_017/p3_n3/attempt_0001/summary.json,5893ac15882889704be8bda7a9a1279c32293853ab9c6e5969fbc0170321ea0b,8aa7fd555eec65cb90292c1fcf0afe9190a16f118bfaf58b1d290cba0bef16f2,56670,0.09838353296894997,20,11.001032997854054,56670,0.09838353296894997,16,8.225838998914696,56670,0.09838353296894997,12,5.219169122865424,54054,0.04767996278637043,8,3.4443033329444006,51594,0.0,0,0
full_p3_seed17,full,case_017,3,4,1373,02_1001..5000,24,24,0,0,"{""success"": 24}",15.147405166993849,15.301471750019118,0.218864465,14.140095999930054,14.140095999930054,0,8.432595832040533,11.508809793624096,0,0.6019488332094625,0.40536033385433257,0.1540665830252692,253482,37645,14,trace,0,0,/Users/liyu/Desktop/中文题目/A题研究/advanced_solver/runs/formal_v2/full_p3_seed17/slots/case_017/p3_n4/attempt_0001/summary.json,1027ff8152b8e5716560227ed97423582edd59c5fe138ed3b9073dfb294b4764,977b5b8ca9275da259dc7b07f03a740fd048d4d61b2427bcd2878f53c2763553,38019,0.009934918315845476,20,11.900662666885182,38019,0.009934918315845476,16,8.593030332936905,38019,0.009934918315845476,12,5.597034457838163,37645,0.0,8,3.5438550409162417,37645,0.0,0,0
full_p3_seed17,full,case_017,3,5,1373,02_1001..5000,24,24,0,0,"{""success"": 24}",13.271097999997437,13.420667291036807,0.214001552,12.237569543067366,12.237569543067366,0,7.209506125305779,9.984902041847818,0,0.6792988749220967,0.3542295820079744,0.14956929103937,261734,32681,14,trace,0,0,/Users/liyu/Desktop/中文题目/A题研究/advanced_solver/runs/formal_v2/full_p3_seed17/slots/case_017/p3_n5/attempt_0001/summary.json,a66c5125e2ed757b8efb888cd04e04d2a3db5ad63c7310877fb17fa7a86117cf,0331c194b355e2f59ef0271d2c692505bce5864820a62c796c0f57d999b5d193,35496,0.08613567516293874,20,10.586066836025566,35496,0.08613567516293874,16,7.703993460978381,35496,0.08613567516293874,12,4.858245628071018,32681,0.0,8,3.2674041689606383,32681,0.0,0,0
full_p3_seed17,full,case_018,3,2,2727,02_1001..5000,18,18,0,0,"{""success"": 18}",20.031113208038732,20.184423916973174,0.326413183,19.04517574980855,19.04517574980855,0,13.831821416737512,17.34339612373151,0,0.6089516250649467,0.3769858331652358,0.1533107089344412,280425,501076,17,cache,0,0,/Users/liyu/Desktop/中文题目/A题研究/advanced_solver/runs/formal_v2/full_p3_seed17/slots/case_018/p3_n2/attempt_0001/summary.json,d6980d9499359d777d7a50c549e89ca760f1d5d2f8a57f66cad36695d36d94a4,29aa5f6171fef4d940e84b5375851e280a6c1f44106e5d24ac38f3c448abe8be,502571,0.002983579337266118,14,15.875531040830538,502571,0.002983579337266118,10,10.89203224889934,502571,0.002983579337266118,6,5.5361160829197615,501535,0.0009160287062242034,2,1.8237435420742258,501076,0.0,0,0
full_p3_seed17,full,case_018,3,3,2727,02_1001..5000,18,18,0,0,"{""success"": 18}",20.831320208031684,20.987738083000295,0.418616863,19.590038294089027,19.590038294089027,0,14.096832332084887,17.944569832994603,0,0.86214129102882,0.37914062291383743,0.1564178749686107,283318,338035,15,cache,0,0,/Users/liyu/Desktop/中文题目/A题研究/advanced_solver/runs/formal_v2/full_p3_seed17/slots/case_018/p3_n3/attempt_0001/summary.json,08f4c2ce3ac33d64d74f25ee4f95f172b4d477236423c28db8c5ef2303de52cd,309185ae8f6b034124397d443d7fecb10c05c72c048bf509aca7a2e16007877f,339082,0.0030973124084783255,14,16.507365043042228,339082,0.0030973124084783255,10,10.981078042066656,339082,0.0030973124084783255,6,5.148429583059624,338035,0.0,2,1.8684345420915633,338035,0.0,0,0
full_p3_seed17,full,case_018,3,4,2727,02_1001..5000,24,24,0,0,"{""success"": 24}",27.462797041982412,27.625294915982522,0.468181165,25.751670919475146,25.751670919475146,0,18.346108208061196,23.457280209171586,0,1.2354387069353834,0.4756874155718833,0.16249787400010973,276250,253930,13,trace,0,0,/Users/liyu/Desktop/中文题目/A题研究/advanced_solver/runs/formal_v2/full_p3_seed17/slots/case_018/p3_n4/attempt_0001/summary.json,15f8ad8ffe9d102b50da2a061d61512d975f2a9f3be60d57522e68012bdd4fb9,720f14a9200e37a1c26addce916c1c4545a07d7340a4813f790b757f6eae52a2,254140,0.0008269995668097607,20,22.486767627531663,254140,0.0008269995668097607,16,16.66429229453206,254140,0.0008269995668097607,12,10.505538627388887,253930,0.0,8,7.066636084229685,253930,0.0,0,0
full_p3_seed17,full,case_014,3,2,35705,04_>10000,24,24,0,0,"{""success"": 24}",1172.577036584029,1172.8958542499458,6.441954827,1158.0972860421753,1158.0972860421753,0,1094.3148508341983,1154.055394584895,0,10.310813792049885,4.168936749803834,0.31881766591686755,1110456,8859268,4,component,0,0,/Users/liyu/Desktop/中文题目/A题研究/advanced_solver/runs/formal_v2/full_p3_seed17/slots/case_014/p3_n2/attempt_0001/summary.json,6f65e19ce52461c689c120fabf17d3d894b5d1fab9b469cd1e52c55690fd07bc,a23af037c99ef3cfe0048f55a8b8854885edf45c6b6cc89d6602729029bdc229,8859268,0.0,20,1063.562924958067,8859268,0.0,16,797.2748890420189,8859268,0.0,12,501.6013333739247,8859268,0.0,8,329.80529033287894,8859268,0.0,0,0
full_p3_seed17,full,case_018,3,5,2727,02_1001..5000,24,24,0,0,"{""success"": 24}",27.09134962502867,27.249813292059116,0.440949154,25.114936206606217,25.114936206606217,0,17.680382418562658,22.603589704958722,0,1.4540075830882415,0.5224058353342116,0.15846366703044623,330819,201238,22,cache,0,0,/Users/liyu/Desktop/中文题目/A题研究/advanced_solver/runs/formal_v2/full_p3_seed17/slots/case_018/p3_n5/attempt_0001/summary.json,b89cdcec3482d7a5406ab3689dd06b1e91fc8386f490b2a9c1d58e7a118e555f,124781e5388932e7909a37d051a85999c9f315347b85691eec30d5cb0b11810a,203609,0.01178206899293377,20,21.933573166606948,203609,0.01178206899293377,16,16.735210748622194,203609,0.01178206899293377,12,11.148937081568874,203609,0.01178206899293377,8,7.596073540742509,201238,0.0,0,0
full_p3_seed17,full,case_019,3,2,647,01_<=1000,24,21,3,0,"{""success"": 24}",6.748236250015907,6.902900999994017,0.122271288,6.3237754160072654,6.293713208986446,0.030062207020819187,2.7381257069064304,4.426404163590632,0,0.16966733196750283,0.2547935020411387,0.1546647499781102,234136,30689,21,cache,0,0,/Users/liyu/Desktop/中文题目/A题研究/advanced_solver/runs/formal_v2/full_p3_seed17/slots/case_019/p3_n2/attempt_0001/summary.json,de1a7c83cd0f0a36f1b83e6a4077d3c277eaffd4b00e82db06493086339baf89,d557897349352a27323d8f5dfce6de11ad72c8d1f70fae8f30991e4030b0816a,41102,0.3393072436377855,20,6.049585166969337,33044,0.07673759327446317,16,4.942938292166218,33044,0.07673759327446317,12,3.702498918166384,32750,0.06715761347714166,8,2.3994889170862734,30689,0.0,0,0
full_p3_seed17,full,case_019,3,3,647,01_<=1000,24,24,0,0,"{""success"": 24}",7.521250791964121,7.658143333042972,0.115242616,7.0512334167724475,7.0512334167724475,0,3.0214880442945287,4.945918878191151,0,0.20917583408299834,0.2608415411086753,0.13689254107885063,236693,23552,18,trace,0,0,/Users/liyu/Desktop/中文题目/A题研究/advanced_solver/runs/formal_v2/full_p3_seed17/slots/case_019/p3_n3/attempt_0001/summary.json,4a9ef30692f6c1a48d86daf57ff113e13f0b9ea10d4972b2a5cd4d53ea78d637,70c370e2b10826bc4c72314e437619b1783dbe77f805477089ac44c54df128de,28986,0.2307235054347827,20,6.063964666915126,25425,0.07952615489130443,16,4.937999082962051,25425,0.07952615489130443,12,3.7060871249996126,25425,0.07952615489130443,8,2.4799965420970693,23552,0.0,0,0
full_p3_seed17,full,case_019,3,4,647,01_<=1000,24,24,0,0,"{""success"": 24}",7.010946625028737,7.143239166936837,0.113440926,6.526101962313987,6.526101962313987,0,2.4571591672720388,4.1576448736013845,0,0.2181034580571577,0.2667412046575919,0.13229254190810025,225953,22443,14,trace,0,0,/Users/liyu/Desktop/中文题目/A题研究/advanced_solver/runs/formal_v2/full_p3_seed17/slots/case_019/p3_n4/attempt_0001/summary.json,a1b8d4176c4f9167e119e5b608dee2a515058706767f529d2d6f0d9799c64c58,b24afaf11a91a181c4fcebf2afa2d03148356092443f88025123678e0f107c2a,24099,0.07378692688143307,20,5.530778335174546,24099,0.07378692688143307,16,4.350532169220969,24099,0.07378692688143307,12,2.956831335206516,22443,0.0,8,1.9250288761686534,22443,0.0,0,0
full_p3_seed17,full,case_019,3,5,647,01_<=1000,24,22,2,0,"{""success"": 24}",7.638218250009231,7.79358883399982,0.131460711,6.935665166354738,6.911360791418701,0.024304374936036766,2.958506167982705,4.820797500782646,0,0.31514112604781985,0.38741195760667324,0.15537058399058878,245636,16500,21,cache,0,0,/Users/liyu/Desktop/中文题目/A题研究/advanced_solver/runs/formal_v2/full_p3_seed17/slots/case_019/p3_n5/attempt_0001/summary.json,1728b36bf06fcd4fc922947db88cc407e9408f809b40a6ea84f9b1a1d3ac4068,bd2b43720e3210f78e8de0dced302467cfca047ef3f1d3fb472c186ba6e60271,24169,0.46478787878787875,20,6.421202248428017,16712,0.012848484848484887,16,5.244208999327384,16712,0.012848484848484887,12,3.916364291217178,16712,0.012848484848484887,8,2.560106126125902,16500,0.0,0,0
full_p3_seed17,full,case_020,3,2,7008,03_5001..10000,15,15,0,0,"{""success"": 15}",58.625181457959116,58.800382207962684,0.762165846,56.85370216576848,56.85370216576848,0,48.25295295927208,55.244291250943206,0,1.0931697930209339,0.6783094991696998,0.17520075000356883,287890,266580,1,component,0,0,/Users/liyu/Desktop/中文题目/A题研究/advanced_solver/runs/formal_v2/full_p3_seed17/slots/case_020/p3_n2/attempt_0001/summary.json,ea7a3ae651e718d75832d4437fbef21a5a10ffd825b2558e97c7837f3c8285a6,6bf0995bc82ebc9067b60a213f78dd90f6ab274c27650f611805eb2d82f31e13,266580,0.0,11,49.05193545704242,266580,0.0,7,30.556967542041093,266580,0.0,3,10.4081395000685,266580,0.0,0,0,266580,0.0,0,0
full_p3_seed17,full,case_020,3,3,7008,03_5001..10000,15,15,0,0,"{""success"": 15}",55.34418575000018,55.53277316596359,0.78407994,53.1178709162632,53.1178709162632,0,44.079870623885654,51.332618704997,0,1.4848985000280663,0.7414163337089121,0.18858741596341133,291271,177950,1,component,0,0,/Users/liyu/Desktop/中文题目/A题研究/advanced_solver/runs/formal_v2/full_p3_seed17/slots/case_020/p3_n3/attempt_0001/summary.json,3516a7e55daaae03f8d5ba29086d75c77bcf85fe836ba0e8d026409244912d92,98b1fc28a6e50ed24186ebbe350cd97e7c3249b6ecf2fb9cd8cffd23379dce97,177950,0.0,11,46.082372749224305,177950,0.0,7,29.5098642911762,177950,0.0,3,8.197077167103998,177950,0.0,0,0,177950,0.0,0,0
full_p3_seed17,full,case_020,3,4,7008,03_5001..10000,15,15,0,0,"{""success"": 15}",49.31390616693534,49.499477833043784,0.773615987,47.02941475098487,47.02941475098487,0,38.18227633216884,45.332581540104,0,1.6493032920407131,0.6351881239097565,0.18557166610844433,295525,133704,1,component,0,0,/Users/liyu/Desktop/中文题目/A题研究/advanced_solver/runs/formal_v2/full_p3_seed17/slots/case_020/p3_n4/attempt_0001/summary.json,79c6c24ec2463f7275700c262e31e77c8791c4a18eb363856531443f7edc9b2b,e63480c7195f8eafc5316eb08883853d8aa31b32f5eb96341669b0b3b50aba1c,133704,0.0,11,40.85351954202633,133704,0.0,7,26.389051167061552,133704,0.0,3,7.245586751028895,133704,0.0,0,0,133704,0.0,0,0
full_p3_seed17,full,case_020,3,5,7008,03_5001..10000,15,15,0,0,"{""success"": 15}",50.98515345796477,51.16646199999377,0.879220074,48.353743334067985,48.353743334067985,0,39.17267645930406,46.73251950030681,0,1.9695134998764843,0.6618966240203008,0.18130854202900082,297854,107187,3,component,0,0,/Users/liyu/Desktop/中文题目/A题研究/advanced_solver/runs/formal_v2/full_p3_seed17/slots/case_020/p3_n5/attempt_0001/summary.json,c46f9ad4bce4f23b7d6a5a374199bee210f6edba983973cb69e18144e993ea8b,151ecdacf3f4a0111d123b4afaa02afa2d1904d6ee5a3edd59df260686e49e20,107187,0.0,11,42.386370124993846,107187,0.0,7,27.23598245915491,107187,0.0,3,7.850847750087269,107187,0.0,0,0,107187,0.0,0,0
full_p3_seed17,full,case_021,3,2,3920,02_1001..5000,16,16,0,0,"{""success"": 16}",36.60722462506965,36.793017541989684,0.536888531,35.211144039873034,35.211144039873034,0,28.276045082020573,33.49560583103448,0,0.8790346669266,0.5170459182700142,0.18579291692003608,312816,3192818,13,cache,0,0,/Users/liyu/Desktop/中文题目/A题研究/advanced_solver/runs/formal_v2/full_p3_seed17/slots/case_021/p3_n2/attempt_0001/summary.json,44b5c1158ba2bb9e11fd708cde682bc13b9d839d457563cbfb1591cf6f6e5351,b22988e47b28a19d548011b32d98145adea2982a0e4f8efa50cf6158688aa437,3193634,0.00025557360300521026,12,29.38810349884443,3193634,0.00025557360300521026,8,16.916291290777735,3193634,0.00025557360300521026,4,6.249687665957026,3192818,0.0,0,0,3192818,0.0,0,0
full_p3_seed17,full,case_021,3,3,3920,02_1001..5000,16,16,0,0,"{""success"": 16}",37.14756141707767,37.327197959064506,0.567259326,35.20255091693252,35.20255091693252,0,27.780994210159406,33.483707503881305,0,1.4180455410387367,0.5269649591064081,0.17963654198683798,317799,2107657,13,cache,1,0,/Users/liyu/Desktop/中文题目/A题研究/advanced_solver/runs/formal_v2/full_p3_seed17/slots/case_021/p3_n3/attempt_0001/summary.json,9156883de384ad94edcc2cff56d1aae8a9a107af1e253d5d68baa434caddd77b,bd9155f86c8e6dd9b8bb3a621e02e0029fdd0466913f44d8964cf510bee2e0f3,2132669,0.011867206096627614,12,28.646134792012163,2132669,0.011867206096627614,8,16.588125876151025,2117041,0.0044523373584981485,4,5.805245084105991,2107657,0.0,0,0,2107657,0.0,0,0
full_p3_seed17,full,case_021,3,4,3920,02_1001..5000,17,17,0,0,"{""success"": 17}",36.361372666899115,36.53549733303953,0.610562181,34.067185621592216,34.067185621592216,0,26.528428542776965,32.28139716410078,0,1.7832893769955263,0.5108976683113724,0.17412466614041477,255382,1550324,1,component,0,0,/Users/liyu/Desktop/中文题目/A题研究/advanced_solver/runs/formal_v2/full_p3_seed17/slots/case_021/p3_n4/attempt_0001/summary.json,296e20588bf6be81843c993c33a361a4482be2511c09bd6f77731ff8c028d8f0,168c22cfd676fcc785fb7aa104fd8cbfaa5a7bea14db4a5fbe165bd88f60720f,1550324,0.0,13,27.549555039731786,1550324,0.0,9,17.78466008172836,1550324,0.0,5,6.173445790889673,1550324,0.0,1,1.1921255409251899,1550324,0.0,0,0
full_p3_seed17,full,case_021,3,5,3920,02_1001..5000,16,16,0,0,"{""success"": 16}",36.49357837496791,36.66554279194679,0.548640995,34.003821125021204,34.003821125021204,0,26.713150041294284,32.392186749959365,0,2.0054549580672756,0.4843022918794304,0.17196441697888076,319187,1249311,13,cache,0,0,/Users/liyu/Desktop/中文题目/A题研究/advanced_solver/runs/formal_v2/full_p3_seed17/slots/case_021/p3_n5/attempt_0001/summary.json,2f7e656b850cc8f88499491be99ce134dc4fc886d52e8347fa3ddd42029351b2,65a1f1089a42dc59f6177424850f7e9435681774979eebc21b643f256a76fd45,1249380,5.52304430201378e-05,12,28.46810604003258,1249380,5.52304430201378e-05,8,17.402971331961453,1249380,5.52304430201378e-05,4,6.271764708100818,1249311,0.0,0,0,1249311,0.0,0,0
full_p3_seed17,full,case_022,3,2,1356,02_1001..5000,24,24,0,0,"{""success"": 24}",13.59709295805078,13.753531290916726,0.223639144,12.870378871797584,12.870378871797584,0,7.063623958034441,10.166470704949461,0,0.32786783401388675,0.39884625223930925,0.156438332865946,233448,27982,14,trace,0,0,/Users/liyu/Desktop/中文题目/A题研究/advanced_solver/runs/formal_v2/full_p3_seed17/slots/case_022/p3_n2/attempt_0001/summary.json,f2713e31b3a63341de42bdc9f5916e55110f6ce4478288455cf1676bf63e8fbe,7b8727d4328addf2f2795345b715ec1c21c8c7873600f9d24017d1a148be2417,28221,0.008541205060395907,20,11.285185246844776,28221,0.008541205060395907,16,8.795795997837558,28221,0.008541205060395907,12,6.061370789888315,27982,0.0,8,4.186105831875466,27982,0.0,0,0
full_p3_seed17,full,case_022,3,3,1356,02_1001..5000,24,24,0,0,"{""success"": 24}",12.98922612494789,13.179417458944954,0.228448489,12.106902750092559,12.106902750092559,0,6.965269293054007,9.755432376055978,0,0.4806268740212545,0.4016965008340776,0.19019133399706334,233113,18709,14,trace,0,0,/Users/liyu/Desktop/中文题目/A题研究/advanced_solver/runs/formal_v2/full_p3_seed17/slots/case_022/p3_n3/attempt_0001/summary.json,bb8a15684307ab5e6e1d01db230a46bb5580c985bfae68272cf34890fd481cf9,287c90f16367420228bd35f56de294d3c40e396cf8ec16d59275b5a9f43c2c3f,19016,0.016409214816398565,20,10.29760037502274,19016,0.016409214816398565,16,7.4610245829680935,19016,0.016409214816398565,12,4.512333957944065,18709,0.0,8,3.0712332079419866,18709,0.0,0,0
full_p3_seed17,full,case_022,3,4,1356,02_1001..5000,24,24,0,0,"{""success"": 24}",12.606183291994967,12.78949883300811,0.20064364,11.539606331964023,11.539606331964023,0,6.46117245813366,9.152318374835886,0,0.6901714998530224,0.37640546017792076,0.18331554101314396,238058,14529,14,trace,0,0,/Users/liyu/Desktop/中文题目/A题研究/advanced_solver/runs/formal_v2/full_p3_seed17/slots/case_022/p3_n4/attempt_0001/summary.json,968d64cab30f908b3a2433ea65810089cf9b28277d21b552bc54ac6fbc3f5c9c,9c3302e4da0ce140e754fc0e0c470eea72f8126083a6b806a774659975a8efa6,14654,0.008603482689792719,20,10.008034872938879,14654,0.008603482689792719,16,7.629857997992076,14654,0.008603482689792719,12,4.794990291004069,14529,0.0,8,3.201113749993965,14529,0.0,0,0
full_p3_seed17,full,case_022,3,5,1356,02_1001..5000,24,23,1,0,"{""success"": 24}",11.89239620801527,12.053811082965694,0.194856243,10.87323129014112,10.844216665136628,0.0290146250044927,6.113335999078117,8.650055709062144,0,0.6495717519428581,0.3695931659312919,0.16141487495042384,254650,11576,23,cache,0,0,/Users/liyu/Desktop/中文题目/A题研究/advanced_solver/runs/formal_v2/full_p3_seed17/slots/case_022/p3_n5/attempt_0001/summary.json,f30bd2c9d16530008ffdb2175e1bde8684e7d937107f52a02a5abe9bc5029079,a4be075ea988b535b03eab986784767ada3287de05a19421c10380ce47951851,11713,0.011834830684174236,20,9.741008540033363,11713,0.011834830684174236,16,7.399377000168897,11713,0.011834830684174236,12,4.549917834112421,11633,0.004923980649619963,8,3.0565124180866405,11576,0.0,0,0
full_p3_seed17,full,case_023,3,2,1011,02_1001..5000,24,24,0,0,"{""success"": 24}",11.517800291068852,11.675691167009063,0.202675829,10.913239498971961,10.913239498971961,0,5.900779876625165,8.578173624933697,0,0.26839704206213355,0.33616375003475696,0.15789087594021112,248766,48532,23,cache,0,0,/Users/liyu/Desktop/中文题目/A题研究/advanced_solver/runs/formal_v2/full_p3_seed17/slots/case_023/p3_n2/attempt_0001/summary.json,796c8a678ff596f8cf3843f169cfa336349d15499981dffa6b7b51ac17ed4adb,cc615b830fd0b6f7f9a424fab89ce0faf17b768f9a4c6740c94ce0923df0d457,61829,0.27398417538943387,20,9.61945641587954,60940,0.2556663644605621,16,7.869412123807706,60940,0.2556663644605621,12,6.053149207844399,50146,0.03325640814308084,8,4.024090249906294,48532,0.0,0,0
full_p3_seed17,full,case_023,3,3,1011,02_1001..5000,24,24,0,0,"{""success"": 24}",11.058440041029826,11.222191957989708,0.191503122,10.218892084783874,10.218892084783874,0,5.3293500419240445,7.821540623670444,0,0.3763651268091053,0.4631828294368461,0.16375191695988178,233300,33592,14,trace,0,0,/Users/liyu/Desktop/中文题目/A题研究/advanced_solver/runs/formal_v2/full_p3_seed17/slots/case_023/p3_n3/attempt_0001/summary.json,1bf93bd5c904277e45fff4bde1b20340ef0b0b4f7e0fba0728991e44a3778f62,413155e62471148f86d9a4974e5eb06499c8c9cf93c0a4f31415ae9bc3c0f817,40689,0.21127054060490602,20,8.39774225174915,40689,0.21127054060490602,16,6.356804500683211,40689,0.21127054060490602,12,4.125058625591919,33592,0.0,8,2.8893413757905364,33592,0.0,0,0
full_p3_seed17,full,case_023,3,4,1011,02_1001..5000,24,24,0,0,"{""success"": 24}",10.639877958921716,10.8147343340097,0.149544281,9.830716123338789,9.830716123338789,0,4.989854790386744,7.364935958757997,0,0.4517765829805285,0.3573852526023984,0.1748563750879839,250058,24223,21,cache,0,0,/Users/liyu/Desktop/中文题目/A题研究/advanced_solver/runs/formal_v2/full_p3_seed17/slots/case_023/p3_n4/attempt_0001/summary.json,1724d26bd3f66ce63ba3ff113ab765cc77050003ff6aa1f0e385f23a0e6d9eb6,e451dd87cdf24bde50fa976dfe3c207b8105b7cc5f5be9a4751ff86f65fc0b92,30629,0.2644593980927219,20,8.469610915402882,30629,0.2644593980927219,16,6.36502208316233,30629,0.2644593980927219,12,4.214124709018506,25214,0.040911530363703985,8,2.8628961250651628,24223,0.0,0,0
full_p3_seed17,full,case_023,3,5,1011,02_1001..5000,24,24,0,0,"{""success"": 24}",10.907120541087352,11.057056833058596,0.167890276,9.998217668384314,9.998217668384314,0,5.113879538606852,7.570965581922792,0,0.541833791998215,0.36706908070482314,0.14993629197124392,245762,20229,14,trace,0,0,/Users/liyu/Desktop/中文题目/A题研究/advanced_solver/runs/formal_v2/full_p3_seed17/slots/case_023/p3_n5/attempt_0001/summary.json,011cae939a55d31d79fa48c2bf0c09991cf5519085c8baf5c4c531bcefaf190d,d7ce92f047cd0c5392653337ec870229d3932d384b9ab5cd68496f59a16b4b82,24058,0.18928271293687282,20,8.515774418483488,24058,0.18928271293687282,16,6.564860293525271,24058,0.18928271293687282,12,4.225761209614575,20229,0.0,8,2.8162914178101346,20229,0.0,0,0
full_p3_seed17,full,case_024,3,2,5959,03_5001..10000,21,21,0,0,"{""success"": 21}",55.31517412501853,55.511700749979354,0.788994156,53.248568207840435,53.248568207840435,0,43.727119584800676,50.927391958772205,0,1.218665624037385,0.8479402931407094,0.19652662496082485,360009,1334413,10,trace,1,0,/Users/liyu/Desktop/中文题目/A题研究/advanced_solver/runs/formal_v2/full_p3_seed17/slots/case_024/p3_n2/attempt_0001/summary.json,907ff2925f4e81cdf7ccfb114140efa2b8ec226f5f687c93ef12f4b96cf8fdad,7be9b3ae9612d1c9407a40eed2a1bb8b8327dfe18888aa7dc087f451e6c116c4,1334426,9.742111325428127e-06,17,42.03899199992884,1334426,9.742111325428127e-06,13,30.18796241679229,1334413,0.0,9,20.627034166711383,1334413,0.0,5,12.010123124811798,1334413,0.0,0,0
full_p3_seed17,full,case_024,3,3,5959,03_5001..10000,20,20,0,0,"{""success"": 20}",50.355728000053205,50.56950687500648,0.748019036,48.30638579116203,48.30638579116203,0,38.924541209009476,46.17025266983546,0,1.2258274590130895,0.8235147498780861,0.2137788749532774,349099,953896,3,operation,1,0,/Users/liyu/Desktop/中文题目/A题研究/advanced_solver/runs/formal_v2/full_p3_seed17/slots/case_024/p3_n3/attempt_0001/summary.json,a1a965f5d672ec4c24b2410bbdb61fe39fbc41910d86817af2aa629f89a682e6,b179f1984b3818235dd5f7d1f472cae8250fff133cc726ef012586cdc74b6cb6,953896,0.0,16,38.34846345707774,953896,0.0,12,28.12809458200354,953896,0.0,8,18.478540873969905,953896,0.0,4,9.403453666018322,953896,0.0,0,0
full_p3_seed17,full,case_024,3,4,5959,03_5001..10000,20,20,0,0,"{""success"": 20}",48.04140220803674,48.22002445801627,0.775647926,45.82085533440113,45.82085533440113,0,36.43089249986224,43.60420166584663,0,1.4123718751361594,0.8081749984994531,0.1786222499795258,352250,743615,3,operation,1,0,/Users/liyu/Desktop/中文题目/A题研究/advanced_solver/runs/formal_v2/full_p3_seed17/slots/case_024/p3_n4/attempt_0001/summary.json,bf6bb732f3fd3178f05aed65741472bd6bf9c03de5dea64caa7f194873102d2b,4d17301fc703b0d1cd307a14da85509eb0f7e658bee57263d08e8265a1834b99,743615,0.0,16,36.42856391728856,743615,0.0,12,27.042919499217533,743615,0.0,8,17.885206541162916,743615,0.0,4,9.501737540937029,743615,0.0,0,0
full_p3_seed17,full,case_024,3,5,5959,03_5001..10000,21,21,0,0,"{""success"": 21}",66.73606866702903,66.95410587498918,1.052769704,63.989136295975186,63.989136295975186,0,50.952012082212605,61.44395541527774,0,1.687983041163534,1.0589493298903108,0.21803720796015114,419035,656657,21,cache,0,0,/Users/liyu/Desktop/中文题目/A题研究/advanced_solver/runs/formal_v2/full_p3_seed17/slots/case_024/p3_n5/attempt_0001/summary.json,e28828689b25acf94872bce40de9e1e144fc9ab9ceff122aefe4f39cf411a5aa,adf9acf3249909d6c2d915591ac16700ba8e1305c437de04a4c808cc0b142b84,746109,0.1362233251149383,17,53.8424431278836,656897,0.0003654876137770824,13,39.6376247939188,656897,0.0003654876137770824,9,28.516059792833403,656897,0.0003654876137770824,5,16.135184710030444,656657,0.0,0,0
full_p3_seed17,full,case_014,3,3,35705,04_>10000,24,24,0,0,"{""success"": 24}",1008.574593791971,1009.3027270839084,7.790447665,989.282587666763,989.282587666763,0,919.2700545827392,984.700005459832,0,14.242365375976078,5.049640749231912,0.7281332919374108,1726158,5963760,21,cache,0,0,/Users/liyu/Desktop/中文题目/A题研究/advanced_solver/runs/formal_v2/full_p3_seed17/slots/case_014/p3_n3/attempt_0001/summary.json,3fe9c1d17b0e6043d6c8fd8f5a7483e38116ba1289827d8fc55fb4f1ff4c44bf,60436204177d785a1ca7b8c93cb0fecca6862330c9438b341996bf41da7a22ed,5964923,0.00019501120098719404,20,898.2627625009045,5964923,0.00019501120098719404,16,678.9317658748478,5964923,0.00019501120098719404,12,434.2738491250202,5964923,0.00019501120098719404,8,302.5269782090327,5963760,0.0,0,0
full_p3_seed17,full,case_025,3,2,18662,04_>10000,17,17,0,0,"{""success"": 17}",406.1977714999812,406.4956712080166,2.51396144,397.94984783185646,397.94984783185646,0,369.83217103988864,395.0554792500334,0,5.9558692501159385,2.2920544180087745,0.297899708035402,1113248,2431840,1,component,1,0,/Users/liyu/Desktop/中文题目/A题研究/advanced_solver/runs/formal_v2/full_p3_seed17/slots/case_025/p3_n2/attempt_0001/summary.json,b747bb3e21cfff2b93911d9ff0259b365b85a41b5791750e866278a4ee2f382d,85093535ea61a07935b9d4630a9f8652d268a3de9fb3415ef0e9a72676a00ca6,2431840,0.0,13,334.7765845397953,2431840,0.0,9,225.79254428995773,2431840,0.0,5,80.6350174160907,2431840,0.0,1,16.658950166078284,2431840,0.0,0,0
full_p3_seed17,full,case_025,3,3,18662,04_>10000,18,18,0,0,"{""success"": 18}",336.9891877910122,337.2844210410258,2.796791782,328.89772541471757,328.89772541471757,0,299.8795452915365,325.99411983112805,0,5.778366583981551,2.3130957923131064,0.2952332500135526,1101599,1622164,1,component,0,0,/Users/liyu/Desktop/中文题目/A题研究/advanced_solver/runs/formal_v2/full_p3_seed17/slots/case_025/p3_n3/attempt_0001/summary.json,46458b291e5ff4b738dc2921430559d1b7d3f746287588a229dc3125f13a000e,e21ecc4a5e1bab49ea0bea3295c1fb138e61a8f4dfa0ba0fc6d73e470eba84e9,1622164,0.0,14,277.9090841647703,1622164,0.0,10,190.48631749884225,1622164,0.0,6,85.12087308277842,1622164,0.0,2,25.555422041914426,1622164,0.0,0,0
full_p3_seed17,full,case_025,3,4,18662,04_>10000,18,18,0,0,"{""success"": 18}",294.70063462492544,295.0199919589795,3.042906494,285.92932554369327,285.92932554369327,0,258.4010564163327,283.13511700031813,0,6.531734084011987,2.2395749972201884,0.3193573340540752,1040480,1217444,1,component,0,0,/Users/liyu/Desktop/中文题目/A题研究/advanced_solver/runs/formal_v2/full_p3_seed17/slots/case_025/p3_n4/attempt_0001/summary.json,06d237fd2297bb7e661defabeb9f0d515285d23afd970d0561674a3757266ecf,5b0201d0e5447f1d8b3564279a6a19db4e629584ae7fdb91db25344c617afb05,1217444,0.0,14,240.99964379379526,1217444,0.0,10,170.3135067098774,1217444,0.0,6,83.394421666977,1217444,0.0,2,25.275559125002474,1217444,0.0,0,0
full_p3_seed17,full,case_014,3,4,35705,04_>10000,24,24,0,0,"{""success"": 24}",978.3140441250289,978.7942565829726,8.083592697,952.94071637257,952.94071637257,0,879.0793147111544,947.9884817937855,0,20.297001333907247,5.076326418551616,0.4802124579437077,1730872,4517365,24,cache,0,0,/Users/liyu/Desktop/中文题目/A题研究/advanced_solver/runs/formal_v2/full_p3_seed17/slots/case_014/p3_n4/attempt_0001/summary.json,510a26b3e3ffc5bd6991df3b2a3b7aed7eb37885e672adcb39b9443bca6004c7,0f25be756fcc9bd35e81731a404a74daf17790ef6d52a8adc6cd852ebe2744be,4526148,0.0019442750364426775,20,843.8308029136388,4526148,0.0019442750364426775,16,614.3575912896777,4526148,0.0019442750364426775,12,376.6194135817932,4526148,0.0019442750364426775,8,250.99937608395703,4517365,0.0,0,0
full_p3_seed17,full,case_025,3,5,18662,04_>10000,24,24,0,0,"{""success"": 24}",350.4427782089915,350.7477632500231,2.843827665,338.38844687480014,338.38844687480014,0,304.80931012367364,334.7079551217612,0,9.282180708833039,2.7721506253583357,0.30498504103161395,999382,974747,19,trace,0,0,/Users/liyu/Desktop/中文题目/A题研究/advanced_solver/runs/formal_v2/full_p3_seed17/slots/case_025/p3_n5/attempt_0001/summary.json,ffa5182762fa5a259cd9153c16ef20549d8bb9f9b118bc0fbfb3c9756ea8066b,af7b4dda7f900960edd80cbab8b9fd1b2d90257f363dde1191bac7ee828977ae,975282,0.0005488603709475903,20,289.4919547487516,975282,0.0005488603709475903,16,211.8068473318126,975282,0.0005488603709475903,12,123.13412074896041,974750,3.077721706157277e-06,8,72.38201170798857,974747,0.0,0,0
full_p3_seed17,full,case_026,3,2,636,01_<=1000,24,24,0,0,"{""success"": 24}",7.313791416934691,7.465220124926418,0.099833361,6.85893482749816,6.85893482749816,0,2.7185118751367554,4.560683919000439,0,0.16451820905786008,0.290338380378671,0.1514287079917267,205097,57387,17,trace,0,0,/Users/liyu/Desktop/中文题目/A题研究/advanced_solver/runs/formal_v2/full_p3_seed17/slots/case_026/p3_n2/attempt_0001/summary.json,eb612204f67b58774e7cc17dd77dcc15873a85c701e119268a1e2375e7324a3e,9a2321883e87745866a58f697f2e1d570fe427c62f60127ad1139bbbc3bf8d2c,58112,0.012633523271821101,20,5.86577691254206,58112,0.012633523271821101,16,4.564965371624567,58112,0.012633523271821101,12,3.1155448318459094,57522,0.0023524491609598908,8,1.9778578338446096,57387,0.0,0,0
full_p3_seed17,full,case_026,3,3,636,01_<=1000,24,24,0,0,"{""success"": 24}",7.920219082967378,8.075966875068843,0.108372584,7.400650459690951,7.400650459690951,0,2.9750260817818344,5.003029253100976,0,0.21252366586122662,0.30704495741520077,0.15574779210146517,218368,41655,1,component,0,0,/Users/liyu/Desktop/中文题目/A题研究/advanced_solver/runs/formal_v2/full_p3_seed17/slots/case_026/p3_n3/attempt_0001/summary.json,13d366a5a4185f51aeefccbc2490123df3f738b5ca2206570b3ae87e677ef14c,4a03f3f1f9fbd0496a6f621d5b0012e6b2b42b1636613bba68d8b1b4d513fa5a,41655,0.0,20,6.214536751736887,41655,0.0,16,4.777661042753607,41655,0.0,12,3.1403244176181033,41655,0.0,8,2.1277641258202493,41655,0.0,0,0
full_p3_seed17,full,case_026,3,4,636,01_<=1000,24,24,0,0,"{""success"": 24}",7.903277458040975,8.055899208993651,0.106898734,7.322871958720498,7.322871958720498,0,2.950617958791554,4.909839002066292,0,0.26810258300974965,0.3123029163107276,0.15262175095267594,232913,41792,24,cache,0,0,/Users/liyu/Desktop/中文题目/A题研究/advanced_solver/runs/formal_v2/full_p3_seed17/slots/case_026/p3_n4/attempt_0001/summary.json,9d522f8852a8a687dc4321c3e08ab78f6ad180a3859953b4d102b27fa4a6e323,197913148852fa420cf5dd673d24a6f2d5173aa5f5998ac4c576edb836fc828f,42208,0.009954058192955584,20,6.301301375729963,42208,0.009954058192955584,16,4.797688124817796,42208,0.009954058192955584,12,3.231529332813807,42208,0.009954058192955584,8,2.2545684169745073,41792,0.0,0,0
full_p3_seed17,full,case_026,3,5,636,01_<=1000,24,24,0,0,"{""success"": 24}",8.68071195797529,8.839484000112861,0.13943311,7.996126290760003,7.996126290760003,0,3.476969252107665,5.629177168011665,0,0.3504748740233481,0.3341107931919396,0.15877204213757068,245679,26735,24,cache,0,0,/Users/liyu/Desktop/中文题目/A题研究/advanced_solver/runs/formal_v2/full_p3_seed17/slots/case_026/p3_n5/attempt_0001/summary.json,06eb4cac24b0633371464e05cb92b2f2eedf28d11b5dbbf904f30597de0b9268,27afde4888decf8556bbed50d4d4a102bc9d14da2bac4c1871af70d42bea6545,43074,0.6111464372545352,20,7.002900622901507,39749,0.4867776323171873,16,5.559493830893189,39749,0.4867776323171873,12,3.9023618329083547,32588,0.21892650084159349,8,2.653262040927075,26735,0.0,0,0
full_p3_seed17,full,case_027,3,2,1424,02_1001..5000,15,15,0,0,"{""success"": 15}",10.699478083988652,10.855853916029446,0.168952867,10.062329415115528,10.062329415115528,0,6.135551623767242,8.366781208314933,0,0.37121195683721453,0.2659367120359093,0.1563758320407942,183163,1120962,1,component,0,0,/Users/liyu/Desktop/中文题目/A题研究/advanced_solver/runs/formal_v2/full_p3_seed17/slots/case_027/p3_n2/attempt_0001/summary.json,e55e198fb47267ac4011f168ab936d070e306ac99aaa20b43e2c433356d44d3e,2f7125328e9b7b84cc7b55454f36bf2c2a3fa6cc2fb744e16e3a192c05c335e3,1120962,0.0,11,7.634637915063649,1120962,0.0,7,4.421019957168028,1120962,0.0,3,1.8698030831292272,1120962,0.0,0,0,1120962,0.0,0,0
full_p3_seed17,full,case_027,3,3,1424,02_1001..5000,20,20,0,0,"{""success"": 20}",15.66100370802451,15.825760333100334,0.282465928,14.543413502629846,14.543413502629846,0,9.153652920154855,12.470350834191777,0,0.7403659991687164,0.37722420622594655,0.16475662507582456,247155,761753,19,cache,0,0,/Users/liyu/Desktop/中文题目/A题研究/advanced_solver/runs/formal_v2/full_p3_seed17/slots/case_027/p3_n3/attempt_0001/summary.json,f179151e44e89ec440679fc860add94ec7f9df947418513b54f8b7c60fc8b8c1,b1a8118d5c6d81fc772b7e79f511652fa4d6fe150094b6cc996136f2ea702b60,837049,0.09884568882564304,16,12.09311858471483,763106,0.0017761662901230046,12,8.740215667756274,763106,0.0017761662901230046,8,5.805460125906393,763106,0.0017761662901230046,4,2.934807792888023,761753,0.0,0,0
full_p3_seed17,full,case_027,3,4,1424,02_1001..5000,15,15,0,0,"{""success"": 15}",10.7585812920006,10.929236500058323,0.186845366,9.590729501680471,9.590729501680471,0,5.814923290978186,8.001395169179887,0,0.902521250071004,0.26533054024912417,0.17065520805772394,187822,559196,1,component,0,0,/Users/liyu/Desktop/中文题目/A题研究/advanced_solver/runs/formal_v2/full_p3_seed17/slots/case_027/p3_n4/attempt_0001/summary.json,35230e1c8e8529da7a04a9229963b99adaf72c95a43f3c32728651228e790400,6cd556b13db97e0883a63fd77f600f9697da1b665e6f3375c421a96a5fa3302d,559196,0.0,11,7.442698626895435,559196,0.0,7,4.215933085069992,559196,0.0,3,1.8348491250071675,559196,0.0,0,0,559196,0.0,0,0
full_p3_seed17,full,case_027,3,5,1424,02_1001..5000,22,22,0,0,"{""success"": 22}",20.11560808296781,20.290812292019837,0.373529104,18.353676998754963,18.353676998754963,0,11.806522667058744,15.97275337553583,0,1.330320375971496,0.43161070824135095,0.17520420905202627,263373,448117,19,cache,0,0,/Users/liyu/Desktop/中文题目/A题研究/advanced_solver/runs/formal_v2/full_p3_seed17/slots/case_027/p3_n5/attempt_0001/summary.json,60956cad96b95cff4e086740d2e9896de1903e2032aceed9544620109fb61396,9cca2d2a0d18f92a51c33dfbc84a29b32927434d62ed87507451ed4fe92a2c58,558753,0.2468908789445614,18,15.861006582854316,469765,0.04830881220752614,14,12.265754583058879,449338,0.002724734834875786,10,8.656543541117571,449338,0.002724734834875786,6,5.207752208109014,448117,0.0,0,0
full_p3_seed17,full,case_028,3,2,19584,04_>10000,24,24,0,0,"{""success"": 24}",520.9202286249492,521.2227953340625,4.458474015,512.805872747791,512.805872747791,0,474.2704859173391,509.2824634567369,0,5.110923000029288,3.003432877128944,0.3025667091133073,995107,20165023,24,cache,0,0,/Users/liyu/Desktop/中文题目/A题研究/advanced_solver/runs/formal_v2/full_p3_seed17/slots/case_028/p3_n2/attempt_0001/summary.json,ed4ac75283a5efa8d301db8090f22e1564c02289cb3f5822be10314fb7331496,df8657b35c7104d02e0eb3d20bbc94ff87c25b66df69f511e4bb79c30f64d205,23615145,0.17109437465060173,20,449.34331037383527,20958279,0.039338214491498436,16,354.18287858192343,20829063,0.03293028726027236,12,265.0405160411028,20827998,0.032877473038339655,8,180.58264037501067,20165023,0.0,0,0
full_p3_seed17,full,case_014,3,5,35705,04_>10000,24,24,0,0,"{""success"": 24}",844.352410334046,844.8494546660222,9.005561838,817.9310012080241,817.9310012080241,0,744.0197917514015,813.2786108368309,0,21.239653166150674,5.181755959871225,0.49704433197621256,1735003,3698171,24,cache,0,0,/Users/liyu/Desktop/中文题目/A题研究/advanced_solver/runs/formal_v2/full_p3_seed17/slots/case_014/p3_n5/attempt_0001/summary.json,c915a85d78da435bddcd8ba03a575086189f8dfba7a0a6a8ad92bc964cfb8584,0558e51e803ef9a59daa9367af29f1ac7e670280b6e17560868772e8a94f1e88,3700752,0.0006979125627235572,20,727.1425480000908,3700752,0.0006979125627235572,16,532.6357531250687,3700752,0.0006979125627235572,12,321.5357969991164,3700752,0.0006979125627235572,8,214.34000845707487,3698171,0.0,0,0
full_p3_seed17,full,case_029,3,2,861,01_<=1000,21,21,0,0,"{""success"": 21}",9.237795040942729,9.419413708033971,0.132988979,8.753103960072622,8.753103960072622,0,4.307660830905661,6.402089587063529,0,0.1842505409149453,0.3004405399551615,0.18161866709124297,188148,19740,1,component,0,0,/Users/liyu/Desktop/中文题目/A题研究/advanced_solver/runs/formal_v2/full_p3_seed17/slots/case_029/p3_n2/attempt_0001/summary.json,f0c40d7328a6833abc2a15ae4c848764889e43d0d499bd28779a10f8eea1b6c2,45401b8132972dc105956c470798a896667d4a79268b72deb5b1e66d3ff0549c,19740,0.0,17,7.0427875011228025,19740,0.0,13,5.149589334148914,19740,0.0,9,3.111410917248577,19740,0.0,5,1.775162709178403,19740,0.0,0,0
full_p3_seed17,full,case_029,3,3,861,01_<=1000,15,15,0,0,"{""success"": 15}",6.98078512493521,7.131033874931745,0.12464646,6.476386166759767,6.476386166759767,0,3.259219500934705,4.926614666124806,0,0.2747277490561828,0.2296712091192603,0.15024874999653548,153597,12743,1,component,0,0,/Users/liyu/Desktop/中文题目/A题研究/advanced_solver/runs/formal_v2/full_p3_seed17/slots/case_029/p3_n3/attempt_0001/summary.json,84439aedc8331201f5df8cd4c4e201c4a23e06fc8513c403151f8dfec330055a,2332de100a4b42e143bc67f0fff052d36af550c7ce1e8ce418b5dcaf7c5e1992,12743,0.0,11,5.070837457780726,12743,0.0,7,3.081030375789851,12743,0.0,3,1.0206834168639034,12743,0.0,0,0,12743,0.0,0,0
full_p3_seed17,full,case_029,3,4,861,01_<=1000,21,21,0,0,"{""success"": 21}",9.385005457908846,9.553074207971804,0.139986749,8.826597330975346,8.826597330975346,0,4.2669111660216,6.486156415892765,0,0.24757416709326208,0.3108339598402381,0.1680687500629574,196171,11028,1,component,0,0,/Users/liyu/Desktop/中文题目/A题研究/advanced_solver/runs/formal_v2/full_p3_seed17/slots/case_029/p3_n4/attempt_0001/summary.json,7d0ed288b58db17306bbbbfaa69fed0e54e62286370822d4513a6f5f401f6b8e,2b75b6adfcece258ce9f00479843e351351153f3d8f18637991e2f9ae33eb40c,11028,0.0,17,7.3717774549731985,11028,0.0,13,5.394918040139601,11028,0.0,9,3.1079652480548248,11028,0.0,5,1.7034377900417894,11028,0.0,0,0
full_p3_seed17,full,case_029,3,5,861,01_<=1000,21,21,0,0,"{""success"": 21}",9.530243166023865,9.71867716696579,0.168093301,8.895572708919644,8.895572708919644,0,4.4156950858887285,6.694792418042198,0,0.29767937504220754,0.33699108206201345,0.18843400094192475,200106,9383,1,component,0,0,/Users/liyu/Desktop/中文题目/A题研究/advanced_solver/runs/formal_v2/full_p3_seed17/slots/case_029/p3_n5/attempt_0001/summary.json,371544c9012d077cf1b346f750c0f5edec8d7be63788247465762756a420eba6,678ce5ce056d61a79a03b4325f4e2c0daba060991629cdd4040e90f4330bbe9b,9383,0.0,17,7.50465891812928,9383,0.0,13,5.507249417016283,9383,0.0,9,3.061957875150256,9383,0.0,5,1.7626347511541098,9383,0.0,0,0
full_p3_seed17,full,case_030,3,2,10070,04_>10000,24,24,0,0,"{""success"": 24}",160.4208082080586,160.6522361249663,1.769832097,156.1289795031771,156.1289795031771,0,137.4714057071833,153.25190999999177,0,2.852312876144424,1.4395158287370577,0.23142791690770537,621073,1400653,21,cache,0,0,/Users/liyu/Desktop/中文题目/A题研究/advanced_solver/runs/formal_v2/full_p3_seed17/slots/case_030/p3_n2/attempt_0001/summary.json,eb5bd77c7de5edee7cf571cae7b8685686d42f88151ab0d5a0d1b79f76388e13,c636d95a720ad8fd9bf2413c8c8954d26a4ca9ce9c434edbd757f0c62b7a4c49,1401687,0.0007382270983604666,20,138.38590441923589,1401687,0.0007382270983604666,16,99.99335271015298,1401687,0.0007382270983604666,12,59.6131771679502,1400773,8.567432476147552e-05,8,37.28416333615314,1400653,0.0,0,0
full_p3_seed17,full,case_028,3,3,19584,04_>10000,24,24,0,0,"{""success"": 24}",388.2574587910203,388.6210494999541,3.204847372,378.6424492931692,378.6424492931692,0,348.1904300857568,374.91080325003713,0,6.422768626129255,3.1922408717218786,0.36359070893377066,999575,13770285,24,cache,0,0,/Users/liyu/Desktop/中文题目/A题研究/advanced_solver/runs/formal_v2/full_p3_seed17/slots/case_028/p3_n3/attempt_0001/summary.json,24f711a3067e41f8a927c6d37a463bd81bc047c87053816ed39d6fd3e9c1f17f,c112672c8c7fc86105d06282d85473f9f76752c900e3962964219fdc7320ff29,16770711,0.21789135083260813,20,316.71419529418927,13913188,0.010377635611753755,16,252.23839154315647,13901624,0.009537856333401873,12,179.17585808516014,13872444,0.0074188007002033984,8,119.53765916812699,13770285,0.0,0,0
full_p3_seed17,full,case_030,3,3,10070,04_>10000,24,24,0,0,"{""success"": 24}",153.449266584008,153.94590900000185,1.964523054,147.87256937136408,147.87256937136408,0,127.22546787397005,144.63142533425707,0,3.9639378760475665,1.6127593365963548,0.49664241599384695,624347,933201,24,cache,0,0,/Users/liyu/Desktop/中文题目/A题研究/advanced_solver/runs/formal_v2/full_p3_seed17/slots/case_030/p3_n3/attempt_0001/summary.json,358ea70559c16e69b9d5a922ba483879ebed67b921628904dbbccfdd377d4d4e,c544b45c905a0361c3850055b6a9224287275dd4d975717a4dba66a0c55f5803,933236,3.750531771817833e-05,20,130.80145124613773,933236,3.750531771817833e-05,16,94.53410941315815,933236,3.750531771817833e-05,12,55.76269412320107,933236,3.750531771817833e-05,8,35.866541706142016,933201,0.0,0,0
full_p3_seed17,full,case_030,3,4,10070,04_>10000,18,18,0,0,"{""success"": 18}",128.95698662498035,129.209877749905,1.633521976,123.0142465432873,123.0142465432873,0,105.6450673781801,120.60642166889738,0,4.691763207898475,1.2509768737945706,0.25289112492464483,589646,699914,16,cache,0,0,/Users/liyu/Desktop/中文题目/A题研究/advanced_solver/runs/formal_v2/full_p3_seed17/slots/case_030/p3_n4/attempt_0001/summary.json,cfe5a6652e631530bcdd2e016e8e3e3452d0af5e2187f8817d7ab22b27204537,a0ba68a86e7b454e49a35cb0935e469ca2fd50daa7b2ae72068dc342362cb2d2,700156,0.0003457567644025161,14,107.2468943343265,700156,0.0003457567644025161,10,73.47607654123567,700156,0.0003457567644025161,6,34.130992625141516,699914,0.0,2,12.431377125089057,699914,0.0,0,0
full_p3_seed17,full,case_030,3,5,10070,04_>10000,18,18,0,0,"{""success"": 18}",127.71924200002104,127.94355783308856,1.577774969,120.4621636250522,120.4621636250522,0,102.80965620710049,118.11144916259218,0,6.018279458163306,1.2387989168055356,0.22431583306752145,592237,560819,15,cache,0,0,/Users/liyu/Desktop/中文题目/A题研究/advanced_solver/runs/formal_v2/full_p3_seed17/slots/case_030/p3_n5/attempt_0001/summary.json,1ccfa24c638164d05afe2d33f25f359a219ee1de4ee67a1301cbd355447249a7,c5392810bb534be4b5cf860fdebe090781aabfd62cc06f4da769e90f2e6644c1,560897,0.0001390823064126856,14,103.14292412507348,560897,0.0001390823064126856,10,66.92275620799046,560897,0.0001390823064126856,6,29.025641915970482,560819,0.0,2,8.894938249024563,560819,0.0,0,0
full_p3_seed17,full,case_031,3,2,6135,03_5001..10000,24,24,0,0,"{""success"": 24}",74.54324308398645,74.7389900839189,0.949581137,72.22172291798051,72.22172291798051,0,60.220936998259276,69.46887958387379,0,1.3927047909237444,0.9288153750821948,0.19574699993245304,447223,727756,21,cache,0,0,/Users/liyu/Desktop/中文题目/A题研究/advanced_solver/runs/formal_v2/full_p3_seed17/slots/case_031/p3_n2/attempt_0001/summary.json,7e7ab3b8a69a92265215753b742e8ee22fcc5edf157974fcb9a34de71410e78a,92d101eb1c7c0059edf865f1ee7e7be56584aff140785c37867bf0f2ef3be5e2,728082,0.0004479523356728521,20,64.31548983510584,728082,0.0004479523356728521,16,49.65734471019823,728082,0.0004479523356728521,12,32.31524091830943,728082,0.0004479523356728521,8,21.632941834279336,727756,0.0,0,0
full_p3_seed17,full,case_031,3,3,6135,03_5001..10000,24,24,0,0,"{""success"": 24}",72.15411883406341,72.33932570798788,0.992444667,69.25943500106223,69.25943500106223,0,56.541263666935265,66.50445175112691,0,1.9782966260099784,0.9163872069912031,0.18520687392447144,451705,484869,21,cache,0,0,/Users/liyu/Desktop/中文题目/A题研究/advanced_solver/runs/formal_v2/full_p3_seed17/slots/case_031/p3_n3/attempt_0001/summary.json,61bf00f9b83d4c5f17715bd51f362a888e28edb3eed07d17e6c77f3a0f0df048,d4fcfbfeadaefdfd4dc2f6ebd3bf2d53f0bb96ec6b0c414d6344f96057bc1ebb,485046,0.00036504705394646564,20,61.1386910850415,485046,0.00036504705394646564,16,44.485439543030225,485046,0.00036504705394646564,12,26.83495166688226,485046,0.00036504705394646564,8,17.908124540932477,484869,0.0,0,0
full_p3_seed17,full,case_028,3,4,19584,04_>10000,24,24,0,0,"{""success"": 24}",498.05027783301193,498.3600248750299,4.368072989,486.91398733411916,486.91398733411916,0,440.6280826666625,483.2203565790551,0,7.973758041043766,3.162532457849011,0.30974704201798886,1003568,10445977,24,cache,0,0,/Users/liyu/Desktop/中文题目/A题研究/advanced_solver/runs/formal_v2/full_p3_seed17/slots/case_028/p3_n4/attempt_0001/summary.json,43ecd2a65c62c7e01da71a80cc5fac7f6440844724befd72e6167db8a3df113b,54f02ba00e20701b71e901bb9930a5b41d834f57b744873c02cb6fbe3275b3bd,13585418,0.30054067704724985,20,433.8037373330444,10520924,0.007174723819514339,16,351.4172719590133,10520924,0.007174723819514339,12,257.81338958407287,10517882,0.0068835112311658175,8,169.3118550000945,10445977,0.0,0,0
full_p3_seed17,full,case_031,3,4,6135,03_5001..10000,24,24,0,0,"{""success"": 24}",64.27310566708911,64.45734750002157,0.951911522,61.04605275078211,61.04605275078211,0,49.24378829204943,58.53332487307489,0,2.362674832926132,0.8643780833808705,0.18424183293245733,456178,394555,21,cache,0,0,/Users/liyu/Desktop/中文题目/A题研究/advanced_solver/runs/formal_v2/full_p3_seed17/slots/case_031/p3_n4/attempt_0001/summary.json,23689b2abc03ecf9948cf7b1d9b3b84c97af26717e7af6cbf1840f572a0af72e,187fa0e497ee80996e6a62b0668b874380ab634ce3a6061fc1dceef37c01f476,394564,2.2810508040649324e-05,20,53.500242291833274,394564,2.2810508040649324e-05,16,40.117520250729285,394564,2.2810508040649324e-05,12,24.344214874785393,394564,2.2810508040649324e-05,8,16.292606708826497,394555,0.0,0,0
full_p3_seed17,full,case_031,3,5,6135,03_5001..10000,24,24,0,0,"{""success"": 24}",70.86329779098742,71.0346954590641,1.089481361,66.92625704221427,66.92625704221427,0,53.83410774799995,64.24280128884129,0,3.069570957799442,0.8674697909737006,0.1713976680766791,345954,305055,19,trace,0,0,/Users/liyu/Desktop/中文题目/A题研究/advanced_solver/runs/formal_v2/full_p3_seed17/slots/case_031/p3_n5/attempt_0001/summary.json,728af076a1834069820af402ade6b8ffce04c3ae8b52d81ebc2be8d63a860b8e,e1b4fa5855b0f8ba0de99edf93b0c8af09d1dec8740bfd7850b3c005d0ccdd7a,306213,0.003796036780252754,20,59.75445370818488,306213,0.003796036780252754,16,42.76710337435361,306213,0.003796036780252754,12,26.45762579026632,305835,0.0025569159659732943,8,17.723129916237667,305055,0.0,0,0
full_p3_seed17,full,case_032,3,2,827,01_<=1000,24,24,0,0,"{""success"": 24}",9.547359792049974,9.716634000069462,0.140755269,8.947362709091976,8.947362709091976,0,4.184531459119171,6.454059163108468,0,0.22753591591026634,0.3724611670477316,0.16927420801948756,214432,17616,14,trace,0,0,/Users/liyu/Desktop/中文题目/A题研究/advanced_solver/runs/formal_v2/full_p3_seed17/slots/case_032/p3_n2/attempt_0001/summary.json,a84ffb17c99e4f6e7d90f9c07e98f27ecabe07df176ad5636b5f412c0cb3f804,7b352e97bf7d992b2f7fe70df48b71837bb4b247e3dc178d59ad545951ba26cd,17690,0.0042007266121708575,20,7.7210232929792255,17690,0.0042007266121708575,16,6.004432168090716,17690,0.0042007266121708575,12,4.074588126153685,17616,0.0,8,2.5626896270550787,17616,0.0,0,0
full_p3_seed17,full,case_032,3,3,827,01_<=1000,24,24,0,0,"{""success"": 24}",10.501754291937687,10.670068625011481,0.158091807,9.838629374862649,9.838629374862649,0,4.576905041118152,6.970817041001283,0,0.3263146250974387,0.33681029197759926,0.16831433307379484,216072,11874,4,component,0,0,/Users/liyu/Desktop/中文题目/A题研究/advanced_solver/runs/formal_v2/full_p3_seed17/slots/case_032/p3_n3/attempt_0001/summary.json,8d594a1fad585033c2f92e1ef304401b995520710f797109172ebb0384ae1030,0578639d12cb5b8dff75bb91266171c767ba0c7e58176be5d9e9c5dd87c600bd,11874,0.0,20,8.358760917093605,11874,0.0,16,6.634327376144938,11874,0.0,12,4.693255919031799,11874,0.0,8,3.298055751132779,11874,0.0,0,0
full_p3_seed17,full,case_032,3,4,827,01_<=1000,24,24,0,0,"{""success"": 24}",9.376620583003387,9.542197540984489,0.140922979,8.65629691677168,8.65629691677168,0,3.946117705781944,6.1855464179534465,0,0.4023974988376722,0.31792616739403456,0.16557695798110217,229322,9917,24,cache,0,0,/Users/liyu/Desktop/中文题目/A题研究/advanced_solver/runs/formal_v2/full_p3_seed17/slots/case_032/p3_n4/attempt_0001/summary.json,98fed8bae124294a5f28072aa19ef52841fc6a3bc4b15e062dd37f5867a318c7,d1eec4ac2c695a8bd4a5f066c764c6f891c8ff60ff1c5f64aabc198777512b50,10285,0.037107996369869944,20,7.388540126732551,10285,0.037107996369869944,16,5.572184167802334,10285,0.037107996369869944,12,3.5705885018687695,10285,0.037107996369869944,8,2.3926449179416522,9917,0.0,0,0
full_p3_seed17,full,case_032,3,5,827,01_<=1000,24,24,0,0,"{""success"": 24}",8.942790207918733,9.08994450001046,0.139890533,8.197782457224093,8.197782457224093,0,3.801798749133013,5.944211749942042,0,0.4117438319372013,0.33326391875743866,0.14715429209172726,235410,10314,23,cache,0,0,/Users/liyu/Desktop/中文题目/A题研究/advanced_solver/runs/formal_v2/full_p3_seed17/slots/case_032/p3_n5/attempt_0001/summary.json,25658d2735c8a33f651586c8b748af9c2757783f5d9aeba195e395f1c0f9eca8,2460aeed242004e17457184923ec485d50658f13ad6a766c1162b9b8d3b796b3,10377,0.00610820244328103,20,7.105874582193792,10377,0.00610820244328103,16,5.431593791116029,10377,0.00610820244328103,12,3.595052249962464,10377,0.00610820244328103,8,2.359540707897395,10314,0.0,0,0
full_p3_seed17,full,case_033,3,2,3465,02_1001..5000,24,24,0,0,"{""success"": 24}",41.2618561249692,41.44226050004363,0.733195968,39.746598918223754,39.746598918223754,0,30.276712501770817,37.06791233434342,0,0.9171272089006379,0.5981299978448078,0.1804043750744313,344391,896894,24,cache,0,0,/Users/liyu/Desktop/中文题目/A题研究/advanced_solver/runs/formal_v2/full_p3_seed17/slots/case_033/p3_n2/attempt_0001/summary.json,28f173d0ec3af4e31f2466a119884dc12aa9145fa1123d7fc67f210d6812dbf0,c3026a803348d951c454aaf968f7d4476afc873a86186b2fc1c486ca3b16620e,898831,0.002159675502344749,20,35.11347820924129,898831,0.002159675502344749,16,26.88431979320012,898831,0.002159675502344749,12,17.9960417522816,898831,0.002159675502344749,8,11.648510918254033,896894,0.0,0,0
full_p3_seed17,full,case_033,3,3,3465,02_1001..5000,24,24,0,0,"{""success"": 24}",41.96837933396455,42.15439125010744,0.689820953,40.071071542217396,40.071071542217396,0,30.397758503095247,37.50994712288957,0,1.2811067079892382,0.6162010837579146,0.18601191614288837,348592,601395,24,cache,0,0,/Users/liyu/Desktop/中文题目/A题研究/advanced_solver/runs/formal_v2/full_p3_seed17/slots/case_033/p3_n3/attempt_0001/summary.json,9826fdd71354a1c6dc7037d031c6c2888da39e816b4c777ca00b88239230c400,2cb47a3aa8a70a8ab31c0b49ef6387bddc899c42a5dd1a323a8dd917357842d9,606132,0.00787668670341457,20,35.12733004218899,606132,0.00787668670341457,16,25.77823737624567,606132,0.00787668670341457,12,15.773117042146623,605987,0.007635580608418735,8,10.314706458011642,601395,0.0,0,0
full_p3_seed17,full,case_033,3,4,3465,02_1001..5000,24,24,0,0,"{""success"": 24}",38.17958583298605,38.36765170900617,0.658716301,36.01750337390695,36.01750337390695,0,26.952495541772805,33.66218937607482,0,1.5560021239798516,0.6060803350992501,0.1880658760201186,352759,456091,21,cache,0,0,/Users/liyu/Desktop/中文题目/A题研究/advanced_solver/runs/formal_v2/full_p3_seed17/slots/case_033/p3_n4/attempt_0001/summary.json,d28db550151eb7666032ddaa616568f19fcbe67d832ce4682d882fe3526ffa63,25756b70fd76f7faaecb550509b810a40ac79f3f60c1bda4806a53f01c638be5,458527,0.0053410393978394755,20,31.584233208093792,458527,0.0053410393978394755,16,23.14894925011322,458527,0.0053410393978394755,12,14.27367879205849,458527,0.0053410393978394755,8,9.14778645907063,456091,0.0,0,0
full_p3_seed17,full,case_033,3,5,3465,02_1001..5000,24,24,0,0,"{""success"": 24}",38.41998179105576,38.584783583995886,0.673324529,35.871645669220015,35.871645669220015,0,26.60267983051017,33.39875974832103,0,1.938797457027249,0.6095386648084968,0.16480179294012487,357537,368435,24,cache,0,0,/Users/liyu/Desktop/中文题目/A题研究/advanced_solver/runs/formal_v2/full_p3_seed17/slots/case_033/p3_n5/attempt_0001/summary.json,b27bcb3b388e71609db62d20bf65a9e51d811a5ac88312a81a2361d5b153dcb6,ee8bbcd4bcc91a3377bdcf2149e86c4be87e61444dd6ec1adaf79a9029b4be90,371506,0.008335255879598824,20,31.680929003166966,371506,0.008335255879598824,16,23.120792502188124,371506,0.008335255879598824,12,13.80216075014323,371506,0.008335255879598824,8,8.923437792109326,368435,0.0,0,0
full_p3_seed17,full,case_034,3,2,3745,02_1001..5000,24,24,0,0,"{""success"": 24}",39.00218504201621,39.166936916066334,0.579932768,37.40200841729529,37.40200841729529,0,29.006602748762816,35.03534925112035,0,0.9814471660647541,0.618729458656162,0.16475187405012548,359685,389601,21,cache,0,0,/Users/liyu/Desktop/中文题目/A题研究/advanced_solver/runs/formal_v2/full_p3_seed17/slots/case_034/p3_n2/attempt_0001/summary.json,43cbc099013e0bd9c59341fa6e64564f2b539cb8e49efd5b5a477db1f900b47f,66af230f236088cbd0068b5a9f1d035b76d397a175e00f91d0b49a1c95d89715,393192,0.009217122132643363,20,32.84913945838343,393192,0.009217122132643363,16,24.549278292339295,393192,0.009217122132643363,12,15.30881041730754,393192,0.009217122132643363,8,10.050890501239337,389601,0.0,0,0
full_p3_seed17,full,case_034,3,3,3745,02_1001..5000,24,24,0,0,"{""success"": 24}",40.387965583009645,40.56060625007376,0.621640098,38.44241304777097,38.44241304777097,0,29.448649919824675,36.064442334813066,0,1.309334793011658,0.6362177422270179,0.1726406670641154,362868,264333,21,cache,0,0,/Users/liyu/Desktop/中文题目/A题研究/advanced_solver/runs/formal_v2/full_p3_seed17/slots/case_034/p3_n3/attempt_0001/summary.json,2005fa49e37334c38be57111f3052b91fdafa13848ce9e27cf6c93644ae5cd89,3b410614c745e11b065200691930437415dc9264c4578defe6c94fdbd9346e01,267219,0.010918046554913685,20,33.889347837888636,267219,0.010918046554913685,16,25.189290669979528,267219,0.010918046554913685,12,15.311250293976627,267219,0.010918046554913685,8,9.711876126006246,264333,0.0,0,0
full_p3_seed17,full,case_028,3,5,19584,04_>10000,24,24,0,0,"{""success"": 24}",429.0123432499822,429.29824999999255,4.510891835,417.78062470897567,417.78062470897567,0,373.5352758739609,414.36408475087956,0,8.27528937603347,2.9564291649730876,0.2859067500103265,1011354,8300936,21,cache,0,0,/Users/liyu/Desktop/中文题目/A题研究/advanced_solver/runs/formal_v2/full_p3_seed17/slots/case_028/p3_n5/attempt_0001/summary.json,7f8e656a1b0541bbd57072be2addcd3438d4afe79c428d979801bbb43c7e62a5,bdea9edb4db228418255b0f48fe57879da04743343bd5fbe8043be122ced6a68,11450794,0.3794581719459107,20,372.45061545900535,8404538,0.012480761205724278,16,299.26436899998225,8404538,0.012480761205724278,12,228.06102316698525,8404515,0.012477990433849895,8,150.74688920995686,8300936,0.0,0,0
full_p3_seed17,full,case_034,3,4,3745,02_1001..5000,24,24,0,0,"{""success"": 24}",39.718894958961755,39.89220850006677,0.678211734,37.38404433103278,37.38404433103278,0,28.163686208892614,34.91500804084353,0,1.6951764170080423,0.6396742109209299,0.17331354110501707,367180,206482,21,cache,0,0,/Users/liyu/Desktop/中文题目/A题研究/advanced_solver/runs/formal_v2/full_p3_seed17/slots/case_034/p3_n4/attempt_0001/summary.json,30677ea60b724cd498c741aa0aaa7f16c0c74684d423529baf46608810b57806,64f52e52575eda6c830bd03b63ec751da655f25000d5b44c22d10b81e0c088d5,207485,0.004857566276963654,20,32.90665187314153,207485,0.004857566276963654,16,24.633395832264796,207485,0.004857566276963654,12,15.192792124347761,207485,0.004857566276963654,8,9.965420916327275,206482,0.0,0,0
full_p3_seed17,full,case_035,3,2,3857,02_1001..5000,21,21,0,0,"{""success"": 21}",27.930549041950144,28.097661665990017,0.3898751,26.714193834806792,26.714193834806792,0,20.393431290751323,24.528023291146383,0,0.6985217920737341,0.5178334150696173,0.16711262403987348,252009,92625,16,trace,0,0,/Users/liyu/Desktop/中文题目/A题研究/advanced_solver/runs/formal_v2/full_p3_seed17/slots/case_035/p3_n2/attempt_0001/summary.json,ce91ddc7b292ccb9f269c86f632e4576c9a789e719b2a84daa068798e2f1e4eb,f947eee73c6ac222646e97fd7c1ee37284d37fa08924e0811c5ae88e6b7f8292,95406,0.030024291497975808,17,22.721764667890966,95406,0.030024291497975808,13,16.780429376056418,95406,0.030024291497975808,9,9.801905457978137,92625,0.0,5,5.497235417948104,92625,0.0,0,0
full_p3_seed17,full,case_034,3,5,3745,02_1001..5000,24,24,0,0,"{""success"": 24}",41.09562466701027,41.289566791034304,0.693834873,38.31284962606151,38.31284962606151,0,28.962401872733608,35.92525716929231,0,2.0993274599313736,0.6834475810173899,0.19394212402403355,371163,163557,21,cache,0,0,/Users/liyu/Desktop/中文题目/A题研究/advanced_solver/runs/formal_v2/full_p3_seed17/slots/case_034/p3_n5/attempt_0001/summary.json,17227b27932e0da61be261f0d9f4d499fffa270a614d15ed77c8efe1a54af335,9e83d64cc6c19c74f3774877ec420d2a7901b6d53bf9fcc2c400e6dc140454b5,167484,0.024009978172747193,20,33.84066420805175,167484,0.024009978172747193,16,24.91132049902808,167484,0.024009978172747193,12,14.62629279110115,167024,0.021197503011182617,8,9.772544917068444,163557,0.0,0,0
full_p3_seed17,full,case_035,3,3,3857,02_1001..5000,21,21,0,0,"{""success"": 21}",27.551726792007685,27.709056208957918,0.413871746,26.13396620680578,26.13396620680578,0,19.744134998181835,24.052030791994184,0,0.8986784169683233,0.5190821682335809,0.15732941695023328,254355,89161,16,trace,0,0,/Users/liyu/Desktop/中文题目/A题研究/advanced_solver/runs/formal_v2/full_p3_seed17/slots/case_035/p3_n3/attempt_0001/summary.json,bc85cf717d9c3c53eeeec423556fba303e2957f0786af2f816a1e5aa8075db83,c365e3a9f227ccd4a6b6495412915310007c69192af35ecf4b9f72feb51efd0d,95424,0.07024371642309979,17,22.32691445585806,95424,0.07024371642309979,13,16.177954165032133,95424,0.07024371642309979,9,9.025578373111784,89161,0.0,5,5.052625791053288,89161,0.0,0,0
full_p3_seed17,full,case_036,3,2,2400,02_1001..5000,12,12,0,0,"{""success"": 12}",14.354141959105618,14.516208124929108,0.242507343,13.49404633231461,13.49404633231461,0,9.797861708095297,12.323308666585945,0,0.5519921249942854,0.3081035017967224,0.16206616582348943,267509,466068,1,component,2,0,/Users/liyu/Desktop/中文题目/A题研究/advanced_solver/runs/formal_v2/full_p3_seed17/slots/case_036/p3_n2/attempt_0001/summary.json,ab22396b2e2f85ad5e7d350221def52b5a38ba17543cafb22de33078d470e939,f9866b5ac171d9898f0a9f7e46d2ab0d19d9c79e96b62c15d79bd9c32b25b3a4,466068,0.0,8,9.978101999266073,466068,0.0,4,4.548130041104741,466068,0.0,0,0,466068,0.0,0,0,466068,0.0,0,0
full_p3_seed17,full,case_036,3,3,2400,02_1001..5000,14,14,0,0,"{""success"": 14}",16.89959845796693,17.054717166000046,0.330916922,15.818005707813427,15.818005707813427,0,11.363231959869154,14.450135334976949,0,0.7339180819690228,0.34767466818448156,0.15511870803311467,284308,311345,1,component,1,0,/Users/liyu/Desktop/中文题目/A题研究/advanced_solver/runs/formal_v2/full_p3_seed17/slots/case_036/p3_n3/attempt_0001/summary.json,4bfa0071ebfc6517a13ca59e91bc5602b166968cc9670e0bd82135abd4f7a47f,823cbcb0e4882388daf2213863aff8b5a9c50ad685d8f2159a4af9806a4d112e,311345,0.0,10,12.467168791918084,311345,0.0,6,6.7444413339253515,311345,0.0,2,1.8153287909226492,311345,0.0,0,0,311345,0.0,0,0
full_p3_seed17,full,case_035,3,4,3857,02_1001..5000,24,24,0,0,"{""success"": 24}",36.20277258299757,36.37696495803539,0.581422355,34.349465210107155,34.349465210107155,0,25.96914983203169,32.02045500010718,0,1.1980511670699343,0.6552562058204785,0.17419237503781915,361866,56560,21,cache,0,0,/Users/liyu/Desktop/中文题目/A题研究/advanced_solver/runs/formal_v2/full_p3_seed17/slots/case_035/p3_n4/attempt_0001/summary.json,f520768864ba42e556813aa570fc74f941f5c0bd7ed0b0c007f2f09bc6ea892b,e39eee4d73e74e1ac04e63e26da047335adc4b4364c50e1dc9720f394d4a9196,95442,0.6874469589816123,20,30.523714918177575,83939,0.48407001414427153,16,24.587202918250114,83939,0.48407001414427153,12,17.301247585215606,83939,0.48407001414427153,8,11.883337209117599,56560,0.0,0,0
full_p3_seed17,full,case_036,3,4,2400,02_1001..5000,13,13,0,0,"{""success"": 13}",15.892990667023696,16.071862249984406,0.367820205,14.59770958579611,14.59770958579611,0,10.14020258304663,13.237948251073249,0,0.9443278759717941,0.35095320525579154,0.17887158296070993,278388,233584,1,component,2,0,/Users/liyu/Desktop/中文题目/A题研究/advanced_solver/runs/formal_v2/full_p3_seed17/slots/case_036/p3_n4/attempt_0001/summary.json,3370d66666a5d2fc9cde66e828b5c02c8d0e31dffb067f42a16da3e0b467460b,cdb2cb0c60560cb4f011af8e570c1d24fbaab5fb0ff6c5e002a31e781a8a4978,233584,0.0,9,10.312021959805861,233584,0.0,5,5.442857000976801,233584,0.0,1,0.9586026669712737,233584,0.0,0,0,233584,0.0,0,0
full_p3_seed17,full,case_036,3,5,2400,02_1001..5000,13,13,0,0,"{""success"": 13}",18.261874624993652,18.428598916972987,0.288333717,16.660132246790454,16.660132246790454,0,11.762648044270463,15.141141040017828,0,1.2262433330761269,0.37549904512707144,0.16672429197933525,280111,187182,1,component,2,0,/Users/liyu/Desktop/中文题目/A题研究/advanced_solver/runs/formal_v2/full_p3_seed17/slots/case_036/p3_n5/attempt_0001/summary.json,6babefe3a85c2ef0d0467042d9b3b58453ad440eff69c796615348ceda378e53,57961fa6c400a0de17ee67c5800dce319f265c79a3b55f49963d2991254f0937,187182,0.0,9,13.083816039841622,187182,0.0,5,6.180199916823767,187182,0.0,1,0.8432087920373306,187182,0.0,0,0,187182,0.0,0,0
full_p3_seed17,full,case_037,3,2,780,01_<=1000,18,18,0,0,"{""success"": 18}",7.355838124989532,7.494479874963872,0.123828986,6.8885087901726365,6.8885087901726365,0,3.1818537501385435,5.144025460234843,0,0.20533087605144829,0.26199845876544714,0.1386417499743402,187543,105374,1,component,0,0,/Users/liyu/Desktop/中文题目/A题研究/advanced_solver/runs/formal_v2/full_p3_seed17/slots/case_037/p3_n2/attempt_0001/summary.json,9d65879f1e2b31e2f32e98e48ec6cdb0f4c11d2a07d35472827ccf105ed7b8c9,db7d380b7cf89036a1f8ac09b6b7a083a3d0c7bbef52cd0c9619e93ea01494ee,105374,0.0,14,5.584550790139474,105374,0.0,10,3.852650497108698,105374,0.0,6,1.8932920399820432,105374,0.0,2,0.6430625409120694,105374,0.0,0,0
full_p3_seed17,full,case_037,3,3,780,01_<=1000,18,18,0,0,"{""success"": 18}",7.743823666940443,7.883749041939154,0.133641245,7.184027499286458,7.184027499286458,0,3.4791936691617593,5.407455000677146,0,0.31895766593515873,0.2408385017188266,0.13992537499871105,190842,74038,1,component,0,0,/Users/liyu/Desktop/中文题目/A题研究/advanced_solver/runs/formal_v2/full_p3_seed17/slots/case_037/p3_n3/attempt_0001/summary.json,9a08e13dcde866bd9cbe6e8b50f54977bdc5a17e443c13f9aa22d5a5d9581b62,42f93d4deb0289df78e399be336261f0f9b70ae5e16b782b019ee1f0833dad4c,74038,0.0,14,5.82181154016871,74038,0.0,10,3.9892289991257712,74038,0.0,6,2.0561712491326034,74038,0.0,2,0.6875186250545084,74038,0.0,0,0
full_p3_seed17,full,case_035,3,5,3857,02_1001..5000,24,24,0,0,"{""success"": 24}",40.85567641595844,41.03296933299862,0.598948287,38.63516575412359,38.63516575412359,0,29.133890623925254,36.117502748034894,0,1.4897267929045483,0.7307838689303026,0.1772929170401767,367557,51103,21,cache,0,0,/Users/liyu/Desktop/中文题目/A题研究/advanced_solver/runs/formal_v2/full_p3_seed17/slots/case_035/p3_n5/attempt_0001/summary.json,3cbb11d499232d9357d0de8b0d8f1060572c98b1b38cb489116808871a4c8c3a,c8e35d30e5c1dba96c68f8ee71862041455176a248ed9c9c9fb771da7b3118c1,95460,0.8679920943975892,20,34.38235067098867,79371,0.5531573488836272,16,26.862561838002875,79371,0.5531573488836272,12,18.03952292003669,73175,0.43191202082069546,8,12.102938710944727,51103,0.0,0,0
full_p3_seed17,full,case_037,3,4,780,01_<=1000,18,18,0,0,"{""success"": 18}",8.100488292053342,8.23864912497811,0.142090044,7.450665374868549,7.450665374868549,0,3.8123045440297574,5.828787210164592,0,0.4147004170808941,0.23512250010389835,0.13816083292476833,195369,53320,1,component,0,0,/Users/liyu/Desktop/中文题目/A题研究/advanced_solver/runs/formal_v2/full_p3_seed17/slots/case_037/p3_n4/attempt_0001/summary.json,9338dffbea2b207a53ee7cb9687a9cd8582628f995222f2130e643a25d2da5cc,019eee12ad9e6fa1f006fe287724482c82bf1c172b45b462f1c125f8b39bc447,53320,0.0,14,5.776315081864595,53320,0.0,10,3.9641201647464186,53320,0.0,6,1.9321953328326344,53320,0.0,2,0.6520533328875899,53320,0.0,0,0
full_p3_seed17,full,case_037,3,5,780,01_<=1000,18,18,0,0,"{""success"": 18}",8.065583875053562,8.206852750037797,0.141426794,7.286673376220278,7.286673376220278,0,3.6771911663236097,5.611055251094513,0,0.5387868749676272,0.24012362386565655,0.14126887498423457,198818,43013,1,component,0,0,/Users/liyu/Desktop/中文题目/A题研究/advanced_solver/runs/formal_v2/full_p3_seed17/slots/case_037/p3_n5/attempt_0001/summary.json,8f58d1a409f598a7c3cd11e7621cc3d23f7e7d1135e9a89f5a30a20449cad55f,6d79b7e42ea563780dbb4887169c151200b94d883941c10fddd7b89b22cdf1cb,43013,0.0,14,5.933541334117763,43013,0.0,10,4.040677833952941,43013,0.0,6,1.9638400410767645,43013,0.0,2,0.6895182491280138,43013,0.0,0,0
full_p3_seed17,full,case_039,3,2,5250,03_5001..10000,18,18,0,0,"{""success"": 18}",63.05679900001269,63.26779833296314,0.990844638,61.00754591799341,61.00754591799341,0,50.11632353893947,58.82646658294834,0,1.306956083048135,0.7422969989711419,0.21099933295045048,373757,705335,17,cache,0,0,/Users/liyu/Desktop/中文题目/A题研究/advanced_solver/runs/formal_v2/full_p3_seed17/slots/case_039/p3_n2/attempt_0001/summary.json,0c272ca4f24f82d2952af7b2b4fa9a817c794e089e30fc31acbccb2670c2e568,afcf735bb92b4ab8181d5a2564c424c5a7ce7acb3e300fa79ac4bda945ddf05c,705615,0.0003969744873002501,14,52.28439608507324,705615,0.0003969744873002501,10,36.26378366816789,705615,0.0003969744873002501,6,17.180379792116582,705373,5.387510899068637e-05,2,6.409243958070874,705335,0.0,0,0
full_p3_seed17,full,case_038,3,2,5907,03_5001..10000,24,24,0,0,"{""success"": 24}",84.36848554201424,84.5440399160143,1.068821417,81.7436951251002,81.7436951251002,0,67.86728491645772,78.9317385420436,0,1.6528929590713233,0.9718974578427151,0.17555437400005758,439789,678824,23,cache,0,0,/Users/liyu/Desktop/中文题目/A题研究/advanced_solver/runs/formal_v2/full_p3_seed17/slots/case_038/p3_n2/attempt_0001/summary.json,12500f83574bec3eed1bc5fe1d0e92396c2c398b1a5f9ed06b9f7873d2d2090e,95d409cca120101220e5b0b480d89ce85ac2085ca1e389d17c2a526c2443d923,681309,0.0036607426961923206,20,73.41790533310268,681309,0.0036607426961923206,16,56.937229167087935,681309,0.0036607426961923206,12,34.77136262599379,681309,0.0036607426961923206,8,23.710414959001355,678824,0.0,0,0
full_p3_seed17,full,case_039,3,3,5250,03_5001..10000,24,24,0,0,"{""success"": 24}",68.97268641600385,69.21150637499522,1.125886967,66.04750849795528,66.04750849795528,0,53.343426504172385,63.50766933267005,0,2.0629139579832554,0.8622639600653201,0.2388199589913711,416088,481574,24,cache,0,0,/Users/liyu/Desktop/中文题目/A题研究/advanced_solver/runs/formal_v2/full_p3_seed17/slots/case_039/p3_n3/attempt_0001/summary.json,69e886241f5c2abe366cb65b34054ac8ad317a1b3501e8823ecf1792340a170f,7fb061bd3a85c33f5bd04c88554d5d9c6c78a4d71b69d4e57473b494ce2fc5d8,483226,0.0034304177551114368,20,57.4244126661215,483226,0.0034304177551114368,16,43.55793187627569,483226,0.0034304177551114368,12,27.15467779210303,481955,0.0007911556687030252,8,17.842955750063993,481574,0.0,0,0
full_p3_seed17,full,case_038,3,3,5907,03_5001..10000,24,24,0,0,"{""success"": 24}",72.02549612498842,72.1985520409653,1.123221631,69.11312966421247,69.11312966421247,0,56.279279583715834,66.48150416696444,0,2.03868399921339,0.8736824615625665,0.17305591597687453,444127,457550,23,cache,0,0,/Users/liyu/Desktop/中文题目/A题研究/advanced_solver/runs/formal_v2/full_p3_seed17/slots/case_038/p3_n3/attempt_0001/summary.json,c115e1b12fe40a7db0bc934289a0ec067f9c19ef8f3d0fa45aa9f80af793fca9,5404a1d070eeec5c0bbc834ca33c5a44fbd78a2e2a7fbd4ac0ee1de6e171d6da,457752,0.0004414818052671521,20,60.864010998164304,457752,0.0004414818052671521,16,44.989063164102845,457752,0.0004414818052671521,12,26.79672653914895,457752,0.0004414818052671521,8,17.50263258209452,457550,0.0,0,0
full_p3_seed17,full,case_039,3,4,5250,03_5001..10000,18,18,0,0,"{""success"": 18}",57.83432670799084,58.02310770796612,0.972648664,54.8017505427124,54.8017505427124,0,43.99492449790705,52.71074099862017,0,2.3577079179231077,0.6748682473553345,0.18878099997527897,380682,367725,16,cache,0,0,/Users/liyu/Desktop/中文题目/A题研究/advanced_solver/runs/formal_v2/full_p3_seed17/slots/case_039/p3_n4/attempt_0001/summary.json,619f6df349a5796c3fa68877642ad03d9600c26b35fe26d8c2832b0103954203,0293ba72e4e511fcf0cc729494ac0e52b917a9fadbbcb969b2b7920a02647ba9,368055,0.0008974097491332156,14,46.49108250066638,368055,0.0008974097491332156,10,33.27794412570074,368055,0.0008974097491332156,6,15.831327374791726,367725,0.0,2,5.1114905829308555,367725,0.0,0,0
full_p3_seed17,full,case_038,3,4,5907,03_5001..10000,24,24,0,0,"{""success"": 24}",78.49988645792473,78.71883016603533,1.23476319,75.02148679515813,75.02148679515813,0,60.92812974692788,72.26574296038598,0,2.535756375058554,0.9426432877080515,0.2189437081106007,448053,337975,23,cache,0,0,/Users/liyu/Desktop/中文题目/A题研究/advanced_solver/runs/formal_v2/full_p3_seed17/slots/case_038/p3_n4/attempt_0001/summary.json,5d14fb0995acd15fbb087171c55974b796868a698e9c8d79bc383ccf9ea9802f,6861df679928dd282c8652ee8a69751a702b0a17129ebc1924bbfbb846bc5fbf,343684,0.016891781936533734,20,67.00230433722027,343684,0.016891781936533734,16,50.13415212917607,343684,0.016891781936533734,12,29.840616587083787,342704,0.0139921591833716,8,19.906544627272524,337975,0.0,0,0
full_p3_seed17,full,case_039,3,5,5250,03_5001..10000,18,18,0,0,"{""success"": 18}",60.21204645908438,60.412798875011504,1.014088617,56.26206737512257,56.26206737512257,0,45.16208424908109,54.14940870704595,0,3.204301958088763,0.7456771258730441,0.200752415927127,384312,300221,18,cache,0,0,/Users/liyu/Desktop/中文题目/A题研究/advanced_solver/runs/formal_v2/full_p3_seed17/slots/case_039/p3_n5/attempt_0001/summary.json,15a1042d76d291b20b4de9861f6d88268c29510c3466714621e58b9abefb9ceb,501824f60380ac1c81734b66eb72a860f2220fccb9c513d49a2654d2ef3e643c,301264,0.003474107407543059,14,47.004600458196364,301264,0.003474107407543059,10,32.084571083192714,301264,0.003474107407543059,6,14.382234250078909,300894,0.0022416819609554217,2,4.394234250066802,300221,0.0,0,0
full_p3_seed17,full,case_040,3,2,3083,02_1001..5000,24,24,0,0,"{""success"": 24}",30.784545916016214,30.982475625001825,0.435597807,29.394801538204774,29.394801538204774,0,21.83888570696581,26.479757871828042,0,0.7497946680523455,0.6399497097590938,0.1979297089856118,319677,137591,21,cache,0,0,/Users/liyu/Desktop/中文题目/A题研究/advanced_solver/runs/formal_v2/full_p3_seed17/slots/case_040/p3_n2/attempt_0001/summary.json,5be284f62ea7feab622cf3f90ae8c6f39d8233be298772a41f08e0ebd4e4eff4,0e197ceb773fa96da04bde302ae8275988f90c7cb4da1229ebd5c814d28e886a,143248,0.0411146077868465,20,25.88621649716515,143248,0.0411146077868465,16,20.414855916169472,143248,0.0411146077868465,12,13.254930041148327,137941,0.002543771031535469,8,8.9937967491569,137591,0.0,0,0
full_p3_seed17,full,case_040,3,3,3083,02_1001..5000,21,21,0,0,"{""success"": 21}",25.26898691605311,25.457126041059382,0.342196432,23.931676624226384,23.931676624226384,0,17.221411208854988,21.48898499889765,0,0.8280828749993816,0.5092274168273434,0.1881391250062734,240393,100597,16,trace,0,0,/Users/liyu/Desktop/中文题目/A题研究/advanced_solver/runs/formal_v2/full_p3_seed17/slots/case_040/p3_n3/attempt_0001/summary.json,9bcbd242c017f24a7e89edfae2c8445e51de87caf06cc174edaf91a59eb8c92a,5301deb86a12ff1e228ee5e0638cc82ae95f6a249f1e18f0ec92869c5839320c,110105,0.0945157410260744,17,20.178935791249387,110105,0.0945157410260744,13,13.673198625212535,110105,0.0945157410260744,9,7.615851166192442,100597,0.0,5,4.21820354112424,100597,0.0,0,0
full_p3_seed17,full,case_038,3,5,5907,03_5001..10000,24,24,0,0,"{""success"": 24}",87.63528549997136,87.83315991703421,1.27247264,83.3639852500055,83.3639852500055,0,67.53893133194651,80.46214425214566,0,3.2998077500378713,0.9714924999279901,0.1978744170628488,452620,275192,22,cache,0,0,/Users/liyu/Desktop/中文题目/A题研究/advanced_solver/runs/formal_v2/full_p3_seed17/slots/case_038/p3_n5/attempt_0001/summary.json,50ebd2d355c6e6c7b275388e6a1b8fa65a17e0f04e213f88be0af18a9b486bf7,b9d2c4a72e49bf375386110e6229651fc2754e991ebf983cb3c0449615d3a087,276333,0.004146196110351941,20,74.58380912500434,276333,0.004146196110351941,16,55.809031084994785,276333,0.004146196110351941,12,33.45389233296737,276333,0.004146196110351941,8,21.40915041603148,275192,0.0,0,0
full_p3_seed17,full,case_040,3,4,3083,02_1001..5000,22,22,0,0,"{""success"": 22}",26.590082542039454,26.771924040978774,0.386506722,25.007033790345304,25.007033790345304,0,18.209153791191056,22.695406079874374,0,1.0417352088261396,0.5413135428680107,0.18184149893932045,315682,100050,21,cache,0,0,/Users/liyu/Desktop/中文题目/A题研究/advanced_solver/runs/formal_v2/full_p3_seed17/slots/case_040/p3_n4/attempt_0001/summary.json,d625092ad1eb641d3cc984061101bea243d81a8c9279bf2a0e5dc4b09199b982,9d04386f4af7d76ebe0b63dcac05b595acf922f99b09a0b7a41469ec9564de10,110202,0.10146926536731637,18,21.94412166532129,110202,0.10146926536731637,14,16.72297899913974,110202,0.10146926536731637,10,9.614937122911215,100182,0.0013193403298350503,6,5.724811790860258,100050,0.0,0,0
full_p3_seed17,full,case_040,3,5,3083,02_1001..5000,24,24,0,0,"{""success"": 24}",31.87197258300148,32.06186429201625,0.532713977,29.996523542213254,29.996523542213254,0,21.652623332105577,27.33378724893555,0,1.2460156661691144,0.6294333746191114,0.18989170901477337,340046,63092,24,cache,0,0,/Users/liyu/Desktop/中文题目/A题研究/advanced_solver/runs/formal_v2/full_p3_seed17/slots/case_040/p3_n5/attempt_0001/summary.json,f851dedf7fdbc474f769e9cfc8e916f6c3e487d48c49ae949958f2c9a5aae601,cf588ad730396f09b605e2a50eae79fc0f0b0e4965a168f9c0ea10b1faa11231,110337,0.748827109617701,20,26.484464459237643,101217,0.6042762949343816,16,20.9426462512929,101217,0.6042762949343816,12,14.858448916231282,81419,0.29048056805934186,8,9.82957424921915,63092,0.0,0,0
full_p3_seed17,full,case_042,3,2,4733,02_1001..5000,24,24,0,0,"{""success"": 24}",59.65339737501927,59.837976624956354,1.011123989,57.71390853903722,57.71390853903722,0,46.964837043429725,55.017407295061275,0,1.20023970794864,0.739249128033407,0.1845792499370873,393627,835401,22,cache,0,0,/Users/liyu/Desktop/中文题目/A题研究/advanced_solver/runs/formal_v2/full_p3_seed17/slots/case_042/p3_n2/attempt_0001/summary.json,01306d759a647d9ef79f1fdd9a263f1bfd2f130424a2a83a72b7ed7225253ba5,9fd4a9b2fd8d1b7e357c5c10c3f0d51ee8f4db5cf946c3470d14a1370383f1df,839453,0.004850365273682877,20,50.46002937294543,839453,0.004850365273682877,16,38.594053831882775,839453,0.004850365273682877,12,25.480262289987877,839453,0.004850365273682877,8,17.210726831806824,835401,0.0,0,0
full_p3_seed17,full,case_042,3,3,4733,02_1001..5000,24,24,0,0,"{""success"": 24}",63.92226670891978,64.12884345802013,0.944812929,61.382012501126155,61.382012501126155,0,49.497192456852645,58.63001937302761,0,1.7420597499003634,0.7981944578932598,0.20657674910034984,397459,567721,21,cache,0,0,/Users/liyu/Desktop/中文题目/A题研究/advanced_solver/runs/formal_v2/full_p3_seed17/slots/case_042/p3_n3/attempt_0001/summary.json,d6288b292f9f67721470ff2888934a4a84895476c8ae423983f815e510c34b05,7dee320c34244199b545889cc6afa37a0cf56114590506c2fd37e39519ba447f,571429,0.006531377208170985,20,53.36835779296234,571429,0.006531377208170985,16,40.12368133396376,571429,0.006531377208170985,12,24.826142751029693,571429,0.006531377208170985,8,16.192726500914432,567721,0.0,0,0
full_p3_seed17,full,case_042,3,4,4733,02_1001..5000,24,24,0,0,"{""success"": 24}",58.122295291977935,58.31956850003917,0.897752643,55.200598040013574,55.200598040013574,0,43.64397941506468,52.44909162458498,0,2.1305229159770533,0.7911743359873071,0.19727320806123316,401957,436193,23,cache,0,0,/Users/liyu/Desktop/中文题目/A题研究/advanced_solver/runs/formal_v2/full_p3_seed17/slots/case_042/p3_n4/attempt_0001/summary.json,c02659d92de3e5f1d0a6bcb2f45bdfb8ef010c6ec2e69576bc1b6f4f4792ecd1,7ad0524452a1d3aeac29448035ca8a2ca25330d16f9583f74e3dca42b05ce4ed,440666,0.010254634989557365,20,48.36336987395771,440666,0.010254634989557365,16,36.88722770684399,440666,0.010254634989557365,12,23.236265748972073,440666,0.010254634989557365,8,15.368769832071848,436193,0.0,0,0
full_p3_seed17,full,case_042,3,5,4733,02_1001..5000,24,24,0,0,"{""success"": 24}",52.56015579192899,52.76875658298377,0.867911422,48.993991835042834,48.993991835042834,0,38.273875751765445,46.411490417202,0,2.794967999914661,0.7711959569714963,0.2086007910547778,406133,353812,24,cache,0,0,/Users/liyu/Desktop/中文题目/A题研究/advanced_solver/runs/formal_v2/full_p3_seed17/slots/case_042/p3_n5/attempt_0001/summary.json,187c9a07622c832af21a8fc85fa2e5ef275f026c10d0ebeff8fe4d38e7687aee,9d2d8952d1beed5d14d1b5878aaacc600b4fe4816e02caa3589ab5d19db51015,358762,0.013990480820322615,20,42.26302291895263,358762,0.013990480820322615,16,31.096828709938563,358762,0.013990480820322615,12,18.956757959909737,358762,0.013990480820322615,8,12.614799875882454,353812,0.0,0,0
full_p3_seed17,full,case_041,3,2,16594,04_>10000,24,24,0,0,"{""success"": 24}",374.82177725003567,375.1100352080539,3.65291917,368.1512787111569,368.1512787111569,0,334.84606604336295,364.83729616797063,0,4.554251540917903,2.116246997960843,0.28825795801822096,888992,2985862,21,cache,0,0,/Users/liyu/Desktop/中文题目/A题研究/advanced_solver/runs/formal_v2/full_p3_seed17/slots/case_041/p3_n2/attempt_0001/summary.json,2b2e064a4a942ee4fbd190093aeb51661b1f036c7b18b4582175db03698ce361,db9ea6a04d1a2ac82608748ca1d88d994c331aefde56dc8954c2bfcd4cd5085b,2987139,0.0004276821902686745,20,323.28277408506256,2987139,0.0004276821902686745,16,239.30723412614316,2987139,0.0004276821902686745,12,142.1355524591636,2987139,0.0004276821902686745,8,91.69430600095075,2985862,0.0,0,0
full_p3_seed17,full,case_043,3,2,9309,03_5001..10000,24,24,0,0,"{""success"": 24}",103.0009084159974,103.2211398340296,1.109577117,99.59176295809448,99.59176295809448,0,86.51599758514203,96.73735696123913,0,2.21618445799686,1.192960999906063,0.22023141803219914,400521,352991,16,trace,0,0,/Users/liyu/Desktop/中文题目/A题研究/advanced_solver/runs/formal_v2/full_p3_seed17/slots/case_043/p3_n2/attempt_0001/summary.json,6b2a74b0bc5274907fb12695ac62571e0b71f5bb6290c47045dee3d7beff684d,eccd98a7ecbac30ced374bd3564607fc3e2dbef8d9ecb6eee66ffa09cd94f32a,355345,0.006668725264949993,20,88.94555541698355,355345,0.006668725264949993,16,67.73484416713472,355345,0.006668725264949993,12,43.48986695916392,352991,0.0,8,30.229026958113536,352991,0.0,0,0
full_p3_seed17,full,case_043,3,3,9309,03_5001..10000,24,24,0,0,"{""success"": 24}",103.50357354211155,103.72220175003167,1.615520651,99.35371516586747,99.35371516586747,0,85.1916814581491,96.54741712799296,0,2.887529084109701,1.2623292921343818,0.21862820792011917,406709,260496,16,trace,0,0,/Users/liyu/Desktop/中文题目/A题研究/advanced_solver/runs/formal_v2/full_p3_seed17/slots/case_043/p3_n3/attempt_0001/summary.json,a163478c01798ab176b434f607c98a495f2a4924889964eb5c71c8ef56941ecd,516334f48744809445e40f74604a82f38bedd43a1d482d66cc2de15559df74fd,268776,0.03178551686014375,20,88.22088537283707,268776,0.03178551686014375,16,63.90282737382222,268776,0.03178551686014375,12,35.84800545789767,260496,0.0,8,23.70242504205089,260496,0.0,0,0
full_p3_seed17,full,case_043,3,4,9309,03_5001..10000,24,24,0,0,"{""success"": 24}",98.70418866700493,98.89733050006907,1.154691345,94.1977915809257,94.1977915809257,0,79.86130999960005,91.42761166905984,0,3.295526417903602,1.2108706681756303,0.19314183306414634,434483,255536,14,trace,0,0,/Users/liyu/Desktop/中文题目/A题研究/advanced_solver/runs/formal_v2/full_p3_seed17/slots/case_043/p3_n4/attempt_0001/summary.json,af903ab68ec9215863a068c433008fafdbfa2e5647c77211d83a1baad93c2329,98fcfe0e347bb765c3d53aaf09357e0cdaa8cd7867293aa133f2031f414e4c23,269190,0.05343278442176436,20,84.03379620588385,269190,0.05343278442176436,16,62.082435290911235,269190,0.05343278442176436,12,37.56263133184984,255536,0.0,8,24.969780873972923,255536,0.0,0,0
full_p3_seed17,full,case_041,3,3,16594,04_>10000,24,24,0,0,"{""success"": 24}",325.1958237920189,325.48097550007515,3.327432622,317.14888491877355,317.14888491877355,0,283.18384600116406,313.81556303892285,0,5.867983874981292,2.1789549982640892,0.2851517080562189,892716,1989217,21,cache,0,0,/Users/liyu/Desktop/中文题目/A题研究/advanced_solver/runs/formal_v2/full_p3_seed17/slots/case_041/p3_n3/attempt_0001/summary.json,7b57218095d0e5bb7bfd9d35e4bb042cbe1a60505aad3d973775b1609889d42c,0272e352ec3531e2003ded151d701f5d11e65808c6804dbc400882456d5e1e6a,1990183,0.00048561821058235033,20,275.9097201267723,1990183,0.00048561821058235033,16,201.55611350177787,1990183,0.00048561821058235033,12,124.05541383486707,1989403,9.350412750341874e-05,8,81.95360041793901,1989217,0.0,0,0
full_p3_seed17,full,case_043,3,5,9309,03_5001..10000,24,24,0,0,"{""success"": 24}",118.74401458306238,118.96711962495465,2.081541162,113.26419104263186,113.26419104263186,0,95.57903220679145,110.33281533420086,0,4.098967166966759,1.3808563734637573,0.22310504189226776,576184,158526,21,cache,0,0,/Users/liyu/Desktop/中文题目/A题研究/advanced_solver/runs/formal_v2/full_p3_seed17/slots/case_043/p3_n5/attempt_0001/summary.json,27ac8ce7f0aea1d443ea49f3acc4882ff0a879a29f622222a59b8abdb764dac9,e7dffcc7353c7e27d37c691ee30b1eb6c2b11dd1b79ffc635631e8be7b1d2529,269571,0.7004844631164604,20,103.70868179167155,225659,0.42348258329863864,16,82.6730772088049,225659,0.42348258329863864,12,57.352222542860545,225659,0.42348258329863864,8,39.7750191668747,158526,0.0,0,0
full_p3_seed17,full,case_044,3,2,1364,02_1001..5000,24,24,0,0,"{""success"": 24}",15.103143000043929,15.320395583985373,0.181142515,14.176066833315417,14.176066833315417,0,8.198369249817915,11.133184170001186,0,0.3970959180733189,0.5299802486551926,0.21725258394144475,263039,44293,24,cache,0,0,/Users/liyu/Desktop/中文题目/A题研究/advanced_solver/runs/formal_v2/full_p3_seed17/slots/case_044/p3_n2/attempt_0001/summary.json,ce844c89111e6b0f8e48b8bececd05b93bb147b487f11c405a28089c497178a8,3a7d78518ff96ea1e4ea340285f64081630a877f50e9996d7a7ba392fc27b88c,85335,0.9266023976700608,20,11.458223041379824,44795,0.01133361930779131,16,8.853507749387063,44795,0.01133361930779131,12,6.1786105402279645,44795,0.01133361930779131,8,4.085155458189547,44293,0.0,0,0
full_p3_seed17,full,case_044,3,3,1364,02_1001..5000,24,24,0,0,"{""success"": 24}",12.926396665978245,13.10664837504737,0.201304504,12.136264418368228,12.136264418368228,0,6.861019414733164,9.47306266601663,0,0.36294141702819616,0.4271908305818215,0.18025170906912535,261285,44247,18,trace,0,0,/Users/liyu/Desktop/中文题目/A题研究/advanced_solver/runs/formal_v2/full_p3_seed17/slots/case_044/p3_n3/attempt_0001/summary.json,c52318ab95ab3b222cf5f6472d866f27505281b59a443b11b7a6726633c965a1,ff1cb18dec54ec2915b05f691c4c9905fae971d01d75d06c8c9d754aaa907865,83153,0.8792912513842746,20,10.305005126283504,51567,0.16543494474201648,16,8.415077251382172,51567,0.16543494474201648,12,6.360569293261506,51567,0.16543494474201648,8,3.9888313772389665,44247,0.0,0,0
full_p3_seed17,full,case_044,3,4,1364,02_1001..5000,24,24,0,0,"{""success"": 24}",13.140283707994968,13.357442332897335,0.213569496,12.113719875807874,12.113719875807874,0,6.771419333992526,9.441340832039714,0,0.4813743339618668,0.545189498225227,0.2171586249023676,246610,48902,6,operation,0,0,/Users/liyu/Desktop/中文题目/A题研究/advanced_solver/runs/formal_v2/full_p3_seed17/slots/case_044/p3_n4/attempt_0001/summary.json,b8e2ceb57bfe238debd3467a147ed11b9df7295627031de4f513b1d75c3c8503,77f82e260a980e25596952bdc583b5a25be715679f845a462da8836e88842de9,89039,0.8207639769334587,20,10.201375082833692,48902,0.0,16,8.229175498941913,48902,0.0,12,6.040312373894267,48902,0.0,8,4.160496414988302,48902,0.0,0,0
full_p3_seed17,full,case_044,3,5,1364,02_1001..5000,24,24,0,0,"{""success"": 24}",13.991709333960898,14.183468332979828,0.240040606,13.034114751615562,13.034114751615562,0,7.473634167341515,10.356314667733386,0,0.5151215411024168,0.44247304124291986,0.1917589990189299,251529,46139,8,operation,0,0,/Users/liyu/Desktop/中文题目/A题研究/advanced_solver/runs/formal_v2/full_p3_seed17/slots/case_044/p3_n5/attempt_0001/summary.json,8b960d5f807f3e376a34333527c55c1abc68bdefbcafe50222097bdc4ffa5a2a,535e16101f9829735dcbe0b6d3d0e87ade3a4daa65f7e51f156c2e721d0f6d29,102921,1.2306725329981143,20,11.192927126656286,46139,0.0,16,9.16172687674407,46139,0.0,12,6.223765709786676,46139,0.0,8,4.208553333766758,46139,0.0,0,0
full_p3_seed17,full,case_045,3,2,1651,02_1001..5000,15,15,0,0,"{""success"": 15}",10.800215875031427,10.974588708020747,0.167270858,10.208529081894085,10.208529081894085,0,6.347125791944563,8.534825622919016,0,0.2976630830671638,0.2940237100701779,0.17437283298932016,167728,62983,3,component,0,0,/Users/liyu/Desktop/中文题目/A题研究/advanced_solver/runs/formal_v2/full_p3_seed17/slots/case_045/p3_n2/attempt_0001/summary.json,92b2d1a4b86df2c4a6ae52dd1913ba69c7c2c0637dbf709a4aac761eaff35962,7227a6a15ce950331f8ec023a3232947ee9e97296ceebcc4335bcebab763a6af,62983,0.0,11,8.037900373805314,62983,0.0,7,5.085113624925725,62983,0.0,3,1.493880666908808,62983,0.0,0,0,62983,0.0,0,0
full_p3_seed17,full,case_045,3,3,1651,02_1001..5000,15,15,0,0,"{""success"": 15}",10.363561999984086,10.515699292067438,0.189729761,9.737660375190899,9.737660375190899,0,6.0349296660861,8.250369332148694,0,0.3621756660286337,0.26372595876455307,0.1521372920833528,171216,42214,3,component,0,0,/Users/liyu/Desktop/中文题目/A题研究/advanced_solver/runs/formal_v2/full_p3_seed17/slots/case_045/p3_n3/attempt_0001/summary.json,156f7e368aea1433d5dc7b561b5348ae766d31259a740252de6119a811e98155,07e1c159a35df559cbb20b56d128eeea54f8f321437521ae4b7dfb363118175f,42214,0.0,11,8.19403887516819,42214,0.0,7,4.901634042151272,42214,0.0,3,1.5351823341334239,42214,0.0,0,0,42214,0.0,0,0
full_p3_seed17,full,case_045,3,4,1651,02_1001..5000,15,15,0,0,"{""success"": 15}",10.120365250040777,10.28235495800618,0.203349837,9.382620373740792,9.382620373740792,0,5.642559834057465,7.883442873950116,0,0.44616337481420487,0.2915815014857799,0.1619897079654038,175814,31878,1,component,0,0,/Users/liyu/Desktop/中文题目/A题研究/advanced_solver/runs/formal_v2/full_p3_seed17/slots/case_045/p3_n4/attempt_0001/summary.json,e9883f275477cf533ba8704d1b501dabbcb3aeead54fc4496a88bc7a0ed48457,371f6332f015f4432682a47b79da4637db77785a7ac13304fe9c36a754c7880a,31878,0.0,11,7.6150914987083524,31878,0.0,7,5.190371248871088,31878,0.0,3,1.6054454579716548,31878,0.0,0,0,31878,0.0,0,0
full_p3_seed17,full,case_045,3,5,1651,02_1001..5000,15,15,0,0,"{""success"": 15}",11.220281083951704,11.382488875067793,0.182310432,10.375868957140483,10.375868957140483,0,6.1682016279082745,8.38051041716244,0,0.5494497090112418,0.29496241779997945,0.16220779111608863,178149,25770,3,component,0,0,/Users/liyu/Desktop/中文题目/A题研究/advanced_solver/runs/formal_v2/full_p3_seed17/slots/case_045/p3_n5/attempt_0001/summary.json,19fefc6b33b46e61ab8af4262433b4bb6f6eda0bdaef3e88a5e2ed6ace7c5906,1b1a62b03f721a50efe85818723e7715b00361ad0bb1e1ab000c75db7eaf88ef,25770,0.0,11,8.046305791009218,25770,0.0,7,5.075499165104702,25770,0.0,3,1.5224344570888206,25770,0.0,0,0,25770,0.0,0,0
full_p3_seed17,full,case_046,3,2,992,01_<=1000,17,17,0,0,"{""success"": 17}",6.869744917028584,7.0208717921050265,0.08869728,6.352709750761278,6.352709750761278,0,3.0551094950642437,4.561449955799617,0,0.18422645900864154,0.33280870725866407,0.15112687507644296,193949,105690,8,operation,1,0,/Users/liyu/Desktop/中文题目/A题研究/advanced_solver/runs/formal_v2/full_p3_seed17/slots/case_046/p3_n2/attempt_0001/summary.json,4455b893cfbdb0e37602d54a3c43355e6960f34bcfd0634779f8cc561866059f,d93a40759d65692b8155fc2df8b2e317ba3e1efb2796c5ed1f4a1ce37bda757d,137552,0.3014665531270697,13,5.0963510008296,105690,0.0,9,3.714187834877521,105690,0.0,5,1.8863360419636592,105690,0.0,1,0.3497471669688821,105690,0.0,0,0
full_p3_seed17,full,case_046,3,3,992,01_<=1000,24,24,0,0,"{""success"": 24}",10.591373750008643,10.734747083042748,0.187497928,9.974638335057534,9.974638335057534,0,5.279933168902062,7.782328833010979,0,0.27171612507663667,0.3450192898744717,0.1433733330341056,252294,93554,23,cache,0,0,/Users/liyu/Desktop/中文题目/A题研究/advanced_solver/runs/formal_v2/full_p3_seed17/slots/case_046/p3_n3/attempt_0001/summary.json,9a15e13e7042d2349c001d3e25786f85ec68f50dc05d980481c153467268d81e,11bca0e8cc071e5fa08c9b35eed37b170d899d5fdb4664a2c81e31020f7d66ef,121494,0.29865104645445406,20,8.576251793187112,99571,0.06431579622464034,16,6.91014570905827,98072,0.0482929644910961,12,5.016422208864242,98072,0.0482929644910961,8,3.357119833934121,93554,0.0,0,0
full_p3_seed17,full,case_046,3,4,992,01_<=1000,17,17,0,0,"{""success"": 17}",6.500155625049956,6.650877624982968,0.088557405,5.992078835726716,5.992078835726716,0,2.8241419590776786,4.279553959728219,0,0.2656807089224458,0.24239608040079474,0.15072199993301183,205008,77208,16,cache,1,0,/Users/liyu/Desktop/中文题目/A题研究/advanced_solver/runs/formal_v2/full_p3_seed17/slots/case_046/p3_n4/attempt_0001/summary.json,1161eeef15a96c53d8916298af1a4a5c3f1dd0e975a7a104f31071b541a7ba2d,869aaa81b43e962b68e6a93a13eeca74f814e7733eed56adb85afaf6076dad11,105932,0.3720339861154285,13,4.72408571082633,78100,0.011553206921562476,9,3.320811709854752,78100,0.011553206921562476,5,1.7406800430035219,77208,0.0,1,0.29075904202181846,77208,0.0,0,0
full_p3_seed17,full,case_046,3,5,992,01_<=1000,17,17,0,0,"{""success"": 17}",6.717682207934558,6.859751207986847,0.104300937,6.165536124957725,6.165536124957725,0,3.0224775390233845,4.541361042065546,0,0.30948820686899126,0.24265787610784173,0.14206900005228817,211414,90804,16,cache,1,0,/Users/liyu/Desktop/中文题目/A题研究/advanced_solver/runs/formal_v2/full_p3_seed17/slots/case_046/p3_n5/attempt_0001/summary.json,033b3d83b2cc1e757ea538f2260c9220842e0952f9cdaadee44d911495a0f1e2,ffc33ec2ac68b037e3c8e2209baa5179bce45eee72f84abb33ee9c1602f0cba0,105932,0.1666005902823664,13,4.918925999896601,93464,0.0292938637064446,9,3.453324291971512,92645,0.02027443724946032,5,1.6918084990466014,90804,0.0,1,0.34496320807375014,90804,0.0,0,0
full_p3_seed17,full,case_047,3,2,13710,04_>10000,21,21,0,0,"{""success"": 21}",163.42007174994797,163.6484477079939,1.28490531,159.55019208427984,159.55019208427984,0,144.52648795919959,157.01749641890638,0,2.3145567510509863,1.5553229146171361,0.22837595804594457,718896,185722,18,cache,0,0,/Users/liyu/Desktop/中文题目/A题研究/advanced_solver/runs/formal_v2/full_p3_seed17/slots/case_047/p3_n2/attempt_0001/summary.json,a59cb8effb9091d7c669ae1025928106119c059b2f755b8093ab265bc34d4e2f,3a190c5ab8ffcefa1dd38081fd916b8118fcdcc1cee416bf6eaceaa2357ce3e0,199623,0.07484842937293368,17,125.92285062617157,196393,0.057456844100322035,13,86.96739191724919,196393,0.057456844100322035,9,57.14916291623376,196393,0.057456844100322035,5,33.361838917131536,185722,0.0,0,0
full_p3_seed17,full,case_041,3,4,16594,04_>10000,24,24,0,0,"{""success"": 24}",318.14110012503807,318.36785512499046,3.283536982,308.60056095710024,308.60056095710024,0,272.8791697891429,304.9569470406277,0,7.265510041965172,2.275029125972651,0.2267549999523908,579682,1487676,1,component,0,0,/Users/liyu/Desktop/中文题目/A题研究/advanced_solver/runs/formal_v2/full_p3_seed17/slots/case_041/p3_n4/attempt_0001/summary.json,6359fed023792f662265174b267946fe613cfd8ea6c4c1b5362b3577dd66a723,9493ee62fc5830ba44e494a8aa6171b0364cde0119f6ce774419b27d846de682,1487676,0.0,20,267.20514495810494,1487676,0.0,16,194.4477529162541,1487676,0.0,12,121.14624600019306,1487676,0.0,8,74.48176120908465,1487676,0.0,0,0
full_p3_seed17,full,case_047,3,3,13710,04_>10000,21,21,0,0,"{""success"": 21}",147.51746179093607,147.75486120802816,1.680243904,143.06317795522045,143.06317795522045,0,126.19135595741682,140.50631829095073,0,2.855103957117535,1.599179878598079,0.23739941709209234,721376,127936,20,cache,0,0,/Users/liyu/Desktop/中文题目/A题研究/advanced_solver/runs/formal_v2/full_p3_seed17/slots/case_047/p3_n3/attempt_0001/summary.json,45a933ad54e1bef42e90f30851a4ead0cc4de7cbcfef77705b7e7a884b914c18,eb72b8d6984e487659cda87b2d99928c9cf3c2e9de214fdf1c73d1e812495ef2,150995,0.1802385567783893,17,112.3919910392724,138154,0.07986805902951466,13,80.1478307491634,138154,0.07986805902951466,9,53.75435166619718,128689,0.005885755377688762,5,30.379766125115566,127936,0.0,0,0
full_p3_seed17,full,case_041,3,5,16594,04_>10000,24,24,0,0,"{""success"": 24}",299.0142472080188,299.2852607499808,4.428844678,288.5826429569861,288.5826429569861,0,252.99310287716798,285.0433542052051,0,8.157346624066122,2.2742576269665733,0.2710135419620201,901326,1191935,21,cache,0,0,/Users/liyu/Desktop/中文题目/A题研究/advanced_solver/runs/formal_v2/full_p3_seed17/slots/case_041/p3_n5/attempt_0001/summary.json,0a75d87298c7171c16d2728cec36c65ce8e3cc791dfb38e6a3c5b68c924516f6,7485107f1f9637125d262a9855d2bc245a9cccacbd12130193bf5b4751d7d7d8,1193054,0.0009388095827373988,20,255.55512112285942,1193054,0.0009388095827373988,16,191.47853395692073,1193054,0.0009388095827373988,12,117.97589983197395,1193054,0.0009388095827373988,8,71.70195358304773,1191935,0.0,0,0
full_p3_seed17,full,case_047,3,4,13710,04_>10000,21,21,0,0,"{""success"": 21}",156.86675937497057,157.1530232920777,2.974338454,151.47964900091756,151.47964900091756,0,132.68439995567314,148.83982899889816,0,3.517986584105529,1.86912378994748,0.28626391710713506,723719,109306,21,cache,0,0,/Users/liyu/Desktop/中文题目/A题研究/advanced_solver/runs/formal_v2/full_p3_seed17/slots/case_047/p3_n4/attempt_0001/summary.json,c20ef1a03b0db56c52841725f1f1f178b613640373f71df04f98908894a1273c,fd23af2e1a70e75ab9be6d1765eb6675d1610a8cd16ba383eefb97c8142ff991,141315,0.29283845351581794,17,118.30431954190135,130675,0.19549704499295562,13,78.55552537483163,130381,0.19280734817850798,9,52.64776683296077,111070,0.01613818088668517,5,31.274278290919028,109306,0.0,0,0
full_p3_seed17,full,case_048,3,2,1728,02_1001..5000,21,21,0,0,"{""success"": 21}",14.080919291940518,14.243278083042242,0.208252706,13.394800166133791,13.394800166133791,0,8.460798794752918,11.205876332940534,0,0.3005760000087321,0.38554312579799443,0.1623587911017239,225108,114065,15,trace,0,0,/Users/liyu/Desktop/中文题目/A题研究/advanced_solver/runs/formal_v2/full_p3_seed17/slots/case_048/p3_n2/attempt_0001/summary.json,7b81b06a5d615f630dce626ff0e5eeb7728c497f19d7f37dbcfb0833bb15a063,65607ce304fd7e2f8e4988309758332b6273c3d67da5bacde7d2e6fa8e36c130,142208,0.24672774295357902,17,10.994435957982205,114157,0.00080655766448956,13,8.445907249930315,114157,0.00080655766448956,9,5.999945749877952,114065,0.0,5,3.6970958329038695,114065,0.0,0,0
full_p3_seed17,full,case_048,3,3,1728,02_1001..5000,21,21,0,0,"{""success"": 21}",15.616277166991495,15.78474858298432,0.243614686,14.848741126130335,14.848741126130335,0,9.29482762538828,12.440117127262056,0,0.38007379008922726,0.3874622507719323,0.16847141599282622,251868,103968,19,cache,0,0,/Users/liyu/Desktop/中文题目/A题研究/advanced_solver/runs/formal_v2/full_p3_seed17/slots/case_048/p3_n3/attempt_0001/summary.json,39314e4c728feed4caac0319ec492bfe9762abcf237e43482b034a08496297c8,605c588e87d985ab2440c73603500d9b3fcd35b38a3c7e38d70c973ffa2e5be0,106325,0.022670437057556114,17,11.955039375112392,104017,0.0004712988611881297,13,9.266574957990088,104017,0.0004712988611881297,9,6.60676583298482,104017,0.0004712988611881297,5,3.60509149893187,103968,0.0,0,0
full_p3_seed17,full,case_048,3,4,1728,02_1001..5000,21,21,0,0,"{""success"": 21}",15.398100959020667,15.593082792009227,0.36773819,14.532322372077033,14.532322372077033,0,8.96364899969194,12.292929249000736,0,0.43015541485510767,0.4356231720885262,0.1949818329885602,254279,102062,18,cache,0,0,/Users/liyu/Desktop/中文题目/A题研究/advanced_solver/runs/formal_v2/full_p3_seed17/slots/case_048/p3_n4/attempt_0001/summary.json,c1b5b49840b3b74ed8586d3fa4e63a3ef715d433c654894d3521414c2a21abaa,79c5b778c386c350f1a3d5699a7df9020261b3f519cdae830874e6022de7d60e,104437,0.02327016911289226,17,11.818841289146803,102195,0.001303129470321851,13,8.991728124092333,102195,0.001303129470321851,9,6.30497937311884,102195,0.001303129470321851,5,3.6898605399765074,102062,0.0,0,0
full_p3_seed17,full,case_048,3,5,1728,02_1001..5000,21,21,0,0,"{""success"": 21}",15.98569854197558,16.182186166988686,0.307292663,15.036318249069154,15.036318249069154,0,9.382119085057639,12.962465204880573,0,0.519908957881853,0.4294713350245729,0.19648762501310557,257268,98781,18,cache,0,0,/Users/liyu/Desktop/中文题目/A题研究/advanced_solver/runs/formal_v2/full_p3_seed17/slots/case_048/p3_n5/attempt_0001/summary.json,92bbe88561e68f28f95009cede3b85cf1dec3b671a3d2437bbb7b1893b78e376,fd3db00d30963c489d90568881615efe931bb9182c43abe3b710ab42b81539eb,104102,0.05386663427177285,17,12.190321790985763,102463,0.03727437462669947,13,9.11771312484052,98790,9.111063868560976e-05,9,6.423268166836351,98790,9.111063868560976e-05,5,3.577405791846104,98781,0.0,0,0
full_p3_seed17,full,case_049,3,2,4303,02_1001..5000,24,21,3,0,"{""success"": 24}",42.16979216702748,42.369813375058584,0.740671574,40.46330208086874,40.42489716387354,0.038404916995204985,31.68023121007718,38.16849041823298,0,0.9717385009862483,0.7347515851724893,0.20002120803110301,369627,123335,21,cache,0,0,/Users/liyu/Desktop/中文题目/A题研究/advanced_solver/runs/formal_v2/full_p3_seed17/slots/case_049/p3_n2/attempt_0001/summary.json,1573c71dde6106c211b3c4b87cb32c18f9f0ccff1ec23b6d5141a61b67e2f065,e32e0d987e98be248e55a86f148d0832f0d143b8a14a19ac31c68ea1e2c22855,160206,0.29895001418899736,20,39.17591253889259,128678,0.04332103620221339,16,32.12337270681746,128678,0.04332103620221339,12,23.622797039686702,128626,0.04289942027810434,8,16.04264704079833,123335,0.0,0,0
full_p3_seed17,full,case_049,3,3,4303,02_1001..5000,24,24,0,0,"{""success"": 24}",46.62746670807246,46.90160191699397,1.612073048,44.69862703920808,44.69862703920808,0,34.50908391585108,42.156809585983865,0,1.1745107910828665,0.7543288777815178,0.274135208921507,377168,91301,24,cache,0,0,/Users/liyu/Desktop/中文题目/A题研究/advanced_solver/runs/formal_v2/full_p3_seed17/slots/case_049/p3_n3/attempt_0001/summary.json,48bd6a43bf47bc1cd06f625e595515ae98c3fd9422b6fbb0bf5f43db028937ec,141e6a88abd18d51a3a2af3a428a1d31124cb7197b7f35959350ea2548b240a0,160224,0.7548986319974589,20,40.046336414059624,106781,0.16954907394223495,16,32.77951462310739,106781,0.16954907394223495,12,24.219166206079535,106597,0.16753376195222391,8,16.29152412293479,91301,0.0,0,0
full_p3_seed17,full,case_047,3,5,13710,04_>10000,21,21,0,0,"{""success"": 21}",151.6853359999368,151.9359543749597,2.509524195,145.99912295967806,145.99912295967806,0,126.03198433259968,143.50274550076574,0,3.9970572089077905,1.689155831350945,0.25061837502289563,727108,93047,19,cache,0,0,/Users/liyu/Desktop/中文题目/A题研究/advanced_solver/runs/formal_v2/full_p3_seed17/slots/case_047/p3_n5/attempt_0001/summary.json,158149e59b18757c1c4c26ad731a1c0927a0a4b1bbedce0e6748ade2e4b9dd03,256c6577d47e285291e8e4c3c2565c02338d89b07e9b26685ddb2c384a340411,125035,0.34378324932560966,17,112.70198279374745,120548,0.29556030823132406,13,77.82918158476241,120548,0.29556030823132406,9,52.16079150082078,93492,0.004782529259406587,5,30.04238504183013,93047,0.0,0,0
full_p3_seed17,full,case_050,3,2,4555,02_1001..5000,24,24,0,0,"{""success"": 24}",45.39751362497918,45.58439479197841,0.683019955,43.63110320700798,43.63110320700798,0,34.354433918138966,41.04761920776218,0,1.0376160411396995,0.7287943768315017,0.1868811669992283,387230,96808,23,cache,0,0,/Users/liyu/Desktop/中文题目/A题研究/advanced_solver/runs/formal_v2/full_p3_seed17/slots/case_050/p3_n2/attempt_0001/summary.json,ddf28ecf824b40067c20be8560f8b43bf8ad3967f3173484cde9726377281bb8,6d58e775a8d8e6c691caa1641697d7f57e34a1794616a07f15eb18c121f82410,108121,0.11686017684488892,20,38.446792791131884,105703,0.09188290223948425,16,31.280704122968018,105703,0.09188290223948425,12,23.331953039974906,105694,0.09178993471613905,8,15.907276083016768,96808,0.0,0,0
full_p3_seed17,full,case_049,3,4,4303,02_1001..5000,24,24,0,0,"{""success"": 24}",46.221072916989215,46.41236866696272,0.887717383,44.11202591622714,44.11202591622714,0,33.81151762488298,41.717864666949026,0,1.3399780420586467,0.7690689587034285,0.19129574997350574,353591,88719,15,trace,0,0,/Users/liyu/Desktop/中文题目/A题研究/advanced_solver/runs/formal_v2/full_p3_seed17/slots/case_049/p3_n4/attempt_0001/summary.json,64a96ff32cc411ec64a75be89058a0fbc505aca160441d84f202d54c9b8c97f2,50a7494667a4d91badc9f87bb50d5676ac36b517e0fd6b1681a8e5a1cb18b9a6,160242,0.8061745511108105,20,39.19680691626854,103266,0.1639671321813816,16,31.94818437413778,103266,0.1639671321813816,12,23.78376829100307,88719,0.0,8,16.07805283309426,88719,0.0,0,0
full_p3_seed17,full,case_050,3,3,4555,02_1001..5000,24,24,0,0,"{""success"": 24}",39.34349512506742,39.53853033296764,0.623785882,37.44532583479304,37.44532583479304,0,28.89587587607093,35.00207204173785,0,1.1851262510754168,0.7130430391989648,0.19503520790021867,386253,55123,21,cache,0,0,/Users/liyu/Desktop/中文题目/A题研究/advanced_solver/runs/formal_v2/full_p3_seed17/slots/case_050/p3_n3/attempt_0001/summary.json,43c3b4db4c96f0b48ee6542a681e555c30d76e68eaf1bf391e4d1dccbdc23385,974a3ce68e0b93ed5f8c7e6246f703f63095772e548235e9076182b2992de425,108134,0.9616856847413966,20,32.45982479280792,73763,0.33815285815358376,16,25.463249834952876,73763,0.33815285815358376,12,17.08221983409021,73763,0.33815285815358376,8,11.586254957946949,55123,0.0,0,0
full_p3_seed17,full,case_049,3,5,4303,02_1001..5000,24,21,3,0,"{""success"": 24}",42.542412415961735,42.72474854206666,0.836835077,40.29690174863208,40.25334012450185,0.04356162413023412,30.568149667000398,38.119770998950116,0,1.4853274181950837,0.7601832491345704,0.18233612610492855,385121,86100,24,cache,0,0,/Users/liyu/Desktop/中文题目/A题研究/advanced_solver/runs/formal_v2/full_p3_seed17/slots/case_049/p3_n5/attempt_0001/summary.json,095e40410e96ccb2d1a4ad088cf3a2eff9971e03ed8fa81ce13113d005b5dc98,8ea33064f1cc61cea1bdfd00fc33d28b97d1fb2953c4bfc69e2b93458ade23cf,160260,0.8613240418118466,20,39.041010915418155,101325,0.17682926829268286,16,31.96815345727373,101325,0.17682926829268286,12,23.697900541126728,100231,0.16412311265969803,8,15.986474125180393,86100,0.0,0,0
full_p3_seed17,full,case_051,3,2,1416,02_1001..5000,21,20,1,0,"{""success"": 21}",10.94523433293216,11.096767166047357,0.192124592,10.337936754105613,10.315101837157272,0.022834916948340833,5.973819584120065,8.352841290878132,0,0.27044954313896596,0.3368480356875807,0.15153283311519772,220728,318398,10,trace,1,0,/Users/liyu/Desktop/中文题目/A题研究/advanced_solver/runs/formal_v2/full_p3_seed17/slots/case_051/p3_n2/attempt_0001/summary.json,6d1582eb6ee8fcd9c4c0becc6f1b6fa90fafc54b2f3a432d5eaff00f8c4e4bd6,ca77fffdfc41b754b68ea63c5bed794febcfa5ceddcc78785ec510e6bfb6494a,318411,4.082940219474196e-05,17,8.589642211096361,318411,4.082940219474196e-05,13,6.254827877157368,318398,0.0,9,4.300236918148585,318398,0.0,5,2.403897084062919,318398,0.0,0,0
full_p3_seed17,full,case_051,3,3,1416,02_1001..5000,20,20,0,0,"{""success"": 20}",11.055107917054556,11.207726874970831,0.252412411,10.451536332024261,10.451536332024261,0,6.079089290695265,8.523069204762578,0,0.2699069599620998,0.33366462506819516,0.15261895791627467,210254,227940,3,operation,1,0,/Users/liyu/Desktop/中文题目/A题研究/advanced_solver/runs/formal_v2/full_p3_seed17/slots/case_051/p3_n3/attempt_0001/summary.json,af42fdf3bb66da63ff84ff7f95252c93eafd0d46ce1bdb8d695f146624824d47,e8fce87edfd43f92b77de858d97f4905be051c15b82755d0f9155337bc688a73,227940,0.0,16,8.46902120707091,227940,0.0,12,6.2687554160365835,227940,0.0,8,4.145496207056567,227940,0.0,4,2.123898749006912,227940,0.0,0,0
full_p3_seed17,full,case_051,3,4,1416,02_1001..5000,20,20,0,0,"{""success"": 20}",10.04143454192672,10.196413042023778,0.179884045,9.4375853309175,9.4375853309175,0,5.375673750299029,7.704212415963411,0,0.30078987614251673,0.30305933486670256,0.1549785000970587,212124,178974,3,operation,1,0,/Users/liyu/Desktop/中文题目/A题研究/advanced_solver/runs/formal_v2/full_p3_seed17/slots/case_051/p3_n4/attempt_0001/summary.json,d3ebbb7d2e3b3c06b0188aefb4f5bfef61a07259e3ae807e04b98400c138ea51,0ea8f58888464c34eb75c4b6004d610303842e030535572dd9cb8b8dbc247955,178974,0.0,16,7.6584297908702865,178974,0.0,12,5.73306679201778,178974,0.0,8,3.800501166959293,178974,0.0,4,1.982728875009343,178974,0.0,0,0
full_p3_seed17,full,case_050,3,4,4555,02_1001..5000,24,24,0,0,"{""success"": 24}",40.53992000001017,40.711499416967854,0.651010842,38.32879512908403,38.32879512908403,0,29.219360997201875,35.75623300019652,0,1.4975074591347948,0.713617411791347,0.17157941695768386,347871,60574,18,trace,0,0,/Users/liyu/Desktop/中文题目/A题研究/advanced_solver/runs/formal_v2/full_p3_seed17/slots/case_050/p3_n4/attempt_0001/summary.json,3ffbbcb2940538685d49030691ce3696794ab6ca62388c1cecfaa497836f2025,c833283cd0f8d138e3640dcaa6875544372f58f889715b8b3cb4129b3264bd71,108147,0.7853699607092153,20,33.32855742017273,70567,0.1649717700663651,16,25.8650255020475,70567,0.1649717700663651,12,16.882069918094203,70567,0.1649717700663651,8,11.118079542182386,60574,0.0,0,0
full_p3_seed17,full,case_051,3,5,1416,02_1001..5000,21,20,1,0,"{""success"": 21}",12.20917766704224,12.349520625080913,0.24223065,11.492581084370613,11.470863167429343,0.021717916941270232,6.673842165619135,9.429483538144268,0,0.3528698751470074,0.36372670752462,0.1403429580386728,236965,161239,21,cache,0,0,/Users/liyu/Desktop/中文题目/A题研究/advanced_solver/runs/formal_v2/full_p3_seed17/slots/case_051/p3_n5/attempt_0001/summary.json,1b62f4900c280c6650794110a16787a2dcbb671617ee9eb165eb6490bdee75a4,aab5710519dce09b8c882d017583db6cb02146025c36d168e9b51cf447dcbf3f,181583,0.12617294823212744,17,9.995672875549644,161479,0.0014884736323097503,13,7.50292354170233,161479,0.0014884736323097503,9,5.266936624771915,161479,0.0014884736323097503,5,2.87277341587469,161239,0.0,0,0
full_p3_seed17,full,case_052,3,2,1008,02_1001..5000,24,24,0,0,"{""success"": 24}",11.724116583005525,11.869608083041385,0.175067351,11.119669375941157,11.119669375941157,0,6.00339196017012,8.568367124069482,0,0.2594098331173882,0.34503737394697964,0.14549150003585964,241908,85972,23,cache,0,0,/Users/liyu/Desktop/中文题目/A题研究/advanced_solver/runs/formal_v2/full_p3_seed17/slots/case_052/p3_n2/attempt_0001/summary.json,48b13423ad7ee08af59244a649a85aa804899901194299c5a2e16845c295c7af,c652e69bb4b149f24825ca8095bce4f09b96b44ead85ddce1c66488081f4c3dc,86157,0.0021518633973851564,20,9.575607583974488,86157,0.0021518633973851564,16,7.056323874974623,86157,0.0021518633973851564,12,4.856980707030743,86157,0.0021518633973851564,8,3.1814944992074743,85972,0.0,0,0
full_p3_seed17,full,case_052,3,3,1008,02_1001..5000,24,24,0,0,"{""success"": 24}",11.481771916965954,11.637947291019373,0.178232008,10.765371917164885,10.765371917164885,0,5.708768204902299,8.33613696100656,0,0.3521196669898927,0.3642803328111768,0.15617537405341864,251257,54776,21,cache,0,0,/Users/liyu/Desktop/中文题目/A题研究/advanced_solver/runs/formal_v2/full_p3_seed17/slots/case_052/p3_n3/attempt_0001/summary.json,f2d3852cccd295d8f9f741c42c9f1fe37ad6dca3412fe92eba387a9a8f396ad2,a873b6705eb775985efb473791f19487311da7acc8d6487a32677edb4730f445,63144,0.15276763546078564,20,9.021720917080529,63144,0.15276763546078564,16,6.908913456951268,63144,0.15276763546078564,12,4.621111249900423,55736,0.01752592376223161,8,3.1732545839622617,54776,0.0,0,0
full_p3_seed17,full,case_052,3,4,1008,02_1001..5000,24,24,0,0,"{""success"": 24}",11.040712084039114,11.205028083059005,0.188179687,10.24949337891303,10.24949337891303,0,5.550284625147469,8.113690291414969,0,0.4360155421309173,0.3552031629951671,0.16431599901989102,254810,42274,21,cache,0,0,/Users/liyu/Desktop/中文题目/A题研究/advanced_solver/runs/formal_v2/full_p3_seed17/slots/case_052/p3_n4/attempt_0001/summary.json,4dd2061f3ee5a9ec318018b2eeda97a2012a3e38e9dc33ef9c99359615612392,a3652d5dfc13871c46827bd0d77058d81580af109c7c68ab71e9c93cc946f765,47667,0.12757250319345226,20,8.829059419804253,47667,0.12757250319345226,16,6.595002085668966,47667,0.12757250319345226,12,4.27352729276754,44728,0.05804986516534982,8,2.8727897509234026,42274,0.0,0,0
full_p3_seed17,full,case_050,3,5,4555,02_1001..5000,24,24,0,0,"{""success"": 24}",44.31563416600693,44.50341741601005,0.692702384,41.75561424961779,41.75561424961779,0,32.23183741676621,39.180583083070815,0,1.785071544116363,0.7749483722727746,0.1877832500031218,393773,45172,21,cache,0,0,/Users/liyu/Desktop/中文题目/A题研究/advanced_solver/runs/formal_v2/full_p3_seed17/slots/case_050/p3_n5/attempt_0001/summary.json,b49b7166090fe28d62fe62822246d319087a83e6337b7bff2654e44032e276db,2e18afdf0cf1f3f398b2c9f903324cf39d8c11de379b5f6b863b1969054d579e,108160,1.3944036128575226,20,36.44723341660574,63582,0.4075533516337555,16,28.188049624674022,63582,0.4075533516337555,12,18.471854582778178,62937,0.39327459488178507,8,12.38098454196006,45172,0.0,0,0
full_p3_seed17,full,case_052,3,5,1008,02_1001..5000,24,24,0,0,"{""success"": 24}",11.483126166975126,11.646549957920797,0.200659441,10.593335084384307,10.593335084384307,0,5.543352959444746,8.17004982905928,0,0.5234657101100311,0.36632537248078734,0.1634237909456715,253216,34883,14,trace,0,0,/Users/liyu/Desktop/中文题目/A题研究/advanced_solver/runs/formal_v2/full_p3_seed17/slots/case_052/p3_n5/attempt_0001/summary.json,39da3f5736157d12c437f178a2d40fc03bb7668d304f6ed82e0ce5cb6f6be586,705f75a7cd69ff6ac65d9d26d1d175cc0e76793af720d67eeec833eedca834ee,38778,0.11165897428546856,20,9.167345000314526,38778,0.11165897428546856,16,7.06060333410278,38778,0.11165897428546856,12,4.5652011670172215,34883,0.0,8,3.0974584579234943,34883,0.0,0,0
full_p3_seed17,full,case_053,3,2,11670,04_>10000,24,24,0,0,"{""success"": 24}",214.88504091603681,215.21216187509708,2.150836255,209.7577353741508,209.7577353741508,0,188.27630391716957,206.57752825203352,0,3.367046916973777,1.7602586249122396,0.3271209590602666,662585,708285,21,cache,0,0,/Users/liyu/Desktop/中文题目/A题研究/advanced_solver/runs/formal_v2/full_p3_seed17/slots/case_053/p3_n2/attempt_0001/summary.json,8af651a14f9be60578294b772a91df8d1e24fc69f0d78b307539f0ce6e366520,149458bf75e8394c299dfabbb7d3e41f961d612702c9957b5d49812fdc53af49,768068,0.08440528883147325,20,194.3800200392725,757714,0.06978687957531227,16,166.39591866428964,757714,0.06978687957531227,12,129.5227034573909,722698,0.020349153236338458,8,86.67054208228365,708285,0.0,0,0
full_p3_seed17,full,case_054,3,2,15751,04_>10000,24,24,0,0,"{""success"": 24}",334.6690212080721,334.9250025419751,3.739958628,327.85440545983147,327.85440545983147,0,300.5648962931009,324.2214999588905,0,4.479977833922021,2.3346379143185914,0.255981333903037,829899,467502,24,cache,0,0,/Users/liyu/Desktop/中文题目/A题研究/advanced_solver/runs/formal_v2/full_p3_seed17/slots/case_054/p3_n2/attempt_0001/summary.json,5458f9a4479fc97cfd45a2060aff9da663e4ce2c27286c760c6cdbd6fbed3f2c,adca91cc3cf99582c7b4ba3368f0c723a2a76b54d8ef8ea1c29c66d8f0047b30,517960,0.10793108906485971,20,292.019015001948,476653,0.019574247810704604,16,242.93775716796517,476653,0.019574247810704604,12,174.8256506678881,476623,0.01951007696223761,8,116.49747412686702,467502,0.0,0,0
full_p3_seed17,full,case_053,3,3,11670,04_>10000,24,24,0,0,"{""success"": 24}",179.72460279194638,179.99154537497088,1.553165182,175.2675109577831,175.2675109577831,0,157.35329483344685,171.44674587412737,0,2.748568666051142,1.7085231681121513,0.2669425830245018,663749,526435,21,cache,0,0,/Users/liyu/Desktop/中文题目/A题研究/advanced_solver/runs/formal_v2/full_p3_seed17/slots/case_053/p3_n3/attempt_0001/summary.json,0bf5efbe587a74aced41ce3b133ccdf9ca4945428f3e364fe42fef3b97597903,52b6a8db6f7d41006f94964873a54d5f26ca18c99fc1f2f215bcca605b7cef8d,546106,0.03736643650213223,20,157.56225629081018,546106,0.03736643650213223,16,120.34455245884601,546106,0.03736643650213223,12,79.75370233191643,527257,0.001561446332405625,8,55.54586045688484,526435,0.0,0,0
full_p3_seed17,full,case_053,3,4,11670,04_>10000,24,24,0,0,"{""success"": 24}",204.47887120803352,204.6785634579137,1.455633363,196.38359145901632,196.38359145901632,0,169.17274324968457,192.67774762620684,0,5.851900292094797,2.243379456922412,0.1996922498801723,669821,402617,22,cache,0,0,/Users/liyu/Desktop/中文题目/A题研究/advanced_solver/runs/formal_v2/full_p3_seed17/slots/case_053/p3_n4/attempt_0001/summary.json,46e8802177c75cb1d14ea612454b36eaaec1e5e109bc44cde067efabdc34514d,6b2e2ebb3f9c26bf3791a3207680630c64b8c06b8dd0e5a4a081c94adc03948c,492232,0.22258126209275808,20,175.59907425008714,476937,0.184592304845548,16,137.57542358222418,476937,0.184592304845548,12,96.1690791642759,416873,0.035408340929468984,8,53.36071362218354,402617,0.0,0,0
full_p3_seed17,full,case_054,3,3,15751,04_>10000,24,24,0,0,"{""success"": 24}",256.0169916249579,256.2135208339896,1.416618506,249.5184640417574,249.5184640417574,0,228.6657567510847,246.31174458528403,0,4.716495543019846,1.7820320401806384,0.19652920903172344,833673,306878,24,cache,0,0,/Users/liyu/Desktop/中文题目/A题研究/advanced_solver/runs/formal_v2/full_p3_seed17/slots/case_054/p3_n3/attempt_0001/summary.json,12630e37044f832e5576f1ebbb4feede9a087a90abbf39278244b69417afb31e,19150e8765f75ae33f10fbf61646d8d19063ea01cc6b88c14fe3010cad7edb3d,517986,0.6879215844733086,20,203.9025873747887,311552,0.015230808334256718,16,148.75091624888591,311552,0.015230808334256718,12,85.47065954084974,311552,0.015230808334256718,8,46.86667429085355,306878,0.0,0,0
full_p3_seed17,full,case_053,3,5,11670,04_>10000,24,24,0,0,"{""success"": 24}",115.56665808404796,115.71077708306257,1.704576218,111.39090753893834,111.39090753893834,0,95.80802083096933,109.22569766710512,0,3.1337805000366643,1.0419700450729579,0.14411899901460856,671977,380122,21,cache,0,0,/Users/liyu/Desktop/中文题目/A题研究/advanced_solver/runs/formal_v2/full_p3_seed17/slots/case_053/p3_n5/attempt_0001/summary.json,e4e01514c986b5e32665ba979d71b7356b94e9d54af5ac768651a5a33cd362d1,07eeb288c40a6ff7ee487bfbfd2a45fcbbc7da5d6de2dcc18cfdd8e2ffdd845c,492699,0.29616018015268786,20,101.96528799680527,465132,0.2236387265141191,16,85.38934349792544,465132,0.2236387265141191,12,65.27758566499688,392439,0.032402754905004105,8,44.588617081870325,380122,0.0,0,0
full_p3_seed17,full,case_055,3,2,1236,02_1001..5000,24,24,0,0,"{""success"": 24}",8.813651041942649,8.927482208935544,0.131081662,8.315331998863257,8.315331998863257,0,4.463545044069178,6.301329211797565,0,0.2190216250019148,0.2792974180774763,0.1138311669928953,236662,51558,21,cache,0,0,/Users/liyu/Desktop/中文题目/A题研究/advanced_solver/runs/formal_v2/full_p3_seed17/slots/case_055/p3_n2/attempt_0001/summary.json,b16fa0c7c71c969b787765530820b4826000781ade9ea759187389e616257e51,e48a2fb6149713377b7b70a1da68eb3b2ae985306801aaf51a329029e4f55be4,51836,0.005391985724814807,20,7.243855164851993,51836,0.005391985724814807,16,5.58620945783332,51836,0.005391985724814807,12,3.5503722488647327,51836,0.005391985724814807,8,2.3552521248348057,51558,0.0,0,0
full_p3_seed17,full,case_055,3,3,1236,02_1001..5000,24,24,0,0,"{""success"": 24}",8.57593612500932,8.698433250072412,0.128334048,8.058715166174807,8.058715166174807,0,4.290494204265997,6.133806706988253,0,0.28572712384629995,0.23149383498821408,0.12249712506309152,244165,41395,19,cache,0,0,/Users/liyu/Desktop/中文题目/A题研究/advanced_solver/runs/formal_v2/full_p3_seed17/slots/case_055/p3_n3/attempt_0001/summary.json,3e025a68f785aeaf193887193aa5bcf35f80ce9e42e1a919eea0f41981fe07d9,7cf0b852357e00da1d0a1da0be8e1b9c04afd48945816acc67da753a82589c92,41743,0.008406812416958509,20,6.93236133211758,41743,0.008406812416958509,16,5.235893166158348,41743,0.008406812416958509,12,3.2938106660731137,41743,0.008406812416958509,8,2.184624208137393,41395,0.0,0,0
full_p3_seed17,full,case_054,3,4,15751,04_>10000,24,24,0,0,"{""success"": 24}",141.34532504202798,141.51222358306404,1.533810799,137.12058487767354,137.12058487767354,0,121.89230466482695,134.80405379319564,0,2.9371987911872566,1.287541373167187,0.16689854103606194,837548,254498,21,cache,0,0,/Users/liyu/Desktop/中文题目/A题研究/advanced_solver/runs/formal_v2/full_p3_seed17/slots/case_054/p3_n4/attempt_0001/summary.json,bb3de8dd36e889a0662429832a0ab8ed6eaa5e0d6c4071add7286833958f2785,2653fb56a78b1257fc1faa394e2d518a1d5c919bc0cadf71a8612bd02ab50064,518015,1.0354383924431625,20,116.61419862764888,258852,0.017108189455319778,16,91.44268633564934,258852,0.017108189455319778,12,60.44236804370303,258852,0.017108189455319778,8,41.85233108489774,254498,0.0,0,0
full_p3_seed17,full,case_055,3,4,1236,02_1001..5000,24,24,0,0,"{""success"": 24}",8.457771790912375,8.562521041021682,0.135249448,7.84758849942591,7.84758849942591,0,4.174024459789507,6.023739332798868,0,0.374738207901828,0.23544508358463645,0.10474925010930747,239022,29504,14,trace,0,0,/Users/liyu/Desktop/中文题目/A题研究/advanced_solver/runs/formal_v2/full_p3_seed17/slots/case_055/p3_n4/attempt_0001/summary.json,c44175caa5e45ed00c0fe64aa927222b113a627f6b1a3cc8e2748f818f891a19,af3c8000c53658548aeef037ced924982de8f0d0604991efa53c4aa8f3277d76,31284,0.060330802603036915,20,6.869323832215741,31284,0.060330802603036915,16,5.20458666596096,31284,0.060330802603036915,12,3.3076078748563305,29504,0.0,8,2.2435517908306792,29504,0.0,0,0
full_p3_seed17,full,case_055,3,5,1236,02_1001..5000,24,24,0,0,"{""success"": 24}",8.758750041946769,8.86307316692546,0.135834912,8.070226122741587,8.070226122741587,0,4.289236042066477,6.162740750005469,0,0.4471387919038534,0.24138512730132788,0.10432312497869134,234815,26309,4,component,0,0,/Users/liyu/Desktop/中文题目/A题研究/advanced_solver/runs/formal_v2/full_p3_seed17/slots/case_055/p3_n5/attempt_0001/summary.json,2f3d53d0a0ab2c06bc26392edd5454314fe25470804a15d07f7f9bbe0e5b64ee,62d4bc4e054bef124bef36c16f8573aec2fce00c32a7d8b639ad3def7c6e798a,26309,0.0,20,7.104140539770015,26309,0.0,16,5.3496738717658445,26309,0.0,12,3.3785361228510737,26309,0.0,8,2.254042165935971,26309,0.0,0,0
full_p3_seed17,full,case_056,3,2,7678,03_5001..10000,24,24,0,0,"{""success"": 24}",66.4796997080557,66.60973787505645,0.785831468,64.56466383230872,64.56466383230872,0,54.8687165430747,62.53811479348224,0,1.1496488319244236,0.7653870438225567,0.13003816700074822,504558,175078,23,cache,0,0,/Users/liyu/Desktop/中文题目/A题研究/advanced_solver/runs/formal_v2/full_p3_seed17/slots/case_056/p3_n2/attempt_0001/summary.json,e3361ee610632ba1500200c2bc129fbe0d07f0b60c65a205f9d37474e4bc6e4f,dde354ae4a28f931526e76e3ed420e3d9b4f3e063123851f13711c0fad560b43,265710,0.517666411542284,20,56.52800983225461,196158,0.12040347730725731,16,46.17015433323104,190000,0.08523058294017516,12,34.56714908324648,186784,0.06686162738893531,8,23.160059041227214,175078,0.0,0,0
full_p3_seed17,full,case_056,3,3,7678,03_5001..10000,24,24,0,0,"{""success"": 24}",72.48937837500125,72.63577004196122,1.033444846,70.21976962510962,70.21976962510962,0,58.7000243748771,68.03388016717508,0,1.4559738331008703,0.813634916790761,0.1463916669599712,507645,122694,23,cache,0,0,/Users/liyu/Desktop/中文题目/A题研究/advanced_solver/runs/formal_v2/full_p3_seed17/slots/case_056/p3_n3/attempt_0001/summary.json,d3feaa58e350cdb4dd855ea9cdff55223786530a10d8293b2be276a180ffe6ca,059eb30d0bf73302c23680998e3c66d599ec7cab36607d7c4d9607e41d337538,265728,1.1657782776663894,20,62.31987295905128,180141,0.4682136045772409,16,51.34064370894339,179012,0.4590118506202423,12,38.966263625072315,179012,0.4590118506202423,8,26.311702875071205,122694,0.0,0,0
full_p3_seed17,full,case_054,3,5,15751,04_>10000,24,24,0,0,"{""success"": 24}",153.16408274997957,153.34604012500495,1.705519037,147.84169529168867,147.84169529168867,0,130.48685608163942,145.51819845917635,0,3.913032209035009,1.4093552492558956,0.18195737502537668,839440,212882,21,cache,0,0,/Users/liyu/Desktop/中文题目/A题研究/advanced_solver/runs/formal_v2/full_p3_seed17/slots/case_054/p3_n5/attempt_0001/summary.json,046655ba0bba573385f2b442786466324e2b1b3071fbb6dfcc8b130f1c6612c0,f45b18ac4d37bace39a4e5b604204973bb490f898b91f3f5df399a7d994374ec,518133,1.433897652220479,20,122.93620320863556,262792,0.2344491314437105,16,94.51455433375668,262792,0.2344491314437105,12,60.98939325066749,261217,0.22705066656645467,8,41.6014852928929,212882,0.0,0,0
full_p3_seed17,full,case_057,3,2,865,01_<=1000,24,24,0,0,"{""success"": 24}",7.575289000058547,7.684709958033636,0.120227299,7.200981497182511,7.200981497182511,0,3.4981337091885507,5.2843577050371096,0,0.15867658413480967,0.2156309187412262,0.10942095797508955,242135,29720,24,cache,0,0,/Users/liyu/Desktop/中文题目/A题研究/advanced_solver/runs/formal_v2/full_p3_seed17/slots/case_057/p3_n2/attempt_0001/summary.json,d78ecfb481a9dc8f9f718214cef7c9c14cf6831a26f1872d41da921b61b67e0f,62626a028a76986ab02e5b5b914c839d44461d39f763add835f9f77101f85be7,33588,0.13014804845222083,20,6.234586831997149,33526,0.1280619111709287,16,5.024890456930734,33526,0.1280619111709287,12,3.6908090830547735,32992,0.11009421265141328,8,2.462538124062121,29720,0.0,0,0
full_p3_seed17,full,case_057,3,3,865,01_<=1000,24,24,0,0,"{""success"": 24}",6.850464374991134,6.956245458917692,0.096250565,6.445964462822303,6.445964462822303,0,2.911497251712717,4.45698683289811,0,0.1835525840288028,0.22094732814002782,0.1057810839265585,227745,22235,14,cache,0,0,/Users/liyu/Desktop/中文题目/A题研究/advanced_solver/runs/formal_v2/full_p3_seed17/slots/case_057/p3_n3/attempt_0001/summary.json,4fc13f2565e07ec023f4b9b57c1cf674744837044f085c397253657213e706ae,28944146bf8427c88bfd8a2d370519066c56776c472e822f7b83cc6789a5da65,25250,0.1355970317067685,20,5.5355078359134495,25250,0.1355970317067685,16,4.252856459934264,25250,0.1355970317067685,12,2.85639591794461,22235,0.0,8,1.9063563350355253,22235,0.0,0,0
full_p3_seed17,full,case_057,3,4,865,01_<=1000,24,24,0,0,"{""success"": 24}",6.989911000011489,7.095194458030164,0.101093446,6.541159460088238,6.541159460088238,0,2.925112419994548,4.492553044925444,0,0.2308325010817498,0.21791903884150088,0.10528345801867545,222778,17942,14,trace,0,0,/Users/liyu/Desktop/中文题目/A题研究/advanced_solver/runs/formal_v2/full_p3_seed17/slots/case_057/p3_n4/attempt_0001/summary.json,929eeb7acecd0abec83376c1b05c501434b879ec763190a55b7c84b1e260cd4c,5a9fa28dd214c1050b1f793cf08ac743f055481071268247599fc64d13987389,20957,0.16804146694905797,20,5.568230999982916,20957,0.16804146694905797,16,4.242861042032018,20957,0.16804146694905797,12,2.8555105830309913,17942,0.0,8,1.904535707901232,17942,0.0,0,0
full_p3_seed17,full,case_057,3,5,865,01_<=1000,21,21,0,0,"{""success"": 21}",6.3659893330186605,6.470231249928474,0.091151141,5.90706420794595,5.90706420794595,0,2.67191704059951,4.074417833704501,0,0.26320783281698823,0.195717292255722,0.10424191690981388,205424,16003,14,trace,0,0,/Users/liyu/Desktop/中文题目/A题研究/advanced_solver/runs/formal_v2/full_p3_seed17/slots/case_057/p3_n5/attempt_0001/summary.json,fa6fa5d4d49ac6474d5cb047900d36f56be7799439bd4b72d6acb69d02791f22,10e298fd469949fcb2ddfb3e65d9f28d41d810b42171209ef1d84a9bcfb74d86,16538,0.033431231644066806,17,4.997513791080564,16538,0.033431231644066806,13,3.6665499169612303,16538,0.033431231644066806,9,2.1672154588159174,16003,0.0,5,1.2050456248689443,16003,0.0,0,0
full_p3_seed17,full,case_056,3,4,7678,03_5001..10000,24,24,0,0,"{""success"": 24}",70.81869595800526,70.95947491703555,1.0287223,68.32157704327255,68.32157704327255,0,56.611248373868875,66.30159804422874,0,1.693494874984026,0.8036240397486836,0.14077895903028548,450351,122455,15,trace,0,0,/Users/liyu/Desktop/中文题目/A题研究/advanced_solver/runs/formal_v2/full_p3_seed17/slots/case_056/p3_n4/attempt_0001/summary.json,77f83ea18e47c95835b6e305690fc8675f19020c2b0baa7da8bf5cae9311e4f7,d8a84b5326a8992d22c224899f0da2c4ac29161a9a09030d01f8a2953fbdd2e7,265746,1.1701523008452086,20,60.03510275215376,167073,0.3643624188477399,16,49.05938671005424,167073,0.3643624188477399,12,36.144237376982346,122455,0.0,8,24.231528418837115,122455,0.0,0,0
full_p3_seed17,full,case_056,3,5,7678,03_5001..10000,24,24,0,0,"{""success"": 24}",60.73237912496552,60.87636420910712,0.840071874,58.12085483421106,58.12085483421106,0,47.62868712400086,55.92997291311622,0,1.7909102510893717,0.8206140396650881,0.1439850841416046,513218,91994,21,cache,0,0,/Users/liyu/Desktop/中文题目/A题研究/advanced_solver/runs/formal_v2/full_p3_seed17/slots/case_056/p3_n5/attempt_0001/summary.json,d29da384e3774fced089a20040a753655236a8c7834eb513fa97642993c4a711,0b1bb98b1790e9ea6bfe8279396ca0aa1f6946cd841819abdec31afaed76fd5c,265764,1.8889275387525273,20,49.78182741825003,156128,0.6971541622279713,16,38.78329487517476,156128,0.6971541622279713,12,26.066605208208784,129979,0.41290736352370816,8,17.529305416042916,91994,0.0,0,0
full_p3_seed17,full,case_059,3,2,2752,02_1001..5000,16,16,0,0,"{""success"": 16}",12.756681208033115,12.872836208087392,0.18596915,12.075984916766174,12.075984916766174,0,8.516702249762602,10.7487991648959,0,0.4310924999881536,0.24960379127878696,0.11615500005427748,218965,369318,1,component,0,0,/Users/liyu/Desktop/中文题目/A题研究/advanced_solver/runs/formal_v2/full_p3_seed17/slots/case_059/p3_n2/attempt_0001/summary.json,271593ec1a99afa988f71a249565d65982b57cd3f53f3cf33c80ce9ed6dbbc85,83cc46bec1d48e6e9d55078fa37229571b506245fc6b31ddb3c80994c24efdea,369318,0.0,12,9.825729416799732,369318,0.0,8,6.079045249847695,369318,0.0,4,2.4847000000299886,369318,0.0,0,0,369318,0.0,0,0
full_p3_seed17,full,case_059,3,3,2752,02_1001..5000,23,23,0,0,"{""success"": 23}",17.80949316592887,17.917953416937962,0.281306374,16.832305122865364,16.832305122865364,0,11.727678954135627,14.839665834093466,0,0.6472260820446536,0.3299619610188529,0.10846025100909173,263678,253549,16,trace,0,0,/Users/liyu/Desktop/中文题目/A题研究/advanced_solver/runs/formal_v2/full_p3_seed17/slots/case_059/p3_n3/attempt_0001/summary.json,33eb5575d2d6ced8a0bdbfeb57713206370351e3f72b7b6676c5534f97c4a41d,527d7469a2046bba5c7a0ff2a96a10a976b19d8dc689a96e3eb8dc96a5296c17,254073,0.002066661670919734,19,14.4978154549608,254073,0.002066661670919734,15,10.25042899698019,253625,0.00029974482249972567,11,6.598536581965163,253549,0.0,7,4.22962762392126,253549,0.0,0,0
full_p3_seed17,full,case_059,3,4,2752,02_1001..5000,16,16,0,0,"{""success"": 16}",12.75383420905564,12.867560541024432,0.219940565,11.709993501892313,11.709993501892313,0,8.135022499831393,10.420299748890102,0,0.7983231261605397,0.24551758100278676,0.11372633196879178,224868,185216,1,component,0,0,/Users/liyu/Desktop/中文题目/A题研究/advanced_solver/runs/formal_v2/full_p3_seed17/slots/case_059/p3_n4/attempt_0001/summary.json,c0900b486b8a749b629f9f9bc9f4215667731b011fa1b28d4c858f81943f6511,20bc21ea944280d7c4a918cd657d0e618f311fb129d1da78b4826b9c4d4eb3a2,185216,0.0,12,9.443463501986116,185216,0.0,8,5.870789919048548,185216,0.0,4,2.4000437930226326,185216,0.0,0,0,185216,0.0,0,0
full_p3_seed17,full,case_059,3,5,2752,02_1001..5000,17,17,0,0,"{""success"": 17}",15.206645125057548,15.317235750029795,0.264528293,13.898021333036013,13.898021333036013,0,9.710357831791043,12.429507872089744,0,1.0502835001097992,0.25834029191173613,0.11059062497224659,234329,150736,1,component,0,0,/Users/liyu/Desktop/中文题目/A题研究/advanced_solver/runs/formal_v2/full_p3_seed17/slots/case_059/p3_n5/attempt_0001/summary.json,3718433164dad2b1b188b1d50df7fc19e540b8b6506656d0850a073593a3a95a,6d289cc9c8ac7ebcca38ca621ef9b6f5fed741abdf75495e8797ede587d9e676,150736,0.0,13,11.460318249999546,150736,0.0,9,7.017928542220034,150736,0.0,5,3.089601084124297,150736,0.0,1,0.6641090830089524,150736,0.0,0,0
full_p3_seed17,full,case_060,3,2,5281,03_5001..10000,24,24,0,0,"{""success"": 24}",46.20899095805362,46.34239920799155,0.656265953,44.671894788974896,44.671894788974896,0,36.32305887516122,42.57212928729132,0,0.9634800018975511,0.5736161671811715,0.1334082499379292,412679,427523,21,cache,0,0,/Users/liyu/Desktop/中文题目/A题研究/advanced_solver/runs/formal_v2/full_p3_seed17/slots/case_060/p3_n2/attempt_0001/summary.json,09a2e74df96d90854b1d03058b5746f71f0beaf312555c09ebf54121b9c990ee,86432b5fd1d1c03809f2d969330019bcebbc4b57d882e25dfb1a8a269d3c37e1,431938,0.010326929779216565,20,39.49641032994259,431938,0.010326929779216565,16,29.646182746859267,431938,0.010326929779216565,12,18.163080664002337,431797,0.00999712296180566,8,11.699994789087214,427523,0.0,0,0
full_p3_seed17,full,case_060,3,3,5281,03_5001..10000,24,24,0,0,"{""success"": 24}",46.3029716250021,46.43927587498911,0.704213004,44.33964366663713,44.33964366663713,0,35.34320779517293,42.21809508278966,0,1.3770472921896726,0.5862806661752984,0.1363042499870062,417647,298487,21,cache,0,0,/Users/liyu/Desktop/中文题目/A题研究/advanced_solver/runs/formal_v2/full_p3_seed17/slots/case_060/p3_n3/attempt_0001/summary.json,8c217e99c693005e8652265893991e51a9f14f7b6ed15334d0315a4423b06e91,557b2ce04c25d7e69de4e1ebae1360ce869ff5e8bd6fd7ed4abff75c56604a46,303928,0.018228599570500492,20,39.329471834586,303928,0.018228599570500492,16,28.736987250624225,303928,0.018228599570500492,12,16.85569633473642,303615,0.01717997768747037,8,10.937701543793082,298487,0.0,0,0
full_p3_seed17,full,case_058,3,2,16575,04_>10000,23,23,0,0,"{""success"": 23}",260.93316633300856,261.1311404169537,2.530277178,256.7201367946109,256.7201367946109,0,233.60866074741352,254.22737799794413,0,2.8473962920252234,1.3656332463724539,0.19797408394515514,870075,2262720,20,cache,0,0,/Users/liyu/Desktop/中文题目/A题研究/advanced_solver/runs/formal_v2/full_p3_seed17/slots/case_058/p3_n2/attempt_0001/summary.json,cff8a82d49d1ae511af90c2a3d83debf3b1725205eec78ce0014e3334d03cfc5,9dafddd3f211ada94c0214f8dbee55f58b2f5ace5c04656a131e5f2b3299ad87,2264017,0.0005732039315513582,19,222.47357704432216,2264017,0.0005732039315513582,15,159.0159420853015,2263872,0.0005091217649555446,11,99.09913029219024,2263682,0.00042515202941584285,7,61.24503537605051,2262720,0.0,0,0
full_p3_seed17,full,case_060,3,4,5281,03_5001..10000,24,24,0,0,"{""success"": 24}",47.990525541012175,48.127770583028905,0.773424556,45.55151037569158,45.55151037569158,0,36.01979291671887,43.35605750081595,0,1.8381082069827244,0.6009069583378732,0.1372450420167297,421708,228568,24,cache,0,0,/Users/liyu/Desktop/中文题目/A题研究/advanced_solver/runs/formal_v2/full_p3_seed17/slots/case_060/p3_n4/attempt_0001/summary.json,dd14a5b575e30e73c54b346dc2e5bb2ab2569dad3beb3c6512555237c25229ac,af045b8bca144a4a8222a99de78fce807a2eb4ccf061227751514a2a5b882d79,230843,0.009953274299114412,20,40.3907710845815,230843,0.009953274299114412,16,29.883585376664996,230843,0.009953274299114412,12,17.942134085693397,230843,0.009953274299114412,8,11.807119918754324,228568,0.0,0,0
full_p3_seed17,full,case_060,3,5,5281,03_5001..10000,24,24,0,0,"{""success"": 24}",49.24266683298629,49.38749450002797,0.782445727,46.27789049723651,46.27789049723651,0,36.3863017919939,43.98465670691803,0,2.3496561670908704,0.6151201686589047,0.1448276670416817,426822,180655,24,cache,0,0,/Users/liyu/Desktop/中文题目/A题研究/advanced_solver/runs/formal_v2/full_p3_seed17/slots/case_060/p3_n5/attempt_0001/summary.json,387f679750bd58e5e7cc9f76f4bbc753ba69f7c21038468e65091d8b062c1238,1ad2e0328357b8abe13dc48653903657f574f9e5a7c31949831576ee350bf70b,182869,0.012255403946749288,20,40.936029665055685,182869,0.012255403946749288,16,29.90420654101763,182869,0.012255403946749288,12,17.595899584004655,182869,0.012255403946749288,8,11.643321500974707,180655,0.0,0,0
full_p3_seed17,full,case_061,3,2,1115,02_1001..5000,24,24,0,0,"{""success"": 24}",8.878436875063926,9.001232707989402,0.136253498,8.40443175425753,8.40443175425753,0,4.333127666148357,6.331199628068134,0,0.21861924894619733,0.2553858718601987,0.12279583292547613,243255,38566,21,cache,0,0,/Users/liyu/Desktop/中文题目/A题研究/advanced_solver/runs/formal_v2/full_p3_seed17/slots/case_061/p3_n2/attempt_0001/summary.json,b46350972cf2133aa559d77fefc20119188aa9369a588f138cbe7d69d6d9e7ff,fffaa45791bc0927a2936c735bb1326ab4ae2cf98f6f1b2546e6b62d4ae7600f,39272,0.018306280143131293,20,7.1389941272791475,39272,0.018306280143131293,16,5.468132293201052,39272,0.018306280143131293,12,3.742789834039286,39272,0.018306280143131293,8,2.4849450431065634,38566,0.0,0,0
full_p3_seed17,full,case_061,3,3,1115,02_1001..5000,24,24,0,0,"{""success"": 24}",9.27577879105229,9.400076083955355,0.150757098,8.687758001033217,8.687758001033217,0,4.543462042114697,6.662926918594167,0,0.32593833294231445,0.26208245707675815,0.12429729290306568,247546,26130,22,cache,0,0,/Users/liyu/Desktop/中文题目/A题研究/advanced_solver/runs/formal_v2/full_p3_seed17/slots/case_061/p3_n3/attempt_0001/summary.json,cba3f629c260d7c488c375376fa8d3450110bd8704a5c130076ceec54f6db070,48afe2a7cc24b65f0bb0d779aa363421331fbc39b7ee04e5921f25c8f2f9c71c,26642,0.01959433601224636,20,7.477956042042933,26642,0.01959433601224636,16,5.714536250103265,26642,0.01959433601224636,12,3.774443041998893,26642,0.01959433601224636,8,2.4982555409660563,26130,0.0,0,0
full_p3_seed17,full,case_061,3,4,1115,02_1001..5000,24,24,0,0,"{""success"": 24}",9.4188596670283,9.53577595797833,0.156345236,8.746207459596917,8.746207459596917,0,4.5848504601744935,6.777427749009803,0,0.4093210418941453,0.2633311655372381,0.11691629095003009,238388,23801,4,component,0,0,/Users/liyu/Desktop/中文题目/A题研究/advanced_solver/runs/formal_v2/full_p3_seed17/slots/case_061/p3_n4/attempt_0001/summary.json,28791384e263f967c07e8e296d671e9198dc3accff59424920e76647d53779ed,130d9c484558de7aaf71f9dffc3b7c5c5a5ce761e210b57083e3eb8fc07aacf0,23801,0.0,20,7.487638834747486,23801,0.0,16,5.701723375823349,23801,0.0,12,3.734092334867455,23801,0.0,8,2.5021616260055453,23801,0.0,0,0
full_p3_seed17,full,case_061,3,5,1115,02_1001..5000,24,24,0,0,"{""success"": 24}",9.593221290968359,9.71508933394216,0.160096523,8.860566704999655,8.860566704999655,0,4.625381169258617,6.815160873695277,0,0.45548658398911357,0.27716800197958946,0.1218680429738015,261562,21715,22,cache,0,0,/Users/liyu/Desktop/中文题目/A题研究/advanced_solver/runs/formal_v2/full_p3_seed17/slots/case_061/p3_n5/attempt_0001/summary.json,f6dbda6181ad176d255892ec4e77c5e3ae21511cd62b65d6ad451c165ac8bf60,cee640ebf49976dcb607b07aeee07f2f628b077b716ca9f50622297fe47f3ff2,22283,0.026157034308081917,20,7.596537873032503,22283,0.026157034308081917,16,5.778427373035811,22283,0.026157034308081917,12,3.793622708064504,21843,0.0058945429426664475,8,2.5163572910241783,21715,0.0,0,0
full_p3_seed17,full,case_058,3,3,16575,04_>10000,18,18,0,0,"{""success"": 18}",223.64476258400828,223.84921450004913,2.495970926,218.67474862595554,218.67474862595554,0,195.81304750195704,216.58350745914504,0,3.6382302490528673,1.3317837089998648,0.20445191604085267,842574,1554261,15,cache,0,0,/Users/liyu/Desktop/中文题目/A题研究/advanced_solver/runs/formal_v2/full_p3_seed17/slots/case_058/p3_n3/attempt_0001/summary.json,5d3b5f092cc56b804bb5c2dd8eede191887119ef56a96caf76b7e59aa7c34a88,13c4343cae54e37834ed717355d89da11ea98b03fb909b87ff5b9e6fdf90f37f,1554831,0.0003667337725130615,14,186.49862037599087,1554831,0.0003667337725130615,10,127.74599912611302,1554831,0.0003667337725130615,6,54.762778959120624,1554261,0.0,2,16.99722266709432,1554261,0.0,0,0
full_p3_seed17,full,case_058,3,4,16575,04_>10000,17,17,0,0,"{""success"": 17}",213.5416177919833,213.74894862493966,2.100474288,206.8868157917168,206.8868157917168,0,184.03888379095588,204.87133037368767,0,5.220318541047163,1.4344834592193365,0.2073308329563588,836916,1128019,14,cache,0,0,/Users/liyu/Desktop/中文题目/A题研究/advanced_solver/runs/formal_v2/full_p3_seed17/slots/case_058/p3_n4/attempt_0001/summary.json,ed84e1970fcc525fc2f60fbbdcaa93fb554b63ec1df91efed83af1584dd06141,78adb4d45e863299a6cc4520520d1fec87f938d02ebb7f5664abaa942926fee0,1129251,0.001092180184908198,13,169.88567854173016,1129251,0.001092180184908198,9,109.76657679281197,1129251,0.001092180184908198,5,39.027475499897264,1128019,0.0,1,7.751436332939193,1128019,0.0,0,0
full_p3_seed17,full,case_062,3,2,19636,04_>10000,18,18,0,0,"{""success"": 18}",323.52604733395856,323.7257683329517,2.520142271,318.6488642510958,318.6488642510958,0,291.6980483329389,316.34127028950024,0,3.243436709046364,1.6337463738163933,0.19972099899314344,650140,1578725,14,trace,0,0,/Users/liyu/Desktop/中文题目/A题研究/advanced_solver/runs/formal_v2/full_p3_seed17/slots/case_062/p3_n2/attempt_0001/summary.json,4f71afa2ca0c5257823ccabd102337f118c0315ed3a65c21e8c65fcfe270e2a3,e6e0c7fdd205811f9aa11c00140718479cf66114b5ffe8ca6f939f9660225590,1579389,0.000420592566786393,14,245.80400300223846,1579231,0.0003205118054125933,10,154.29836258513387,1579203,0.000302775974283076,6,88.13716037594713,1578725,0.0,2,25.970943916938268,1578725,0.0,0,0
full_p3_seed17,full,case_058,3,5,16575,04_>10000,18,18,0,0,"{""success"": 18}",193.203350875061,193.40905545803253,2.376370413,186.0258196243085,186.0258196243085,0,164.0281142089516,184.1241819971474,0,5.8130432069301605,1.3644880438223481,0.20570458297152072,849944,898391,15,cache,1,0,/Users/liyu/Desktop/中文题目/A题研究/advanced_solver/runs/formal_v2/full_p3_seed17/slots/case_058/p3_n5/attempt_0001/summary.json,80807db4b64a2fe72e30369c4aebc56fe01838c722ca80163f1cafa024bcea90,e8f8c0b0d5dd2380ea6cc474dc83720bd492e86f3546e0e337a298bfaff84888,912018,0.015168228533010586,14,156.07991349918302,912018,0.015168228533010586,10,107.29066545923706,912018,0.015168228533010586,6,45.258141917176545,898391,0.0,2,14.002248084056191,898391,0.0,0,0
full_p3_seed17,full,case_063,3,2,7360,03_5001..10000,21,21,0,0,"{""success"": 21}",77.89322820899542,78.03698079206515,1.08194485,76.03494145721197,76.03494145721197,0,64.21138879214413,74.1049246249022,0,1.1404374587582424,0.7178492930252105,0.14375258306972682,333714,548808,15,trace,0,0,/Users/liyu/Desktop/中文题目/A题研究/advanced_solver/runs/formal_v2/full_p3_seed17/slots/case_063/p3_n2/attempt_0001/summary.json,ad431435d4129ce637342a9f8e482c5a18856aa477e63c24d03f19a6c0929f7b,526b1923166e198a863d6a65eb9a954f2defebfe6bc3445f57cddaac8112b0c9,577254,0.05183233480561511,17,60.632358706207015,576419,0.05031085552688741,13,42.82108679006342,576413,0.05029992274165096,9,30.06046758312732,548808,0.0,5,18.41565870901104,548808,0.0,0,0
full_p3_seed17,full,case_062,3,3,19636,04_>10000,21,21,0,0,"{""success"": 21}",270.76396875001956,270.95556437503546,2.780164398,265.5536233325256,265.5536233325256,0,238.63272645696998,263.10170925117563,0,3.5213649998186156,1.6889804176753387,0.191595625015907,675861,1083732,17,trace,0,0,/Users/liyu/Desktop/中文题目/A题研究/advanced_solver/runs/formal_v2/full_p3_seed17/slots/case_062/p3_n3/attempt_0001/summary.json,c2e0d7164948335e980eb4693f0074ef19fae3481c006264e77db8906583c8a8,ead7a24b79651c7d3692bbe98e7e950630eab62a20376018e352bef81598ef39,1085945,0.002042017768230542,17,211.46417358261533,1085087,0.0012503091170141811,13,148.5525405826047,1084899,0.00107683449413698,9,99.73830045782961,1084899,0.00107683449413698,5,55.01648970786482,1083732,0.0,0,0
full_p3_seed17,full,case_063,3,3,7360,03_5001..10000,21,21,0,0,"{""success"": 21}",67.16078150004614,67.31689308292698,1.033366606,65.08579437597655,65.08579437597655,0,53.60461941489484,63.034179168054834,0,1.31433320697397,0.7606539170956239,0.1561115828808397,467066,337562,18,cache,0,0,/Users/liyu/Desktop/中文题目/A题研究/advanced_solver/runs/formal_v2/full_p3_seed17/slots/case_063/p3_n3/attempt_0001/summary.json,6c384833d24a3fa8610f9dcc1453e3e4677c3c747eb3860e9938701bd505e38b,16d9593867cc0ac5c8362f2f546a12ebf7fa259f479329fc2faa0619b35ae248,397474,0.1774844324894389,17,51.554078750894405,396730,0.1752803929352238,13,35.30367479182314,396704,0.17520337004757636,9,23.95454500091728,350910,0.03954236555062485,5,13.84050475107506,337562,0.0,0,0
full_p3_seed17,full,case_063,3,4,7360,03_5001..10000,21,21,0,0,"{""success"": 21}",62.89178858301602,63.05472037498839,0.996507582,60.69107879209332,60.69107879209332,0,49.422806166810915,58.6173677504994,0,1.4243747920263559,0.7763349988963455,0.16293179197236896,469972,272966,19,cache,0,0,/Users/liyu/Desktop/中文题目/A题研究/advanced_solver/runs/formal_v2/full_p3_seed17/slots/case_063/p3_n4/attempt_0001/summary.json,0210ac7187701040c36893a091b32445e16a01f9cfd882916fe6efcefa63ec86,24da0c94153495a05b1fa563993f65453796f779128cdfa75bb6d3607e083ff1,302486,0.10814533678187033,17,47.723532710107975,302216,0.1071562026039874,13,32.71840650297236,302216,0.1071562026039874,9,22.478465335909277,275977,0.011030677813353984,5,13.05882637691684,272966,0.0,0,0
full_p3_seed17,full,case_063,3,5,7360,03_5001..10000,21,21,0,0,"{""success"": 21}",62.27829179202672,62.43584229098633,1.005373932,59.804730873554945,59.804730873554945,0,48.401984293130226,57.7127584569389,0,1.6583063749130815,0.8152545435586944,0.15755049895960838,473424,206181,18,cache,0,0,/Users/liyu/Desktop/中文题目/A题研究/advanced_solver/runs/formal_v2/full_p3_seed17/slots/case_063/p3_n5/attempt_0001/summary.json,68f6e188e6fa38634f1a5b5b640f4b94bfeb63fa2bb5290ab06e7fca82707f1f,523e407bf9d500c2dfae0a333a582527922b04f930ed8f376e4ae32792aee6b4,251447,0.21954496292092873,17,46.86361066659447,250837,0.2165863973887021,13,31.91275424871128,250597,0.21542237160553102,9,21.869102414813824,209193,0.014608523578797161,5,12.63153974886518,206181,0.0,0,0
full_p3_seed17,full,case_064,3,2,906,01_<=1000,21,20,1,0,"{""success"": 21}",5.575158957974054,5.702339958050288,0.083414981,5.232923664734699,5.211059998720884,0.02186366601381451,2.3357039992697537,3.7168034978676587,0,0.12195733480621129,0.2202779584331438,0.12718100007623434,203996,14566,19,cache,0,0,/Users/liyu/Desktop/中文题目/A题研究/advanced_solver/runs/formal_v2/full_p3_seed17/slots/case_064/p3_n2/attempt_0001/summary.json,bea9e8dc956c837e806f7168f2531fe65b1bfbdd444e8cd56b6f88ecbff46b30,fbec4f1572230cd57662609bbc28ac71486c2dfc1bb3086a64ae956822c4246f,14632,0.004531099821502238,17,4.434555123676546,14632,0.004531099821502238,13,3.270098707638681,14632,0.004531099821502238,9,2.2590076236519963,14632,0.004531099821502238,5,1.2939139157533646,14566,0.0,0,0
full_p3_seed17,full,case_064,3,3,906,01_<=1000,21,21,0,0,"{""success"": 21}",6.271866707946174,6.3960662499303,0.103642385,5.903276499011554,5.903276499011554,0,2.603585915872827,4.163677788921632,0,0.14863250101916492,0.2199577079154551,0.12419954198412597,219935,10823,21,cache,0,0,/Users/liyu/Desktop/中文题目/A题研究/advanced_solver/runs/formal_v2/full_p3_seed17/slots/case_064/p3_n3/attempt_0001/summary.json,c2bb47aee0e6d096862718fa91eb51d52777ff938095298b88ab38fe251c7d25,613f607ec36008fea46de4c173c22af71f021d6e1f52d0b5c023b7fbecbb5630,12340,0.14016446456620169,17,4.8259067489998415,12340,0.14016446456620169,13,3.6462635409552604,12340,0.14016446456620169,9,2.58144070697017,10928,0.009701561489420696,5,1.4674972500652075,10823,0.0,0,0
full_p3_seed17,full,case_064,3,4,906,01_<=1000,21,21,0,0,"{""success"": 21}",6.535032916930504,6.656406500027515,0.103462135,6.141203582868911,6.141203582868911,0,2.8138662087731063,4.412922164425254,0,0.17272970802150667,0.22109962604008615,0.12137358309701085,210502,9149,5,operation,0,0,/Users/liyu/Desktop/中文题目/A题研究/advanced_solver/runs/formal_v2/full_p3_seed17/slots/case_064/p3_n4/attempt_0001/summary.json,1efea6a6afa9f5220c29b8b6c877abb54d6d4abb3d27b96e3389ca218f180a08,d532e402da0a425dd01d1ed06faa1611bd7b2f448d57b9b1efcb007ef0053a40,9524,0.04098808612963167,17,5.0527442077873275,9149,0.0,13,3.8277731669368222,9149,0.0,9,2.651493125129491,9149,0.0,5,1.4756961660459638,9149,0.0,0,0
full_p3_seed17,full,case_064,3,5,906,01_<=1000,21,20,1,0,"{""success"": 21}",6.433391583967023,6.553768875077367,0.112148821,6.012275417684577,5.995709375594743,0.01656604208983481,2.834618917782791,4.404703375068493,0,0.19158091593999416,0.22953525034245104,0.12037729111034423,220324,8516,15,trace,0,0,/Users/liyu/Desktop/中文题目/A题研究/advanced_solver/runs/formal_v2/full_p3_seed17/slots/case_064/p3_n5/attempt_0001/summary.json,f65f27069ee4459f78150796aecda6a6a8c4bb3746c9c28f6289c6698d81c157,536233056af4e866e3ec0565079882343e896cc690b223e0ef40afd667ea9dde,8867,0.04121653358384214,17,5.105183250736445,8867,0.04121653358384214,13,3.8234344597440213,8867,0.04121653358384214,9,2.6502157509094104,8516,0.0,5,1.4700177928898484,8516,0.0,0,0
full_p3_seed17,full,case_065,3,2,704,01_<=1000,24,24,0,0,"{""success"": 24}",6.607972417026758,6.7258428749628365,0.092505207,6.229232499026693,6.229232499026693,0,2.554484877618961,4.176557291066274,0,0.14884645806159824,0.22989345993846655,0.11787045793607831,211375,23611,4,component,0,0,/Users/liyu/Desktop/中文题目/A题研究/advanced_solver/runs/formal_v2/full_p3_seed17/slots/case_065/p3_n2/attempt_0001/summary.json,26ccb8b5ff81781e172a047cb0c337a2ec64c74826edaa8fc50da1cfd5860c21,b9ffa9e80a31fb77d13b9ae04e8fc87e862149bc7a94f755cae7a12c1d1324c9,23611,0.0,20,5.263452915940434,23611,0.0,16,4.143885414930992,23611,0.0,12,2.8685838320525363,23611,0.0,8,1.9086860400857404,23611,0.0,0,0
full_p3_seed17,full,case_065,3,3,704,01_<=1000,18,18,0,0,"{""success"": 18}",5.437187124975026,5.553554250043817,0.081695153,5.045979459886439,5.045979459886439,0,2.094087666948326,3.4193817080231383,0,0.2060929990839213,0.1851146660046652,0.11636712506879121,189844,17093,16,cache,0,0,/Users/liyu/Desktop/中文题目/A题研究/advanced_solver/runs/formal_v2/full_p3_seed17/slots/case_065/p3_n3/attempt_0001/summary.json,d5c9535916975940a5b3197776af021f15ada44ca43a25ba232a8d6e596c4567,e10c964bd4066738e84dc51f8524c016ba6d9ee39cf31580adc9e0b1323a0207,17969,0.05124904931843455,14,4.077513876836747,17969,0.05124904931843455,10,2.828452626010403,17969,0.05124904931843455,6,1.4479630830464885,17093,0.0,2,0.4772882499964908,17093,0.0,0,0
full_p3_seed17,full,case_062,3,4,19636,04_>10000,18,18,0,0,"{""success"": 18}",224.93266150006093,225.13199491705745,2.542916251,219.46234049799386,219.46234049799386,0,194.76028612267692,217.2946452080505,0,3.8802552501438186,1.5900657519232482,0.19933341699652374,655510,837097,11,trace,0,0,/Users/liyu/Desktop/中文题目/A题研究/advanced_solver/runs/formal_v2/full_p3_seed17/slots/case_062/p3_n4/attempt_0001/summary.json,4c3b143d87b53444dab4151474645d47bc831f3a57de1eb443849e6f0701d5c7,645a3e18d72fafad225c206c7d63f6fd56412e379d8df2d3fb68868da76da85f,837816,0.0008589207702334178,14,167.7501939991489,837606,0.0006080537858814683,10,106.49643491697498,837097,0.0,6,61.30997954192571,837097,0.0,2,19.026118583977222,837097,0.0,0,0
full_p3_seed17,full,case_065,3,4,704,01_<=1000,24,24,0,0,"{""success"": 24}",7.005740665947087,7.1237006249139085,0.104674466,6.498957581934519,6.498957581934519,0,2.649610208813101,4.3378766648238525,0,0.27156045800074935,0.23522262601181865,0.11795995896682143,224685,12999,3,component,0,0,/Users/liyu/Desktop/中文题目/A题研究/advanced_solver/runs/formal_v2/full_p3_seed17/slots/case_065/p3_n4/attempt_0001/summary.json,4f6a0fd4efcbc6463a2f7a14c97c3dcf7a38b9a1ce2a85d191a13659820d504a,fc7b2ff4cbf27e6f91a12e1e919433bc6e8991f12db066fedbdb1003ffc1d88e,12999,0.0,20,5.533053082996048,12999,0.0,16,4.251982416957617,12999,0.0,12,2.875518999877386,12999,0.0,8,1.9169999998994172,12999,0.0,0,0
full_p3_seed17,full,case_065,3,5,704,01_<=1000,24,24,0,0,"{""success"": 24}",7.063838166068308,7.185519457911141,0.100839934,6.4725197912193835,6.4725197912193835,0,2.6550267493585125,4.343543376540765,0,0.34834620892070234,0.24297216592822224,0.12168129184283316,236050,10448,22,cache,0,0,/Users/liyu/Desktop/中文题目/A题研究/advanced_solver/runs/formal_v2/full_p3_seed17/slots/case_065/p3_n5/attempt_0001/summary.json,879ace7f1ee8c55392978d256c48899c4fb1f895daca8599e858db35b6f35ff0,e92eebc121e356403fa8a2f994c55094226d67606d888752fbbf81570fada81a,11817,0.1310298621745789,20,5.497237832052633,11817,0.1310298621745789,16,4.276375082088634,11817,0.1310298621745789,12,2.89262787415646,10461,0.0012442572741193647,8,1.9280019999714568,10448,0.0,0,0
full_p3_seed17,full,case_066,3,2,5962,03_5001..10000,24,24,0,0,"{""success"": 24}",45.15255962498486,45.30714762501884,0.537249039,43.472862124210224,43.472862124210224,0,35.39987225225195,41.22048671077937,0,0.980694541009143,0.6990029597654939,0.1545880000339821,438404,193293,24,cache,0,0,/Users/liyu/Desktop/中文题目/A题研究/advanced_solver/runs/formal_v2/full_p3_seed17/slots/case_066/p3_n2/attempt_0001/summary.json,4df9bcf10afcc24bb1ba4764f3217d435938a1d57a880134abfa624deb9104b9,de154433498d951f9afc76186fa850eaac5fafd30c0d599e37dbe6d94d46197d,248146,0.28378161650965117,20,38.30316479119938,199929,0.03433130015054875,16,30.029272249201313,199929,0.03433130015054875,12,20.28329795715399,199929,0.03433130015054875,8,13.740602832986042,193293,0.0,0,0
full_p3_seed17,full,case_066,3,3,5962,03_5001..10000,24,24,0,0,"{""success"": 24}",45.28508041694295,45.43619054206647,0.646869616,43.23858446069062,43.23858446069062,0,34.50712549861055,41.002017000108026,0,1.317995083052665,0.7285008731996641,0.15111012512352318,440852,134574,23,cache,0,0,/Users/liyu/Desktop/中文题目/A题研究/advanced_solver/runs/formal_v2/full_p3_seed17/slots/case_066/p3_n3/attempt_0001/summary.json,93ce935986ea1a0d796990d6fdc7ef53c5732adc1ac7b4d12037b51a0c024936,1e9e9cd3d75b6df9ba6fe07f149492b7ca6de4c700b166654495f1173ec01e0e,248976,0.8501047750679924,20,38.287291252752766,136444,0.013895700506784348,16,29.787051834748127,136444,0.013895700506784348,12,19.339122875826433,136444,0.013895700506784348,8,13.055116374976933,134574,0.0,0,0
full_p3_seed17,full,case_066,3,4,5962,03_5001..10000,24,24,0,0,"{""success"": 24}",45.691224041976966,45.85728970891796,0.694858882,43.354348703986034,43.354348703986034,0,34.34086554299574,41.257489040028304,0,1.590594333014451,0.7462810049764812,0.16606566694099456,444118,120291,21,cache,0,0,/Users/liyu/Desktop/中文题目/A题研究/advanced_solver/runs/formal_v2/full_p3_seed17/slots/case_066/p3_n4/attempt_0001/summary.json,c888f478211f273e0b2e6ca9ffe81e8a05a0698d616d9881d7f4f037982366bc,b92c4671a347ca2f55550294a7cf98a502c2a711f57e82796598e112d0fa7343,249614,1.0750845865442966,20,38.559078913065605,122090,0.014955399822098148,16,30.367999579990283,122090,0.014955399822098148,12,20.109886913909577,122090,0.014955399822098148,8,13.58148474805057,120291,0.0,0,0
full_p3_seed17,full,case_066,3,5,5962,03_5001..10000,24,24,0,0,"{""success"": 24}",46.43711725005414,46.59186091693118,0.734491485,43.82012262311764,43.82012262311764,0,34.42277791700326,41.68445900036022,0,1.8766083328519017,0.7403862940846011,0.15474366687703878,448641,106776,23,cache,0,0,/Users/liyu/Desktop/中文题目/A题研究/advanced_solver/runs/formal_v2/full_p3_seed17/slots/case_066/p3_n5/attempt_0001/summary.json,72e224774104b11f27fa954711c8e661be1723d535d867ca48737a107a31ada9,3697ead8c6caa29ab07f69fb2b20446e415fb15fec13dcdbc5e28cb1596d94f1,249842,1.3398703828575709,20,38.749264040146954,110300,0.03300367123698211,16,30.287859208183363,110300,0.03300367123698211,12,20.328940541134216,110300,0.03300367123698211,8,13.656044041155837,106776,0.0,0,0
full_p3_seed17,full,case_062,3,5,19636,04_>10000,18,18,0,0,"{""success"": 18}",203.40892037493177,203.60746241698507,2.452841749,197.51997828879394,197.51997828879394,0,173.69275950081646,195.43406787642743,0,4.285785499261692,1.603156586876139,0.1985420420533046,659569,690843,10,trace,0,0,/Users/liyu/Desktop/中文题目/A题研究/advanced_solver/runs/formal_v2/full_p3_seed17/slots/case_062/p3_n5/attempt_0001/summary.json,6479c9d3eb4a48ce62dfb566477933c934492d60a26a37a1cb6ccaeb16e1f5a3,a757c9497ed9f1c1cbc8c287280403c63c4e8f59be9bd80299ea5d5fdbebc528,691827,0.0014243467763297435,14,149.91736791387666,690990,0.00021278351231757142,10,93.97600995597895,690843,0.0,6,53.5887519979151,690843,0.0,2,17.4462601239793,690843,0.0,0,0
full_p3_seed17,full,case_068,3,2,5351,03_5001..10000,24,24,0,0,"{""success"": 24}",41.68376508401707,41.82951216597576,0.549719464,40.16540171019733,40.16540171019733,0,32.52883883356117,38.243501913850196,0,0.889373917132616,0.6289894566871226,0.1457470819586888,413509,202414,21,cache,0,0,/Users/liyu/Desktop/中文题目/A题研究/advanced_solver/runs/formal_v2/full_p3_seed17/slots/case_068/p3_n2/attempt_0001/summary.json,bd1539f36a25dbdc8fb8ef55dcf9336ad8ede4f66d9e7db13a88e57cab96f72e,5294fc5eb36b48b478c80a38edd3e2740d49604fc0ec793e5e6740dbf1fbd215,302408,0.49400733150869014,20,35.32556479307823,207314,0.024207811712628535,16,28.189636750961654,207314,0.024207811712628535,12,19.908950833952986,207314,0.024207811712628535,8,13.453148292959668,202414,0.0,0,0
full_p3_seed17,full,case_068,3,3,5351,03_5001..10000,24,24,0,0,"{""success"": 24}",43.41192866594065,43.546697707963176,0.626927319,41.591123668360524,41.591123668360524,0,32.85185304225888,39.33604520885274,0,1.1611234990414232,0.6596814985387027,0.13476904202252626,364687,150684,18,trace,0,0,/Users/liyu/Desktop/中文题目/A题研究/advanced_solver/runs/formal_v2/full_p3_seed17/slots/case_068/p3_n3/attempt_0001/summary.json,49d6ef1ff29338ce68a2feef5ad47fc039dfa9032443f400b647bf14b2900593,efa40ea848508464daf30600302161f890b9a87a59eff2d9b14ed810dde9a772,303144,1.0117862546786651,20,36.60780608537607,166312,0.1037137320485253,16,29.160713959368877,166312,0.1037137320485253,12,20.561215792200528,166263,0.10338854822011623,8,13.85954683413729,150684,0.0,0,0
full_p3_seed17,full,case_067,3,2,8804,03_5001..10000,24,24,0,0,"{""success"": 24}",118.24845470895525,118.4273893329082,1.360768664,115.19684303726535,115.19684303726535,0,99.86449620930944,113.03199291613419,0,1.9635719580110162,1.0880397136788815,0.178934623952955,561484,30179959,21,cache,1,0,/Users/liyu/Desktop/中文题目/A题研究/advanced_solver/runs/formal_v2/full_p3_seed17/slots/case_067/p3_n2/attempt_0001/summary.json,fa40286cb62c6e3122bcb81494d6293d87a78db50c7461825fd3d1acb0fab22f,275b67a01f83bc3d791b6c837db197d2c97daec25f999991a4c5d7552878948c,33768704,0.11891152668563931,20,101.77665570413228,30315051,0.0044762154912139085,16,82.95555278821848,30275251,0.0031574595578476305,12,63.193308581016026,30267236,0.0028918859697588672,8,42.628125124028884,30179959,0.0,0,0
full_p3_seed17,full,case_068,3,4,5351,03_5001..10000,24,24,0,0,"{""success"": 24}",42.566443584044464,42.71180175000336,0.657301802,40.5530685831327,40.5530685831327,0,31.733779083006084,38.31326616532169,0,1.3564224579604343,0.6569525429513305,0.14535816595889628,376522,130760,18,trace,0,0,/Users/liyu/Desktop/中文题目/A题研究/advanced_solver/runs/formal_v2/full_p3_seed17/slots/case_068/p3_n4/attempt_0001/summary.json,72887829b22107260469d49bc82b724ac0df6c4ea314022189727f10ec77dd9f,8199896823013b46186e07c1cd2ca707566cd461e2268d6d948f00261903137b,303281,1.3193713673906395,20,35.57048187509645,147766,0.13005506271030898,16,28.184208376216702,147766,0.13005506271030898,12,19.847896710271016,147766,0.13005506271030898,8,13.421157750999555,130760,0.0,0,0
full_p3_seed17,full,case_068,3,5,5351,03_5001..10000,24,24,0,0,"{""success"": 24}",44.962616583914496,45.10690058302134,0.734362481,42.658667166833766,42.658667166833766,0,33.29266887588892,40.465467624831945,0,1.6128125002142042,0.691136916866526,0.14428399910684675,384524,123937,18,trace,0,0,/Users/liyu/Desktop/中文题目/A题研究/advanced_solver/runs/formal_v2/full_p3_seed17/slots/case_068/p3_n5/attempt_0001/summary.json,0f5a98c4c1a822b2123c21138e3b8af99d16db85e3eb47e66e3162ac5ccfc612,c497a858b3241fdc08ebd46120bf12033c42b568d2a16fc976f9bc902e12fc9c,304058,1.4533270936040084,20,37.64641670882702,141217,0.13942567594826394,16,30.2520183759043,141217,0.13942567594826394,12,21.326335583929904,141217,0.13942567594826394,8,14.324435041984543,123937,0.0,0,0
full_p3_seed17,full,case_069,3,2,1032,02_1001..5000,21,21,0,0,"{""success"": 21}",7.252751916996203,7.387651499942876,0.110364642,6.840966416639276,6.840966416639276,0,3.349826918100007,5.047822710941546,0,0.15132462594192475,0.26046087441500276,0.13489958294667304,213721,13476,18,cache,0,0,/Users/liyu/Desktop/中文题目/A题研究/advanced_solver/runs/formal_v2/full_p3_seed17/slots/case_069/p3_n2/attempt_0001/summary.json,d3a67bfc754499c32a6457b4ff81e8614f305d070b36bc886e1253a3b2d48a1a,143b0442ed11ca7dc66557585e62fd5b94d0a6d5f0cb6f1d61c33e0cd32d5f5c,15750,0.16874443455031174,17,5.6433639586903155,15750,0.16874443455031174,13,4.243802249664441,15383,0.14151083407539322,9,2.9653202916961163,14086,0.04526565746512312,5,1.671329665929079,13476,0.0,0,0
full_p3_seed17,full,case_069,3,3,1032,02_1001..5000,21,21,0,0,"{""success"": 21}",7.08602475002408,7.216261332971044,0.114945337,6.67337933217641,6.67337933217641,0,3.307089457870461,5.034987710532732,0,0.17672608396969736,0.23591933387797326,0.1302365829469636,215536,10221,15,trace,0,0,/Users/liyu/Desktop/中文题目/A题研究/advanced_solver/runs/formal_v2/full_p3_seed17/slots/case_069/p3_n3/attempt_0001/summary.json,7d956d60560f9f39c68f4cfa0cbc0a50acf707420483102404959978f26c9d84,34bcfa53d04dea8f99eb3de8be5ab1d084756cc0e21f18cee661282f58597fa6,11566,0.13159182076117792,17,5.365588874090463,11566,0.13159182076117792,13,3.8655118320602924,11566,0.13159182076117792,9,2.6546824981924146,10221,0.0,5,1.4721099979942665,10221,0.0,0,0
full_p3_seed17,full,case_069,3,4,1032,02_1001..5000,21,21,0,0,"{""success"": 21}",7.326383417006582,7.448338457965292,0.119867992,6.892307835048996,6.892307835048996,0,3.4092703739879653,5.196857416070998,0,0.196105876006186,0.2379697059514001,0.12195504095871001,227147,9460,19,cache,0,0,/Users/liyu/Desktop/中文题目/A题研究/advanced_solver/runs/formal_v2/full_p3_seed17/slots/case_069/p3_n4/attempt_0001/summary.json,ec76d28d50655ab0774206113229908403dcd0272a37a01b3f94fcc86bd52b4d,4d440442a6ca3275c2b8d0912eb40c0c48165c5a2b5d8039fe45c96c84db38eb,10695,0.13054968287526436,17,5.585641918121837,10695,0.13054968287526436,13,4.025989543180913,10695,0.13054968287526436,9,2.756771626183763,9830,0.03911205073995783,5,1.5703121260739863,9460,0.0,0,0
full_p3_seed17,full,case_069,3,5,1032,02_1001..5000,21,21,0,0,"{""success"": 21}",7.618950166972354,7.743671832955442,0.126889023,7.152580709895119,7.152580709895119,0,3.515231749974191,5.329924291931093,0,0.21926537505351007,0.2471040820237249,0.12472166598308831,229597,9998,18,cache,0,0,/Users/liyu/Desktop/中文题目/A题研究/advanced_solver/runs/formal_v2/full_p3_seed17/slots/case_069/p3_n5/attempt_0001/summary.json,6d03f6964bc3e8993db0619df97b6e5c89a9adc0a49a4f8eecf03072f4b174f4,e39544c574c47f25ff030132f60d2438330ffbaebda4033f16f6c172b9d4e8f8,10856,0.08581716343268653,17,5.802999876090325,10414,0.041608321664332815,13,4.247336542000994,10414,0.041608321664332815,9,2.9200834590010345,10185,0.018703740748149622,5,1.6982590008992702,9998,0.0,0,0
full_p3_seed17,full,case_070,3,2,1191,02_1001..5000,24,24,0,0,"{""success"": 24}",8.838168832939118,8.96439774997998,0.124308271,8.339976663002744,8.339976663002744,0,4.36509370605927,6.382623916957527,0,0.22272349894046783,0.275468670995906,0.12622891704086214,252135,53144,22,cache,0,0,/Users/liyu/Desktop/中文题目/A题研究/advanced_solver/runs/formal_v2/full_p3_seed17/slots/case_070/p3_n2/attempt_0001/summary.json,8f2964ba66f21e22ed1f01a3ab90a0b7d090d917e79d4acdd61677f94bdcf2c4,8e8a27a0bad89d6de8fecfb3333d3c901fb5e86ab28a142933a5a80c339a55fa,56581,0.06467334035827177,20,7.153750581084751,56581,0.06467334035827177,16,5.540766040096059,56581,0.06467334035827177,12,3.6565072080120444,54019,0.01646469968387776,8,2.4765072079608217,53144,0.0,0,0
full_p3_seed17,full,case_070,3,3,1191,02_1001..5000,24,24,0,0,"{""success"": 24}",9.394588125054725,9.524069792008959,0.155657951,8.84684837423265,8.84684837423265,0,4.6277564553311095,6.801846417132765,0,0.2623925000661984,0.2853472507558763,0.12948166695423424,241325,40678,4,component,0,0,/Users/liyu/Desktop/中文题目/A题研究/advanced_solver/runs/formal_v2/full_p3_seed17/slots/case_070/p3_n3/attempt_0001/summary.json,fc47d190ec1015a6b8479214e84d3deb2992f6aa1f82993c6bb9bbb22bb3745c,72e0efa86292fe0a74d6ca49a0d9327a95766b6c8428e3322ccded06eabc4be8,40678,0.0,20,7.661093167262152,40678,0.0,16,5.8541228752583265,40678,0.0,12,3.7737367092631757,40678,0.0,8,2.5914476251928136,40678,0.0,0,0
full_p3_seed17,full,case_067,3,3,8804,03_5001..10000,24,24,0,0,"{""success"": 24}",119.60698716703337,119.76807212503627,1.634356817,116.05182670999784,116.05182670999784,0,98.8716658311896,113.65006733103655,0,2.403861042112112,1.1512994149234146,0.16108495800290257,563716,20039851,22,cache,1,0,/Users/liyu/Desktop/中文题目/A题研究/advanced_solver/runs/formal_v2/full_p3_seed17/slots/case_067/p3_n3/attempt_0001/summary.json,32d234348ced844041d0354f4bab62e089c8ed0dc3b51e3ae83e48fb03d1494e,74dac8d59846071cba65593c33a5e0b0ddafe4b4b0b32614e340135008bbb7b6,23568859,0.17609951291554005,20,103.93128504301421,20104004,0.003201271306857434,16,85.46589941694401,20089014,0.002453261753293523,12,65.21237812493928,20088386,0.0024219241949454684,8,43.57344820792787,20039851,0.0,0,0
full_p3_seed17,full,case_070,3,4,1191,02_1001..5000,24,24,0,0,"{""success"": 24}",9.63757187500596,9.77035095798783,0.168584231,8.970033542369492,8.970033542369492,0,4.764475498930551,6.9689782098867,0,0.37875783490017056,0.28878049773629755,0.13277908298186958,248943,31817,14,trace,0,0,/Users/liyu/Desktop/中文题目/A题研究/advanced_solver/runs/formal_v2/full_p3_seed17/slots/case_070/p3_n4/attempt_0001/summary.json,a26d2d5145d42bd1099aa92d9ea631cbce06decdd9adb04b354f017c099909de,732e0cf742f844a6785213d303b09e0838fd1133edbc71fb32146535b6faf00f,33061,0.039098595090674815,20,7.777891792473383,33061,0.039098595090674815,16,5.916672166436911,33061,0.039098595090674815,12,3.778384417295456,31817,0.0,8,2.609689874225296,31817,0.0,0,0
full_p3_seed17,full,case_070,3,5,1191,02_1001..5000,24,24,0,0,"{""success"": 24}",9.847454458009452,9.977379459072836,0.165028733,9.078735835035332,9.078735835035332,0,4.858879086212255,7.101316498010419,0,0.47297270910348743,0.29574591387063265,0.12992500106338412,264234,26656,21,cache,0,0,/Users/liyu/Desktop/中文题目/A题研究/advanced_solver/runs/formal_v2/full_p3_seed17/slots/case_070/p3_n5/attempt_0001/summary.json,27c7df4f8c04a214bdd85d99c31ac86c896b312d51cbd256c22b9b400ddee309,2aa74a53cc89473717bf98da727e3680367bae437a57e7f178137a0fb1a5cde8,26657,3.7515006002353246e-05,20,7.782577083795331,26657,3.7515006002353246e-05,16,5.8757084587123245,26657,3.7515006002353246e-05,12,3.690601915703155,26657,3.7515006002353246e-05,8,2.5211602507624775,26656,0.0,0,0
full_p3_seed17,full,case_071,3,2,741,01_<=1000,21,19,2,0,"{""success"": 21}",5.048711832961999,5.170444457908161,0.080839806,4.743605043971911,4.720920043997467,0.02268499997444451,1.8904170849127695,3.1564454563194886,0,0.10167645907495171,0.2034303299151361,0.1217326249461621,201464,10679,18,cache,0,0,/Users/liyu/Desktop/中文题目/A题研究/advanced_solver/runs/formal_v2/full_p3_seed17/slots/case_071/p3_n2/attempt_0001/summary.json,cedbff3e86bf2d53f0084378ab2976243d6e41dfe66673ffec8ba9e39b64815d,3b9ee857e4a4cd2f1e80fb527dfd3001a94da317e0c2fd8b23a822d8183f978d,11714,0.09691918718981185,17,4.243118252023123,11714,0.09691918718981185,13,3.1665970850735903,11327,0.06067983893622997,9,2.146214625914581,10752,0.006835846053001138,5,1.1842815008712932,10679,0.0,0,0
full_p3_seed17,full,case_071,3,3,741,01_<=1000,21,12,9,0,"{""success"": 21}",3.5223983749747276,3.6449386249296367,0.089352798,3.1913660031277686,3.1442690029507503,0.047097000177018344,1.3508865820476785,2.235091250971891,0,0.1277225010562688,0.20330987079069018,0.12254024995490909,207884,9521,15,trace,0,0,/Users/liyu/Desktop/中文题目/A题研究/advanced_solver/runs/formal_v2/full_p3_seed17/slots/case_071/p3_n3/attempt_0001/summary.json,047f645bb6be7936c23824274c8664fd7ac1ed14bba4f81021bccacdcdec6b17,264e7955dd31ad13353bf17853fff60f8366e467e98250a68db28af8407cb931,11388,0.19609284738998012,17,3.162685460993089,10257,0.07730280432727654,13,2.226956752128899,10257,0.07730280432727654,9,1.92132729513105,9521,0.0,5,1.1925223759608343,9521,0.0,0,0
full_p3_seed17,full,case_071,3,4,741,01_<=1000,21,21,0,0,"{""success"": 21}",5.802481709048152,5.928195249987766,0.091639712,5.436876873369329,5.436876873369329,0,2.3475044979713857,3.876463711145334,0,0.14288108400069177,0.22272375167813152,0.12571354093961418,216256,8464,18,cache,0,0,/Users/liyu/Desktop/中文题目/A题研究/advanced_solver/runs/formal_v2/full_p3_seed17/slots/case_071/p3_n4/attempt_0001/summary.json,7626b6ec45e8b05017879164a11fdeec15e0fa6c9d4edfe3364aa4ef4c3546fa,e4693a047e1fbbd2a370437576336d0dc1e21921e50a33967af02ac589c65c82,9833,0.16174385633270316,17,4.4075501235201955,9445,0.11590264650283544,13,3.2409720815485343,9445,0.11590264650283544,9,2.2133036237210035,8518,0.006379962192816668,5,1.2623727899044752,8464,0.0,0,0
full_p3_seed17,full,case_071,3,5,741,01_<=1000,21,12,9,0,"{""success"": 21}",3.831908875028603,3.957438083947636,0.098462999,3.462309540831484,3.415119208744727,0.047190332086756825,1.472201375872828,2.395694252103567,0,0.15866779198404402,0.21093154221307486,0.1255292089190334,218994,7638,18,cache,0,0,/Users/liyu/Desktop/中文题目/A题研究/advanced_solver/runs/formal_v2/full_p3_seed17/slots/case_071/p3_n5/attempt_0001/summary.json,0f881fc64ff0c7b31507aea4445d28ce8e2fc8c377cbd75e9a35c8e6f22dee17,219620582f6dc3182a16dc861b3d464ede961f7c8515023a4e4e99d42e4e2927,8212,0.07515056297460077,17,3.4329508749069646,8129,0.06428384393820363,13,2.4917027488118038,8117,0.06271275202932713,9,2.1827239168342203,7945,0.04019376800209473,5,1.4061200418509543,7638,0.0,0,0
full_p3_seed17,full,case_067,3,4,8804,03_5001..10000,24,24,0,0,"{""success"": 24}",122.71030854189303,122.88379591598641,1.723909718,118.68835933087394,118.68835933087394,0,100.66333516687155,116.24078500200994,0,2.835776540916413,1.1861726701026782,0.17348737409338355,565867,14978543,21,cache,1,0,/Users/liyu/Desktop/中文题目/A题研究/advanced_solver/runs/formal_v2/full_p3_seed17/slots/case_067/p3_n4/attempt_0001/summary.json,579b4925dea61aeb65c14493563f33184d7ce961999aacbd09e81cf775333477,07c1ee9f74b1e93f65811dc9e5e07bd1bfa8b20e813883484719f041b846f211,18473155,0.23330787246796958,20,106.35357858182397,15065022,0.005773525502447141,16,87.24649383267388,15024904,0.0030951608577682865,12,66.4157079156721,15024630,0.0030768680238124624,8,44.151791624724865,14978543,0.0,0,0
full_p3_seed17,full,case_067,3,5,8804,03_5001..10000,24,24,0,0,"{""success"": 24}",132.56525345798582,132.75856966595165,2.075945331,128.24254145799205,128.24254145799205,0,107.719222959131,125.57119537412655,0,3.0605263740289956,1.2621856259647757,0.19331620796583593,568774,12012317,21,cache,0,0,/Users/liyu/Desktop/中文题目/A题研究/advanced_solver/runs/formal_v2/full_p3_seed17/slots/case_067/p3_n5/attempt_0001/summary.json,ab0ddede15e3611f698749fae8ed8cdacac1af5715f042525c821436376e0106,7983087ff002787ee9e32bc4042b375c0ac6115cb0b87d25d630ad18aba5eee6,15931687,0.32627926818781083,20,116.56591520796064,12052458,0.003341653404584699,16,98.16232800099533,12052458,0.003341653404584699,12,75.14108791702893,12051973,0.0033012781797217006,8,50.158430584007874,12012317,0.0,0,0
full_p3_seed17,full,case_073,3,2,4836,02_1001..5000,24,24,0,0,"{""success"": 24}",68.22910966607742,68.41260183299892,0.921697829,66.11884691717569,66.11884691717569,0,54.99121954012662,63.67269479017705,0,1.2863813339499757,0.8238814149517566,0.1834921669214964,409432,4147469,23,cache,1,0,/Users/liyu/Desktop/中文题目/A题研究/advanced_solver/runs/formal_v2/full_p3_seed17/slots/case_073/p3_n2/attempt_0001/summary.json,cd3c1e08fd4faeb09fab21796bfa74b4790e425155d575585bff589cff9a0e59,60c2457f0c45170d51b81c1f0d94ae52d1e4b5bb3495f8e76475ae976b55c78e,5980423,0.44194519597373727,20,59.211939583183266,4156854,0.00226282583426185,16,48.46441287524067,4156854,0.00226282583426185,12,37.20369754219428,4156854,0.00226282583426185,8,25.01954541716259,4147469,0.0,0,0
full_p3_seed17,full,case_073,3,3,4836,02_1001..5000,16,16,0,0,"{""success"": 16}",29.30368333403021,29.48145437508356,0.384420937,27.668221751693636,27.668221751693636,0,22.333359458250925,26.154318123939447,0,1.0800837919814512,0.5553777903551236,0.1777710410533473,351332,2863798,5,operation,0,0,/Users/liyu/Desktop/中文题目/A题研究/advanced_solver/runs/formal_v2/full_p3_seed17/slots/case_073/p3_n3/attempt_0001/summary.json,c31fbd9fe1634d98be71fc769ac8a81d102cc80f770ee9c34a1a353f52db2cc9,918b8458a6ffbdb8e4b14d8f301efa1d76e7dc2f89c8d676cadd0ebb2baea409,4515227,0.5766569429827104,12,21.07184845977463,2863798,0.0,8,13.991502750781365,2863798,0.0,4,6.141491791931912,2863798,0.0,0,0,2863798,0.0,0,0
full_p3_seed17,full,case_073,3,4,4836,02_1001..5000,23,23,0,0,"{""success"": 23}",64.8010110410396,64.97520620806608,1.073091236,62.37359253899194,62.37359253899194,0,50.14206283248495,60.000146707869135,0,1.6213405010057613,0.8060780010418966,0.17419516702648252,403316,2131569,23,cache,1,0,/Users/liyu/Desktop/中文题目/A题研究/advanced_solver/runs/formal_v2/full_p3_seed17/slots/case_073/p3_n4/attempt_0001/summary.json,f772f3d996fba6d9194940dcf18cd9c405205f548477c9398b10f5583e47dd6c,45dfac555635feac457463e809e1cde4cb66db1fe96e052fe898a8abb778488e,3903787,0.8314147935159499,19,55.99076345609501,2179693,0.022576796716409442,15,45.456069164094515,2150656,0.008954436849100356,11,34.150250582024455,2150656,0.008954436849100356,7,21.931793499039486,2131569,0.0,0,0
full_p3_seed17,full,case_073,3,5,4836,02_1001..5000,24,24,0,0,"{""success"": 24}",64.91848562506493,65.08844700001646,1.113307746,62.22306487488095,62.22306487488095,0,49.540243584429845,59.92204520967789,0,1.8436382089275867,0.851782541256398,0.16996137495152652,406962,1751868,11,operation,0,0,/Users/liyu/Desktop/中文题目/A题研究/advanced_solver/runs/formal_v2/full_p3_seed17/slots/case_073/p3_n5/attempt_0001/summary.json,e9f5393a44ebf04aa5b1ca6291a99476e3b3ed5b3347efe85edb80262c1cf2e1,4c09aa3c16a86f0167f4a28b76626e7fb8b60729e631f8ffe8c63ea863b717d3,3517515,1.007865318619896,20,56.17453029192984,1770297,0.010519628191165031,16,46.09589850099292,1751868,0.0,12,34.99536841711961,1751868,0.0,8,23.369950541178696,1751868,0.0,0,0
full_p3_seed17,full,case_074,3,2,3609,02_1001..5000,24,24,0,0,"{""success"": 24}",36.173429999966174,36.33709504106082,0.637332365,34.71519766608253,34.71519766608253,0,26.26718033303041,32.32502562564332,0,0.8611608340870589,0.5970714997965842,0.16366504109464586,348834,822067,22,cache,0,0,/Users/liyu/Desktop/中文题目/A题研究/advanced_solver/runs/formal_v2/full_p3_seed17/slots/case_074/p3_n2/attempt_0001/summary.json,3b1fa16ce3d21fa7d71454c7deae8a86052236881812a4b1512a4774802ff43e,9718526428f3bd1ba621387dfddfd856c12bf75ceba6ed108b3bd5eb7fd22e97,826547,0.005449677459379743,20,30.40557616588194,826547,0.005449677459379743,16,22.71073966601398,826547,0.005449677459379743,12,14.456760415923782,826547,0.005449677459379743,8,9.536641123937443,822067,0.0,0,0
full_p3_seed17,full,case_074,3,3,3609,02_1001..5000,24,24,0,0,"{""success"": 24}",39.56486916705035,39.747994959005155,0.684635908,37.649837663862854,37.649837663862854,0,28.375512123922817,35.170151917031035,0,1.2749461659695953,0.6400853372178972,0.18312579195480794,354195,545383,23,cache,0,0,/Users/liyu/Desktop/中文题目/A题研究/advanced_solver/runs/formal_v2/full_p3_seed17/slots/case_074/p3_n3/attempt_0001/summary.json,d83adbdd15dab4c9eb1a2d8b9c37d4d4eaa4df0fd4221d45f72305a3c179f270,65d273347c425880046a312d03468b9cc462d030e185730fa709d49ddd72785f,547411,0.0037184877416420736,20,32.92268908175174,547411,0.0037184877416420736,16,24.315992831718177,547411,0.0037184877416420736,12,14.871100997785106,547411,0.0037184877416420736,8,9.882142081856728,545383,0.0,0,0
full_p3_seed17,full,case_074,3,4,3609,02_1001..5000,24,24,0,0,"{""success"": 24}",37.16453520802315,37.33512083301321,0.706913139,34.79660162504297,34.79660162504297,0,25.85078833589796,32.537784830085,0,1.7803888749331236,0.5875447080470622,0.17058562499005347,357855,412485,21,cache,0,0,/Users/liyu/Desktop/中文题目/A题研究/advanced_solver/runs/formal_v2/full_p3_seed17/slots/case_074/p3_n4/attempt_0001/summary.json,0bcec8c604bc56432739b8751b8f0288b85ec61b59499d8553b02ef52ede7a27,befa8e707f2a505c3d3c325bd0021703c6b33f898a4a090603b9c96e0144ca97,420322,0.018999478768924938,20,30.521711335051805,420322,0.018999478768924938,16,22.945124002173543,420322,0.018999478768924938,12,14.342122419155203,415283,0.006783276967647245,8,9.316845001885667,412485,0.0,0,0
full_p3_seed17,full,case_074,3,5,3609,02_1001..5000,24,24,0,0,"{""success"": 24}",36.8454385419609,37.016284374985844,0.612888845,34.31901854055468,34.31901854055468,0,25.52466171013657,31.9344044997124,0,1.9437778759747744,0.5826421254314482,0.17084583302494138,361311,336608,21,cache,0,0,/Users/liyu/Desktop/中文题目/A题研究/advanced_solver/runs/formal_v2/full_p3_seed17/slots/case_074/p3_n5/attempt_0001/summary.json,f227a19199cf844525b231064cd2ef836f407749c5476a035573390172eb33ae,dcbfac4c8ba92c9348a3319a2eee80888f3a209ad630bb9eda0e72ce2fe71e30,336833,0.0006684333111512952,20,30.044912624638528,336833,0.0006684333111512952,16,22.571882999734953,336833,0.0006684333111512952,12,13.793499290943146,336833,0.0006684333111512952,8,9.353876376058906,336608,0.0,0,0
full_p3_seed17,full,case_075,3,2,7410,03_5001..10000,21,21,0,0,"{""success"": 21}",75.20863550005015,75.37415508297272,0.906244134,72.99388112407178,72.99388112407178,0,61.661939001176506,70.69471737521235,0,1.3105758340097964,0.9041785419685766,0.1655195829225704,469673,745305,18,cache,0,0,/Users/liyu/Desktop/中文题目/A题研究/advanced_solver/runs/formal_v2/full_p3_seed17/slots/case_075/p3_n2/attempt_0001/summary.json,561961cd6d35d16bee9e3001e12ecc769d5262e55f432f7b16fe1c908e87dba6,002fc28c3e87c997a3c9e25bcdc77db7a1f383772b58b5ab561af413fc15796e,834977,0.1203158438491625,17,58.866144624189474,831636,0.1158331153017893,13,43.475106083089486,787247,0.05627494784014608,9,28.88104791706428,781077,0.0479964578259906,5,16.429297249065712,745305,0.0,0,0
full_p3_seed17,full,case_075,3,3,7410,03_5001..10000,21,21,0,0,"{""success"": 21}",95.09923737507779,95.27748824993614,1.423562062,92.11532096052542,92.11532096052542,0,76.99022237386089,89.66100612422451,0,1.917163291014731,1.0667531235376373,0.17825087485834956,471461,562957,18,cache,0,0,/Users/liyu/Desktop/中文题目/A题研究/advanced_solver/runs/formal_v2/full_p3_seed17/slots/case_075/p3_n3/attempt_0001/summary.json,a48cbd5f94e21c78bf98721d0b5dde306e3ae4c3355f2b83896cb22655857f7f,ada1b243c9a0433dab2d81a98d4db0cb293c6d081e60e5d2f5a03233961a9d21,620441,0.10211081841064229,17,77.86310533550568,620441,0.10211081841064229,13,61.190951751428656,573093,0.018004927552193184,9,41.73361225030385,573093,0.018004927552193184,5,24.735537208151072,562957,0.0,0,0
full_p3_seed17,full,case_072,3,2,29666,04_>10000,24,24,0,0,"{""success"": 24}",803.6301018750528,803.892674041912,5.375627662,792.8582751257345,792.8582751257345,0,742.5917443301296,789.3739164579893,0,7.586693877121434,3.1851328721968457,0.2625721668591723,883065,11777495,19,trace,0,0,/Users/liyu/Desktop/中文题目/A题研究/advanced_solver/runs/formal_v2/full_p3_seed17/slots/case_072/p3_n2/attempt_0001/summary.json,cf9790525353bf350d1aec855e34c2280c5af130dcee4ca533f0e69c7cda788d,b537e04050be1da3f35d1008e5866de319947646cbdf0e71068edc946140ff8a,11778721,0.00010409683892875776,20,715.7037417917745,11778721,0.00010409683892875776,16,547.5714540417539,11778721,0.00010409683892875776,12,353.264966916875,11777693,1.681172439460532e-05,8,231.97214087483007,11777495,0.0,0,0
full_p3_seed17,full,case_075,3,4,7410,03_5001..10000,21,21,0,0,"{""success"": 21}",73.23294858296867,73.4258134169504,1.05748643,70.61650599492714,70.61650599492714,0,58.107216499978676,68.36124887410551,0,1.703607541974634,0.9128350460669026,0.19286483398173004,473968,455541,18,cache,0,0,/Users/liyu/Desktop/中文题目/A题研究/advanced_solver/runs/formal_v2/full_p3_seed17/slots/case_075/p3_n4/attempt_0001/summary.json,478dba9f7a1906a2cf8c864529dca85ad334b75cf43a3c1aceb77de1dc531e30,84ba4e35e17d2c36a53d40d37927641e1d26dcabca4e657d94891da03b1176e8,495194,0.08704595195602582,17,56.20592978701461,490312,0.0763290241712602,13,40.743351079989225,490312,0.0763290241712602,9,26.975584914907813,459909,0.009588599050359914,5,14.940051540848799,455541,0.0,0,0
full_p3_seed17,full,case_075,3,5,7410,03_5001..10000,21,21,0,0,"{""success"": 21}",82.65410562499892,82.85106933303177,1.567699251,79.6737461683806,79.6737461683806,0,65.18653354386333,77.44860137614887,0,2.0118944998830557,0.9684649567352608,0.1969637080328539,476715,379091,18,cache,0,0,/Users/liyu/Desktop/中文题目/A题研究/advanced_solver/runs/formal_v2/full_p3_seed17/slots/case_075/p3_n5/attempt_0001/summary.json,a97a34807dac40ad9899d30c817092cbae75b48bfe514e82329727f0b6000680,d2969d637526df99ad27bd388364c74c66b6a9502cb0abc40ef1b13b271d7a0d,409050,0.07902851821858081,17,65.42036050138995,409050,0.07902851821858081,13,50.28607066744007,408380,0.07726113255128708,9,35.31856800033711,381301,0.005829734813013188,5,20.207754875184037,379091,0.0,0,0
