case,problem,cores,variant,call,name,new_strategy,status,makespan,added_copy,evaluation_seconds,peak_rss,generation_seconds,accepted,record_path
case_025,1,5,v2,1,wcc_start0_simple_a5_per_core_lpt_mv,False,success,975282,110592,25.14469704599469,238628864,4.285357484011911,True,/home/konglingrui/.mathmodel/questionA/统一算法迭代/A题研究/直接迭代/运行结果/统一V2_A批_20260925_fix1/slots/case_025/p1_n5/v2/evaluations/attempts/20260925T210551-cd66d04823ef4e90a1af229faf43981b/record.json
case_025,1,5,v2,2,v2_p1_component_critical,True,success,1757768,73681920,42.33431232099247,243208192,0.21886257101141382,False,/home/konglingrui/.mathmodel/questionA/统一算法迭代/A题研究/直接迭代/运行结果/统一V2_A批_20260925_fix1/slots/case_025/p1_n5/v2/evaluations/attempts/20260925T210616-a130be146f7f4543ad8cbcec9503b27a/record.json
case_025,1,5,v2,3,selective_whole_critical_path_x1_a3_eft,False,success,2291536,73681920,44.792510498999036,242278400,0.020439680010895245,False,/home/konglingrui/.mathmodel/questionA/统一算法迭代/A题研究/直接迭代/运行结果/统一V2_A批_20260925_fix1/slots/case_025/p1_n5/v2/evaluations/attempts/20260925T210659-ea63fbadf1d54750b7430145afee674d/record.json
case_025,1,5,v2,4,v2_p1_branch_s2_critical,True,timeout,,,60.03006131200527,242921472,0.39250835600250866,False,/home/konglingrui/.mathmodel/questionA/统一算法迭代/A题研究/直接迭代/运行结果/统一V2_A批_20260925_fix1/slots/case_025/p1_n5/v2/evaluations/attempts/20260925T210744-a6628c5e7b094cf0870a3398db5aca59/record.json
case_025,2,5,v2,1,wcc_start0_simple_a5_per_core_lpt_mv,False,success,975282,110592,5.141033712992794,256405504,4.583109529005014,True,/home/konglingrui/.mathmodel/questionA/统一算法迭代/A题研究/直接迭代/运行结果/统一V2_A批_20260925_fix1/slots/case_025/p2_n5/v2/evaluations/attempts/20260925T210551-40693b6f8b8f4c3a8e283f38f0eb4450/record.json
case_025,2,5,v2,2,v2_p2_component_critical,True,success,975282,110592,5.956642136996379,258678784,0.36013085099693853,False,/home/konglingrui/.mathmodel/questionA/统一算法迭代/A题研究/直接迭代/运行结果/统一V2_A批_20260925_fix1/slots/case_025/p2_n5/v2/evaluations/attempts/20260925T210557-0df6a9bc92d24fe4a95cc5966a9426de/record.json
case_025,2,5,v2,3,op_critical_path_w200,False,success,2263710,92602368,13.31536150399188,510586880,0.03216463500575628,False,/home/konglingrui/.mathmodel/questionA/统一算法迭代/A题研究/直接迭代/运行结果/统一V2_A批_20260925_fix1/slots/case_025/p2_n5/v2/evaluations/attempts/20260925T210603-95fc36a5691643eb9c51d98117674dcd/record.json
case_025,2,5,v2,4,v2_p2_branch_s2_residency,True,success,974390,20585472,7.896339675004128,329191424,0.5181920679897303,True,/home/konglingrui/.mathmodel/questionA/统一算法迭代/A题研究/直接迭代/运行结果/统一V2_A批_20260925_fix1/slots/case_025/p2_n5/v2/evaluations/attempts/20260925T210617-7b11e35970a94c0c83e2f6fb3fcc6426/record.json
case_025,2,5,v2,5,op_stable_id_w200,False,success,1193513,13673472,7.196161400992423,301125632,0.023136919015087187,False,/home/konglingrui/.mathmodel/questionA/统一算法迭代/A题研究/直接迭代/运行结果/统一V2_A批_20260925_fix1/slots/case_025/p2_n5/v2/evaluations/attempts/20260925T210633-e856ac3d279641f6b5711179ee95261e/record.json
case_025,2,5,v2,6,op_release_priority_w200,False,success,1958337,77552640,12.465865245001623,460222464,0.02667885499249678,False,/home/konglingrui/.mathmodel/questionA/统一算法迭代/A题研究/直接迭代/运行结果/统一V2_A批_20260925_fix1/slots/case_025/p2_n5/v2/evaluations/attempts/20260925T210640-63b01a735c9b4309927b216af638e1dd/record.json
case_025,2,5,v2,7,op_critical_path_w100,False,success,2261757,92602368,13.162992564990418,510558208,0.04937425001116935,False,/home/konglingrui/.mathmodel/questionA/统一算法迭代/A题研究/直接迭代/运行结果/统一V2_A批_20260925_fix1/slots/case_025/p2_n5/v2/evaluations/attempts/20260925T210653-2505d0ea1ba84df59c5e82d81dc8b2d2/record.json
case_025,2,5,v2,8,op_stable_id_w100,False,success,1264925,15478272,8.047653699992225,309596160,0.01722317500389181,False,/home/konglingrui/.mathmodel/questionA/统一算法迭代/A题研究/直接迭代/运行结果/统一V2_A批_20260925_fix1/slots/case_025/p2_n5/v2/evaluations/attempts/20260925T210706-d8ea69b4dc034958ade398905ba005e9/record.json
case_025,3,5,v2,1,wcc_start0_simple_a5_per_core_lpt_mv,False,success,975282,110592,5.191059913995559,256442368,4.645203097010381,True,/home/konglingrui/.mathmodel/questionA/统一算法迭代/A题研究/直接迭代/运行结果/统一V2_A批_20260925_fix1/slots/case_025/p3_n5/v2/evaluations/attempts/20260925T210551-e956d87c9fbe4f52bc6a72956099db57/record.json
case_025,3,5,v2,2,v2_p3_component_cache_window,True,success,975282,110592,6.204333154004416,258850816,0.3690995259967167,False,/home/konglingrui/.mathmodel/questionA/统一算法迭代/A题研究/直接迭代/运行结果/统一V2_A批_20260925_fix1/slots/case_025/p3_n5/v2/evaluations/attempts/20260925T210557-9c8b37c31fe84ac7b96f78ac77fffc49/record.json
case_025,3,5,v2,3,op_critical_path_w200,False,success,2262248,92602368,14.070670337998308,510898176,0.032445915989228524,False,/home/konglingrui/.mathmodel/questionA/统一算法迭代/A题研究/直接迭代/运行结果/统一V2_A批_20260925_fix1/slots/case_025/p3_n5/v2/evaluations/attempts/20260925T210603-f15845447ed84b09ab9ec6e393c6a289/record.json
case_025,3,5,v2,4,v2_p3_branch_s2_cache_window,True,success,974390,20585472,8.249078944994835,329199616,0.5571955240156967,True,/home/konglingrui/.mathmodel/questionA/统一算法迭代/A题研究/直接迭代/运行结果/统一V2_A批_20260925_fix1/slots/case_025/p3_n5/v2/evaluations/attempts/20260925T210618-710aeb9aaf524698b54fbf0123a0a364/record.json
case_025,3,5,v2,5,op_stable_id_w200,False,success,1193330,13673472,7.447280403008335,301031424,0.019243407994508743,False,/home/konglingrui/.mathmodel/questionA/统一算法迭代/A题研究/直接迭代/运行结果/统一V2_A批_20260925_fix1/slots/case_025/p3_n5/v2/evaluations/attempts/20260925T210634-e4dbc97410544a2ca52f5c59fe38a12a/record.json
case_025,3,5,v2,6,op_release_priority_w200,False,success,1917748,77552640,13.461808730993653,460001280,0.02725046999694314,False,/home/konglingrui/.mathmodel/questionA/统一算法迭代/A题研究/直接迭代/运行结果/统一V2_A批_20260925_fix1/slots/case_025/p3_n5/v2/evaluations/attempts/20260925T210642-3ab3a1515a0f4ac98df533a9acb910e1/record.json
case_025,3,5,v2,7,op_critical_path_w100,False,success,2261842,92602368,14.114600993998465,510636032,0.05152962700231001,False,/home/konglingrui/.mathmodel/questionA/统一算法迭代/A题研究/直接迭代/运行结果/统一V2_A批_20260925_fix1/slots/case_025/p3_n5/v2/evaluations/attempts/20260925T210655-8d2af1085cfe441b80a6c887d1fba56d/record.json
case_025,3,5,v2,8,op_stable_id_w100,False,success,1264904,15478272,8.602187404001597,309100544,0.022294598005828448,False,/home/konglingrui/.mathmodel/questionA/统一算法迭代/A题研究/直接迭代/运行结果/统一V2_A批_20260925_fix1/slots/case_025/p3_n5/v2/evaluations/attempts/20260925T210709-fed1322644df47fbb2969d386783116d/record.json
case_043,1,5,v2,1,wcc_start0_simple_a5_per_core_lpt_mv,False,success,269612,1062920,11.203459203999955,131203072,3.640266949994839,True,/home/konglingrui/.mathmodel/questionA/统一算法迭代/A题研究/直接迭代/运行结果/统一V2_A批_20260925_fix1/slots/case_043/p1_n5/v2/evaluations/attempts/20260925T210850-b1603f68101a4a528cf6bf8ad3fbdb0a/record.json
case_043,1,5,v2,2,v2_p1_affinity_s2_critical,True,success,261339,6817834,5.738729725999292,131203072,0.19233100200654007,True,/home/konglingrui/.mathmodel/questionA/统一算法迭代/A题研究/直接迭代/运行结果/统一V2_A批_20260925_fix1/slots/case_043/p1_n5/v2/evaluations/attempts/20260925T210901-28d2daea43934699b634a65a534cbfa6/record.json
case_043,1,5,v2,3,selective_whole_critical_path_x1_a3_eft,False,success,268776,2257920,11.904307449993212,131203072,0.011800483014667407,False,/home/konglingrui/.mathmodel/questionA/统一算法迭代/A题研究/直接迭代/运行结果/统一V2_A批_20260925_fix1/slots/case_043/p1_n5/v2/evaluations/attempts/20260925T210907-ffd2a9a0880b44b4aa20691b989dc6f2/record.json
case_043,1,5,v2,4,v2_p1_wavefront_s2_critical,True,success,258721,6884394,5.343721682002069,131203072,0.296114848999423,True,/home/konglingrui/.mathmodel/questionA/统一算法迭代/A题研究/直接迭代/运行结果/统一V2_A批_20260925_fix1/slots/case_043/p1_n5/v2/evaluations/attempts/20260925T210919-cc60c5ff480045b287f8bd331f10810b/record.json
case_043,1,5,v2,5,v2_p1_branch_s2_critical,True,success,355183,13014246,11.602632346010068,140832768,0.17353815300157294,False,/home/konglingrui/.mathmodel/questionA/统一算法迭代/A题研究/直接迭代/运行结果/统一V2_A批_20260925_fix1/slots/case_043/p1_n5/v2/evaluations/attempts/20260925T210925-49cdd80895984502b2a8f73802a5278b/record.json
case_043,1,5,v2,6,v2_p1_affinity_s4_critical,True,success,336555,6980010,5.286042103994987,131203072,0.19929052999941632,False,/home/konglingrui/.mathmodel/questionA/统一算法迭代/A题研究/直接迭代/运行结果/统一V2_A批_20260925_fix1/slots/case_043/p1_n5/v2/evaluations/attempts/20260925T210937-b68a930004e546e0a61b5e3e68ac1734/record.json
case_043,1,5,v2,7,v2_p1_wavefront_s4_critical,True,success,342076,7487078,5.913771705003455,131203072,0.2612414690083824,False,/home/konglingrui/.mathmodel/questionA/统一算法迭代/A题研究/直接迭代/运行结果/统一V2_A批_20260925_fix1/slots/case_043/p1_n5/v2/evaluations/attempts/20260925T210942-b607ca32b9d3442897619e05557a3c05/record.json
case_043,1,5,v2,8,v2_p1_wavefront_s1_critical,True,success,261339,6817834,6.0390379579912405,131203072,0.2774711969977943,False,/home/konglingrui/.mathmodel/questionA/统一算法迭代/A题研究/直接迭代/运行结果/统一V2_A批_20260925_fix1/slots/case_043/p1_n5/v2/evaluations/attempts/20260925T210949-ad81e001740549aab51b8527f514894f/record.json
case_043,2,5,v2,1,wcc_start0_simple_a5_per_core_lpt_mv,False,success,269612,1062920,1.883069212999544,128794624,2.699782185998629,True,/home/konglingrui/.mathmodel/questionA/统一算法迭代/A题研究/直接迭代/运行结果/统一V2_A批_20260925_fix1/slots/case_043/p2_n5/v2/evaluations/attempts/20260925T210915-13a25379f1a444f1af4fc8aa06c4e183/record.json
case_043,2,5,v2,2,v2_p2_affinity_s2_residency,True,success,242153,3249550,2.2304612359876046,128794624,0.26528250801493414,True,/home/konglingrui/.mathmodel/questionA/统一算法迭代/A题研究/直接迭代/运行结果/统一V2_A批_20260925_fix1/slots/case_043/p2_n5/v2/evaluations/attempts/20260925T210917-80f816e3ba2e4d2ca973c6084341b3f3/record.json
case_043,2,5,v2,3,op_critical_path_w200,False,success,320711,14873588,4.48560685000848,182493184,0.01915271500183735,False,/home/konglingrui/.mathmodel/questionA/统一算法迭代/A题研究/直接迭代/运行结果/统一V2_A批_20260925_fix1/slots/case_043/p2_n5/v2/evaluations/attempts/20260925T210919-5a644f6ca10d44afa77628ad7bc41116/record.json
case_043,2,5,v2,4,v2_p2_affinity_s2_critical,True,success,257767,3804992,2.3288277850078885,128794624,0.20016540600045118,False,/home/konglingrui/.mathmodel/questionA/统一算法迭代/A题研究/直接迭代/运行结果/统一V2_A批_20260925_fix1/slots/case_043/p2_n5/v2/evaluations/attempts/20260925T210924-379f499a0803461e9cdf3f1585b4cdf2/record.json
case_043,2,5,v2,5,v2_p2_wavefront_s2_residency,True,success,228292,3701440,2.1796849370002747,128794624,0.4256808700010879,True,/home/konglingrui/.mathmodel/questionA/统一算法迭代/A题研究/直接迭代/运行结果/统一V2_A批_20260925_fix1/slots/case_043/p2_n5/v2/evaluations/attempts/20260925T210927-a2b28f44e097435786b192c3b46855e1/record.json
case_043,2,5,v2,6,v2_p2_wavefront_s2_critical,True,success,250651,3597652,2.129300027008867,128794624,0.1880104829906486,False,/home/konglingrui/.mathmodel/questionA/统一算法迭代/A题研究/直接迭代/运行结果/统一V2_A批_20260925_fix1/slots/case_043/p2_n5/v2/evaluations/attempts/20260925T210929-de8c9c4f7c8a4a16b917b4b8fb127ef4/record.json
case_043,2,5,v2,7,v2_p2_branch_s2_residency,True,success,226361,8101142,2.981759021000471,153784320,0.2966228820005199,True,/home/konglingrui/.mathmodel/questionA/统一算法迭代/A题研究/直接迭代/运行结果/统一V2_A批_20260925_fix1/slots/case_043/p2_n5/v2/evaluations/attempts/20260925T210931-cd694f2fc9474025aaa66a775ea81141/record.json
case_043,2,5,v2,8,v2_p2_branch_s2_critical,True,success,242308,8763212,3.180294538004091,155377664,0.22638028000073973,False,/home/konglingrui/.mathmodel/questionA/统一算法迭代/A题研究/直接迭代/运行结果/统一V2_A批_20260925_fix1/slots/case_043/p2_n5/v2/evaluations/attempts/20260925T210935-d538a5d35b884f0282b4644d2c3b419e/record.json
case_043,3,5,v2,1,wcc_start0_simple_a5_per_core_lpt_mv,False,success,269612,1062920,1.8291106560063781,126095360,2.888159463996999,True,/home/konglingrui/.mathmodel/questionA/统一算法迭代/A题研究/直接迭代/运行结果/统一V2_A批_20260925_fix1/slots/case_043/p3_n5/v2/evaluations/attempts/20260925T210928-9e353f01324248078120dcc4c6d06a0e/record.json
case_043,3,5,v2,2,v2_p3_affinity_s2_cache_window,True,success,236962,3303848,2.1786856730032014,126095360,0.26634536500205286,True,/home/konglingrui/.mathmodel/questionA/统一算法迭代/A题研究/直接迭代/运行结果/统一V2_A批_20260925_fix1/slots/case_043/p3_n5/v2/evaluations/attempts/20260925T210930-24ec8a6e8a1e45779f345b65f189e78a/record.json
case_043,3,5,v2,3,op_critical_path_w200,False,success,284788,14873588,4.586390776006738,182501376,0.018251783985760994,False,/home/konglingrui/.mathmodel/questionA/统一算法迭代/A题研究/直接迭代/运行结果/统一V2_A批_20260925_fix1/slots/case_043/p3_n5/v2/evaluations/attempts/20260925T210933-21780b31fa374e4d9baa1aaa3821af40/record.json
case_043,3,5,v2,4,v2_p3_affinity_s2_residency,True,success,241473,3249550,2.2291064590099268,126095360,0.19357826499617659,False,/home/konglingrui/.mathmodel/questionA/统一算法迭代/A题研究/直接迭代/运行结果/统一V2_A批_20260925_fix1/slots/case_043/p3_n5/v2/evaluations/attempts/20260925T210937-f9487afa25f14badb64ab18ecf4c06ec/record.json
case_043,3,5,v2,5,v2_p3_wavefront_s2_cache_window,True,success,292356,4211828,2.3295594840019476,126869504,0.33252640899445396,False,/home/konglingrui/.mathmodel/questionA/统一算法迭代/A题研究/直接迭代/运行结果/统一V2_A批_20260925_fix1/slots/case_043/p3_n5/v2/evaluations/attempts/20260925T210940-1f0a5c3a5cca4fbd95797b6eda62c378/record.json
case_043,3,5,v2,6,v2_p3_wavefront_s2_residency,True,success,226824,3701440,2.930868470997666,127234048,0.1740396819950547,True,/home/konglingrui/.mathmodel/questionA/统一算法迭代/A题研究/直接迭代/运行结果/统一V2_A批_20260925_fix1/slots/case_043/p3_n5/v2/evaluations/attempts/20260925T210942-61ffaa6032ac4d298ae454ee776b12b3/record.json
case_043,3,5,v2,7,v2_p3_branch_s2_cache_window,True,success,258405,7958218,3.3329368169943336,151572480,0.29009248000511434,False,/home/konglingrui/.mathmodel/questionA/统一算法迭代/A题研究/直接迭代/运行结果/统一V2_A批_20260925_fix1/slots/case_043/p3_n5/v2/evaluations/attempts/20260925T210946-1254a8e0813b46278e5092942e49e563/record.json
case_043,3,5,v2,8,v2_p3_branch_s2_residency,True,success,219620,8035298,3.4817909720004536,150765568,0.23119848099304363,True,/home/konglingrui/.mathmodel/questionA/统一算法迭代/A题研究/直接迭代/运行结果/统一V2_A批_20260925_fix1/slots/case_043/p3_n5/v2/evaluations/attempts/20260925T210949-4ed0e5e41a4b4974828ea55c5801374a/record.json
case_047,1,5,v2,1,selective_phase_band_critical_path_x2_a3_eft,False,success,327868,174214,4.03919588199642,134221824,2.8364511910040164,True,/home/konglingrui/.mathmodel/questionA/统一算法迭代/A题研究/直接迭代/运行结果/统一V2_A批_20260925_fix1/slots/case_047/p1_n5/v2/evaluations/attempts/20260925T210832-29c15a3abf474770b8b2ab519dfa8946/record.json
case_047,1,5,v2,2,v2_p1_affinity_s2_critical,True,success,325387,1651008,3.6851813300017966,131194880,0.4390685310063418,True,/home/konglingrui/.mathmodel/questionA/统一算法迭代/A题研究/直接迭代/运行结果/统一V2_A批_20260925_fix1/slots/case_047/p1_n5/v2/evaluations/attempts/20260925T210836-f920e67ca88c4b8a970f13775a1c4ee2/record.json
case_047,1,5,v2,3,wcc_start0_simple_a1_per_core_lpt_mv,False,success,326508,0,30.75639596299152,214933504,0.012450000998796895,False,/home/konglingrui/.mathmodel/questionA/统一算法迭代/A题研究/直接迭代/运行结果/统一V2_A批_20260925_fix1/slots/case_047/p1_n5/v2/evaluations/attempts/20260925T210840-ff15439132084d7caf7ddaa4b325a0b6/record.json
case_047,1,5,v2,4,v2_p1_wavefront_s2_critical,True,success,310076,2036424,4.138654522001161,134160384,0.6213665469986154,True,/home/konglingrui/.mathmodel/questionA/统一算法迭代/A题研究/直接迭代/运行结果/统一V2_A批_20260925_fix1/slots/case_047/p1_n5/v2/evaluations/attempts/20260925T210911-4d1e7a52fba248b281d92e028ffec4f3/record.json
case_047,1,5,v2,5,v2_p1_branch_s2_critical,True,success,208139,3590396,9.854059361008694,155865088,0.2558082039904548,True,/home/konglingrui/.mathmodel/questionA/统一算法迭代/A题研究/直接迭代/运行结果/统一V2_A批_20260925_fix1/slots/case_047/p1_n5/v2/evaluations/attempts/20260925T210916-eeae654da7df417c91e63633fd85936e/record.json
case_047,1,5,v2,6,v2_p1_affinity_s4_critical,True,success,318097,1736448,3.839359368008445,131817472,0.566004158987198,False,/home/konglingrui/.mathmodel/questionA/统一算法迭代/A题研究/直接迭代/运行结果/统一V2_A批_20260925_fix1/slots/case_047/p1_n5/v2/evaluations/attempts/20260925T210926-a8c2bd7599c64581b2fbe3bc74c0f989/record.json
case_047,1,5,v2,7,v2_p1_wavefront_s4_critical,True,success,288113,2569634,6.0923086130060256,144936960,0.479473875995609,False,/home/konglingrui/.mathmodel/questionA/统一算法迭代/A题研究/直接迭代/运行结果/统一V2_A批_20260925_fix1/slots/case_047/p1_n5/v2/evaluations/attempts/20260925T210931-3f058462086b4bf0886e773819c3f27d/record.json
case_047,1,5,v2,8,v2_p1_wavefront_s1_critical,True,success,325387,1651008,3.4843349720031256,131096576,0.5963670990022365,False,/home/konglingrui/.mathmodel/questionA/统一算法迭代/A题研究/直接迭代/运行结果/统一V2_A批_20260925_fix1/slots/case_047/p1_n5/v2/evaluations/attempts/20260925T210938-f26a672707494d4ba4fb88c675b2372a/record.json
case_047,2,5,v2,1,op_critical_path_w200,False,success,150018,4736312,6.342792793002445,230023168,2.0829981260030763,True,/home/konglingrui/.mathmodel/questionA/统一算法迭代/A题研究/直接迭代/运行结果/统一V2_A批_20260925_fix1/slots/case_047/p2_n5/v2/evaluations/attempts/20260925T210836-f036d83ab6cf4134a915a5e9589c3e50/record.json
case_047,2,5,v2,2,v2_p2_affinity_s2_residency,True,success,266268,1275024,3.8843437470059143,171540480,0.48252606599999126,False,/home/konglingrui/.mathmodel/questionA/统一算法迭代/A题研究/直接迭代/运行结果/统一V2_A批_20260925_fix1/slots/case_047/p2_n5/v2/evaluations/attempts/20260925T210843-7068a803bafc4552a380331b01c09d2a/record.json
case_047,2,5,v2,3,op_stable_id_w200,False,success,122134,2651832,3.9850837510020938,180973568,0.014494653005385771,True,/home/konglingrui/.mathmodel/questionA/统一算法迭代/A题研究/直接迭代/运行结果/统一V2_A批_20260925_fix1/slots/case_047/p2_n5/v2/evaluations/attempts/20260925T210847-213b8a5ce4ef4c44b28e9d0f8086a6d9/record.json
case_047,2,5,v2,4,v2_p2_affinity_s2_critical,True,success,265177,1481936,3.9847728070017183,192532480,0.22426453400112223,False,/home/konglingrui/.mathmodel/questionA/统一算法迭代/A题研究/直接迭代/运行结果/统一V2_A批_20260925_fix1/slots/case_047/p2_n5/v2/evaluations/attempts/20260925T210851-3d19ba64ef1348ed84d7b64650e7df48/record.json
case_047,2,5,v2,5,v2_p2_wavefront_s2_residency,True,success,273766,1566616,3.7367311359994346,169979904,0.6767866180016426,False,/home/konglingrui/.mathmodel/questionA/统一算法迭代/A题研究/直接迭代/运行结果/统一V2_A批_20260925_fix1/slots/case_047/p2_n5/v2/evaluations/attempts/20260925T210855-0e0da75cd2d34d1c964a1f38a2f8b018/record.json
case_047,2,5,v2,6,v2_p2_wavefront_s2_critical,True,success,271059,1686164,3.7339236160041764,181903360,0.2295071859844029,False,/home/konglingrui/.mathmodel/questionA/统一算法迭代/A题研究/直接迭代/运行结果/统一V2_A批_20260925_fix1/slots/case_047/p2_n5/v2/evaluations/attempts/20260925T210859-613f267bea5b444eba6ea3953035dea9/record.json
case_047,2,5,v2,7,v2_p2_branch_s2_residency,True,success,154397,2438488,3.984299577990896,177229824,0.3765828240138944,False,/home/konglingrui/.mathmodel/questionA/统一算法迭代/A题研究/直接迭代/运行结果/统一V2_A批_20260925_fix1/slots/case_047/p2_n5/v2/evaluations/attempts/20260925T210903-205556f9b7a94698becffd3a7e5470ef/record.json
case_047,2,5,v2,8,v2_p2_branch_s2_critical,True,success,156711,2557842,4.085428935999516,176635904,0.2673882700037211,False,/home/konglingrui/.mathmodel/questionA/统一算法迭代/A题研究/直接迭代/运行结果/统一V2_A批_20260925_fix1/slots/case_047/p2_n5/v2/evaluations/attempts/20260925T210908-f117a0608bdc461a9fb26b12858c2386/record.json
case_047,3,5,v2,1,op_critical_path_w200,False,success,145540,4736312,6.293731187994126,230383616,2.1859689289995003,True,/home/konglingrui/.mathmodel/questionA/统一算法迭代/A题研究/直接迭代/运行结果/统一V2_A批_20260925_fix1/slots/case_047/p3_n5/v2/evaluations/attempts/20260925T210848-fe2fbb74a4084541926e63d593249ce9/record.json
case_047,3,5,v2,2,v2_p3_affinity_s2_cache_window,True,success,266268,1275024,3.985508240002673,171532288,0.4857812050031498,False,/home/konglingrui/.mathmodel/questionA/统一算法迭代/A题研究/直接迭代/运行结果/统一V2_A批_20260925_fix1/slots/case_047/p3_n5/v2/evaluations/attempts/20260925T210855-1c21f79d29374a93b35107c0e134d527/record.json
case_047,3,5,v2,3,op_stable_id_w200,False,success,120548,2651832,4.13583136399393,180895744,0.014185286010615528,True,/home/konglingrui/.mathmodel/questionA/统一算法迭代/A题研究/直接迭代/运行结果/统一V2_A批_20260925_fix1/slots/case_047/p3_n5/v2/evaluations/attempts/20260925T210859-731be196147c4b8588c7807ae7718d46/record.json
case_047,3,5,v2,4,v2_p3_affinity_s2_residency,True,success,266268,1275024,4.086365576004027,171515904,0.23318628099514171,False,/home/konglingrui/.mathmodel/questionA/统一算法迭代/A题研究/直接迭代/运行结果/统一V2_A批_20260925_fix1/slots/case_047/p3_n5/v2/evaluations/attempts/20260925T210904-51266c2ad5914fd0bbc85c65ef97401d/record.json
case_047,3,5,v2,5,v2_p3_wavefront_s2_cache_window,True,success,273628,1500568,4.090348276004079,175710208,0.6818084659898886,False,/home/konglingrui/.mathmodel/questionA/统一算法迭代/A题研究/直接迭代/运行结果/统一V2_A批_20260925_fix1/slots/case_047/p3_n5/v2/evaluations/attempts/20260925T210908-1c41e02e21a64d948a7367139132e1ae/record.json
case_047,3,5,v2,6,v2_p3_wavefront_s2_residency,True,success,273708,1566616,3.73511668399442,170295296,0.23599299200577661,False,/home/konglingrui/.mathmodel/questionA/统一算法迭代/A题研究/直接迭代/运行结果/统一V2_A批_20260925_fix1/slots/case_047/p3_n5/v2/evaluations/attempts/20260925T210913-ef0230e75242449a9f7dc8c75776063b/record.json
case_047,3,5,v2,7,v2_p3_branch_s2_cache_window,True,success,155764,2872534,4.385980984006892,185614336,0.33169659299892373,False,/home/konglingrui/.mathmodel/questionA/统一算法迭代/A题研究/直接迭代/运行结果/统一V2_A批_20260925_fix1/slots/case_047/p3_n5/v2/evaluations/attempts/20260925T210917-288e30b286064863b557779d341d0b6b/record.json
case_047,3,5,v2,8,v2_p3_branch_s2_residency,True,success,153109,2543638,3.784189426994999,175673344,0.27125639699806925,False,/home/konglingrui/.mathmodel/questionA/统一算法迭代/A题研究/直接迭代/运行结果/统一V2_A批_20260925_fix1/slots/case_047/p3_n5/v2/evaluations/attempts/20260925T210921-78cf1a11eea44defa57db20d0343b0f7/record.json
case_048,1,5,v2,1,wcc_start0_simple_a1_per_core_lpt_mv,False,success,222220,0,0.7744895900104893,131203072,0.3595546499855118,True,/home/konglingrui/.mathmodel/questionA/统一算法迭代/A题研究/直接迭代/运行结果/统一V2_A批_20260925_fix1/slots/case_048/p1_n5/v2/evaluations/attempts/20260925T210955-90f38cdce075475fb02e66ab3a85f962/record.json
case_048,1,5,v2,2,v2_p1_branch_s2_critical,True,success,194886,1930360,0.8721009569999296,131203072,0.03324922100000549,True,/home/konglingrui/.mathmodel/questionA/统一算法迭代/A题研究/直接迭代/运行结果/统一V2_A批_20260925_fix1/slots/case_048/p1_n5/v2/evaluations/attempts/20260925T210956-cbf7f1a492ee49f5adf93e736b4200a8/record.json
case_048,1,5,v2,3,selective_phase_band_critical_path_x1_a3_eft,False,success,223026,142474,0.4704428210097831,131203072,0.010133952993783168,False,/home/konglingrui/.mathmodel/questionA/统一算法迭代/A题研究/直接迭代/运行结果/统一V2_A批_20260925_fix1/slots/case_048/p1_n5/v2/evaluations/attempts/20260925T210957-5d779f48055e4f4c97edbd2dd7f6c389/record.json
case_048,1,5,v2,4,v2_p1_affinity_s2_critical,True,success,217703,701612,0.4745505850005429,131203072,0.0379986970074242,False,/home/konglingrui/.mathmodel/questionA/统一算法迭代/A题研究/直接迭代/运行结果/统一V2_A批_20260925_fix1/slots/case_048/p1_n5/v2/evaluations/attempts/20260925T210957-70caea4d600f4d8c87c215dcb61becbc/record.json
case_048,1,5,v2,5,v2_p1_wavefront_s2_critical,True,success,170808,1365016,0.7777860600035638,131203072,0.045103996992111206,True,/home/konglingrui/.mathmodel/questionA/统一算法迭代/A题研究/直接迭代/运行结果/统一V2_A批_20260925_fix1/slots/case_048/p1_n5/v2/evaluations/attempts/20260925T210958-ae3ac96b88fe4c72bc006996582bb323/record.json
case_048,1,5,v2,6,v2_p1_wavefront_s4_critical,True,success,136675,1154096,0.6227532670018263,131203072,0.03528892999747768,True,/home/konglingrui/.mathmodel/questionA/统一算法迭代/A题研究/直接迭代/运行结果/统一V2_A批_20260925_fix1/slots/case_048/p1_n5/v2/evaluations/attempts/20260925T210959-ebc862f0709342ad88414c7434fe1fff/record.json
case_048,1,5,v2,7,v2_p1_wavefront_s1_critical,True,success,174563,878420,0.572233115992276,131203072,0.02968866200535558,False,/home/konglingrui/.mathmodel/questionA/统一算法迭代/A题研究/直接迭代/运行结果/统一V2_A批_20260925_fix1/slots/case_048/p1_n5/v2/evaluations/attempts/20260925T210959-986b7220f2ad4e8aa1ae0126ba2520eb/record.json
case_048,1,5,v2,8,selective_whole_critical_path_x1_a5_eft,False,success,222220,0,0.7219353879918344,131203072,0.006586830015294254,False,/home/konglingrui/.mathmodel/questionA/统一算法迭代/A题研究/直接迭代/运行结果/统一V2_A批_20260925_fix1/slots/case_048/p1_n5/v2/evaluations/attempts/20260925T211000-cfe333695dc64f71b98da1c69f595892/record.json
case_048,2,5,v2,1,op_critical_path_w200,False,success,120546,1001206,0.5736363790056203,131203072,0.31444906898832414,True,/home/konglingrui/.mathmodel/questionA/统一算法迭代/A题研究/直接迭代/运行结果/统一V2_A批_20260925_fix1/slots/case_048/p2_n5/v2/evaluations/attempts/20260925T211001-bd28f2ce17374aca873cc36ee74cc7ee/record.json
case_048,2,5,v2,2,v2_p2_branch_s2_residency,True,success,155265,1037198,0.4748736649926286,131203072,0.06460785800300073,False,/home/konglingrui/.mathmodel/questionA/统一算法迭代/A题研究/直接迭代/运行结果/统一V2_A批_20260925_fix1/slots/case_048/p2_n5/v2/evaluations/attempts/20260925T211002-6ea9134c1b1144a887e3531441082f77/record.json
case_048,2,5,v2,3,op_stable_id_w200,False,success,102506,805526,0.4721878380078124,131203072,0.005428033997304738,True,/home/konglingrui/.mathmodel/questionA/统一算法迭代/A题研究/直接迭代/运行结果/统一V2_A批_20260925_fix1/slots/case_048/p2_n5/v2/evaluations/attempts/20260925T211002-fe605258bb6a4cc0af124b8dd909d98b/record.json
case_048,2,5,v2,4,v2_p2_branch_s2_critical,True,success,156290,1302994,0.47300579999864567,131203072,0.050604012998519465,False,/home/konglingrui/.mathmodel/questionA/统一算法迭代/A题研究/直接迭代/运行结果/统一V2_A批_20260925_fix1/slots/case_048/p2_n5/v2/evaluations/attempts/20260925T211003-1e7e0a9d870c434e998718d2d11c6c45/record.json
case_048,2,5,v2,5,v2_p2_affinity_s2_residency,True,success,187477,450888,0.3705538079957478,131203072,0.039958411012776196,False,/home/konglingrui/.mathmodel/questionA/统一算法迭代/A题研究/直接迭代/运行结果/统一V2_A批_20260925_fix1/slots/case_048/p2_n5/v2/evaluations/attempts/20260925T211003-61e76aa90c3d4fcf832fe0e8ca50f3df/record.json
case_048,2,5,v2,6,v2_p2_wavefront_s2_residency,True,success,154756,907214,0.4227875380020123,131203072,0.06257245800225064,False,/home/konglingrui/.mathmodel/questionA/统一算法迭代/A题研究/直接迭代/运行结果/统一V2_A批_20260925_fix1/slots/case_048/p2_n5/v2/evaluations/attempts/20260925T211004-b2749c71783144cdb180663d29f455dc/record.json
case_048,2,5,v2,7,v2_p2_wavefront_s2_critical,True,success,155640,940050,0.4216931429982651,131203072,0.04119622500729747,False,/home/konglingrui/.mathmodel/questionA/统一算法迭代/A题研究/直接迭代/运行结果/统一V2_A批_20260925_fix1/slots/case_048/p2_n5/v2/evaluations/attempts/20260925T211004-d458aa0d27f34b0e95dc64e4d28d0761/record.json
case_048,2,5,v2,8,v2_p2_wavefront_s4_residency,True,success,129324,698318,0.37223277999146376,131203072,0.05069123000430409,False,/home/konglingrui/.mathmodel/questionA/统一算法迭代/A题研究/直接迭代/运行结果/统一V2_A批_20260925_fix1/slots/case_048/p2_n5/v2/evaluations/attempts/20260925T211005-3dde75e3aeaf4cb2b15cd44bfa95bf85/record.json
case_048,3,5,v2,1,op_critical_path_w200,False,success,120547,1001206,0.47168803100066725,128749568,0.26707662601256743,True,/home/konglingrui/.mathmodel/questionA/统一算法迭代/A题研究/直接迭代/运行结果/统一V2_A批_20260925_fix1/slots/case_048/p3_n5/v2/evaluations/attempts/20260925T211004-5e6ea0b9a5d64dd78ed9fea1bc5f327e/record.json
case_048,3,5,v2,2,v2_p3_branch_s2_cache_window,True,success,158036,1218130,0.4802225720050046,128749568,0.0630953869986115,False,/home/konglingrui/.mathmodel/questionA/统一算法迭代/A题研究/直接迭代/运行结果/统一V2_A批_20260925_fix1/slots/case_048/p3_n5/v2/evaluations/attempts/20260925T211005-3ec1ab3bb94b426aba47cd5ec6f2e9ed/record.json
case_048,3,5,v2,3,op_stable_id_w200,False,success,102463,805526,0.4702663409989327,128749568,0.005391729006078094,True,/home/konglingrui/.mathmodel/questionA/统一算法迭代/A题研究/直接迭代/运行结果/统一V2_A批_20260925_fix1/slots/case_048/p3_n5/v2/evaluations/attempts/20260925T211005-0f9ca143acdf417395565619077c9343/record.json
case_048,3,5,v2,4,v2_p3_branch_s2_residency,True,success,154264,1047120,0.42037061898736283,128749568,0.0436280020076083,False,/home/konglingrui/.mathmodel/questionA/统一算法迭代/A题研究/直接迭代/运行结果/统一V2_A批_20260925_fix1/slots/case_048/p3_n5/v2/evaluations/attempts/20260925T211006-9d9f0e1f0bce4eab8dcb4773de70e89f/record.json
case_048,3,5,v2,5,v2_p3_affinity_s2_cache_window,True,success,187477,450888,0.422458970992011,128749568,0.041372308012796566,False,/home/konglingrui/.mathmodel/questionA/统一算法迭代/A题研究/直接迭代/运行结果/统一V2_A批_20260925_fix1/slots/case_048/p3_n5/v2/evaluations/attempts/20260925T211006-779249dacc31448184072849d5ef1147/record.json
case_048,3,5,v2,6,v2_p3_affinity_s2_residency,True,success,187477,450888,0.42497824400197715,128749568,0.03220232299645431,False,/home/konglingrui/.mathmodel/questionA/统一算法迭代/A题研究/直接迭代/运行结果/统一V2_A批_20260925_fix1/slots/case_048/p3_n5/v2/evaluations/attempts/20260925T211007-a57d2fc6d0e649dd9ceff2022d8b60cf/record.json
case_048,3,5,v2,7,v2_p3_wavefront_s2_cache_window,True,success,155633,939280,0.4220863290101988,128749568,0.04324924798856955,False,/home/konglingrui/.mathmodel/questionA/统一算法迭代/A题研究/直接迭代/运行结果/统一V2_A批_20260925_fix1/slots/case_048/p3_n5/v2/evaluations/attempts/20260925T211007-c81c18f4749a4221a470ddc49fdc3dc5/record.json
case_048,3,5,v2,8,v2_p3_wavefront_s2_residency,True,success,154735,907214,0.43350206399918534,128749568,0.04385109798749909,False,/home/konglingrui/.mathmodel/questionA/统一算法迭代/A题研究/直接迭代/运行结果/统一V2_A批_20260925_fix1/slots/case_048/p3_n5/v2/evaluations/attempts/20260925T211008-7deb737a1aa94f4da823eb1aa20ab170/record.json
case_051,1,5,v2,1,wcc_start0_simple_a1_per_core_lpt_mv,False,success,607628,0,0.42241248999198433,131203072,0.20457472901034635,True,/home/konglingrui/.mathmodel/questionA/统一算法迭代/A题研究/直接迭代/运行结果/统一V2_A批_20260925_fix1/slots/case_051/p1_n5/v2/evaluations/attempts/20260925T211006-5697c34645f44f638a1117261f2c59e5/record.json
case_051,1,5,v2,2,v2_p1_branch_s2_critical,True,success,621853,9045600,0.47192741399339866,131203072,0.027807497011963278,False,/home/konglingrui/.mathmodel/questionA/统一算法迭代/A题研究/直接迭代/运行结果/统一V2_A批_20260925_fix1/slots/case_051/p1_n5/v2/evaluations/attempts/20260925T211006-d7c410c74d99403f961b418ecfcf9ea3/record.json
case_051,1,5,v2,3,selective_phase_band_critical_path_x1_a5_eft,False,success,612129,3932208,0.2704281399928732,131203072,0.008874207007465884,False,/home/konglingrui/.mathmodel/questionA/统一算法迭代/A题研究/直接迭代/运行结果/统一V2_A批_20260925_fix1/slots/case_051/p1_n5/v2/evaluations/attempts/20260925T211006-b87b08afb221418a9c96307fd2d4eee0/record.json
case_051,1,5,v2,4,v2_p1_affinity_s2_critical,True,success,572107,5177746,0.3205823159951251,131203072,0.02234592000604607,True,/home/konglingrui/.mathmodel/questionA/统一算法迭代/A题研究/直接迭代/运行结果/统一V2_A批_20260925_fix1/slots/case_051/p1_n5/v2/evaluations/attempts/20260925T211007-030c03848b094485a334e1a5c92f57ae/record.json
case_051,1,5,v2,5,v2_p1_wavefront_s2_critical,True,success,572853,8618336,0.37050607400306035,131203072,0.02481496699329,False,/home/konglingrui/.mathmodel/questionA/统一算法迭代/A题研究/直接迭代/运行结果/统一V2_A批_20260925_fix1/slots/case_051/p1_n5/v2/evaluations/attempts/20260925T211007-c118881a474c42c6aafcf6b41e09c31b/record.json
case_051,1,5,v2,6,v2_p1_affinity_s4_critical,True,success,523148,8815354,0.4202713139966363,131203072,0.02738561799924355,True,/home/konglingrui/.mathmodel/questionA/统一算法迭代/A题研究/直接迭代/运行结果/统一V2_A批_20260925_fix1/slots/case_051/p1_n5/v2/evaluations/attempts/20260925T211007-d2220990aed1420eb6452a3611edbc7d/record.json
case_051,1,5,v2,7,v2_p1_wavefront_s4_critical,True,success,513650,11141804,0.4205679270089604,131203072,0.026724312992882915,True,/home/konglingrui/.mathmodel/questionA/统一算法迭代/A题研究/直接迭代/运行结果/统一V2_A批_20260925_fix1/slots/case_051/p1_n5/v2/evaluations/attempts/20260925T211008-37398e02e2dd485280bc89600d836d27/record.json
case_051,1,5,v2,8,v2_p1_affinity_s1_critical,True,success,602157,2392204,0.27082688399241306,131203072,0.02134807000402361,False,/home/konglingrui/.mathmodel/questionA/统一算法迭代/A题研究/直接迭代/运行结果/统一V2_A批_20260925_fix1/slots/case_051/p1_n5/v2/evaluations/attempts/20260925T211008-f45c9720abe34f24800ff7535f175076/record.json
case_051,2,5,v2,1,op_critical_path_w200,False,success,296290,6063508,0.3743638180021662,128749568,0.1852382960059913,True,/home/konglingrui/.mathmodel/questionA/统一算法迭代/A题研究/直接迭代/运行结果/统一V2_A批_20260925_fix1/slots/case_051/p2_n5/v2/evaluations/attempts/20260925T211008-511e8017942746ffb4cb39e2d67ae209/record.json
case_051,2,5,v2,2,v2_p2_branch_s2_residency,True,success,612692,296060,0.3201242520008236,128749568,0.03922737800166942,False,/home/konglingrui/.mathmodel/questionA/统一算法迭代/A题研究/直接迭代/运行结果/统一V2_A批_20260925_fix1/slots/case_051/p2_n5/v2/evaluations/attempts/20260925T211009-4144066e771d4e0ea7b0e08316e88518/record.json
case_051,2,5,v2,3,op_release_priority_w200,False,success,257171,3180016,0.3734214739961317,128749568,0.005439991000457667,True,/home/konglingrui/.mathmodel/questionA/统一算法迭代/A题研究/直接迭代/运行结果/统一V2_A批_20260925_fix1/slots/case_051/p2_n5/v2/evaluations/attempts/20260925T211009-46f92d8634ec4e08b3fe5e8fc6521929/record.json
case_051,2,5,v2,4,v2_p2_affinity_s2_residency,True,success,489677,885068,0.271241670998279,128749568,0.031033373001264408,False,/home/konglingrui/.mathmodel/questionA/统一算法迭代/A题研究/直接迭代/运行结果/统一V2_A批_20260925_fix1/slots/case_051/p2_n5/v2/evaluations/attempts/20260925T211009-7e95496c2a0e46fc9eede358302c6e1c/record.json
case_051,2,5,v2,5,v2_p2_wavefront_s2_residency,True,success,538484,5636388,0.319977100007236,128749568,0.03799064698978327,False,/home/konglingrui/.mathmodel/questionA/统一算法迭代/A题研究/直接迭代/运行结果/统一V2_A批_20260925_fix1/slots/case_051/p2_n5/v2/evaluations/attempts/20260925T211010-0beb01845b8744e7a859875ef94f106c/record.json
case_051,2,5,v2,6,v2_p2_wavefront_s2_critical,True,success,538481,5636416,0.3208137280016672,128749568,0.02956154001003597,False,/home/konglingrui/.mathmodel/questionA/统一算法迭代/A题研究/直接迭代/运行结果/统一V2_A批_20260925_fix1/slots/case_051/p2_n5/v2/evaluations/attempts/20260925T211010-68742a39aede4263ad3853722c3e26f4/record.json
case_051,2,5,v2,7,v2_p2_affinity_s4_residency,True,success,403781,787088,0.32151106499077287,128749568,0.03476958999817725,False,/home/konglingrui/.mathmodel/questionA/统一算法迭代/A题研究/直接迭代/运行结果/统一V2_A批_20260925_fix1/slots/case_051/p2_n5/v2/evaluations/attempts/20260925T211010-e363c393ce2245989e7562662831baec/record.json
case_051,2,5,v2,8,v2_p2_affinity_s4_critical,True,success,403785,721552,0.3208785509923473,128749568,0.02511789300478995,False,/home/konglingrui/.mathmodel/questionA/统一算法迭代/A题研究/直接迭代/运行结果/统一V2_A批_20260925_fix1/slots/case_051/p2_n5/v2/evaluations/attempts/20260925T211011-483e1785266e4b348536139e5d2c44ce/record.json
case_051,3,5,v2,1,op_critical_path_w200,False,success,295867,6063508,0.42104478599503636,131203072,0.18325465600355528,True,/home/konglingrui/.mathmodel/questionA/统一算法迭代/A题研究/直接迭代/运行结果/统一V2_A批_20260925_fix1/slots/case_051/p3_n5/v2/evaluations/attempts/20260925T211009-499a977beb3445d598bc6c43ec404d78/record.json
case_051,3,5,v2,2,v2_p3_branch_s2_cache_window,True,success,612242,296060,0.37024138700508047,131203072,0.03726180800003931,False,/home/konglingrui/.mathmodel/questionA/统一算法迭代/A题研究/直接迭代/运行结果/统一V2_A批_20260925_fix1/slots/case_051/p3_n5/v2/evaluations/attempts/20260925T211009-d7ec2ad4d035426d96f77456ec61ed37/record.json
case_051,3,5,v2,3,op_release_priority_w200,False,success,256583,3180016,0.4206403279968072,131203072,0.005648463004035875,True,/home/konglingrui/.mathmodel/questionA/统一算法迭代/A题研究/直接迭代/运行结果/统一V2_A批_20260925_fix1/slots/case_051/p3_n5/v2/evaluations/attempts/20260925T211010-d4b3a90d81144eb5aaa6f8d98a7cb04d/record.json
case_051,3,5,v2,4,v2_p3_branch_s2_residency,True,success,612692,296060,0.32084979698993266,131203072,0.030035962015972473,False,/home/konglingrui/.mathmodel/questionA/统一算法迭代/A题研究/直接迭代/运行结果/统一V2_A批_20260925_fix1/slots/case_051/p3_n5/v2/evaluations/attempts/20260925T211010-2cf3cbc4a7594833aa7b00553113e4c5/record.json
case_051,3,5,v2,5,v2_p3_affinity_s2_cache_window,True,success,488815,885068,0.2719825630047126,131203072,0.040642338994075544,False,/home/konglingrui/.mathmodel/questionA/统一算法迭代/A题研究/直接迭代/运行结果/统一V2_A批_20260925_fix1/slots/case_051/p3_n5/v2/evaluations/attempts/20260925T211011-c29d43f0e4ea468883cfcbfb39fa7aee/record.json
case_051,3,5,v2,6,v2_p3_wavefront_s2_cache_window,True,success,538066,5636416,0.3209260799922049,131203072,0.03544193200650625,False,/home/konglingrui/.mathmodel/questionA/统一算法迭代/A题研究/直接迭代/运行结果/统一V2_A批_20260925_fix1/slots/case_051/p3_n5/v2/evaluations/attempts/20260925T211011-61cf97675c564f678b5110651122d62b/record.json
case_051,3,5,v2,7,v2_p3_wavefront_s2_residency,True,success,538069,5636388,0.27068430600047577,131203072,0.023112216003937647,False,/home/konglingrui/.mathmodel/questionA/统一算法迭代/A题研究/直接迭代/运行结果/统一V2_A批_20260925_fix1/slots/case_051/p3_n5/v2/evaluations/attempts/20260925T211011-e9356297e03146d297ee381b17655ac1/record.json
case_051,3,5,v2,8,v2_p3_affinity_s4_cache_window,True,success,402496,787088,0.27749188100278843,131203072,0.03579032399284188,False,/home/konglingrui/.mathmodel/questionA/统一算法迭代/A题研究/直接迭代/运行结果/统一V2_A批_20260925_fix1/slots/case_051/p3_n5/v2/evaluations/attempts/20260925T211012-40d019e33d2b453ebb3bdbd415ed5cbe/record.json
case_064,1,5,v2,1,wcc_start0_simple_a1_per_core_lpt_mv,False,success,19116,0,0.27543742100533564,128749568,0.16199660899292212,True,/home/konglingrui/.mathmodel/questionA/统一算法迭代/A题研究/直接迭代/运行结果/统一V2_A批_20260925_fix1/slots/case_064/p1_n5/v2/evaluations/attempts/20260925T211011-43d786264dc24d5595c7ece55441c720/record.json
case_064,1,5,v2,2,v2_p1_affinity_s2_critical,True,success,21148,134694,0.2706370399973821,128749568,0.01880422799149528,False,/home/konglingrui/.mathmodel/questionA/统一算法迭代/A题研究/直接迭代/运行结果/统一V2_A批_20260925_fix1/slots/case_064/p1_n5/v2/evaluations/attempts/20260925T211012-f1a7b0c92364407f86e0d629d3fda03a/record.json
case_064,1,5,v2,3,selective_phase_band_critical_path_x1_a5_eft,False,success,17325,79816,0.21934660500846803,128749568,0.0045934859808767214,True,/home/konglingrui/.mathmodel/questionA/统一算法迭代/A题研究/直接迭代/运行结果/统一V2_A批_20260925_fix1/slots/case_064/p1_n5/v2/evaluations/attempts/20260925T211012-d5bb527a041647cf83d2c2eba4209abc/record.json
case_064,1,5,v2,4,v2_p1_wavefront_s2_critical,True,success,20028,173010,0.27089926101325545,128749568,0.020909264974761754,False,/home/konglingrui/.mathmodel/questionA/统一算法迭代/A题研究/直接迭代/运行结果/统一V2_A批_20260925_fix1/slots/case_064/p1_n5/v2/evaluations/attempts/20260925T211012-cd1bf858b7d84a30b6e4c88d9aea2e99/record.json
case_064,1,5,v2,5,v2_p1_branch_s2_critical,True,success,24958,194378,0.32025731800240465,128749568,0.01812308400985785,False,/home/konglingrui/.mathmodel/questionA/统一算法迭代/A题研究/直接迭代/运行结果/统一V2_A批_20260925_fix1/slots/case_064/p1_n5/v2/evaluations/attempts/20260925T211012-16fc8f59d1a04900bc55c20545e91c31/record.json
case_064,1,5,v2,6,v2_p1_affinity_s4_critical,True,success,25365,171570,0.32049720500072,128749568,0.020244918996468186,False,/home/konglingrui/.mathmodel/questionA/统一算法迭代/A题研究/直接迭代/运行结果/统一V2_A批_20260925_fix1/slots/case_064/p1_n5/v2/evaluations/attempts/20260925T211013-22aa737c01f9436c86821df297429204/record.json
case_064,1,5,v2,7,v2_p1_wavefront_s4_critical,True,success,18027,180238,0.3204009860055521,128749568,0.01570647899643518,False,/home/konglingrui/.mathmodel/questionA/统一算法迭代/A题研究/直接迭代/运行结果/统一V2_A批_20260925_fix1/slots/case_064/p1_n5/v2/evaluations/attempts/20260925T211013-e87514e9d75141688abfd8c054d9713d/record.json
case_064,1,5,v2,8,v2_p1_branch_s4_critical,True,success,24946,222986,0.3203343429922825,128749568,0.019759554008487612,False,/home/konglingrui/.mathmodel/questionA/统一算法迭代/A题研究/直接迭代/运行结果/统一V2_A批_20260925_fix1/slots/case_064/p1_n5/v2/evaluations/attempts/20260925T211013-c6c9fd98520e4e8e95bf518793b8b637/record.json
case_064,2,5,v2,1,op_critical_path_w200,False,success,14697,57042,0.2207793639972806,131203072,0.13043190000462346,True,/home/konglingrui/.mathmodel/questionA/统一算法迭代/A题研究/直接迭代/运行结果/统一V2_A批_20260925_fix1/slots/case_064/p2_n5/v2/evaluations/attempts/20260925T211012-b1cdb85a6895415ebeb0efc73149f4a0/record.json
case_064,2,5,v2,2,v2_p2_affinity_s2_residency,True,success,19824,78538,0.2199136150011327,131203072,0.024548501998651773,False,/home/konglingrui/.mathmodel/questionA/统一算法迭代/A题研究/直接迭代/运行结果/统一V2_A批_20260925_fix1/slots/case_064/p2_n5/v2/evaluations/attempts/20260925T211012-316b74c500a8475d9549597495b9043b/record.json
case_064,2,5,v2,3,op_release_priority_w200,False,success,14697,57042,0.27005500000086613,131203072,0.005180211010156199,False,/home/konglingrui/.mathmodel/questionA/统一算法迭代/A题研究/直接迭代/运行结果/统一V2_A批_20260925_fix1/slots/case_064/p2_n5/v2/evaluations/attempts/20260925T211012-a3edbcaaac2b4f0abce614c15d028bd0/record.json
case_064,2,5,v2,4,v2_p2_affinity_s2_critical,True,success,18235,90322,0.27268253499642015,131203072,0.029412089003017172,False,/home/konglingrui/.mathmodel/questionA/统一算法迭代/A题研究/直接迭代/运行结果/统一V2_A批_20260925_fix1/slots/case_064/p2_n5/v2/evaluations/attempts/20260925T211013-dac0702aa6ba4d04b8daec23af076eee/record.json
case_064,2,5,v2,5,v2_p2_wavefront_s2_residency,True,success,15047,73940,0.2706202049885178,131203072,0.024289035005494952,False,/home/konglingrui/.mathmodel/questionA/统一算法迭代/A题研究/直接迭代/运行结果/统一V2_A批_20260925_fix1/slots/case_064/p2_n5/v2/evaluations/attempts/20260925T211013-2c1a7929777c4a71a37ee86339124eee/record.json
case_064,2,5,v2,6,v2_p2_wavefront_s2_critical,True,success,15520,108756,0.2210055100003956,131203072,0.022835115989437327,False,/home/konglingrui/.mathmodel/questionA/统一算法迭代/A题研究/直接迭代/运行结果/统一V2_A批_20260925_fix1/slots/case_064/p2_n5/v2/evaluations/attempts/20260925T211013-c0b28694124d4d38911009832c10b23a/record.json
case_064,2,5,v2,7,v2_p2_branch_s2_residency,True,success,16134,39054,0.21975535099045373,131203072,0.024107010001898743,False,/home/konglingrui/.mathmodel/questionA/统一算法迭代/A题研究/直接迭代/运行结果/统一V2_A批_20260925_fix1/slots/case_064/p2_n5/v2/evaluations/attempts/20260925T211014-a6beffb0c7cf4f16b288fbddb88da1e0/record.json
case_064,2,5,v2,8,v2_p2_branch_s2_critical,True,success,19698,108242,0.22181150900723878,131203072,0.019450606996542774,False,/home/konglingrui/.mathmodel/questionA/统一算法迭代/A题研究/直接迭代/运行结果/统一V2_A批_20260925_fix1/slots/case_064/p2_n5/v2/evaluations/attempts/20260925T211014-bde24e0643ee47bba454eb1d452e5abc/record.json
case_064,3,5,v2,1,op_critical_path_w200,False,success,14655,57042,0.27027955900121015,128749568,0.13193069500266574,True,/home/konglingrui/.mathmodel/questionA/统一算法迭代/A题研究/直接迭代/运行结果/统一V2_A批_20260925_fix1/slots/case_064/p3_n5/v2/evaluations/attempts/20260925T211014-6813f7c206084681a34a025c3f02317c/record.json
case_064,3,5,v2,2,v2_p3_affinity_s2_cache_window,True,success,19824,78538,0.32170908398984466,128749568,0.043598774005658925,False,/home/konglingrui/.mathmodel/questionA/统一算法迭代/A题研究/直接迭代/运行结果/统一V2_A批_20260925_fix1/slots/case_064/p3_n5/v2/evaluations/attempts/20260925T211014-3f2b7c52993d474e8bb6a83f6be26791/record.json
case_064,3,5,v2,3,op_release_priority_w200,False,success,14658,57042,0.32484171699616127,128749568,0.010251843996229582,False,/home/konglingrui/.mathmodel/questionA/统一算法迭代/A题研究/直接迭代/运行结果/统一V2_A批_20260925_fix1/slots/case_064/p3_n5/v2/evaluations/attempts/20260925T211015-b4417248faee4c2eb3af5f3bd443265f/record.json
case_064,3,5,v2,4,v2_p3_affinity_s2_residency,True,success,19824,78538,0.2703794239932904,128749568,0.028831584015279077,False,/home/konglingrui/.mathmodel/questionA/统一算法迭代/A题研究/直接迭代/运行结果/统一V2_A批_20260925_fix1/slots/case_064/p3_n5/v2/evaluations/attempts/20260925T211015-9f880cc0773f448dae1b3bb32460c5ee/record.json
case_064,3,5,v2,5,v2_p3_wavefront_s2_cache_window,True,success,15094,100660,0.22026051400462165,128749568,0.03045776298677083,False,/home/konglingrui/.mathmodel/questionA/统一算法迭代/A题研究/直接迭代/运行结果/统一V2_A批_20260925_fix1/slots/case_064/p3_n5/v2/evaluations/attempts/20260925T211015-7d44345affe74453bed64efcdd9777df/record.json
case_064,3,5,v2,6,v2_p3_wavefront_s2_residency,True,success,15044,73940,0.2192583379946882,128749568,0.017068650995497592,False,/home/konglingrui/.mathmodel/questionA/统一算法迭代/A题研究/直接迭代/运行结果/统一V2_A批_20260925_fix1/slots/case_064/p3_n5/v2/evaluations/attempts/20260925T211015-f3d45d60959d45278c35e7cecda6ed08/record.json
case_064,3,5,v2,7,v2_p3_branch_s2_cache_window,True,success,16440,69132,0.21944205700128805,128749568,0.023434832008206286,False,/home/konglingrui/.mathmodel/questionA/统一算法迭代/A题研究/直接迭代/运行结果/统一V2_A批_20260925_fix1/slots/case_064/p3_n5/v2/evaluations/attempts/20260925T211016-4cc0ce1e58f94034b1d2c8f27e485f75/record.json
case_064,3,5,v2,8,v2_p3_branch_s2_residency,True,success,16134,39054,0.218898792998516,128749568,0.01988788200833369,False,/home/konglingrui/.mathmodel/questionA/统一算法迭代/A题研究/直接迭代/运行结果/统一V2_A批_20260925_fix1/slots/case_064/p3_n5/v2/evaluations/attempts/20260925T211016-6538b1b47dbf41299de1f244202e12b7/record.json
case_071,1,5,v2,1,wcc_start0_simple_a1_per_core_lpt_mv,False,success,18919,0,0.32802887201250996,131203072,0.22546622798836324,True,/home/konglingrui/.mathmodel/questionA/统一算法迭代/A题研究/直接迭代/运行结果/统一V2_A批_20260925_fix1/slots/case_071/p1_n5/v2/evaluations/attempts/20260925T211014-117442dbfba24f3b847d242a609d04fb/record.json
case_071,1,5,v2,2,v2_p1_affinity_s2_critical,True,success,19738,492978,0.2766032660001656,131203072,0.018035203000181355,False,/home/konglingrui/.mathmodel/questionA/统一算法迭代/A题研究/直接迭代/运行结果/统一V2_A批_20260925_fix1/slots/case_071/p1_n5/v2/evaluations/attempts/20260925T211015-af1be2ede4eb4e8daff80cacb1cd3752/record.json
case_071,1,5,v2,3,selective_phase_band_critical_path_x2_a5_eft,False,success,13705,466520,0.2703714580129599,131203072,0.007824199987226166,True,/home/konglingrui/.mathmodel/questionA/统一算法迭代/A题研究/直接迭代/运行结果/统一V2_A批_20260925_fix1/slots/case_071/p1_n5/v2/evaluations/attempts/20260925T211015-006c58cb50734afb8c04b49400c7111c/record.json
case_071,1,5,v2,4,v2_p1_wavefront_s2_critical,True,success,18669,538042,0.21981361298821867,131203072,0.01625549102027435,False,/home/konglingrui/.mathmodel/questionA/统一算法迭代/A题研究/直接迭代/运行结果/统一V2_A批_20260925_fix1/slots/case_071/p1_n5/v2/evaluations/attempts/20260925T211015-9ce63778a7ef4cc79b69710a725e4d6e/record.json
case_071,1,5,v2,5,v2_p1_branch_s2_critical,True,success,19358,516764,0.2202554660034366,131203072,0.014048893004655838,False,/home/konglingrui/.mathmodel/questionA/统一算法迭代/A题研究/直接迭代/运行结果/统一V2_A批_20260925_fix1/slots/case_071/p1_n5/v2/evaluations/attempts/20260925T211015-7f0e85d3934c414a8bc69033c481a8d2/record.json
case_071,1,5,v2,6,v2_p1_affinity_s4_critical,True,success,19130,526570,0.22035320500435773,131203072,0.013559540995629504,False,/home/konglingrui/.mathmodel/questionA/统一算法迭代/A题研究/直接迭代/运行结果/统一V2_A批_20260925_fix1/slots/case_071/p1_n5/v2/evaluations/attempts/20260925T211016-7267fb5dca5943dd9ee707cbe2ba9183/record.json
case_071,1,5,v2,7,v2_p1_wavefront_s4_critical,True,success,18374,578072,0.2199937730038073,131203072,0.014253616987843998,False,/home/konglingrui/.mathmodel/questionA/统一算法迭代/A题研究/直接迭代/运行结果/统一V2_A批_20260925_fix1/slots/case_071/p1_n5/v2/evaluations/attempts/20260925T211016-d147977720cd48b1bea59f5a70d7ad6a/record.json
case_071,1,5,v2,8,v2_p1_branch_s4_critical,True,success,19475,540770,0.2198639239941258,131203072,0.012997700003325008,False,/home/konglingrui/.mathmodel/questionA/统一算法迭代/A题研究/直接迭代/运行结果/统一V2_A批_20260925_fix1/slots/case_071/p1_n5/v2/evaluations/attempts/20260925T211016-f2af7e2ec8814cc79732ce4b8d0ffc33/record.json
case_071,2,5,v2,1,op_critical_path_w200,False,success,12833,419312,0.3265060599951539,126095360,0.175383686015266,True,/home/konglingrui/.mathmodel/questionA/统一算法迭代/A题研究/直接迭代/运行结果/统一V2_A批_20260925_fix1/slots/case_071/p2_n5/v2/evaluations/attempts/20260925T211015-46ada71007754f00bdd34a2536379c99/record.json
case_071,2,5,v2,2,v2_p2_affinity_s2_residency,True,success,13962,303826,0.2207935900078155,126095360,0.02380822399572935,False,/home/konglingrui/.mathmodel/questionA/统一算法迭代/A题研究/直接迭代/运行结果/统一V2_A批_20260925_fix1/slots/case_071/p2_n5/v2/evaluations/attempts/20260925T211015-e98ee2cc33e24746af36a090d222fe76/record.json
case_071,2,5,v2,3,op_stable_id_w200,False,success,9374,362354,0.22010440999292769,126095360,0.004254990009940229,True,/home/konglingrui/.mathmodel/questionA/统一算法迭代/A题研究/直接迭代/运行结果/统一V2_A批_20260925_fix1/slots/case_071/p2_n5/v2/evaluations/attempts/20260925T211015-fa677d46088f4ad0a6b5d53e5f95faca/record.json
case_071,2,5,v2,4,v2_p2_affinity_s2_critical,True,success,16455,381458,0.22016049599915277,126095360,0.019172813001205213,False,/home/konglingrui/.mathmodel/questionA/统一算法迭代/A题研究/直接迭代/运行结果/统一V2_A批_20260925_fix1/slots/case_071/p2_n5/v2/evaluations/attempts/20260925T211015-40ad1d97618b4a998074a72cc3229a60/record.json
case_071,2,5,v2,5,v2_p2_wavefront_s2_residency,True,success,11753,289170,0.17041500299819745,126095360,0.026202713008387946,False,/home/konglingrui/.mathmodel/questionA/统一算法迭代/A题研究/直接迭代/运行结果/统一V2_A批_20260925_fix1/slots/case_071/p2_n5/v2/evaluations/attempts/20260925T211016-a8517c9fad1742569ff04ee54f84c152/record.json
case_071,2,5,v2,6,v2_p2_wavefront_s2_critical,True,success,13942,376722,0.1694563780038152,126095360,0.017223433998879045,False,/home/konglingrui/.mathmodel/questionA/统一算法迭代/A题研究/直接迭代/运行结果/统一V2_A批_20260925_fix1/slots/case_071/p2_n5/v2/evaluations/attempts/20260925T211016-9933d8394a6647b0b13b9c8daeda6804/record.json
case_071,2,5,v2,7,v2_p2_branch_s2_residency,True,success,13432,296978,0.16881199700583238,126095360,0.01923281399649568,False,/home/konglingrui/.mathmodel/questionA/统一算法迭代/A题研究/直接迭代/运行结果/统一V2_A批_20260925_fix1/slots/case_071/p2_n5/v2/evaluations/attempts/20260925T211016-9a2e334f5b554dd9b7933fd44e045a9c/record.json
case_071,2,5,v2,8,v2_p2_branch_s2_critical,True,success,14998,361458,0.16903121600626037,126095360,0.01635901498957537,False,/home/konglingrui/.mathmodel/questionA/统一算法迭代/A题研究/直接迭代/运行结果/统一V2_A批_20260925_fix1/slots/case_071/p2_n5/v2/evaluations/attempts/20260925T211016-c8f42b0de9694bc7b8260d1456465692/record.json
case_071,3,5,v2,1,op_critical_path_w200,False,success,12191,419312,0.22012286201061215,128749568,0.09919186298793647,True,/home/konglingrui/.mathmodel/questionA/统一算法迭代/A题研究/直接迭代/运行结果/统一V2_A批_20260925_fix1/slots/case_071/p3_n5/v2/evaluations/attempts/20260925T211016-55433147129c48b3a7cf0482fa3b4679/record.json
case_071,3,5,v2,2,v2_p3_affinity_s2_cache_window,True,success,14410,321266,0.1690141879953444,128749568,0.01581655901100021,False,/home/konglingrui/.mathmodel/questionA/统一算法迭代/A题研究/直接迭代/运行结果/统一V2_A批_20260925_fix1/slots/case_071/p3_n5/v2/evaluations/attempts/20260925T211016-5afac6aa29c14e778961444a0a6b6e5d/record.json
case_071,3,5,v2,3,op_stable_id_w200,False,success,8129,362354,0.16840048800804652,128749568,0.003812765979091637,True,/home/konglingrui/.mathmodel/questionA/统一算法迭代/A题研究/直接迭代/运行结果/统一V2_A批_20260925_fix1/slots/case_071/p3_n5/v2/evaluations/attempts/20260925T211017-6b5c4e7eb1824632ba3a39026a9b90cc/record.json
case_071,3,5,v2,4,v2_p3_affinity_s2_residency,True,success,13365,303826,0.16928768499928992,128749568,0.01429656200343743,False,/home/konglingrui/.mathmodel/questionA/统一算法迭代/A题研究/直接迭代/运行结果/统一V2_A批_20260925_fix1/slots/case_071/p3_n5/v2/evaluations/attempts/20260925T211017-8dd1b59313644650b93774d768fa58f8/record.json
case_071,3,5,v2,5,v2_p3_wavefront_s2_cache_window,True,success,12247,311346,0.16884861400467344,128749568,0.015417217000504024,False,/home/konglingrui/.mathmodel/questionA/统一算法迭代/A题研究/直接迭代/运行结果/统一V2_A批_20260925_fix1/slots/case_071/p3_n5/v2/evaluations/attempts/20260925T211017-17ddcff330e34475b94236b98898fa2a/record.json
case_071,3,5,v2,6,v2_p3_wavefront_s2_residency,True,success,11622,289170,0.1686212259955937,128749568,0.013639033000799827,False,/home/konglingrui/.mathmodel/questionA/统一算法迭代/A题研究/直接迭代/运行结果/统一V2_A批_20260925_fix1/slots/case_071/p3_n5/v2/evaluations/attempts/20260925T211017-859dd9814597458ebc513ac9afaacb97/record.json
case_071,3,5,v2,7,v2_p3_branch_s2_cache_window,True,success,13855,366162,0.16947466399869882,128749568,0.018546334002166986,False,/home/konglingrui/.mathmodel/questionA/统一算法迭代/A题研究/直接迭代/运行结果/统一V2_A批_20260925_fix1/slots/case_071/p3_n5/v2/evaluations/attempts/20260925T211017-bdec880f808f4097bcb6719cd5b120bd/record.json
case_071,3,5,v2,8,v2_p3_branch_s2_residency,True,success,13325,296978,0.16927611699793488,128749568,0.014977796003222466,False,/home/konglingrui/.mathmodel/questionA/统一算法迭代/A题研究/直接迭代/运行结果/统一V2_A批_20260925_fix1/slots/case_071/p3_n5/v2/evaluations/attempts/20260925T211018-e5268d6f523c434f87d551d97e671785/record.json
case_075,1,5,v2,1,wcc_start0_simple_a1_per_core_lpt_mv,False,success,1441809,0,9.697963851998793,130584576,1.4275553150073392,True,/home/konglingrui/.mathmodel/questionA/统一算法迭代/A题研究/直接迭代/运行结果/统一V2_A批_20260925_fix1/slots/case_075/p1_n5/v2/evaluations/attempts/20260925T210939-9bb73ba0aeef459cb348a3ec72ec4196/record.json
case_075,1,5,v2,2,v2_p1_branch_s2_critical,True,success,758284,13772998,9.798078665990033,128794624,0.14317945700895507,True,/home/konglingrui/.mathmodel/questionA/统一算法迭代/A题研究/直接迭代/运行结果/统一V2_A批_20260925_fix1/slots/case_075/p1_n5/v2/evaluations/attempts/20260925T210949-6550e71c4cce4479b7f5d5b8b95ba186/record.json
case_075,1,5,v2,3,selective_phase_band_critical_path_x1_a3_eft,False,success,1442647,196142,2.833544252993306,128794624,0.011455856001703069,False,/home/konglingrui/.mathmodel/questionA/统一算法迭代/A题研究/直接迭代/运行结果/统一V2_A批_20260925_fix1/slots/case_075/p1_n5/v2/evaluations/attempts/20260925T210959-d16375f4d2ff4e83b31172feb011c214/record.json
case_075,1,5,v2,4,v2_p1_affinity_s2_critical,True,success,1407069,3686908,1.727858489000937,128794624,0.1669224430079339,False,/home/konglingrui/.mathmodel/questionA/统一算法迭代/A题研究/直接迭代/运行结果/统一V2_A批_20260925_fix1/slots/case_075/p1_n5/v2/evaluations/attempts/20260925T211002-167fad5b81be4b29a3df7fbfab5bf8ef/record.json
case_075,1,5,v2,5,v2_p1_wavefront_s2_critical,True,success,1090791,5407472,2.22825078900496,128794624,0.21431584098900203,False,/home/konglingrui/.mathmodel/questionA/统一算法迭代/A题研究/直接迭代/运行结果/统一V2_A批_20260925_fix1/slots/case_075/p1_n5/v2/evaluations/attempts/20260925T211004-76fb1047d946427995a00d4b07636948/record.json
case_075,1,5,v2,6,v2_p1_wavefront_s4_critical,True,success,1021896,5780356,2.279620707995491,128794624,0.14974872300808784,False,/home/konglingrui/.mathmodel/questionA/统一算法迭代/A题研究/直接迭代/运行结果/统一V2_A批_20260925_fix1/slots/case_075/p1_n5/v2/evaluations/attempts/20260925T211007-840848897f2140a6b11145b344a1ae2a/record.json
case_075,1,5,v2,7,v2_p1_wavefront_s1_critical,True,success,1195026,4864480,2.0787996889994247,128794624,0.16302781700505875,False,/home/konglingrui/.mathmodel/questionA/统一算法迭代/A题研究/直接迭代/运行结果/统一V2_A批_20260925_fix1/slots/case_075/p1_n5/v2/evaluations/attempts/20260925T211009-17ac2766859540fa8ba9afa967a26f6f/record.json
case_075,1,5,v2,8,selective_whole_critical_path_x1_a5_eft,False,success,1441809,0,7.890761792004923,130412544,0.007334886991884559,False,/home/konglingrui/.mathmodel/questionA/统一算法迭代/A题研究/直接迭代/运行结果/统一V2_A批_20260925_fix1/slots/case_075/p1_n5/v2/evaluations/attempts/20260925T211011-8ab43a5533d84f0a921a6f3aed45e3ad/record.json
case_075,2,5,v2,1,op_critical_path_w200,False,success,413605,12764184,3.7866793690045597,148504576,1.1769576219958253,True,/home/konglingrui/.mathmodel/questionA/统一算法迭代/A题研究/直接迭代/运行结果/统一V2_A批_20260925_fix1/slots/case_075/p2_n5/v2/evaluations/attempts/20260925T210943-43e0fc7aa3fd47bb84bce4589d2587c0/record.json
case_075,2,5,v2,2,v2_p2_branch_s2_residency,True,success,561713,7989142,2.3328043530054856,128749568,0.22822797899425495,False,/home/konglingrui/.mathmodel/questionA/统一算法迭代/A题研究/直接迭代/运行结果/统一V2_A批_20260925_fix1/slots/case_075/p2_n5/v2/evaluations/attempts/20260925T210947-769a4339778a42e197771638e0bf20cc/record.json
case_075,2,5,v2,3,op_stable_id_w200,False,success,469246,8460472,2.730156341000111,129478656,0.020080159010831267,False,/home/konglingrui/.mathmodel/questionA/统一算法迭代/A题研究/直接迭代/运行结果/统一V2_A批_20260925_fix1/slots/case_075/p2_n5/v2/evaluations/attempts/20260925T210949-b65052ffb3324178b76242b9ec2a30d8/record.json
case_075,2,5,v2,4,v2_p2_branch_s2_critical,True,success,591221,8781332,2.834701618005056,128749568,0.2614683429856086,False,/home/konglingrui/.mathmodel/questionA/统一算法迭代/A题研究/直接迭代/运行结果/统一V2_A批_20260925_fix1/slots/case_075/p2_n5/v2/evaluations/attempts/20260925T210952-4472752931ac47da9a9d1361a1d4a6b4/record.json
case_075,2,5,v2,5,v2_p2_affinity_s2_residency,True,success,1085199,2738448,1.9273778140050126,128749568,0.2502833619946614,False,/home/konglingrui/.mathmodel/questionA/统一算法迭代/A题研究/直接迭代/运行结果/统一V2_A批_20260925_fix1/slots/case_075/p2_n5/v2/evaluations/attempts/20260925T210955-bd4c1ad52c4c49ef8028f985b1e5801f/record.json
case_075,2,5,v2,6,v2_p2_affinity_s2_critical,True,success,1059122,3299728,2.182717824995052,128749568,0.12270062800962478,False,/home/konglingrui/.mathmodel/questionA/统一算法迭代/A题研究/直接迭代/运行结果/统一V2_A批_20260925_fix1/slots/case_075/p2_n5/v2/evaluations/attempts/20260925T210957-ef7e64d03d474e39b543630715917bac/record.json
case_075,2,5,v2,7,v2_p2_wavefront_s2_residency,True,success,923103,4211544,2.135207289000391,128749568,0.25043515500146896,False,/home/konglingrui/.mathmodel/questionA/统一算法迭代/A题研究/直接迭代/运行结果/统一V2_A批_20260925_fix1/slots/case_075/p2_n5/v2/evaluations/attempts/20260925T211000-c4bac4db46aa4de5957a55f3b478c178/record.json
case_075,2,5,v2,8,v2_p2_wavefront_s2_critical,True,success,936685,4388502,1.7869047099957243,128749568,0.17762896700878628,False,/home/konglingrui/.mathmodel/questionA/统一算法迭代/A题研究/直接迭代/运行结果/统一V2_A批_20260925_fix1/slots/case_075/p2_n5/v2/evaluations/attempts/20260925T211002-981cfa08bb944e8e872ec30afea8cd72/record.json
case_075,3,5,v2,1,op_critical_path_w200,False,success,409050,12764184,3.632812563999323,148447232,1.2823048050049692,True,/home/konglingrui/.mathmodel/questionA/统一算法迭代/A题研究/直接迭代/运行结果/统一V2_A批_20260925_fix1/slots/case_075/p3_n5/v2/evaluations/attempts/20260925T210954-839f9b89dd3e4180bd49c4a6c1ce3de9/record.json
case_075,3,5,v2,2,v2_p3_branch_s2_cache_window,True,success,579890,8829428,2.881566522992216,126185472,0.2690199900098378,False,/home/konglingrui/.mathmodel/questionA/统一算法迭代/A题研究/直接迭代/运行结果/统一V2_A批_20260925_fix1/slots/case_075/p3_n5/v2/evaluations/attempts/20260925T210958-0c61c9d396fc48ffb04845fe68f0aaca/record.json
case_075,3,5,v2,3,op_stable_id_w200,False,success,465306,8460472,3.0369096860085847,129126400,0.01148940998245962,False,/home/konglingrui/.mathmodel/questionA/统一算法迭代/A题研究/直接迭代/运行结果/统一V2_A批_20260925_fix1/slots/case_075/p3_n5/v2/evaluations/attempts/20260925T211001-d6b2cf19bf7d4787ab8da553c7c38e45/record.json
case_075,3,5,v2,4,v2_p3_branch_s2_residency,True,success,570465,8470678,2.379315450991271,127365120,0.19367704702017363,False,/home/konglingrui/.mathmodel/questionA/统一算法迭代/A题研究/直接迭代/运行结果/统一V2_A批_20260925_fix1/slots/case_075/p3_n5/v2/evaluations/attempts/20260925T211004-de8aefd1f883400ab7de8ae432c2c385/record.json
case_075,3,5,v2,5,v2_p3_affinity_s2_cache_window,True,success,1059120,3328400,1.6274015829985728,126095360,0.20299835100013297,False,/home/konglingrui/.mathmodel/questionA/统一算法迭代/A题研究/直接迭代/运行结果/统一V2_A批_20260925_fix1/slots/case_075/p3_n5/v2/evaluations/attempts/20260925T211007-dad043a0815a4c418247d2568af6ca0b/record.json
case_075,3,5,v2,6,v2_p3_affinity_s2_residency,True,success,1085200,2738448,1.7770969989942387,126095360,0.12280543000088073,False,/home/konglingrui/.mathmodel/questionA/统一算法迭代/A题研究/直接迭代/运行结果/统一V2_A批_20260925_fix1/slots/case_075/p3_n5/v2/evaluations/attempts/20260925T211009-8d8e84705b234da58bde2f3c35812016/record.json
case_075,3,5,v2,7,v2_p3_wavefront_s2_cache_window,True,success,944736,4394198,1.7816891649999889,126095360,0.2329986859986093,False,/home/konglingrui/.mathmodel/questionA/统一算法迭代/A题研究/直接迭代/运行结果/统一V2_A批_20260925_fix1/slots/case_075/p3_n5/v2/evaluations/attempts/20260925T211011-1fe6d3c3762749069dfc5f5ec1d6db45/record.json
case_075,3,5,v2,8,v2_p3_wavefront_s2_residency,True,success,922328,4211544,1.9771500770002604,126095360,0.13132632699853275,False,/home/konglingrui/.mathmodel/questionA/统一算法迭代/A题研究/直接迭代/运行结果/统一V2_A批_20260925_fix1/slots/case_075/p3_n5/v2/evaluations/attempts/20260925T211012-b1616b92fa8f4a84aa7e1bd133135ca5/record.json
case_085,1,5,v2,1,selective_phase_band_critical_path_x2_a5_eft,False,success,2760933,4246258,7.4465866800019285,191438848,3.9205703970073955,True,/home/konglingrui/.mathmodel/questionA/统一算法迭代/A题研究/直接迭代/运行结果/统一V2_A批_20260925_fix1/slots/case_085/p1_n5/v2/evaluations/attempts/20260925T210550-c1272f4f776d4fd49fed4db20e6fbf94/record.json
case_085,1,5,v2,2,v2_p1_branch_s2_critical,True,timeout,,,60.03156057599699,307699712,0.4779009939957177,False,/home/konglingrui/.mathmodel/questionA/统一算法迭代/A题研究/直接迭代/运行结果/统一V2_A批_20260925_fix1/slots/case_085/p1_n5/v2/evaluations/attempts/20260925T210558-b71ee2ffe5bf4a87ae98a9d5f91fd55b/record.json
case_085,1,5,v2,3,wcc_start0_simple_a1_per_core_lpt_mv,False,timeout,,,60.022413767001126,310644736,0.01321486898814328,False,/home/konglingrui/.mathmodel/questionA/统一算法迭代/A题研究/直接迭代/运行结果/统一V2_A批_20260925_fix1/slots/case_085/p1_n5/v2/evaluations/attempts/20260925T210658-ce03099a2d444042b7f8baa6b2454b22/record.json
case_085,1,5,v2,4,v2_p1_affinity_s2_critical,True,success,3174743,11898616,7.802174354001181,206516224,0.9399703180097276,False,/home/konglingrui/.mathmodel/questionA/统一算法迭代/A题研究/直接迭代/运行结果/统一V2_A批_20260925_fix1/slots/case_085/p1_n5/v2/evaluations/attempts/20260925T210759-2ffa23eaaad744c5a48aceb1c8b879be/record.json
case_085,1,5,v2,5,v2_p1_wavefront_s2_critical,True,success,2897538,13087360,7.595932925003581,205197312,1.535690964999958,False,/home/konglingrui/.mathmodel/questionA/统一算法迭代/A题研究/直接迭代/运行结果/统一V2_A批_20260925_fix1/slots/case_085/p1_n5/v2/evaluations/attempts/20260925T210809-47819b8f4ea544878aa6b88219144fc9/record.json
case_085,1,5,v2,6,v2_p1_wavefront_s4_critical,True,success,2568855,14201940,8.047338049000246,204042240,1.0084423429943854,True,/home/konglingrui/.mathmodel/questionA/统一算法迭代/A题研究/直接迭代/运行结果/统一V2_A批_20260925_fix1/slots/case_085/p1_n5/v2/evaluations/attempts/20260925T210819-3bfd207f36474b53a1cccc73ba3943b5/record.json
case_085,1,5,v2,7,v2_p1_wavefront_s1_critical,True,success,3174743,11898616,6.844952782004839,206499840,1.1938809790008236,False,/home/konglingrui/.mathmodel/questionA/统一算法迭代/A题研究/直接迭代/运行结果/统一V2_A批_20260925_fix1/slots/case_085/p1_n5/v2/evaluations/attempts/20260925T210829-386398066b21462493d6eff514912675/record.json
case_085,1,5,v2,8,selective_whole_critical_path_x1_a5_eft,False,timeout,,,10.117994939995697,310530048,0.021778161011752672,False,/home/konglingrui/.mathmodel/questionA/统一算法迭代/A题研究/直接迭代/运行结果/统一V2_A批_20260925_fix1/slots/case_085/p1_n5/v2/evaluations/attempts/20260925T210836-cb2b8f5f26ce473294e60cd87f44aec0/record.json
case_085,2,5,v2,1,op_critical_path_w200,False,success,969255,38726264,12.311412458991981,397418496,3.545590733017889,True,/home/konglingrui/.mathmodel/questionA/统一算法迭代/A题研究/直接迭代/运行结果/统一V2_A批_20260925_fix1/slots/case_085/p2_n5/v2/evaluations/attempts/20260925T210718-132cc91c371746089ebba9ebc3c110c3/record.json
case_085,2,5,v2,2,v2_p2_branch_s2_residency,True,success,1184056,27075538,8.197666136999032,318529536,0.6263860140024917,False,/home/konglingrui/.mathmodel/questionA/统一算法迭代/A题研究/直接迭代/运行结果/统一V2_A批_20260925_fix1/slots/case_085/p2_n5/v2/evaluations/attempts/20260925T210731-1bde4b4de3804e7ca91e0d81e4e55d63/record.json
case_085,2,5,v2,3,op_stable_id_w200,False,success,1459713,22561624,9.651666025005397,329736192,0.024679219000972807,False,/home/konglingrui/.mathmodel/questionA/统一算法迭代/A题研究/直接迭代/运行结果/统一V2_A批_20260925_fix1/slots/case_085/p2_n5/v2/evaluations/attempts/20260925T210739-a1586ba92bd944ceb59f0c31f884ab56/record.json
case_085,2,5,v2,4,v2_p2_branch_s2_critical,True,success,1291310,27246356,9.302117177998298,323567616,0.5208230959979119,False,/home/konglingrui/.mathmodel/questionA/统一算法迭代/A题研究/直接迭代/运行结果/统一V2_A批_20260925_fix1/slots/case_085/p2_n5/v2/evaluations/attempts/20260925T210749-f3bcfe07080443cab096c89224b7d8dd/record.json
case_085,2,5,v2,5,v2_p2_affinity_s2_residency,True,success,2281790,11314584,6.702503863998572,260460544,1.1784126720012864,False,/home/konglingrui/.mathmodel/questionA/统一算法迭代/A题研究/直接迭代/运行结果/统一V2_A批_20260925_fix1/slots/case_085/p2_n5/v2/evaluations/attempts/20260925T210800-d26aed90dc0141ea9ee05b9d28b77ed7/record.json
case_085,2,5,v2,6,v2_p2_affinity_s2_critical,True,success,2281832,11286930,7.424519649997819,289046528,0.44453302200417966,False,/home/konglingrui/.mathmodel/questionA/统一算法迭代/A题研究/直接迭代/运行结果/统一V2_A批_20260925_fix1/slots/case_085/p2_n5/v2/evaluations/attempts/20260925T210807-7c6bd653feb94312b6f689912f354f88/record.json
case_085,2,5,v2,7,v2_p2_wavefront_s2_residency,True,success,2719777,11687392,5.995111639000243,260780032,1.2934211709944066,False,/home/konglingrui/.mathmodel/questionA/统一算法迭代/A题研究/直接迭代/运行结果/统一V2_A批_20260925_fix1/slots/case_085/p2_n5/v2/evaluations/attempts/20260925T210816-3fb2ffe6337d4069879e1a22cc4626b0/record.json
case_085,2,5,v2,8,v2_p2_wavefront_s2_critical,True,success,2727891,11754654,6.794296847001533,290238464,0.32787320799252484,False,/home/konglingrui/.mathmodel/questionA/统一算法迭代/A题研究/直接迭代/运行结果/统一V2_A批_20260925_fix1/slots/case_085/p2_n5/v2/evaluations/attempts/20260925T210822-b3b147d88c984158ba6ba0aa5c278d37/record.json
case_085,3,5,v2,1,op_critical_path_w200,False,success,948393,38726264,12.519519223991665,397488128,3.204299479009933,True,/home/konglingrui/.mathmodel/questionA/统一算法迭代/A题研究/直接迭代/运行结果/统一V2_A批_20260925_fix1/slots/case_085/p3_n5/v2/evaluations/attempts/20260925T210722-1a6829aedda941a49f56f79dd777547f/record.json
case_085,3,5,v2,2,v2_p3_branch_s2_cache_window,True,success,1208724,26466164,9.150768299004994,321253376,0.5801874559983844,False,/home/konglingrui/.mathmodel/questionA/统一算法迭代/A题研究/直接迭代/运行结果/统一V2_A批_20260925_fix1/slots/case_085/p3_n5/v2/evaluations/attempts/20260925T210735-5c45ce09b8d84351b930bb4ab6072252/record.json
case_085,3,5,v2,3,op_stable_id_w200,False,success,1442750,22561624,9.903621646008105,329621504,0.025336102000437677,False,/home/konglingrui/.mathmodel/questionA/统一算法迭代/A题研究/直接迭代/运行结果/统一V2_A批_20260925_fix1/slots/case_085/p3_n5/v2/evaluations/attempts/20260925T210744-d66a167248e34764bdcef5c8c5c79759/record.json
case_085,3,5,v2,4,v2_p3_branch_s2_residency,True,success,1172220,27112402,10.416788332004216,316686336,0.5665792020008666,False,/home/konglingrui/.mathmodel/questionA/统一算法迭代/A题研究/直接迭代/运行结果/统一V2_A批_20260925_fix1/slots/case_085/p3_n5/v2/evaluations/attempts/20260925T210755-6f19d23a8ca642eb85f679a3f607835b/record.json
case_085,3,5,v2,5,v2_p3_affinity_s2_cache_window,True,success,2281895,11315600,6.94398280599853,278863872,1.19673054300074,False,/home/konglingrui/.mathmodel/questionA/统一算法迭代/A题研究/直接迭代/运行结果/统一V2_A批_20260925_fix1/slots/case_085/p3_n5/v2/evaluations/attempts/20260925T210806-4d94d1a0e6304e83a3c46d626cbc7226/record.json
case_085,3,5,v2,6,v2_p3_affinity_s2_residency,True,success,2281791,11314584,6.142793699997128,260243456,0.33192319399677217,False,/home/konglingrui/.mathmodel/questionA/统一算法迭代/A题研究/直接迭代/运行结果/统一V2_A批_20260925_fix1/slots/case_085/p3_n5/v2/evaluations/attempts/20260925T210813-774f78d5b1474ea7a86d8c62d6cd5dd1/record.json
case_085,3,5,v2,7,v2_p3_wavefront_s2_cache_window,True,success,2735502,11835034,6.292031678996864,274677760,1.2809281410009135,False,/home/konglingrui/.mathmodel/questionA/统一算法迭代/A题研究/直接迭代/运行结果/统一V2_A批_20260925_fix1/slots/case_085/p3_n5/v2/evaluations/attempts/20260925T210821-e1cd111f1c474c55865465cf0ba39282/record.json
case_085,3,5,v2,8,v2_p3_wavefront_s2_residency,True,success,2718921,11687392,5.8914242109894985,260784128,0.3332681610045256,False,/home/konglingrui/.mathmodel/questionA/统一算法迭代/A题研究/直接迭代/运行结果/统一V2_A批_20260925_fix1/slots/case_085/p3_n5/v2/evaluations/attempts/20260925T210827-d957d5fddf2c4aeabbf70dfa7f7ed9e2/record.json
case_025,1,5,baseline,1,wcc_start0_simple_a5_per_core_lpt_mv,False,success,975282,110592,34.2415194829955,238571520,2.3715816939948127,True,/home/konglingrui/.mathmodel/questionA/统一算法迭代/A题研究/直接迭代/运行结果/统一V2_A批_20260925_v1/slots/case_025/p1_n5/baseline/evaluations/attempts/20260925T205435-32e7d5efd46e4a23b3d352a07f5ca694/record.json
case_025,1,5,baseline,2,selective_whole_critical_path_x1_a5_eft,False,success,1757768,73681920,51.38147312900401,243228672,3.0623499310022453,False,/home/konglingrui/.mathmodel/questionA/统一算法迭代/A题研究/直接迭代/运行结果/统一V2_A批_20260925_v1/slots/case_025/p1_n5/baseline/evaluations/attempts/20260925T205512-966cd1788bd6416eb6b7e8e68e8d8741/record.json
case_025,1,5,baseline,3,selective_whole_critical_path_x1_a3_eft,False,success,2291536,73681920,54.58672372800356,242597888,0.025795135006774217,False,/home/konglingrui/.mathmodel/questionA/统一算法迭代/A题研究/直接迭代/运行结果/统一V2_A批_20260925_v1/slots/case_025/p1_n5/baseline/evaluations/attempts/20260925T205603-dc4a8fe60a1941e38f6f5aa3a8886f12/record.json
case_025,2,5,baseline,1,wcc_start0_simple_a5_per_core_lpt_mv,False,success,975282,110592,6.69994897399738,256106496,2.3416287300060503,True,/home/konglingrui/.mathmodel/questionA/统一算法迭代/A题研究/直接迭代/运行结果/统一V2_A批_20260925_v1/slots/case_025/p2_n5/baseline/evaluations/attempts/20260925T205435-0ae22977015f4d27a27a4ac49bae44bf/record.json
case_025,2,5,baseline,2,op_critical_path_w100,False,success,2261757,92602368,16.930275040998822,510754816,3.805966233005165,False,/home/konglingrui/.mathmodel/questionA/统一算法迭代/A题研究/直接迭代/运行结果/统一V2_A批_20260925_v1/slots/case_025/p2_n5/baseline/evaluations/attempts/20260925T205445-476d5b0977c444fea17685bf88c3f414/record.json
case_025,2,5,baseline,3,op_stable_id_w100,False,success,1264925,15478272,9.40129121899372,309067776,0.02178953400289174,False,/home/konglingrui/.mathmodel/questionA/统一算法迭代/A题研究/直接迭代/运行结果/统一V2_A批_20260925_v1/slots/case_025/p2_n5/baseline/evaluations/attempts/20260925T205502-26faaa15da904b218ddb3cb98b33fbc5/record.json
case_025,2,5,baseline,4,op_critical_path_w200,False,success,2263710,92602368,15.12145728500036,510464000,0.06500545000017155,False,/home/konglingrui/.mathmodel/questionA/统一算法迭代/A题研究/直接迭代/运行结果/统一V2_A批_20260925_v1/slots/case_025/p2_n5/baseline/evaluations/attempts/20260925T205512-882412b84f444e2a8887d0b3f4647a4a/record.json
case_025,2,5,baseline,5,op_stable_id_w200,False,success,1193513,13673472,8.859826731000794,301363200,0.026330089996918105,False,/home/konglingrui/.mathmodel/questionA/统一算法迭代/A题研究/直接迭代/运行结果/统一V2_A批_20260925_v1/slots/case_025/p2_n5/baseline/evaluations/attempts/20260925T205527-326ec0424bb2474d8d8ec47a9cac4876/record.json
case_025,2,5,baseline,6,op_release_priority_w100,False,success,1912398,77552640,14.769667261993163,460525568,0.04116683400934562,False,/home/konglingrui/.mathmodel/questionA/统一算法迭代/A题研究/直接迭代/运行结果/统一V2_A批_20260925_v1/slots/case_025/p2_n5/baseline/evaluations/attempts/20260925T205536-7b50257b9b0d4367b082cb5534ce39ba/record.json
case_025,2,5,baseline,7,op_seeded_priority_w100,False,success,1758476,85492224,19.58095457300078,518766592,0.03406041199923493,False,/home/konglingrui/.mathmodel/questionA/统一算法迭代/A题研究/直接迭代/运行结果/统一V2_A批_20260925_v1/slots/case_025/p2_n5/baseline/evaluations/attempts/20260925T205550-ed940638295d46ee9f2065fd63518c00/record.json
case_025,2,5,baseline,8,op_stable_id_w025,False,success,1320478,20585472,9.804983726004139,319791104,0.03363080299459398,False,/home/konglingrui/.mathmodel/questionA/统一算法迭代/A题研究/直接迭代/运行结果/统一V2_A批_20260925_v1/slots/case_025/p2_n5/baseline/evaluations/attempts/20260925T205610-06016f1b65f642c6a262d3208fe810bd/record.json
case_025,3,5,baseline,1,wcc_start0_simple_a5_per_core_lpt_mv,False,success,975282,110592,6.403098914990551,256344064,2.164304477002588,True,/home/konglingrui/.mathmodel/questionA/统一算法迭代/A题研究/直接迭代/运行结果/统一V2_A批_20260925_v1/slots/case_025/p3_n5/baseline/evaluations/attempts/20260925T205623-4bc996167bd44cea8d788468cdfbca9c/record.json
case_025,3,5,baseline,2,op_critical_path_w100,False,success,2261842,92602368,17.73348122400057,510537728,3.6169941510015633,False,/home/konglingrui/.mathmodel/questionA/统一算法迭代/A题研究/直接迭代/运行结果/统一V2_A批_20260925_v1/slots/case_025/p3_n5/baseline/evaluations/attempts/20260925T205633-cbdd982f87f24622a3e0671355c3add6/record.json
case_025,3,5,baseline,3,op_stable_id_w100,False,success,1264904,15478272,10.410154188008164,309194752,0.06686476798495278,False,/home/konglingrui/.mathmodel/questionA/统一算法迭代/A题研究/直接迭代/运行结果/统一V2_A批_20260925_v1/slots/case_025/p3_n5/baseline/evaluations/attempts/20260925T205651-fdefa33d0a5b4f03aa8abeeef717faa2/record.json
case_025,3,5,baseline,4,op_critical_path_w200,False,success,2262248,92602368,14.516202394996071,510779392,0.048499109005206265,False,/home/konglingrui/.mathmodel/questionA/统一算法迭代/A题研究/直接迭代/运行结果/统一V2_A批_20260925_v1/slots/case_025/p3_n5/baseline/evaluations/attempts/20260925T205701-3c41678a57354fb18be53a80bc81431c/record.json
case_025,3,5,baseline,5,op_stable_id_w200,False,success,1193330,13673472,7.848823091000668,301805568,0.017719416006002575,False,/home/konglingrui/.mathmodel/questionA/统一算法迭代/A题研究/直接迭代/运行结果/统一V2_A批_20260925_v1/slots/case_025/p3_n5/baseline/evaluations/attempts/20260925T205716-4c39f68a40574b398b0f16d14be31c5a/record.json
case_025,3,5,baseline,6,op_release_priority_w100,False,success,1933849,77552640,14.417193650006084,460222464,0.03272920599556528,False,/home/konglingrui/.mathmodel/questionA/统一算法迭代/A题研究/直接迭代/运行结果/统一V2_A批_20260925_v1/slots/case_025/p3_n5/baseline/evaluations/attempts/20260925T205723-e176333fab20432486cfcaaf015b0996/record.json
case_025,3,5,baseline,7,op_seeded_priority_w100,False,success,1757008,85492224,21.777052104996983,518438912,0.037737300008302554,False,/home/konglingrui/.mathmodel/questionA/统一算法迭代/A题研究/直接迭代/运行结果/统一V2_A批_20260925_v1/slots/case_025/p3_n5/baseline/evaluations/attempts/20260925T205738-144294ede0e0431abb1a0f964840d659/record.json
case_025,3,5,baseline,8,op_stable_id_w025,False,success,1320342,20585472,9.404788422005367,319856640,0.04364026099210605,False,/home/konglingrui/.mathmodel/questionA/统一算法迭代/A题研究/直接迭代/运行结果/统一V2_A批_20260925_v1/slots/case_025/p3_n5/baseline/evaluations/attempts/20260925T205800-d92abadffa9a42269ffd2c32b71a2c58/record.json
case_043,1,5,baseline,1,wcc_start0_simple_a5_per_core_lpt_mv,False,success,269612,1062920,10.499975394996,128524288,1.1510070270014694,True,/home/konglingrui/.mathmodel/questionA/统一算法迭代/A题研究/直接迭代/运行结果/统一V2_A批_20260925_v1/slots/case_043/p1_n5/baseline/evaluations/attempts/20260925T210228-5c5864bba33d4d1ab706164100e21220/record.json
case_043,1,5,baseline,2,selective_whole_critical_path_x1_a3_eft,False,success,268776,2257920,11.855063261013129,128524288,1.9686648449860513,True,/home/konglingrui/.mathmodel/questionA/统一算法迭代/A题研究/直接迭代/运行结果/统一V2_A批_20260925_v1/slots/case_043/p1_n5/baseline/evaluations/attempts/20260925T210241-1f65c92f5c664fa49794f67cff133a09/record.json
case_043,1,5,baseline,3,selective_local_quantile_stable_id_x1_a3_eft,False,success,265168,3182298,3.2802062760019908,128524288,0.010663177992682904,True,/home/konglingrui/.mathmodel/questionA/统一算法迭代/A题研究/直接迭代/运行结果/统一V2_A批_20260925_v1/slots/case_043/p1_n5/baseline/evaluations/attempts/20260925T210252-f5a37c27d1f04a50b046c338ec75d4d0/record.json
case_043,1,5,baseline,4,selective_phase_band_critical_path_x1_a5_eft,False,success,232684,3965368,4.589938021003036,128524288,0.011143818992422894,True,/home/konglingrui/.mathmodel/questionA/统一算法迭代/A题研究/直接迭代/运行结果/统一V2_A批_20260925_v1/slots/case_043/p1_n5/baseline/evaluations/attempts/20260925T210256-21310237cd714e45a17e662782d68eb2/record.json
case_043,1,5,baseline,5,selective_whole_critical_path_x1_a5_eft,False,success,269610,2257920,10.650655074001406,128524288,0.010504323989152908,False,/home/konglingrui/.mathmodel/questionA/统一算法迭代/A题研究/直接迭代/运行结果/统一V2_A批_20260925_v1/slots/case_043/p1_n5/baseline/evaluations/attempts/20260925T210300-7356c6a820914fffab4f97076cb71825/record.json
case_043,1,5,baseline,6,selective_local_quantile_stable_id_x1_a5_eft,False,success,266510,3182298,3.08146606599621,128524288,0.008599232998676598,False,/home/konglingrui/.mathmodel/questionA/统一算法迭代/A题研究/直接迭代/运行结果/统一V2_A批_20260925_v1/slots/case_043/p1_n5/baseline/evaluations/attempts/20260925T210311-2776a6ddc7324c7e9ba3759715125451/record.json
case_043,1,5,baseline,7,selective_phase_band_stable_id_x1_a5_eft,False,success,232684,3965368,3.4329087500082096,128524288,0.010662261003744788,False,/home/konglingrui/.mathmodel/questionA/统一算法迭代/A题研究/直接迭代/运行结果/统一V2_A批_20260925_v1/slots/case_043/p1_n5/baseline/evaluations/attempts/20260925T210314-5dbd4f7c3905435a89d81cfa1c7fcc81/record.json
case_043,1,5,baseline,8,selective_local_quantile_stable_id_x1_a5_balanced,False,success,268439,3182298,2.9304916450055316,128524288,0.009104034004849382,False,/home/konglingrui/.mathmodel/questionA/统一算法迭代/A题研究/直接迭代/运行结果/统一V2_A批_20260925_v1/slots/case_043/p1_n5/baseline/evaluations/attempts/20260925T210318-e45bd62d7ade495dbe20f24a9a5f7ec5/record.json
case_043,2,5,baseline,1,wcc_start0_simple_a5_per_core_lpt_mv,False,success,269612,1062920,1.7280907850072253,135274496,1.2148883810004918,True,/home/konglingrui/.mathmodel/questionA/统一算法迭代/A题研究/直接迭代/运行结果/统一V2_A批_20260925_v1/slots/case_043/p2_n5/baseline/evaluations/attempts/20260925T210250-f44ee656f24c46e299456e1fd52fd383/record.json
case_043,2,5,baseline,2,op_critical_path_w100,False,success,369469,17241682,5.838508131011622,193679360,1.3259926849859767,False,/home/konglingrui/.mathmodel/questionA/统一算法迭代/A题研究/直接迭代/运行结果/统一V2_A批_20260925_v1/slots/case_043/p2_n5/baseline/evaluations/attempts/20260925T210253-5ad34b58072a4dd58293b47630d6f7ec/record.json
case_043,2,5,baseline,3,op_stable_id_w100,False,success,406646,8194480,3.1837766750104493,157843456,0.013606744993012398,False,/home/konglingrui/.mathmodel/questionA/统一算法迭代/A题研究/直接迭代/运行结果/统一V2_A批_20260925_v1/slots/case_043/p2_n5/baseline/evaluations/attempts/20260925T210259-1bec35fc6a8742c09699eb0d02293dfb/record.json
case_043,2,5,baseline,4,op_critical_path_w200,False,success,320711,14873588,4.283920476009371,182521856,0.01835519800079055,False,/home/konglingrui/.mathmodel/questionA/统一算法迭代/A题研究/直接迭代/运行结果/统一V2_A批_20260925_v1/slots/case_043/p2_n5/baseline/evaluations/attempts/20260925T210303-91e56cb65cdf4c29b7dcd790eff8c7be/record.json
case_043,2,5,baseline,5,op_stable_id_w200,False,success,232981,6691004,2.7815615559957223,148664320,0.01061244601442013,True,/home/konglingrui/.mathmodel/questionA/统一算法迭代/A题研究/直接迭代/运行结果/统一V2_A批_20260925_v1/slots/case_043/p2_n5/baseline/evaluations/attempts/20260925T210307-b1f70a2001b441f89ee7e6db8a066ae2/record.json
case_043,2,5,baseline,6,op_release_priority_w100,False,success,364024,16750526,4.685087329999078,194928640,0.018932132996269502,False,/home/konglingrui/.mathmodel/questionA/统一算法迭代/A题研究/直接迭代/运行结果/统一V2_A批_20260925_v1/slots/case_043/p2_n5/baseline/evaluations/attempts/20260925T210310-fe109e40370542df8b2af0b65084122e/record.json
case_043,2,5,baseline,7,op_seeded_priority_w100,False,success,359885,13856020,4.233040176011855,181043200,0.0139446769899223,False,/home/konglingrui/.mathmodel/questionA/统一算法迭代/A题研究/直接迭代/运行结果/统一V2_A批_20260925_v1/slots/case_043/p2_n5/baseline/evaluations/attempts/20260925T210314-741a73c586964d0fb3e2e9652d99a551/record.json
case_043,2,5,baseline,8,op_critical_path_w025,False,success,412106,19058742,4.986032914996031,210690048,0.02190850200713612,False,/home/konglingrui/.mathmodel/questionA/统一算法迭代/A题研究/直接迭代/运行结果/统一V2_A批_20260925_v1/slots/case_043/p2_n5/baseline/evaluations/attempts/20260925T210319-d54b008273874b3ab576d31b6653435c/record.json
case_043,3,5,baseline,1,wcc_start0_simple_a5_per_core_lpt_mv,False,success,269612,1062920,1.7766051019862061,130093056,1.2190806070138933,True,/home/konglingrui/.mathmodel/questionA/统一算法迭代/A题研究/直接迭代/运行结果/统一V2_A批_20260925_v1/slots/case_043/p3_n5/baseline/evaluations/attempts/20260925T210317-a2596d79face41528e87b023c3bdb173/record.json
case_043,3,5,baseline,2,op_critical_path_w100,False,success,328791,17241682,4.5853740570019,193724416,1.305426084989449,False,/home/konglingrui/.mathmodel/questionA/统一算法迭代/A题研究/直接迭代/运行结果/统一V2_A批_20260925_v1/slots/case_043/p3_n5/baseline/evaluations/attempts/20260925T210320-9ea5ce3877f44d819ebe5603dbda61c5/record.json
case_043,3,5,baseline,3,op_stable_id_w100,False,success,396187,8194480,3.337658062009723,157622272,0.012193464994197711,False,/home/konglingrui/.mathmodel/questionA/统一算法迭代/A题研究/直接迭代/运行结果/统一V2_A批_20260925_v1/slots/case_043/p3_n5/baseline/evaluations/attempts/20260925T210325-b99abbfb032a4da1818dd8da7a0d231b/record.json
case_043,3,5,baseline,4,op_critical_path_w200,False,success,284788,14873588,4.9396965189953335,182603776,0.022047332997317426,False,/home/konglingrui/.mathmodel/questionA/统一算法迭代/A题研究/直接迭代/运行结果/统一V2_A批_20260925_v1/slots/case_043/p3_n5/baseline/evaluations/attempts/20260925T210328-1a2c134badd14d81918a3342ee2c9b34/record.json
case_043,3,5,baseline,5,op_stable_id_w200,False,success,225659,6691004,3.133425994994468,148795392,0.010756077012047172,True,/home/konglingrui/.mathmodel/questionA/统一算法迭代/A题研究/直接迭代/运行结果/统一V2_A批_20260925_v1/slots/case_043/p3_n5/baseline/evaluations/attempts/20260925T210333-b20a69747dc4441b85ce5bf4fc58d03f/record.json
case_043,3,5,baseline,6,op_release_priority_w100,False,success,324783,16750526,5.688857844012091,194953216,0.020521819984423928,False,/home/konglingrui/.mathmodel/questionA/统一算法迭代/A题研究/直接迭代/运行结果/统一V2_A批_20260925_v1/slots/case_043/p3_n5/baseline/evaluations/attempts/20260925T210336-22fa2796a4ba4d788729461c4c103850/record.json
case_043,3,5,baseline,7,op_seeded_priority_w100,False,success,327703,13856020,6.045891818997916,181096448,0.01679710099415388,False,/home/konglingrui/.mathmodel/questionA/统一算法迭代/A题研究/直接迭代/运行结果/统一V2_A批_20260925_v1/slots/case_043/p3_n5/baseline/evaluations/attempts/20260925T210342-88e2cb27062e4d159733cc553e8c951b/record.json
case_043,3,5,baseline,8,op_critical_path_w025,False,success,369859,19058742,5.336972261007759,210780160,0.027812891989015043,False,/home/konglingrui/.mathmodel/questionA/统一算法迭代/A题研究/直接迭代/运行结果/统一V2_A批_20260925_v1/slots/case_043/p3_n5/baseline/evaluations/attempts/20260925T210348-401aedc3116f47569980dbc616012aa4/record.json
case_047,1,5,baseline,1,wcc_start0_simple_a1_per_core_lpt_mv,False,success,326508,0,34.32546121798805,215367680,0.06078375500510447,True,/home/konglingrui/.mathmodel/questionA/统一算法迭代/A题研究/直接迭代/运行结果/统一V2_A批_20260925_v1/slots/case_047/p1_n5/baseline/evaluations/attempts/20260925T210015-2fc9bfa1c954437e9649a74a93e20750/record.json
case_047,1,5,baseline,2,selective_whole_critical_path_x1_a5_eft,False,success,326508,0,28.40276653500041,215134208,2.7053576159960357,False,/home/konglingrui/.mathmodel/questionA/统一算法迭代/A题研究/直接迭代/运行结果/统一V2_A批_20260925_v1/slots/case_047/p1_n5/baseline/evaluations/attempts/20260925T210052-ac2b548fb06f4a93a8e6793f943415d3/record.json
case_047,1,5,baseline,3,selective_local_quantile_stable_id_x1_a5_eft,False,success,327620,53528,6.6028887949942145,139509760,0.010354189013014548,False,/home/konglingrui/.mathmodel/questionA/统一算法迭代/A题研究/直接迭代/运行结果/统一V2_A批_20260925_v1/slots/case_047/p1_n5/baseline/evaluations/attempts/20260925T210120-756586df05e2439ca7dfcca5eb5d2d9d/record.json
case_047,1,5,baseline,4,selective_phase_band_critical_path_x1_a3_eft,False,success,326689,86958,6.691958551004063,140226560,0.01161463100288529,False,/home/konglingrui/.mathmodel/questionA/统一算法迭代/A题研究/直接迭代/运行结果/统一V2_A批_20260925_v1/slots/case_047/p1_n5/baseline/evaluations/attempts/20260925T210127-3b25edc3ca17490ea90017d74a3ab76b/record.json
case_047,1,5,baseline,5,selective_local_quantile_critical_path_x1_a5_eft,False,success,326661,63768,7.04222793399822,139911168,0.010903756992775016,False,/home/konglingrui/.mathmodel/questionA/统一算法迭代/A题研究/直接迭代/运行结果/统一V2_A批_20260925_v1/slots/case_047/p1_n5/baseline/evaluations/attempts/20260925T210134-0e016aec997444b4a27c55bdccb137ed/record.json
case_047,1,5,baseline,6,selective_phase_band_critical_path_x1_a5_eft,False,success,326725,86958,6.942314512998564,140103680,0.011008079003659077,False,/home/konglingrui/.mathmodel/questionA/统一算法迭代/A题研究/直接迭代/运行结果/统一V2_A批_20260925_v1/slots/case_047/p1_n5/baseline/evaluations/attempts/20260925T210141-6f445e83a81549c28bd181a84e0ed778/record.json
case_047,1,5,baseline,7,selective_local_quantile_stable_id_x2_a5_eft,False,success,329010,120438,3.2820168680045754,135274496,0.01067248999606818,False,/home/konglingrui/.mathmodel/questionA/统一算法迭代/A题研究/直接迭代/运行结果/统一V2_A批_20260925_v1/slots/case_047/p1_n5/baseline/evaluations/attempts/20260925T210148-8c3cb4be30e44d95987c0c1caa266942/record.json
case_047,1,5,baseline,8,selective_phase_band_stable_id_x1_a3_eft,False,success,326689,86958,7.342454400000861,140177408,0.014825580001343042,False,/home/konglingrui/.mathmodel/questionA/统一算法迭代/A题研究/直接迭代/运行结果/统一V2_A批_20260925_v1/slots/case_047/p1_n5/baseline/evaluations/attempts/20260925T210151-4294d4c8c3594c81be607d9753e69763/record.json
case_047,2,5,baseline,1,wcc_start0_simple_a1_per_core_lpt_mv,False,success,326508,0,4.285561240001698,215691264,0.04172316000040155,True,/home/konglingrui/.mathmodel/questionA/统一算法迭代/A题研究/直接迭代/运行结果/统一V2_A批_20260925_v1/slots/case_047/p2_n5/baseline/evaluations/attempts/20260925T210122-809a4ffbd34c410ba465e13daeb0f3ad/record.json
case_047,2,5,baseline,2,op_critical_path_w100,False,success,166029,5961558,6.442273829001351,253579264,2.085845255991444,True,/home/konglingrui/.mathmodel/questionA/统一算法迭代/A题研究/直接迭代/运行结果/统一V2_A批_20260925_v1/slots/case_047/p2_n5/baseline/evaluations/attempts/20260925T210128-3bfe3838628249faa68679f6a4b2f01e/record.json
case_047,2,5,baseline,3,op_stable_id_w100,False,success,127203,2698072,4.243764714003191,181850112,0.01473089300270658,True,/home/konglingrui/.mathmodel/questionA/统一算法迭代/A题研究/直接迭代/运行结果/统一V2_A批_20260925_v1/slots/case_047/p2_n5/baseline/evaluations/attempts/20260925T210134-33ef68c408a941499fa40d17ebd7b32d/record.json
case_047,2,5,baseline,4,op_critical_path_w200,False,success,150018,4736312,5.841138175004744,230047744,0.024909750994993374,False,/home/konglingrui/.mathmodel/questionA/统一算法迭代/A题研究/直接迭代/运行结果/统一V2_A批_20260925_v1/slots/case_047/p2_n5/baseline/evaluations/attempts/20260925T210139-ee09d6610c9949c7bd1d60690e4e933b/record.json
case_047,2,5,baseline,5,op_stable_id_w200,False,success,122134,2651832,3.633480414006044,180858880,0.01263186099822633,True,/home/konglingrui/.mathmodel/questionA/统一算法迭代/A题研究/直接迭代/运行结果/统一V2_A批_20260925_v1/slots/case_047/p2_n5/baseline/evaluations/attempts/20260925T210145-3130502bb19b48dda4413e25a32473ae/record.json
case_047,2,5,baseline,6,op_release_priority_w100,False,success,168238,5692728,6.540986398002133,248733696,0.02388988899474498,False,/home/konglingrui/.mathmodel/questionA/统一算法迭代/A题研究/直接迭代/运行结果/统一V2_A批_20260925_v1/slots/case_047/p2_n5/baseline/evaluations/attempts/20260925T210148-28f797da2ea9444ab8980b40706584d9/record.json
case_047,2,5,baseline,7,op_seeded_priority_w100,False,success,196265,4184024,5.58899259599275,211922944,0.016614751002634875,False,/home/konglingrui/.mathmodel/questionA/统一算法迭代/A题研究/直接迭代/运行结果/统一V2_A批_20260925_v1/slots/case_047/p2_n5/baseline/evaluations/attempts/20260925T210155-28ff77a392ea49f0886cc4b0af4070f1/record.json
case_047,2,5,baseline,8,op_critical_path_w025,False,success,253363,7228376,8.747520856995834,284909568,0.027034327998990193,False,/home/konglingrui/.mathmodel/questionA/统一算法迭代/A题研究/直接迭代/运行结果/统一V2_A批_20260925_v1/slots/case_047/p2_n5/baseline/evaluations/attempts/20260925T210200-66bc9eb9a0a64cb6ab3d909194f9331f/record.json
case_047,3,5,baseline,1,wcc_start0_simple_a1_per_core_lpt_mv,False,success,326508,0,4.988611328997649,215527424,0.05188204500882421,True,/home/konglingrui/.mathmodel/questionA/统一算法迭代/A题研究/直接迭代/运行结果/统一V2_A批_20260925_v1/slots/case_047/p3_n5/baseline/evaluations/attempts/20260925T210159-75bbaeb722ee470db6180810aab6a28b/record.json
case_047,3,5,baseline,2,op_critical_path_w100,False,success,157768,5961558,7.244859808997717,253800448,2.352218845000607,True,/home/konglingrui/.mathmodel/questionA/统一算法迭代/A题研究/直接迭代/运行结果/统一V2_A批_20260925_v1/slots/case_047/p3_n5/baseline/evaluations/attempts/20260925T210206-4e8da8cc4f1e467aa4bbe40d4d7b7a85/record.json
case_047,3,5,baseline,3,op_stable_id_w100,False,success,125035,2698072,4.336199355995632,181936128,0.01810100801230874,True,/home/konglingrui/.mathmodel/questionA/统一算法迭代/A题研究/直接迭代/运行结果/统一V2_A批_20260925_v1/slots/case_047/p3_n5/baseline/evaluations/attempts/20260925T210213-d1b837e8d6c14577b123235d9b6d420f/record.json
case_047,3,5,baseline,4,op_critical_path_w200,False,success,145540,4736312,6.345067725007539,230404096,0.03524100898357574,False,/home/konglingrui/.mathmodel/questionA/统一算法迭代/A题研究/直接迭代/运行结果/统一V2_A批_20260925_v1/slots/case_047/p3_n5/baseline/evaluations/attempts/20260925T210218-98be5fbc857a45a8831c0522bc3ea54e/record.json
case_047,3,5,baseline,5,op_stable_id_w200,False,success,120548,2651832,3.78468271199381,181157888,0.01295631899847649,True,/home/konglingrui/.mathmodel/questionA/统一算法迭代/A题研究/直接迭代/运行结果/统一V2_A批_20260925_v1/slots/case_047/p3_n5/baseline/evaluations/attempts/20260925T210224-aa3118c5e3af4cd7800204e88c525f2f/record.json
case_047,3,5,baseline,6,op_release_priority_w100,False,success,160342,5692728,6.593268545999308,248561664,0.02626496899756603,False,/home/konglingrui/.mathmodel/questionA/统一算法迭代/A题研究/直接迭代/运行结果/统一V2_A批_20260925_v1/slots/case_047/p3_n5/baseline/evaluations/attempts/20260925T210228-e5271f7f50284013924177c2979f513f/record.json
case_047,3,5,baseline,7,op_seeded_priority_w100,False,success,193934,4184024,5.538934905998758,212193280,0.01821627700701356,False,/home/konglingrui/.mathmodel/questionA/统一算法迭代/A题研究/直接迭代/运行结果/统一V2_A批_20260925_v1/slots/case_047/p3_n5/baseline/evaluations/attempts/20260925T210234-d1c04f0841384f1f86c8e168ade385b2/record.json
case_047,3,5,baseline,8,op_critical_path_w025,False,success,240014,7228376,8.998255494996556,284962816,0.025463755999226123,False,/home/konglingrui/.mathmodel/questionA/统一算法迭代/A题研究/直接迭代/运行结果/统一V2_A批_20260925_v1/slots/case_047/p3_n5/baseline/evaluations/attempts/20260925T210240-9259c4e7696e42c5bbe68222d47dae42/record.json
case_048,1,5,baseline,1,wcc_start0_simple_a1_per_core_lpt_mv,False,success,222220,0,0.6734832380025182,130093056,0.01128197499201633,True,/home/konglingrui/.mathmodel/questionA/统一算法迭代/A题研究/直接迭代/运行结果/统一V2_A批_20260925_v1/slots/case_048/p1_n5/baseline/evaluations/attempts/20260925T210417-5ef3f9d9e6744da1bc5e90b90266ca3f/record.json
case_048,1,5,baseline,2,selective_whole_critical_path_x1_a5_eft,False,success,222220,0,0.5716893570061075,130093056,0.31759858700388577,False,/home/konglingrui/.mathmodel/questionA/统一算法迭代/A题研究/直接迭代/运行结果/统一V2_A批_20260925_v1/slots/case_048/p1_n5/baseline/evaluations/attempts/20260925T210418-d8c3c0167ec7445abb5ac1880f5897e6/record.json
case_048,1,5,baseline,3,selective_local_quantile_stable_id_x1_a5_eft,False,success,223274,129592,0.31968440700438805,130093056,0.005231567993178032,False,/home/konglingrui/.mathmodel/questionA/统一算法迭代/A题研究/直接迭代/运行结果/统一V2_A批_20260925_v1/slots/case_048/p1_n5/baseline/evaluations/attempts/20260925T210419-6e7fda4a3a6a418692e5bff57ea51189/record.json
case_048,1,5,baseline,4,selective_phase_band_critical_path_x1_a3_eft,False,success,223026,142474,0.4204569439898478,130093056,0.007335015005082823,False,/home/konglingrui/.mathmodel/questionA/统一算法迭代/A题研究/直接迭代/运行结果/统一V2_A批_20260925_v1/slots/case_048/p1_n5/baseline/evaluations/attempts/20260925T210419-6204cfe829804402b7d85fa6b7dbaa53/record.json
case_048,1,5,baseline,5,selective_local_quantile_critical_path_x1_a5_eft,False,success,225159,180376,0.3238323959958507,130093056,0.00536973999987822,False,/home/konglingrui/.mathmodel/questionA/统一算法迭代/A题研究/直接迭代/运行结果/统一V2_A批_20260925_v1/slots/case_048/p1_n5/baseline/evaluations/attempts/20260925T210419-894631f4a8684ea293d877d1be524e70/record.json
case_048,1,5,baseline,6,selective_phase_band_critical_path_x1_a5_eft,False,success,223096,142474,0.41968655699747615,130093056,0.004867472991463728,False,/home/konglingrui/.mathmodel/questionA/统一算法迭代/A题研究/直接迭代/运行结果/统一V2_A批_20260925_v1/slots/case_048/p1_n5/baseline/evaluations/attempts/20260925T210420-35e54e531d7d4889979560d9e2de852f/record.json
case_048,1,5,baseline,7,selective_local_quantile_stable_id_x1_a3_balanced,False,success,226874,129592,0.37095155200222507,130093056,0.005379798996727914,False,/home/konglingrui/.mathmodel/questionA/统一算法迭代/A题研究/直接迭代/运行结果/统一V2_A批_20260925_v1/slots/case_048/p1_n5/baseline/evaluations/attempts/20260925T210420-830362d7986f44379e422d6818ae5443/record.json
case_048,1,5,baseline,8,selective_phase_band_stable_id_x1_a3_eft,False,success,223026,142474,0.420319513999857,130093056,0.00489812099840492,False,/home/konglingrui/.mathmodel/questionA/统一算法迭代/A题研究/直接迭代/运行结果/统一V2_A批_20260925_v1/slots/case_048/p1_n5/baseline/evaluations/attempts/20260925T210420-a87f8a1b67b745a1834a3ecc80ed9d52/record.json
case_048,2,5,baseline,1,wcc_start0_simple_a1_per_core_lpt_mv,False,success,222220,0,0.3717051569983596,135274496,0.00838437900529243,True,/home/konglingrui/.mathmodel/questionA/统一算法迭代/A题研究/直接迭代/运行结果/统一V2_A批_20260925_v1/slots/case_048/p2_n5/baseline/evaluations/attempts/20260925T210423-11c33185b7ce4e0b8ac82bbdfb04959f/record.json
case_048,2,5,baseline,2,op_critical_path_w100,False,success,126327,1138610,0.421756487005041,135274496,0.2347801809955854,True,/home/konglingrui/.mathmodel/questionA/统一算法迭代/A题研究/直接迭代/运行结果/统一V2_A批_20260925_v1/slots/case_048/p2_n5/baseline/evaluations/attempts/20260925T210424-3ddddc027dfa4cbbbeb5c29aca8a6d10/record.json
case_048,2,5,baseline,3,op_stable_id_w100,False,success,104738,880530,0.42064441900583915,135274496,0.005222119987593032,True,/home/konglingrui/.mathmodel/questionA/统一算法迭代/A题研究/直接迭代/运行结果/统一V2_A批_20260925_v1/slots/case_048/p2_n5/baseline/evaluations/attempts/20260925T210424-c124079f93794c15b42bc2caff261e66/record.json
case_048,2,5,baseline,4,op_critical_path_w200,False,success,120546,1001206,0.4205130009941058,135274496,0.006805782002629712,False,/home/konglingrui/.mathmodel/questionA/统一算法迭代/A题研究/直接迭代/运行结果/统一V2_A批_20260925_v1/slots/case_048/p2_n5/baseline/evaluations/attempts/20260925T210425-0a6b34e4cefe40e39685bc0e9872d64f/record.json
case_048,2,5,baseline,5,op_stable_id_w200,False,success,102506,805526,0.41997999299201183,135274496,0.005594664005911909,True,/home/konglingrui/.mathmodel/questionA/统一算法迭代/A题研究/直接迭代/运行结果/统一V2_A批_20260925_v1/slots/case_048/p2_n5/baseline/evaluations/attempts/20260925T210425-24a17a3b845e43e69b2f2730ae11f78c/record.json
case_048,2,5,baseline,6,op_release_priority_w100,False,success,126327,1138610,0.4203541960014263,135274496,0.007089339997037314,False,/home/konglingrui/.mathmodel/questionA/统一算法迭代/A题研究/直接迭代/运行结果/统一V2_A批_20260925_v1/slots/case_048/p2_n5/baseline/evaluations/attempts/20260925T210425-75c808347d764d4aad97f0c9314823ab/record.json
case_048,2,5,baseline,7,op_seeded_priority_w100,False,success,125857,1052886,0.47063414499280043,135274496,0.005934027998591773,False,/home/konglingrui/.mathmodel/questionA/统一算法迭代/A题研究/直接迭代/运行结果/统一V2_A批_20260925_v1/slots/case_048/p2_n5/baseline/evaluations/attempts/20260925T210426-28210bdfd66d48809443c1e3159ca97d/record.json
case_048,2,5,baseline,8,op_critical_path_w025,False,success,105148,1162616,0.47110664698993787,135274496,0.0066898240183945745,False,/home/konglingrui/.mathmodel/questionA/统一算法迭代/A题研究/直接迭代/运行结果/统一V2_A批_20260925_v1/slots/case_048/p2_n5/baseline/evaluations/attempts/20260925T210426-06cb0ecc96404b1397bd3caee966c658/record.json
case_048,3,5,baseline,1,wcc_start0_simple_a1_per_core_lpt_mv,False,success,222220,0,0.37103624299925286,128524288,0.008904678004910238,True,/home/konglingrui/.mathmodel/questionA/统一算法迭代/A题研究/直接迭代/运行结果/统一V2_A批_20260925_v1/slots/case_048/p3_n5/baseline/evaluations/attempts/20260925T210427-f015f6aa40d54ebc8381bbffcace8871/record.json
case_048,3,5,baseline,2,op_critical_path_w100,False,success,126323,1138610,0.47238143799768295,128524288,0.22510884499934036,True,/home/konglingrui/.mathmodel/questionA/统一算法迭代/A题研究/直接迭代/运行结果/统一V2_A批_20260925_v1/slots/case_048/p3_n5/baseline/evaluations/attempts/20260925T210427-befd6bf1b3a64ffb8760d84bbd7d7b9d/record.json
case_048,3,5,baseline,3,op_stable_id_w100,False,success,104102,880530,0.42078075199970044,128524288,0.005526934997760691,True,/home/konglingrui/.mathmodel/questionA/统一算法迭代/A题研究/直接迭代/运行结果/统一V2_A批_20260925_v1/slots/case_048/p3_n5/baseline/evaluations/attempts/20260925T210428-8d6daa6ebd8f47f78c1b7410d7081f62/record.json
case_048,3,5,baseline,4,op_critical_path_w200,False,success,120547,1001206,0.46977725499891676,128524288,0.005728677002480254,False,/home/konglingrui/.mathmodel/questionA/统一算法迭代/A题研究/直接迭代/运行结果/统一V2_A批_20260925_v1/slots/case_048/p3_n5/baseline/evaluations/attempts/20260925T210428-41a8df421de94b88808b768c50c6b828/record.json
case_048,3,5,baseline,5,op_stable_id_w200,False,success,102463,805526,0.4215935069951229,128524288,0.0054885589925106615,True,/home/konglingrui/.mathmodel/questionA/统一算法迭代/A题研究/直接迭代/运行结果/统一V2_A批_20260925_v1/slots/case_048/p3_n5/baseline/evaluations/attempts/20260925T210429-2ed611adb5884986822c4ad94627dd26/record.json
case_048,3,5,baseline,6,op_release_priority_w100,False,success,126323,1138610,0.4726188189961249,128524288,0.00832227899809368,False,/home/konglingrui/.mathmodel/questionA/统一算法迭代/A题研究/直接迭代/运行结果/统一V2_A批_20260925_v1/slots/case_048/p3_n5/baseline/evaluations/attempts/20260925T210429-3c0a1e2f3d3145c195297cdbe885ad7c/record.json
case_048,3,5,baseline,7,op_seeded_priority_w100,False,success,125791,1052886,0.4204110600112472,128524288,0.00576057999569457,False,/home/konglingrui/.mathmodel/questionA/统一算法迭代/A题研究/直接迭代/运行结果/统一V2_A批_20260925_v1/slots/case_048/p3_n5/baseline/evaluations/attempts/20260925T210429-d2de0f70dda443f3aee33aecd3cb6d8d/record.json
case_048,3,5,baseline,8,op_critical_path_w025,False,success,105135,1162616,0.5214312700118171,128524288,0.00891386898001656,False,/home/konglingrui/.mathmodel/questionA/统一算法迭代/A题研究/直接迭代/运行结果/统一V2_A批_20260925_v1/slots/case_048/p3_n5/baseline/evaluations/attempts/20260925T210430-b78bcef22ac942a686e6146360e2fcb6/record.json
case_051,1,5,baseline,1,wcc_start0_simple_a1_per_core_lpt_mv,False,success,607628,0,0.3706378689967096,130093056,0.0080717790115159,True,/home/konglingrui/.mathmodel/questionA/统一算法迭代/A题研究/直接迭代/运行结果/统一V2_A批_20260925_v1/slots/case_051/p1_n5/baseline/evaluations/attempts/20260925T210430-911d9ff5aee94767a99dd0803f25869a/record.json
case_051,1,5,baseline,2,selective_whole_critical_path_x1_a5_eft,False,success,607628,0,0.37023410099209286,130093056,0.19199095900694374,False,/home/konglingrui/.mathmodel/questionA/统一算法迭代/A题研究/直接迭代/运行结果/统一V2_A批_20260925_v1/slots/case_051/p1_n5/baseline/evaluations/attempts/20260925T210430-aaaafb67203b4c10a43ce6765ac7ce30/record.json
case_051,1,5,baseline,3,selective_local_quantile_stable_id_x1_a5_eft,False,success,612412,1835112,0.2691070650034817,130093056,0.004395603988086805,False,/home/konglingrui/.mathmodel/questionA/统一算法迭代/A题研究/直接迭代/运行结果/统一V2_A批_20260925_v1/slots/case_051/p1_n5/baseline/evaluations/attempts/20260925T210431-99269597376a4550b1a58fb13f6d3971/record.json
case_051,1,5,baseline,4,selective_phase_band_critical_path_x1_a5_eft,False,success,612129,3932208,0.2708094249974238,130093056,0.005036533999373205,False,/home/konglingrui/.mathmodel/questionA/统一算法迭代/A题研究/直接迭代/运行结果/统一V2_A批_20260925_v1/slots/case_051/p1_n5/baseline/evaluations/attempts/20260925T210431-aea301f246e3436bb5ba208eca821cc3/record.json
case_051,1,5,baseline,5,selective_local_quantile_stable_id_x1_a3_balanced,False,success,616012,1835112,0.2709926910029026,130093056,0.004242323993821628,False,/home/konglingrui/.mathmodel/questionA/统一算法迭代/A题研究/直接迭代/运行结果/统一V2_A批_20260925_v1/slots/case_051/p1_n5/baseline/evaluations/attempts/20260925T210431-e48b5db8369a40d19d4f78503a47c405/record.json
case_051,1,5,baseline,6,selective_phase_band_stable_id_x1_a5_eft,False,success,612129,3932208,0.2691400629992131,130093056,0.004461424992769025,False,/home/konglingrui/.mathmodel/questionA/统一算法迭代/A题研究/直接迭代/运行结果/统一V2_A批_20260925_v1/slots/case_051/p1_n5/baseline/evaluations/attempts/20260925T210431-c6e16850519a4e73b1c4db67369d205f/record.json
case_051,1,5,baseline,7,selective_local_quantile_stable_id_x1_a5_balanced,False,success,616012,1835112,0.2700070120044984,130093056,0.005072746993391775,False,/home/konglingrui/.mathmodel/questionA/统一算法迭代/A题研究/直接迭代/运行结果/统一V2_A批_20260925_v1/slots/case_051/p1_n5/baseline/evaluations/attempts/20260925T210432-6da055914d5e485b90aaf85003329151/record.json
case_051,1,5,baseline,8,selective_phase_band_critical_path_x1_a3_balanced,False,success,615729,3932208,0.26966533598897513,130093056,0.004951508002704941,False,/home/konglingrui/.mathmodel/questionA/统一算法迭代/A题研究/直接迭代/运行结果/统一V2_A批_20260925_v1/slots/case_051/p1_n5/baseline/evaluations/attempts/20260925T210432-92a677279d724d9abe7a4e6b9cb01659/record.json
case_051,2,5,baseline,1,wcc_start0_simple_a1_per_core_lpt_mv,False,success,607628,0,0.22066346899373457,135274496,0.008437240001512691,True,/home/konglingrui/.mathmodel/questionA/统一算法迭代/A题研究/直接迭代/运行结果/统一V2_A批_20260925_v1/slots/case_051/p2_n5/baseline/evaluations/attempts/20260925T210431-c84a4e4b9d604073bd8288261876f817/record.json
case_051,2,5,baseline,2,op_critical_path_w100,False,success,183148,230808,0.3216192220133962,135274496,0.17267386299499776,True,/home/konglingrui/.mathmodel/questionA/统一算法迭代/A题研究/直接迭代/运行结果/统一V2_A批_20260925_v1/slots/case_051/p2_n5/baseline/evaluations/attempts/20260925T210431-3604363a0a7f430092a16206fb577172/record.json
case_051,2,5,baseline,3,op_stable_id_w100,False,success,216605,263660,0.3200929750018986,135274496,0.005166415998246521,False,/home/konglingrui/.mathmodel/questionA/统一算法迭代/A题研究/直接迭代/运行结果/统一V2_A批_20260925_v1/slots/case_051/p2_n5/baseline/evaluations/attempts/20260925T210431-d7d4882f4f11485abd104df6726b2646/record.json
case_051,2,5,baseline,4,op_critical_path_w200,False,success,296290,6063508,0.3700001749966759,135274496,0.009227906994055957,False,/home/konglingrui/.mathmodel/questionA/统一算法迭代/A题研究/直接迭代/运行结果/统一V2_A批_20260925_v1/slots/case_051/p2_n5/baseline/evaluations/attempts/20260925T210432-6b3a9a7f27d04c6e906b379552ae23c3/record.json
case_051,2,5,baseline,5,op_release_priority_w100,False,success,164392,3507604,0.3714673959912034,135274496,0.007859389006625861,True,/home/konglingrui/.mathmodel/questionA/统一算法迭代/A题研究/直接迭代/运行结果/统一V2_A批_20260925_v1/slots/case_051/p2_n5/baseline/evaluations/attempts/20260925T210432-cea683310f024233b701b9fa0761d5bc/record.json
case_051,2,5,baseline,6,op_seeded_priority_w100,False,success,226770,9012576,0.3700151099910727,135274496,0.008835144020849839,False,/home/konglingrui/.mathmodel/questionA/统一算法迭代/A题研究/直接迭代/运行结果/统一V2_A批_20260925_v1/slots/case_051/p2_n5/baseline/evaluations/attempts/20260925T210432-054dce50dce54143ba3a4e9ea6d053e2/record.json
case_051,2,5,baseline,7,op_critical_path_w025,False,success,712377,40142360,0.5197845700022299,135274496,0.00707268800761085,False,/home/konglingrui/.mathmodel/questionA/统一算法迭代/A题研究/直接迭代/运行结果/统一V2_A批_20260925_v1/slots/case_051/p2_n5/baseline/evaluations/attempts/20260925T210433-08cacf5a8a1b484d8e91f2c7d4b1d680/record.json
case_051,2,5,baseline,8,op_release_priority_w200,False,success,257171,3180016,0.36960646299121436,135274496,0.005130952995386906,False,/home/konglingrui/.mathmodel/questionA/统一算法迭代/A题研究/直接迭代/运行结果/统一V2_A批_20260925_v1/slots/case_051/p2_n5/baseline/evaluations/attempts/20260925T210433-80a37561ccdf41d9a2ca161d25440162/record.json
case_051,3,5,baseline,1,wcc_start0_simple_a1_per_core_lpt_mv,False,success,607628,0,0.27105684200068936,133304320,0.010216880997177213,True,/home/konglingrui/.mathmodel/questionA/统一算法迭代/A题研究/直接迭代/运行结果/统一V2_A批_20260925_v1/slots/case_051/p3_n5/baseline/evaluations/attempts/20260925T210433-1960515350f04062840567903ea8adb4/record.json
case_051,3,5,baseline,2,op_critical_path_w100,False,success,181583,230808,0.37046352500328794,133304320,0.18143693899037316,True,/home/konglingrui/.mathmodel/questionA/统一算法迭代/A题研究/直接迭代/运行结果/统一V2_A批_20260925_v1/slots/case_051/p3_n5/baseline/evaluations/attempts/20260925T210433-c9efbba32b1742768a779fd8952a48c1/record.json
case_051,3,5,baseline,3,op_stable_id_w100,False,success,215775,263660,0.3193442689953372,133304320,0.0050645939918467775,False,/home/konglingrui/.mathmodel/questionA/统一算法迭代/A题研究/直接迭代/运行结果/统一V2_A批_20260925_v1/slots/case_051/p3_n5/baseline/evaluations/attempts/20260925T210434-a475032a1e56401e932b64fb10f88da0/record.json
case_051,3,5,baseline,4,op_critical_path_w200,False,success,295867,6063508,0.3703183170000557,133304320,0.005028487998060882,False,/home/konglingrui/.mathmodel/questionA/统一算法迭代/A题研究/直接迭代/运行结果/统一V2_A批_20260925_v1/slots/case_051/p3_n5/baseline/evaluations/attempts/20260925T210434-4bf3189a32b74860952e99cb5499093b/record.json
case_051,3,5,baseline,5,op_release_priority_w100,False,success,161479,3507604,0.37002346699591726,133304320,0.006647912014159374,True,/home/konglingrui/.mathmodel/questionA/统一算法迭代/A题研究/直接迭代/运行结果/统一V2_A批_20260925_v1/slots/case_051/p3_n5/baseline/evaluations/attempts/20260925T210434-e1850bf5f152431287aa80ea2ed482e6/record.json
case_051,3,5,baseline,6,op_seeded_priority_w100,False,success,219069,9012576,0.4199372709990712,133304320,0.008861394002451561,False,/home/konglingrui/.mathmodel/questionA/统一算法迭代/A题研究/直接迭代/运行结果/统一V2_A批_20260925_v1/slots/case_051/p3_n5/baseline/evaluations/attempts/20260925T210435-b934254dea164e8a839db0b8cc610fd6/record.json
case_051,3,5,baseline,7,op_critical_path_w025,False,success,711816,40142360,0.6219786729925545,133304320,0.006591703015146777,False,/home/konglingrui/.mathmodel/questionA/统一算法迭代/A题研究/直接迭代/运行结果/统一V2_A批_20260925_v1/slots/case_051/p3_n5/baseline/evaluations/attempts/20260925T210435-3368c39d848a4af38a6d082a4a05bb09/record.json
case_051,3,5,baseline,8,op_release_priority_w200,False,success,256583,3180016,0.3776798110047821,133304320,0.006007290998240933,False,/home/konglingrui/.mathmodel/questionA/统一算法迭代/A题研究/直接迭代/运行结果/统一V2_A批_20260925_v1/slots/case_051/p3_n5/baseline/evaluations/attempts/20260925T210436-9f49b1f31ef5416d834a27ff24146856/record.json
case_064,1,5,baseline,1,wcc_start0_simple_a1_per_core_lpt_mv,False,success,19116,0,0.22029406500223558,128524288,0.007236290999571793,True,/home/konglingrui/.mathmodel/questionA/统一算法迭代/A题研究/直接迭代/运行结果/统一V2_A批_20260925_v1/slots/case_064/p1_n5/baseline/evaluations/attempts/20260925T210434-eb234854dc874973a7c86cac9c71c791/record.json
case_064,1,5,baseline,2,selective_whole_critical_path_x1_a5_eft,False,success,19116,0,0.21997716100304388,128524288,0.16750684299040586,False,/home/konglingrui/.mathmodel/questionA/统一算法迭代/A题研究/直接迭代/运行结果/统一V2_A批_20260925_v1/slots/case_064/p1_n5/baseline/evaluations/attempts/20260925T210434-e73781aa936a4fcca2f7344bcd6aa9d9/record.json
case_064,1,5,baseline,3,selective_local_quantile_stable_id_x1_a5_eft,False,success,19666,53620,0.2189012519957032,128524288,0.004464058001758531,False,/home/konglingrui/.mathmodel/questionA/统一算法迭代/A题研究/直接迭代/运行结果/统一V2_A批_20260925_v1/slots/case_064/p1_n5/baseline/evaluations/attempts/20260925T210434-4b132e2a6c0547cc8920cc2fa82c513f/record.json
case_064,1,5,baseline,4,selective_phase_band_critical_path_x1_a5_eft,False,success,17325,79816,0.21963660900655668,128524288,0.0056750329822534695,True,/home/konglingrui/.mathmodel/questionA/统一算法迭代/A题研究/直接迭代/运行结果/统一V2_A批_20260925_v1/slots/case_064/p1_n5/baseline/evaluations/attempts/20260925T210435-4efb3459363a41b2910f8ace26fab671/record.json
case_064,1,5,baseline,5,selective_local_quantile_critical_path_x1_a5_eft,False,success,19865,61844,0.2198251719964901,128524288,0.004698281016317196,False,/home/konglingrui/.mathmodel/questionA/统一算法迭代/A题研究/直接迭代/运行结果/统一V2_A批_20260925_v1/slots/case_064/p1_n5/baseline/evaluations/attempts/20260925T210435-02df7e01d27147e1a390591967df5a5d/record.json
case_064,1,5,baseline,6,selective_phase_band_stable_id_x1_a5_eft,False,success,17325,79816,0.27066280199505854,128524288,0.004763489996548742,False,/home/konglingrui/.mathmodel/questionA/统一算法迭代/A题研究/直接迭代/运行结果/统一V2_A批_20260925_v1/slots/case_064/p1_n5/baseline/evaluations/attempts/20260925T210435-cf5653af6f6f41439d3d5dc85195f761/record.json
case_064,1,5,baseline,7,selective_local_quantile_stable_id_x2_a5_eft,False,success,19886,85530,0.2220396519987844,128524288,0.004481831012526527,False,/home/konglingrui/.mathmodel/questionA/统一算法迭代/A题研究/直接迭代/运行结果/统一V2_A批_20260925_v1/slots/case_064/p1_n5/baseline/evaluations/attempts/20260925T210435-cfec84a3807445139597158ae96b61b1/record.json
case_064,1,5,baseline,8,selective_phase_band_critical_path_x2_a5_eft,False,success,16469,134330,0.26932297900202684,128524288,0.005976874992484227,True,/home/konglingrui/.mathmodel/questionA/统一算法迭代/A题研究/直接迭代/运行结果/统一V2_A批_20260925_v1/slots/case_064/p1_n5/baseline/evaluations/attempts/20260925T210436-545b30ec4a74401580179e96ee142035/record.json
case_064,2,5,baseline,1,wcc_start0_simple_a1_per_core_lpt_mv,False,success,19116,0,0.22070977299881633,128524288,0.011294441996142268,True,/home/konglingrui/.mathmodel/questionA/统一算法迭代/A题研究/直接迭代/运行结果/统一V2_A批_20260925_v1/slots/case_064/p2_n5/baseline/evaluations/attempts/20260925T210436-a504aa9e751b4c4493c343a0f3729d49/record.json
case_064,2,5,baseline,2,op_critical_path_w100,False,success,13414,125264,0.2703636680089403,128524288,0.11800786798994523,True,/home/konglingrui/.mathmodel/questionA/统一算法迭代/A题研究/直接迭代/运行结果/统一V2_A批_20260925_v1/slots/case_064/p2_n5/baseline/evaluations/attempts/20260925T210436-911b2386b5ac4c44acaece097ec3c946/record.json
case_064,2,5,baseline,3,op_stable_id_w100,False,success,8945,130674,0.21917072200449184,128524288,0.009990339996875264,True,/home/konglingrui/.mathmodel/questionA/统一算法迭代/A题研究/直接迭代/运行结果/统一V2_A批_20260925_v1/slots/case_064/p2_n5/baseline/evaluations/attempts/20260925T210437-1dbe8120b122418f9f9b38e25233d696/record.json
case_064,2,5,baseline,4,op_critical_path_w200,False,success,14697,57042,0.21879233200161252,128524288,0.005360259994631633,False,/home/konglingrui/.mathmodel/questionA/统一算法迭代/A题研究/直接迭代/运行结果/统一V2_A批_20260925_v1/slots/case_064/p2_n5/baseline/evaluations/attempts/20260925T210437-362aa12816e74f1992f077f6bf3fb457/record.json
case_064,2,5,baseline,5,op_release_priority_w100,False,success,14354,130512,0.2696247740095714,128524288,0.005018904994358309,False,/home/konglingrui/.mathmodel/questionA/统一算法迭代/A题研究/直接迭代/运行结果/统一V2_A批_20260925_v1/slots/case_064/p2_n5/baseline/evaluations/attempts/20260925T210437-5c24bd10095140648515ef5f0d54604d/record.json
case_064,2,5,baseline,6,op_seeded_priority_w100,False,success,12269,146068,0.26998135999019723,128524288,0.004753126006107777,False,/home/konglingrui/.mathmodel/questionA/统一算法迭代/A题研究/直接迭代/运行结果/统一V2_A批_20260925_v1/slots/case_064/p2_n5/baseline/evaluations/attempts/20260925T210437-c5853b563df34573835deb4cb742e424/record.json
case_064,2,5,baseline,7,op_critical_path_w025,False,success,21133,188852,0.2689544879976893,128524288,0.005221223007538356,False,/home/konglingrui/.mathmodel/questionA/统一算法迭代/A题研究/直接迭代/运行结果/统一V2_A批_20260925_v1/slots/case_064/p2_n5/baseline/evaluations/attempts/20260925T210438-71695a7c6b1b4a7f8faa9eeb437a5676/record.json
case_064,2,5,baseline,8,op_stable_id_w025,False,success,21337,178132,0.27012587900389917,128524288,0.004265290990588255,False,/home/konglingrui/.mathmodel/questionA/统一算法迭代/A题研究/直接迭代/运行结果/统一V2_A批_20260925_v1/slots/case_064/p2_n5/baseline/evaluations/attempts/20260925T210438-c9e600523a92450ab30769501a9f3e86/record.json
case_064,3,5,baseline,1,wcc_start0_simple_a1_per_core_lpt_mv,False,success,19116,0,0.2203017239953624,135274496,0.005789080008980818,True,/home/konglingrui/.mathmodel/questionA/统一算法迭代/A题研究/直接迭代/运行结果/统一V2_A批_20260925_v1/slots/case_064/p3_n5/baseline/evaluations/attempts/20260925T210437-6e4c69bb9cb3489ba2e60e924a0e7d3b/record.json
case_064,3,5,baseline,2,op_critical_path_w100,False,success,13337,125264,0.2697893220029073,135274496,0.12576388599700294,True,/home/konglingrui/.mathmodel/questionA/统一算法迭代/A题研究/直接迭代/运行结果/统一V2_A批_20260925_v1/slots/case_064/p3_n5/baseline/evaluations/attempts/20260925T210437-a7b3c78079604925abdc931f9f3dfa51/record.json
case_064,3,5,baseline,3,op_stable_id_w100,False,success,8867,130674,0.32058058099937625,135274496,0.005094927997561172,True,/home/konglingrui/.mathmodel/questionA/统一算法迭代/A题研究/直接迭代/运行结果/统一V2_A批_20260925_v1/slots/case_064/p3_n5/baseline/evaluations/attempts/20260925T210437-881790f9306a437cbe9caeda5da2b3ca/record.json
case_064,3,5,baseline,4,op_critical_path_w200,False,success,14655,57042,0.22020444199733902,135274496,0.00515608700516168,False,/home/konglingrui/.mathmodel/questionA/统一算法迭代/A题研究/直接迭代/运行结果/统一V2_A批_20260925_v1/slots/case_064/p3_n5/baseline/evaluations/attempts/20260925T210438-5bccff3532e5479593b80718f0d2b8da/record.json
case_064,3,5,baseline,5,op_release_priority_w100,False,success,14320,130512,0.2694968330033589,135274496,0.0042858870001509786,False,/home/konglingrui/.mathmodel/questionA/统一算法迭代/A题研究/直接迭代/运行结果/统一V2_A批_20260925_v1/slots/case_064/p3_n5/baseline/evaluations/attempts/20260925T210438-7fbef0c710574cd9835be9127baba410/record.json
case_064,3,5,baseline,6,op_seeded_priority_w100,False,success,12215,146068,0.2699332640040666,135274496,0.004752993991132826,False,/home/konglingrui/.mathmodel/questionA/统一算法迭代/A题研究/直接迭代/运行结果/统一V2_A批_20260925_v1/slots/case_064/p3_n5/baseline/evaluations/attempts/20260925T210438-c0c55d424a7d4f8f9390aceeec143d16/record.json
case_064,3,5,baseline,7,op_critical_path_w025,False,success,21002,188852,0.27009837700461503,135274496,0.004215905995806679,False,/home/konglingrui/.mathmodel/questionA/统一算法迭代/A题研究/直接迭代/运行结果/统一V2_A批_20260925_v1/slots/case_064/p3_n5/baseline/evaluations/attempts/20260925T210438-1d019f57531d4e33b4aa8db340c25a67/record.json
case_064,3,5,baseline,8,op_stable_id_w025,False,success,21293,178132,0.2688820509938523,135274496,0.005350976003683172,False,/home/konglingrui/.mathmodel/questionA/统一算法迭代/A题研究/直接迭代/运行结果/统一V2_A批_20260925_v1/slots/case_064/p3_n5/baseline/evaluations/attempts/20260925T210439-fd2c8efe58264f8c88b18c39a6e051ab/record.json
case_071,1,5,baseline,1,wcc_start0_simple_a1_per_core_lpt_mv,False,success,18919,0,0.22077296799398027,128524288,0.007882617006544024,True,/home/konglingrui/.mathmodel/questionA/统一算法迭代/A题研究/直接迭代/运行结果/统一V2_A批_20260925_v1/slots/case_071/p1_n5/baseline/evaluations/attempts/20260925T210438-f858d001b6674e0db2755f05fc624dad/record.json
case_071,1,5,baseline,2,selective_whole_critical_path_x1_a5_eft,False,success,18919,0,0.21938771099667065,128524288,0.13914351600396913,False,/home/konglingrui/.mathmodel/questionA/统一算法迭代/A题研究/直接迭代/运行结果/统一V2_A批_20260925_v1/slots/case_071/p1_n5/baseline/evaluations/attempts/20260925T210438-d94b883d632f49128ae098f360906612/record.json
case_071,1,5,baseline,3,selective_local_quantile_stable_id_x1_a5_eft,False,success,19595,169066,0.1687599619908724,128524288,0.0042997430136892945,False,/home/konglingrui/.mathmodel/questionA/统一算法迭代/A题研究/直接迭代/运行结果/统一V2_A批_20260925_v1/slots/case_071/p1_n5/baseline/evaluations/attempts/20260925T210439-0d805dd9f75940d7aa76bc0afcac6128/record.json
case_071,1,5,baseline,4,selective_phase_band_critical_path_x2_a5_eft,False,success,13705,466520,0.21850505800102837,128524288,0.00744119098817464,True,/home/konglingrui/.mathmodel/questionA/统一算法迭代/A题研究/直接迭代/运行结果/统一V2_A批_20260925_v1/slots/case_071/p1_n5/baseline/evaluations/attempts/20260925T210439-5e1f67c30681411f94b53d3bc27cc855/record.json
case_071,1,5,baseline,5,selective_local_quantile_stable_id_x2_a5_eft,False,success,19487,244848,0.16918312299821991,128524288,0.004616251011611894,False,/home/konglingrui/.mathmodel/questionA/统一算法迭代/A题研究/直接迭代/运行结果/统一V2_A批_20260925_v1/slots/case_071/p1_n5/baseline/evaluations/attempts/20260925T210439-3b679a819f4f48449cf0a638a8b0abf9/record.json
case_071,1,5,baseline,6,selective_phase_band_stable_id_x2_a5_eft,False,success,13705,466520,0.21904297299624886,128524288,0.004212095998809673,False,/home/konglingrui/.mathmodel/questionA/统一算法迭代/A题研究/直接迭代/运行结果/统一V2_A批_20260925_v1/slots/case_071/p1_n5/baseline/evaluations/attempts/20260925T210439-bec7696422834ef0a464f84778638225/record.json
case_071,1,5,baseline,7,selective_local_quantile_critical_path_x1_a5_eft,False,success,20334,322698,0.21927482599858195,128524288,0.008669439004734159,False,/home/konglingrui/.mathmodel/questionA/统一算法迭代/A题研究/直接迭代/运行结果/统一V2_A批_20260925_v1/slots/case_071/p1_n5/baseline/evaluations/attempts/20260925T210440-444aaa9a226845e8a39c62304e7e496f/record.json
case_071,1,5,baseline,8,selective_phase_band_critical_path_x1_a5_eft,False,success,13396,317610,0.27278989799378905,128524288,0.004505775999859907,True,/home/konglingrui/.mathmodel/questionA/统一算法迭代/A题研究/直接迭代/运行结果/统一V2_A批_20260925_v1/slots/case_071/p1_n5/baseline/evaluations/attempts/20260925T210440-500b564822b34b6cb5859fad94dd1b96/record.json
case_071,2,5,baseline,1,wcc_start0_simple_a1_per_core_lpt_mv,False,success,18919,0,0.16972155000257771,135274496,0.005968971992842853,True,/home/konglingrui/.mathmodel/questionA/统一算法迭代/A题研究/直接迭代/运行结果/统一V2_A批_20260925_v1/slots/case_071/p2_n5/baseline/evaluations/attempts/20260925T210439-00ec892df1d340349bd9077e0fcf0341/record.json
case_071,2,5,baseline,2,op_critical_path_w100,False,success,14158,420048,0.22045942000113428,135274496,0.09502152900677174,True,/home/konglingrui/.mathmodel/questionA/统一算法迭代/A题研究/直接迭代/运行结果/统一V2_A批_20260925_v1/slots/case_071/p2_n5/baseline/evaluations/attempts/20260925T210439-b2520e89df8043dc82a6242d656c2da3/record.json
case_071,2,5,baseline,3,op_stable_id_w100,False,success,10051,377650,0.2199590119998902,135274496,0.004180187999736518,True,/home/konglingrui/.mathmodel/questionA/统一算法迭代/A题研究/直接迭代/运行结果/统一V2_A批_20260925_v1/slots/case_071/p2_n5/baseline/evaluations/attempts/20260925T210439-4dfadd87f2284c3e95fa465a4955573a/record.json
case_071,2,5,baseline,4,op_critical_path_w200,False,success,12833,419312,0.27057720700395294,135274496,0.005335434994776733,False,/home/konglingrui/.mathmodel/questionA/统一算法迭代/A题研究/直接迭代/运行结果/统一V2_A批_20260925_v1/slots/case_071/p2_n5/baseline/evaluations/attempts/20260925T210440-59d0badde5554b17964efd01a2384c4a/record.json
case_071,2,5,baseline,5,op_stable_id_w200,False,success,9374,362354,0.2714217789907707,135274496,0.005026159997214563,True,/home/konglingrui/.mathmodel/questionA/统一算法迭代/A题研究/直接迭代/运行结果/统一V2_A批_20260925_v1/slots/case_071/p2_n5/baseline/evaluations/attempts/20260925T210440-575141621992459bbf494312cbf58fac/record.json
case_071,2,5,baseline,6,op_release_priority_w100,False,success,14258,450130,0.27657487099349964,135274496,0.004452000997844152,False,/home/konglingrui/.mathmodel/questionA/统一算法迭代/A题研究/直接迭代/运行结果/统一V2_A批_20260925_v1/slots/case_071/p2_n5/baseline/evaluations/attempts/20260925T210440-763fefd7f3fd4dfda5c3974acc959f0d/record.json
case_071,2,5,baseline,7,op_seeded_priority_w100,False,success,13006,451538,0.21939359600946773,135274496,0.006147565989522263,False,/home/konglingrui/.mathmodel/questionA/统一算法迭代/A题研究/直接迭代/运行结果/统一V2_A批_20260925_v1/slots/case_071/p2_n5/baseline/evaluations/attempts/20260925T210440-0c3cba02b77a4d6fb41772faa9654324/record.json
case_071,2,5,baseline,8,op_critical_path_w025,False,success,20752,747056,0.27011539399973117,135274496,0.004550172001472674,False,/home/konglingrui/.mathmodel/questionA/统一算法迭代/A题研究/直接迭代/运行结果/统一V2_A批_20260925_v1/slots/case_071/p2_n5/baseline/evaluations/attempts/20260925T210441-301fae1557cf4498afd41efd500ef6ce/record.json
case_071,3,5,baseline,1,wcc_start0_simple_a1_per_core_lpt_mv,False,success,18919,0,0.17145082000934053,128524288,0.00627937498211395,True,/home/konglingrui/.mathmodel/questionA/统一算法迭代/A题研究/直接迭代/运行结果/统一V2_A批_20260925_v1/slots/case_071/p3_n5/baseline/evaluations/attempts/20260925T210440-8ae702a462f94a4e8ed6c0a3886de984/record.json
case_071,3,5,baseline,2,op_critical_path_w100,False,success,12953,420048,0.22014847700484097,128524288,0.10934680298669264,True,/home/konglingrui/.mathmodel/questionA/统一算法迭代/A题研究/直接迭代/运行结果/统一V2_A批_20260925_v1/slots/case_071/p3_n5/baseline/evaluations/attempts/20260925T210440-491294a218684af7a51f4817415c9285/record.json
case_071,3,5,baseline,3,op_stable_id_w100,False,success,8212,377650,0.2191470709949499,128524288,0.009403752002981491,True,/home/konglingrui/.mathmodel/questionA/统一算法迭代/A题研究/直接迭代/运行结果/统一V2_A批_20260925_v1/slots/case_071/p3_n5/baseline/evaluations/attempts/20260925T210441-b590e80ba2a64ea88f2ebfea600f9524/record.json
case_071,3,5,baseline,4,op_critical_path_w200,False,success,12191,419312,0.2694455629971344,128524288,0.004273969010682777,False,/home/konglingrui/.mathmodel/questionA/统一算法迭代/A题研究/直接迭代/运行结果/统一V2_A批_20260925_v1/slots/case_071/p3_n5/baseline/evaluations/attempts/20260925T210441-1aac2fd33bcb416c81060a526769df9c/record.json
case_071,3,5,baseline,5,op_stable_id_w200,False,success,8129,362354,0.2197433030087268,128524288,0.004065446002641693,True,/home/konglingrui/.mathmodel/questionA/统一算法迭代/A题研究/直接迭代/运行结果/统一V2_A批_20260925_v1/slots/case_071/p3_n5/baseline/evaluations/attempts/20260925T210441-e6a157b0096a4fa1baf9569d3c745d2f/record.json
case_071,3,5,baseline,6,op_release_priority_w100,False,success,13182,450130,0.21908520300348755,128524288,0.0043202439992455766,False,/home/konglingrui/.mathmodel/questionA/统一算法迭代/A题研究/直接迭代/运行结果/统一V2_A批_20260925_v1/slots/case_071/p3_n5/baseline/evaluations/attempts/20260925T210441-f6c061f55c1341dbb70e8f8126804547/record.json
case_071,3,5,baseline,7,op_seeded_priority_w100,False,success,11885,451538,0.21929319600167219,128524288,0.0049753100029192865,False,/home/konglingrui/.mathmodel/questionA/统一算法迭代/A题研究/直接迭代/运行结果/统一V2_A批_20260925_v1/slots/case_071/p3_n5/baseline/evaluations/attempts/20260925T210442-7ebd673e59244073bdd7f2b8d1d83b30/record.json
case_071,3,5,baseline,8,op_critical_path_w025,False,success,19546,747056,0.218800830989494,128524288,0.004516496002906933,False,/home/konglingrui/.mathmodel/questionA/统一算法迭代/A题研究/直接迭代/运行结果/统一V2_A批_20260925_v1/slots/case_071/p3_n5/baseline/evaluations/attempts/20260925T210442-33bf92bd2849460a81c274acad9db6ba/record.json
case_075,1,5,baseline,1,wcc_start0_simple_a1_per_core_lpt_mv,False,success,1441809,0,9.09491194000293,135274496,0.027171523004653864,True,/home/konglingrui/.mathmodel/questionA/统一算法迭代/A题研究/直接迭代/运行结果/统一V2_A批_20260925_v1/slots/case_075/p1_n5/baseline/evaluations/attempts/20260925T210324-4ee699a418f14f7887bad411878fbbc0/record.json
case_075,1,5,baseline,2,selective_whole_critical_path_x1_a5_eft,False,success,1441809,0,10.704208508992451,135274496,1.6159457480098354,False,/home/konglingrui/.mathmodel/questionA/统一算法迭代/A题研究/直接迭代/运行结果/统一V2_A批_20260925_v1/slots/case_075/p1_n5/baseline/evaluations/attempts/20260925T210334-ad40e80f51ba4b4aa2e28e27cb3b6c58/record.json
case_075,1,5,baseline,3,selective_local_quantile_stable_id_x1_a5_eft,False,success,1444245,139800,2.5841623349988367,135274496,0.010181075995205902,False,/home/konglingrui/.mathmodel/questionA/统一算法迭代/A题研究/直接迭代/运行结果/统一V2_A批_20260925_v1/slots/case_075/p1_n5/baseline/evaluations/attempts/20260925T210345-9e8831e97fb44679b9dc51428af40d76/record.json
case_075,1,5,baseline,4,selective_phase_band_critical_path_x1_a3_eft,False,success,1442647,196142,2.2272161440050695,135274496,0.0078137909877114,False,/home/konglingrui/.mathmodel/questionA/统一算法迭代/A题研究/直接迭代/运行结果/统一V2_A批_20260925_v1/slots/case_075/p1_n5/baseline/evaluations/attempts/20260925T210348-43b942a9a7c64fb28430526c9c35c478/record.json
case_075,1,5,baseline,5,selective_local_quantile_critical_path_x1_a5_eft,False,success,1438628,288280,2.0271670859947335,135274496,0.007834955002181232,True,/home/konglingrui/.mathmodel/questionA/统一算法迭代/A题研究/直接迭代/运行结果/统一V2_A批_20260925_v1/slots/case_075/p1_n5/baseline/evaluations/attempts/20260925T210350-df100bf6db584b8e94bf3e1e5282e4a8/record.json
case_075,1,5,baseline,6,selective_phase_band_critical_path_x1_a5_eft,False,success,1442785,196142,2.3280388840066735,135274496,0.00752275598642882,False,/home/konglingrui/.mathmodel/questionA/统一算法迭代/A题研究/直接迭代/运行结果/统一V2_A批_20260925_v1/slots/case_075/p1_n5/baseline/evaluations/attempts/20260925T210352-dadda5fc62464aa08710b5f46d1a4827/record.json
case_075,1,5,baseline,7,selective_local_quantile_stable_id_x2_a5_eft,False,success,1447290,314550,1.4243681910011219,135274496,0.010292662002029829,False,/home/konglingrui/.mathmodel/questionA/统一算法迭代/A题研究/直接迭代/运行结果/统一V2_A批_20260925_v1/slots/case_075/p1_n5/baseline/evaluations/attempts/20260925T210354-0beb103c62c54aba9bb407627f6aa88b/record.json
case_075,1,5,baseline,8,selective_phase_band_stable_id_x1_a3_eft,False,success,1442647,196142,2.3264688559866045,135274496,0.0073252190195489675,False,/home/konglingrui/.mathmodel/questionA/统一算法迭代/A题研究/直接迭代/运行结果/统一V2_A批_20260925_v1/slots/case_075/p1_n5/baseline/evaluations/attempts/20260925T210356-1543889b4a404433ad5a7d52959da19c/record.json
case_075,2,5,baseline,1,wcc_start0_simple_a1_per_core_lpt_mv,False,success,1441809,0,1.776843074010685,130871296,0.02605415799189359,True,/home/konglingrui/.mathmodel/questionA/统一算法迭代/A题研究/直接迭代/运行结果/统一V2_A批_20260925_v1/slots/case_075/p2_n5/baseline/evaluations/attempts/20260925T210353-e3df3dbe5d6240369dd9641bcace9ec6/record.json
case_075,2,5,baseline,2,op_critical_path_w100,False,success,422300,13510296,3.130356121007935,152375296,1.1257938029884826,True,/home/konglingrui/.mathmodel/questionA/统一算法迭代/A题研究/直接迭代/运行结果/统一V2_A批_20260925_v1/slots/case_075/p2_n5/baseline/evaluations/attempts/20260925T210356-5df2a3ec6efb4860939f26bf4de816e0/record.json
case_075,2,5,baseline,3,op_stable_id_w100,False,success,532836,9085076,2.479168944992125,134860800,0.014071434998186305,False,/home/konglingrui/.mathmodel/questionA/统一算法迭代/A题研究/直接迭代/运行结果/统一V2_A批_20260925_v1/slots/case_075/p2_n5/baseline/evaluations/attempts/20260925T210400-d6f469061d0942b2bf5008be33c5eb8d/record.json
case_075,2,5,baseline,4,op_critical_path_w200,False,success,413605,12764184,2.930212487000972,148443136,0.01311319600790739,True,/home/konglingrui/.mathmodel/questionA/统一算法迭代/A题研究/直接迭代/运行结果/统一V2_A批_20260925_v1/slots/case_075/p2_n5/baseline/evaluations/attempts/20260925T210402-f83b8dc01ee6497babe4c66f5fe9e5e3/record.json
case_075,2,5,baseline,5,op_stable_id_w200,False,success,469246,8460472,2.4280629099957878,130093056,0.01061262100120075,False,/home/konglingrui/.mathmodel/questionA/统一算法迭代/A题研究/直接迭代/运行结果/统一V2_A批_20260925_v1/slots/case_075/p2_n5/baseline/evaluations/attempts/20260925T210405-2401c5e210024f48bf99c7fcaea9929c/record.json
case_075,2,5,baseline,6,op_release_priority_w100,False,success,430782,13510296,3.130095797998365,152686592,0.013327546999789774,False,/home/konglingrui/.mathmodel/questionA/统一算法迭代/A题研究/直接迭代/运行结果/统一V2_A批_20260925_v1/slots/case_075/p2_n5/baseline/evaluations/attempts/20260925T210407-b6a6deeda9b3424e95e3a20f5881a8b2/record.json
case_075,2,5,baseline,7,op_seeded_priority_w100,False,success,538169,9760600,2.6292761740041897,136642560,0.011617042997386307,False,/home/konglingrui/.mathmodel/questionA/统一算法迭代/A题研究/直接迭代/运行结果/统一V2_A批_20260925_v1/slots/case_075/p2_n5/baseline/evaluations/attempts/20260925T210411-58e1128ff1bb44758b6dacc891e60992/record.json
case_075,2,5,baseline,8,op_critical_path_w025,False,success,446059,14520344,3.782178486988414,163205120,0.013686435020645149,False,/home/konglingrui/.mathmodel/questionA/统一算法迭代/A题研究/直接迭代/运行结果/统一V2_A批_20260925_v1/slots/case_075/p2_n5/baseline/evaluations/attempts/20260925T210413-63ce5e7620c4489297cffbbe27797480/record.json
case_075,3,5,baseline,1,wcc_start0_simple_a1_per_core_lpt_mv,False,success,1441809,0,1.7283088639960624,135274496,0.025861750007607043,True,/home/konglingrui/.mathmodel/questionA/统一算法迭代/A题研究/直接迭代/运行结果/统一V2_A批_20260925_v1/slots/case_075/p3_n5/baseline/evaluations/attempts/20260925T210358-f026ef6fd9b54e089df58cf5024b9bf5/record.json
case_075,3,5,baseline,2,op_critical_path_w100,False,success,415207,13510296,3.3313415459997486,152522752,1.065031927995733,True,/home/konglingrui/.mathmodel/questionA/统一算法迭代/A题研究/直接迭代/运行结果/统一V2_A批_20260925_v1/slots/case_075/p3_n5/baseline/evaluations/attempts/20260925T210401-9e07f9eedf074e22867cd3c6882cb5a3/record.json
case_075,3,5,baseline,3,op_stable_id_w100,False,success,526025,9085076,2.6281638820073567,135274496,0.00987332098884508,False,/home/konglingrui/.mathmodel/questionA/统一算法迭代/A题研究/直接迭代/运行结果/统一V2_A批_20260925_v1/slots/case_075/p3_n5/baseline/evaluations/attempts/20260925T210404-2a57c92a64df4f9d84f689b146bdb024/record.json
case_075,3,5,baseline,4,op_critical_path_w200,False,success,409050,12764184,3.0804211089998716,148623360,0.01115041199955158,True,/home/konglingrui/.mathmodel/questionA/统一算法迭代/A题研究/直接迭代/运行结果/统一V2_A批_20260925_v1/slots/case_075/p3_n5/baseline/evaluations/attempts/20260925T210407-f29983b00ffc4115a5b364565c034ccb/record.json
case_075,3,5,baseline,5,op_stable_id_w200,False,success,465306,8460472,2.5794698359968606,135274496,0.011500113003421575,False,/home/konglingrui/.mathmodel/questionA/统一算法迭代/A题研究/直接迭代/运行结果/统一V2_A批_20260925_v1/slots/case_075/p3_n5/baseline/evaluations/attempts/20260925T210410-c374cb474c0d4667b7057ef3a1ba1b83/record.json
case_075,3,5,baseline,6,op_release_priority_w100,False,success,423285,13510296,3.686693297000602,152522752,0.021497390000149608,False,/home/konglingrui/.mathmodel/questionA/统一算法迭代/A题研究/直接迭代/运行结果/统一V2_A批_20260925_v1/slots/case_075/p3_n5/baseline/evaluations/attempts/20260925T210413-ebd1db43c22c4e4aba1368df39af8b07/record.json
case_075,3,5,baseline,7,op_seeded_priority_w100,False,success,532053,9760600,2.879589713003952,136536064,0.013169331999961287,False,/home/konglingrui/.mathmodel/questionA/统一算法迭代/A题研究/直接迭代/运行结果/统一V2_A批_20260925_v1/slots/case_075/p3_n5/baseline/evaluations/attempts/20260925T210416-9723ba1c0ba84da8882d345c83341bda/record.json
case_075,3,5,baseline,8,op_critical_path_w025,False,success,437336,14520344,3.6313665290072095,163389440,0.014022724993992597,False,/home/konglingrui/.mathmodel/questionA/统一算法迭代/A题研究/直接迭代/运行结果/统一V2_A批_20260925_v1/slots/case_075/p3_n5/baseline/evaluations/attempts/20260925T210419-8ac3bb7de86d47f1bfc13929e9d1415a/record.json
case_085,1,5,baseline,1,wcc_start0_simple_a1_per_core_lpt_mv,False,timeout,,,60.03088243199454,310829056,0.060902287004864775,False,/home/konglingrui/.mathmodel/questionA/统一算法迭代/A题研究/直接迭代/运行结果/统一V2_A批_20260925_v1/slots/case_085/p1_n5/baseline/evaluations/attempts/20260925T205713-28f213a44906469797d59ab818291363/record.json
case_085,1,5,baseline,2,selective_whole_critical_path_x1_a5_eft,False,timeout,,,60.0257974529959,310554624,5.12717327401333,False,/home/konglingrui/.mathmodel/questionA/统一算法迭代/A题研究/直接迭代/运行结果/统一V2_A批_20260925_v1/slots/case_085/p1_n5/baseline/evaluations/attempts/20260925T205818-bda42e4d859d4f96b5fca43c5a7779e0/record.json
case_085,1,5,baseline,3,selective_local_quantile_stable_id_x1_a5_eft,False,success,3173503,790328,16.21778201199777,200163328,0.0149253330018837,True,/home/konglingrui/.mathmodel/questionA/统一算法迭代/A题研究/直接迭代/运行结果/统一V2_A批_20260925_v1/slots/case_085/p1_n5/baseline/evaluations/attempts/20260925T205918-1df439e0a9ad410b83c24c4195349549/record.json
case_085,1,5,baseline,4,selective_phase_band_critical_path_x2_a5_eft,False,success,2760933,4246258,10.254094048999832,191418368,0.016413917008321732,True,/home/konglingrui/.mathmodel/questionA/统一算法迭代/A题研究/直接迭代/运行结果/统一V2_A批_20260925_v1/slots/case_085/p1_n5/baseline/evaluations/attempts/20260925T205934-19d1e024e6b14c01b4fb68ddb6c5835e/record.json
case_085,1,5,baseline,5,selective_local_quantile_stable_id_x1_a3_balanced,False,success,3177103,790328,17.12598475300183,200204288,0.015177937995758839,False,/home/konglingrui/.mathmodel/questionA/统一算法迭代/A题研究/直接迭代/运行结果/统一V2_A批_20260925_v1/slots/case_085/p1_n5/baseline/evaluations/attempts/20260925T205944-d48c79924b414633982b86caba4429ff/record.json
case_085,2,5,baseline,1,wcc_start0_simple_a1_per_core_lpt_mv,False,success,3187899,0,8.905614301009336,307064832,0.06252639999729581,True,/home/konglingrui/.mathmodel/questionA/统一算法迭代/A题研究/直接迭代/运行结果/统一V2_A批_20260925_v1/slots/case_085/p2_n5/baseline/evaluations/attempts/20260925T205810-56da51cb333e4be5b2dc3ee81172b795/record.json
case_085,2,5,baseline,2,op_critical_path_w100,False,success,973760,38447480,13.91599456599215,405671936,4.007945333010866,True,/home/konglingrui/.mathmodel/questionA/统一算法迭代/A题研究/直接迭代/运行结果/统一V2_A批_20260925_v1/slots/case_085/p2_n5/baseline/evaluations/attempts/20260925T205823-325c066a663f43d7a61d7d87ecc555b9/record.json
case_085,2,5,baseline,3,op_stable_id_w100,False,success,1623804,22974456,10.355823125995812,337108992,0.02844506100518629,False,/home/konglingrui/.mathmodel/questionA/统一算法迭代/A题研究/直接迭代/运行结果/统一V2_A批_20260925_v1/slots/case_085/p2_n5/baseline/evaluations/attempts/20260925T205837-563cdd8ff23140398977e599167178f0/record.json
case_085,2,5,baseline,4,op_critical_path_w200,False,success,969255,38726264,12.712716508991434,397533184,0.06214172800537199,True,/home/konglingrui/.mathmodel/questionA/统一算法迭代/A题研究/直接迭代/运行结果/统一V2_A批_20260925_v1/slots/case_085/p2_n5/baseline/evaluations/attempts/20260925T205847-2baa69a27b2643d4a3ac36290f074659/record.json
case_085,2,5,baseline,5,op_stable_id_w200,False,success,1459713,22561624,10.5078258930007,329994240,0.03290888300398365,False,/home/konglingrui/.mathmodel/questionA/统一算法迭代/A题研究/直接迭代/运行结果/统一V2_A批_20260925_v1/slots/case_085/p2_n5/baseline/evaluations/attempts/20260925T205900-b332e74904454d2e893e7d1e4016f4d9/record.json
case_085,2,5,baseline,6,op_release_priority_w100,False,success,1011378,41855096,14.714411164997728,412774400,0.04238290300418157,False,/home/konglingrui/.mathmodel/questionA/统一算法迭代/A题研究/直接迭代/运行结果/统一V2_A批_20260925_v1/slots/case_085/p2_n5/baseline/evaluations/attempts/20260925T205910-c30732176f2b46668c4b6a79ac1d37bb/record.json
case_085,2,5,baseline,7,op_seeded_priority_w100,False,success,1384780,27453464,13.513630450994242,352333824,0.030139510010485537,False,/home/konglingrui/.mathmodel/questionA/统一算法迭代/A题研究/直接迭代/运行结果/统一V2_A批_20260925_v1/slots/case_085/p2_n5/baseline/evaluations/attempts/20260925T205925-2d2865cc10f1437a91140c6134031bd3/record.json
case_085,2,5,baseline,8,op_critical_path_w025,False,success,1077628,44789368,20.09000709898828,473473024,0.05000301501422655,False,/home/konglingrui/.mathmodel/questionA/统一算法迭代/A题研究/直接迭代/运行结果/统一V2_A批_20260925_v1/slots/case_085/p2_n5/baseline/evaluations/attempts/20260925T205939-2e7be8a3d252433880a8fbaa62cb5de9/record.json
case_085,3,5,baseline,1,wcc_start0_simple_a1_per_core_lpt_mv,False,success,3187899,0,9.303768243000377,306733056,0.07424370099033695,True,/home/konglingrui/.mathmodel/questionA/统一算法迭代/A题研究/直接迭代/运行结果/统一V2_A批_20260925_v1/slots/case_085/p3_n5/baseline/evaluations/attempts/20260925T205959-e74e101fd644481bbd6b569a0d5d244c/record.json
case_085,3,5,baseline,2,op_critical_path_w100,False,success,956832,38447480,16.02091300599568,405057536,3.978970219992334,True,/home/konglingrui/.mathmodel/questionA/统一算法迭代/A题研究/直接迭代/运行结果/统一V2_A批_20260925_v1/slots/case_085/p3_n5/baseline/evaluations/attempts/20260925T210013-e8178ab16de249c285d1c0ba3955708a/record.json
case_085,3,5,baseline,3,op_stable_id_w100,False,success,1602009,22974456,12.112047501010238,337375232,0.039102197988540865,False,/home/konglingrui/.mathmodel/questionA/统一算法迭代/A题研究/直接迭代/运行结果/统一V2_A批_20260925_v1/slots/case_085/p3_n5/baseline/evaluations/attempts/20260925T210029-d2e2b8c5b3244be69af0a35a5ce7f793/record.json
case_085,3,5,baseline,4,op_critical_path_w200,False,success,948393,38726264,14.268044704003842,397148160,0.07390364499588031,True,/home/konglingrui/.mathmodel/questionA/统一算法迭代/A题研究/直接迭代/运行结果/统一V2_A批_20260925_v1/slots/case_085/p3_n5/baseline/evaluations/attempts/20260925T210041-edd15bf1890445eb9f8af657a42f415b/record.json
case_085,3,5,baseline,5,op_stable_id_w200,False,success,1442750,22561624,10.305010015988955,329904128,0.029097887003445067,False,/home/konglingrui/.mathmodel/questionA/统一算法迭代/A题研究/直接迭代/运行结果/统一V2_A批_20260925_v1/slots/case_085/p3_n5/baseline/evaluations/attempts/20260925T210055-c5b3af24a3f6413a8f99a95c13ebc5c9/record.json
case_085,3,5,baseline,6,op_release_priority_w100,False,success,991321,41855096,13.914274401991861,412291072,0.03554541400808375,False,/home/konglingrui/.mathmodel/questionA/统一算法迭代/A题研究/直接迭代/运行结果/统一V2_A批_20260925_v1/slots/case_085/p3_n5/baseline/evaluations/attempts/20260925T210106-bb3039048c4c490fa67e2ba6d30bc02d/record.json
case_085,3,5,baseline,7,op_seeded_priority_w100,False,success,1373057,27453464,10.955516030997387,352346112,0.03041060600662604,False,/home/konglingrui/.mathmodel/questionA/统一算法迭代/A题研究/直接迭代/运行结果/统一V2_A批_20260925_v1/slots/case_085/p3_n5/baseline/evaluations/attempts/20260925T210120-337085341b444de1b2d8dada537f971c/record.json
case_085,3,5,baseline,8,op_critical_path_w025,False,success,1036558,44789368,16.820072155998787,473448448,0.03676650200213771,False,/home/konglingrui/.mathmodel/questionA/统一算法迭代/A题研究/直接迭代/运行结果/统一V2_A批_20260925_v1/slots/case_085/p3_n5/baseline/evaluations/attempts/20260925T210131-1e0ee510b35547deb223cca2bd68d2c1/record.json
