config_id,case,problem,cores,group,variant,allowed_time_regression,makespan,added_copy,actual_time_regression,bytes_saved,archived_plan
case_060_p2_n5,case_060,2,5,frozen_regression,legacy,0.0,162261,3554692,0.0,0,plans/69b6aa548d471449814fcd031b653883572869877a26f6da7dee12dd7a3ad4e3.json
case_060_p2_n5,case_060,2,5,frozen_regression,legacy,0.01,162261,3554692,0.0,0,plans/69b6aa548d471449814fcd031b653883572869877a26f6da7dee12dd7a3ad4e3.json
case_060_p2_n5,case_060,2,5,frozen_regression,legacy,0.03,162261,3554692,0.0,0,plans/69b6aa548d471449814fcd031b653883572869877a26f6da7dee12dd7a3ad4e3.json
case_060_p2_n5,case_060,2,5,frozen_regression,persistent,0.0,164455,3644800,0.0,0,plans/c94610c6820f26b2b2dd11bc0d73edc1e5d8ceadc706087c198802b84200aece.json
case_060_p2_n5,case_060,2,5,frozen_regression,persistent,0.01,164455,3644800,0.0,0,plans/c94610c6820f26b2b2dd11bc0d73edc1e5d8ceadc706087c198802b84200aece.json
case_060_p2_n5,case_060,2,5,frozen_regression,persistent,0.03,164455,3644800,0.0,0,plans/c94610c6820f26b2b2dd11bc0d73edc1e5d8ceadc706087c198802b84200aece.json
case_060_p2_n5,case_060,2,5,frozen_regression,mature,0.0,163289,3740032,0.0,0,plans/79276bc069933aecd9feb1e3d223f5d8e3bdea621b99ec064eb4654bd68b0cf5.json
case_060_p2_n5,case_060,2,5,frozen_regression,mature,0.01,164455,3644800,0.007140713703923662,95232,plans/c94610c6820f26b2b2dd11bc0d73edc1e5d8ceadc706087c198802b84200aece.json
case_060_p2_n5,case_060,2,5,frozen_regression,mature,0.03,165264,3588480,0.012095119695754164,151552,plans/76f298c5aa192d3974f66f85f95a096dc32ee6f1fd2959ad52f4b36a7c755262.json
case_047_p3_n4,case_047,3,4,core_regression,legacy,0.0,90017,2114418,0.0,0,plans/c98f373c52aefafcedd0ce4c29cd66f7f0d7cd4fe65f0918771b8b9bf1b03d60.json
case_047_p3_n4,case_047,3,4,core_regression,legacy,0.01,90017,2114418,0.0,0,plans/c98f373c52aefafcedd0ce4c29cd66f7f0d7cd4fe65f0918771b8b9bf1b03d60.json
case_047_p3_n4,case_047,3,4,core_regression,legacy,0.03,90017,2114418,0.0,0,plans/c98f373c52aefafcedd0ce4c29cd66f7f0d7cd4fe65f0918771b8b9bf1b03d60.json
case_047_p3_n4,case_047,3,4,core_regression,persistent,0.0,90017,2114418,0.0,0,plans/40cdea136e03e8a5ea1d82d4c9aa87c426eea3a271b5911e3b0cceaa00a1157a.json
case_047_p3_n4,case_047,3,4,core_regression,persistent,0.01,90017,2114418,0.0,0,plans/40cdea136e03e8a5ea1d82d4c9aa87c426eea3a271b5911e3b0cceaa00a1157a.json
case_047_p3_n4,case_047,3,4,core_regression,persistent,0.03,92392,2106546,0.026383905262339358,7872,plans/e9a719f5329991fbada41966329b8f6b437832a9402d6ad1982529b326182c51.json
case_047_p3_n4,case_047,3,4,core_regression,mature,0.0,91015,2152850,0.0,0,plans/205c697a7cd5b255a45e15701764696801d4ff5643b5dca89ba177facfec4b43.json
case_047_p3_n4,case_047,3,4,core_regression,mature,0.01,91015,2152850,0.0,0,plans/205c697a7cd5b255a45e15701764696801d4ff5643b5dca89ba177facfec4b43.json
case_047_p3_n4,case_047,3,4,core_regression,mature,0.03,91015,2152850,0.0,0,plans/205c697a7cd5b255a45e15701764696801d4ff5643b5dca89ba177facfec4b43.json
case_025_p3_n5,case_025,3,5,existing_regression,legacy,0.0,942350,118272,0.0,0,plans/9c60bb2359e412cc005ccb9ca6d0e61767371262575c1dc8c0ee8a15224c23d4.json
case_025_p3_n5,case_025,3,5,existing_regression,legacy,0.01,942938,110592,0.0006239719849312486,7680,plans/c7b7c79a1105825d864864a1f45a3ee16960f02f7e4cc0821f4a283ede83cff8.json
case_025_p3_n5,case_025,3,5,existing_regression,legacy,0.03,942938,110592,0.0006239719849312486,7680,plans/c7b7c79a1105825d864864a1f45a3ee16960f02f7e4cc0821f4a283ede83cff8.json
case_025_p3_n5,case_025,3,5,existing_regression,persistent,0.0,942938,110592,0.0,0,plans/c7b7c79a1105825d864864a1f45a3ee16960f02f7e4cc0821f4a283ede83cff8.json
case_025_p3_n5,case_025,3,5,existing_regression,persistent,0.01,942938,110592,0.0,0,plans/c7b7c79a1105825d864864a1f45a3ee16960f02f7e4cc0821f4a283ede83cff8.json
case_025_p3_n5,case_025,3,5,existing_regression,persistent,0.03,942938,110592,0.0,0,plans/c7b7c79a1105825d864864a1f45a3ee16960f02f7e4cc0821f4a283ede83cff8.json
case_025_p3_n5,case_025,3,5,existing_regression,mature,0.0,942350,118272,0.0,0,plans/9c60bb2359e412cc005ccb9ca6d0e61767371262575c1dc8c0ee8a15224c23d4.json
case_025_p3_n5,case_025,3,5,existing_regression,mature,0.01,942938,110592,0.0006239719849312486,7680,plans/c7b7c79a1105825d864864a1f45a3ee16960f02f7e4cc0821f4a283ede83cff8.json
case_025_p3_n5,case_025,3,5,existing_regression,mature,0.03,942938,110592,0.0006239719849312486,7680,plans/c7b7c79a1105825d864864a1f45a3ee16960f02f7e4cc0821f4a283ede83cff8.json
case_047_p3_n1,case_047,3,1,core_regression,legacy,0.0,277066,0,0.0,0,plans/400a057303f1a07af8b4726b5b91c234660c58109ea02ec870ca7e7934ab204d.json
case_047_p3_n1,case_047,3,1,core_regression,legacy,0.01,277066,0,0.0,0,plans/400a057303f1a07af8b4726b5b91c234660c58109ea02ec870ca7e7934ab204d.json
case_047_p3_n1,case_047,3,1,core_regression,legacy,0.03,277066,0,0.0,0,plans/400a057303f1a07af8b4726b5b91c234660c58109ea02ec870ca7e7934ab204d.json
case_047_p3_n1,case_047,3,1,core_regression,persistent,0.0,277066,0,0.0,0,plans/400a057303f1a07af8b4726b5b91c234660c58109ea02ec870ca7e7934ab204d.json
case_047_p3_n1,case_047,3,1,core_regression,persistent,0.01,277066,0,0.0,0,plans/400a057303f1a07af8b4726b5b91c234660c58109ea02ec870ca7e7934ab204d.json
case_047_p3_n1,case_047,3,1,core_regression,persistent,0.03,277066,0,0.0,0,plans/400a057303f1a07af8b4726b5b91c234660c58109ea02ec870ca7e7934ab204d.json
case_047_p3_n1,case_047,3,1,core_regression,mature,0.0,277066,0,0.0,0,plans/400a057303f1a07af8b4726b5b91c234660c58109ea02ec870ca7e7934ab204d.json
case_047_p3_n1,case_047,3,1,core_regression,mature,0.01,277066,0,0.0,0,plans/400a057303f1a07af8b4726b5b91c234660c58109ea02ec870ca7e7934ab204d.json
case_047_p3_n1,case_047,3,1,core_regression,mature,0.03,277066,0,0.0,0,plans/400a057303f1a07af8b4726b5b91c234660c58109ea02ec870ca7e7934ab204d.json
case_053_p3_n5,case_053,3,5,existing_regression,legacy,0.0,325708,10044262,0.0,0,plans/1a221f824a6412dc74ff29a0e9d5e5f9b7068f4e60fe4f386a26e5db4741ff36.json
case_053_p3_n5,case_053,3,5,existing_regression,legacy,0.01,325708,10044262,0.0,0,plans/1a221f824a6412dc74ff29a0e9d5e5f9b7068f4e60fe4f386a26e5db4741ff36.json
case_053_p3_n5,case_053,3,5,existing_regression,legacy,0.03,325708,10044262,0.0,0,plans/1a221f824a6412dc74ff29a0e9d5e5f9b7068f4e60fe4f386a26e5db4741ff36.json
case_053_p3_n5,case_053,3,5,existing_regression,persistent,0.0,325708,10044262,0.0,0,plans/1a221f824a6412dc74ff29a0e9d5e5f9b7068f4e60fe4f386a26e5db4741ff36.json
case_053_p3_n5,case_053,3,5,existing_regression,persistent,0.01,325708,10044262,0.0,0,plans/1a221f824a6412dc74ff29a0e9d5e5f9b7068f4e60fe4f386a26e5db4741ff36.json
case_053_p3_n5,case_053,3,5,existing_regression,persistent,0.03,325708,10044262,0.0,0,plans/1a221f824a6412dc74ff29a0e9d5e5f9b7068f4e60fe4f386a26e5db4741ff36.json
case_053_p3_n5,case_053,3,5,existing_regression,mature,0.0,374457,3247692,0.0,0,plans/f97ef2fe0e4f32ddbe897621aaa8b9306df0e35ded4fcfbd87dcf4ce7a479805.json
case_053_p3_n5,case_053,3,5,existing_regression,mature,0.01,374457,3247692,0.0,0,plans/f97ef2fe0e4f32ddbe897621aaa8b9306df0e35ded4fcfbd87dcf4ce7a479805.json
case_053_p3_n5,case_053,3,5,existing_regression,mature,0.03,374457,3247692,0.0,0,plans/f97ef2fe0e4f32ddbe897621aaa8b9306df0e35ded4fcfbd87dcf4ce7a479805.json
case_095_p2_n5,case_095,2,5,existing_regression,legacy,0.0,217302,0,0.0,0,plans/1470210382f2c188b1f6aebfc4e2e8e5387a8b3d9762e65b0c09a7618e0f5e59.json
case_095_p2_n5,case_095,2,5,existing_regression,legacy,0.01,217302,0,0.0,0,plans/1470210382f2c188b1f6aebfc4e2e8e5387a8b3d9762e65b0c09a7618e0f5e59.json
case_095_p2_n5,case_095,2,5,existing_regression,legacy,0.03,217302,0,0.0,0,plans/1470210382f2c188b1f6aebfc4e2e8e5387a8b3d9762e65b0c09a7618e0f5e59.json
case_095_p2_n5,case_095,2,5,existing_regression,persistent,0.0,220188,0,0.0,0,plans/51f798d4c5e9bdad79964b2049ab3a8fb50a166ef79fc04747291d0797b1d982.json
case_095_p2_n5,case_095,2,5,existing_regression,persistent,0.01,220188,0,0.0,0,plans/51f798d4c5e9bdad79964b2049ab3a8fb50a166ef79fc04747291d0797b1d982.json
case_095_p2_n5,case_095,2,5,existing_regression,persistent,0.03,220188,0,0.0,0,plans/51f798d4c5e9bdad79964b2049ab3a8fb50a166ef79fc04747291d0797b1d982.json
case_095_p2_n5,case_095,2,5,existing_regression,mature,0.0,220188,0,0.0,0,plans/51f798d4c5e9bdad79964b2049ab3a8fb50a166ef79fc04747291d0797b1d982.json
case_095_p2_n5,case_095,2,5,existing_regression,mature,0.01,220188,0,0.0,0,plans/51f798d4c5e9bdad79964b2049ab3a8fb50a166ef79fc04747291d0797b1d982.json
case_095_p2_n5,case_095,2,5,existing_regression,mature,0.03,220188,0,0.0,0,plans/51f798d4c5e9bdad79964b2049ab3a8fb50a166ef79fc04747291d0797b1d982.json
case_047_p3_n3,case_047,3,3,core_regression,legacy,0.0,108619,1560748,0.0,0,plans/1edd1b4919434ee4b3196ae46eb30a8d82c2bc4670e9ec820e3367d72df2bd3e.json
case_047_p3_n3,case_047,3,3,core_regression,legacy,0.01,108619,1560748,0.0,0,plans/1edd1b4919434ee4b3196ae46eb30a8d82c2bc4670e9ec820e3367d72df2bd3e.json
case_047_p3_n3,case_047,3,3,core_regression,legacy,0.03,108619,1560748,0.0,0,plans/1edd1b4919434ee4b3196ae46eb30a8d82c2bc4670e9ec820e3367d72df2bd3e.json
case_047_p3_n3,case_047,3,3,core_regression,persistent,0.0,104462,1709964,0.0,0,plans/885fc12c73f41c52715b2571b3b6cba145001f201f07cd8f69105f7134e210f9.json
case_047_p3_n3,case_047,3,3,core_regression,persistent,0.01,104462,1709964,0.0,0,plans/885fc12c73f41c52715b2571b3b6cba145001f201f07cd8f69105f7134e210f9.json
case_047_p3_n3,case_047,3,3,core_regression,persistent,0.03,104462,1709964,0.0,0,plans/885fc12c73f41c52715b2571b3b6cba145001f201f07cd8f69105f7134e210f9.json
case_047_p3_n3,case_047,3,3,core_regression,mature,0.0,108690,1560748,0.0,0,plans/f55abb57a0dace50b82a6d3b8ae273fcbd287f214e14cfb5b30cca5a63b85f55.json
case_047_p3_n3,case_047,3,3,core_regression,mature,0.01,108690,1560748,0.0,0,plans/f55abb57a0dace50b82a6d3b8ae273fcbd287f214e14cfb5b30cca5a63b85f55.json
case_047_p3_n3,case_047,3,3,core_regression,mature,0.03,108690,1560748,0.0,0,plans/f55abb57a0dace50b82a6d3b8ae273fcbd287f214e14cfb5b30cca5a63b85f55.json
case_054_p1_n5,case_054,1,5,development,legacy,0.0,329736,6116212,0.0,0,plans/d977cf17037f28f9fd00e6015f8e83c47e3f8948a80c23dcc956e42839ac0e37.json
case_054_p1_n5,case_054,1,5,development,legacy,0.01,329736,6116212,0.0,0,plans/d977cf17037f28f9fd00e6015f8e83c47e3f8948a80c23dcc956e42839ac0e37.json
case_054_p1_n5,case_054,1,5,development,legacy,0.03,329736,6116212,0.0,0,plans/d977cf17037f28f9fd00e6015f8e83c47e3f8948a80c23dcc956e42839ac0e37.json
case_054_p1_n5,case_054,1,5,development,persistent,0.0,461210,6842858,0.0,0,plans/d2e090983ae8bf3050edb99542b55d3924c47de8b53481ee8f81e7b3cdbf27f0.json
case_054_p1_n5,case_054,1,5,development,persistent,0.01,461210,6842858,0.0,0,plans/d2e090983ae8bf3050edb99542b55d3924c47de8b53481ee8f81e7b3cdbf27f0.json
case_054_p1_n5,case_054,1,5,development,persistent,0.03,474129,3186602,0.028011101233711422,3656256,plans/2b5311f862d7fdda628743aa50083631310894cb23e7954acc5fe9bcecd1bfdd.json
case_054_p1_n5,case_054,1,5,development,mature,0.0,517986,1130496,0.0,0,plans/0c08de0e2afb73fc95a0f619c529fae1cdfd1f5e9408e3bba11acd3bb599e253.json
case_054_p1_n5,case_054,1,5,development,mature,0.01,518133,196608,0.00028379145382317894,933888,plans/253819c40c27bd2499138a9732a7287e078ab524dc897418afc5c1eeb13ab9bf.json
case_054_p1_n5,case_054,1,5,development,mature,0.03,518133,196608,0.00028379145382317894,933888,plans/253819c40c27bd2499138a9732a7287e078ab524dc897418afc5c1eeb13ab9bf.json
case_085_p1_n5,case_085,1,5,development,legacy,0.0,2218649,26722630,0.0,0,plans/ed419e9c19f45c42d743b70fe2f27e741a8b9c80ec0131ad0afd288f30f3cde8.json
case_085_p1_n5,case_085,1,5,development,legacy,0.01,2218649,26722630,0.0,0,plans/ed419e9c19f45c42d743b70fe2f27e741a8b9c80ec0131ad0afd288f30f3cde8.json
case_085_p1_n5,case_085,1,5,development,legacy,0.03,2218649,26722630,0.0,0,plans/ed419e9c19f45c42d743b70fe2f27e741a8b9c80ec0131ad0afd288f30f3cde8.json
case_085_p1_n5,case_085,1,5,development,persistent,0.0,2081783,29487924,0.0,0,plans/310e7cabf5c32f033c7e5981bfca6c2da3b830258fe3225f64a36ec6f40817a7.json
case_085_p1_n5,case_085,1,5,development,persistent,0.01,2081783,29487924,0.0,0,plans/310e7cabf5c32f033c7e5981bfca6c2da3b830258fe3225f64a36ec6f40817a7.json
case_085_p1_n5,case_085,1,5,development,persistent,0.03,2081783,29487924,0.0,0,plans/310e7cabf5c32f033c7e5981bfca6c2da3b830258fe3225f64a36ec6f40817a7.json
case_085_p1_n5,case_085,1,5,development,mature,0.0,2760933,4246258,0.0,0,plans/fbf894f47eb0c027e5c0d88c46ff00df2ebb804f78ee043e4cb23ecb9d2d6b49.json
case_085_p1_n5,case_085,1,5,development,mature,0.01,2761518,4241246,0.00021188489543200184,5012,plans/5bed20f453a8b68a1dbe13b55d9b993634e5bc34becaae47b4955b52557dbb75.json
case_085_p1_n5,case_085,1,5,development,mature,0.03,2761518,4241246,0.00021188489543200184,5012,plans/5bed20f453a8b68a1dbe13b55d9b993634e5bc34becaae47b4955b52557dbb75.json
case_060_p2_n4,case_060,2,4,core_regression,legacy,0.0,194109,3814784,0.0,0,plans/4743c111fdedcbfe2164e59cf9755acb4599eacdd41be3358847012cfb873b55.json
case_060_p2_n4,case_060,2,4,core_regression,legacy,0.01,194109,3814784,0.0,0,plans/4743c111fdedcbfe2164e59cf9755acb4599eacdd41be3358847012cfb873b55.json
case_060_p2_n4,case_060,2,4,core_regression,legacy,0.03,194109,3814784,0.0,0,plans/4743c111fdedcbfe2164e59cf9755acb4599eacdd41be3358847012cfb873b55.json
case_060_p2_n4,case_060,2,4,core_regression,persistent,0.0,194770,3841408,0.0,0,plans/7d33d97673ea1e92f47c06f6f8a761c985d9e7586e06e57363abbf2fe7c57674.json
case_060_p2_n4,case_060,2,4,core_regression,persistent,0.01,194770,3841408,0.0,0,plans/7d33d97673ea1e92f47c06f6f8a761c985d9e7586e06e57363abbf2fe7c57674.json
case_060_p2_n4,case_060,2,4,core_regression,persistent,0.03,194770,3841408,0.0,0,plans/7d33d97673ea1e92f47c06f6f8a761c985d9e7586e06e57363abbf2fe7c57674.json
case_060_p2_n4,case_060,2,4,core_regression,mature,0.0,194395,3667328,0.0,0,plans/bb336d27f5f85359ce4116fcc486ce90db32d5092c4cd9b1702d7c5fd6bcc0fb.json
case_060_p2_n4,case_060,2,4,core_regression,mature,0.01,194395,3667328,0.0,0,plans/bb336d27f5f85359ce4116fcc486ce90db32d5092c4cd9b1702d7c5fd6bcc0fb.json
case_060_p2_n4,case_060,2,4,core_regression,mature,0.03,196964,3634560,0.01321536047737859,32768,plans/a14eb3e7bc18d597a702291bc153074c6ea233f95857e5bb949592975e8a30f8.json
case_025_p2_n5,case_025,2,5,existing_regression,legacy,0.0,942179,125952,0.0,0,plans/6dd72eac0b4325eb3472e1f8e1b09bce7edaf5fff4183f2a7a69cc9f48059e70.json
case_025_p2_n5,case_025,2,5,existing_regression,legacy,0.01,942938,110592,0.000805579406885526,15360,plans/c7b7c79a1105825d864864a1f45a3ee16960f02f7e4cc0821f4a283ede83cff8.json
case_025_p2_n5,case_025,2,5,existing_regression,legacy,0.03,942938,110592,0.000805579406885526,15360,plans/c7b7c79a1105825d864864a1f45a3ee16960f02f7e4cc0821f4a283ede83cff8.json
case_025_p2_n5,case_025,2,5,existing_regression,persistent,0.0,942350,118272,0.0,0,plans/9c60bb2359e412cc005ccb9ca6d0e61767371262575c1dc8c0ee8a15224c23d4.json
case_025_p2_n5,case_025,2,5,existing_regression,persistent,0.01,942938,110592,0.0006239719849312486,7680,plans/c7b7c79a1105825d864864a1f45a3ee16960f02f7e4cc0821f4a283ede83cff8.json
case_025_p2_n5,case_025,2,5,existing_regression,persistent,0.03,942938,110592,0.0006239719849312486,7680,plans/c7b7c79a1105825d864864a1f45a3ee16960f02f7e4cc0821f4a283ede83cff8.json
case_025_p2_n5,case_025,2,5,existing_regression,mature,0.0,942350,118272,0.0,0,plans/9c60bb2359e412cc005ccb9ca6d0e61767371262575c1dc8c0ee8a15224c23d4.json
case_025_p2_n5,case_025,2,5,existing_regression,mature,0.01,942938,110592,0.0006239719849312486,7680,plans/c7b7c79a1105825d864864a1f45a3ee16960f02f7e4cc0821f4a283ede83cff8.json
case_025_p2_n5,case_025,2,5,existing_regression,mature,0.03,942938,110592,0.0006239719849312486,7680,plans/c7b7c79a1105825d864864a1f45a3ee16960f02f7e4cc0821f4a283ede83cff8.json
case_060_p2_n1,case_060,2,1,core_regression,legacy,0.0,731696,2064512,0.0,0,plans/192309ebec0fda4c48e78d863331208d1b792e4d1696f895c348aacc112df8d1.json
case_060_p2_n1,case_060,2,1,core_regression,legacy,0.01,735244,1949824,0.004849008331328841,114688,plans/12e530765dc03cdbcb05479ba5b68dc96fab1e3413c2ebc01847e24d623ba617.json
case_060_p2_n1,case_060,2,1,core_regression,legacy,0.03,751836,1922176,0.02752509238809564,142336,plans/ca617d647b6bd3109ec542f876de0977fc1149e2294eb5d2a45b31075685a160.json
case_060_p2_n1,case_060,2,1,core_regression,persistent,0.0,731696,2064512,0.0,0,plans/192309ebec0fda4c48e78d863331208d1b792e4d1696f895c348aacc112df8d1.json
case_060_p2_n1,case_060,2,1,core_regression,persistent,0.01,731696,2064512,0.0,0,plans/192309ebec0fda4c48e78d863331208d1b792e4d1696f895c348aacc112df8d1.json
case_060_p2_n1,case_060,2,1,core_regression,persistent,0.03,731696,2064512,0.0,0,plans/192309ebec0fda4c48e78d863331208d1b792e4d1696f895c348aacc112df8d1.json
case_060_p2_n1,case_060,2,1,core_regression,mature,0.0,727354,2259072,0.0,0,plans/e104042897f5fd3b906bca7c55fc11210f9ab17ae54820603d0efeeddf0a8638.json
case_060_p2_n1,case_060,2,1,core_regression,mature,0.01,729412,1792128,0.00282943381077172,466944,plans/5dd50786da1659f36626975dea87f29ab1c07ff82e511bbf48a6b82b41270c03.json
case_060_p2_n1,case_060,2,1,core_regression,mature,0.03,729412,1792128,0.00282943381077172,466944,plans/5dd50786da1659f36626975dea87f29ab1c07ff82e511bbf48a6b82b41270c03.json
case_060_p1_n2,case_060,1,2,core_regression,legacy,0.0,434183,4645000,0.0,0,plans/389424e8956bf58ea802f36d87b3235a33fac3eb4cd47be665ebfe89447bea69.json
case_060_p1_n2,case_060,1,2,core_regression,legacy,0.01,436923,3106956,0.006310703090632197,1538044,plans/c4647c655b8a255dfbe8cb58a6f2315a6fb5c11087e1c9b80cded87c877bec01.json
case_060_p1_n2,case_060,1,2,core_regression,legacy,0.03,441905,2754828,0.01778512746929284,1890172,plans/a26e33dc542602d65a342c890eff664d7e991b7b4fc619ef8de63997928bc936.json
case_060_p1_n2,case_060,1,2,core_regression,persistent,0.0,439467,5009664,0.0,0,plans/1888883fab825e64f398ca08eff87d0aad2ca37307b0d55473b907433debf41d.json
case_060_p1_n2,case_060,1,2,core_regression,persistent,0.01,441905,2754828,0.005547629287295797,2254836,plans/a26e33dc542602d65a342c890eff664d7e991b7b4fc619ef8de63997928bc936.json
case_060_p1_n2,case_060,1,2,core_regression,persistent,0.03,441905,2754828,0.005547629287295797,2254836,plans/a26e33dc542602d65a342c890eff664d7e991b7b4fc619ef8de63997928bc936.json
case_060_p1_n2,case_060,1,2,core_regression,mature,0.0,437641,2497668,0.0,0,plans/c6261ee1623fe650273093a0884a2faa57ef7536ec457e069a504cd6e07a1fc9.json
case_060_p1_n2,case_060,1,2,core_regression,mature,0.01,437641,2497668,0.0,0,plans/c6261ee1623fe650273093a0884a2faa57ef7536ec457e069a504cd6e07a1fc9.json
case_060_p1_n2,case_060,1,2,core_regression,mature,0.03,447523,2382988,0.022580151311234475,114680,plans/4ea766ab0a717b5dffcec225cfd6dff0db569639f1316dd87f59849a971ade70.json
case_003_p1_n5,case_003,1,5,development,legacy,0.0,332321,12163194,0.0,0,plans/ffef0ff9863ff5f196e95ea8db3f609050169138e5da7aa36f625e871cdbd6ee.json
case_003_p1_n5,case_003,1,5,development,legacy,0.01,335071,12023930,0.008275131574592143,139264,plans/1833e4a855af37e662759076bf01d96feb55a97847822aa2c43f0c5d2cb19478.json
case_003_p1_n5,case_003,1,5,development,legacy,0.03,337073,11909242,0.014299427360894956,253952,plans/27201200a6e65e8c203fd6a64b23887dba59ff2ba1eafe6a1e9c36f12867c6a4.json
case_003_p1_n5,case_003,1,5,development,persistent,0.0,375962,9615732,0.0,0,plans/5adb4cff8f516b46ae2c2bf13f5d999a7a872d89f541fc58d21eb466b14687c2.json
case_003_p1_n5,case_003,1,5,development,persistent,0.01,375962,9615732,0.0,0,plans/5adb4cff8f516b46ae2c2bf13f5d999a7a872d89f541fc58d21eb466b14687c2.json
case_003_p1_n5,case_003,1,5,development,persistent,0.03,375962,9615732,0.0,0,plans/5adb4cff8f516b46ae2c2bf13f5d999a7a872d89f541fc58d21eb466b14687c2.json
case_003_p1_n5,case_003,1,5,development,mature,0.0,221109,9306974,0.0,0,plans/c75cfa46a6ffb5c7eb7c05bf65f1aae606f7b703590fddfe1c8a2909c65dc199.json
case_003_p1_n5,case_003,1,5,development,mature,0.01,221109,9306974,0.0,0,plans/c75cfa46a6ffb5c7eb7c05bf65f1aae606f7b703590fddfe1c8a2909c65dc199.json
case_003_p1_n5,case_003,1,5,development,mature,0.03,221109,9306974,0.0,0,plans/c75cfa46a6ffb5c7eb7c05bf65f1aae606f7b703590fddfe1c8a2909c65dc199.json
case_047_p3_n2,case_047,3,2,core_regression,legacy,0.0,149574,903366,0.0,0,plans/f07acd578cbe36a5e4a830d865f93e2f15d7e3b500c97b178705185036fbe769.json
case_047_p3_n2,case_047,3,2,core_regression,legacy,0.01,150531,902790,0.006398170805086423,576,plans/a4ed8288c94806de0490c70a7c7265612b4efb407f7061938015c3570fccce11.json
case_047_p3_n2,case_047,3,2,core_regression,legacy,0.03,150531,902790,0.006398170805086423,576,plans/a4ed8288c94806de0490c70a7c7265612b4efb407f7061938015c3570fccce11.json
case_047_p3_n2,case_047,3,2,core_regression,persistent,0.0,150257,902790,0.0,0,plans/6b2138899e57128c1ab09d723785b164f716d7db92404f10514d0b621f90509f.json
case_047_p3_n2,case_047,3,2,core_regression,persistent,0.01,150257,902790,0.0,0,plans/6b2138899e57128c1ab09d723785b164f716d7db92404f10514d0b621f90509f.json
case_047_p3_n2,case_047,3,2,core_regression,persistent,0.03,150257,902790,0.0,0,plans/6b2138899e57128c1ab09d723785b164f716d7db92404f10514d0b621f90509f.json
case_047_p3_n2,case_047,3,2,core_regression,mature,0.0,155794,762886,0.0,0,plans/878cf3ddac91c9f15bc59ffeeb3f6073dce5c5daf72fbedeb736fc26f1ab60c2.json
case_047_p3_n2,case_047,3,2,core_regression,mature,0.01,155794,762886,0.0,0,plans/878cf3ddac91c9f15bc59ffeeb3f6073dce5c5daf72fbedeb736fc26f1ab60c2.json
case_047_p3_n2,case_047,3,2,core_regression,mature,0.03,155794,762886,0.0,0,plans/878cf3ddac91c9f15bc59ffeeb3f6073dce5c5daf72fbedeb736fc26f1ab60c2.json
case_035_p2_n5,case_035,2,5,development,legacy,0.0,41448,1126424,0.0,0,plans/4ca7b5f1a28499cf6f18479837d8039365556f2275900db0aabe91d7d369e51b.json
case_035_p2_n5,case_035,2,5,development,legacy,0.01,41804,1112074,0.008589075468056429,14350,plans/6cd5267de6eb3f2478a3f0ccc1f30f54903e929dfdc6b4b9c77601f3b10a61e1.json
case_035_p2_n5,case_035,2,5,development,legacy,0.03,41804,1112074,0.008589075468056429,14350,plans/6cd5267de6eb3f2478a3f0ccc1f30f54903e929dfdc6b4b9c77601f3b10a61e1.json
case_035_p2_n5,case_035,2,5,development,persistent,0.0,41934,1130528,0.0,0,plans/17d129cd251ccd0c3322ed2458322508350d22aab01618648385c5ae8d0951ff.json
case_035_p2_n5,case_035,2,5,development,persistent,0.01,41934,1130528,0.0,0,plans/17d129cd251ccd0c3322ed2458322508350d22aab01618648385c5ae8d0951ff.json
case_035_p2_n5,case_035,2,5,development,persistent,0.03,41934,1130528,0.0,0,plans/17d129cd251ccd0c3322ed2458322508350d22aab01618648385c5ae8d0951ff.json
case_035_p2_n5,case_035,2,5,development,mature,0.0,80677,0,0.0,0,plans/f6dcd3f9c7aefb903c9c639befa9cc4eb6cd26a47fb5aed5c4f7e0b81b360481.json
case_035_p2_n5,case_035,2,5,development,mature,0.01,80677,0,0.0,0,plans/f6dcd3f9c7aefb903c9c639befa9cc4eb6cd26a47fb5aed5c4f7e0b81b360481.json
case_035_p2_n5,case_035,2,5,development,mature,0.03,80677,0,0.0,0,plans/f6dcd3f9c7aefb903c9c639befa9cc4eb6cd26a47fb5aed5c4f7e0b81b360481.json
case_037_p3_n5,case_037,3,5,existing_regression,legacy,0.0,43013,1761280,0.0,0,plans/b24e722afdcbc9388e069bc9b8af60b6aa43a1dd9304f518ab53d4fd1f7dd633.json
case_037_p3_n5,case_037,3,5,existing_regression,legacy,0.01,43013,1761280,0.0,0,plans/b24e722afdcbc9388e069bc9b8af60b6aa43a1dd9304f518ab53d4fd1f7dd633.json
case_037_p3_n5,case_037,3,5,existing_regression,legacy,0.03,43013,1761280,0.0,0,plans/b24e722afdcbc9388e069bc9b8af60b6aa43a1dd9304f518ab53d4fd1f7dd633.json
case_037_p3_n5,case_037,3,5,existing_regression,persistent,0.0,43013,1925120,0.0,0,plans/835411a285f111e337d65cc86240498f8ed145c5267ae7ead080ca6454ebe3f9.json
case_037_p3_n5,case_037,3,5,existing_regression,persistent,0.01,43013,1925120,0.0,0,plans/835411a285f111e337d65cc86240498f8ed145c5267ae7ead080ca6454ebe3f9.json
case_037_p3_n5,case_037,3,5,existing_regression,persistent,0.03,43013,1925120,0.0,0,plans/835411a285f111e337d65cc86240498f8ed145c5267ae7ead080ca6454ebe3f9.json
case_037_p3_n5,case_037,3,5,existing_regression,mature,0.0,43013,778240,0.0,0,plans/4aa7e2d81681ee56802a32a8224932b5ae960a12353369f4a7f1d735b45ec629.json
case_037_p3_n5,case_037,3,5,existing_regression,mature,0.01,43013,778240,0.0,0,plans/4aa7e2d81681ee56802a32a8224932b5ae960a12353369f4a7f1d735b45ec629.json
case_037_p3_n5,case_037,3,5,existing_regression,mature,0.03,43013,778240,0.0,0,plans/4aa7e2d81681ee56802a32a8224932b5ae960a12353369f4a7f1d735b45ec629.json
case_028_p3_n5,case_028,3,5,existing_regression,legacy,0.0,7900566,114332160,0.0,0,plans/d529a40c57bb9028e7ad52e5cff84a5c5e26e71a3156454ab78aa39a3fa09a2e.json
case_028_p3_n5,case_028,3,5,existing_regression,legacy,0.01,7900566,114332160,0.0,0,plans/d529a40c57bb9028e7ad52e5cff84a5c5e26e71a3156454ab78aa39a3fa09a2e.json
case_028_p3_n5,case_028,3,5,existing_regression,legacy,0.03,7900566,114332160,0.0,0,plans/d529a40c57bb9028e7ad52e5cff84a5c5e26e71a3156454ab78aa39a3fa09a2e.json
case_028_p3_n5,case_028,3,5,existing_regression,persistent,0.0,7911691,114332160,0.0,0,plans/ecabbe76baad2407456c2dd66ffdfba892bcaf15ae3face60f44c58ba053df68.json
case_028_p3_n5,case_028,3,5,existing_regression,persistent,0.01,7970664,22589952,0.007453905871703137,91742208,plans/a7e70105737413317f6d0aba7ab701de3c48007abbc10de8de9e8331df43c81c.json
case_028_p3_n5,case_028,3,5,existing_regression,persistent,0.03,7970664,22589952,0.007453905871703137,91742208,plans/a7e70105737413317f6d0aba7ab701de3c48007abbc10de8de9e8331df43c81c.json
case_028_p3_n5,case_028,3,5,existing_regression,mature,0.0,7970583,22602240,0.0,0,plans/05b026fb2cdecf1f8aa3377653f92b653abaca5b14ccf3b217feb9bb6108df48.json
case_028_p3_n5,case_028,3,5,existing_regression,mature,0.01,7970583,22602240,0.0,0,plans/05b026fb2cdecf1f8aa3377653f92b653abaca5b14ccf3b217feb9bb6108df48.json
case_028_p3_n5,case_028,3,5,existing_regression,mature,0.03,7970583,22602240,0.0,0,plans/05b026fb2cdecf1f8aa3377653f92b653abaca5b14ccf3b217feb9bb6108df48.json
case_049_p2_n5,case_049,2,5,development,legacy,0.0,53502,1789276,0.0,0,plans/2bcdd62ebaf4c2d5663460b2b720cadf48082c869eb1f69e776053813958dfe5.json
case_049_p2_n5,case_049,2,5,development,legacy,0.01,53502,1789276,0.0,0,plans/2bcdd62ebaf4c2d5663460b2b720cadf48082c869eb1f69e776053813958dfe5.json
case_049_p2_n5,case_049,2,5,development,legacy,0.03,54069,1782112,0.010597734664124614,7164,plans/0223d62433fb47a5308f280a82612403bfc5d6126fceb504b0dc3eff45fd3a65.json
case_049_p2_n5,case_049,2,5,development,persistent,0.0,54069,1782112,0.0,0,plans/0223d62433fb47a5308f280a82612403bfc5d6126fceb504b0dc3eff45fd3a65.json
case_049_p2_n5,case_049,2,5,development,persistent,0.01,54069,1782112,0.0,0,plans/0223d62433fb47a5308f280a82612403bfc5d6126fceb504b0dc3eff45fd3a65.json
case_049_p2_n5,case_049,2,5,development,persistent,0.03,54069,1782112,0.0,0,plans/0223d62433fb47a5308f280a82612403bfc5d6126fceb504b0dc3eff45fd3a65.json
case_049_p2_n5,case_049,2,5,development,mature,0.0,102732,5301640,0.0,0,plans/5d99ada9b6080d8cb46d6176146cb6fb77a7d8c61e1d4de9353a093b98dcea17.json
case_049_p2_n5,case_049,2,5,development,mature,0.01,102732,5301640,0.0,0,plans/5d99ada9b6080d8cb46d6176146cb6fb77a7d8c61e1d4de9353a093b98dcea17.json
case_049_p2_n5,case_049,2,5,development,mature,0.03,102732,5301640,0.0,0,plans/5d99ada9b6080d8cb46d6176146cb6fb77a7d8c61e1d4de9353a093b98dcea17.json
case_060_p1_n1,case_060,1,1,core_regression,legacy,0.0,877445,4307204,0.0,0,plans/3972a67f62ba9e8f593a742140ef9586827d88f6b702a69edf6b2f482de62af1.json
case_060_p1_n1,case_060,1,1,core_regression,legacy,0.01,883050,2142344,0.006387864766452589,2164860,plans/4247e62966deb88a4e508669f54728b142db0e568534fc66eb2591499c5aa64f.json
case_060_p1_n1,case_060,1,1,core_regression,legacy,0.03,887677,1857672,0.01166112975742073,2449532,plans/04258ae312fcf8ed3b6ffe83d9e7da82aecc944195bd6481e202d0294ea8a4d9.json
case_060_p1_n1,case_060,1,1,core_regression,persistent,0.0,879646,3073036,0.0,0,plans/d689fdf8181c51297e81557111ca1cc8af1916cdc82470efe08032c17763a9f8.json
case_060_p1_n1,case_060,1,1,core_regression,persistent,0.01,887677,1857672,0.009129809036817038,1215364,plans/04258ae312fcf8ed3b6ffe83d9e7da82aecc944195bd6481e202d0294ea8a4d9.json
case_060_p1_n1,case_060,1,1,core_regression,persistent,0.03,887677,1857672,0.009129809036817038,1215364,plans/04258ae312fcf8ed3b6ffe83d9e7da82aecc944195bd6481e202d0294ea8a4d9.json
case_060_p1_n1,case_060,1,1,core_regression,mature,0.0,870161,4423808,0.0,0,plans/c0fba9c7829b79bfc848a4da6f126e5ae023cac553b6c8ba8e37d225d5565298.json
case_060_p1_n1,case_060,1,1,core_regression,mature,0.01,874960,1983644,0.005515071348865419,2440164,plans/351c1a809cc23c5edead7d4bb6885a23649f90f0668cfdd2930fb7624402ba53.json
case_060_p1_n1,case_060,1,1,core_regression,mature,0.03,874960,1983644,0.005515071348865419,2440164,plans/351c1a809cc23c5edead7d4bb6885a23649f90f0668cfdd2930fb7624402ba53.json
case_060_p1_n3,case_060,1,3,core_regression,legacy,0.0,291536,4061440,0.0,0,plans/6fb89b87a618464c6df4fb33dd1da07cf9eec93adc70b0ecaabcf821e818e3a0.json
case_060_p1_n3,case_060,1,3,core_regression,legacy,0.01,291536,4061440,0.0,0,plans/6fb89b87a618464c6df4fb33dd1da07cf9eec93adc70b0ecaabcf821e818e3a0.json
case_060_p1_n3,case_060,1,3,core_regression,legacy,0.03,295610,3270912,0.01397426046868988,790528,plans/ceadf4aeb8df1bbc0f86c51619d9074d6dbeca87bb10d6321bca864e564b6ed6.json
case_060_p1_n3,case_060,1,3,core_regression,persistent,0.0,294664,5753216,0.0,0,plans/1af1c093bebfb227973f633aee82073787e1eb5230da2bfbcbb5e15c31d4a498.json
case_060_p1_n3,case_060,1,3,core_regression,persistent,0.01,295470,3246336,0.0027353188716638943,2506880,plans/4eda7c6f4c88f732046afe4fb692c09de0e9c0c1017469ab24d9c07e5be4adef.json
case_060_p1_n3,case_060,1,3,core_regression,persistent,0.03,295470,3246336,0.0027353188716638943,2506880,plans/4eda7c6f4c88f732046afe4fb692c09de0e9c0c1017469ab24d9c07e5be4adef.json
case_060_p1_n3,case_060,1,3,core_regression,mature,0.0,291413,6191488,0.0,0,plans/7a4909279244b5e2b942b4d4cfef804cc52fb2504ae7ab7d17ccdf84aa508ab0.json
case_060_p1_n3,case_060,1,3,core_regression,mature,0.01,291413,6191488,0.0,0,plans/7a4909279244b5e2b942b4d4cfef804cc52fb2504ae7ab7d17ccdf84aa508ab0.json
case_060_p1_n3,case_060,1,3,core_regression,mature,0.03,294463,5761408,0.01046624550037234,430080,plans/d5f262e346d83fa2a7b08217f51f8c70d374e92b71e9e012300c04c1a8a1cdd1.json
case_028_p2_n5,case_028,2,5,existing_regression,legacy,0.0,7913518,114332160,0.0,0,plans/f3a642d44bf18faa7156bcc37bc0ec28b8785cb3556badc56e35fe05aa194449.json
case_028_p2_n5,case_028,2,5,existing_regression,legacy,0.01,7913518,114332160,0.0,0,plans/f3a642d44bf18faa7156bcc37bc0ec28b8785cb3556badc56e35fe05aa194449.json
case_028_p2_n5,case_028,2,5,existing_regression,legacy,0.03,7913518,114332160,0.0,0,plans/f3a642d44bf18faa7156bcc37bc0ec28b8785cb3556badc56e35fe05aa194449.json
case_028_p2_n5,case_028,2,5,existing_regression,persistent,0.0,8029486,22663680,0.0,0,plans/9cd1639e98341a6dedd17c48efcfbacdd9dbbc7cbd44f3a4dfe5e9f8c5a78c2f.json
case_028_p2_n5,case_028,2,5,existing_regression,persistent,0.01,8032082,22602240,0.00032330836618932324,61440,plans/05b026fb2cdecf1f8aa3377653f92b653abaca5b14ccf3b217feb9bb6108df48.json
case_028_p2_n5,case_028,2,5,existing_regression,persistent,0.03,8032082,22602240,0.00032330836618932324,61440,plans/05b026fb2cdecf1f8aa3377653f92b653abaca5b14ccf3b217feb9bb6108df48.json
case_028_p2_n5,case_028,2,5,existing_regression,mature,0.0,8032082,22602240,0.0,0,plans/05b026fb2cdecf1f8aa3377653f92b653abaca5b14ccf3b217feb9bb6108df48.json
case_028_p2_n5,case_028,2,5,existing_regression,mature,0.01,8032082,22602240,0.0,0,plans/05b026fb2cdecf1f8aa3377653f92b653abaca5b14ccf3b217feb9bb6108df48.json
case_028_p2_n5,case_028,2,5,existing_regression,mature,0.03,8032082,22602240,0.0,0,plans/05b026fb2cdecf1f8aa3377653f92b653abaca5b14ccf3b217feb9bb6108df48.json
case_016_p1_n5,case_016,1,5,development,legacy,0.0,3304638,119557168,0.0,0,plans/387aafb24488d34fdf17bf4f8678440bfec73621c0732ce8f022205948c50d9d.json
case_016_p1_n5,case_016,1,5,development,legacy,0.01,3304638,119557168,0.0,0,plans/387aafb24488d34fdf17bf4f8678440bfec73621c0732ce8f022205948c50d9d.json
case_016_p1_n5,case_016,1,5,development,legacy,0.03,3304638,119557168,0.0,0,plans/387aafb24488d34fdf17bf4f8678440bfec73621c0732ce8f022205948c50d9d.json
case_016_p1_n5,case_016,1,5,development,persistent,0.0,3304638,119557168,0.0,0,plans/387aafb24488d34fdf17bf4f8678440bfec73621c0732ce8f022205948c50d9d.json
case_016_p1_n5,case_016,1,5,development,persistent,0.01,3304638,119557168,0.0,0,plans/387aafb24488d34fdf17bf4f8678440bfec73621c0732ce8f022205948c50d9d.json
case_016_p1_n5,case_016,1,5,development,persistent,0.03,3304638,119557168,0.0,0,plans/387aafb24488d34fdf17bf4f8678440bfec73621c0732ce8f022205948c50d9d.json
case_016_p1_n5,case_016,1,5,development,mature,0.0,3303634,119622704,0.0,0,plans/d8bd70b2d0d96be56df688ac9481f4bd23b1a546785b2ae5e8fea3acb59fde38.json
case_016_p1_n5,case_016,1,5,development,mature,0.01,3303634,119622704,0.0,0,plans/d8bd70b2d0d96be56df688ac9481f4bd23b1a546785b2ae5e8fea3acb59fde38.json
case_016_p1_n5,case_016,1,5,development,mature,0.03,3303634,119622704,0.0,0,plans/d8bd70b2d0d96be56df688ac9481f4bd23b1a546785b2ae5e8fea3acb59fde38.json
case_023_p3_n5,case_023,3,5,existing_regression,legacy,0.0,17376,280992,0.0,0,plans/39a596a1c84530fe309d74548b9150997fd84f308fdd48f5dc129e44e56de57b.json
case_023_p3_n5,case_023,3,5,existing_regression,legacy,0.01,17376,280992,0.0,0,plans/39a596a1c84530fe309d74548b9150997fd84f308fdd48f5dc129e44e56de57b.json
case_023_p3_n5,case_023,3,5,existing_regression,legacy,0.03,17376,280992,0.0,0,plans/39a596a1c84530fe309d74548b9150997fd84f308fdd48f5dc129e44e56de57b.json
case_023_p3_n5,case_023,3,5,existing_regression,persistent,0.0,16725,280992,0.0,0,plans/aa419f2cabd50dc4e40fb3797195d3e2b652aea3b9de413323c89155bd90f98d.json
case_023_p3_n5,case_023,3,5,existing_regression,persistent,0.01,16725,280992,0.0,0,plans/aa419f2cabd50dc4e40fb3797195d3e2b652aea3b9de413323c89155bd90f98d.json
case_023_p3_n5,case_023,3,5,existing_regression,persistent,0.03,16725,280992,0.0,0,plans/aa419f2cabd50dc4e40fb3797195d3e2b652aea3b9de413323c89155bd90f98d.json
case_023_p3_n5,case_023,3,5,existing_regression,mature,0.0,16725,280992,0.0,0,plans/aa419f2cabd50dc4e40fb3797195d3e2b652aea3b9de413323c89155bd90f98d.json
case_023_p3_n5,case_023,3,5,existing_regression,mature,0.01,16725,280992,0.0,0,plans/aa419f2cabd50dc4e40fb3797195d3e2b652aea3b9de413323c89155bd90f98d.json
case_023_p3_n5,case_023,3,5,existing_regression,mature,0.03,16725,280992,0.0,0,plans/aa419f2cabd50dc4e40fb3797195d3e2b652aea3b9de413323c89155bd90f98d.json
case_095_p3_n5,case_095,3,5,existing_regression,legacy,0.0,217302,0,0.0,0,plans/1470210382f2c188b1f6aebfc4e2e8e5387a8b3d9762e65b0c09a7618e0f5e59.json
case_095_p3_n5,case_095,3,5,existing_regression,legacy,0.01,217302,0,0.0,0,plans/1470210382f2c188b1f6aebfc4e2e8e5387a8b3d9762e65b0c09a7618e0f5e59.json
case_095_p3_n5,case_095,3,5,existing_regression,legacy,0.03,217302,0,0.0,0,plans/1470210382f2c188b1f6aebfc4e2e8e5387a8b3d9762e65b0c09a7618e0f5e59.json
case_095_p3_n5,case_095,3,5,existing_regression,persistent,0.0,220188,0,0.0,0,plans/51f798d4c5e9bdad79964b2049ab3a8fb50a166ef79fc04747291d0797b1d982.json
case_095_p3_n5,case_095,3,5,existing_regression,persistent,0.01,220188,0,0.0,0,plans/51f798d4c5e9bdad79964b2049ab3a8fb50a166ef79fc04747291d0797b1d982.json
case_095_p3_n5,case_095,3,5,existing_regression,persistent,0.03,220188,0,0.0,0,plans/51f798d4c5e9bdad79964b2049ab3a8fb50a166ef79fc04747291d0797b1d982.json
case_095_p3_n5,case_095,3,5,existing_regression,mature,0.0,220188,0,0.0,0,plans/51f798d4c5e9bdad79964b2049ab3a8fb50a166ef79fc04747291d0797b1d982.json
case_095_p3_n5,case_095,3,5,existing_regression,mature,0.01,220188,0,0.0,0,plans/51f798d4c5e9bdad79964b2049ab3a8fb50a166ef79fc04747291d0797b1d982.json
case_095_p3_n5,case_095,3,5,existing_regression,mature,0.03,220188,0,0.0,0,plans/51f798d4c5e9bdad79964b2049ab3a8fb50a166ef79fc04747291d0797b1d982.json
case_058_p1_n5,case_058,1,5,development,legacy,0.0,1004819,32104448,0.0,0,plans/3c83f5ad93be315a3211979e2451b7c887ce56259eda999b214cba8730e13b93.json
case_058_p1_n5,case_058,1,5,development,legacy,0.01,1004819,32104448,0.0,0,plans/3c83f5ad93be315a3211979e2451b7c887ce56259eda999b214cba8730e13b93.json
case_058_p1_n5,case_058,1,5,development,legacy,0.03,1004819,32104448,0.0,0,plans/3c83f5ad93be315a3211979e2451b7c887ce56259eda999b214cba8730e13b93.json
case_058_p1_n5,case_058,1,5,development,persistent,0.0,1004819,32104448,0.0,0,plans/3c83f5ad93be315a3211979e2451b7c887ce56259eda999b214cba8730e13b93.json
case_058_p1_n5,case_058,1,5,development,persistent,0.01,1004819,32104448,0.0,0,plans/3c83f5ad93be315a3211979e2451b7c887ce56259eda999b214cba8730e13b93.json
case_058_p1_n5,case_058,1,5,development,persistent,0.03,1004819,32104448,0.0,0,plans/3c83f5ad93be315a3211979e2451b7c887ce56259eda999b214cba8730e13b93.json
case_058_p1_n5,case_058,1,5,development,mature,0.0,937334,36671488,0.0,0,plans/5b2d975ba53edd13501f2732ad6432609646f60554a3a2e4bac90951f2d7886f.json
case_058_p1_n5,case_058,1,5,development,mature,0.01,937334,36671488,0.0,0,plans/5b2d975ba53edd13501f2732ad6432609646f60554a3a2e4bac90951f2d7886f.json
case_058_p1_n5,case_058,1,5,development,mature,0.03,937334,36671488,0.0,0,plans/5b2d975ba53edd13501f2732ad6432609646f60554a3a2e4bac90951f2d7886f.json
case_012_p1_n5,case_012,1,5,frozen_regression,legacy,0.0,14006,59328,0.0,0,plans/0759f5181ae697ffcaf5e55a02c36cc6a007154c7673dc88033755921d875991.json
case_012_p1_n5,case_012,1,5,frozen_regression,legacy,0.01,14006,59328,0.0,0,plans/0759f5181ae697ffcaf5e55a02c36cc6a007154c7673dc88033755921d875991.json
case_012_p1_n5,case_012,1,5,frozen_regression,legacy,0.03,14300,49536,0.020991003855490575,9792,plans/2742b36c6a3fdb691476118349a21513d9e1d935581567cb3061f5402a64abeb.json
case_012_p1_n5,case_012,1,5,frozen_regression,persistent,0.0,14006,59328,0.0,0,plans/0759f5181ae697ffcaf5e55a02c36cc6a007154c7673dc88033755921d875991.json
case_012_p1_n5,case_012,1,5,frozen_regression,persistent,0.01,14006,59328,0.0,0,plans/0759f5181ae697ffcaf5e55a02c36cc6a007154c7673dc88033755921d875991.json
case_012_p1_n5,case_012,1,5,frozen_regression,persistent,0.03,14300,49536,0.020991003855490575,9792,plans/2742b36c6a3fdb691476118349a21513d9e1d935581567cb3061f5402a64abeb.json
case_012_p1_n5,case_012,1,5,frozen_regression,mature,0.0,12786,27648,0.0,0,plans/e4036cf7ad9569c347aa89ecf51248c41973901e1eb877762d52d4b44b5d76d6.json
case_012_p1_n5,case_012,1,5,frozen_regression,mature,0.01,12787,0,7.821054278123185e-05,27648,plans/2ec0e2bd831e25d9f1a13a30b0b734acd86afcca11e799579c7b3aa545883dd9.json
case_012_p1_n5,case_012,1,5,frozen_regression,mature,0.03,12787,0,7.821054278123185e-05,27648,plans/2ec0e2bd831e25d9f1a13a30b0b734acd86afcca11e799579c7b3aa545883dd9.json
case_071_p2_n5,case_071,2,5,existing_regression,legacy,0.0,8779,317298,0.0,0,plans/cf793a8f1905863450c2e3247ec47f24e5c53c625042993da806c945829a894a.json
case_071_p2_n5,case_071,2,5,existing_regression,legacy,0.01,8779,317298,0.0,0,plans/cf793a8f1905863450c2e3247ec47f24e5c53c625042993da806c945829a894a.json
case_071_p2_n5,case_071,2,5,existing_regression,legacy,0.03,8779,317298,0.0,0,plans/cf793a8f1905863450c2e3247ec47f24e5c53c625042993da806c945829a894a.json
case_071_p2_n5,case_071,2,5,existing_regression,persistent,0.0,9296,361586,0.0,0,plans/50c45ec4b549100ac2b1eb43bf6fc579c7482c2c3e58ef45e13c76a000b3879d.json
case_071_p2_n5,case_071,2,5,existing_regression,persistent,0.01,9296,361586,0.0,0,plans/50c45ec4b549100ac2b1eb43bf6fc579c7482c2c3e58ef45e13c76a000b3879d.json
case_071_p2_n5,case_071,2,5,existing_regression,persistent,0.03,9296,361586,0.0,0,plans/50c45ec4b549100ac2b1eb43bf6fc579c7482c2c3e58ef45e13c76a000b3879d.json
case_071_p2_n5,case_071,2,5,existing_regression,mature,0.0,9399,377650,0.0,0,plans/2d990d886c16c21f1a4b046c64af4bbd722f560d2b2c02d5c5ea977be922c071.json
case_071_p2_n5,case_071,2,5,existing_regression,mature,0.01,9399,377650,0.0,0,plans/2d990d886c16c21f1a4b046c64af4bbd722f560d2b2c02d5c5ea977be922c071.json
case_071_p2_n5,case_071,2,5,existing_regression,mature,0.03,9399,377650,0.0,0,plans/2d990d886c16c21f1a4b046c64af4bbd722f560d2b2c02d5c5ea977be922c071.json
case_042_p3_n5,case_042,3,5,frozen_regression,legacy,0.0,343838,14425492,0.0,0,plans/eee706f102b843bb8cb17771864a0fe0e588b15ebd1b2233be59add32ef4e661.json
case_042_p3_n5,case_042,3,5,frozen_regression,legacy,0.01,345717,14415380,0.005464782833776383,10112,plans/db9ff5e99dac0391316f44b92f0de34eecbf638124cdf238285e003803dc21c2.json
case_042_p3_n5,case_042,3,5,frozen_regression,legacy,0.03,353021,10411008,0.026707344737928906,4014484,plans/5e71d58f5cda33c8f2a32d8889eee42ad2d4015f8903b045045038f6218d7d73.json
case_042_p3_n5,case_042,3,5,frozen_regression,persistent,0.0,344200,14417428,0.0,0,plans/194357b6a4b51b65fd9e3d8f6833ce1b79d5a5f35d1451a826330fc1734232d2.json
case_042_p3_n5,case_042,3,5,frozen_regression,persistent,0.01,344527,14267176,0.0009500290528763333,150252,plans/1619b594d73ab2a5690d6cdb45d4549bd3fc9fd8f8ed8430f6a7da3ba29e9b3d.json
case_042_p3_n5,case_042,3,5,frozen_regression,persistent,0.03,353687,9281536,0.027562463683904692,5135892,plans/95dc0a344669bd540787c34fd6a0a8aa815461876ff24e7e16baa393ffd805e5.json
case_042_p3_n5,case_042,3,5,frozen_regression,mature,0.0,347203,8738816,0.0,0,plans/c78f17cbe3b0e6efb15845e933dd727aa1175c859024621fe09bc0810892b89b.json
case_042_p3_n5,case_042,3,5,frozen_regression,mature,0.01,347203,8738816,0.0,0,plans/c78f17cbe3b0e6efb15845e933dd727aa1175c859024621fe09bc0810892b89b.json
case_042_p3_n5,case_042,3,5,frozen_regression,mature,0.03,352395,6324224,0.014953787841694988,2414592,plans/e8f648c13d72df120605bd9d093f55b54f4e058a1bf098ee2779a16427d0a233.json
case_047_p1_n4,case_047,1,4,core_regression,legacy,0.0,177160,3621560,0.0,0,plans/ecb2aa285ef9d361bd7075ead4f7e2176abd2a878e359037b316a571a53bcb4a.json
case_047_p1_n4,case_047,1,4,core_regression,legacy,0.01,178780,3555988,0.0091442763603522,65572,plans/80cefd1e88b575ec4171c589ee7525be9d1d2826061d694e6aa8ddc8bb3f1204.json
case_047_p1_n4,case_047,1,4,core_regression,legacy,0.03,178780,3555988,0.0091442763603522,65572,plans/80cefd1e88b575ec4171c589ee7525be9d1d2826061d694e6aa8ddc8bb3f1204.json
case_047_p1_n4,case_047,1,4,core_regression,persistent,0.0,311363,3358234,0.0,0,plans/c723dee66a9704c9b50d71fec9caf9eb0e3fe70f24f2d5ca58c1479f97319152.json
case_047_p1_n4,case_047,1,4,core_regression,persistent,0.01,311363,3358234,0.0,0,plans/c723dee66a9704c9b50d71fec9caf9eb0e3fe70f24f2d5ca58c1479f97319152.json
case_047_p1_n4,case_047,1,4,core_regression,persistent,0.03,311363,3358234,0.0,0,plans/c723dee66a9704c9b50d71fec9caf9eb0e3fe70f24f2d5ca58c1479f97319152.json
case_047_p1_n4,case_047,1,4,core_regression,mature,0.0,162413,3828672,0.0,0,plans/837e192f4d6d301c4066119bcf280a2875b065b249621fcdfa8e7e1b39ede0eb.json
case_047_p1_n4,case_047,1,4,core_regression,mature,0.01,162413,3828672,0.0,0,plans/837e192f4d6d301c4066119bcf280a2875b065b249621fcdfa8e7e1b39ede0eb.json
case_047_p1_n4,case_047,1,4,core_regression,mature,0.03,164497,3702558,0.012831485164364942,126114,plans/3c59d2fdb03a4c274f2e5980b4c780583e05d1544a5c98522dac3a5d61fd4c8f.json
case_087_p1_n5,case_087,1,5,development,legacy,0.0,879581,31002804,0.0,0,plans/1d446ce0c130715155dc56f65fb61a64819038cffb0f2bb6eed4d850a54eb6c8.json
case_087_p1_n5,case_087,1,5,development,legacy,0.01,879581,31002804,0.0,0,plans/1d446ce0c130715155dc56f65fb61a64819038cffb0f2bb6eed4d850a54eb6c8.json
case_087_p1_n5,case_087,1,5,development,legacy,0.03,902806,29021364,0.02640461765317803,1981440,plans/f588bd9706552718253f2f1eedd7a0755a47d528b3f1c30eebd1d2d105e03d49.json
case_087_p1_n5,case_087,1,5,development,persistent,0.0,835614,32684724,0.0,0,plans/62ff54cc83453a58bcfeeca86c5818ec0df657f3db9ab65cb4472501f6728339.json
case_087_p1_n5,case_087,1,5,development,persistent,0.01,835614,32684724,0.0,0,plans/62ff54cc83453a58bcfeeca86c5818ec0df657f3db9ab65cb4472501f6728339.json
case_087_p1_n5,case_087,1,5,development,persistent,0.03,835614,32684724,0.0,0,plans/62ff54cc83453a58bcfeeca86c5818ec0df657f3db9ab65cb4472501f6728339.json
case_037_p2_n5,case_037,2,5,existing_regression,legacy,0.0,43662,1761280,0.0,0,plans/b24e722afdcbc9388e069bc9b8af60b6aa43a1dd9304f518ab53d4fd1f7dd633.json
case_037_p2_n5,case_037,2,5,existing_regression,legacy,0.01,43662,1761280,0.0,0,plans/b24e722afdcbc9388e069bc9b8af60b6aa43a1dd9304f518ab53d4fd1f7dd633.json
case_037_p2_n5,case_037,2,5,existing_regression,legacy,0.03,43662,1761280,0.0,0,plans/b24e722afdcbc9388e069bc9b8af60b6aa43a1dd9304f518ab53d4fd1f7dd633.json
case_037_p2_n5,case_037,2,5,existing_regression,persistent,0.0,43013,1761280,0.0,0,plans/47bb902741c3110ed3f0d3f072eae5162afebc5f0d4c3c15d7ce7bf4af9bc2fd.json
case_037_p2_n5,case_037,2,5,existing_regression,persistent,0.01,43013,1761280,0.0,0,plans/47bb902741c3110ed3f0d3f072eae5162afebc5f0d4c3c15d7ce7bf4af9bc2fd.json
case_037_p2_n5,case_037,2,5,existing_regression,persistent,0.03,43013,1761280,0.0,0,plans/47bb902741c3110ed3f0d3f072eae5162afebc5f0d4c3c15d7ce7bf4af9bc2fd.json
case_037_p2_n5,case_037,2,5,existing_regression,mature,0.0,43013,778240,0.0,0,plans/4aa7e2d81681ee56802a32a8224932b5ae960a12353369f4a7f1d735b45ec629.json
case_037_p2_n5,case_037,2,5,existing_regression,mature,0.01,43013,778240,0.0,0,plans/4aa7e2d81681ee56802a32a8224932b5ae960a12353369f4a7f1d735b45ec629.json
case_037_p2_n5,case_037,2,5,existing_regression,mature,0.03,43013,778240,0.0,0,plans/4aa7e2d81681ee56802a32a8224932b5ae960a12353369f4a7f1d735b45ec629.json
case_012_p2_n5,case_012,2,5,frozen_regression,legacy,0.0,13127,49536,0.0,0,plans/810d734504290cd92647c2b92ed9a2da4a332d44b7aef5f200b8a8e05768214c.json
case_012_p2_n5,case_012,2,5,frozen_regression,legacy,0.01,13127,49536,0.0,0,plans/810d734504290cd92647c2b92ed9a2da4a332d44b7aef5f200b8a8e05768214c.json
case_012_p2_n5,case_012,2,5,frozen_regression,legacy,0.03,13127,49536,0.0,0,plans/810d734504290cd92647c2b92ed9a2da4a332d44b7aef5f200b8a8e05768214c.json
case_012_p2_n5,case_012,2,5,frozen_regression,persistent,0.0,12954,65920,0.0,0,plans/b6a806ccb09622cce2bad7d452d1eaffe59da1e342b5c48af39c38e86896fba6.json
case_012_p2_n5,case_012,2,5,frozen_regression,persistent,0.01,12954,65920,0.0,0,plans/b6a806ccb09622cce2bad7d452d1eaffe59da1e342b5c48af39c38e86896fba6.json
case_012_p2_n5,case_012,2,5,frozen_regression,persistent,0.03,12954,65920,0.0,0,plans/b6a806ccb09622cce2bad7d452d1eaffe59da1e342b5c48af39c38e86896fba6.json
case_012_p2_n5,case_012,2,5,frozen_regression,mature,0.0,12279,49536,0.0,0,plans/295689f2c0d8888fca27a1a7d53048a57434f4f644d0c699302b64194798f41d.json
case_012_p2_n5,case_012,2,5,frozen_regression,mature,0.01,12279,49536,0.0,0,plans/295689f2c0d8888fca27a1a7d53048a57434f4f644d0c699302b64194798f41d.json
case_012_p2_n5,case_012,2,5,frozen_regression,mature,0.03,12279,49536,0.0,0,plans/295689f2c0d8888fca27a1a7d53048a57434f4f644d0c699302b64194798f41d.json
case_009_p2_n5,case_009,2,5,existing_regression,legacy,0.0,44455,1431902,0.0,0,plans/13b039b198e7d2ee646884a6f101a3dc4e0d97622531b5b9d1a967aa023b03f9.json
case_009_p2_n5,case_009,2,5,existing_regression,legacy,0.01,44455,1431902,0.0,0,plans/13b039b198e7d2ee646884a6f101a3dc4e0d97622531b5b9d1a967aa023b03f9.json
case_009_p2_n5,case_009,2,5,existing_regression,legacy,0.03,44455,1431902,0.0,0,plans/13b039b198e7d2ee646884a6f101a3dc4e0d97622531b5b9d1a967aa023b03f9.json
case_009_p2_n5,case_009,2,5,existing_regression,persistent,0.0,42596,1332918,0.0,0,plans/732f324d3a391235e96410052c26dedbbdae1629326f4c78bb418bb80ae0bb7e.json
case_009_p2_n5,case_009,2,5,existing_regression,persistent,0.01,42596,1332918,0.0,0,plans/732f324d3a391235e96410052c26dedbbdae1629326f4c78bb418bb80ae0bb7e.json
case_009_p2_n5,case_009,2,5,existing_regression,persistent,0.03,42596,1332918,0.0,0,plans/732f324d3a391235e96410052c26dedbbdae1629326f4c78bb418bb80ae0bb7e.json
case_009_p2_n5,case_009,2,5,existing_regression,mature,0.0,42596,1332918,0.0,0,plans/732f324d3a391235e96410052c26dedbbdae1629326f4c78bb418bb80ae0bb7e.json
case_009_p2_n5,case_009,2,5,existing_regression,mature,0.01,42596,1332918,0.0,0,plans/732f324d3a391235e96410052c26dedbbdae1629326f4c78bb418bb80ae0bb7e.json
case_009_p2_n5,case_009,2,5,existing_regression,mature,0.03,42596,1332918,0.0,0,plans/732f324d3a391235e96410052c26dedbbdae1629326f4c78bb418bb80ae0bb7e.json
case_060_p1_n5,case_060,1,5,frozen_regression,legacy,0.0,183430,3628416,0.0,0,plans/b0cc5a75afecb617f88cd5ee64bcfc9cbf01e827627f6057d991cfa84826d1f0.json
case_060_p1_n5,case_060,1,5,frozen_regression,legacy,0.01,183430,3628416,0.0,0,plans/b0cc5a75afecb617f88cd5ee64bcfc9cbf01e827627f6057d991cfa84826d1f0.json
case_060_p1_n5,case_060,1,5,frozen_regression,legacy,0.03,183430,3628416,0.0,0,plans/b0cc5a75afecb617f88cd5ee64bcfc9cbf01e827627f6057d991cfa84826d1f0.json
case_060_p1_n5,case_060,1,5,frozen_regression,persistent,0.0,179213,5589632,0.0,0,plans/e08ae4ab20d79a7c6e48cfcb215cf63ebbf57c7e367b96a2fb20f72cd5506c70.json
case_060_p1_n5,case_060,1,5,frozen_regression,persistent,0.01,179213,5589632,0.0,0,plans/e08ae4ab20d79a7c6e48cfcb215cf63ebbf57c7e367b96a2fb20f72cd5506c70.json
case_060_p1_n5,case_060,1,5,frozen_regression,persistent,0.03,183430,3628416,0.023530659048171643,1961216,plans/b0cc5a75afecb617f88cd5ee64bcfc9cbf01e827627f6057d991cfa84826d1f0.json
case_060_p1_n5,case_060,1,5,frozen_regression,mature,0.0,183430,3628416,0.0,0,plans/b0cc5a75afecb617f88cd5ee64bcfc9cbf01e827627f6057d991cfa84826d1f0.json
case_060_p1_n5,case_060,1,5,frozen_regression,mature,0.01,183430,3628416,0.0,0,plans/b0cc5a75afecb617f88cd5ee64bcfc9cbf01e827627f6057d991cfa84826d1f0.json
case_060_p1_n5,case_060,1,5,frozen_regression,mature,0.03,183430,3628416,0.0,0,plans/b0cc5a75afecb617f88cd5ee64bcfc9cbf01e827627f6057d991cfa84826d1f0.json
case_060_p2_n3,case_060,2,3,core_regression,legacy,0.0,318020,3425536,0.0,0,plans/f18200570598215eaf87449c0cd75a0efaeb7a37e043557dc24962ec658e5e6f.json
case_060_p2_n3,case_060,2,3,core_regression,legacy,0.01,318057,3421440,0.00011634488396961018,4096,plans/a169c56e38fb4300ed2ea98029b1e708c3fa9060f5817ef5c73bddb902232213.json
case_060_p2_n3,case_060,2,3,core_regression,legacy,0.03,318057,3421440,0.00011634488396961018,4096,plans/a169c56e38fb4300ed2ea98029b1e708c3fa9060f5817ef5c73bddb902232213.json
case_060_p2_n3,case_060,2,3,core_regression,persistent,0.0,319994,3840260,0.0,0,plans/1c46b8f9270335cb78b930b4d576c638702e9953f2fb821f6d962ddb84941d8a.json
case_060_p2_n3,case_060,2,3,core_regression,persistent,0.01,321582,3769620,0.004962593048619679,70640,plans/2d3baac76589426abb6bb230fae0db9b88b6a09b9bd733951edcbe058a7d9457.json
case_060_p2_n3,case_060,2,3,core_regression,persistent,0.03,321582,3769620,0.004962593048619679,70640,plans/2d3baac76589426abb6bb230fae0db9b88b6a09b9bd733951edcbe058a7d9457.json
case_060_p2_n3,case_060,2,3,core_regression,mature,0.0,244858,2287748,0.0,0,plans/3d8161d5625deeb71d593387460ffc1d5965632a2b941cab0db454d1d8fb51af.json
case_060_p2_n3,case_060,2,3,core_regression,mature,0.01,244858,2287748,0.0,0,plans/3d8161d5625deeb71d593387460ffc1d5965632a2b941cab0db454d1d8fb51af.json
case_060_p2_n3,case_060,2,3,core_regression,mature,0.03,244858,2287748,0.0,0,plans/3d8161d5625deeb71d593387460ffc1d5965632a2b941cab0db454d1d8fb51af.json
case_049_p3_n5,case_049,3,5,development,legacy,0.0,52472,1778976,0.0,0,plans/f0b00a6ee33d0ea13205f0dbabe9207107e372935b5da78bc747e6a56c532c02.json
case_049_p3_n5,case_049,3,5,development,legacy,0.01,52472,1778976,0.0,0,plans/f0b00a6ee33d0ea13205f0dbabe9207107e372935b5da78bc747e6a56c532c02.json
case_049_p3_n5,case_049,3,5,development,legacy,0.03,52472,1778976,0.0,0,plans/f0b00a6ee33d0ea13205f0dbabe9207107e372935b5da78bc747e6a56c532c02.json
case_049_p3_n5,case_049,3,5,development,persistent,0.0,52489,1782112,0.0,0,plans/0223d62433fb47a5308f280a82612403bfc5d6126fceb504b0dc3eff45fd3a65.json
case_049_p3_n5,case_049,3,5,development,persistent,0.01,52489,1782112,0.0,0,plans/0223d62433fb47a5308f280a82612403bfc5d6126fceb504b0dc3eff45fd3a65.json
case_049_p3_n5,case_049,3,5,development,persistent,0.03,52489,1782112,0.0,0,plans/0223d62433fb47a5308f280a82612403bfc5d6126fceb504b0dc3eff45fd3a65.json
case_049_p3_n5,case_049,3,5,development,mature,0.0,95813,5284936,0.0,0,plans/4eb2daf396db9947d662e9aafba9f51a5ed27458f8d5c05ddfbb1c1c18aaa9cb.json
case_049_p3_n5,case_049,3,5,development,mature,0.01,95813,5284936,0.0,0,plans/4eb2daf396db9947d662e9aafba9f51a5ed27458f8d5c05ddfbb1c1c18aaa9cb.json
case_049_p3_n5,case_049,3,5,development,mature,0.03,95813,5284936,0.0,0,plans/4eb2daf396db9947d662e9aafba9f51a5ed27458f8d5c05ddfbb1c1c18aaa9cb.json
case_023_p2_n5,case_023,2,5,existing_regression,legacy,0.0,18864,277920,0.0,0,plans/52c763a3fba93cb128733f39b00a5f75fdbd7c22cd434501a4e39a7d2eadf70d.json
case_023_p2_n5,case_023,2,5,existing_regression,legacy,0.01,18864,277920,0.0,0,plans/52c763a3fba93cb128733f39b00a5f75fdbd7c22cd434501a4e39a7d2eadf70d.json
case_023_p2_n5,case_023,2,5,existing_regression,legacy,0.03,18864,277920,0.0,0,plans/52c763a3fba93cb128733f39b00a5f75fdbd7c22cd434501a4e39a7d2eadf70d.json
case_023_p2_n5,case_023,2,5,existing_regression,persistent,0.0,17694,280992,0.0,0,plans/aa419f2cabd50dc4e40fb3797195d3e2b652aea3b9de413323c89155bd90f98d.json
case_023_p2_n5,case_023,2,5,existing_regression,persistent,0.01,17694,280992,0.0,0,plans/aa419f2cabd50dc4e40fb3797195d3e2b652aea3b9de413323c89155bd90f98d.json
case_023_p2_n5,case_023,2,5,existing_regression,persistent,0.03,17694,280992,0.0,0,plans/aa419f2cabd50dc4e40fb3797195d3e2b652aea3b9de413323c89155bd90f98d.json
case_023_p2_n5,case_023,2,5,existing_regression,mature,0.0,17694,280992,0.0,0,plans/aa419f2cabd50dc4e40fb3797195d3e2b652aea3b9de413323c89155bd90f98d.json
case_023_p2_n5,case_023,2,5,existing_regression,mature,0.01,17694,280992,0.0,0,plans/aa419f2cabd50dc4e40fb3797195d3e2b652aea3b9de413323c89155bd90f98d.json
case_023_p2_n5,case_023,2,5,existing_regression,mature,0.03,17694,280992,0.0,0,plans/aa419f2cabd50dc4e40fb3797195d3e2b652aea3b9de413323c89155bd90f98d.json
case_060_p1_n4,case_060,1,4,core_regression,legacy,0.0,222248,5581056,0.0,0,plans/3f6455f60375321da9a4cbb5e759320ef162a420d66a988ab85d61bd4d355e1a.json
case_060_p1_n4,case_060,1,4,core_regression,legacy,0.01,223617,3696904,0.006159785464886047,1884152,plans/261993e5771422652bf9cc65ef54e6deeef03ebc61918665b0d527c484a1536f.json
case_060_p1_n4,case_060,1,4,core_regression,legacy,0.03,223617,3696904,0.006159785464886047,1884152,plans/261993e5771422652bf9cc65ef54e6deeef03ebc61918665b0d527c484a1536f.json
case_060_p1_n4,case_060,1,4,core_regression,persistent,0.0,225343,6953344,0.0,0,plans/a614458d988023f4f4ef3cb50fd4cc472728cca63bb3bef1f7bac017c7745104.json
case_060_p1_n4,case_060,1,4,core_regression,persistent,0.01,226865,3927304,0.0067541481208646115,3026040,plans/312faf36eb0fcd8db3df11d1c21a10e397fb1bf844018bb2900dac985ad7fc28.json
case_060_p1_n4,case_060,1,4,core_regression,persistent,0.03,226865,3927304,0.0067541481208646115,3026040,plans/312faf36eb0fcd8db3df11d1c21a10e397fb1bf844018bb2900dac985ad7fc28.json
case_060_p1_n4,case_060,1,4,core_regression,mature,0.0,226171,4825344,0.0,0,plans/4ef124121d0475ee498a41c186085a8dc4372dd2a866ab4f6d2f348c32e33714.json
case_060_p1_n4,case_060,1,4,core_regression,mature,0.01,226937,3731712,0.003386817938639375,1093632,plans/03210f26dfc2f86c3c85ffcc3875c26d46a3f79e09e0000d4d6e2533efb5276d.json
case_060_p1_n4,case_060,1,4,core_regression,mature,0.03,226937,3731712,0.003386817938639375,1093632,plans/03210f26dfc2f86c3c85ffcc3875c26d46a3f79e09e0000d4d6e2533efb5276d.json
case_001_p3_n5,case_001,3,5,existing_regression,legacy,0.0,47502,4608,0.0,0,plans/811c489eb7d6113f0afaa4b601c2327b28ff85d87c97f113bb17239be950b2e6.json
case_001_p3_n5,case_001,3,5,existing_regression,legacy,0.01,47502,4608,0.0,0,plans/811c489eb7d6113f0afaa4b601c2327b28ff85d87c97f113bb17239be950b2e6.json
case_001_p3_n5,case_001,3,5,existing_regression,legacy,0.03,47502,4608,0.0,0,plans/811c489eb7d6113f0afaa4b601c2327b28ff85d87c97f113bb17239be950b2e6.json
case_001_p3_n5,case_001,3,5,existing_regression,persistent,0.0,47502,4608,0.0,0,plans/811c489eb7d6113f0afaa4b601c2327b28ff85d87c97f113bb17239be950b2e6.json
case_001_p3_n5,case_001,3,5,existing_regression,persistent,0.01,47502,4608,0.0,0,plans/811c489eb7d6113f0afaa4b601c2327b28ff85d87c97f113bb17239be950b2e6.json
case_001_p3_n5,case_001,3,5,existing_regression,persistent,0.03,47502,4608,0.0,0,plans/811c489eb7d6113f0afaa4b601c2327b28ff85d87c97f113bb17239be950b2e6.json
case_001_p3_n5,case_001,3,5,existing_regression,mature,0.0,47502,4608,0.0,0,plans/811c489eb7d6113f0afaa4b601c2327b28ff85d87c97f113bb17239be950b2e6.json
case_001_p3_n5,case_001,3,5,existing_regression,mature,0.01,47502,4608,0.0,0,plans/811c489eb7d6113f0afaa4b601c2327b28ff85d87c97f113bb17239be950b2e6.json
case_001_p3_n5,case_001,3,5,existing_regression,mature,0.03,47502,4608,0.0,0,plans/811c489eb7d6113f0afaa4b601c2327b28ff85d87c97f113bb17239be950b2e6.json
case_019_p3_n5,case_019,3,5,development,legacy,0.0,15394,789864,0.0,0,plans/ebd9947997a823b3bbe840f9d59450c538f4759df3dcb3774187f92b00c92471.json
case_019_p3_n5,case_019,3,5,development,legacy,0.01,15443,762472,0.0031830583344159002,27392,plans/4f60bbac0d945b0d37e1c9b0b4411585e4b2cae14a7b6d29f1fedb836bc56ca2.json
case_019_p3_n5,case_019,3,5,development,legacy,0.03,15443,762472,0.0031830583344159002,27392,plans/4f60bbac0d945b0d37e1c9b0b4411585e4b2cae14a7b6d29f1fedb836bc56ca2.json
case_019_p3_n5,case_019,3,5,development,persistent,0.0,15463,799852,0.0,0,plans/a518e17bab01846b3ede97d795c40a01d64e8725caed168720d24e1cd242e676.json
case_019_p3_n5,case_019,3,5,development,persistent,0.01,15463,799852,0.0,0,plans/a518e17bab01846b3ede97d795c40a01d64e8725caed168720d24e1cd242e676.json
case_019_p3_n5,case_019,3,5,development,persistent,0.03,15463,799852,0.0,0,plans/a518e17bab01846b3ede97d795c40a01d64e8725caed168720d24e1cd242e676.json
case_019_p3_n5,case_019,3,5,development,mature,0.0,22206,80224,0.0,0,plans/adf2a40e409992dfdeb74bc07791531d083d46d76370fcd55381b79e8f91634f.json
case_019_p3_n5,case_019,3,5,development,mature,0.01,22206,80224,0.0,0,plans/adf2a40e409992dfdeb74bc07791531d083d46d76370fcd55381b79e8f91634f.json
case_019_p3_n5,case_019,3,5,development,mature,0.03,22206,80224,0.0,0,plans/adf2a40e409992dfdeb74bc07791531d083d46d76370fcd55381b79e8f91634f.json
case_060_p3_n5,case_060,3,5,frozen_regression,legacy,0.0,156673,3595652,0.0,0,plans/4028c4e0603fb3090850a80ce77caa550d42c182a979499db1e8a70a86a1fc49.json
case_060_p3_n5,case_060,3,5,frozen_regression,legacy,0.01,157129,3587460,0.0029105206385273696,8192,plans/fada40ebef41c976221ecd2790d04738b13555bc2f5930cd8feb0d361b970931.json
case_060_p3_n5,case_060,3,5,frozen_regression,legacy,0.03,157129,3587460,0.0029105206385273696,8192,plans/fada40ebef41c976221ecd2790d04738b13555bc2f5930cd8feb0d361b970931.json
case_060_p3_n5,case_060,3,5,frozen_regression,persistent,0.0,158892,3620240,0.0,0,plans/9447941327b44932964c556afc990ca9288cefc915d63737ae8a2ed4f4f66425.json
case_060_p3_n5,case_060,3,5,frozen_regression,persistent,0.01,159995,3554704,0.006941822118168295,65536,plans/d236ebd18c6eb3f220b06d61679aa3c9eba89e8d24a11d86f79156fa6e228645.json
case_060_p3_n5,case_060,3,5,frozen_regression,persistent,0.03,159995,3554704,0.006941822118168295,65536,plans/d236ebd18c6eb3f220b06d61679aa3c9eba89e8d24a11d86f79156fa6e228645.json
case_060_p3_n5,case_060,3,5,frozen_regression,mature,0.0,158821,3588480,0.0,0,plans/76f298c5aa192d3974f66f85f95a096dc32ee6f1fd2959ad52f4b36a7c755262.json
case_060_p3_n5,case_060,3,5,frozen_regression,mature,0.01,158821,3588480,0.0,0,plans/76f298c5aa192d3974f66f85f95a096dc32ee6f1fd2959ad52f4b36a7c755262.json
case_060_p3_n5,case_060,3,5,frozen_regression,mature,0.03,158821,3588480,0.0,0,plans/76f298c5aa192d3974f66f85f95a096dc32ee6f1fd2959ad52f4b36a7c755262.json
case_060_p3_n1,case_060,3,1,core_regression,legacy,0.0,731670,2064512,0.0,0,plans/192309ebec0fda4c48e78d863331208d1b792e4d1696f895c348aacc112df8d1.json
case_060_p3_n1,case_060,3,1,core_regression,legacy,0.01,735096,1949824,0.00468243880437913,114688,plans/f90656bee0ee84564bd654a9f1b853363f935bfa90946549225e4beb0aad701e.json
case_060_p3_n1,case_060,3,1,core_regression,legacy,0.03,751693,1922176,0.02736616234094602,142336,plans/184fb2385aebba399ecec67d62b09800312e11d6a54014a3cfbe078458cc7e8f.json
case_060_p3_n1,case_060,3,1,core_regression,persistent,0.0,731670,2064512,0.0,0,plans/192309ebec0fda4c48e78d863331208d1b792e4d1696f895c348aacc112df8d1.json
case_060_p3_n1,case_060,3,1,core_regression,persistent,0.01,731670,2064512,0.0,0,plans/192309ebec0fda4c48e78d863331208d1b792e4d1696f895c348aacc112df8d1.json
case_060_p3_n1,case_060,3,1,core_regression,persistent,0.03,731670,2064512,0.0,0,plans/192309ebec0fda4c48e78d863331208d1b792e4d1696f895c348aacc112df8d1.json
case_060_p3_n1,case_060,3,1,core_regression,mature,0.0,727120,2259072,0.0,0,plans/e104042897f5fd3b906bca7c55fc11210f9ab17ae54820603d0efeeddf0a8638.json
case_060_p3_n1,case_060,3,1,core_regression,mature,0.01,729321,1792128,0.003027010672241204,466944,plans/5dd50786da1659f36626975dea87f29ab1c07ff82e511bbf48a6b82b41270c03.json
case_060_p3_n1,case_060,3,1,core_regression,mature,0.03,729321,1792128,0.003027010672241204,466944,plans/5dd50786da1659f36626975dea87f29ab1c07ff82e511bbf48a6b82b41270c03.json
case_047_p2_n2,case_047,2,2,core_regression,legacy,0.0,150181,903430,0.0,0,plans/7dbabae27b890626f390df1207b9fc6b8af62d122194f15799c13f4fd00e2ffc.json
case_047_p2_n2,case_047,2,2,core_regression,legacy,0.01,150531,902790,0.0023305211711202034,640,plans/a4ed8288c94806de0490c70a7c7265612b4efb407f7061938015c3570fccce11.json
case_047_p2_n2,case_047,2,2,core_regression,legacy,0.03,150531,902790,0.0023305211711202034,640,plans/a4ed8288c94806de0490c70a7c7265612b4efb407f7061938015c3570fccce11.json
case_047_p2_n2,case_047,2,2,core_regression,persistent,0.0,150503,902822,0.0,0,plans/861feebd14398c23e7819026e664f7c2ca135384892c3476b88a01a908d6de26.json
case_047_p2_n2,case_047,2,2,core_regression,persistent,0.01,150531,902790,0.00018604280313350152,32,plans/a4ed8288c94806de0490c70a7c7265612b4efb407f7061938015c3570fccce11.json
case_047_p2_n2,case_047,2,2,core_regression,persistent,0.03,150531,902790,0.00018604280313350152,32,plans/a4ed8288c94806de0490c70a7c7265612b4efb407f7061938015c3570fccce11.json
case_047_p2_n2,case_047,2,2,core_regression,mature,0.0,155794,763014,0.0,0,plans/19f1c56b03ed54609c944f2bbe86193537c85d66271e64534ba6384769a6509a.json
case_047_p2_n2,case_047,2,2,core_regression,mature,0.01,155794,763014,0.0,0,plans/19f1c56b03ed54609c944f2bbe86193537c85d66271e64534ba6384769a6509a.json
case_047_p2_n2,case_047,2,2,core_regression,mature,0.03,155794,763014,0.0,0,plans/19f1c56b03ed54609c944f2bbe86193537c85d66271e64534ba6384769a6509a.json
case_066_p2_n5,case_066,2,5,development,legacy,0.0,89276,3267848,0.0,0,plans/929407bb7bffb1aaa3562570a8409bb36573b99030c8605ffc1caa5371450c67.json
case_066_p2_n5,case_066,2,5,development,legacy,0.01,89319,3267832,0.00048165240378161833,16,plans/c95cc491dbf0746de0ced9b77993b5f2a4ee846f5d268a0b77552730e29f48f8.json
case_066_p2_n5,case_066,2,5,development,legacy,0.03,89319,3267832,0.00048165240378161833,16,plans/c95cc491dbf0746de0ced9b77993b5f2a4ee846f5d268a0b77552730e29f48f8.json
case_066_p2_n5,case_066,2,5,development,persistent,0.0,89276,3267848,0.0,0,plans/929407bb7bffb1aaa3562570a8409bb36573b99030c8605ffc1caa5371450c67.json
case_066_p2_n5,case_066,2,5,development,persistent,0.01,89276,3267848,0.0,0,plans/929407bb7bffb1aaa3562570a8409bb36573b99030c8605ffc1caa5371450c67.json
case_066_p2_n5,case_066,2,5,development,persistent,0.03,89276,3267848,0.0,0,plans/929407bb7bffb1aaa3562570a8409bb36573b99030c8605ffc1caa5371450c67.json
case_066_p2_n5,case_066,2,5,development,mature,0.0,143083,6000546,0.0,0,plans/83c3bc55b9f5dfab4e0c202480b98971f326edca50c810313ff2494621a04abc.json
case_066_p2_n5,case_066,2,5,development,mature,0.01,143083,6000546,0.0,0,plans/83c3bc55b9f5dfab4e0c202480b98971f326edca50c810313ff2494621a04abc.json
case_066_p2_n5,case_066,2,5,development,mature,0.03,143083,6000546,0.0,0,plans/83c3bc55b9f5dfab4e0c202480b98971f326edca50c810313ff2494621a04abc.json
case_001_p2_n5,case_001,2,5,existing_regression,legacy,0.0,47502,4608,0.0,0,plans/811c489eb7d6113f0afaa4b601c2327b28ff85d87c97f113bb17239be950b2e6.json
case_001_p2_n5,case_001,2,5,existing_regression,legacy,0.01,47502,4608,0.0,0,plans/811c489eb7d6113f0afaa4b601c2327b28ff85d87c97f113bb17239be950b2e6.json
case_001_p2_n5,case_001,2,5,existing_regression,legacy,0.03,47502,4608,0.0,0,plans/811c489eb7d6113f0afaa4b601c2327b28ff85d87c97f113bb17239be950b2e6.json
case_001_p2_n5,case_001,2,5,existing_regression,persistent,0.0,47502,4608,0.0,0,plans/811c489eb7d6113f0afaa4b601c2327b28ff85d87c97f113bb17239be950b2e6.json
case_001_p2_n5,case_001,2,5,existing_regression,persistent,0.01,47502,4608,0.0,0,plans/811c489eb7d6113f0afaa4b601c2327b28ff85d87c97f113bb17239be950b2e6.json
case_001_p2_n5,case_001,2,5,existing_regression,persistent,0.03,47502,4608,0.0,0,plans/811c489eb7d6113f0afaa4b601c2327b28ff85d87c97f113bb17239be950b2e6.json
case_001_p2_n5,case_001,2,5,existing_regression,mature,0.0,47502,4608,0.0,0,plans/811c489eb7d6113f0afaa4b601c2327b28ff85d87c97f113bb17239be950b2e6.json
case_001_p2_n5,case_001,2,5,existing_regression,mature,0.01,47502,4608,0.0,0,plans/811c489eb7d6113f0afaa4b601c2327b28ff85d87c97f113bb17239be950b2e6.json
case_001_p2_n5,case_001,2,5,existing_regression,mature,0.03,47502,4608,0.0,0,plans/811c489eb7d6113f0afaa4b601c2327b28ff85d87c97f113bb17239be950b2e6.json
case_042_p2_n5,case_042,2,5,frozen_regression,legacy,0.0,349243,14417428,0.0,0,plans/194357b6a4b51b65fd9e3d8f6833ce1b79d5a5f35d1451a826330fc1734232d2.json
case_042_p2_n5,case_042,2,5,frozen_regression,legacy,0.01,351755,14402452,0.00719269963893332,14976,plans/f963b050468a45e2e112ddab20bb21bb32f9d73f55b10c327fd8584b922233f7.json
case_042_p2_n5,case_042,2,5,frozen_regression,legacy,0.03,351755,14402452,0.00719269963893332,14976,plans/f963b050468a45e2e112ddab20bb21bb32f9d73f55b10c327fd8584b922233f7.json
case_042_p2_n5,case_042,2,5,frozen_regression,persistent,0.0,346660,14267176,0.0,0,plans/1619b594d73ab2a5690d6cdb45d4549bd3fc9fd8f8ed8430f6a7da3ba29e9b3d.json
case_042_p2_n5,case_042,2,5,frozen_regression,persistent,0.01,349099,14267172,0.007035712225235136,4,plans/7ff6e5928828d46b9af0023f3c0606308cd612ff5aa64b45c63a3712444fc3f7.json
case_042_p2_n5,case_042,2,5,frozen_regression,persistent,0.03,349099,14267172,0.007035712225235136,4,plans/7ff6e5928828d46b9af0023f3c0606308cd612ff5aa64b45c63a3712444fc3f7.json
case_042_p2_n5,case_042,2,5,frozen_regression,mature,0.0,349483,8738816,0.0,0,plans/c78f17cbe3b0e6efb15845e933dd727aa1175c859024621fe09bc0810892b89b.json
case_042_p2_n5,case_042,2,5,frozen_regression,mature,0.01,349483,8738816,0.0,0,plans/c78f17cbe3b0e6efb15845e933dd727aa1175c859024621fe09bc0810892b89b.json
case_042_p2_n5,case_042,2,5,frozen_regression,mature,0.03,358905,6982656,0.026959823510728675,1756160,plans/1851cb0a43b9fd6c51a6e204f8aac585ee50efdcb81792bc6d8fe5469660eee5.json
case_042_p1_n5,case_042,1,5,frozen_regression,legacy,0.0,339472,11736192,0.0,0,plans/8bb06b2999fad9b5ca66790e3d21231d0bb32a61af0234ebfa30c3f6b3c32056.json
case_042_p1_n5,case_042,1,5,frozen_regression,legacy,0.01,342220,10187904,0.008094923881792893,1548288,plans/e1597b6f56bb6c393b6b302cae38f8c9e6a329e51a63f07b1d6a996c2bd93b25.json
case_042_p1_n5,case_042,1,5,frozen_regression,legacy,0.03,342220,10187904,0.008094923881792893,1548288,plans/e1597b6f56bb6c393b6b302cae38f8c9e6a329e51a63f07b1d6a996c2bd93b25.json
case_042_p1_n5,case_042,1,5,frozen_regression,persistent,0.0,342220,10187904,0.0,0,plans/e1597b6f56bb6c393b6b302cae38f8c9e6a329e51a63f07b1d6a996c2bd93b25.json
case_042_p1_n5,case_042,1,5,frozen_regression,persistent,0.01,342220,10187904,0.0,0,plans/e1597b6f56bb6c393b6b302cae38f8c9e6a329e51a63f07b1d6a996c2bd93b25.json
case_042_p1_n5,case_042,1,5,frozen_regression,persistent,0.03,342220,10187904,0.0,0,plans/e1597b6f56bb6c393b6b302cae38f8c9e6a329e51a63f07b1d6a996c2bd93b25.json
case_042_p1_n5,case_042,1,5,frozen_regression,mature,0.0,335169,11692896,0.0,0,plans/4bf389e593f68d1046f811550fd036cf93b78a5a98571322ea6dbcb1f0c81a50.json
case_042_p1_n5,case_042,1,5,frozen_regression,mature,0.01,335169,11692896,0.0,0,plans/4bf389e593f68d1046f811550fd036cf93b78a5a98571322ea6dbcb1f0c81a50.json
case_042_p1_n5,case_042,1,5,frozen_regression,mature,0.03,335169,11692896,0.0,0,plans/4bf389e593f68d1046f811550fd036cf93b78a5a98571322ea6dbcb1f0c81a50.json
case_047_p3_n5,case_047,3,5,frozen_regression,legacy,0.0,83320,2648760,0.0,0,plans/e15e2c99025b0419f328de6ef0634f579e90a59c1c83ab82b468badc5ccb5716.json
case_047_p3_n5,case_047,3,5,frozen_regression,legacy,0.01,83336,2640056,0.00019203072491591477,8704,plans/711379572a2609c1dc87c9d1a08ef3914cb96f62c53a5b65ed4698f95ca731e1.json
case_047_p3_n5,case_047,3,5,frozen_regression,legacy,0.03,83336,2640056,0.00019203072491591477,8704,plans/711379572a2609c1dc87c9d1a08ef3914cb96f62c53a5b65ed4698f95ca731e1.json
case_047_p3_n5,case_047,3,5,frozen_regression,persistent,0.0,83346,2651832,0.0,0,plans/4332b953c56fedf74465287f6755d15afbbb6b9847f5057a9647b6a1576c7bec.json
case_047_p3_n5,case_047,3,5,frozen_regression,persistent,0.01,83512,2644664,0.001991697262016201,7168,plans/1b8bceeb283067086b367b3d80936d91f90f943af3596bf8d31e3520e2cbe612.json
case_047_p3_n5,case_047,3,5,frozen_regression,persistent,0.03,83512,2644664,0.001991697262016201,7168,plans/1b8bceeb283067086b367b3d80936d91f90f943af3596bf8d31e3520e2cbe612.json
case_047_p3_n5,case_047,3,5,frozen_regression,mature,0.0,83861,2696024,0.0,0,plans/d0e1cf20911921ad8ce4e34dbcd7b98b82f29baddfa31cea8eb49b33f0aaef33.json
case_047_p3_n5,case_047,3,5,frozen_regression,mature,0.01,83861,2696024,0.0,0,plans/d0e1cf20911921ad8ce4e34dbcd7b98b82f29baddfa31cea8eb49b33f0aaef33.json
case_047_p3_n5,case_047,3,5,frozen_regression,mature,0.03,83861,2696024,0.0,0,plans/d0e1cf20911921ad8ce4e34dbcd7b98b82f29baddfa31cea8eb49b33f0aaef33.json
case_009_p3_n5,case_009,3,5,existing_regression,legacy,0.0,41878,1410854,0.0,0,plans/55f8f327c3dea82cfc6e9d9baaaaae7400e754095ebd8376f225040700b52b7a.json
case_009_p3_n5,case_009,3,5,existing_regression,legacy,0.01,41878,1410854,0.0,0,plans/55f8f327c3dea82cfc6e9d9baaaaae7400e754095ebd8376f225040700b52b7a.json
case_009_p3_n5,case_009,3,5,existing_regression,legacy,0.03,41878,1410854,0.0,0,plans/55f8f327c3dea82cfc6e9d9baaaaae7400e754095ebd8376f225040700b52b7a.json
case_009_p3_n5,case_009,3,5,existing_regression,persistent,0.0,38231,1319094,0.0,0,plans/50e0dca904aadac5c8f4c51b8693242a9710d0b7de38e31c74725113eded5c52.json
case_009_p3_n5,case_009,3,5,existing_regression,persistent,0.01,38231,1319094,0.0,0,plans/50e0dca904aadac5c8f4c51b8693242a9710d0b7de38e31c74725113eded5c52.json
case_009_p3_n5,case_009,3,5,existing_regression,persistent,0.03,38231,1319094,0.0,0,plans/50e0dca904aadac5c8f4c51b8693242a9710d0b7de38e31c74725113eded5c52.json
case_009_p3_n5,case_009,3,5,existing_regression,mature,0.0,37274,1327286,0.0,0,plans/466ec3afb693248d5f918cb8877998937a7b7d85102e370f56fcf12a1acbc21f.json
case_009_p3_n5,case_009,3,5,existing_regression,mature,0.01,37274,1327286,0.0,0,plans/466ec3afb693248d5f918cb8877998937a7b7d85102e370f56fcf12a1acbc21f.json
case_009_p3_n5,case_009,3,5,existing_regression,mature,0.03,37274,1327286,0.0,0,plans/466ec3afb693248d5f918cb8877998937a7b7d85102e370f56fcf12a1acbc21f.json
case_062_p1_n5,case_062,1,5,development,legacy,0.0,1710478,87960576,0.0,0,plans/3922c32c568413ed368a65292104810d384308dfa4460b48b13afca0caa35536.json
case_062_p1_n5,case_062,1,5,development,legacy,0.01,1724028,87312384,0.007921762220852946,648192,plans/50fb79c14f14243f3055ed0d2ff7f0fa1e731611e2bced13ee02bced6eb4873b.json
case_062_p1_n5,case_062,1,5,development,legacy,0.03,1724028,87312384,0.007921762220852946,648192,plans/50fb79c14f14243f3055ed0d2ff7f0fa1e731611e2bced13ee02bced6eb4873b.json
case_062_p1_n5,case_062,1,5,development,persistent,0.0,1563377,78486528,0.0,0,plans/1b7c46d4b8a101dc2c368a8df42e509770d29e25943670045fb86990bf1d9a5f.json
case_062_p1_n5,case_062,1,5,development,persistent,0.01,1563377,78486528,0.0,0,plans/1b7c46d4b8a101dc2c368a8df42e509770d29e25943670045fb86990bf1d9a5f.json
case_062_p1_n5,case_062,1,5,development,persistent,0.03,1563377,78486528,0.0,0,plans/1b7c46d4b8a101dc2c368a8df42e509770d29e25943670045fb86990bf1d9a5f.json
case_062_p1_n5,case_062,1,5,development,mature,0.0,740813,23488512,0.0,0,plans/1731495dfab8e7514ce37eb852ede9edd3e4e3ec1201e23954ae2206f7faeb3b.json
case_062_p1_n5,case_062,1,5,development,mature,0.01,740813,23488512,0.0,0,plans/1731495dfab8e7514ce37eb852ede9edd3e4e3ec1201e23954ae2206f7faeb3b.json
case_062_p1_n5,case_062,1,5,development,mature,0.03,740813,23488512,0.0,0,plans/1731495dfab8e7514ce37eb852ede9edd3e4e3ec1201e23954ae2206f7faeb3b.json
case_050_p3_n5,case_050,3,5,development,legacy,0.0,34824,1473120,0.0,0,plans/62dc3154a03328d688f6ee004cfde725e3988e1cafc4625e226eb27b1a70f15f.json
case_050_p3_n5,case_050,3,5,development,legacy,0.01,34910,1456740,0.0024695612221456997,16380,plans/7946c0a2ec5340d7768746c023580423c26afc9406635577243064ba5ef438e8.json
case_050_p3_n5,case_050,3,5,development,legacy,0.03,34910,1456740,0.0024695612221456997,16380,plans/7946c0a2ec5340d7768746c023580423c26afc9406635577243064ba5ef438e8.json
case_050_p3_n5,case_050,3,5,development,persistent,0.0,34788,1481220,0.0,0,plans/2814d2bb198487bc714ed5e11a148f6454a22161b81c4df3da6a87abe3062c22.json
case_050_p3_n5,case_050,3,5,development,persistent,0.01,34788,1481220,0.0,0,plans/2814d2bb198487bc714ed5e11a148f6454a22161b81c4df3da6a87abe3062c22.json
case_050_p3_n5,case_050,3,5,development,persistent,0.03,34788,1481220,0.0,0,plans/2814d2bb198487bc714ed5e11a148f6454a22161b81c4df3da6a87abe3062c22.json
case_050_p3_n5,case_050,3,5,development,mature,0.0,96617,16128,0.0,0,plans/f9059cec3aa7024df7bba8fe0818e1e28ee8f7875a04872580aba24166cb7db3.json
case_050_p3_n5,case_050,3,5,development,mature,0.01,96617,16128,0.0,0,plans/f9059cec3aa7024df7bba8fe0818e1e28ee8f7875a04872580aba24166cb7db3.json
case_050_p3_n5,case_050,3,5,development,mature,0.03,96617,16128,0.0,0,plans/f9059cec3aa7024df7bba8fe0818e1e28ee8f7875a04872580aba24166cb7db3.json
case_050_p2_n5,case_050,2,5,development,legacy,0.0,38837,1481220,0.0,0,plans/90ac2fd20b6c0c71200f0bbe2ae40203c6a20aca3ec6957687288548c394569c.json
case_050_p2_n5,case_050,2,5,development,legacy,0.01,38862,1456740,0.000643716043978726,24480,plans/c2cafc45a62c684600b1a76e8ee0dc45019411896c85f4423a4b71635c7cc57c.json
case_050_p2_n5,case_050,2,5,development,legacy,0.03,38862,1456740,0.000643716043978726,24480,plans/c2cafc45a62c684600b1a76e8ee0dc45019411896c85f4423a4b71635c7cc57c.json
case_050_p2_n5,case_050,2,5,development,persistent,0.0,38837,1481220,0.0,0,plans/90ac2fd20b6c0c71200f0bbe2ae40203c6a20aca3ec6957687288548c394569c.json
case_050_p2_n5,case_050,2,5,development,persistent,0.01,38916,1456628,0.0020341426989727296,24592,plans/006c99be0e10448e3ce1061d708a8cc1ec32ff2c6a624286efc946ce83171408.json
case_050_p2_n5,case_050,2,5,development,persistent,0.03,38916,1456628,0.0020341426989727296,24592,plans/006c99be0e10448e3ce1061d708a8cc1ec32ff2c6a624286efc946ce83171408.json
case_050_p2_n5,case_050,2,5,development,mature,0.0,96590,13824,0.0,0,plans/63f4d5ddc46694ecdf9d6988ade95dfbccee5a3d1d4a795475d8ca7c8662f7e0.json
case_050_p2_n5,case_050,2,5,development,mature,0.01,96590,13824,0.0,0,plans/63f4d5ddc46694ecdf9d6988ade95dfbccee5a3d1d4a795475d8ca7c8662f7e0.json
case_050_p2_n5,case_050,2,5,development,mature,0.03,96590,13824,0.0,0,plans/63f4d5ddc46694ecdf9d6988ade95dfbccee5a3d1d4a795475d8ca7c8662f7e0.json
case_035_p3_n5,case_035,3,5,development,legacy,0.0,40174,1132564,0.0,0,plans/b3900800b26fffc69b0af0b2b507d91b9156bb318ee80515aef0067b2670dc17.json
case_035_p3_n5,case_035,3,5,development,legacy,0.01,40303,1126424,0.003211032010753234,6140,plans/91bea5e3cac0ed494a8b69404ae57eb9f49a8a48c27e665be7abf320d470de1b.json
case_035_p3_n5,case_035,3,5,development,legacy,0.03,40719,1112074,0.013565987952407044,20490,plans/ba7939ca8deac05394f26ce3620a703fe3e8856affc159094a1e1b9ec4e59b95.json
case_035_p3_n5,case_035,3,5,development,persistent,0.0,40353,1130532,0.0,0,plans/d6bf0bae57c4697ed5b05d4751b609fc5b282130ab14c52a886ecf2f014f0394.json
case_035_p3_n5,case_035,3,5,development,persistent,0.01,40353,1130532,0.0,0,plans/d6bf0bae57c4697ed5b05d4751b609fc5b282130ab14c52a886ecf2f014f0394.json
case_035_p3_n5,case_035,3,5,development,persistent,0.03,40353,1130532,0.0,0,plans/d6bf0bae57c4697ed5b05d4751b609fc5b282130ab14c52a886ecf2f014f0394.json
case_035_p3_n5,case_035,3,5,development,mature,0.0,40778,1130532,0.0,0,plans/00a42463894648589a3e2949a5e0b85e05b328ad3af558a38c31b66d59dc0e0a.json
case_035_p3_n5,case_035,3,5,development,mature,0.01,40778,1130532,0.0,0,plans/00a42463894648589a3e2949a5e0b85e05b328ad3af558a38c31b66d59dc0e0a.json
case_035_p3_n5,case_035,3,5,development,mature,0.03,40778,1130532,0.0,0,plans/00a42463894648589a3e2949a5e0b85e05b328ad3af558a38c31b66d59dc0e0a.json
case_053_p2_n5,case_053,2,5,existing_regression,legacy,0.0,344470,10036070,0.0,0,plans/929d424979c2ff47c84637cc1c663cfe425767762062a91246f4f10f66762251.json
case_053_p2_n5,case_053,2,5,existing_regression,legacy,0.01,344470,10036070,0.0,0,plans/929d424979c2ff47c84637cc1c663cfe425767762062a91246f4f10f66762251.json
case_053_p2_n5,case_053,2,5,existing_regression,legacy,0.03,349605,9979366,0.014906958515981117,56704,plans/8661dcb10c96c585925a94c63ba72bbe852b3896a56e5ebd30abc5880371ee60.json
case_053_p2_n5,case_053,2,5,existing_regression,persistent,0.0,345963,10044262,0.0,0,plans/1a221f824a6412dc74ff29a0e9d5e5f9b7068f4e60fe4f386a26e5db4741ff36.json
case_053_p2_n5,case_053,2,5,existing_regression,persistent,0.01,345963,10044262,0.0,0,plans/1a221f824a6412dc74ff29a0e9d5e5f9b7068f4e60fe4f386a26e5db4741ff36.json
case_053_p2_n5,case_053,2,5,existing_regression,persistent,0.03,345963,10044262,0.0,0,plans/1a221f824a6412dc74ff29a0e9d5e5f9b7068f4e60fe4f386a26e5db4741ff36.json
case_053_p2_n5,case_053,2,5,existing_regression,mature,0.0,374457,3247692,0.0,0,plans/f97ef2fe0e4f32ddbe897621aaa8b9306df0e35ded4fcfbd87dcf4ce7a479805.json
case_053_p2_n5,case_053,2,5,existing_regression,mature,0.01,374457,3247692,0.0,0,plans/f97ef2fe0e4f32ddbe897621aaa8b9306df0e35ded4fcfbd87dcf4ce7a479805.json
case_053_p2_n5,case_053,2,5,existing_regression,mature,0.03,374457,3247692,0.0,0,plans/f97ef2fe0e4f32ddbe897621aaa8b9306df0e35ded4fcfbd87dcf4ce7a479805.json
case_066_p3_n5,case_066,3,5,development,legacy,0.0,80814,3261696,0.0,0,plans/79dabdd0fb595162d030a9d2ecf9500dd0f3493ce5ceb85e1a8af6566c18c6f7.json
case_066_p3_n5,case_066,3,5,development,legacy,0.01,80814,3261696,0.0,0,plans/79dabdd0fb595162d030a9d2ecf9500dd0f3493ce5ceb85e1a8af6566c18c6f7.json
case_066_p3_n5,case_066,3,5,development,legacy,0.03,80814,3261696,0.0,0,plans/79dabdd0fb595162d030a9d2ecf9500dd0f3493ce5ceb85e1a8af6566c18c6f7.json
case_066_p3_n5,case_066,3,5,development,persistent,0.0,81153,3267848,0.0,0,plans/929407bb7bffb1aaa3562570a8409bb36573b99030c8605ffc1caa5371450c67.json
case_066_p3_n5,case_066,3,5,development,persistent,0.01,81153,3267848,0.0,0,plans/929407bb7bffb1aaa3562570a8409bb36573b99030c8605ffc1caa5371450c67.json
case_066_p3_n5,case_066,3,5,development,persistent,0.03,81153,3267848,0.0,0,plans/929407bb7bffb1aaa3562570a8409bb36573b99030c8605ffc1caa5371450c67.json
case_066_p3_n5,case_066,3,5,development,mature,0.0,124922,6000546,0.0,0,plans/83c3bc55b9f5dfab4e0c202480b98971f326edca50c810313ff2494621a04abc.json
case_066_p3_n5,case_066,3,5,development,mature,0.01,124922,6000546,0.0,0,plans/83c3bc55b9f5dfab4e0c202480b98971f326edca50c810313ff2494621a04abc.json
case_066_p3_n5,case_066,3,5,development,mature,0.03,124922,6000546,0.0,0,plans/83c3bc55b9f5dfab4e0c202480b98971f326edca50c810313ff2494621a04abc.json
case_047_p2_n5,case_047,2,5,frozen_regression,legacy,0.0,86880,2648760,0.0,0,plans/e15e2c99025b0419f328de6ef0634f579e90a59c1c83ab82b468badc5ccb5716.json
case_047_p2_n5,case_047,2,5,frozen_regression,legacy,0.01,86880,2648760,0.0,0,plans/e15e2c99025b0419f328de6ef0634f579e90a59c1c83ab82b468badc5ccb5716.json
case_047_p2_n5,case_047,2,5,frozen_regression,legacy,0.03,86880,2648760,0.0,0,plans/e15e2c99025b0419f328de6ef0634f579e90a59c1c83ab82b468badc5ccb5716.json
case_047_p2_n5,case_047,2,5,frozen_regression,persistent,0.0,86880,2648760,0.0,0,plans/e15e2c99025b0419f328de6ef0634f579e90a59c1c83ab82b468badc5ccb5716.json
case_047_p2_n5,case_047,2,5,frozen_regression,persistent,0.01,87146,2644664,0.0030616942909760247,4096,plans/fb1ea819917a5138ab4ddeacf81327e67d9aeaadcd5da523cc4ec3dbfe868378.json
case_047_p2_n5,case_047,2,5,frozen_regression,persistent,0.03,87146,2644664,0.0030616942909760247,4096,plans/fb1ea819917a5138ab4ddeacf81327e67d9aeaadcd5da523cc4ec3dbfe868378.json
case_047_p2_n5,case_047,2,5,frozen_regression,mature,0.0,87055,2698072,0.0,0,plans/d90a84db08c765d90b7a1f784bd17581c34531a6efceff4cee3f507a5dc0897d.json
case_047_p2_n5,case_047,2,5,frozen_regression,mature,0.01,87055,2698072,0.0,0,plans/d90a84db08c765d90b7a1f784bd17581c34531a6efceff4cee3f507a5dc0897d.json
case_047_p2_n5,case_047,2,5,frozen_regression,mature,0.03,87055,2698072,0.0,0,plans/d90a84db08c765d90b7a1f784bd17581c34531a6efceff4cee3f507a5dc0897d.json
case_047_p2_n3,case_047,2,3,core_regression,legacy,0.0,109386,1564844,0.0,0,plans/af7346e5fcfb665406179000cd03a8fc80efbde2616caab7696ada9e3a42dbbf.json
case_047_p2_n3,case_047,2,3,core_regression,legacy,0.01,109430,1560748,0.00040224525990528726,4096,plans/5a61f6bcec72e1451385c5813fad34183ee896cfe307b7eaa11bbffa02c3949e.json
case_047_p2_n3,case_047,2,3,core_regression,legacy,0.03,111133,1559756,0.015970965205785115,5088,plans/6d93d9074c4a05904cc78e53bcdcc8ecafdf66720c3337b2bcc0aae83c88bb2e.json
case_047_p2_n3,case_047,2,3,core_regression,persistent,0.0,105024,1709964,0.0,0,plans/885fc12c73f41c52715b2571b3b6cba145001f201f07cd8f69105f7134e210f9.json
case_047_p2_n3,case_047,2,3,core_regression,persistent,0.01,105024,1709964,0.0,0,plans/885fc12c73f41c52715b2571b3b6cba145001f201f07cd8f69105f7134e210f9.json
case_047_p2_n3,case_047,2,3,core_regression,persistent,0.03,105024,1709964,0.0,0,plans/885fc12c73f41c52715b2571b3b6cba145001f201f07cd8f69105f7134e210f9.json
case_047_p2_n3,case_047,2,3,core_regression,mature,0.0,105024,1709964,0.0,0,plans/885fc12c73f41c52715b2571b3b6cba145001f201f07cd8f69105f7134e210f9.json
case_047_p2_n3,case_047,2,3,core_regression,mature,0.01,105024,1709964,0.0,0,plans/885fc12c73f41c52715b2571b3b6cba145001f201f07cd8f69105f7134e210f9.json
case_047_p2_n3,case_047,2,3,core_regression,mature,0.03,105024,1709964,0.0,0,plans/885fc12c73f41c52715b2571b3b6cba145001f201f07cd8f69105f7134e210f9.json
case_047_p2_n4,case_047,2,4,core_regression,legacy,0.0,91661,2114482,0.0,0,plans/2b9152e63e48d9742f510fd32ecc9cf68236268fdd113fd4e0744d8fcfb8c6ac.json
case_047_p2_n4,case_047,2,4,core_regression,legacy,0.01,91673,2114418,0.00013091718397140184,64,plans/b67e79b9a6b75fd864216922e18c30663d086198ac53679d9a80bb66fb48c960.json
case_047_p2_n4,case_047,2,4,core_regression,legacy,0.03,93357,2111890,0.018502962001287315,2592,plans/7cab1fe27ab6fa5f476f707c6d172b7a755e28c9867b5048ed59f94dc6f9db6a.json
case_047_p2_n4,case_047,2,4,core_regression,persistent,0.0,91673,2114418,0.0,0,plans/b67e79b9a6b75fd864216922e18c30663d086198ac53679d9a80bb66fb48c960.json
case_047_p2_n4,case_047,2,4,core_regression,persistent,0.01,91673,2114418,0.0,0,plans/b67e79b9a6b75fd864216922e18c30663d086198ac53679d9a80bb66fb48c960.json
case_047_p2_n4,case_047,2,4,core_regression,persistent,0.03,91673,2114418,0.0,0,plans/b67e79b9a6b75fd864216922e18c30663d086198ac53679d9a80bb66fb48c960.json
case_047_p2_n4,case_047,2,4,core_regression,mature,0.0,92456,2149778,0.0,0,plans/8c83467c5845ebc54735d4874e7ecc894fb7c5dabee21f95c0fcbc0b26b20b47.json
case_047_p2_n4,case_047,2,4,core_regression,mature,0.01,92456,2149778,0.0,0,plans/8c83467c5845ebc54735d4874e7ecc894fb7c5dabee21f95c0fcbc0b26b20b47.json
case_047_p2_n4,case_047,2,4,core_regression,mature,0.03,92456,2149778,0.0,0,plans/8c83467c5845ebc54735d4874e7ecc894fb7c5dabee21f95c0fcbc0b26b20b47.json
case_060_p2_n2,case_060,2,2,core_regression,legacy,0.0,365154,2825344,0.0,0,plans/61e092b449f11d94fd17a5fbb449902f522aad984219bd4c45f2c15efb62eb73.json
case_060_p2_n2,case_060,2,2,core_regression,legacy,0.01,365907,2751620,0.0020621436435037666,73724,plans/44a89611e5099900cae54e83ff514261f2a42d11f3abd7d5aa6a0fc0eacf29e9.json
case_060_p2_n2,case_060,2,2,core_regression,legacy,0.03,369461,2550912,0.011795023469549859,274432,plans/24e17d124f573041e4123dfbe30567e8e0432175851402d201253689e8f5d99c.json
case_060_p2_n2,case_060,2,2,core_regression,persistent,0.0,365154,2825344,0.0,0,plans/61e092b449f11d94fd17a5fbb449902f522aad984219bd4c45f2c15efb62eb73.json
case_060_p2_n2,case_060,2,2,core_regression,persistent,0.01,365154,2825344,0.0,0,plans/61e092b449f11d94fd17a5fbb449902f522aad984219bd4c45f2c15efb62eb73.json
case_060_p2_n2,case_060,2,2,core_regression,persistent,0.03,365154,2825344,0.0,0,plans/61e092b449f11d94fd17a5fbb449902f522aad984219bd4c45f2c15efb62eb73.json
case_060_p2_n2,case_060,2,2,core_regression,mature,0.0,364591,2615424,0.0,0,plans/b91092e8657e4dfef2887ff5132d8a965e378ccb294427cc3d05befba035bd5d.json
case_060_p2_n2,case_060,2,2,core_regression,mature,0.01,364591,2615424,0.0,0,plans/b91092e8657e4dfef2887ff5132d8a965e378ccb294427cc3d05befba035bd5d.json
case_060_p2_n2,case_060,2,2,core_regression,mature,0.03,364591,2615424,0.0,0,plans/b91092e8657e4dfef2887ff5132d8a965e378ccb294427cc3d05befba035bd5d.json
case_019_p2_n5,case_019,2,5,development,legacy,0.0,17153,789864,0.0,0,plans/66c4d1eb05b2ca5fd501e909479b472082217b3c8cd8ec24021bda460fe38802.json
case_019_p2_n5,case_019,2,5,development,legacy,0.01,17153,789864,0.0,0,plans/66c4d1eb05b2ca5fd501e909479b472082217b3c8cd8ec24021bda460fe38802.json
case_019_p2_n5,case_019,2,5,development,legacy,0.03,17153,789864,0.0,0,plans/66c4d1eb05b2ca5fd501e909479b472082217b3c8cd8ec24021bda460fe38802.json
case_019_p2_n5,case_019,2,5,development,persistent,0.0,17116,784236,0.0,0,plans/a670420390fd784fc7c900898d09a2bf95d468a62607e9aa53ab1cb37a127bb9.json
case_019_p2_n5,case_019,2,5,development,persistent,0.01,17116,784236,0.0,0,plans/a670420390fd784fc7c900898d09a2bf95d468a62607e9aa53ab1cb37a127bb9.json
case_019_p2_n5,case_019,2,5,development,persistent,0.03,17116,784236,0.0,0,plans/a670420390fd784fc7c900898d09a2bf95d468a62607e9aa53ab1cb37a127bb9.json
case_019_p2_n5,case_019,2,5,development,mature,0.0,22206,81504,0.0,0,plans/a2793544b545f430005d3dbe1e8ca84ad18612e45e12320d135be40020b25b8c.json
case_019_p2_n5,case_019,2,5,development,mature,0.01,22206,81504,0.0,0,plans/a2793544b545f430005d3dbe1e8ca84ad18612e45e12320d135be40020b25b8c.json
case_019_p2_n5,case_019,2,5,development,mature,0.03,22206,81504,0.0,0,plans/a2793544b545f430005d3dbe1e8ca84ad18612e45e12320d135be40020b25b8c.json
case_047_p1_n5,case_047,1,5,frozen_regression,legacy,0.0,160151,3720028,0.0,0,plans/44ef6ff116d5e0bfaebdea75ae3f2c20fe5dcaabec8d6d3a45d69aa6f890d3d8.json
case_047_p1_n5,case_047,1,5,frozen_regression,legacy,0.01,160151,3720028,0.0,0,plans/44ef6ff116d5e0bfaebdea75ae3f2c20fe5dcaabec8d6d3a45d69aa6f890d3d8.json
case_047_p1_n5,case_047,1,5,frozen_regression,legacy,0.03,160151,3720028,0.0,0,plans/44ef6ff116d5e0bfaebdea75ae3f2c20fe5dcaabec8d6d3a45d69aa6f890d3d8.json
case_047_p1_n5,case_047,1,5,frozen_regression,persistent,0.0,317205,2217688,0.0,0,plans/5fa0df2bc1ca5c0912ec213fcf81a2ed3274e947fbc935a8950812eff050ec0e.json
case_047_p1_n5,case_047,1,5,frozen_regression,persistent,0.01,317205,2217688,0.0,0,plans/5fa0df2bc1ca5c0912ec213fcf81a2ed3274e947fbc935a8950812eff050ec0e.json
case_047_p1_n5,case_047,1,5,frozen_regression,persistent,0.03,326508,0,0.029328037073816704,2217688,plans/5d2c8074cc2c568277424c09f5a59b62c2059421f34f3e3fa6aec41c48e16775.json
case_047_p1_n5,case_047,1,5,frozen_regression,mature,0.0,175486,2906212,0.0,0,plans/25751a2f77993bd2bb3581ba203c7d1d26e3d713a313d1a2a6dccbe51981397d.json
case_047_p1_n5,case_047,1,5,frozen_regression,mature,0.01,176480,2874390,0.0056642695143771515,31822,plans/4f2f00ae473cc78aede7db6a3e6a056e7754a2fb6548a1f4bdb62edba1e81f30.json
case_047_p1_n5,case_047,1,5,frozen_regression,mature,0.03,176480,2874390,0.0056642695143771515,31822,plans/4f2f00ae473cc78aede7db6a3e6a056e7754a2fb6548a1f4bdb62edba1e81f30.json
case_043_p1_n5,case_043,1,5,development,legacy,0.0,209289,5119996,0.0,0,plans/3017d12ec3568459d1b03101dd74ebbddf3b447dfc4ade8fda37d179ba9b514e.json
case_043_p1_n5,case_043,1,5,development,legacy,0.01,209289,5119996,0.0,0,plans/3017d12ec3568459d1b03101dd74ebbddf3b447dfc4ade8fda37d179ba9b514e.json
case_043_p1_n5,case_043,1,5,development,legacy,0.03,213098,4705986,0.018199714270697553,414010,plans/050a19e27adb83087d5d4c1b68d23660e4ad2975cc16083e13f41874ad36920d.json
case_043_p1_n5,case_043,1,5,development,persistent,0.0,210795,4753874,0.0,0,plans/ef273771afb6702140874fe08481b1ec227e4bb36f742fadaa015470073e12d1.json
case_043_p1_n5,case_043,1,5,development,persistent,0.01,210795,4753874,0.0,0,plans/ef273771afb6702140874fe08481b1ec227e4bb36f742fadaa015470073e12d1.json
case_043_p1_n5,case_043,1,5,development,persistent,0.03,210795,4753874,0.0,0,plans/ef273771afb6702140874fe08481b1ec227e4bb36f742fadaa015470073e12d1.json
case_043_p1_n5,case_043,1,5,development,mature,0.0,198411,4859778,0.0,0,plans/0b6f900b7a4f9a8f7f110908e5434be2f1336f5d8bd557e2597c99b5fc111456.json
case_043_p1_n5,case_043,1,5,development,mature,0.01,198411,4859778,0.0,0,plans/0b6f900b7a4f9a8f7f110908e5434be2f1336f5d8bd557e2597c99b5fc111456.json
case_043_p1_n5,case_043,1,5,development,mature,0.03,198411,4859778,0.0,0,plans/0b6f900b7a4f9a8f7f110908e5434be2f1336f5d8bd557e2597c99b5fc111456.json
case_047_p1_n2,case_047,1,2,core_regression,legacy,0.0,242412,3426184,0.0,0,plans/26cc1532f1df9324f27cf27eb94029def43f3c14d0c36c70a45f26f855aff32a.json
case_047_p1_n2,case_047,1,2,core_regression,legacy,0.01,242412,3426184,0.0,0,plans/26cc1532f1df9324f27cf27eb94029def43f3c14d0c36c70a45f26f855aff32a.json
case_047_p1_n2,case_047,1,2,core_regression,legacy,0.03,249176,3252528,0.0279029090969094,173656,plans/754cfb039ecc1f69fa636021393fcf2f90035d60f5301cdec80b2cb5bf2e98ca.json
case_047_p1_n2,case_047,1,2,core_regression,persistent,0.0,322012,545456,0.0,0,plans/1bac6d627d43c1f2ee09166e1836bb48e2b8edaf18d3023fafcc06e3cde1e5a4.json
case_047_p1_n2,case_047,1,2,core_regression,persistent,0.01,323254,501350,0.003856999118045268,44106,plans/78c092a08b651bc11cbd34877f7cc746159235d6fa23f03db83c4519eebbe1ee.json
case_047_p1_n2,case_047,1,2,core_regression,persistent,0.03,326508,0,0.013962212588350731,545456,plans/375ee9da904bf2f10aaf92dc5a3fbeddc58a841e1fbf9a87a7a32830be2d488d.json
case_047_p1_n2,case_047,1,2,core_regression,mature,0.0,232371,2888764,0.0,0,plans/314697f82ca29e2188b4bfaf97e03b765be4afefb739dbacf600a3c69b758331.json
case_047_p1_n2,case_047,1,2,core_regression,mature,0.01,232371,2888764,0.0,0,plans/314697f82ca29e2188b4bfaf97e03b765be4afefb739dbacf600a3c69b758331.json
case_047_p1_n2,case_047,1,2,core_regression,mature,0.03,232371,2888764,0.0,0,plans/314697f82ca29e2188b4bfaf97e03b765be4afefb739dbacf600a3c69b758331.json
case_071_p3_n5,case_071,3,5,existing_regression,legacy,0.0,7942,361586,0.0,0,plans/50c45ec4b549100ac2b1eb43bf6fc579c7482c2c3e58ef45e13c76a000b3879d.json
case_071_p3_n5,case_071,3,5,existing_regression,legacy,0.01,7942,361586,0.0,0,plans/50c45ec4b549100ac2b1eb43bf6fc579c7482c2c3e58ef45e13c76a000b3879d.json
case_071_p3_n5,case_071,3,5,existing_regression,legacy,0.03,8121,317234,0.022538403424829934,44352,plans/e4bb99cecbc89b0711ae83799e5cb8a1734f2b51a03b67babb0a3316d8ff86ce.json
case_071_p3_n5,case_071,3,5,existing_regression,persistent,0.0,7982,362354,0.0,0,plans/7d07ed19b7455b14d7a72cce497f599a098701cbcb62a492183c61b9f7a65dff.json
case_071_p3_n5,case_071,3,5,existing_regression,persistent,0.01,7982,362354,0.0,0,plans/7d07ed19b7455b14d7a72cce497f599a098701cbcb62a492183c61b9f7a65dff.json
case_071_p3_n5,case_071,3,5,existing_regression,persistent,0.03,7982,362354,0.0,0,plans/7d07ed19b7455b14d7a72cce497f599a098701cbcb62a492183c61b9f7a65dff.json
case_071_p3_n5,case_071,3,5,existing_regression,mature,0.0,7982,362354,0.0,0,plans/7d07ed19b7455b14d7a72cce497f599a098701cbcb62a492183c61b9f7a65dff.json
case_071_p3_n5,case_071,3,5,existing_regression,mature,0.01,7982,362354,0.0,0,plans/7d07ed19b7455b14d7a72cce497f599a098701cbcb62a492183c61b9f7a65dff.json
case_071_p3_n5,case_071,3,5,existing_regression,mature,0.03,7982,362354,0.0,0,plans/7d07ed19b7455b14d7a72cce497f599a098701cbcb62a492183c61b9f7a65dff.json
case_075_p1_n5,case_075,1,5,development,legacy,0.0,424934,10606092,0.0,0,plans/84a3d3069d7641cee02bdfd98d27f7c5225249c9585e682955d8e094c967bc3e.json
case_075_p1_n5,case_075,1,5,development,legacy,0.01,424934,10606092,0.0,0,plans/84a3d3069d7641cee02bdfd98d27f7c5225249c9585e682955d8e094c967bc3e.json
case_075_p1_n5,case_075,1,5,development,legacy,0.03,429882,10568968,0.011644161210917492,37124,plans/3d4f37ad5f8f059224576eb63c21cba86514a2fb8d050df47d26587453a2fcf7.json
case_075_p1_n5,case_075,1,5,development,persistent,0.0,678468,17908720,0.0,0,plans/e0bc36be656ef1824039146324f8085277db500a48a20683f35fceadafba41b0.json
case_075_p1_n5,case_075,1,5,development,persistent,0.01,678468,17908720,0.0,0,plans/e0bc36be656ef1824039146324f8085277db500a48a20683f35fceadafba41b0.json
case_075_p1_n5,case_075,1,5,development,persistent,0.03,678468,17908720,0.0,0,plans/e0bc36be656ef1824039146324f8085277db500a48a20683f35fceadafba41b0.json
case_075_p1_n5,case_075,1,5,development,mature,0.0,481313,12700144,0.0,0,plans/4b3e4b586305de2a122aea61a7e485b2750f6eb5fb7f1fa44fe0e853004a1417.json
case_075_p1_n5,case_075,1,5,development,mature,0.01,483260,12683630,0.004045184734258189,16514,plans/5685689992a6dcd5ea6362ed0b685ab66a5ef7cfbfcbc525ed3e15d1de30a0c2.json
case_075_p1_n5,case_075,1,5,development,mature,0.03,492944,12519004,0.02416514825072258,181140,plans/e3662e7462124881ae8ae3089c02a36ef927b2ed5f7ffce7aed22ffc79cdc582.json
case_060_p3_n4,case_060,3,4,core_regression,legacy,0.0,188051,3704196,0.0,0,plans/96abe693b6bfab7cf13c2323314f376de9816413214a9092ac832b32231edf79.json
case_060_p3_n4,case_060,3,4,core_regression,legacy,0.01,188051,3704196,0.0,0,plans/96abe693b6bfab7cf13c2323314f376de9816413214a9092ac832b32231edf79.json
case_060_p3_n4,case_060,3,4,core_regression,legacy,0.03,188051,3704196,0.0,0,plans/96abe693b6bfab7cf13c2323314f376de9816413214a9092ac832b32231edf79.json
case_060_p3_n4,case_060,3,4,core_regression,persistent,0.0,191705,3841408,0.0,0,plans/7d33d97673ea1e92f47c06f6f8a761c985d9e7586e06e57363abbf2fe7c57674.json
case_060_p3_n4,case_060,3,4,core_regression,persistent,0.01,191705,3841408,0.0,0,plans/7d33d97673ea1e92f47c06f6f8a761c985d9e7586e06e57363abbf2fe7c57674.json
case_060_p3_n4,case_060,3,4,core_regression,persistent,0.03,196522,3839406,0.02512714848334685,2002,plans/95e3e50cba08e1cd79d9ec41fca8003cf9966acfc7c801bbc55dc140f5102e87.json
case_060_p3_n4,case_060,3,4,core_regression,mature,0.0,191705,3841408,0.0,0,plans/7d33d97673ea1e92f47c06f6f8a761c985d9e7586e06e57363abbf2fe7c57674.json
case_060_p3_n4,case_060,3,4,core_regression,mature,0.01,191710,3667328,2.608174017360021e-05,174080,plans/bb336d27f5f85359ce4116fcc486ce90db32d5092c4cd9b1702d7c5fd6bcc0fb.json
case_060_p3_n4,case_060,3,4,core_regression,mature,0.03,195029,3634560,0.017339140867478786,206848,plans/a14eb3e7bc18d597a702291bc153074c6ea233f95857e5bb949592975e8a30f8.json
case_060_p3_n3,case_060,3,3,core_regression,legacy,0.0,316050,3605764,0.0,0,plans/f2533fb72ac30b9042c634351a9e62f4378027768587619262fe158f52b85e59.json
case_060_p3_n3,case_060,3,3,core_regression,legacy,0.01,316050,3605764,0.0,0,plans/f2533fb72ac30b9042c634351a9e62f4378027768587619262fe158f52b85e59.json
case_060_p3_n3,case_060,3,3,core_regression,legacy,0.03,316050,3605764,0.0,0,plans/f2533fb72ac30b9042c634351a9e62f4378027768587619262fe158f52b85e59.json
case_060_p3_n3,case_060,3,3,core_regression,persistent,0.0,316734,3769620,0.0,0,plans/d8b455ec9023ff99631952ae1f8221eed8615297f837ba8ac6917a4fd9408fa9.json
case_060_p3_n3,case_060,3,3,core_regression,persistent,0.01,316734,3769620,0.0,0,plans/d8b455ec9023ff99631952ae1f8221eed8615297f837ba8ac6917a4fd9408fa9.json
case_060_p3_n3,case_060,3,3,core_regression,persistent,0.03,316734,3769620,0.0,0,plans/d8b455ec9023ff99631952ae1f8221eed8615297f837ba8ac6917a4fd9408fa9.json
case_060_p3_n3,case_060,3,3,core_regression,mature,0.0,244808,2287748,0.0,0,plans/3d8161d5625deeb71d593387460ffc1d5965632a2b941cab0db454d1d8fb51af.json
case_060_p3_n3,case_060,3,3,core_regression,mature,0.01,244808,2287748,0.0,0,plans/3d8161d5625deeb71d593387460ffc1d5965632a2b941cab0db454d1d8fb51af.json
case_060_p3_n3,case_060,3,3,core_regression,mature,0.03,244808,2287748,0.0,0,plans/3d8161d5625deeb71d593387460ffc1d5965632a2b941cab0db454d1d8fb51af.json
case_060_p3_n2,case_060,3,2,core_regression,legacy,0.0,364450,2823296,0.0,0,plans/a03cc1c154876ad63fc452340a29b39ebc15e7740129ccfb42eb52a81bba692f.json
case_060_p3_n2,case_060,3,2,core_regression,legacy,0.01,365414,2735240,0.0026450816298531077,88056,plans/95b2a672a4eda7010a837b90d38ea7f5f132b69326c040714744ecc6937edf2e.json
case_060_p3_n2,case_060,3,2,core_regression,legacy,0.03,368594,2526336,0.011370558375634499,296960,plans/291fd690a8fdf6660b97f5488b601e321d28f0dfc9493e37851d7c548f91e563.json
case_060_p3_n2,case_060,3,2,core_regression,persistent,0.0,364504,2823296,0.0,0,plans/ac3df0abe657162090cc942b71b78939f003da2f8e55ed3c8c0bf2be9e0dd778.json
case_060_p3_n2,case_060,3,2,core_regression,persistent,0.01,364504,2823296,0.0,0,plans/ac3df0abe657162090cc942b71b78939f003da2f8e55ed3c8c0bf2be9e0dd778.json
case_060_p3_n2,case_060,3,2,core_regression,persistent,0.03,364504,2823296,0.0,0,plans/ac3df0abe657162090cc942b71b78939f003da2f8e55ed3c8c0bf2be9e0dd778.json
case_060_p3_n2,case_060,3,2,core_regression,mature,0.0,364106,3611780,0.0,0,plans/cb919f2b71ade2bfc61ee30724b3738c5902c0cd8693740b26b2436f38eea7ff.json
case_060_p3_n2,case_060,3,2,core_regression,mature,0.01,364514,2615424,0.001120552806050945,996356,plans/b91092e8657e4dfef2887ff5132d8a965e378ccb294427cc3d05befba035bd5d.json
case_060_p3_n2,case_060,3,2,core_regression,mature,0.03,364514,2615424,0.001120552806050945,996356,plans/b91092e8657e4dfef2887ff5132d8a965e378ccb294427cc3d05befba035bd5d.json
case_047_p1_n3,case_047,1,3,core_regression,legacy,0.0,205302,3719584,0.0,0,plans/4f0893e278c27f61fe7b859a0984aafe1e03d78af1a0d1819c79e4d694744015.json
case_047_p1_n3,case_047,1,3,core_regression,legacy,0.01,205408,3654012,0.0005163125541884916,65572,plans/9fdfe25c53235a8399a04aff53a17eefb30280970022696bed49c110d98925fe.json
case_047_p1_n3,case_047,1,3,core_regression,legacy,0.03,209849,3571664,0.02214786022542392,147920,plans/8ff3b6de568758b32943647bc6c13ec694fc7a846e6b3d3936d34f9041695df2.json
case_047_p1_n3,case_047,1,3,core_regression,persistent,0.0,322795,604310,0.0,0,plans/6e3b98a2787a5ff89133cb705b90069c2dec863b40beb5f5ebccf1d40826bfdc.json
case_047_p1_n3,case_047,1,3,core_regression,persistent,0.01,324990,566870,0.006799981412351386,37440,plans/74fe8f99557ecf0862a0787d607b9571eff0d7c08fdeaafe4908bde562391e58.json
case_047_p1_n3,case_047,1,3,core_regression,persistent,0.03,326508,0,0.011502656484765783,604310,plans/59b10b4fe54f14571628653fc846ad61ede40d7c3e37bb16187914e11bc173c7.json
case_047_p1_n3,case_047,1,3,core_regression,mature,0.0,194391,3515328,0.0,0,plans/2fe178d8de913ba6fb1c5aa4a826b0708ea59cc627d6e5cebe7567559139e256.json
case_047_p1_n3,case_047,1,3,core_regression,mature,0.01,195777,3415224,0.007129959720357348,100104,plans/f398fc948b19ac23f9a1c8b85881d22848906d5d4adcbb86f3193cc9bb7109f1.json
case_047_p1_n3,case_047,1,3,core_regression,mature,0.03,199985,3320158,0.02877705243555506,195170,plans/e79ee723b8e9f0df559a2ab9e5c7285bf596ca6ae8cb59a71dcfdf9440ab850b.json
case_047_p1_n1,case_047,1,1,core_regression,legacy,0.0,320846,544716,0.0,0,plans/c6efefefde75e0d939ca21f7e630883b84ddddf58905c1e9d21fc93e4bb526b9.json
case_047_p1_n1,case_047,1,1,core_regression,legacy,0.01,322702,335272,0.005784706681710272,209444,plans/b50e8b7a2dd5742604b6b44f73f0a9a7d6607d1c4325e26bcedc4096144b37b4.json
case_047_p1_n1,case_047,1,1,core_regression,legacy,0.03,326508,0,0.01764709549129484,544716,plans/2110aa78cff4d0187947ca1518560e0ef039842117d303e61c293ba9c1efbe03.json
case_047_p1_n1,case_047,1,1,core_regression,persistent,0.0,320846,544716,0.0,0,plans/c6efefefde75e0d939ca21f7e630883b84ddddf58905c1e9d21fc93e4bb526b9.json
case_047_p1_n1,case_047,1,1,core_regression,persistent,0.01,322420,340892,0.004905780343217536,203824,plans/75e6bdac594d1a287ed835c02699a9c1f0be297b207ff4ff699cec43bb2dde04.json
case_047_p1_n1,case_047,1,1,core_regression,persistent,0.03,326508,0,0.01764709549129484,544716,plans/2110aa78cff4d0187947ca1518560e0ef039842117d303e61c293ba9c1efbe03.json
case_047_p1_n1,case_047,1,1,core_regression,mature,0.0,323254,501350,0.0,0,plans/ebc8b80504f9c6d9850ee4fb7d314182f5af5b1da5feb12004a609893f685f40.json
case_047_p1_n1,case_047,1,1,core_regression,mature,0.01,326482,189124,0.00998595531687152,312226,plans/ed259de84cce6bb65c6df81bd2b181d7716fb31725c3bb3e2087691b77a53575.json
case_047_p1_n1,case_047,1,1,core_regression,mature,0.03,326508,0,0.010066387422893452,501350,plans/2110aa78cff4d0187947ca1518560e0ef039842117d303e61c293ba9c1efbe03.json
case_046_p3_n5,case_046,3,5,existing_regression,legacy,0.0,88781,3619200,0.0,0,plans/3b2b3d325630c7d0da5d7a9f76fc78722d8771d82c3bb832f17c9a666260f59a.json
case_046_p3_n5,case_046,3,5,existing_regression,legacy,0.01,88781,3619200,0.0,0,plans/3b2b3d325630c7d0da5d7a9f76fc78722d8771d82c3bb832f17c9a666260f59a.json
case_046_p3_n5,case_046,3,5,existing_regression,legacy,0.03,89839,3615104,0.011916964215316295,4096,plans/d9a0c72ebb9f2323d8b74c060930c8367534605138087d5df5409b57c81d3733.json
case_046_p3_n5,case_046,3,5,existing_regression,persistent,0.0,62003,3872608,0.0,0,plans/2c77855b551d110e5e050a7e747a8881e3b8c3aa601588b7cfa3b88a23600be7.json
case_046_p3_n5,case_046,3,5,existing_regression,persistent,0.01,62003,3872608,0.0,0,plans/2c77855b551d110e5e050a7e747a8881e3b8c3aa601588b7cfa3b88a23600be7.json
case_046_p3_n5,case_046,3,5,existing_regression,persistent,0.03,62003,3872608,0.0,0,plans/2c77855b551d110e5e050a7e747a8881e3b8c3aa601588b7cfa3b88a23600be7.json
case_046_p3_n5,case_046,3,5,existing_regression,mature,0.0,77846,2791200,0.0,0,plans/06766164545d1f3344b98cd9509bc23f12b77e8a71bda5520df692562dfa3f7d.json
case_046_p3_n5,case_046,3,5,existing_regression,mature,0.01,77846,2791200,0.0,0,plans/06766164545d1f3344b98cd9509bc23f12b77e8a71bda5520df692562dfa3f7d.json
case_046_p3_n5,case_046,3,5,existing_regression,mature,0.03,77846,2791200,0.0,0,plans/06766164545d1f3344b98cd9509bc23f12b77e8a71bda5520df692562dfa3f7d.json
case_047_p2_n1,case_047,2,1,core_regression,legacy,0.0,273973,0,0.0,0,plans/c9a55c8fe863ad37a71841e93e215ced62514ce3b4365ea3c673043a67f46168.json
case_047_p2_n1,case_047,2,1,core_regression,legacy,0.01,273973,0,0.0,0,plans/c9a55c8fe863ad37a71841e93e215ced62514ce3b4365ea3c673043a67f46168.json
case_047_p2_n1,case_047,2,1,core_regression,legacy,0.03,273973,0,0.0,0,plans/c9a55c8fe863ad37a71841e93e215ced62514ce3b4365ea3c673043a67f46168.json
case_047_p2_n1,case_047,2,1,core_regression,persistent,0.0,277066,0,0.0,0,plans/400a057303f1a07af8b4726b5b91c234660c58109ea02ec870ca7e7934ab204d.json
case_047_p2_n1,case_047,2,1,core_regression,persistent,0.01,277066,0,0.0,0,plans/400a057303f1a07af8b4726b5b91c234660c58109ea02ec870ca7e7934ab204d.json
case_047_p2_n1,case_047,2,1,core_regression,persistent,0.03,277066,0,0.0,0,plans/400a057303f1a07af8b4726b5b91c234660c58109ea02ec870ca7e7934ab204d.json
case_047_p2_n1,case_047,2,1,core_regression,mature,0.0,277066,0,0.0,0,plans/400a057303f1a07af8b4726b5b91c234660c58109ea02ec870ca7e7934ab204d.json
case_047_p2_n1,case_047,2,1,core_regression,mature,0.01,277066,0,0.0,0,plans/400a057303f1a07af8b4726b5b91c234660c58109ea02ec870ca7e7934ab204d.json
case_047_p2_n1,case_047,2,1,core_regression,mature,0.03,277066,0,0.0,0,plans/400a057303f1a07af8b4726b5b91c234660c58109ea02ec870ca7e7934ab204d.json
case_046_p2_n5,case_046,2,5,existing_regression,legacy,0.0,88914,3619200,0.0,0,plans/ec748bdcf1c00bc5797a61515c7361211c16852aadea215744088b437f3dd647.json
case_046_p2_n5,case_046,2,5,existing_regression,legacy,0.01,88914,3619200,0.0,0,plans/ec748bdcf1c00bc5797a61515c7361211c16852aadea215744088b437f3dd647.json
case_046_p2_n5,case_046,2,5,existing_regression,legacy,0.03,90466,3615104,0.01745506894302351,4096,plans/8833b0f95fc4a9ff6d2c75e119521531833001d45c075f96de2a0c4f47d1cfe2.json
case_046_p2_n5,case_046,2,5,existing_regression,persistent,0.0,86943,3656832,0.0,0,plans/030e972d80df3ff7ab871cdc3ec150e535c1c3b6a05082d05b723a885939a61e.json
case_046_p2_n5,case_046,2,5,existing_regression,persistent,0.01,86943,3656832,0.0,0,plans/030e972d80df3ff7ab871cdc3ec150e535c1c3b6a05082d05b723a885939a61e.json
case_046_p2_n5,case_046,2,5,existing_regression,persistent,0.03,86943,3656832,0.0,0,plans/030e972d80df3ff7ab871cdc3ec150e535c1c3b6a05082d05b723a885939a61e.json
case_046_p2_n5,case_046,2,5,existing_regression,mature,0.0,77846,2791200,0.0,0,plans/06766164545d1f3344b98cd9509bc23f12b77e8a71bda5520df692562dfa3f7d.json
case_046_p2_n5,case_046,2,5,existing_regression,mature,0.01,77846,2791200,0.0,0,plans/06766164545d1f3344b98cd9509bc23f12b77e8a71bda5520df692562dfa3f7d.json
case_046_p2_n5,case_046,2,5,existing_regression,mature,0.03,77846,2791200,0.0,0,plans/06766164545d1f3344b98cd9509bc23f12b77e8a71bda5520df692562dfa3f7d.json
case_012_p3_n5,case_012,3,5,frozen_regression,legacy,0.0,12144,70016,0.0,0,plans/434a17c9813313cbcd25359ae17b62d3f2a133933dbc5985eae609df9228a1ee.json
case_012_p3_n5,case_012,3,5,frozen_regression,legacy,0.01,12144,70016,0.0,0,plans/434a17c9813313cbcd25359ae17b62d3f2a133933dbc5985eae609df9228a1ee.json
case_012_p3_n5,case_012,3,5,frozen_regression,legacy,0.03,12144,70016,0.0,0,plans/434a17c9813313cbcd25359ae17b62d3f2a133933dbc5985eae609df9228a1ee.json
case_012_p3_n5,case_012,3,5,frozen_regression,persistent,0.0,12906,65920,0.0,0,plans/22fddfddb490907ec403de557623541246222751f921120e450e561cf53919d6.json
case_012_p3_n5,case_012,3,5,frozen_regression,persistent,0.01,12906,65920,0.0,0,plans/22fddfddb490907ec403de557623541246222751f921120e450e561cf53919d6.json
case_012_p3_n5,case_012,3,5,frozen_regression,persistent,0.03,13254,49536,0.026964202696420303,16384,plans/2b71211f1d4bd7c025aba05439e910e75da1a0f8d15d1ef9f8e213215281b77c.json
case_012_p3_n5,case_012,3,5,frozen_regression,mature,0.0,12272,49536,0.0,0,plans/295689f2c0d8888fca27a1a7d53048a57434f4f644d0c699302b64194798f41d.json
case_012_p3_n5,case_012,3,5,frozen_regression,mature,0.01,12272,49536,0.0,0,plans/295689f2c0d8888fca27a1a7d53048a57434f4f644d0c699302b64194798f41d.json
case_012_p3_n5,case_012,3,5,frozen_regression,mature,0.03,12272,49536,0.0,0,plans/295689f2c0d8888fca27a1a7d53048a57434f4f644d0c699302b64194798f41d.json
