case,problem,cores,before,after,before_copy_bytes,after_copy_bytes,reduction_pct,original_singlecore,plan,official_record,official_result
case_001,1,1,233110,233110,0,0,0.0,233110,方案/p1/n1/case_001_multicore_res.json,/Users/liyu/Desktop/中文题目/A题研究/solver/runs/pilot_fullpool_v2/evaluations/attempts/20260924T093721-2d85bed1bdf84e0286759e4f8d844b9e/record.json,/Users/liyu/Desktop/中文题目/A题研究/solver/runs/pilot_fullpool_v2/evaluations/attempts/20260924T093713-43f213aff3a240ca8161e4a30632a735/official_result.json.gz
case_001,1,2,116868,116868,1152,1152,0.0,233110,方案/p1/n2/case_001_multicore_res.json,/Users/liyu/Desktop/中文题目/A题研究/solver/runs/full_initial_v1/evaluations/attempts/20260924T093705-af46c634f7074231b2370f1667ea1610/record.json,/Users/liyu/Desktop/中文题目/A题研究/solver/runs/full_initial_v1/evaluations/attempts/20260924T093705-af46c634f7074231b2370f1667ea1610/official_result.json.gz
case_001,1,3,78545,78545,2304,2304,0.0,233110,方案/p1/n3/case_001_multicore_res.json,/Users/liyu/Desktop/中文题目/A题研究/advanced_solver/runs/formal_v2/evaluations/attempts/20260924T123822-5684e4290df84b62a67450898935fdab/record.json,/Users/liyu/Desktop/中文题目/A题研究/advanced_solver/runs/formal_v2/evaluations/attempts/20260924T123822-5684e4290df84b62a67450898935fdab/official_result.json.gz
case_001,1,4,58984,58984,3456,3456,0.0,233110,方案/p1/n4/case_001_multicore_res.json,/Users/liyu/Desktop/中文题目/A题研究/advanced_solver/runs/formal_v2/evaluations/attempts/20260924T123825-818e145b1e414d74a341663b740b209c/record.json,/Users/liyu/Desktop/中文题目/A题研究/advanced_solver/runs/formal_v2/evaluations/attempts/20260924T123825-818e145b1e414d74a341663b740b209c/official_result.json.gz
case_001,1,5,47502,47502,4608,4608,0.0,233110,方案/p1/n5/case_001_multicore_res.json,/Users/liyu/Desktop/中文题目/A题研究/solver/runs/full_initial_v1/evaluations/attempts/20260924T093706-ac6eff2023754f3c90272f03edeb7053/record.json,/Users/liyu/Desktop/中文题目/A题研究/solver/runs/full_initial_v1/evaluations/attempts/20260924T093706-ac6eff2023754f3c90272f03edeb7053/official_result.json.gz
case_001,2,1,233110,233110,0,0,0.0,233110,方案/p2/n1/case_001_multicore_res.json,/Users/liyu/Desktop/中文题目/A题研究/solver/runs/pilot_fullpool_v2/evaluations/attempts/20260924T093721-0908b2695b464ed7bc4c5a2c42e77977/record.json,/Users/liyu/Desktop/中文题目/A题研究/solver/runs/pilot_fullpool_v2/evaluations/attempts/20260924T093716-a895e1d2eb77496b95b395bd6f83629e/official_result.json.gz
case_001,2,2,116868,116868,1152,1152,0.0,233110,方案/p2/n2/case_001_multicore_res.json,/Users/liyu/Desktop/中文题目/A题研究/solver/runs/full_initial_v1/evaluations/attempts/20260924T093706-d3a8d4f5caec4fefbe0146247ad59388/record.json,/Users/liyu/Desktop/中文题目/A题研究/solver/runs/full_initial_v1/evaluations/attempts/20260924T093706-d3a8d4f5caec4fefbe0146247ad59388/official_result.json.gz
case_001,2,3,78545,78545,2304,2304,0.0,233110,方案/p2/n3/case_001_multicore_res.json,/Users/liyu/Desktop/中文题目/A题研究/advanced_solver/runs/formal_v2/evaluations/attempts/20260924T123820-110350d9248c41619beb04d45ce168d5/record.json,/Users/liyu/Desktop/中文题目/A题研究/advanced_solver/runs/formal_v2/evaluations/attempts/20260924T123820-110350d9248c41619beb04d45ce168d5/official_result.json.gz
case_001,2,4,58984,58984,3456,3456,0.0,233110,方案/p2/n4/case_001_multicore_res.json,/Users/liyu/Desktop/中文题目/A题研究/advanced_solver/runs/formal_v2/evaluations/attempts/20260924T123822-107b5dac7fcf4eb3bb8f32c608be69cf/record.json,/Users/liyu/Desktop/中文题目/A题研究/advanced_solver/runs/formal_v2/evaluations/attempts/20260924T123822-107b5dac7fcf4eb3bb8f32c608be69cf/official_result.json.gz
case_001,2,5,47502,47502,4608,4608,0.0,233110,方案/p2/n5/case_001_multicore_res.json,/Users/liyu/Desktop/中文题目/A题研究/solver/runs/full_initial_v1/evaluations/attempts/20260924T093707-3ef634ff57a84303a594c6cb507c06b0/record.json,/Users/liyu/Desktop/中文题目/A题研究/solver/runs/full_initial_v1/evaluations/attempts/20260924T093707-3ef634ff57a84303a594c6cb507c06b0/official_result.json.gz
case_001,3,1,233110,233110,0,0,0.0,233110,方案/p3/n1/case_001_multicore_res.json,/Users/liyu/Desktop/中文题目/A题研究/solver/runs/pilot_fullpool_v2/evaluations/attempts/20260924T093721-d7c76f2837234df9a6f95c640ebbdbe7/record.json,/Users/liyu/Desktop/中文题目/A题研究/solver/runs/pilot_fullpool_v2/evaluations/attempts/20260924T093718-521c2b9d04174e69ba7782a79b4b6b5b/official_result.json.gz
case_001,3,2,116868,116868,1152,1152,0.0,233110,方案/p3/n2/case_001_multicore_res.json,/Users/liyu/Desktop/中文题目/A题研究/solver/runs/pilot_fullpool_v2/evaluations/attempts/20260924T093721-ca485998f1754f60ad25e34235a73680/record.json,/Users/liyu/Desktop/中文题目/A题研究/solver/runs/pilot_fullpool_v2/evaluations/attempts/20260924T093719-16ea59f7b17545bc9503ca6ec4f9713c/official_result.json.gz
case_001,3,3,78545,78545,2304,2304,0.0,233110,方案/p3/n3/case_001_multicore_res.json,/Users/liyu/Desktop/中文题目/A题研究/advanced_solver/runs/formal_v2/evaluations/attempts/20260924T124524-0f1e62a0d00540db970636452f86e2d9/record.json,/Users/liyu/Desktop/中文题目/A题研究/advanced_solver/runs/formal_v2/evaluations/attempts/20260924T124524-0f1e62a0d00540db970636452f86e2d9/official_result.json.gz
case_001,3,4,58984,58984,3456,3456,0.0,233110,方案/p3/n4/case_001_multicore_res.json,/Users/liyu/Desktop/中文题目/A题研究/advanced_solver/runs/formal_v2/evaluations/attempts/20260924T124528-a2f4b432d4554c4489405deda7db7801/record.json,/Users/liyu/Desktop/中文题目/A题研究/advanced_solver/runs/formal_v2/evaluations/attempts/20260924T124528-a2f4b432d4554c4489405deda7db7801/official_result.json.gz
case_001,3,5,47502,47502,4608,4608,0.0,233110,方案/p3/n5/case_001_multicore_res.json,/Users/liyu/Desktop/中文题目/A题研究/solver/runs/pilot_fullpool_v2/evaluations/attempts/20260924T093721-5ea8f318035c46a0b1da06f8aeac982f/record.json,/Users/liyu/Desktop/中文题目/A题研究/solver/runs/pilot_fullpool_v2/evaluations/attempts/20260924T093720-6880683812a6432aada980e963809b27/official_result.json.gz
case_002,1,1,266518,266518,390144,390144,0.0,261945,方案/p1/n1/case_002_multicore_res.json,/Users/liyu/Desktop/中文题目/A题研究/advanced_solver/runs/formal_v2/evaluations/attempts/20260924T233944-97c1d2f1647b4fdeb9f338e436769d63/record.json,/Users/liyu/Desktop/中文题目/A题研究/advanced_solver/runs/formal_v2/evaluations/attempts/20260924T233944-97c1d2f1647b4fdeb9f338e436769d63/official_result.json.gz
case_002,1,2,136619,136619,56832,56832,0.0,261945,方案/p1/n2/case_002_multicore_res.json,/Users/liyu/Desktop/中文题目/A题研究/advanced_solver/runs/formal_v2/evaluations/attempts/20260924T234214-d276fb7c5e4a4c4294ba7932c8d660d9/record.json,/Users/liyu/Desktop/中文题目/A题研究/advanced_solver/runs/formal_v2/evaluations/attempts/20260924T234214-d276fb7c5e4a4c4294ba7932c8d660d9/official_result.json.gz
case_002,1,3,124560,124560,565248,565248,0.0,261945,方案/p1/n3/case_002_multicore_res.json,/Users/liyu/Desktop/中文题目/A题研究/advanced_solver/runs/formal_v2/evaluations/attempts/20260925T105703-dffb980c1e9d44bf9bd71c477c1b4d7d/record.json,/Users/liyu/Desktop/中文题目/A题研究/advanced_solver/runs/formal_v2/evaluations/attempts/20260925T105703-dffb980c1e9d44bf9bd71c477c1b4d7d/official_result.json.gz
case_002,1,4,88895,88895,1594368,1594368,0.0,261945,方案/p1/n4/case_002_multicore_res.json,/Users/liyu/Desktop/中文题目/A题研究/advanced_solver/runs/formal_v2/evaluations/attempts/20260925T105705-dfbfef7e1e064181b98d7bf34dc409c9/record.json,/Users/liyu/Desktop/中文题目/A题研究/advanced_solver/runs/formal_v2/evaluations/attempts/20260925T105705-dfbfef7e1e064181b98d7bf34dc409c9/official_result.json.gz
case_002,1,5,78244,78244,2165760,2165760,0.0,261945,方案/p1/n5/case_002_multicore_res.json,/Users/liyu/Desktop/中文题目/A题研究/advanced_solver/runs/formal_v2/evaluations/attempts/20260925T104621-afbb1c32d0834d2c95d2fe16b642232e/record.json,/Users/liyu/Desktop/中文题目/A题研究/advanced_solver/runs/formal_v2/evaluations/attempts/20260925T104621-afbb1c32d0834d2c95d2fe16b642232e/official_result.json.gz
case_002,2,1,261945,261945,0,0,0.0,261945,方案/p2/n1/case_002_multicore_res.json,/Users/liyu/Desktop/中文题目/A题研究/advanced_solver/runs/formal_v2/evaluations/attempts/20260924T234305-4575fe3bfe4948eeb83aa3b435b53bcc/record.json,/Users/liyu/Desktop/中文题目/A题研究/advanced_solver/runs/formal_v2/evaluations/attempts/20260924T234305-4575fe3bfe4948eeb83aa3b435b53bcc/official_result.json.gz
case_002,2,2,125561,125561,3975168,3975168,0.0,261945,方案/p2/n2/case_002_multicore_res.json,/Users/liyu/Desktop/中文题目/A题研究/advanced_solver/runs/formal_v2/evaluations/attempts/20260924T233842-816453b498644d07a70248ef440cb15c/record.json,/Users/liyu/Desktop/中文题目/A题研究/advanced_solver/runs/formal_v2/evaluations/attempts/20260924T233842-816453b498644d07a70248ef440cb15c/official_result.json.gz
case_002,2,3,82013,82013,632832,632832,0.0,261945,方案/p2/n3/case_002_multicore_res.json,/Users/liyu/Desktop/中文题目/A题研究/advanced_solver/runs/formal_v2/evaluations/attempts/20260924T234837-26955026c63c459c8b06b877bfec61cc/record.json,/Users/liyu/Desktop/中文题目/A题研究/advanced_solver/runs/formal_v2/evaluations/attempts/20260924T234837-26955026c63c459c8b06b877bfec61cc/official_result.json.gz
case_002,2,4,63304,63304,595968,595968,0.0,261945,方案/p2/n4/case_002_multicore_res.json,/Users/liyu/Desktop/中文题目/A题研究/advanced_solver/runs/formal_v2/evaluations/attempts/20260924T234838-54b1a69fcc954d4c933f03abd4c396ea/record.json,/Users/liyu/Desktop/中文题目/A题研究/advanced_solver/runs/formal_v2/evaluations/attempts/20260924T234838-54b1a69fcc954d4c933f03abd4c396ea/official_result.json.gz
case_002,2,5,51207,51207,642048,642048,0.0,261945,方案/p2/n5/case_002_multicore_res.json,/Users/liyu/Desktop/中文题目/A题研究/advanced_solver/runs/formal_v2/evaluations/attempts/20260924T123842-2131565e597a498bb1185d87e89770dd/record.json,/Users/liyu/Desktop/中文题目/A题研究/advanced_solver/runs/formal_v2/evaluations/attempts/20260924T123842-2131565e597a498bb1185d87e89770dd/official_result.json.gz
case_002,3,1,261945,261945,0,0,0.0,261945,方案/p3/n1/case_002_multicore_res.json,/Users/liyu/Desktop/中文题目/A题研究/advanced_solver/runs/formal_v2/evaluations/attempts/20260924T234306-70872d1c588542329ed002204cca6ad9/record.json,/Users/liyu/Desktop/中文题目/A题研究/advanced_solver/runs/formal_v2/evaluations/attempts/20260924T234306-70872d1c588542329ed002204cca6ad9/official_result.json.gz
case_002,3,2,125561,125561,3975168,3975168,0.0,261945,方案/p3/n2/case_002_multicore_res.json,/Users/liyu/Desktop/中文题目/A题研究/advanced_solver/runs/formal_v2/evaluations/attempts/20260924T124536-4d135429e32a45d394b4c2df32441011/record.json,/Users/liyu/Desktop/中文题目/A题研究/advanced_solver/runs/formal_v2/evaluations/attempts/20260924T124536-4d135429e32a45d394b4c2df32441011/official_result.json.gz
case_002,3,3,82013,82013,632832,632832,0.0,261945,方案/p3/n3/case_002_multicore_res.json,/Users/liyu/Desktop/中文题目/A题研究/advanced_solver/runs/formal_v2/evaluations/attempts/20260924T235419-c71fce48a1df44afbc2ac359833aa977/record.json,/Users/liyu/Desktop/中文题目/A题研究/advanced_solver/runs/formal_v2/evaluations/attempts/20260924T235419-c71fce48a1df44afbc2ac359833aa977/official_result.json.gz
case_002,3,4,63304,63304,595968,595968,0.0,261945,方案/p3/n4/case_002_multicore_res.json,/Users/liyu/Desktop/中文题目/A题研究/advanced_solver/runs/formal_v2/evaluations/attempts/20260924T235419-39097fec8b4a4c3991a484756fc8755e/record.json,/Users/liyu/Desktop/中文题目/A题研究/advanced_solver/runs/formal_v2/evaluations/attempts/20260924T235419-39097fec8b4a4c3991a484756fc8755e/official_result.json.gz
case_002,3,5,51207,51207,642048,642048,0.0,261945,方案/p3/n5/case_002_multicore_res.json,/Users/liyu/Desktop/中文题目/A题研究/advanced_solver/runs/formal_v2/evaluations/attempts/20260924T124613-6031f1069748466ea285116f7c4e1716/record.json,/Users/liyu/Desktop/中文题目/A题研究/advanced_solver/runs/formal_v2/evaluations/attempts/20260924T124613-6031f1069748466ea285116f7c4e1716/official_result.json.gz
case_003,1,1,592320,592320,1314672,1314672,0.0,602212,方案/p1/n1/case_003_multicore_res.json,/Users/liyu/Desktop/中文题目/A题研究/advanced_solver/runs/formal_v2/evaluations/attempts/20260924T233836-afdb1763245f4bd798003b6fc317598a/record.json,/Users/liyu/Desktop/中文题目/A题研究/advanced_solver/runs/formal_v2/evaluations/attempts/20260924T233836-afdb1763245f4bd798003b6fc317598a/official_result.json.gz
case_003,1,2,538381,538381,98304,98304,0.0,602212,方案/p1/n2/case_003_multicore_res.json,/Users/liyu/Desktop/中文题目/A题研究/solver/runs/full_initial_v1/evaluations/attempts/20260924T093747-c5eb0aa176224a98bdc1419c5c4cffdb/record.json,/Users/liyu/Desktop/中文题目/A题研究/solver/runs/full_initial_v1/evaluations/attempts/20260924T093747-c5eb0aa176224a98bdc1419c5c4cffdb/official_result.json.gz
case_003,1,3,538381,538381,98304,98304,0.0,602212,方案/p1/n3/case_003_multicore_res.json,/Users/liyu/Desktop/中文题目/A题研究/实验记录/core_inheritance_v1/evaluations/attempts/20260924T131147-7fc9c627b00645b8b2d5d6c508e891dd/record.json,/Users/liyu/Desktop/中文题目/A题研究/实验记录/core_inheritance_v1/evaluations/attempts/20260924T131147-7fc9c627b00645b8b2d5d6c508e891dd/official_result.json.gz
case_003,1,4,538381,538381,98304,98304,0.0,602212,方案/p1/n4/case_003_multicore_res.json,/Users/liyu/Desktop/中文题目/A题研究/实验记录/core_inheritance_v1/evaluations/attempts/20260924T131236-a92b691610e043a0bf42240b23d024d6/record.json,/Users/liyu/Desktop/中文题目/A题研究/实验记录/core_inheritance_v1/evaluations/attempts/20260924T131236-a92b691610e043a0bf42240b23d024d6/official_result.json.gz
case_003,1,5,232913,232913,8482342,8482342,0.0,602212,方案/p1/n5/case_003_multicore_res.json,/Users/liyu/Desktop/中文题目/A题研究/advanced_solver/runs/formal_v2/evaluations/attempts/20260925T173416-0afecaa3b9474bfe825feae3cac97e07/record.json,/Users/liyu/Desktop/中文题目/A题研究/advanced_solver/runs/formal_v2/evaluations/attempts/20260925T173416-0afecaa3b9474bfe825feae3cac97e07/official_result.json.gz
case_003,2,1,602212,602212,0,0,0.0,602212,方案/p2/n1/case_003_multicore_res.json,/Users/liyu/Desktop/中文题目/A题研究/advanced_solver/runs/formal_v2/evaluations/attempts/20260924T234119-f9fc898887424b6fb9c83b0f2241cd34/record.json,/Users/liyu/Desktop/中文题目/A题研究/advanced_solver/runs/formal_v2/evaluations/attempts/20260924T234119-f9fc898887424b6fb9c83b0f2241cd34/official_result.json.gz
case_003,2,2,321883,321883,6032838,6032838,0.0,602212,方案/p2/n2/case_003_multicore_res.json,/Users/liyu/Desktop/中文题目/A题研究/advanced_solver/runs/formal_v2/evaluations/attempts/20260924T235306-f25f56025df24171b078af28a1e96ccb/record.json,/Users/liyu/Desktop/中文题目/A题研究/advanced_solver/runs/formal_v2/evaluations/attempts/20260924T235306-f25f56025df24171b078af28a1e96ccb/official_result.json.gz
case_003,2,3,201189,201189,3430748,3430748,0.0,602212,方案/p2/n3/case_003_multicore_res.json,/Users/liyu/Desktop/中文题目/A题研究/advanced_solver/runs/formal_v2/evaluations/attempts/20260924T233649-0d1f997b07f0453f915985256948ebf8/record.json,/Users/liyu/Desktop/中文题目/A题研究/advanced_solver/runs/formal_v2/evaluations/attempts/20260924T233649-0d1f997b07f0453f915985256948ebf8/official_result.json.gz
case_003,2,4,173817,173817,4750638,4750638,0.0,602212,方案/p2/n4/case_003_multicore_res.json,/Users/liyu/Desktop/中文题目/A题研究/advanced_solver/runs/formal_v2/evaluations/attempts/20260924T124302-7437b424b2394b2b94d1406244c5646d/record.json,/Users/liyu/Desktop/中文题目/A题研究/advanced_solver/runs/formal_v2/evaluations/attempts/20260924T124302-7437b424b2394b2b94d1406244c5646d/official_result.json.gz
case_003,2,5,157029,157029,5783280,5783280,0.0,602212,方案/p2/n5/case_003_multicore_res.json,/Users/liyu/Desktop/中文题目/A题研究/advanced_solver/runs/formal_v2/evaluations/attempts/20260925T112219-045c1eee4ea440908ca45dab243390a9/record.json,/Users/liyu/Desktop/中文题目/A题研究/advanced_solver/runs/formal_v2/evaluations/attempts/20260924T220621-2172bc4e5c8d4b3783da01425235ca13/official_result.json.gz
case_003,3,1,602212,602212,0,0,0.0,602212,方案/p3/n1/case_003_multicore_res.json,/Users/liyu/Desktop/中文题目/A题研究/advanced_solver/runs/formal_v2/evaluations/attempts/20260924T234122-7fda3ae962a04eeeafa8de4efb47eb59/record.json,/Users/liyu/Desktop/中文题目/A题研究/advanced_solver/runs/formal_v2/evaluations/attempts/20260924T234122-7fda3ae962a04eeeafa8de4efb47eb59/official_result.json.gz
case_003,3,2,321549,321549,6032838,6032838,0.0,602212,方案/p3/n2/case_003_multicore_res.json,/Users/liyu/Desktop/中文题目/A题研究/advanced_solver/runs/formal_v2/evaluations/attempts/20260924T234455-2a48bf4fecd04b9ca46b0f1ce2bd1530/record.json,/Users/liyu/Desktop/中文题目/A题研究/advanced_solver/runs/formal_v2/evaluations/attempts/20260924T234455-2a48bf4fecd04b9ca46b0f1ce2bd1530/official_result.json.gz
case_003,3,3,200944,200944,3430748,3430748,0.0,602212,方案/p3/n3/case_003_multicore_res.json,/Users/liyu/Desktop/中文题目/A题研究/advanced_solver/runs/formal_v2/evaluations/attempts/20260924T125135-d71266b7977546eeb910cd6d45e40a76/record.json,/Users/liyu/Desktop/中文题目/A题研究/advanced_solver/runs/formal_v2/evaluations/attempts/20260924T125135-d71266b7977546eeb910cd6d45e40a76/official_result.json.gz
case_003,3,4,168221,168221,4750638,4750638,0.0,602212,方案/p3/n4/case_003_multicore_res.json,/Users/liyu/Desktop/中文题目/A题研究/advanced_solver/runs/formal_v2/evaluations/attempts/20260924T125434-afb8143942a04d5d991948391136926d/record.json,/Users/liyu/Desktop/中文题目/A题研究/advanced_solver/runs/formal_v2/evaluations/attempts/20260924T125434-afb8143942a04d5d991948391136926d/official_result.json.gz
case_003,3,5,145137,145137,5783280,5783280,0.0,602212,方案/p3/n5/case_003_multicore_res.json,/Users/liyu/Desktop/中文题目/A题研究/advanced_solver/runs/formal_v2/evaluations/attempts/20260925T112039-5a8e1d87b05d4abdb169fb9d079b6cc8/record.json,/Users/liyu/Desktop/中文题目/A题研究/advanced_solver/runs/formal_v2/evaluations/attempts/20260925T112039-5a8e1d87b05d4abdb169fb9d079b6cc8/official_result.json.gz
case_004,1,1,392357,392357,0,0,0.0,392357,方案/p1/n1/case_004_multicore_res.json,/Users/liyu/Desktop/中文题目/A题研究/advanced_solver/runs/formal_v2/evaluations/attempts/20260924T233954-451388fe0dac4e8fb510282c1ff8d4e6/record.json,/Users/liyu/Desktop/中文题目/A题研究/advanced_solver/runs/formal_v2/evaluations/attempts/20260924T233954-451388fe0dac4e8fb510282c1ff8d4e6/official_result.json.gz
case_004,1,2,199074,199074,110592,110592,0.0,392357,方案/p1/n2/case_004_multicore_res.json,/Users/liyu/Desktop/中文题目/A题研究/solver/runs/full_initial_v1/evaluations/attempts/20260924T093705-bd1102044414423b90b30c5851fb4038/record.json,/Users/liyu/Desktop/中文题目/A题研究/solver/runs/full_initial_v1/evaluations/attempts/20260924T093705-bd1102044414423b90b30c5851fb4038/official_result.json.gz
case_004,1,3,134043,134043,221184,221184,0.0,392357,方案/p1/n3/case_004_multicore_res.json,/Users/liyu/Desktop/中文题目/A题研究/advanced_solver/runs/formal_v2/evaluations/attempts/20260924T123832-3f4097d0053a49c081c0732d9b44458e/record.json,/Users/liyu/Desktop/中文题目/A题研究/advanced_solver/runs/formal_v2/evaluations/attempts/20260924T123832-3f4097d0053a49c081c0732d9b44458e/official_result.json.gz
case_004,1,4,104188,104188,331776,331776,0.0,392357,方案/p1/n4/case_004_multicore_res.json,/Users/liyu/Desktop/中文题目/A题研究/advanced_solver/runs/formal_v2/evaluations/attempts/20260924T123835-cfc35333fc8840b685fdd2888dd516eb/record.json,/Users/liyu/Desktop/中文题目/A题研究/advanced_solver/runs/formal_v2/evaluations/attempts/20260924T123835-cfc35333fc8840b685fdd2888dd516eb/official_result.json.gz
case_004,1,5,88341,88341,442368,442368,0.0,392357,方案/p1/n5/case_004_multicore_res.json,/Users/liyu/Desktop/中文题目/A题研究/solver/runs/full_initial_v1/evaluations/attempts/20260924T093706-8ef6c1a5175647b095a944717ef1de95/record.json,/Users/liyu/Desktop/中文题目/A题研究/solver/runs/full_initial_v1/evaluations/attempts/20260924T093706-8ef6c1a5175647b095a944717ef1de95/official_result.json.gz
case_004,2,1,392357,392357,0,0,0.0,392357,方案/p2/n1/case_004_multicore_res.json,/Users/liyu/Desktop/中文题目/A题研究/advanced_solver/runs/formal_v2/evaluations/attempts/20260924T234320-849c3839856e4408b3100852b7a86cdc/record.json,/Users/liyu/Desktop/中文题目/A题研究/advanced_solver/runs/formal_v2/evaluations/attempts/20260924T234320-849c3839856e4408b3100852b7a86cdc/official_result.json.gz
case_004,2,2,197916,197916,125952,125952,0.0,392357,方案/p2/n2/case_004_multicore_res.json,/Users/liyu/Desktop/中文题目/A题研究/advanced_solver/runs/formal_v2/evaluations/attempts/20260924T235427-0112808f4f54447f8862f4d9a6bbe40c/record.json,/Users/liyu/Desktop/中文题目/A题研究/advanced_solver/runs/formal_v2/evaluations/attempts/20260924T235427-0112808f4f54447f8862f4d9a6bbe40c/official_result.json.gz
case_004,2,3,130725,130725,1474560,1474560,0.0,392357,方案/p2/n3/case_004_multicore_res.json,/Users/liyu/Desktop/中文题目/A题研究/advanced_solver/runs/formal_v2/evaluations/attempts/20260924T233854-65111f2f21c64bdd8039827649091008/record.json,/Users/liyu/Desktop/中文题目/A题研究/advanced_solver/runs/formal_v2/evaluations/attempts/20260924T233854-65111f2f21c64bdd8039827649091008/official_result.json.gz
case_004,2,4,100636,100636,1474560,1474560,0.0,392357,方案/p2/n4/case_004_multicore_res.json,/Users/liyu/Desktop/中文题目/A题研究/advanced_solver/runs/formal_v2/evaluations/attempts/20260924T123832-f3987664278c492fab62477753fccf44/record.json,/Users/liyu/Desktop/中文题目/A题研究/advanced_solver/runs/formal_v2/evaluations/attempts/20260924T123832-f3987664278c492fab62477753fccf44/official_result.json.gz
case_004,2,5,81107,81107,2863104,2863104,0.0,392357,方案/p2/n5/case_004_multicore_res.json,/Users/liyu/Desktop/中文题目/A题研究/advanced_solver/runs/formal_v2/evaluations/attempts/20260925T112016-545c655da9b248a0b7dd6e2ce7d7d9bb/record.json,/Users/liyu/Desktop/中文题目/A题研究/advanced_solver/runs/formal_v2/evaluations/attempts/20260924T220621-284a42cc695b405f815a8bddd18c119f/official_result.json.gz
case_004,3,1,392357,392357,0,0,0.0,392357,方案/p3/n1/case_004_multicore_res.json,/Users/liyu/Desktop/中文题目/A题研究/advanced_solver/runs/formal_v2/evaluations/attempts/20260924T234320-d1e5e8d8466843eaad63b125084222f1/record.json,/Users/liyu/Desktop/中文题目/A题研究/advanced_solver/runs/formal_v2/evaluations/attempts/20260924T234320-d1e5e8d8466843eaad63b125084222f1/official_result.json.gz
case_004,3,2,197916,197916,125952,125952,0.0,392357,方案/p3/n2/case_004_multicore_res.json,/Users/liyu/Desktop/中文题目/A题研究/advanced_solver/runs/formal_v2/evaluations/attempts/20260924T234005-b51dcd2dc7f94f81bf2ba1fdf868ae89/record.json,/Users/liyu/Desktop/中文题目/A题研究/advanced_solver/runs/formal_v2/evaluations/attempts/20260924T234005-b51dcd2dc7f94f81bf2ba1fdf868ae89/official_result.json.gz
case_004,3,3,130725,130725,1474560,1474560,0.0,392357,方案/p3/n3/case_004_multicore_res.json,/Users/liyu/Desktop/中文题目/A题研究/advanced_solver/runs/formal_v2/evaluations/attempts/20260924T124629-97f512f41a0742cc9003441e1b0eeb2f/record.json,/Users/liyu/Desktop/中文题目/A题研究/advanced_solver/runs/formal_v2/evaluations/attempts/20260924T124629-97f512f41a0742cc9003441e1b0eeb2f/official_result.json.gz
case_004,3,4,100126,100126,1474560,1474560,0.0,392357,方案/p3/n4/case_004_multicore_res.json,/Users/liyu/Desktop/中文题目/A题研究/advanced_solver/runs/formal_v2/evaluations/attempts/20260924T124635-87781db743354ea7ac7ab17a789c26ff/record.json,/Users/liyu/Desktop/中文题目/A题研究/advanced_solver/runs/formal_v2/evaluations/attempts/20260924T124635-87781db743354ea7ac7ab17a789c26ff/official_result.json.gz
case_004,3,5,81107,81107,2863104,2863104,0.0,392357,方案/p3/n5/case_004_multicore_res.json,/Users/liyu/Desktop/中文题目/A题研究/advanced_solver/runs/formal_v2/evaluations/attempts/20260924T124645-2ba2e2296fcc42798bb32c7499ca1da9/record.json,/Users/liyu/Desktop/中文题目/A题研究/advanced_solver/runs/formal_v2/evaluations/attempts/20260924T124645-2ba2e2296fcc42798bb32c7499ca1da9/official_result.json.gz
case_005,1,1,95537,95537,319314,319314,0.0,95618,方案/p1/n1/case_005_multicore_res.json,/Users/liyu/Desktop/中文题目/A题研究/advanced_solver/runs/formal_v2/evaluations/attempts/20260924T233934-4111431e8fb84cbfa0c6b5312b2e55e6/record.json,/Users/liyu/Desktop/中文题目/A题研究/advanced_solver/runs/formal_v2/evaluations/attempts/20260924T233934-4111431e8fb84cbfa0c6b5312b2e55e6/official_result.json.gz
case_005,1,2,95439,95439,99558,99558,0.0,95618,方案/p1/n2/case_005_multicore_res.json,/Users/liyu/Desktop/中文题目/A题研究/advanced_solver/runs/formal_v2/evaluations/attempts/20260924T123845-090ba936b2954640a71ba28836a27e40/record.json,/Users/liyu/Desktop/中文题目/A题研究/advanced_solver/runs/formal_v2/evaluations/attempts/20260924T123845-090ba936b2954640a71ba28836a27e40/official_result.json.gz
case_005,1,3,95439,95439,99558,99558,0.0,95618,方案/p1/n3/case_005_multicore_res.json,/Users/liyu/Desktop/中文题目/A题研究/实验记录/core_inheritance_v1/evaluations/attempts/20260924T131330-5057508336e0421ab6e3c789a0423306/record.json,/Users/liyu/Desktop/中文题目/A题研究/实验记录/core_inheritance_v1/evaluations/attempts/20260924T131330-5057508336e0421ab6e3c789a0423306/official_result.json.gz
case_005,1,4,70732,70732,1362706,1362706,0.0,95618,方案/p1/n4/case_005_multicore_res.json,/Users/liyu/Desktop/中文题目/A题研究/advanced_solver/runs/formal_v2/evaluations/attempts/20260924T234318-184145049e414191b85baa118c384c46/record.json,/Users/liyu/Desktop/中文题目/A题研究/advanced_solver/runs/formal_v2/evaluations/attempts/20260924T234318-184145049e414191b85baa118c384c46/official_result.json.gz
case_005,1,5,51854,51854,2089762,2089762,0.0,95618,方案/p1/n5/case_005_multicore_res.json,/Users/liyu/Desktop/中文题目/A题研究/advanced_solver/runs/formal_v2/evaluations/attempts/20260925T172648-5756bbcb33ec41a186ca918783f5131e/record.json,/Users/liyu/Desktop/中文题目/A题研究/advanced_solver/runs/formal_v2/evaluations/attempts/20260925T172648-5756bbcb33ec41a186ca918783f5131e/official_result.json.gz
case_005,2,1,95618,95618,0,0,0.0,95618,方案/p2/n1/case_005_multicore_res.json,/Users/liyu/Desktop/中文题目/A题研究/advanced_solver/runs/formal_v2/evaluations/attempts/20260924T234250-e78cd040f0174acea1111a61a425d734/record.json,/Users/liyu/Desktop/中文题目/A题研究/advanced_solver/runs/formal_v2/evaluations/attempts/20260924T234250-e78cd040f0174acea1111a61a425d734/official_result.json.gz
case_005,2,2,51025,51025,690726,690726,0.0,95618,方案/p2/n2/case_005_multicore_res.json,/Users/liyu/Desktop/中文题目/A题研究/advanced_solver/runs/formal_v2/evaluations/attempts/20260924T233826-8b3f6187bae345d6826081d6b4dfb2f7/record.json,/Users/liyu/Desktop/中文题目/A题研究/advanced_solver/runs/formal_v2/evaluations/attempts/20260924T233826-8b3f6187bae345d6826081d6b4dfb2f7/official_result.json.gz
case_005,2,3,39002,39002,1152972,1152972,0.0,95618,方案/p2/n3/case_005_multicore_res.json,/Users/liyu/Desktop/中文题目/A题研究/advanced_solver/runs/formal_v2/evaluations/attempts/20260924T235408-e224608db98541a69c293940c925de15/record.json,/Users/liyu/Desktop/中文题目/A题研究/advanced_solver/runs/formal_v2/evaluations/attempts/20260924T235408-e224608db98541a69c293940c925de15/official_result.json.gz
case_005,2,4,37038,37038,1555314,1555314,0.0,95618,方案/p2/n4/case_005_multicore_res.json,/Users/liyu/Desktop/中文题目/A题研究/advanced_solver/runs/formal_v2/evaluations/attempts/20260924T235409-cda4edd2162e45e58bee8e6724ac3a72/record.json,/Users/liyu/Desktop/中文题目/A题研究/advanced_solver/runs/formal_v2/evaluations/attempts/20260924T235409-cda4edd2162e45e58bee8e6724ac3a72/official_result.json.gz
case_005,2,5,36856,36856,1546098,1546098,0.0,95618,方案/p2/n5/case_005_multicore_res.json,/Users/liyu/Desktop/中文题目/A题研究/advanced_solver/runs/formal_v2/evaluations/attempts/20260925T172937-40f43391694d4f848493746c2c7ca222/record.json,/Users/liyu/Desktop/中文题目/A题研究/advanced_solver/runs/formal_v2/evaluations/attempts/20260925T172937-40f43391694d4f848493746c2c7ca222/official_result.json.gz
case_005,3,1,95618,95618,0,0,0.0,95618,方案/p3/n1/case_005_multicore_res.json,/Users/liyu/Desktop/中文题目/A题研究/advanced_solver/runs/formal_v2/evaluations/attempts/20260924T234251-08dd86a500714deaa1c319cb7826aab6/record.json,/Users/liyu/Desktop/中文题目/A题研究/advanced_solver/runs/formal_v2/evaluations/attempts/20260924T234251-08dd86a500714deaa1c319cb7826aab6/official_result.json.gz
case_005,3,2,50990,50990,690726,690726,0.0,95618,方案/p3/n2/case_005_multicore_res.json,/Users/liyu/Desktop/中文题目/A题研究/advanced_solver/runs/formal_v2/evaluations/attempts/20260924T124710-80a9d2cfc7444055b8d44d0edf11cfe2/record.json,/Users/liyu/Desktop/中文题目/A题研究/advanced_solver/runs/formal_v2/evaluations/attempts/20260924T124710-80a9d2cfc7444055b8d44d0edf11cfe2/official_result.json.gz
case_005,3,3,37103,37103,1152972,1152972,0.0,95618,方案/p3/n3/case_005_multicore_res.json,/Users/liyu/Desktop/中文题目/A题研究/advanced_solver/runs/formal_v2/evaluations/attempts/20260924T234057-a395c370f54647048b9a57c79091ce3e/record.json,/Users/liyu/Desktop/中文题目/A题研究/advanced_solver/runs/formal_v2/evaluations/attempts/20260924T234057-a395c370f54647048b9a57c79091ce3e/official_result.json.gz
case_005,3,4,34188,34188,1555314,1555314,0.0,95618,方案/p3/n4/case_005_multicore_res.json,/Users/liyu/Desktop/中文题目/A题研究/advanced_solver/runs/formal_v2/evaluations/attempts/20260924T234058-7af7ae1cbdcf4b95a34cbd56077dc44f/record.json,/Users/liyu/Desktop/中文题目/A题研究/advanced_solver/runs/formal_v2/evaluations/attempts/20260924T234058-7af7ae1cbdcf4b95a34cbd56077dc44f/official_result.json.gz
case_005,3,5,33821,33821,1546098,1546098,0.0,95618,方案/p3/n5/case_005_multicore_res.json,/Users/liyu/Desktop/中文题目/A题研究/advanced_solver/runs/formal_v2/evaluations/attempts/20260925T173918-5e3320aa63024d19983ccb1837925471/record.json,/Users/liyu/Desktop/中文题目/A题研究/advanced_solver/runs/formal_v2/evaluations/attempts/20260925T173918-5e3320aa63024d19983ccb1837925471/official_result.json.gz
case_006,1,1,82837,82837,16400,16400,0.0,82837,方案/p1/n1/case_006_multicore_res.json,/Users/liyu/Desktop/中文题目/A题研究/advanced_solver/runs/formal_v2/evaluations/attempts/20260924T233955-f8ce0c8b376040c49c9e535910c05e87/record.json,/Users/liyu/Desktop/中文题目/A题研究/advanced_solver/runs/formal_v2/evaluations/attempts/20260924T233955-f8ce0c8b376040c49c9e535910c05e87/official_result.json.gz
case_006,1,2,45580,45580,91264,91264,0.0,82837,方案/p1/n2/case_006_multicore_res.json,/Users/liyu/Desktop/中文题目/A题研究/advanced_solver/runs/formal_v2/evaluations/attempts/20260924T234138-e2ddf62ae5d3405288ec038f90b96989/record.json,/Users/liyu/Desktop/中文题目/A题研究/advanced_solver/runs/formal_v2/evaluations/attempts/20260924T234138-e2ddf62ae5d3405288ec038f90b96989/official_result.json.gz
case_006,1,3,31151,31151,13824,13824,0.0,82837,方案/p1/n3/case_006_multicore_res.json,/Users/liyu/Desktop/中文题目/A题研究/advanced_solver/runs/formal_v2/evaluations/attempts/20260924T123842-41ecc3be800d44ccac6998de251ba566/record.json,/Users/liyu/Desktop/中文题目/A题研究/advanced_solver/runs/formal_v2/evaluations/attempts/20260924T123842-41ecc3be800d44ccac6998de251ba566/official_result.json.gz
case_006,1,4,31151,31151,13824,13824,0.0,82837,方案/p1/n4/case_006_multicore_res.json,/Users/liyu/Desktop/中文题目/A题研究/实验记录/core_inheritance_v1/evaluations/attempts/20260924T131335-a56d7621cd094c719cd9d3cdfdd1a743/record.json,/Users/liyu/Desktop/中文题目/A题研究/实验记录/core_inheritance_v1/evaluations/attempts/20260924T131335-a56d7621cd094c719cd9d3cdfdd1a743/official_result.json.gz
case_006,1,5,31151,31151,13824,13824,0.0,82837,方案/p1/n5/case_006_multicore_res.json,/Users/liyu/Desktop/中文题目/A题研究/实验记录/core_inheritance_v1/evaluations/attempts/20260924T131336-d71176b24a5841509ad1e2b65883adf5/record.json,/Users/liyu/Desktop/中文题目/A题研究/实验记录/core_inheritance_v1/evaluations/attempts/20260924T131336-d71176b24a5841509ad1e2b65883adf5/official_result.json.gz
case_006,2,1,82837,82837,16400,16400,0.0,82837,方案/p2/n1/case_006_multicore_res.json,/Users/liyu/Desktop/中文题目/A题研究/advanced_solver/runs/formal_v2/evaluations/attempts/20260924T234322-7c54bfdd8ad74ea89d2ad845813cb711/record.json,/Users/liyu/Desktop/中文题目/A题研究/advanced_solver/runs/formal_v2/evaluations/attempts/20260924T234322-7c54bfdd8ad74ea89d2ad845813cb711/official_result.json.gz
case_006,2,2,39362,39362,3456,3456,0.0,82837,方案/p2/n2/case_006_multicore_res.json,/Users/liyu/Desktop/中文题目/A题研究/advanced_solver/runs/formal_v2/evaluations/attempts/20260924T233856-0bdeed03f43e4e2ea92ddbf58fd6f5b9/record.json,/Users/liyu/Desktop/中文题目/A题研究/advanced_solver/runs/formal_v2/evaluations/attempts/20260924T233856-0bdeed03f43e4e2ea92ddbf58fd6f5b9/official_result.json.gz
case_006,2,3,31151,31151,0,0,0.0,82837,方案/p2/n3/case_006_multicore_res.json,/Users/liyu/Desktop/中文题目/A题研究/advanced_solver/runs/formal_v2/evaluations/attempts/20260924T123848-326309c08a6142379debaf0f98689d16/record.json,/Users/liyu/Desktop/中文题目/A题研究/advanced_solver/runs/formal_v2/evaluations/attempts/20260924T123848-326309c08a6142379debaf0f98689d16/official_result.json.gz
case_006,2,4,31151,31151,0,0,0.0,82837,方案/p2/n4/case_006_multicore_res.json,/Users/liyu/Desktop/中文题目/A题研究/实验记录/core_inheritance_v1/evaluations/attempts/20260924T131336-2c588eece0934f2da6ed0b5736c6c445/record.json,/Users/liyu/Desktop/中文题目/A题研究/实验记录/core_inheritance_v1/evaluations/attempts/20260924T131336-2c588eece0934f2da6ed0b5736c6c445/official_result.json.gz
case_006,2,5,31151,31151,0,0,0.0,82837,方案/p2/n5/case_006_multicore_res.json,/Users/liyu/Desktop/中文题目/A题研究/实验记录/core_inheritance_v1/evaluations/attempts/20260924T131336-b78d7fe94207473bba4a8e9f6d8b5b5f/record.json,/Users/liyu/Desktop/中文题目/A题研究/实验记录/core_inheritance_v1/evaluations/attempts/20260924T131336-b78d7fe94207473bba4a8e9f6d8b5b5f/official_result.json.gz
case_006,3,1,82837,82837,16400,16400,0.0,82837,方案/p3/n1/case_006_multicore_res.json,/Users/liyu/Desktop/中文题目/A题研究/advanced_solver/runs/formal_v2/evaluations/attempts/20260924T234322-a35712dd92ea4470b28ce31673a4d465/record.json,/Users/liyu/Desktop/中文题目/A题研究/advanced_solver/runs/formal_v2/evaluations/attempts/20260924T234322-a35712dd92ea4470b28ce31673a4d465/official_result.json.gz
case_006,3,2,39362,39362,3456,3456,0.0,82837,方案/p3/n2/case_006_multicore_res.json,/Users/liyu/Desktop/中文题目/A题研究/advanced_solver/runs/formal_v2/evaluations/attempts/20260924T124855-082443feb321472daf77b371b4606f3f/record.json,/Users/liyu/Desktop/中文题目/A题研究/advanced_solver/runs/formal_v2/evaluations/attempts/20260924T124855-082443feb321472daf77b371b4606f3f/official_result.json.gz
case_006,3,3,31151,31151,0,0,0.0,82837,方案/p3/n3/case_006_multicore_res.json,/Users/liyu/Desktop/中文题目/A题研究/advanced_solver/runs/formal_v2/evaluations/attempts/20260924T124857-0ddcdb64bc014f579dcbcd04c810ca13/record.json,/Users/liyu/Desktop/中文题目/A题研究/advanced_solver/runs/formal_v2/evaluations/attempts/20260924T124857-0ddcdb64bc014f579dcbcd04c810ca13/official_result.json.gz
case_006,3,4,31151,31151,0,0,0.0,82837,方案/p3/n4/case_006_multicore_res.json,/Users/liyu/Desktop/中文题目/A题研究/实验记录/core_inheritance_v1/evaluations/attempts/20260924T131337-c2f6afb0bb1e4ec48254b3322d70eda0/record.json,/Users/liyu/Desktop/中文题目/A题研究/实验记录/core_inheritance_v1/evaluations/attempts/20260924T131337-c2f6afb0bb1e4ec48254b3322d70eda0/official_result.json.gz
case_006,3,5,31151,31151,0,0,0.0,82837,方案/p3/n5/case_006_multicore_res.json,/Users/liyu/Desktop/中文题目/A题研究/实验记录/core_inheritance_v1/evaluations/attempts/20260924T131337-f92eddf341a24b799dfa053fdca61f78/record.json,/Users/liyu/Desktop/中文题目/A题研究/实验记录/core_inheritance_v1/evaluations/attempts/20260924T131337-f92eddf341a24b799dfa053fdca61f78/official_result.json.gz
case_007,1,1,1013588,1013588,82944,82944,0.0,1012562,方案/p1/n1/case_007_multicore_res.json,/Users/liyu/Desktop/中文题目/A题研究/advanced_solver/runs/formal_v2/evaluations/attempts/20260924T233924-c45acacb8ae143ef8890a6f2b144fc8b/record.json,/Users/liyu/Desktop/中文题目/A题研究/advanced_solver/runs/formal_v2/evaluations/attempts/20260924T233924-c45acacb8ae143ef8890a6f2b144fc8b/official_result.json.gz
case_007,1,2,507494,507494,27648,27648,0.0,1012562,方案/p1/n2/case_007_multicore_res.json,/Users/liyu/Desktop/中文题目/A题研究/solver/runs/full_initial_v1/evaluations/attempts/20260924T093713-afd045b104a6437197e4a8e5eb5afbbe/record.json,/Users/liyu/Desktop/中文题目/A题研究/solver/runs/full_initial_v1/evaluations/attempts/20260924T093713-afd045b104a6437197e4a8e5eb5afbbe/official_result.json.gz
case_007,1,3,338094,338094,55296,55296,0.0,1012562,方案/p1/n3/case_007_multicore_res.json,/Users/liyu/Desktop/中文题目/A题研究/advanced_solver/runs/formal_v2/evaluations/attempts/20260924T123914-c8fbe56a011e43e0bb78a33fcf0e0442/record.json,/Users/liyu/Desktop/中文题目/A题研究/advanced_solver/runs/formal_v2/evaluations/attempts/20260924T123914-c8fbe56a011e43e0bb78a33fcf0e0442/official_result.json.gz
case_007,1,4,254398,254398,82944,82944,0.0,1012562,方案/p1/n4/case_007_multicore_res.json,/Users/liyu/Desktop/中文题目/A题研究/advanced_solver/runs/formal_v2/evaluations/attempts/20260924T123944-cc8f26df6af543d193a24219514f7413/record.json,/Users/liyu/Desktop/中文题目/A题研究/advanced_solver/runs/formal_v2/evaluations/attempts/20260924T123944-cc8f26df6af543d193a24219514f7413/official_result.json.gz
case_007,1,5,203834,203834,110592,110592,0.0,1012562,方案/p1/n5/case_007_multicore_res.json,/Users/liyu/Desktop/中文题目/A题研究/solver/runs/full_initial_v1/evaluations/attempts/20260924T093723-05a502307b5c4221b1e6054a3c1091f9/record.json,/Users/liyu/Desktop/中文题目/A题研究/solver/runs/full_initial_v1/evaluations/attempts/20260924T093723-05a502307b5c4221b1e6054a3c1091f9/official_result.json.gz
case_007,2,1,1012562,1012562,0,0,0.0,1012562,方案/p2/n1/case_007_multicore_res.json,/Users/liyu/Desktop/中文题目/A题研究/advanced_solver/runs/formal_v2/evaluations/attempts/20260924T234234-209df5a2f9c8499abb891ade0659ed67/record.json,/Users/liyu/Desktop/中文题目/A题研究/advanced_solver/runs/formal_v2/evaluations/attempts/20260924T234234-209df5a2f9c8499abb891ade0659ed67/official_result.json.gz
case_007,2,2,506906,506906,35328,35328,0.0,1012562,方案/p2/n2/case_007_multicore_res.json,/Users/liyu/Desktop/中文题目/A题研究/advanced_solver/runs/formal_v2/evaluations/attempts/20260924T123911-d52ac376cbf54a52b864ca00ff3cf1b7/record.json,/Users/liyu/Desktop/中文题目/A题研究/advanced_solver/runs/formal_v2/evaluations/attempts/20260924T123911-d52ac376cbf54a52b864ca00ff3cf1b7/official_result.json.gz
case_007,2,3,338094,338094,55296,55296,0.0,1012562,方案/p2/n3/case_007_multicore_res.json,/Users/liyu/Desktop/中文题目/A题研究/advanced_solver/runs/formal_v2/evaluations/attempts/20260924T123916-3e922676e1d54c68bbea51a1638799bf/record.json,/Users/liyu/Desktop/中文题目/A题研究/advanced_solver/runs/formal_v2/evaluations/attempts/20260924T123916-3e922676e1d54c68bbea51a1638799bf/official_result.json.gz
case_007,2,4,254398,254398,82944,82944,0.0,1012562,方案/p2/n4/case_007_multicore_res.json,/Users/liyu/Desktop/中文题目/A题研究/advanced_solver/runs/formal_v2/evaluations/attempts/20260924T123929-788e0cd254464df6ad0e38c3a3f1650e/record.json,/Users/liyu/Desktop/中文题目/A题研究/advanced_solver/runs/formal_v2/evaluations/attempts/20260924T123929-788e0cd254464df6ad0e38c3a3f1650e/official_result.json.gz
case_007,2,5,196870,196870,110592,110592,0.0,1012562,方案/p2/n5/case_007_multicore_res.json,/Users/liyu/Desktop/中文题目/A题研究/advanced_solver/runs/formal_v2/evaluations/attempts/20260925T155738-87f32f2ba34341ee8a68fa26181662c1/record.json,/Users/liyu/Desktop/中文题目/A题研究/advanced_solver/runs/formal_v2/evaluations/attempts/20260925T155738-87f32f2ba34341ee8a68fa26181662c1/official_result.json.gz
case_007,3,1,1012562,1012562,0,0,0.0,1012562,方案/p3/n1/case_007_multicore_res.json,/Users/liyu/Desktop/中文题目/A题研究/advanced_solver/runs/formal_v2/evaluations/attempts/20260924T234235-e3baba7e3f7f474a9e15fa763dc818ba/record.json,/Users/liyu/Desktop/中文题目/A题研究/advanced_solver/runs/formal_v2/evaluations/attempts/20260924T234235-e3baba7e3f7f474a9e15fa763dc818ba/official_result.json.gz
case_007,3,2,506906,506906,35328,35328,0.0,1012562,方案/p3/n2/case_007_multicore_res.json,/Users/liyu/Desktop/中文题目/A题研究/advanced_solver/runs/formal_v2/evaluations/attempts/20260924T124955-2161056be7814947819fe99cd6272e5d/record.json,/Users/liyu/Desktop/中文题目/A题研究/advanced_solver/runs/formal_v2/evaluations/attempts/20260924T124955-2161056be7814947819fe99cd6272e5d/official_result.json.gz
case_007,3,3,338094,338094,55296,55296,0.0,1012562,方案/p3/n3/case_007_multicore_res.json,/Users/liyu/Desktop/中文题目/A题研究/advanced_solver/runs/formal_v2/evaluations/attempts/20260924T125008-8fa4175789b84b089551b1d1832bb1b5/record.json,/Users/liyu/Desktop/中文题目/A题研究/advanced_solver/runs/formal_v2/evaluations/attempts/20260924T125008-8fa4175789b84b089551b1d1832bb1b5/official_result.json.gz
case_007,3,4,254398,254398,82944,82944,0.0,1012562,方案/p3/n4/case_007_multicore_res.json,/Users/liyu/Desktop/中文题目/A题研究/advanced_solver/runs/formal_v2/evaluations/attempts/20260924T125039-7252712cca7f4d798dea0a8a9c3f4cb2/record.json,/Users/liyu/Desktop/中文题目/A题研究/advanced_solver/runs/formal_v2/evaluations/attempts/20260924T125039-7252712cca7f4d798dea0a8a9c3f4cb2/official_result.json.gz
case_007,3,5,196870,196870,110592,110592,0.0,1012562,方案/p3/n5/case_007_multicore_res.json,/Users/liyu/Desktop/中文题目/A题研究/advanced_solver/runs/formal_v2/evaluations/attempts/20260925T155753-e2388210b4884aa98c87038ce1471723/record.json,/Users/liyu/Desktop/中文题目/A题研究/advanced_solver/runs/formal_v2/evaluations/attempts/20260925T155753-e2388210b4884aa98c87038ce1471723/official_result.json.gz
case_008,1,1,487605,487605,0,0,0.0,487605,方案/p1/n1/case_008_multicore_res.json,/Users/liyu/Desktop/中文题目/A题研究/solver/runs/pilot_fullpool_v2/evaluations/attempts/20260924T093803-4b2813ddefc44c5e9a814ba09abbca2f/record.json,/Users/liyu/Desktop/中文题目/A题研究/solver/runs/pilot_fullpool_v2/evaluations/attempts/20260924T093751-31c30ced1eba4afa86b54287bbcfdbae/official_result.json.gz
case_008,1,2,244266,244266,0,0,0.0,487605,方案/p1/n2/case_008_multicore_res.json,/Users/liyu/Desktop/中文题目/A题研究/solver/runs/full_initial_v1/evaluations/attempts/20260924T093710-8bb1bf73c4104e4fad3dec4ec0226c37/record.json,/Users/liyu/Desktop/中文题目/A题研究/solver/runs/full_initial_v1/evaluations/attempts/20260924T093710-8bb1bf73c4104e4fad3dec4ec0226c37/official_result.json.gz
case_008,1,3,163359,163359,0,0,0.0,487605,方案/p1/n3/case_008_multicore_res.json,/Users/liyu/Desktop/中文题目/A题研究/advanced_solver/runs/formal_v2/evaluations/attempts/20260924T123914-00d52e05f0dd47ebab354c61d1523e40/record.json,/Users/liyu/Desktop/中文题目/A题研究/advanced_solver/runs/formal_v2/evaluations/attempts/20260924T123914-00d52e05f0dd47ebab354c61d1523e40/official_result.json.gz
case_008,1,4,123060,123060,0,0,0.0,487605,方案/p1/n4/case_008_multicore_res.json,/Users/liyu/Desktop/中文题目/A题研究/advanced_solver/runs/formal_v2/evaluations/attempts/20260924T123918-864fd38555a74705b2ed723298893161/record.json,/Users/liyu/Desktop/中文题目/A题研究/advanced_solver/runs/formal_v2/evaluations/attempts/20260924T123918-864fd38555a74705b2ed723298893161/official_result.json.gz
case_008,1,5,100603,100603,0,0,0.0,487605,方案/p1/n5/case_008_multicore_res.json,/Users/liyu/Desktop/中文题目/A题研究/solver/runs/full_initial_v1/evaluations/attempts/20260924T093712-dd4a6f021a9e4c5aac96bb070cb7c060/record.json,/Users/liyu/Desktop/中文题目/A题研究/solver/runs/full_initial_v1/evaluations/attempts/20260924T093712-dd4a6f021a9e4c5aac96bb070cb7c060/official_result.json.gz
case_008,2,1,487605,487605,0,0,0.0,487605,方案/p2/n1/case_008_multicore_res.json,/Users/liyu/Desktop/中文题目/A题研究/solver/runs/pilot_fullpool_v2/evaluations/attempts/20260924T093803-b08c5a7ae1084d1db757636d1ac062ac/record.json,/Users/liyu/Desktop/中文题目/A题研究/solver/runs/pilot_fullpool_v2/evaluations/attempts/20260924T093755-56ab02ffe29f46168be47ff464506fb4/official_result.json.gz
case_008,2,2,244266,244266,0,0,0.0,487605,方案/p2/n2/case_008_multicore_res.json,/Users/liyu/Desktop/中文题目/A题研究/solver/runs/full_initial_v1/evaluations/attempts/20260924T093712-e79f20cd4dc144d1a4d84e66f8ff3335/record.json,/Users/liyu/Desktop/中文题目/A题研究/solver/runs/full_initial_v1/evaluations/attempts/20260924T093712-e79f20cd4dc144d1a4d84e66f8ff3335/official_result.json.gz
case_008,2,3,163359,163359,0,0,0.0,487605,方案/p2/n3/case_008_multicore_res.json,/Users/liyu/Desktop/中文题目/A题研究/advanced_solver/runs/formal_v2/evaluations/attempts/20260924T123930-16b5076a03324ff6b19dec62f1c932c1/record.json,/Users/liyu/Desktop/中文题目/A题研究/advanced_solver/runs/formal_v2/evaluations/attempts/20260924T123930-16b5076a03324ff6b19dec62f1c932c1/official_result.json.gz
case_008,2,4,123060,123060,0,0,0.0,487605,方案/p2/n4/case_008_multicore_res.json,/Users/liyu/Desktop/中文题目/A题研究/advanced_solver/runs/formal_v2/evaluations/attempts/20260924T123932-decc5af27db549e1b4a4900132c49333/record.json,/Users/liyu/Desktop/中文题目/A题研究/advanced_solver/runs/formal_v2/evaluations/attempts/20260924T123932-decc5af27db549e1b4a4900132c49333/official_result.json.gz
case_008,2,5,55855,55855,0,0,0.0,487605,方案/p2/n5/case_008_multicore_res.json,/Users/liyu/Desktop/中文题目/A题研究/精修求解器/runs/wcc_interleave_v1/evaluations/attempts/20260924T132133-978aabadda1c4757b678cebc0db5bd6e/record.json,/Users/liyu/Desktop/中文题目/A题研究/精修求解器/runs/wcc_interleave_v1/evaluations/attempts/20260924T132133-978aabadda1c4757b678cebc0db5bd6e/official_result.json.gz
case_008,3,1,487605,487605,0,0,0.0,487605,方案/p3/n1/case_008_multicore_res.json,/Users/liyu/Desktop/中文题目/A题研究/solver/runs/pilot_fullpool_v2/evaluations/attempts/20260924T093803-ebcfe57f92044605951666eb8609eedf/record.json,/Users/liyu/Desktop/中文题目/A题研究/solver/runs/pilot_fullpool_v2/evaluations/attempts/20260924T093759-3add54de0c2e4164828029eab3824deb/official_result.json.gz
case_008,3,2,244266,244266,0,0,0.0,487605,方案/p3/n2/case_008_multicore_res.json,/Users/liyu/Desktop/中文题目/A题研究/solver/runs/pilot_fullpool_v2/evaluations/attempts/20260924T093803-8cc1431ce23c4d088e4cd5d26a11a119/record.json,/Users/liyu/Desktop/中文题目/A题研究/solver/runs/pilot_fullpool_v2/evaluations/attempts/20260924T093759-63093d568c184ff8924156bd9cd4ce9c/official_result.json.gz
case_008,3,3,163359,163359,0,0,0.0,487605,方案/p3/n3/case_008_multicore_res.json,/Users/liyu/Desktop/中文题目/A题研究/advanced_solver/runs/formal_v2/evaluations/attempts/20260924T125143-cc4d1947d74948d582740e31830a7f16/record.json,/Users/liyu/Desktop/中文题目/A题研究/advanced_solver/runs/formal_v2/evaluations/attempts/20260924T125143-cc4d1947d74948d582740e31830a7f16/official_result.json.gz
case_008,3,4,123060,123060,0,0,0.0,487605,方案/p3/n4/case_008_multicore_res.json,/Users/liyu/Desktop/中文题目/A题研究/advanced_solver/runs/formal_v2/evaluations/attempts/20260924T125149-fc86d6525b7640de84669959984c61ba/record.json,/Users/liyu/Desktop/中文题目/A题研究/advanced_solver/runs/formal_v2/evaluations/attempts/20260924T125149-fc86d6525b7640de84669959984c61ba/official_result.json.gz
case_008,3,5,55855,55855,0,0,0.0,487605,方案/p3/n5/case_008_multicore_res.json,/Users/liyu/Desktop/中文题目/A题研究/精修求解器/runs/wcc_interleave_v1/evaluations/attempts/20260924T132146-ce7f6b31280948f5882a6658118b1501/record.json,/Users/liyu/Desktop/中文题目/A题研究/精修求解器/runs/wcc_interleave_v1/evaluations/attempts/20260924T132146-ce7f6b31280948f5882a6658118b1501/official_result.json.gz
case_009,1,1,153745,153745,80024,80024,0.0,153261,方案/p1/n1/case_009_multicore_res.json,/Users/liyu/Desktop/中文题目/A题研究/advanced_solver/runs/formal_v2/evaluations/attempts/20260924T233917-298e61f38cbc444dbfc4d0a08ba34486/record.json,/Users/liyu/Desktop/中文题目/A题研究/advanced_solver/runs/formal_v2/evaluations/attempts/20260924T233917-298e61f38cbc444dbfc4d0a08ba34486/official_result.json.gz
case_009,1,2,91819,91819,193618,193618,0.0,153261,方案/p1/n2/case_009_multicore_res.json,/Users/liyu/Desktop/中文题目/A题研究/advanced_solver/runs/formal_v2/evaluations/attempts/20260924T234459-d3c0f5721f9e4938ab95e57b9c29e920/record.json,/Users/liyu/Desktop/中文题目/A题研究/advanced_solver/runs/formal_v2/evaluations/attempts/20260924T234459-d3c0f5721f9e4938ab95e57b9c29e920/official_result.json.gz
case_009,1,3,91819,91819,193618,193618,0.0,153261,方案/p1/n3/case_009_multicore_res.json,/Users/liyu/Desktop/中文题目/A题研究/advanced_solver/runs/formal_v2/evaluations/attempts/20260924T235534-f1bbce7724914a31a9b1a183ad71c626/record.json,/Users/liyu/Desktop/中文题目/A题研究/advanced_solver/runs/formal_v2/evaluations/attempts/20260924T235534-f1bbce7724914a31a9b1a183ad71c626/official_result.json.gz
case_009,1,4,91819,91819,193618,193618,0.0,153261,方案/p1/n4/case_009_multicore_res.json,/Users/liyu/Desktop/中文题目/A题研究/advanced_solver/runs/formal_v2/evaluations/attempts/20260924T235535-bda6fedd2d814bc0af1809073b79d2a4/record.json,/Users/liyu/Desktop/中文题目/A题研究/advanced_solver/runs/formal_v2/evaluations/attempts/20260924T235535-bda6fedd2d814bc0af1809073b79d2a4/official_result.json.gz
case_009,1,5,83830,81068,447056,531874,3.294763211260887,153261,方案/p1/n5/case_009_multicore_res.json,/Users/liyu/Desktop/中文题目/A题研究/advanced_solver/runs/formal_v2/evaluations/attempts/20260925T175656-9d242bbe1db741eca260a9740aca5bc1/record.json,/Users/liyu/Desktop/中文题目/A题研究/advanced_solver/runs/formal_v2/evaluations/attempts/20260925T175656-9d242bbe1db741eca260a9740aca5bc1/official_result.json.gz
case_009,2,1,153261,153261,0,0,0.0,153261,方案/p2/n1/case_009_multicore_res.json,/Users/liyu/Desktop/中文题目/A题研究/advanced_solver/runs/formal_v2/evaluations/attempts/20260924T234219-053c05621d62416499c9ec1333dbcf34/record.json,/Users/liyu/Desktop/中文题目/A题研究/advanced_solver/runs/formal_v2/evaluations/attempts/20260924T234219-053c05621d62416499c9ec1333dbcf34/official_result.json.gz
case_009,2,2,87935,87935,366080,366080,0.0,153261,方案/p2/n2/case_009_multicore_res.json,/Users/liyu/Desktop/中文题目/A题研究/advanced_solver/runs/formal_v2/evaluations/attempts/20260924T123948-2f3d1c5589624a259e452b49046499fd/record.json,/Users/liyu/Desktop/中文题目/A题研究/advanced_solver/runs/formal_v2/evaluations/attempts/20260924T123948-2f3d1c5589624a259e452b49046499fd/official_result.json.gz
case_009,2,3,85607,85607,6656,6656,0.0,153261,方案/p2/n3/case_009_multicore_res.json,/Users/liyu/Desktop/中文题目/A题研究/advanced_solver/runs/formal_v2/evaluations/attempts/20260924T124015-5ff421bbac79499a8746fd42987f0c60/record.json,/Users/liyu/Desktop/中文题目/A题研究/advanced_solver/runs/formal_v2/evaluations/attempts/20260924T124015-5ff421bbac79499a8746fd42987f0c60/official_result.json.gz
case_009,2,4,58230,58230,1094910,1094910,0.0,153261,方案/p2/n4/case_009_multicore_res.json,/Users/liyu/Desktop/中文题目/A题研究/advanced_solver/runs/formal_v2/evaluations/attempts/20260924T235353-af34638a379c409da73aecaef014b4a8/record.json,/Users/liyu/Desktop/中文题目/A题研究/advanced_solver/runs/formal_v2/evaluations/attempts/20260924T235353-af34638a379c409da73aecaef014b4a8/official_result.json.gz
case_009,2,5,50086,50086,1290894,1290894,0.0,153261,方案/p2/n5/case_009_multicore_res.json,/Users/liyu/Desktop/中文题目/A题研究/advanced_solver/runs/formal_v2/evaluations/attempts/20260925T172250-4d3ebdbffa1d49e1a1b5cee8d7f16bc0/record.json,/Users/liyu/Desktop/中文题目/A题研究/advanced_solver/runs/formal_v2/evaluations/attempts/20260925T172250-4d3ebdbffa1d49e1a1b5cee8d7f16bc0/official_result.json.gz
case_009,3,1,153261,153261,0,0,0.0,153261,方案/p3/n1/case_009_multicore_res.json,/Users/liyu/Desktop/中文题目/A题研究/advanced_solver/runs/formal_v2/evaluations/attempts/20260924T234221-a1b3e67cd9e640ff834510bc0631f5f9/record.json,/Users/liyu/Desktop/中文题目/A题研究/advanced_solver/runs/formal_v2/evaluations/attempts/20260924T234221-a1b3e67cd9e640ff834510bc0631f5f9/official_result.json.gz
case_009,3,2,87935,87935,366080,366080,0.0,153261,方案/p3/n2/case_009_multicore_res.json,/Users/liyu/Desktop/中文题目/A题研究/advanced_solver/runs/formal_v2/evaluations/attempts/20260924T125229-aaaa915ed2ce4e39b9062d775fa40f34/record.json,/Users/liyu/Desktop/中文题目/A题研究/advanced_solver/runs/formal_v2/evaluations/attempts/20260924T125229-aaaa915ed2ce4e39b9062d775fa40f34/official_result.json.gz
case_009,3,3,85607,85607,6656,6656,0.0,153261,方案/p3/n3/case_009_multicore_res.json,/Users/liyu/Desktop/中文题目/A题研究/advanced_solver/runs/formal_v2/evaluations/attempts/20260924T125318-ce7675d8857a4842952e3aca982c9a8e/record.json,/Users/liyu/Desktop/中文题目/A题研究/advanced_solver/runs/formal_v2/evaluations/attempts/20260924T125318-ce7675d8857a4842952e3aca982c9a8e/official_result.json.gz
case_009,3,4,56944,56944,1094910,1094910,0.0,153261,方案/p3/n4/case_009_multicore_res.json,/Users/liyu/Desktop/中文题目/A题研究/advanced_solver/runs/formal_v2/evaluations/attempts/20260924T234158-29fe69e0ff5e425d9eac095325a3b017/record.json,/Users/liyu/Desktop/中文题目/A题研究/advanced_solver/runs/formal_v2/evaluations/attempts/20260924T234158-29fe69e0ff5e425d9eac095325a3b017/official_result.json.gz
case_009,3,5,46646,46646,1290894,1290894,0.0,153261,方案/p3/n5/case_009_multicore_res.json,/Users/liyu/Desktop/中文题目/A题研究/advanced_solver/runs/formal_v2/evaluations/attempts/20260925T173917-5bb1e488e52844b2bb446bb6447bb9b6/record.json,/Users/liyu/Desktop/中文题目/A题研究/advanced_solver/runs/formal_v2/evaluations/attempts/20260925T173917-5bb1e488e52844b2bb446bb6447bb9b6/official_result.json.gz
case_010,1,1,86969,86969,0,0,0.0,86969,方案/p1/n1/case_010_multicore_res.json,/Users/liyu/Desktop/中文题目/A题研究/advanced_solver/runs/formal_v2/evaluations/attempts/20260924T233956-d84e656fc6e141329f476a9ac5735382/record.json,/Users/liyu/Desktop/中文题目/A题研究/advanced_solver/runs/formal_v2/evaluations/attempts/20260924T233956-d84e656fc6e141329f476a9ac5735382/official_result.json.gz
case_010,1,2,45626,45626,48384,48384,0.0,86969,方案/p1/n2/case_010_multicore_res.json,/Users/liyu/Desktop/中文题目/A题研究/solver/runs/full_initial_v1/evaluations/attempts/20260924T093714-54358a529238417ea410832ee03984ee/record.json,/Users/liyu/Desktop/中文题目/A题研究/solver/runs/full_initial_v1/evaluations/attempts/20260924T093714-54358a529238417ea410832ee03984ee/official_result.json.gz
case_010,1,3,30689,30689,48384,48384,0.0,86969,方案/p1/n3/case_010_multicore_res.json,/Users/liyu/Desktop/中文题目/A题研究/advanced_solver/runs/formal_v2/evaluations/attempts/20260924T124037-fd2c9963c04f4ea193fc976c897e5a56/record.json,/Users/liyu/Desktop/中文题目/A题研究/advanced_solver/runs/formal_v2/evaluations/attempts/20260924T124037-fd2c9963c04f4ea193fc976c897e5a56/official_result.json.gz
case_010,1,4,29780,29780,362880,362880,0.0,86969,方案/p1/n4/case_010_multicore_res.json,/Users/liyu/Desktop/中文题目/A题研究/advanced_solver/runs/formal_v2/evaluations/attempts/20260924T234137-47340fa971014951823cb3ddcaab984f/record.json,/Users/liyu/Desktop/中文题目/A题研究/advanced_solver/runs/formal_v2/evaluations/attempts/20260924T234137-47340fa971014951823cb3ddcaab984f/official_result.json.gz
case_010,1,5,29780,29780,362880,362880,0.0,86969,方案/p1/n5/case_010_multicore_res.json,/Users/liyu/Desktop/中文题目/A题研究/advanced_solver/runs/formal_v2/evaluations/attempts/20260924T235539-4efee61fdcce41f0b7db4d95c6c2f68c/record.json,/Users/liyu/Desktop/中文题目/A题研究/advanced_solver/runs/formal_v2/evaluations/attempts/20260924T235539-4efee61fdcce41f0b7db4d95c6c2f68c/official_result.json.gz
case_010,2,1,86969,86969,0,0,0.0,86969,方案/p2/n1/case_010_multicore_res.json,/Users/liyu/Desktop/中文题目/A题研究/advanced_solver/runs/formal_v2/evaluations/attempts/20260924T234323-23443d1ed69b45f7a45c126a72a1d092/record.json,/Users/liyu/Desktop/中文题目/A题研究/advanced_solver/runs/formal_v2/evaluations/attempts/20260924T234323-23443d1ed69b45f7a45c126a72a1d092/official_result.json.gz
case_010,2,2,41049,41049,1561020,1561020,0.0,86969,方案/p2/n2/case_010_multicore_res.json,/Users/liyu/Desktop/中文题目/A题研究/advanced_solver/runs/formal_v2/evaluations/attempts/20260924T235428-a0bdb111e7db41a5967b3e83480f63a6/record.json,/Users/liyu/Desktop/中文题目/A题研究/advanced_solver/runs/formal_v2/evaluations/attempts/20260924T235428-a0bdb111e7db41a5967b3e83480f63a6/official_result.json.gz
case_010,2,3,29848,29848,10368,10368,0.0,86969,方案/p2/n3/case_010_multicore_res.json,/Users/liyu/Desktop/中文题目/A题研究/advanced_solver/runs/formal_v2/evaluations/attempts/20260924T235429-d3e6c9a440cd4fafbbed4447a4f9fc3e/record.json,/Users/liyu/Desktop/中文题目/A题研究/advanced_solver/runs/formal_v2/evaluations/attempts/20260924T235429-d3e6c9a440cd4fafbbed4447a4f9fc3e/official_result.json.gz
case_010,2,4,29617,29617,133632,133632,0.0,86969,方案/p2/n4/case_010_multicore_res.json,/Users/liyu/Desktop/中文题目/A题研究/advanced_solver/runs/formal_v2/evaluations/attempts/20260924T233857-d2baa7fad2f045ea928497e8b7d6953d/record.json,/Users/liyu/Desktop/中文题目/A题研究/advanced_solver/runs/formal_v2/evaluations/attempts/20260924T233857-d2baa7fad2f045ea928497e8b7d6953d/official_result.json.gz
case_010,2,5,19138,19138,554512,554512,0.0,86969,方案/p2/n5/case_010_multicore_res.json,/Users/liyu/Desktop/中文题目/A题研究/advanced_solver/runs/formal_v2/evaluations/attempts/20260924T123958-4fda0b4a4b9547b78aded49b5a855ab5/record.json,/Users/liyu/Desktop/中文题目/A题研究/advanced_solver/runs/formal_v2/evaluations/attempts/20260924T123958-4fda0b4a4b9547b78aded49b5a855ab5/official_result.json.gz
case_010,3,1,86969,86969,0,0,0.0,86969,方案/p3/n1/case_010_multicore_res.json,/Users/liyu/Desktop/中文题目/A题研究/advanced_solver/runs/formal_v2/evaluations/attempts/20260924T234323-dca0fdea52294b66a8d8689057fdf7bb/record.json,/Users/liyu/Desktop/中文题目/A题研究/advanced_solver/runs/formal_v2/evaluations/attempts/20260924T234323-dca0fdea52294b66a8d8689057fdf7bb/official_result.json.gz
case_010,3,2,40461,40461,1561020,1561020,0.0,86969,方案/p3/n2/case_010_multicore_res.json,/Users/liyu/Desktop/中文题目/A题研究/advanced_solver/runs/formal_v2/evaluations/attempts/20260924T233957-7ab56c1f76e141128d71e547265d252a/record.json,/Users/liyu/Desktop/中文题目/A题研究/advanced_solver/runs/formal_v2/evaluations/attempts/20260924T233957-7ab56c1f76e141128d71e547265d252a/official_result.json.gz
case_010,3,3,29848,29848,10368,10368,0.0,86969,方案/p3/n3/case_010_multicore_res.json,/Users/liyu/Desktop/中文题目/A题研究/advanced_solver/runs/formal_v2/evaluations/attempts/20260924T233957-7ff4a9234f4442b38a80274602ffb1f3/record.json,/Users/liyu/Desktop/中文题目/A题研究/advanced_solver/runs/formal_v2/evaluations/attempts/20260924T233957-7ff4a9234f4442b38a80274602ffb1f3/official_result.json.gz
case_010,3,4,29617,29617,133632,133632,0.0,86969,方案/p3/n4/case_010_multicore_res.json,/Users/liyu/Desktop/中文题目/A题研究/advanced_solver/runs/formal_v2/evaluations/attempts/20260924T125545-885510405bcd43b5ae360d8b2a1aa049/record.json,/Users/liyu/Desktop/中文题目/A题研究/advanced_solver/runs/formal_v2/evaluations/attempts/20260924T125545-885510405bcd43b5ae360d8b2a1aa049/official_result.json.gz
case_010,3,5,18544,18544,554512,554512,0.0,86969,方案/p3/n5/case_010_multicore_res.json,/Users/liyu/Desktop/中文题目/A题研究/advanced_solver/runs/formal_v2/evaluations/attempts/20260925T111839-bcc5b29b8bd2467f8a5c51d19cd60d70/record.json,/Users/liyu/Desktop/中文题目/A题研究/advanced_solver/runs/formal_v2/evaluations/attempts/20260925T111839-bcc5b29b8bd2467f8a5c51d19cd60d70/official_result.json.gz
case_011,1,1,184697,184697,0,0,0.0,184697,方案/p1/n1/case_011_multicore_res.json,/Users/liyu/Desktop/中文题目/A题研究/solver/runs/pilot_fullpool_v2/evaluations/attempts/20260924T093730-9ce02ea98457414184fa141395f2b344/record.json,/Users/liyu/Desktop/中文题目/A题研究/solver/runs/pilot_fullpool_v2/evaluations/attempts/20260924T093721-6d0965db6daa4e62b611d38cf9c8678d/official_result.json.gz
case_011,1,2,92646,92646,180224,180224,0.0,184697,方案/p1/n2/case_011_multicore_res.json,/Users/liyu/Desktop/中文题目/A题研究/solver/runs/full_initial_v1/evaluations/attempts/20260924T093717-a1d26e4e103d4b16a6191e70c4702719/record.json,/Users/liyu/Desktop/中文题目/A题研究/solver/runs/full_initial_v1/evaluations/attempts/20260924T093717-a1d26e4e103d4b16a6191e70c4702719/official_result.json.gz
case_011,1,3,69625,69625,1081344,1081344,0.0,184697,方案/p1/n3/case_011_multicore_res.json,/Users/liyu/Desktop/中文题目/A题研究/advanced_solver/runs/formal_v2/evaluations/attempts/20260924T124046-d75cd16269014eaf902da12a398bcf01/record.json,/Users/liyu/Desktop/中文题目/A题研究/advanced_solver/runs/formal_v2/evaluations/attempts/20260924T124046-d75cd16269014eaf902da12a398bcf01/official_result.json.gz
case_011,1,4,46880,46880,540672,540672,0.0,184697,方案/p1/n4/case_011_multicore_res.json,/Users/liyu/Desktop/中文题目/A题研究/advanced_solver/runs/formal_v2/evaluations/attempts/20260924T124050-f5b1c74413fc49ada50e928943199261/record.json,/Users/liyu/Desktop/中文题目/A题研究/advanced_solver/runs/formal_v2/evaluations/attempts/20260924T124050-f5b1c74413fc49ada50e928943199261/official_result.json.gz
case_011,1,5,46880,46880,540672,540672,0.0,184697,方案/p1/n5/case_011_multicore_res.json,/Users/liyu/Desktop/中文题目/A题研究/solver/runs/pilot_fullpool_v2/evaluations/attempts/20260924T093730-2a1a398eaf7f4af69f03b740ece8edd8/record.json,/Users/liyu/Desktop/中文题目/A题研究/solver/runs/pilot_fullpool_v2/evaluations/attempts/20260924T093723-35182079ec6a4272845b3cdadb36ded5/official_result.json.gz
case_011,2,1,184697,184697,0,0,0.0,184697,方案/p2/n1/case_011_multicore_res.json,/Users/liyu/Desktop/中文题目/A题研究/solver/runs/pilot_fullpool_v2/evaluations/attempts/20260924T093731-cd7b33fcad78456180670736cef3d8d0/record.json,/Users/liyu/Desktop/中文题目/A题研究/solver/runs/pilot_fullpool_v2/evaluations/attempts/20260924T093725-87e757bb5e4f46a9ba96a0c4d648acd7/official_result.json.gz
case_011,2,2,92646,92646,180224,180224,0.0,184697,方案/p2/n2/case_011_multicore_res.json,/Users/liyu/Desktop/中文题目/A题研究/solver/runs/full_initial_v1/evaluations/attempts/20260924T093718-1fc4aa9d47de42d9b894a077e46aa5d9/record.json,/Users/liyu/Desktop/中文题目/A题研究/solver/runs/full_initial_v1/evaluations/attempts/20260924T093718-1fc4aa9d47de42d9b894a077e46aa5d9/official_result.json.gz
case_011,2,3,62289,62289,2535424,2535424,0.0,184697,方案/p2/n3/case_011_multicore_res.json,/Users/liyu/Desktop/中文题目/A题研究/advanced_solver/runs/formal_v2/evaluations/attempts/20260924T124002-a8c0e9a24d6b4df8a88468d5604dec74/record.json,/Users/liyu/Desktop/中文题目/A题研究/advanced_solver/runs/formal_v2/evaluations/attempts/20260924T124002-a8c0e9a24d6b4df8a88468d5604dec74/official_result.json.gz
case_011,2,4,46880,46880,540672,540672,0.0,184697,方案/p2/n4/case_011_multicore_res.json,/Users/liyu/Desktop/中文题目/A题研究/advanced_solver/runs/formal_v2/evaluations/attempts/20260924T124006-3ed9d179303546b39e630f2fca71c39e/record.json,/Users/liyu/Desktop/中文题目/A题研究/advanced_solver/runs/formal_v2/evaluations/attempts/20260924T124006-3ed9d179303546b39e630f2fca71c39e/official_result.json.gz
case_011,2,5,46828,39795,1624064,1601536,15.01879217562142,184697,方案/p2/n5/case_011_multicore_res.json,/Users/liyu/Desktop/中文题目/A题研究/advanced_solver/runs/formal_v2/evaluations/attempts/20260925T180135-e42b8768ae8144c4865b86c586abd2dc/record.json,/Users/liyu/Desktop/中文题目/A题研究/advanced_solver/runs/formal_v2/evaluations/attempts/20260925T180135-e42b8768ae8144c4865b86c586abd2dc/official_result.json.gz
case_011,3,1,184697,184697,0,0,0.0,184697,方案/p3/n1/case_011_multicore_res.json,/Users/liyu/Desktop/中文题目/A题研究/solver/runs/pilot_fullpool_v2/evaluations/attempts/20260924T093732-a3309255a3774ff9a86c41157ccf285d/record.json,/Users/liyu/Desktop/中文题目/A题研究/solver/runs/pilot_fullpool_v2/evaluations/attempts/20260924T093727-dbd9ae9ba46d4565a7ca9437ead60200/official_result.json.gz
case_011,3,2,92646,92646,180224,180224,0.0,184697,方案/p3/n2/case_011_multicore_res.json,/Users/liyu/Desktop/中文题目/A题研究/solver/runs/pilot_fullpool_v2/evaluations/attempts/20260924T093732-5ef6953e1d8c426e9cc7c7d961895162/record.json,/Users/liyu/Desktop/中文题目/A题研究/solver/runs/pilot_fullpool_v2/evaluations/attempts/20260924T093728-de9713e0781a4f40906490b997e7f1c7/official_result.json.gz
case_011,3,3,62289,62289,2535424,2535424,0.0,184697,方案/p3/n3/case_011_multicore_res.json,/Users/liyu/Desktop/中文题目/A题研究/advanced_solver/runs/formal_v2/evaluations/attempts/20260924T125600-373d9edaf0254dc59f7e447d6bac11c6/record.json,/Users/liyu/Desktop/中文题目/A题研究/advanced_solver/runs/formal_v2/evaluations/attempts/20260924T125600-373d9edaf0254dc59f7e447d6bac11c6/official_result.json.gz
case_011,3,4,46880,46880,540672,540672,0.0,184697,方案/p3/n4/case_011_multicore_res.json,/Users/liyu/Desktop/中文题目/A题研究/advanced_solver/runs/formal_v2/evaluations/attempts/20260924T125608-8165a8c7984c492592cc40487b95d2b4/record.json,/Users/liyu/Desktop/中文题目/A题研究/advanced_solver/runs/formal_v2/evaluations/attempts/20260924T125608-8165a8c7984c492592cc40487b95d2b4/official_result.json.gz
case_011,3,5,46253,39510,1624064,1601536,14.578513826130202,184697,方案/p3/n5/case_011_multicore_res.json,/Users/liyu/Desktop/中文题目/A题研究/advanced_solver/runs/formal_v2/evaluations/attempts/20260925T175900-614f6368bf2344308ce3fbff2b2e0205/record.json,/Users/liyu/Desktop/中文题目/A题研究/advanced_solver/runs/formal_v2/evaluations/attempts/20260925T175900-614f6368bf2344308ce3fbff2b2e0205/official_result.json.gz
case_012,1,1,59088,59088,0,0,0.0,59088,方案/p1/n1/case_012_multicore_res.json,/Users/liyu/Desktop/中文题目/A题研究/advanced_solver/runs/formal_v2/evaluations/attempts/20260924T233951-2646ce0c211e4b8b8c06fafabce7f179/record.json,/Users/liyu/Desktop/中文题目/A题研究/advanced_solver/runs/formal_v2/evaluations/attempts/20260924T233951-2646ce0c211e4b8b8c06fafabce7f179/official_result.json.gz
case_012,1,2,29964,29964,13248,13248,0.0,59088,方案/p1/n2/case_012_multicore_res.json,/Users/liyu/Desktop/中文题目/A题研究/advanced_solver/runs/formal_v2/evaluations/attempts/20260924T124055-5b18e849456841b2819857a0d7f0cf9d/record.json,/Users/liyu/Desktop/中文题目/A题研究/advanced_solver/runs/formal_v2/evaluations/attempts/20260924T124055-5b18e849456841b2819857a0d7f0cf9d/official_result.json.gz
case_012,1,3,19924,19924,32832,32832,0.0,59088,方案/p1/n3/case_012_multicore_res.json,/Users/liyu/Desktop/中文题目/A题研究/advanced_solver/runs/formal_v2/evaluations/attempts/20260924T124059-a83f6acfe657401c94c27ecd8519b1cd/record.json,/Users/liyu/Desktop/中文题目/A题研究/advanced_solver/runs/formal_v2/evaluations/attempts/20260924T124059-a83f6acfe657401c94c27ecd8519b1cd/official_result.json.gz
case_012,1,4,17253,17253,39168,39168,0.0,59088,方案/p1/n4/case_012_multicore_res.json,/Users/liyu/Desktop/中文题目/A题研究/advanced_solver/runs/formal_v2/evaluations/attempts/20260924T124103-22f0a1a947b44cb39e0cc5fdfeb54e01/record.json,/Users/liyu/Desktop/中文题目/A题研究/advanced_solver/runs/formal_v2/evaluations/attempts/20260924T124103-22f0a1a947b44cb39e0cc5fdfeb54e01/official_result.json.gz
case_012,1,5,14139,14139,29376,29376,0.0,59088,方案/p1/n5/case_012_multicore_res.json,/Users/liyu/Desktop/中文题目/A题研究/advanced_solver/runs/formal_v2/evaluations/attempts/20260924T124107-70d57345fa1b4fafaf7b7e780f49d169/record.json,/Users/liyu/Desktop/中文题目/A题研究/advanced_solver/runs/formal_v2/evaluations/attempts/20260924T124107-70d57345fa1b4fafaf7b7e780f49d169/official_result.json.gz
case_012,2,1,59088,59088,0,0,0.0,59088,方案/p2/n1/case_012_multicore_res.json,/Users/liyu/Desktop/中文题目/A题研究/advanced_solver/runs/formal_v2/evaluations/attempts/20260924T234316-2bced861bb704679bfbc7edb7438122b/record.json,/Users/liyu/Desktop/中文题目/A题研究/advanced_solver/runs/formal_v2/evaluations/attempts/20260924T234316-2bced861bb704679bfbc7edb7438122b/official_result.json.gz
case_012,2,2,26437,26437,12096,12096,0.0,59088,方案/p2/n2/case_012_multicore_res.json,/Users/liyu/Desktop/中文题目/A题研究/advanced_solver/runs/formal_v2/evaluations/attempts/20260924T235425-a34f9de6072c45b8a655bd23388895ca/record.json,/Users/liyu/Desktop/中文题目/A题研究/advanced_solver/runs/formal_v2/evaluations/attempts/20260924T235425-a34f9de6072c45b8a655bd23388895ca/official_result.json.gz
case_012,2,3,17932,17932,32064,32064,0.0,59088,方案/p2/n3/case_012_multicore_res.json,/Users/liyu/Desktop/中文题目/A题研究/advanced_solver/runs/formal_v2/evaluations/attempts/20260924T235425-a87ecd62f7f94305b44153987b5cdc80/record.json,/Users/liyu/Desktop/中文题目/A题研究/advanced_solver/runs/formal_v2/evaluations/attempts/20260924T235425-a87ecd62f7f94305b44153987b5cdc80/official_result.json.gz
case_012,2,4,14747,14747,3456,3456,0.0,59088,方案/p2/n4/case_012_multicore_res.json,/Users/liyu/Desktop/中文题目/A题研究/advanced_solver/runs/formal_v2/evaluations/attempts/20260924T164905-045706e74d6245e5a6951fa9c15a132f/record.json,/Users/liyu/Desktop/中文题目/A题研究/advanced_solver/runs/formal_v2/evaluations/attempts/20260924T164905-045706e74d6245e5a6951fa9c15a132f/official_result.json.gz
case_012,2,5,12279,12279,49536,49536,0.0,59088,方案/p2/n5/case_012_multicore_res.json,/Users/liyu/Desktop/中文题目/A题研究/advanced_solver/runs/formal_v2/evaluations/attempts/20260925T155407-6a09fb77b47e46e58b7611f663e0d5d7/record.json,/Users/liyu/Desktop/中文题目/A题研究/advanced_solver/runs/formal_v2/evaluations/attempts/20260925T155407-6a09fb77b47e46e58b7611f663e0d5d7/official_result.json.gz
case_012,3,1,59088,59088,0,0,0.0,59088,方案/p3/n1/case_012_multicore_res.json,/Users/liyu/Desktop/中文题目/A题研究/advanced_solver/runs/formal_v2/evaluations/attempts/20260924T234316-68986ee49cd4436591a6b832ec063c65/record.json,/Users/liyu/Desktop/中文题目/A题研究/advanced_solver/runs/formal_v2/evaluations/attempts/20260924T234316-68986ee49cd4436591a6b832ec063c65/official_result.json.gz
case_012,3,2,26437,26437,12096,12096,0.0,59088,方案/p3/n2/case_012_multicore_res.json,/Users/liyu/Desktop/中文题目/A题研究/advanced_solver/runs/formal_v2/evaluations/attempts/20260924T234012-9a0f1e731316407d9a3d0e353c189659/record.json,/Users/liyu/Desktop/中文题目/A题研究/advanced_solver/runs/formal_v2/evaluations/attempts/20260924T234012-9a0f1e731316407d9a3d0e353c189659/official_result.json.gz
case_012,3,3,17932,17932,32064,32064,0.0,59088,方案/p3/n3/case_012_multicore_res.json,/Users/liyu/Desktop/中文题目/A题研究/advanced_solver/runs/formal_v2/evaluations/attempts/20260924T234012-608ce10f5e424fec8c72916524a9fec0/record.json,/Users/liyu/Desktop/中文题目/A题研究/advanced_solver/runs/formal_v2/evaluations/attempts/20260924T234012-608ce10f5e424fec8c72916524a9fec0/official_result.json.gz
case_012,3,4,14747,14747,3456,3456,0.0,59088,方案/p3/n4/case_012_multicore_res.json,/Users/liyu/Desktop/中文题目/A题研究/advanced_solver/runs/formal_v2/evaluations/attempts/20260924T233851-7bb98f86babd476c9b3c4469abac1089/record.json,/Users/liyu/Desktop/中文题目/A题研究/advanced_solver/runs/formal_v2/evaluations/attempts/20260924T233851-7bb98f86babd476c9b3c4469abac1089/official_result.json.gz
case_012,3,5,12272,12272,49536,49536,0.0,59088,方案/p3/n5/case_012_multicore_res.json,/Users/liyu/Desktop/中文题目/A题研究/advanced_solver/runs/formal_v2/evaluations/attempts/20260925T155401-ed6393b7e8d147f78c5ac8d64ed340b5/record.json,/Users/liyu/Desktop/中文题目/A题研究/advanced_solver/runs/formal_v2/evaluations/attempts/20260925T155401-ed6393b7e8d147f78c5ac8d64ed340b5/official_result.json.gz
case_013,1,1,264286,264286,8192,8192,0.0,263949,方案/p1/n1/case_013_multicore_res.json,/Users/liyu/Desktop/中文题目/A题研究/advanced_solver/runs/formal_v2/evaluations/attempts/20260924T233941-e5044e05f6fd4873be42273918c69723/record.json,/Users/liyu/Desktop/中文题目/A题研究/advanced_solver/runs/formal_v2/evaluations/attempts/20260924T233941-e5044e05f6fd4873be42273918c69723/official_result.json.gz
case_013,1,2,132198,132198,8192,8192,0.0,263949,方案/p1/n2/case_013_multicore_res.json,/Users/liyu/Desktop/中文题目/A题研究/solver/runs/full_initial_v1/evaluations/attempts/20260924T093726-38ffc4f56ed6498899014ccb9e146e5b/record.json,/Users/liyu/Desktop/中文题目/A题研究/solver/runs/full_initial_v1/evaluations/attempts/20260924T093726-38ffc4f56ed6498899014ccb9e146e5b/official_result.json.gz
case_013,1,3,88351,88351,16384,16384,0.0,263949,方案/p1/n3/case_013_multicore_res.json,/Users/liyu/Desktop/中文题目/A题研究/advanced_solver/runs/formal_v2/evaluations/attempts/20260924T124117-24a0855beb64482cab6b455bf2a243ff/record.json,/Users/liyu/Desktop/中文题目/A题研究/advanced_solver/runs/formal_v2/evaluations/attempts/20260924T124117-24a0855beb64482cab6b455bf2a243ff/official_result.json.gz
case_013,1,4,66982,66982,24576,24576,0.0,263949,方案/p1/n4/case_013_multicore_res.json,/Users/liyu/Desktop/中文题目/A题研究/advanced_solver/runs/formal_v2/evaluations/attempts/20260924T124131-9785e01ec2474ed29ff87d67072c7e70/record.json,/Users/liyu/Desktop/中文题目/A题研究/advanced_solver/runs/formal_v2/evaluations/attempts/20260924T124131-9785e01ec2474ed29ff87d67072c7e70/official_result.json.gz
case_013,1,5,54363,54363,32768,32768,0.0,263949,方案/p1/n5/case_013_multicore_res.json,/Users/liyu/Desktop/中文题目/A题研究/solver/runs/full_initial_v1/evaluations/attempts/20260924T093730-91f1e184e9a74166a549bffb81290651/record.json,/Users/liyu/Desktop/中文题目/A题研究/solver/runs/full_initial_v1/evaluations/attempts/20260924T093730-91f1e184e9a74166a549bffb81290651/official_result.json.gz
case_013,2,1,263949,263949,0,0,0.0,263949,方案/p2/n1/case_013_multicore_res.json,/Users/liyu/Desktop/中文题目/A题研究/advanced_solver/runs/formal_v2/evaluations/attempts/20260924T234301-b902d04afa4e49bba27bb914c13b0b99/record.json,/Users/liyu/Desktop/中文题目/A题研究/advanced_solver/runs/formal_v2/evaluations/attempts/20260924T234301-b902d04afa4e49bba27bb914c13b0b99/official_result.json.gz
case_013,2,2,132198,132198,8192,8192,0.0,263949,方案/p2/n2/case_013_multicore_res.json,/Users/liyu/Desktop/中文题目/A题研究/solver/runs/full_initial_v1/evaluations/attempts/20260924T093732-18ec492c29594e76890285e8ec03e538/record.json,/Users/liyu/Desktop/中文题目/A题研究/solver/runs/full_initial_v1/evaluations/attempts/20260924T093732-18ec492c29594e76890285e8ec03e538/official_result.json.gz
case_013,2,3,88351,88351,16384,16384,0.0,263949,方案/p2/n3/case_013_multicore_res.json,/Users/liyu/Desktop/中文题目/A题研究/advanced_solver/runs/formal_v2/evaluations/attempts/20260924T124036-4b16dfcb20244ecb8208e693e611508c/record.json,/Users/liyu/Desktop/中文题目/A题研究/advanced_solver/runs/formal_v2/evaluations/attempts/20260924T124036-4b16dfcb20244ecb8208e693e611508c/official_result.json.gz
case_013,2,4,66982,66982,24576,24576,0.0,263949,方案/p2/n4/case_013_multicore_res.json,/Users/liyu/Desktop/中文题目/A题研究/advanced_solver/runs/formal_v2/evaluations/attempts/20260924T124043-378d2d140cfa45ca95057e90d059df56/record.json,/Users/liyu/Desktop/中文题目/A题研究/advanced_solver/runs/formal_v2/evaluations/attempts/20260924T124043-378d2d140cfa45ca95057e90d059df56/official_result.json.gz
case_013,2,5,53708,53708,45056,45056,0.0,263949,方案/p2/n5/case_013_multicore_res.json,/Users/liyu/Desktop/中文题目/A题研究/实验记录/快速开发轮_v1/case_013/evaluations/attempts/20260924T172916-518c637e9ef4468d89dcb31f9703be65/record.json,/Users/liyu/Desktop/中文题目/A题研究/实验记录/快速开发轮_v1/case_013/evaluations/attempts/20260924T172916-518c637e9ef4468d89dcb31f9703be65/official_result.json.gz
case_013,3,1,263949,263949,0,0,0.0,263949,方案/p3/n1/case_013_multicore_res.json,/Users/liyu/Desktop/中文题目/A题研究/advanced_solver/runs/formal_v2/evaluations/attempts/20260924T234302-99f0270483fa42f79636524473c5a7b7/record.json,/Users/liyu/Desktop/中文题目/A题研究/advanced_solver/runs/formal_v2/evaluations/attempts/20260924T234302-99f0270483fa42f79636524473c5a7b7/official_result.json.gz
case_013,3,2,132198,132198,8192,8192,0.0,263949,方案/p3/n2/case_013_multicore_res.json,/Users/liyu/Desktop/中文题目/A题研究/advanced_solver/runs/formal_v2/evaluations/attempts/20260924T125703-5a175a3abb014d8b893b5eb9b63f3aab/record.json,/Users/liyu/Desktop/中文题目/A题研究/advanced_solver/runs/formal_v2/evaluations/attempts/20260924T125703-5a175a3abb014d8b893b5eb9b63f3aab/official_result.json.gz
case_013,3,3,88351,88351,16384,16384,0.0,263949,方案/p3/n3/case_013_multicore_res.json,/Users/liyu/Desktop/中文题目/A题研究/advanced_solver/runs/formal_v2/evaluations/attempts/20260924T125717-3da1cf47c89a49ffbbad9524c7b54c81/record.json,/Users/liyu/Desktop/中文题目/A题研究/advanced_solver/runs/formal_v2/evaluations/attempts/20260924T125717-3da1cf47c89a49ffbbad9524c7b54c81/official_result.json.gz
case_013,3,4,66958,66958,24576,24576,0.0,263949,方案/p3/n4/case_013_multicore_res.json,/Users/liyu/Desktop/中文题目/A题研究/advanced_solver/runs/formal_v2/evaluations/attempts/20260924T234034-02cf5c7b2d234ba1abcdb385c7a65f4e/record.json,/Users/liyu/Desktop/中文题目/A题研究/advanced_solver/runs/formal_v2/evaluations/attempts/20260924T234034-02cf5c7b2d234ba1abcdb385c7a65f4e/official_result.json.gz
case_013,3,5,53418,53418,45056,45056,0.0,263949,方案/p3/n5/case_013_multicore_res.json,/Users/liyu/Desktop/中文题目/A题研究/advanced_solver/runs/formal_v2/evaluations/attempts/20260924T235418-1cb3a91ca3244c27bfd54902e84a87c9/record.json,/Users/liyu/Desktop/中文题目/A题研究/advanced_solver/runs/formal_v2/evaluations/attempts/20260924T235418-1cb3a91ca3244c27bfd54902e84a87c9/official_result.json.gz
case_014,1,1,17569952,17569952,78182304,78182304,0.0,17698626,方案/p1/n1/case_014_multicore_res.json,/Users/liyu/Desktop/中文题目/A题研究/advanced_solver/runs/formal_v2/evaluations/attempts/20260924T233652-427de953ea7041a7b4763b29a3bece8e/record.json,/Users/liyu/Desktop/中文题目/A题研究/advanced_solver/runs/formal_v2/evaluations/attempts/20260924T233652-427de953ea7041a7b4763b29a3bece8e/official_result.json.gz
case_014,1,2,8811571,8811571,116324760,116324760,0.0,17698626,方案/p1/n2/case_014_multicore_res.json,/Users/liyu/Desktop/中文题目/A题研究/advanced_solver/runs/formal_v2/evaluations/attempts/20260925T002048-4c4da9ac8b1e402e8dc29a5dff978eb6/record.json,/Users/liyu/Desktop/中文题目/A题研究/advanced_solver/runs/formal_v2/evaluations/attempts/20260925T002048-4c4da9ac8b1e402e8dc29a5dff978eb6/official_result.json.gz
case_014,1,3,5940891,5940891,125524488,125524488,0.0,17698626,方案/p1/n3/case_014_multicore_res.json,/Users/liyu/Desktop/中文题目/A题研究/advanced_solver/runs/formal_v2/evaluations/attempts/20260925T002048-b89f169a697f4c6fab47bbb64ccbef76/record.json,/Users/liyu/Desktop/中文题目/A题研究/advanced_solver/runs/formal_v2/evaluations/attempts/20260925T002048-b89f169a697f4c6fab47bbb64ccbef76/official_result.json.gz
case_014,1,4,4514249,4514249,130589592,130589592,0.0,17698626,方案/p1/n4/case_014_multicore_res.json,/Users/liyu/Desktop/中文题目/A题研究/advanced_solver/runs/formal_v2/evaluations/attempts/20260925T002114-b43117ee778e4863b54e35f4d4bc7761/record.json,/Users/liyu/Desktop/中文题目/A题研究/advanced_solver/runs/formal_v2/evaluations/attempts/20260925T002114-b43117ee778e4863b54e35f4d4bc7761/official_result.json.gz
case_014,1,5,3641147,3641147,133995816,133995816,0.0,17698626,方案/p1/n5/case_014_multicore_res.json,/Users/liyu/Desktop/中文题目/A题研究/advanced_solver/runs/formal_v2/evaluations/attempts/20260925T001419-73b22e13c3b448ee803ae0057cd2bac7/record.json,/Users/liyu/Desktop/中文题目/A题研究/advanced_solver/runs/formal_v2/evaluations/attempts/20260925T001419-73b22e13c3b448ee803ae0057cd2bac7/official_result.json.gz
case_014,2,1,17698626,17698626,71010720,71010720,0.0,17698626,方案/p2/n1/case_014_multicore_res.json,/Users/liyu/Desktop/中文题目/A题研究/advanced_solver/runs/formal_v2/evaluations/attempts/20260924T233148-439534c4b357484d8971d94222311a5b/record.json,/Users/liyu/Desktop/中文题目/A题研究/advanced_solver/runs/formal_v2/evaluations/attempts/20260924T233148-439534c4b357484d8971d94222311a5b/official_result.json.gz
case_014,2,2,8816332,8816332,84413112,84413112,0.0,17698626,方案/p2/n2/case_014_multicore_res.json,/Users/liyu/Desktop/中文题目/A题研究/advanced_solver/runs/formal_v2/evaluations/attempts/20260924T165652-8c8c19add8144b1485c0110edbbe7c69/record.json,/Users/liyu/Desktop/中文题目/A题研究/advanced_solver/runs/formal_v2/evaluations/attempts/20260924T165652-8c8c19add8144b1485c0110edbbe7c69/official_result.json.gz
case_014,2,3,5963301,5963301,82715304,82715304,0.0,17698626,方案/p2/n3/case_014_multicore_res.json,/Users/liyu/Desktop/中文题目/A题研究/advanced_solver/runs/formal_v2/evaluations/attempts/20260924T170453-84236346f07244e0ab9b10bbaff80fe9/record.json,/Users/liyu/Desktop/中文题目/A题研究/advanced_solver/runs/formal_v2/evaluations/attempts/20260924T170453-84236346f07244e0ab9b10bbaff80fe9/official_result.json.gz
case_014,2,4,4517885,4517885,98239944,98239944,0.0,17698626,方案/p2/n4/case_014_multicore_res.json,/Users/liyu/Desktop/中文题目/A题研究/advanced_solver/runs/formal_v2/evaluations/attempts/20260924T235149-0bdc6a856ac147e5a5cfb82fb61bbbef/record.json,/Users/liyu/Desktop/中文题目/A题研究/advanced_solver/runs/formal_v2/evaluations/attempts/20260924T235149-0bdc6a856ac147e5a5cfb82fb61bbbef/official_result.json.gz
case_014,2,5,3703529,3703529,84373512,84373512,0.0,17698626,方案/p2/n5/case_014_multicore_res.json,/Users/liyu/Desktop/中文题目/A题研究/advanced_solver/runs/formal_v2/evaluations/attempts/20260924T220731-c6f28374d4c24f52bb7174022ec18289/record.json,/Users/liyu/Desktop/中文题目/A题研究/advanced_solver/runs/formal_v2/evaluations/attempts/20260924T220731-c6f28374d4c24f52bb7174022ec18289/official_result.json.gz
case_014,3,1,17689602,17689602,71010720,71010720,0.0,17698626,方案/p3/n1/case_014_multicore_res.json,/Users/liyu/Desktop/中文题目/A题研究/advanced_solver/runs/formal_v2/evaluations/attempts/20260924T233156-e8b8ff75b8df4aabbc459d41ebad78a8/record.json,/Users/liyu/Desktop/中文题目/A题研究/advanced_solver/runs/formal_v2/evaluations/attempts/20260924T233156-e8b8ff75b8df4aabbc459d41ebad78a8/official_result.json.gz
case_014,3,2,8799327,8799327,84413112,84413112,0.0,17698626,方案/p3/n2/case_014_multicore_res.json,/Users/liyu/Desktop/中文题目/A题研究/advanced_solver/runs/formal_v2/evaluations/attempts/20260924T233343-4d57cd73c4a443cd8650499ff4bc39b2/record.json,/Users/liyu/Desktop/中文题目/A题研究/advanced_solver/runs/formal_v2/evaluations/attempts/20260924T233343-4d57cd73c4a443cd8650499ff4bc39b2/official_result.json.gz
case_014,3,3,5949209,5949209,82715304,82715304,0.0,17698626,方案/p3/n3/case_014_multicore_res.json,/Users/liyu/Desktop/中文题目/A题研究/advanced_solver/runs/formal_v2/evaluations/attempts/20260924T233345-7b18532b657a4d91834debbf316baeea/record.json,/Users/liyu/Desktop/中文题目/A题研究/advanced_solver/runs/formal_v2/evaluations/attempts/20260924T233345-7b18532b657a4d91834debbf316baeea/official_result.json.gz
case_014,3,4,4484616,4484616,98239944,98239944,0.0,17698626,方案/p3/n4/case_014_multicore_res.json,/Users/liyu/Desktop/中文题目/A题研究/advanced_solver/runs/formal_v2/evaluations/attempts/20260924T235058-f996988365f845d298aaad5b1d98e4dc/record.json,/Users/liyu/Desktop/中文题目/A题研究/advanced_solver/runs/formal_v2/evaluations/attempts/20260924T235058-f996988365f845d298aaad5b1d98e4dc/official_result.json.gz
case_014,3,5,3686924,3686924,84373512,84373512,0.0,17698626,方案/p3/n5/case_014_multicore_res.json,/Users/liyu/Desktop/中文题目/A题研究/advanced_solver/runs/formal_v2/evaluations/attempts/20260924T235150-0e86b2a0298d425cb683f87e42e53f8c/record.json,/Users/liyu/Desktop/中文题目/A题研究/advanced_solver/runs/formal_v2/evaluations/attempts/20260924T235150-0e86b2a0298d425cb683f87e42e53f8c/official_result.json.gz
case_015,1,1,177362,177362,180256,180256,0.0,177362,方案/p1/n1/case_015_multicore_res.json,/Users/liyu/Desktop/中文题目/A题研究/advanced_solver/runs/formal_v2/evaluations/attempts/20260924T233951-6a40bc2932ef4d2c8a8ac3281abbd1e1/record.json,/Users/liyu/Desktop/中文题目/A题研究/advanced_solver/runs/formal_v2/evaluations/attempts/20260924T233951-6a40bc2932ef4d2c8a8ac3281abbd1e1/official_result.json.gz
case_015,1,2,87789,87789,342532,342532,0.0,177362,方案/p1/n2/case_015_multicore_res.json,/Users/liyu/Desktop/中文题目/A题研究/advanced_solver/runs/formal_v2/evaluations/attempts/20260924T124159-3755e9f410d74ac7bb133ef81310cb91/record.json,/Users/liyu/Desktop/中文题目/A题研究/advanced_solver/runs/formal_v2/evaluations/attempts/20260924T124159-3755e9f410d74ac7bb133ef81310cb91/official_result.json.gz
case_015,1,3,61193,61193,521472,521472,0.0,177362,方案/p1/n3/case_015_multicore_res.json,/Users/liyu/Desktop/中文题目/A题研究/advanced_solver/runs/formal_v2/evaluations/attempts/20260924T124203-1191ebc465fe4be2a0978288d721fe4d/record.json,/Users/liyu/Desktop/中文题目/A题研究/advanced_solver/runs/formal_v2/evaluations/attempts/20260924T124203-1191ebc465fe4be2a0978288d721fe4d/official_result.json.gz
case_015,1,4,50093,50093,532992,532992,0.0,177362,方案/p1/n4/case_015_multicore_res.json,/Users/liyu/Desktop/中文题目/A题研究/advanced_solver/runs/formal_v2/evaluations/attempts/20260924T124208-49c3fa0149e54836af10bd3f09b5e508/record.json,/Users/liyu/Desktop/中文题目/A题研究/advanced_solver/runs/formal_v2/evaluations/attempts/20260924T124208-49c3fa0149e54836af10bd3f09b5e508/official_result.json.gz
case_015,1,5,43411,43411,321536,321536,0.0,177362,方案/p1/n5/case_015_multicore_res.json,/Users/liyu/Desktop/中文题目/A题研究/solver/runs/full_initial_v1/evaluations/attempts/20260924T093736-8344856188b34d99ad5cc97c304c3ce1/record.json,/Users/liyu/Desktop/中文题目/A题研究/solver/runs/full_initial_v1/evaluations/attempts/20260924T093736-8344856188b34d99ad5cc97c304c3ce1/official_result.json.gz
case_015,2,1,177362,177362,180256,180256,0.0,177362,方案/p2/n1/case_015_multicore_res.json,/Users/liyu/Desktop/中文题目/A题研究/advanced_solver/runs/formal_v2/evaluations/attempts/20260924T234316-8ad90fcd797c4974bf0ef339b5a9ac77/record.json,/Users/liyu/Desktop/中文题目/A题研究/advanced_solver/runs/formal_v2/evaluations/attempts/20260924T234316-8ad90fcd797c4974bf0ef339b5a9ac77/official_result.json.gz
case_015,2,2,82882,82882,109824,109824,0.0,177362,方案/p2/n2/case_015_multicore_res.json,/Users/liyu/Desktop/中文题目/A题研究/advanced_solver/runs/formal_v2/evaluations/attempts/20260924T235425-d5e186eccae44d6fac8c11a723aace4b/record.json,/Users/liyu/Desktop/中文题目/A题研究/advanced_solver/runs/formal_v2/evaluations/attempts/20260924T235425-d5e186eccae44d6fac8c11a723aace4b/official_result.json.gz
case_015,2,3,54594,54594,208128,208128,0.0,177362,方案/p2/n3/case_015_multicore_res.json,/Users/liyu/Desktop/中文题目/A题研究/advanced_solver/runs/formal_v2/evaluations/attempts/20260924T235425-cdfe83ebf977422cbb70fa0fd1b32f67/record.json,/Users/liyu/Desktop/中文题目/A题研究/advanced_solver/runs/formal_v2/evaluations/attempts/20260924T235425-cdfe83ebf977422cbb70fa0fd1b32f67/official_result.json.gz
case_015,2,4,49885,49885,231168,231168,0.0,177362,方案/p2/n4/case_015_multicore_res.json,/Users/liyu/Desktop/中文题目/A题研究/advanced_solver/runs/formal_v2/evaluations/attempts/20260924T165005-222497d26c0145cc985037681ce1a6d1/record.json,/Users/liyu/Desktop/中文题目/A题研究/advanced_solver/runs/formal_v2/evaluations/attempts/20260924T165005-222497d26c0145cc985037681ce1a6d1/official_result.json.gz
case_015,2,5,33997,33997,313344,313344,0.0,177362,方案/p2/n5/case_015_multicore_res.json,/Users/liyu/Desktop/中文题目/A题研究/advanced_solver/runs/formal_v2/evaluations/attempts/20260925T155412-31053b939cd24e609ccaccb91f0e5994/record.json,/Users/liyu/Desktop/中文题目/A题研究/advanced_solver/runs/formal_v2/evaluations/attempts/20260925T155412-31053b939cd24e609ccaccb91f0e5994/official_result.json.gz
case_015,3,1,177362,177362,180256,180256,0.0,177362,方案/p3/n1/case_015_multicore_res.json,/Users/liyu/Desktop/中文题目/A题研究/advanced_solver/runs/formal_v2/evaluations/attempts/20260924T234317-d0ab8f90698f4a14a6d77ffbe3f25912/record.json,/Users/liyu/Desktop/中文题目/A题研究/advanced_solver/runs/formal_v2/evaluations/attempts/20260924T234317-d0ab8f90698f4a14a6d77ffbe3f25912/official_result.json.gz
case_015,3,2,82882,82882,109824,109824,0.0,177362,方案/p3/n2/case_015_multicore_res.json,/Users/liyu/Desktop/中文题目/A题研究/advanced_solver/runs/formal_v2/evaluations/attempts/20260924T234010-a1f24026251f43de93cf405ee5aa926e/record.json,/Users/liyu/Desktop/中文题目/A题研究/advanced_solver/runs/formal_v2/evaluations/attempts/20260924T234010-a1f24026251f43de93cf405ee5aa926e/official_result.json.gz
case_015,3,3,54545,54545,208128,208128,0.0,177362,方案/p3/n3/case_015_multicore_res.json,/Users/liyu/Desktop/中文题目/A题研究/advanced_solver/runs/formal_v2/evaluations/attempts/20260924T234010-2fb839e9dba24aa2a1328ac48e649008/record.json,/Users/liyu/Desktop/中文题目/A题研究/advanced_solver/runs/formal_v2/evaluations/attempts/20260924T234010-2fb839e9dba24aa2a1328ac48e649008/official_result.json.gz
case_015,3,4,49853,49853,219648,219648,0.0,177362,方案/p3/n4/case_015_multicore_res.json,/Users/liyu/Desktop/中文题目/A题研究/advanced_solver/runs/formal_v2/evaluations/attempts/20260924T125830-2327cd8f9aa6487fa405f541094b039c/record.json,/Users/liyu/Desktop/中文题目/A题研究/advanced_solver/runs/formal_v2/evaluations/attempts/20260924T125830-2327cd8f9aa6487fa405f541094b039c/official_result.json.gz
case_015,3,5,33340,33340,313344,313344,0.0,177362,方案/p3/n5/case_015_multicore_res.json,/Users/liyu/Desktop/中文题目/A题研究/advanced_solver/runs/formal_v2/evaluations/attempts/20260925T155410-d7af1d5450534233928e34f70c8fcfbc/record.json,/Users/liyu/Desktop/中文题目/A题研究/advanced_solver/runs/formal_v2/evaluations/attempts/20260925T155410-d7af1d5450534233928e34f70c8fcfbc/official_result.json.gz
case_016,1,1,7731302,7731302,7274944,7274944,0.0,7715523,方案/p1/n1/case_016_multicore_res.json,/Users/liyu/Desktop/中文题目/A题研究/advanced_solver/runs/formal_v2/evaluations/attempts/20260924T233818-fca4ad19bd5a4f2c889cd256c2d339f6/record.json,/Users/liyu/Desktop/中文题目/A题研究/advanced_solver/runs/formal_v2/evaluations/attempts/20260924T233818-fca4ad19bd5a4f2c889cd256c2d339f6/official_result.json.gz
case_016,1,2,4840474,4840474,119556560,119556560,0.0,7715523,方案/p1/n2/case_016_multicore_res.json,/Users/liyu/Desktop/中文题目/A题研究/advanced_solver/runs/formal_v2/evaluations/attempts/20260925T020659-77f51785576f4984af8d5cd6e42fd275/record.json,/Users/liyu/Desktop/中文题目/A题研究/advanced_solver/runs/formal_v2/evaluations/attempts/20260925T020659-77f51785576f4984af8d5cd6e42fd275/official_result.json.gz
case_016,1,3,3971606,3971606,119556560,119556560,0.0,7715523,方案/p1/n3/case_016_multicore_res.json,/Users/liyu/Desktop/中文题目/A题研究/advanced_solver/runs/formal_v2/evaluations/attempts/20260925T020659-af3e9870eaac4f17a93d7032f36fa97c/record.json,/Users/liyu/Desktop/中文题目/A题研究/advanced_solver/runs/formal_v2/evaluations/attempts/20260925T020659-af3e9870eaac4f17a93d7032f36fa97c/official_result.json.gz
case_016,1,4,3667614,3667614,119557776,119557776,0.0,7715523,方案/p1/n4/case_016_multicore_res.json,/Users/liyu/Desktop/中文题目/A题研究/advanced_solver/runs/formal_v2/evaluations/attempts/20260925T020709-7ea4e07017504ac381e157ec52986fe7/record.json,/Users/liyu/Desktop/中文题目/A题研究/advanced_solver/runs/formal_v2/evaluations/attempts/20260925T020709-7ea4e07017504ac381e157ec52986fe7/official_result.json.gz
case_016,1,5,3303991,3303991,119557168,119557168,0.0,7715523,方案/p1/n5/case_016_multicore_res.json,/Users/liyu/Desktop/中文题目/A题研究/advanced_solver/runs/formal_v2/evaluations/attempts/20260925T172914-0a3c64ca422f4933847b6f24b29c515d/record.json,/Users/liyu/Desktop/中文题目/A题研究/advanced_solver/runs/formal_v2/evaluations/attempts/20260925T172914-0a3c64ca422f4933847b6f24b29c515d/official_result.json.gz
case_016,2,1,7715523,7715523,0,0,0.0,7715523,方案/p2/n1/case_016_multicore_res.json,/Users/liyu/Desktop/中文题目/A题研究/advanced_solver/runs/formal_v2/evaluations/attempts/20260924T234044-5706f89afa884bed88a9639df6e0ed94/record.json,/Users/liyu/Desktop/中文题目/A题研究/advanced_solver/runs/formal_v2/evaluations/attempts/20260924T234044-5706f89afa884bed88a9639df6e0ed94/official_result.json.gz
case_016,2,2,4027025,4027025,404196,404196,0.0,7715523,方案/p2/n2/case_016_multicore_res.json,/Users/liyu/Desktop/中文题目/A题研究/advanced_solver/runs/formal_v2/evaluations/attempts/20260924T124259-2dbbd1a13f7e4381a3a60a5e334342ee/record.json,/Users/liyu/Desktop/中文题目/A题研究/advanced_solver/runs/formal_v2/evaluations/attempts/20260924T124259-2dbbd1a13f7e4381a3a60a5e334342ee/official_result.json.gz
case_016,2,3,2877801,2877801,275564,275564,0.0,7715523,方案/p2/n3/case_016_multicore_res.json,/Users/liyu/Desktop/中文题目/A题研究/advanced_solver/runs/formal_v2/evaluations/attempts/20260924T124501-e3def48bf7434d9f863ed07f53401b4c/record.json,/Users/liyu/Desktop/中文题目/A题研究/advanced_solver/runs/formal_v2/evaluations/attempts/20260924T124501-e3def48bf7434d9f863ed07f53401b4c/official_result.json.gz
case_016,2,4,2240038,2240038,212460,212460,0.0,7715523,方案/p2/n4/case_016_multicore_res.json,/Users/liyu/Desktop/中文题目/A题研究/advanced_solver/runs/formal_v2/evaluations/attempts/20260924T124815-76bd4d9eb7ca454a97fb0ea69c8d274c/record.json,/Users/liyu/Desktop/中文题目/A题研究/advanced_solver/runs/formal_v2/evaluations/attempts/20260924T124815-76bd4d9eb7ca454a97fb0ea69c8d274c/official_result.json.gz
case_016,2,5,1971422,1971422,40388464,40388464,0.0,7715523,方案/p2/n5/case_016_multicore_res.json,/Users/liyu/Desktop/中文题目/A题研究/advanced_solver/runs/formal_v2/evaluations/attempts/20260924T220626-08a93b4390a14faca40792423e6748ee/record.json,/Users/liyu/Desktop/中文题目/A题研究/advanced_solver/runs/formal_v2/evaluations/attempts/20260924T220626-08a93b4390a14faca40792423e6748ee/official_result.json.gz
case_016,3,1,7715523,7715523,0,0,0.0,7715523,方案/p3/n1/case_016_multicore_res.json,/Users/liyu/Desktop/中文题目/A题研究/advanced_solver/runs/formal_v2/evaluations/attempts/20260924T234051-603d672892df483393684a68803540cd/record.json,/Users/liyu/Desktop/中文题目/A题研究/advanced_solver/runs/formal_v2/evaluations/attempts/20260924T234051-603d672892df483393684a68803540cd/official_result.json.gz
case_016,3,2,4026193,4026193,404196,404196,0.0,7715523,方案/p3/n2/case_016_multicore_res.json,/Users/liyu/Desktop/中文题目/A题研究/advanced_solver/runs/formal_v2/evaluations/attempts/20260924T130056-3e868848214c4593a35b50aaaa49a4b9/record.json,/Users/liyu/Desktop/中文题目/A题研究/advanced_solver/runs/formal_v2/evaluations/attempts/20260924T130056-3e868848214c4593a35b50aaaa49a4b9/official_result.json.gz
case_016,3,3,2877208,2877208,275564,275564,0.0,7715523,方案/p3/n3/case_016_multicore_res.json,/Users/liyu/Desktop/中文题目/A题研究/advanced_solver/runs/formal_v2/evaluations/attempts/20260924T130353-f8ecf6d582af4b288dce153f6cfa6873/record.json,/Users/liyu/Desktop/中文题目/A题研究/advanced_solver/runs/formal_v2/evaluations/attempts/20260924T130353-f8ecf6d582af4b288dce153f6cfa6873/official_result.json.gz
case_016,3,4,2239547,2239547,212460,212460,0.0,7715523,方案/p3/n4/case_016_multicore_res.json,/Users/liyu/Desktop/中文题目/A题研究/advanced_solver/runs/formal_v2/evaluations/attempts/20260924T130753-0614267bb2324ebf8305c741d5649012/record.json,/Users/liyu/Desktop/中文题目/A题研究/advanced_solver/runs/formal_v2/evaluations/attempts/20260924T130753-0614267bb2324ebf8305c741d5649012/official_result.json.gz
case_016,3,5,1969193,1969193,40388464,40388464,0.0,7715523,方案/p3/n5/case_016_multicore_res.json,/Users/liyu/Desktop/中文题目/A题研究/advanced_solver/runs/formal_v2/evaluations/attempts/20260924T131437-aab6790518f9423d85a08d085e29e31d/record.json,/Users/liyu/Desktop/中文题目/A题研究/advanced_solver/runs/formal_v2/evaluations/attempts/20260924T131437-aab6790518f9423d85a08d085e29e31d/official_result.json.gz
case_017,1,1,162946,162946,22528,22528,0.0,162810,方案/p1/n1/case_017_multicore_res.json,/Users/liyu/Desktop/中文题目/A题研究/advanced_solver/runs/formal_v2/evaluations/attempts/20260924T233947-797a09247dfc4a04ae79a0e3282a7fdc/record.json,/Users/liyu/Desktop/中文题目/A题研究/advanced_solver/runs/formal_v2/evaluations/attempts/20260924T233947-797a09247dfc4a04ae79a0e3282a7fdc/official_result.json.gz
case_017,1,2,83047,83047,87552,87552,0.0,162810,方案/p1/n2/case_017_multicore_res.json,/Users/liyu/Desktop/中文题目/A题研究/advanced_solver/runs/formal_v2/evaluations/attempts/20260924T124912-fc5e2de9676d4285a8f82f741d68eea6/record.json,/Users/liyu/Desktop/中文题目/A题研究/advanced_solver/runs/formal_v2/evaluations/attempts/20260924T124912-fc5e2de9676d4285a8f82f741d68eea6/official_result.json.gz
case_017,1,3,56882,56882,176256,176256,0.0,162810,方案/p1/n3/case_017_multicore_res.json,/Users/liyu/Desktop/中文题目/A题研究/advanced_solver/runs/formal_v2/evaluations/attempts/20260924T124922-047486de77b8477c94dc5d4c790f082e/record.json,/Users/liyu/Desktop/中文题目/A题研究/advanced_solver/runs/formal_v2/evaluations/attempts/20260924T124922-047486de77b8477c94dc5d4c790f082e/official_result.json.gz
case_017,1,4,42384,42384,259200,259200,0.0,162810,方案/p1/n4/case_017_multicore_res.json,/Users/liyu/Desktop/中文题目/A题研究/advanced_solver/runs/formal_v2/evaluations/attempts/20260924T124932-e3030e9c2e674332bc24dfa83d1a450a/record.json,/Users/liyu/Desktop/中文题目/A题研究/advanced_solver/runs/formal_v2/evaluations/attempts/20260924T124932-e3030e9c2e674332bc24dfa83d1a450a/official_result.json.gz
case_017,1,5,35340,35340,329472,329472,0.0,162810,方案/p1/n5/case_017_multicore_res.json,/Users/liyu/Desktop/中文题目/A题研究/advanced_solver/runs/formal_v2/evaluations/attempts/20260925T001000-2c2ef15d1213403a854570f9e56dc8ec/record.json,/Users/liyu/Desktop/中文题目/A题研究/advanced_solver/runs/formal_v2/evaluations/attempts/20260925T001000-2c2ef15d1213403a854570f9e56dc8ec/official_result.json.gz
case_017,2,1,162810,162810,22528,22528,0.0,162810,方案/p2/n1/case_017_multicore_res.json,/Users/liyu/Desktop/中文题目/A题研究/advanced_solver/runs/formal_v2/evaluations/attempts/20260924T234309-135f4963fd8842aaadc736dc1adc7b2b/record.json,/Users/liyu/Desktop/中文题目/A题研究/advanced_solver/runs/formal_v2/evaluations/attempts/20260924T234309-135f4963fd8842aaadc736dc1adc7b2b/official_result.json.gz
case_017,2,2,71999,71999,87552,87552,0.0,162810,方案/p2/n2/case_017_multicore_res.json,/Users/liyu/Desktop/中文题目/A题研究/advanced_solver/runs/formal_v2/evaluations/attempts/20260924T235421-4583afdf5baf4810b203263f60f2c7e2/record.json,/Users/liyu/Desktop/中文题目/A题研究/advanced_solver/runs/formal_v2/evaluations/attempts/20260924T235421-4583afdf5baf4810b203263f60f2c7e2/official_result.json.gz
case_017,2,3,49831,49831,175104,175104,0.0,162810,方案/p2/n3/case_017_multicore_res.json,/Users/liyu/Desktop/中文题目/A题研究/advanced_solver/runs/formal_v2/evaluations/attempts/20260924T165036-2e60e029a66e489ea6965649c0200994/record.json,/Users/liyu/Desktop/中文题目/A题研究/advanced_solver/runs/formal_v2/evaluations/attempts/20260924T165036-2e60e029a66e489ea6965649c0200994/official_result.json.gz
case_017,2,4,37645,37645,259200,259200,0.0,162810,方案/p2/n4/case_017_multicore_res.json,/Users/liyu/Desktop/中文题目/A题研究/advanced_solver/runs/formal_v2/evaluations/attempts/20260924T124508-7c9c49799d9649b086f8424de046d522/record.json,/Users/liyu/Desktop/中文题目/A题研究/advanced_solver/runs/formal_v2/evaluations/attempts/20260924T124508-7c9c49799d9649b086f8424de046d522/official_result.json.gz
case_017,2,5,28330,28330,340992,340992,0.0,162810,方案/p2/n5/case_017_multicore_res.json,/Users/liyu/Desktop/中文题目/A题研究/advanced_solver/runs/formal_v2/evaluations/attempts/20260925T155413-32c031bc1af74f918be3ac2a7d846784/record.json,/Users/liyu/Desktop/中文题目/A题研究/advanced_solver/runs/formal_v2/evaluations/attempts/20260925T155413-32c031bc1af74f918be3ac2a7d846784/official_result.json.gz
case_017,3,1,162810,162810,22528,22528,0.0,162810,方案/p3/n1/case_017_multicore_res.json,/Users/liyu/Desktop/中文题目/A题研究/advanced_solver/runs/formal_v2/evaluations/attempts/20260924T234310-c10c130562c944eeb977d3caf40ce6c4/record.json,/Users/liyu/Desktop/中文题目/A题研究/advanced_solver/runs/formal_v2/evaluations/attempts/20260924T234310-c10c130562c944eeb977d3caf40ce6c4/official_result.json.gz
case_017,3,2,71999,71999,87552,87552,0.0,162810,方案/p3/n2/case_017_multicore_res.json,/Users/liyu/Desktop/中文题目/A题研究/advanced_solver/runs/formal_v2/evaluations/attempts/20260924T234021-5a16898c996149b6a8a1c14b4b6198b6/record.json,/Users/liyu/Desktop/中文题目/A题研究/advanced_solver/runs/formal_v2/evaluations/attempts/20260924T234021-5a16898c996149b6a8a1c14b4b6198b6/official_result.json.gz
case_017,3,3,49831,49831,175104,175104,0.0,162810,方案/p3/n3/case_017_multicore_res.json,/Users/liyu/Desktop/中文题目/A题研究/advanced_solver/runs/formal_v2/evaluations/attempts/20260924T233846-3f8b38ad653c4d15b07453a0d7810405/record.json,/Users/liyu/Desktop/中文题目/A题研究/advanced_solver/runs/formal_v2/evaluations/attempts/20260924T233846-3f8b38ad653c4d15b07453a0d7810405/official_result.json.gz
case_017,3,4,37645,37645,259200,259200,0.0,162810,方案/p3/n4/case_017_multicore_res.json,/Users/liyu/Desktop/中文题目/A题研究/advanced_solver/runs/formal_v2/evaluations/attempts/20260924T131527-b1b64896837a4ee7ab50e0f807d977a1/record.json,/Users/liyu/Desktop/中文题目/A题研究/advanced_solver/runs/formal_v2/evaluations/attempts/20260924T131527-b1b64896837a4ee7ab50e0f807d977a1/official_result.json.gz
case_017,3,5,28049,28049,340992,340992,0.0,162810,方案/p3/n5/case_017_multicore_res.json,/Users/liyu/Desktop/中文题目/A题研究/advanced_solver/runs/formal_v2/evaluations/attempts/20260925T155414-95aeb2d42a2a4c15aa68ecc91bdb0235/record.json,/Users/liyu/Desktop/中文题目/A题研究/advanced_solver/runs/formal_v2/evaluations/attempts/20260925T155414-95aeb2d42a2a4c15aa68ecc91bdb0235/official_result.json.gz
case_018,1,1,1000826,1000826,2535424,2535424,0.0,1004367,方案/p1/n1/case_018_multicore_res.json,/Users/liyu/Desktop/中文题目/A题研究/advanced_solver/runs/formal_v2/evaluations/attempts/20260924T233943-ae128a0f784b4a5c8d7c80d2c7c8e75f/record.json,/Users/liyu/Desktop/中文题目/A题研究/advanced_solver/runs/formal_v2/evaluations/attempts/20260924T233943-ae128a0f784b4a5c8d7c80d2c7c8e75f/official_result.json.gz
case_018,1,2,504468,504468,3253248,3253248,0.0,1004367,方案/p1/n2/case_018_multicore_res.json,/Users/liyu/Desktop/中文题目/A题研究/solver/runs/full_initial_v1/evaluations/attempts/20260924T093808-dd47174c58d644e09fc72871c3d7ce19/record.json,/Users/liyu/Desktop/中文题目/A题研究/solver/runs/full_initial_v1/evaluations/attempts/20260924T093808-dd47174c58d644e09fc72871c3d7ce19/official_result.json.gz
case_018,1,3,339838,339838,4075904,4075904,0.0,1004367,方案/p1/n3/case_018_multicore_res.json,/Users/liyu/Desktop/中文题目/A题研究/advanced_solver/runs/formal_v2/evaluations/attempts/20260924T125013-089f35b344af471ebff40f64aa16eabc/record.json,/Users/liyu/Desktop/中文题目/A题研究/advanced_solver/runs/formal_v2/evaluations/attempts/20260924T125013-089f35b344af471ebff40f64aa16eabc/official_result.json.gz
case_018,1,4,254635,254635,6577920,6577920,0.0,1004367,方案/p1/n4/case_018_multicore_res.json,/Users/liyu/Desktop/中文题目/A题研究/advanced_solver/runs/formal_v2/evaluations/attempts/20260924T125044-647b0acbaec04df599f7c1786505f251/record.json,/Users/liyu/Desktop/中文题目/A题研究/advanced_solver/runs/formal_v2/evaluations/attempts/20260924T125044-647b0acbaec04df599f7c1786505f251/official_result.json.gz
case_018,1,5,205917,205917,5320704,5320704,0.0,1004367,方案/p1/n5/case_018_multicore_res.json,/Users/liyu/Desktop/中文题目/A题研究/solver/runs/full_initial_v1/evaluations/attempts/20260924T093817-afc3bd6f936f4e7abb19767ef3ce98c2/record.json,/Users/liyu/Desktop/中文题目/A题研究/solver/runs/full_initial_v1/evaluations/attempts/20260924T093817-afc3bd6f936f4e7abb19767ef3ce98c2/official_result.json.gz
case_018,2,1,1004367,1004367,1970176,1970176,0.0,1004367,方案/p2/n1/case_018_multicore_res.json,/Users/liyu/Desktop/中文题目/A题研究/advanced_solver/runs/formal_v2/evaluations/attempts/20260924T234303-540439cfdfe147c796d54a1548022681/record.json,/Users/liyu/Desktop/中文题目/A题研究/advanced_solver/runs/formal_v2/evaluations/attempts/20260924T234303-540439cfdfe147c796d54a1548022681/official_result.json.gz
case_018,2,2,502396,502396,3253248,3253248,0.0,1004367,方案/p2/n2/case_018_multicore_res.json,/Users/liyu/Desktop/中文题目/A题研究/advanced_solver/runs/formal_v2/evaluations/attempts/20260924T235418-34e261d25b394cde946602052e1b9138/record.json,/Users/liyu/Desktop/中文题目/A题研究/advanced_solver/runs/formal_v2/evaluations/attempts/20260924T235418-34e261d25b394cde946602052e1b9138/official_result.json.gz
case_018,2,3,337775,337775,4075904,4075904,0.0,1004367,方案/p2/n3/case_018_multicore_res.json,/Users/liyu/Desktop/中文题目/A题研究/advanced_solver/runs/formal_v2/evaluations/attempts/20260924T235419-0648aa6f52fb4f859ab251fd469e8488/record.json,/Users/liyu/Desktop/中文题目/A题研究/advanced_solver/runs/formal_v2/evaluations/attempts/20260924T235419-0648aa6f52fb4f859ab251fd469e8488/official_result.json.gz
case_018,2,4,254221,254221,4880128,4880128,0.0,1004367,方案/p2/n4/case_018_multicore_res.json,/Users/liyu/Desktop/中文题目/A题研究/advanced_solver/runs/formal_v2/evaluations/attempts/20260924T124602-643b15f7433f4d2f9091ac3cacbecbcd/record.json,/Users/liyu/Desktop/中文题目/A题研究/advanced_solver/runs/formal_v2/evaluations/attempts/20260924T124602-643b15f7433f4d2f9091ac3cacbecbcd/official_result.json.gz
case_018,2,5,204654,201731,5324800,5120000,1.4282642899723474,1004367,方案/p2/n5/case_018_multicore_res.json,/Users/liyu/Desktop/中文题目/A题研究/advanced_solver/runs/formal_v2/evaluations/attempts/20260925T175907-4cf81640743d4865999113ae75f2473b/record.json,/Users/liyu/Desktop/中文题目/A题研究/advanced_solver/runs/formal_v2/evaluations/attempts/20260925T175907-4cf81640743d4865999113ae75f2473b/official_result.json.gz
case_018,3,1,1003110,1003110,1970176,1970176,0.0,1004367,方案/p3/n1/case_018_multicore_res.json,/Users/liyu/Desktop/中文题目/A题研究/advanced_solver/runs/formal_v2/evaluations/attempts/20260924T234304-c07c573bc2704a568ae14d15218b529b/record.json,/Users/liyu/Desktop/中文题目/A题研究/advanced_solver/runs/formal_v2/evaluations/attempts/20260924T234304-c07c573bc2704a568ae14d15218b529b/official_result.json.gz
case_018,3,2,500499,500499,3253248,3253248,0.0,1004367,方案/p3/n2/case_018_multicore_res.json,/Users/liyu/Desktop/中文题目/A题研究/advanced_solver/runs/formal_v2/evaluations/attempts/20260924T234028-e227b547b96c4224bfdcbceb6bfcc7e0/record.json,/Users/liyu/Desktop/中文题目/A题研究/advanced_solver/runs/formal_v2/evaluations/attempts/20260924T234028-e227b547b96c4224bfdcbceb6bfcc7e0/official_result.json.gz
case_018,3,3,336999,336999,4075904,4075904,0.0,1004367,方案/p3/n3/case_018_multicore_res.json,/Users/liyu/Desktop/中文题目/A题研究/advanced_solver/runs/formal_v2/evaluations/attempts/20260924T234029-b657691737f94048b4d1c49ddedde8f3/record.json,/Users/liyu/Desktop/中文题目/A题研究/advanced_solver/runs/formal_v2/evaluations/attempts/20260924T234029-b657691737f94048b4d1c49ddedde8f3/official_result.json.gz
case_018,3,4,253930,253930,4880128,4880128,0.0,1004367,方案/p3/n4/case_018_multicore_res.json,/Users/liyu/Desktop/中文题目/A题研究/advanced_solver/runs/formal_v2/evaluations/attempts/20260924T131645-ce15f63ec78d46af9ece7102e8d753b7/record.json,/Users/liyu/Desktop/中文题目/A题研究/advanced_solver/runs/formal_v2/evaluations/attempts/20260924T131645-ce15f63ec78d46af9ece7102e8d753b7/official_result.json.gz
case_018,3,5,201238,200235,5324800,5120000,0.4984148123117871,1004367,方案/p3/n5/case_018_multicore_res.json,/Users/liyu/Desktop/中文题目/A题研究/advanced_solver/runs/formal_v2/evaluations/attempts/20260925T180135-6127d8ad1d774e999a6911c44c1522f5/record.json,/Users/liyu/Desktop/中文题目/A题研究/advanced_solver/runs/formal_v2/evaluations/attempts/20260925T180135-6127d8ad1d774e999a6911c44c1522f5/official_result.json.gz
case_019,1,1,81144,81144,0,0,0.0,81144,方案/p1/n1/case_019_multicore_res.json,/Users/liyu/Desktop/中文题目/A题研究/solver/runs/pilot_fullpool_v2/evaluations/attempts/20260924T093741-aa9fc863f373467b92da11da7bb3bc1d/record.json,/Users/liyu/Desktop/中文题目/A题研究/solver/runs/pilot_fullpool_v2/evaluations/attempts/20260924T093733-9e470ecdf2d94f9d95c5ddc93657c436/official_result.json.gz
case_019,1,2,41238,41238,27168,27168,0.0,81144,方案/p1/n2/case_019_multicore_res.json,/Users/liyu/Desktop/中文题目/A题研究/advanced_solver/runs/formal_v2/evaluations/attempts/20260924T125118-67982ca9f33e46f18b826cc31c97285e/record.json,/Users/liyu/Desktop/中文题目/A题研究/advanced_solver/runs/formal_v2/evaluations/attempts/20260924T125118-67982ca9f33e46f18b826cc31c97285e/official_result.json.gz
case_019,1,3,28986,28986,27168,27168,0.0,81144,方案/p1/n3/case_019_multicore_res.json,/Users/liyu/Desktop/中文题目/A题研究/advanced_solver/runs/formal_v2/evaluations/attempts/20260924T125122-df77ad01b3684fd8a01bcc5e106ea2ca/record.json,/Users/liyu/Desktop/中文题目/A题研究/advanced_solver/runs/formal_v2/evaluations/attempts/20260924T125122-df77ad01b3684fd8a01bcc5e106ea2ca/official_result.json.gz
case_019,1,4,24099,24099,51744,51744,0.0,81144,方案/p1/n4/case_019_multicore_res.json,/Users/liyu/Desktop/中文题目/A题研究/advanced_solver/runs/formal_v2/evaluations/attempts/20260924T125125-b6cedb877cd942bf8a171c1aed405ccb/record.json,/Users/liyu/Desktop/中文题目/A题研究/advanced_solver/runs/formal_v2/evaluations/attempts/20260924T125125-b6cedb877cd942bf8a171c1aed405ccb/official_result.json.gz
case_019,1,5,19414,19414,289924,289924,0.0,81144,方案/p1/n5/case_019_multicore_res.json,/Users/liyu/Desktop/中文题目/A题研究/advanced_solver/runs/formal_v2/evaluations/attempts/20260924T220250-fcbba42c81d345f09d70482fcb9609d6/record.json,/Users/liyu/Desktop/中文题目/A题研究/advanced_solver/runs/formal_v2/evaluations/attempts/20260924T220250-fcbba42c81d345f09d70482fcb9609d6/official_result.json.gz
case_019,2,1,77857,77857,0,0,0.0,81144,方案/p2/n1/case_019_multicore_res.json,/Users/liyu/Desktop/中文题目/A题研究/solver/runs/pilot_fullpool_v2/evaluations/attempts/20260924T093744-ba238e0980a9438bab7262256d21ab44/record.json,/Users/liyu/Desktop/中文题目/A题研究/solver/runs/pilot_fullpool_v2/evaluations/attempts/20260924T093736-588d5347ced843169dc71e8471ee93e6/official_result.json.gz
case_019,2,2,31100,31100,1043448,1043448,0.0,81144,方案/p2/n2/case_019_multicore_res.json,/Users/liyu/Desktop/中文题目/A题研究/advanced_solver/runs/formal_v2/evaluations/attempts/20260924T235429-068d46fc2e964d9e828070d8849c2f9f/record.json,/Users/liyu/Desktop/中文题目/A题研究/advanced_solver/runs/formal_v2/evaluations/attempts/20260924T235429-068d46fc2e964d9e828070d8849c2f9f/official_result.json.gz
case_019,2,3,24938,24938,974368,974368,0.0,81144,方案/p2/n3/case_019_multicore_res.json,/Users/liyu/Desktop/中文题目/A题研究/advanced_solver/runs/formal_v2/evaluations/attempts/20260924T124636-cf921d448e9f46fb9555a1cb017c478e/record.json,/Users/liyu/Desktop/中文题目/A题研究/advanced_solver/runs/formal_v2/evaluations/attempts/20260924T124636-cf921d448e9f46fb9555a1cb017c478e/official_result.json.gz
case_019,2,4,22443,22443,51744,51744,0.0,81144,方案/p2/n4/case_019_multicore_res.json,/Users/liyu/Desktop/中文题目/A题研究/advanced_solver/runs/formal_v2/evaluations/attempts/20260924T124642-30b593f8683845adb49e6926905ec4ba/record.json,/Users/liyu/Desktop/中文题目/A题研究/advanced_solver/runs/formal_v2/evaluations/attempts/20260924T124642-30b593f8683845adb49e6926905ec4ba/official_result.json.gz
case_019,2,5,17473,17473,801900,801900,0.0,81144,方案/p2/n5/case_019_multicore_res.json,/Users/liyu/Desktop/中文题目/A题研究/实验记录/p3_deep_refine/evaluations/attempts/20260924T130419-dcfc9454d4454646a1728e7fd9435b13/record.json,/Users/liyu/Desktop/中文题目/A题研究/实验记录/p3_deep_refine/evaluations/attempts/20260924T130419-dcfc9454d4454646a1728e7fd9435b13/official_result.json.gz
case_019,3,1,77857,77857,0,0,0.0,81144,方案/p3/n1/case_019_multicore_res.json,/Users/liyu/Desktop/中文题目/A题研究/solver/runs/pilot_fullpool_v2/evaluations/attempts/20260924T093747-c68fd8b6410841ae9ee50e2b99d0694b/record.json,/Users/liyu/Desktop/中文题目/A题研究/solver/runs/pilot_fullpool_v2/evaluations/attempts/20260924T093739-78f01286336544e99688300f6820efbd/official_result.json.gz
case_019,3,2,30570,30570,1043448,1043448,0.0,81144,方案/p3/n2/case_019_multicore_res.json,/Users/liyu/Desktop/中文题目/A题研究/advanced_solver/runs/formal_v2/evaluations/attempts/20260924T233956-c65e691618ee4381a46f1810d24b2dab/record.json,/Users/liyu/Desktop/中文题目/A题研究/advanced_solver/runs/formal_v2/evaluations/attempts/20260924T233956-c65e691618ee4381a46f1810d24b2dab/official_result.json.gz
case_019,3,3,23552,23552,974368,974368,0.0,81144,方案/p3/n3/case_019_multicore_res.json,/Users/liyu/Desktop/中文题目/A题研究/advanced_solver/runs/formal_v2/evaluations/attempts/20260924T131737-228a5dc23ea94620a7ae49d5134914b7/record.json,/Users/liyu/Desktop/中文题目/A题研究/advanced_solver/runs/formal_v2/evaluations/attempts/20260924T131737-228a5dc23ea94620a7ae49d5134914b7/official_result.json.gz
case_019,3,4,22443,22443,51744,51744,0.0,81144,方案/p3/n4/case_019_multicore_res.json,/Users/liyu/Desktop/中文题目/A题研究/advanced_solver/runs/formal_v2/evaluations/attempts/20260924T131743-ded8ad1fd5b24954a2c70f0daa7b4d74/record.json,/Users/liyu/Desktop/中文题目/A题研究/advanced_solver/runs/formal_v2/evaluations/attempts/20260924T131743-ded8ad1fd5b24954a2c70f0daa7b4d74/official_result.json.gz
case_019,3,5,15833,15833,801900,801900,0.0,81144,方案/p3/n5/case_019_multicore_res.json,/Users/liyu/Desktop/中文题目/A题研究/实验记录/p3_deep_refine/evaluations/attempts/20260924T130419-56114f6e5c7e46debc88dc84539ac2fd/record.json,/Users/liyu/Desktop/中文题目/A题研究/实验记录/p3_deep_refine/evaluations/attempts/20260924T130419-56114f6e5c7e46debc88dc84539ac2fd/official_result.json.gz
case_020,1,1,534174,534174,0,0,0.0,532746,方案/p1/n1/case_020_multicore_res.json,/Users/liyu/Desktop/中文题目/A题研究/advanced_solver/runs/formal_v2/evaluations/attempts/20260924T233905-aedce42c6de44239a67fe36d571c4d80/record.json,/Users/liyu/Desktop/中文题目/A题研究/advanced_solver/runs/formal_v2/evaluations/attempts/20260924T233905-aedce42c6de44239a67fe36d571c4d80/official_result.json.gz
case_020,1,2,266580,266580,0,0,0.0,532746,方案/p1/n2/case_020_multicore_res.json,/Users/liyu/Desktop/中文题目/A题研究/solver/runs/full_initial_v1/evaluations/attempts/20260924T093845-dd127556cad1463bb372af08624a0010/record.json,/Users/liyu/Desktop/中文题目/A题研究/solver/runs/full_initial_v1/evaluations/attempts/20260924T093845-dd127556cad1463bb372af08624a0010/official_result.json.gz
case_020,1,3,177950,177950,0,0,0.0,532746,方案/p1/n3/case_020_multicore_res.json,/Users/liyu/Desktop/中文题目/A题研究/advanced_solver/runs/formal_v2/evaluations/attempts/20260924T125258-253309c92adb4a5b8dee5385df922a40/record.json,/Users/liyu/Desktop/中文题目/A题研究/advanced_solver/runs/formal_v2/evaluations/attempts/20260924T125258-253309c92adb4a5b8dee5385df922a40/official_result.json.gz
case_020,1,4,133704,133704,0,0,0.0,532746,方案/p1/n4/case_020_multicore_res.json,/Users/liyu/Desktop/中文题目/A题研究/advanced_solver/runs/formal_v2/evaluations/attempts/20260924T125431-2fae449ede2b44f7b751f55263152ea4/record.json,/Users/liyu/Desktop/中文题目/A题研究/advanced_solver/runs/formal_v2/evaluations/attempts/20260924T125431-2fae449ede2b44f7b751f55263152ea4/official_result.json.gz
case_020,1,5,107494,107494,0,0,0.0,532746,方案/p1/n5/case_020_multicore_res.json,/Users/liyu/Desktop/中文题目/A题研究/advanced_solver/runs/formal_v2/evaluations/attempts/20260924T125557-98d30d737e354287868df4c7005e4173/record.json,/Users/liyu/Desktop/中文题目/A题研究/advanced_solver/runs/formal_v2/evaluations/attempts/20260924T125557-98d30d737e354287868df4c7005e4173/official_result.json.gz
case_020,2,1,532746,532746,0,0,0.0,532746,方案/p2/n1/case_020_multicore_res.json,/Users/liyu/Desktop/中文题目/A题研究/advanced_solver/runs/formal_v2/evaluations/attempts/20260924T234202-8ad0122d4b4642209255239b9847e11b/record.json,/Users/liyu/Desktop/中文题目/A题研究/advanced_solver/runs/formal_v2/evaluations/attempts/20260924T234202-8ad0122d4b4642209255239b9847e11b/official_result.json.gz
case_020,2,2,266580,266580,0,0,0.0,532746,方案/p2/n2/case_020_multicore_res.json,/Users/liyu/Desktop/中文题目/A题研究/solver/runs/full_initial_v1/evaluations/attempts/20260924T093918-0e0576a5baa548a0b765c22a4c6ca16b/record.json,/Users/liyu/Desktop/中文题目/A题研究/solver/runs/full_initial_v1/evaluations/attempts/20260924T093918-0e0576a5baa548a0b765c22a4c6ca16b/official_result.json.gz
case_020,2,3,177950,177950,0,0,0.0,532746,方案/p2/n3/case_020_multicore_res.json,/Users/liyu/Desktop/中文题目/A题研究/advanced_solver/runs/formal_v2/evaluations/attempts/20260924T124733-3344e8b9b8ac4624b02119d0e1aa3a8f/record.json,/Users/liyu/Desktop/中文题目/A题研究/advanced_solver/runs/formal_v2/evaluations/attempts/20260924T124733-3344e8b9b8ac4624b02119d0e1aa3a8f/official_result.json.gz
case_020,2,4,133704,133704,0,0,0.0,532746,方案/p2/n4/case_020_multicore_res.json,/Users/liyu/Desktop/中文题目/A题研究/advanced_solver/runs/formal_v2/evaluations/attempts/20260924T124818-f408c294fb374cee80fe69207420a919/record.json,/Users/liyu/Desktop/中文题目/A题研究/advanced_solver/runs/formal_v2/evaluations/attempts/20260924T124818-f408c294fb374cee80fe69207420a919/official_result.json.gz
case_020,2,5,107187,107187,0,0,0.0,532746,方案/p2/n5/case_020_multicore_res.json,/Users/liyu/Desktop/中文题目/A题研究/advanced_solver/runs/formal_v2/evaluations/attempts/20260924T124902-e284bb901fc144de8c43c6621085104c/record.json,/Users/liyu/Desktop/中文题目/A题研究/advanced_solver/runs/formal_v2/evaluations/attempts/20260924T124902-e284bb901fc144de8c43c6621085104c/official_result.json.gz
case_020,3,1,532746,532746,0,0,0.0,532746,方案/p3/n1/case_020_multicore_res.json,/Users/liyu/Desktop/中文题目/A题研究/advanced_solver/runs/formal_v2/evaluations/attempts/20260924T234203-6be298c94b1a4b26af15ecbd30b6187a/record.json,/Users/liyu/Desktop/中文题目/A题研究/advanced_solver/runs/formal_v2/evaluations/attempts/20260924T234203-6be298c94b1a4b26af15ecbd30b6187a/official_result.json.gz
case_020,3,2,266580,266580,0,0,0.0,532746,方案/p3/n2/case_020_multicore_res.json,/Users/liyu/Desktop/中文题目/A题研究/advanced_solver/runs/formal_v2/evaluations/attempts/20260924T131755-abb6320a39be404e9b9a2f52656bd661/record.json,/Users/liyu/Desktop/中文题目/A题研究/advanced_solver/runs/formal_v2/evaluations/attempts/20260924T131755-abb6320a39be404e9b9a2f52656bd661/official_result.json.gz
case_020,3,3,177950,177950,0,0,0.0,532746,方案/p3/n3/case_020_multicore_res.json,/Users/liyu/Desktop/中文题目/A题研究/advanced_solver/runs/formal_v2/evaluations/attempts/20260924T131854-1ef7375ca1ad4fad8826d552836393f8/record.json,/Users/liyu/Desktop/中文题目/A题研究/advanced_solver/runs/formal_v2/evaluations/attempts/20260924T131854-1ef7375ca1ad4fad8826d552836393f8/official_result.json.gz
case_020,3,4,133704,133704,0,0,0.0,532746,方案/p3/n4/case_020_multicore_res.json,/Users/liyu/Desktop/中文题目/A题研究/advanced_solver/runs/formal_v2/evaluations/attempts/20260924T131951-eeb49701046845d7a6aeb39f1c654db3/record.json,/Users/liyu/Desktop/中文题目/A题研究/advanced_solver/runs/formal_v2/evaluations/attempts/20260924T131951-eeb49701046845d7a6aeb39f1c654db3/official_result.json.gz
case_020,3,5,107187,107187,0,0,0.0,532746,方案/p3/n5/case_020_multicore_res.json,/Users/liyu/Desktop/中文题目/A题研究/advanced_solver/runs/formal_v2/evaluations/attempts/20260924T132044-a59c843a11c347eabcd7a151065ca453/record.json,/Users/liyu/Desktop/中文题目/A题研究/advanced_solver/runs/formal_v2/evaluations/attempts/20260924T132044-a59c843a11c347eabcd7a151065ca453/official_result.json.gz
case_021,1,1,6484242,6484242,5222400,5222400,0.0,6567937,方案/p1/n1/case_021_multicore_res.json,/Users/liyu/Desktop/中文题目/A题研究/advanced_solver/runs/formal_v2/evaluations/attempts/20260924T233928-815c97f54e04453f8e059ffd142eb3f6/record.json,/Users/liyu/Desktop/中文题目/A题研究/advanced_solver/runs/formal_v2/evaluations/attempts/20260924T233928-815c97f54e04453f8e059ffd142eb3f6/official_result.json.gz
case_021,1,2,3102580,3102580,6656000,6656000,0.0,6567937,方案/p1/n2/case_021_multicore_res.json,/Users/liyu/Desktop/中文题目/A题研究/advanced_solver/runs/formal_v2/evaluations/attempts/20260924T234340-23ef5d9cad724615bcbc741d4cd3df17/record.json,/Users/liyu/Desktop/中文题目/A题研究/advanced_solver/runs/formal_v2/evaluations/attempts/20260924T234340-23ef5d9cad724615bcbc741d4cd3df17/official_result.json.gz
case_021,1,3,2118096,2118096,5883904,5883904,0.0,6567937,方案/p1/n3/case_021_multicore_res.json,/Users/liyu/Desktop/中文题目/A题研究/advanced_solver/runs/formal_v2/evaluations/attempts/20260924T125547-f8e623f4613848d9a95754f801d10c55/record.json,/Users/liyu/Desktop/中文题目/A题研究/advanced_solver/runs/formal_v2/evaluations/attempts/20260924T125547-f8e623f4613848d9a95754f801d10c55/official_result.json.gz
case_021,1,4,1550324,1550324,4608000,4608000,0.0,6567937,方案/p1/n4/case_021_multicore_res.json,/Users/liyu/Desktop/中文题目/A题研究/advanced_solver/runs/formal_v2/evaluations/attempts/20260924T125633-03b20612259b4d2886c45eb2bee5fe6a/record.json,/Users/liyu/Desktop/中文题目/A题研究/advanced_solver/runs/formal_v2/evaluations/attempts/20260924T125633-03b20612259b4d2886c45eb2bee5fe6a/official_result.json.gz
case_021,1,5,1243902,1243902,7372800,7372800,0.0,6567937,方案/p1/n5/case_021_multicore_res.json,/Users/liyu/Desktop/中文题目/A题研究/advanced_solver/runs/formal_v2/evaluations/attempts/20260924T125755-e291f1981c76495da75db9bda2cb5faf/record.json,/Users/liyu/Desktop/中文题目/A题研究/advanced_solver/runs/formal_v2/evaluations/attempts/20260924T125755-e291f1981c76495da75db9bda2cb5faf/official_result.json.gz
case_021,2,1,6567937,6567937,4501504,4501504,0.0,6567937,方案/p2/n1/case_021_multicore_res.json,/Users/liyu/Desktop/中文题目/A题研究/advanced_solver/runs/formal_v2/evaluations/attempts/20260924T234241-20e79c9ca83e4a68b87a0b03f147459f/record.json,/Users/liyu/Desktop/中文题目/A题研究/advanced_solver/runs/formal_v2/evaluations/attempts/20260924T234241-20e79c9ca83e4a68b87a0b03f147459f/official_result.json.gz
case_021,2,2,3193754,3193754,3174400,3174400,0.0,6567937,方案/p2/n2/case_021_multicore_res.json,/Users/liyu/Desktop/中文题目/A题研究/advanced_solver/runs/formal_v2/evaluations/attempts/20260924T233816-35e66aeca2764f5a9d45706a8dcca2f2/record.json,/Users/liyu/Desktop/中文题目/A题研究/advanced_solver/runs/formal_v2/evaluations/attempts/20260924T233816-35e66aeca2764f5a9d45706a8dcca2f2/official_result.json.gz
case_021,2,3,2101778,2101778,6299648,6299648,0.0,6567937,方案/p2/n3/case_021_multicore_res.json,/Users/liyu/Desktop/中文题目/A题研究/advanced_solver/runs/formal_v2/evaluations/attempts/20260924T235402-3e797ffb3e6942d6b92193e8e4ff84b2/record.json,/Users/liyu/Desktop/中文题目/A题研究/advanced_solver/runs/formal_v2/evaluations/attempts/20260924T235402-3e797ffb3e6942d6b92193e8e4ff84b2/official_result.json.gz
case_021,2,4,1550324,1550324,4608000,4608000,0.0,6567937,方案/p2/n4/case_021_multicore_res.json,/Users/liyu/Desktop/中文题目/A题研究/advanced_solver/runs/formal_v2/evaluations/attempts/20260924T125011-dc768dbb7e724314a273de1054991019/record.json,/Users/liyu/Desktop/中文题目/A题研究/advanced_solver/runs/formal_v2/evaluations/attempts/20260924T125011-dc768dbb7e724314a273de1054991019/official_result.json.gz
case_021,2,5,1250168,1250168,11431936,11431936,0.0,6567937,方案/p2/n5/case_021_multicore_res.json,/Users/liyu/Desktop/中文题目/A题研究/solver/runs/full_initial_v1/evaluations/attempts/20260924T093958-4a177a3ea4a6423ca6fb0c90aa949f1a/record.json,/Users/liyu/Desktop/中文题目/A题研究/solver/runs/full_initial_v1/evaluations/attempts/20260924T093958-4a177a3ea4a6423ca6fb0c90aa949f1a/official_result.json.gz
case_021,3,1,6558837,6558837,4501504,4501504,0.0,6567937,方案/p3/n1/case_021_multicore_res.json,/Users/liyu/Desktop/中文题目/A题研究/advanced_solver/runs/formal_v2/evaluations/attempts/20260924T234242-28a0147c406a47268dbaa62140c98970/record.json,/Users/liyu/Desktop/中文题目/A题研究/advanced_solver/runs/formal_v2/evaluations/attempts/20260924T234242-28a0147c406a47268dbaa62140c98970/official_result.json.gz
case_021,3,2,3192818,3192818,3174400,3174400,0.0,6567937,方案/p3/n2/case_021_multicore_res.json,/Users/liyu/Desktop/中文题目/A题研究/advanced_solver/runs/formal_v2/evaluations/attempts/20260924T132203-3cff80cf5a764380806df97085a0b95e/record.json,/Users/liyu/Desktop/中文题目/A题研究/advanced_solver/runs/formal_v2/evaluations/attempts/20260924T132203-3cff80cf5a764380806df97085a0b95e/official_result.json.gz
case_021,3,3,2101648,2101648,6299648,6299648,0.0,6567937,方案/p3/n3/case_021_multicore_res.json,/Users/liyu/Desktop/中文题目/A题研究/advanced_solver/runs/formal_v2/evaluations/attempts/20260924T234117-6f6fbee648c44bc6a5f1814add06de84/record.json,/Users/liyu/Desktop/中文题目/A题研究/advanced_solver/runs/formal_v2/evaluations/attempts/20260924T234117-6f6fbee648c44bc6a5f1814add06de84/official_result.json.gz
case_021,3,4,1550324,1550324,4608000,4608000,0.0,6567937,方案/p3/n4/case_021_multicore_res.json,/Users/liyu/Desktop/中文题目/A题研究/advanced_solver/runs/formal_v2/evaluations/attempts/20260924T132249-4c6570dca49942e897564ce05be93c1d/record.json,/Users/liyu/Desktop/中文题目/A题研究/advanced_solver/runs/formal_v2/evaluations/attempts/20260924T132249-4c6570dca49942e897564ce05be93c1d/official_result.json.gz
case_021,3,5,1249311,1249311,11431936,11431936,0.0,6567937,方案/p3/n5/case_021_multicore_res.json,/Users/liyu/Desktop/中文题目/A题研究/advanced_solver/runs/formal_v2/evaluations/attempts/20260924T132355-df71d680d6914364b9465031a02084c0/record.json,/Users/liyu/Desktop/中文题目/A题研究/advanced_solver/runs/formal_v2/evaluations/attempts/20260924T132355-df71d680d6914364b9465031a02084c0/official_result.json.gz
case_022,1,1,56916,56916,6912,6912,0.0,56780,方案/p1/n1/case_022_multicore_res.json,/Users/liyu/Desktop/中文题目/A题研究/advanced_solver/runs/formal_v2/evaluations/attempts/20260924T233948-cce1db496be54a5da8ddf9d45bc24657/record.json,/Users/liyu/Desktop/中文题目/A题研究/advanced_solver/runs/formal_v2/evaluations/attempts/20260924T233948-cce1db496be54a5da8ddf9d45bc24657/official_result.json.gz
case_022,1,2,28357,28357,13824,13824,0.0,56780,方案/p1/n2/case_022_multicore_res.json,/Users/liyu/Desktop/中文题目/A题研究/advanced_solver/runs/formal_v2/evaluations/attempts/20260924T125700-9178583627a14ccb97907437fb13cf0e/record.json,/Users/liyu/Desktop/中文题目/A题研究/advanced_solver/runs/formal_v2/evaluations/attempts/20260924T125700-9178583627a14ccb97907437fb13cf0e/official_result.json.gz
case_022,1,3,19153,19153,20736,20736,0.0,56780,方案/p1/n3/case_022_multicore_res.json,/Users/liyu/Desktop/中文题目/A题研究/advanced_solver/runs/formal_v2/evaluations/attempts/20260924T125707-31c57e5372a94573b24c5d00791e1b6b/record.json,/Users/liyu/Desktop/中文题目/A题研究/advanced_solver/runs/formal_v2/evaluations/attempts/20260924T125707-31c57e5372a94573b24c5d00791e1b6b/official_result.json.gz
case_022,1,4,14654,14654,13824,13824,0.0,56780,方案/p1/n4/case_022_multicore_res.json,/Users/liyu/Desktop/中文题目/A题研究/advanced_solver/runs/formal_v2/evaluations/attempts/20260924T125713-aac186274ab84432af6a7add5166f955/record.json,/Users/liyu/Desktop/中文题目/A题研究/advanced_solver/runs/formal_v2/evaluations/attempts/20260924T125713-aac186274ab84432af6a7add5166f955/official_result.json.gz
case_022,1,5,11828,11828,20736,20736,0.0,56780,方案/p1/n5/case_022_multicore_res.json,/Users/liyu/Desktop/中文题目/A题研究/solver/runs/full_initial_v1/evaluations/attempts/20260924T094004-d4992c02e75a49498d33833f8bb706b7/record.json,/Users/liyu/Desktop/中文题目/A题研究/solver/runs/full_initial_v1/evaluations/attempts/20260924T094004-d4992c02e75a49498d33833f8bb706b7/official_result.json.gz
case_022,2,1,56780,56780,0,0,0.0,56780,方案/p2/n1/case_022_multicore_res.json,/Users/liyu/Desktop/中文题目/A题研究/advanced_solver/runs/formal_v2/evaluations/attempts/20260924T234312-38f4040929274f89ad90b4aff34146aa/record.json,/Users/liyu/Desktop/中文题目/A题研究/advanced_solver/runs/formal_v2/evaluations/attempts/20260924T234312-38f4040929274f89ad90b4aff34146aa/official_result.json.gz
case_022,2,2,28088,28088,6912,6912,0.0,56780,方案/p2/n2/case_022_multicore_res.json,/Users/liyu/Desktop/中文题目/A题研究/advanced_solver/runs/formal_v2/evaluations/attempts/20260924T165435-6bc3933c47104f5b94c02f0a120728ba/record.json,/Users/liyu/Desktop/中文题目/A题研究/advanced_solver/runs/formal_v2/evaluations/attempts/20260924T165435-6bc3933c47104f5b94c02f0a120728ba/official_result.json.gz
case_022,2,3,18709,18709,17920,17920,0.0,56780,方案/p2/n3/case_022_multicore_res.json,/Users/liyu/Desktop/中文题目/A题研究/advanced_solver/runs/formal_v2/evaluations/attempts/20260924T125105-fb02ee9f01eb49f8a7c0210fe0f048f4/record.json,/Users/liyu/Desktop/中文题目/A题研究/advanced_solver/runs/formal_v2/evaluations/attempts/20260924T125105-fb02ee9f01eb49f8a7c0210fe0f048f4/official_result.json.gz
case_022,2,4,14529,14529,13824,13824,0.0,56780,方案/p2/n4/case_022_multicore_res.json,/Users/liyu/Desktop/中文题目/A题研究/advanced_solver/runs/formal_v2/evaluations/attempts/20260924T125117-01903fc570a544f28678aedbee52056f/record.json,/Users/liyu/Desktop/中文题目/A题研究/advanced_solver/runs/formal_v2/evaluations/attempts/20260924T125117-01903fc570a544f28678aedbee52056f/official_result.json.gz
case_022,2,5,11576,11576,13824,13824,0.0,56780,方案/p2/n5/case_022_multicore_res.json,/Users/liyu/Desktop/中文题目/A题研究/advanced_solver/runs/formal_v2/evaluations/attempts/20260924T220640-ca302bbe57f74e6da764ae8b5690201c/record.json,/Users/liyu/Desktop/中文题目/A题研究/advanced_solver/runs/formal_v2/evaluations/attempts/20260924T220640-ca302bbe57f74e6da764ae8b5690201c/official_result.json.gz
case_022,3,1,56780,56780,0,0,0.0,56780,方案/p3/n1/case_022_multicore_res.json,/Users/liyu/Desktop/中文题目/A题研究/advanced_solver/runs/formal_v2/evaluations/attempts/20260924T234312-2e483d31f2c745428521d6daa9035a6b/record.json,/Users/liyu/Desktop/中文题目/A题研究/advanced_solver/runs/formal_v2/evaluations/attempts/20260924T234312-2e483d31f2c745428521d6daa9035a6b/official_result.json.gz
case_022,3,2,27982,27982,323328,323328,0.0,56780,方案/p3/n2/case_022_multicore_res.json,/Users/liyu/Desktop/中文题目/A题研究/advanced_solver/runs/formal_v2/evaluations/attempts/20260924T132410-f3302977dce54b39b29b4a708ca34b46/record.json,/Users/liyu/Desktop/中文题目/A题研究/advanced_solver/runs/formal_v2/evaluations/attempts/20260924T132410-f3302977dce54b39b29b4a708ca34b46/official_result.json.gz
case_022,3,3,18709,18709,17920,17920,0.0,56780,方案/p3/n3/case_022_multicore_res.json,/Users/liyu/Desktop/中文题目/A题研究/advanced_solver/runs/formal_v2/evaluations/attempts/20260924T132425-72a04543f941463196b9960ed506a61d/record.json,/Users/liyu/Desktop/中文题目/A题研究/advanced_solver/runs/formal_v2/evaluations/attempts/20260924T132425-72a04543f941463196b9960ed506a61d/official_result.json.gz
case_022,3,4,14529,14529,13824,13824,0.0,56780,方案/p3/n4/case_022_multicore_res.json,/Users/liyu/Desktop/中文题目/A题研究/advanced_solver/runs/formal_v2/evaluations/attempts/20260924T132438-b95052581cde4251acadbc86ca258382/record.json,/Users/liyu/Desktop/中文题目/A题研究/advanced_solver/runs/formal_v2/evaluations/attempts/20260924T132438-b95052581cde4251acadbc86ca258382/official_result.json.gz
case_022,3,5,11576,11576,13824,13824,0.0,56780,方案/p3/n5/case_022_multicore_res.json,/Users/liyu/Desktop/中文题目/A题研究/advanced_solver/runs/formal_v2/evaluations/attempts/20260924T132454-86700f535b784d319168e17aada6a83f/record.json,/Users/liyu/Desktop/中文题目/A题研究/advanced_solver/runs/formal_v2/evaluations/attempts/20260924T132454-86700f535b784d319168e17aada6a83f/official_result.json.gz
case_023,1,1,122614,122614,0,0,0.0,122614,方案/p1/n1/case_023_multicore_res.json,/Users/liyu/Desktop/中文题目/A题研究/advanced_solver/runs/formal_v2/evaluations/attempts/20260924T233952-a05fe9ed5feb4ac7b4fbf4502117c11b/record.json,/Users/liyu/Desktop/中文题目/A题研究/advanced_solver/runs/formal_v2/evaluations/attempts/20260924T233952-a05fe9ed5feb4ac7b4fbf4502117c11b/official_result.json.gz
case_023,1,2,61829,61829,74016,74016,0.0,122614,方案/p1/n2/case_023_multicore_res.json,/Users/liyu/Desktop/中文题目/A题研究/solver/runs/full_initial_v1/evaluations/attempts/20260924T094008-2665747ad7544385a19831376026b085/record.json,/Users/liyu/Desktop/中文题目/A题研究/solver/runs/full_initial_v1/evaluations/attempts/20260924T094008-2665747ad7544385a19831376026b085/official_result.json.gz
case_023,1,3,40862,40862,354720,354720,0.0,122614,方案/p1/n3/case_023_multicore_res.json,/Users/liyu/Desktop/中文题目/A题研究/advanced_solver/runs/formal_v2/evaluations/attempts/20260924T125732-8d3494d425c048ec8518182a7ddcb8e6/record.json,/Users/liyu/Desktop/中文题目/A题研究/advanced_solver/runs/formal_v2/evaluations/attempts/20260924T125732-8d3494d425c048ec8518182a7ddcb8e6/official_result.json.gz
case_023,1,4,30838,30838,281280,281280,0.0,122614,方案/p1/n4/case_023_multicore_res.json,/Users/liyu/Desktop/中文题目/A题研究/advanced_solver/runs/formal_v2/evaluations/attempts/20260924T125738-b0a244ae115e4e9da360043ae0636c31/record.json,/Users/liyu/Desktop/中文题目/A题研究/advanced_solver/runs/formal_v2/evaluations/attempts/20260924T125738-b0a244ae115e4e9da360043ae0636c31/official_result.json.gz
case_023,1,5,23846,23846,355008,355008,0.0,122614,方案/p1/n5/case_023_multicore_res.json,/Users/liyu/Desktop/中文题目/A题研究/advanced_solver/runs/formal_v2/evaluations/attempts/20260925T015756-cfe56f8adea948f297829b6dd488ce3e/record.json,/Users/liyu/Desktop/中文题目/A题研究/advanced_solver/runs/formal_v2/evaluations/attempts/20260925T015756-cfe56f8adea948f297829b6dd488ce3e/official_result.json.gz
case_023,2,1,122614,122614,0,0,0.0,122614,方案/p2/n1/case_023_multicore_res.json,/Users/liyu/Desktop/中文题目/A题研究/advanced_solver/runs/formal_v2/evaluations/attempts/20260924T234317-1c3be45be78045cdba6fc7d7524aecae/record.json,/Users/liyu/Desktop/中文题目/A题研究/advanced_solver/runs/formal_v2/evaluations/attempts/20260924T234317-1c3be45be78045cdba6fc7d7524aecae/official_result.json.gz
case_023,2,2,49177,49177,1908610,1908610,0.0,122614,方案/p2/n2/case_023_multicore_res.json,/Users/liyu/Desktop/中文题目/A题研究/advanced_solver/runs/formal_v2/evaluations/attempts/20260924T235426-5cd130cdcdf64082a560cd676cc00500/record.json,/Users/liyu/Desktop/中文题目/A题研究/advanced_solver/runs/formal_v2/evaluations/attempts/20260924T235426-5cd130cdcdf64082a560cd676cc00500/official_result.json.gz
case_023,2,3,33592,33592,196896,196896,0.0,122614,方案/p2/n3/case_023_multicore_res.json,/Users/liyu/Desktop/中文题目/A题研究/advanced_solver/runs/formal_v2/evaluations/attempts/20260924T125141-b8ffa5af5d67483eb0bc3ec69a7f6231/record.json,/Users/liyu/Desktop/中文题目/A题研究/advanced_solver/runs/formal_v2/evaluations/attempts/20260924T125141-b8ffa5af5d67483eb0bc3ec69a7f6231/official_result.json.gz
case_023,2,4,24223,24223,278208,278208,0.0,122614,方案/p2/n4/case_023_multicore_res.json,/Users/liyu/Desktop/中文题目/A题研究/advanced_solver/runs/formal_v2/evaluations/attempts/20260924T233852-d9450b097b134ed581a095a01dd61ac7/record.json,/Users/liyu/Desktop/中文题目/A题研究/advanced_solver/runs/formal_v2/evaluations/attempts/20260924T233852-d9450b097b134ed581a095a01dd61ac7/official_result.json.gz
case_023,2,5,19915,19915,280992,280992,0.0,122614,方案/p2/n5/case_023_multicore_res.json,/Users/liyu/Desktop/中文题目/A题研究/advanced_solver/runs/formal_v2/evaluations/attempts/20260925T155358-b85e5750555849deac67f3656a58747b/record.json,/Users/liyu/Desktop/中文题目/A题研究/advanced_solver/runs/formal_v2/evaluations/attempts/20260925T155358-b85e5750555849deac67f3656a58747b/official_result.json.gz
case_023,3,1,122614,122614,0,0,0.0,122614,方案/p3/n1/case_023_multicore_res.json,/Users/liyu/Desktop/中文题目/A题研究/advanced_solver/runs/formal_v2/evaluations/attempts/20260924T234318-2afa78629a024c7985ed20df9a1a0960/record.json,/Users/liyu/Desktop/中文题目/A题研究/advanced_solver/runs/formal_v2/evaluations/attempts/20260924T234318-2afa78629a024c7985ed20df9a1a0960/official_result.json.gz
case_023,3,2,47920,47920,1908610,1908610,0.0,122614,方案/p3/n2/case_023_multicore_res.json,/Users/liyu/Desktop/中文题目/A题研究/advanced_solver/runs/formal_v2/evaluations/attempts/20260924T234010-3b32fe8f880e4706ad7b012fe967684d/record.json,/Users/liyu/Desktop/中文题目/A题研究/advanced_solver/runs/formal_v2/evaluations/attempts/20260924T234010-3b32fe8f880e4706ad7b012fe967684d/official_result.json.gz
case_023,3,3,33592,33592,196896,196896,0.0,122614,方案/p3/n3/case_023_multicore_res.json,/Users/liyu/Desktop/中文题目/A题研究/advanced_solver/runs/formal_v2/evaluations/attempts/20260924T132514-76a5aa899c78406a8924f60a1f5fd843/record.json,/Users/liyu/Desktop/中文题目/A题研究/advanced_solver/runs/formal_v2/evaluations/attempts/20260924T132514-76a5aa899c78406a8924f60a1f5fd843/official_result.json.gz
case_023,3,4,24223,24223,278208,278208,0.0,122614,方案/p3/n4/case_023_multicore_res.json,/Users/liyu/Desktop/中文题目/A题研究/advanced_solver/runs/formal_v2/evaluations/attempts/20260924T132528-1c3ee7d49afb42238f6e1bd27d0bce59/record.json,/Users/liyu/Desktop/中文题目/A题研究/advanced_solver/runs/formal_v2/evaluations/attempts/20260924T132528-1c3ee7d49afb42238f6e1bd27d0bce59/official_result.json.gz
case_023,3,5,19711,19711,280992,280992,0.0,122614,方案/p3/n5/case_023_multicore_res.json,/Users/liyu/Desktop/中文题目/A题研究/advanced_solver/runs/formal_v2/evaluations/attempts/20260925T155401-c6a3ef20893145d8a006739a38f6c884/record.json,/Users/liyu/Desktop/中文题目/A题研究/advanced_solver/runs/formal_v2/evaluations/attempts/20260925T155401-c6a3ef20893145d8a006739a38f6c884/official_result.json.gz
case_024,1,1,2560775,2560775,2228372,2228372,0.0,2555343,方案/p1/n1/case_024_multicore_res.json,/Users/liyu/Desktop/中文题目/A题研究/advanced_solver/runs/formal_v2/evaluations/attempts/20260924T233919-a4af707e6ff1460f84a42259cda22103/record.json,/Users/liyu/Desktop/中文题目/A题研究/advanced_solver/runs/formal_v2/evaluations/attempts/20260924T233919-a4af707e6ff1460f84a42259cda22103/official_result.json.gz
case_024,1,2,1603810,1603810,39327848,39327848,0.0,2555343,方案/p1/n2/case_024_multicore_res.json,/Users/liyu/Desktop/中文题目/A题研究/advanced_solver/runs/formal_v2/evaluations/attempts/20260925T105703-bfc3f7177600424a90899aa5d1a038b2/record.json,/Users/liyu/Desktop/中文题目/A题研究/advanced_solver/runs/formal_v2/evaluations/attempts/20260925T105703-bfc3f7177600424a90899aa5d1a038b2/official_result.json.gz
case_024,1,3,1315118,1315118,39327848,39327848,0.0,2555343,方案/p1/n3/case_024_multicore_res.json,/Users/liyu/Desktop/中文题目/A题研究/advanced_solver/runs/formal_v2/evaluations/attempts/20260925T105703-2b26307fc2ff4029b4486b887d66f4a1/record.json,/Users/liyu/Desktop/中文题目/A题研究/advanced_solver/runs/formal_v2/evaluations/attempts/20260925T105703-2b26307fc2ff4029b4486b887d66f4a1/official_result.json.gz
case_024,1,4,1214514,1214514,39328248,39328248,0.0,2555343,方案/p1/n4/case_024_multicore_res.json,/Users/liyu/Desktop/中文题目/A题研究/advanced_solver/runs/formal_v2/evaluations/attempts/20260925T105705-27c11dfb9daa413eb634e5c083355249/record.json,/Users/liyu/Desktop/中文题目/A题研究/advanced_solver/runs/formal_v2/evaluations/attempts/20260925T105705-27c11dfb9daa413eb634e5c083355249/official_result.json.gz
case_024,1,5,1095114,1095114,39328048,39328048,0.0,2555343,方案/p1/n5/case_024_multicore_res.json,/Users/liyu/Desktop/中文题目/A题研究/advanced_solver/runs/formal_v2/evaluations/attempts/20260925T104712-f6ba27dc137d47ebbb7d6db6a77af45c/record.json,/Users/liyu/Desktop/中文题目/A题研究/advanced_solver/runs/formal_v2/evaluations/attempts/20260925T104630-2d7df18e3e664aadad4819b8e574b7ad/official_result.json.gz
case_024,2,1,2555343,2555343,0,0,0.0,2555343,方案/p2/n1/case_024_multicore_res.json,/Users/liyu/Desktop/中文题目/A题研究/advanced_solver/runs/formal_v2/evaluations/attempts/20260924T234224-9a65f802b0024ad0bca9a8dc47386b6e/record.json,/Users/liyu/Desktop/中文题目/A题研究/advanced_solver/runs/formal_v2/evaluations/attempts/20260924T234224-9a65f802b0024ad0bca9a8dc47386b6e/official_result.json.gz
case_024,2,2,1335245,1335245,396852,396852,0.0,2555343,方案/p2/n2/case_024_multicore_res.json,/Users/liyu/Desktop/中文题目/A题研究/advanced_solver/runs/formal_v2/evaluations/attempts/20260924T125221-4db2627cb4024edf9f09068837690d27/record.json,/Users/liyu/Desktop/中文题目/A题研究/advanced_solver/runs/formal_v2/evaluations/attempts/20260924T125221-4db2627cb4024edf9f09068837690d27/official_result.json.gz
case_024,2,3,954489,954489,266588,266588,0.0,2555343,方案/p2/n3/case_024_multicore_res.json,/Users/liyu/Desktop/中文题目/A题研究/advanced_solver/runs/formal_v2/evaluations/attempts/20260924T125251-61898ed9f0544c2cba11efd6c558f1d7/record.json,/Users/liyu/Desktop/中文题目/A题研究/advanced_solver/runs/formal_v2/evaluations/attempts/20260924T125251-61898ed9f0544c2cba11efd6c558f1d7/official_result.json.gz
case_024,2,4,744106,744106,201852,201852,0.0,2555343,方案/p2/n4/case_024_multicore_res.json,/Users/liyu/Desktop/中文题目/A题研究/advanced_solver/runs/formal_v2/evaluations/attempts/20260924T125336-2d92e6c279534d20b77d6f48a9de59f0/record.json,/Users/liyu/Desktop/中文题目/A题研究/advanced_solver/runs/formal_v2/evaluations/attempts/20260924T125336-2d92e6c279534d20b77d6f48a9de59f0/official_result.json.gz
case_024,2,5,658886,658886,13637536,13637536,0.0,2555343,方案/p2/n5/case_024_multicore_res.json,/Users/liyu/Desktop/中文题目/A题研究/advanced_solver/runs/formal_v2/evaluations/attempts/20260924T220641-e24fbcf305244bc0ba48a5c39fcf4af8/record.json,/Users/liyu/Desktop/中文题目/A题研究/advanced_solver/runs/formal_v2/evaluations/attempts/20260924T220641-e24fbcf305244bc0ba48a5c39fcf4af8/official_result.json.gz
case_024,3,1,2555343,2555343,0,0,0.0,2555343,方案/p3/n1/case_024_multicore_res.json,/Users/liyu/Desktop/中文题目/A题研究/advanced_solver/runs/formal_v2/evaluations/attempts/20260924T234226-4278529c7baf4f0288835b75fac36a49/record.json,/Users/liyu/Desktop/中文题目/A题研究/advanced_solver/runs/formal_v2/evaluations/attempts/20260924T234226-4278529c7baf4f0288835b75fac36a49/official_result.json.gz
case_024,3,2,1334413,1334413,396852,396852,0.0,2555343,方案/p3/n2/case_024_multicore_res.json,/Users/liyu/Desktop/中文题目/A题研究/advanced_solver/runs/formal_v2/evaluations/attempts/20260924T132607-7d9525d0fd9a4eb69ebf84e3073e874e/record.json,/Users/liyu/Desktop/中文题目/A题研究/advanced_solver/runs/formal_v2/evaluations/attempts/20260924T132607-7d9525d0fd9a4eb69ebf84e3073e874e/official_result.json.gz
case_024,3,3,953896,953896,266588,266588,0.0,2555343,方案/p3/n3/case_024_multicore_res.json,/Users/liyu/Desktop/中文题目/A题研究/advanced_solver/runs/formal_v2/evaluations/attempts/20260924T132642-c4a413ecb70f48f5a3ee1143704c7a27/record.json,/Users/liyu/Desktop/中文题目/A题研究/advanced_solver/runs/formal_v2/evaluations/attempts/20260924T132642-c4a413ecb70f48f5a3ee1143704c7a27/official_result.json.gz
case_024,3,4,743615,743615,201852,201852,0.0,2555343,方案/p3/n4/case_024_multicore_res.json,/Users/liyu/Desktop/中文题目/A题研究/advanced_solver/runs/formal_v2/evaluations/attempts/20260924T132734-5a807fba817a454d8a3c9d08ce4a7a7c/record.json,/Users/liyu/Desktop/中文题目/A题研究/advanced_solver/runs/formal_v2/evaluations/attempts/20260924T132734-5a807fba817a454d8a3c9d08ce4a7a7c/official_result.json.gz
case_024,3,5,656657,656657,13637536,13637536,0.0,2555343,方案/p3/n5/case_024_multicore_res.json,/Users/liyu/Desktop/中文题目/A题研究/advanced_solver/runs/formal_v2/evaluations/attempts/20260924T132921-68f1e8c82ef44400aa0169db9c02f1fb/record.json,/Users/liyu/Desktop/中文题目/A题研究/advanced_solver/runs/formal_v2/evaluations/attempts/20260924T132921-68f1e8c82ef44400aa0169db9c02f1fb/official_result.json.gz
case_025,1,1,4869182,4869182,497664,497664,0.0,4863026,方案/p1/n1/case_025_multicore_res.json,/Users/liyu/Desktop/中文题目/A题研究/advanced_solver/runs/formal_v2/evaluations/attempts/20260924T233719-ee60dd9f998e42fa8321ee2d7b1f72ca/record.json,/Users/liyu/Desktop/中文题目/A题研究/advanced_solver/runs/formal_v2/evaluations/attempts/20260924T233719-ee60dd9f998e42fa8321ee2d7b1f72ca/official_result.json.gz
case_025,1,2,2431840,2431840,27648,27648,0.0,4863026,方案/p1/n2/case_025_multicore_res.json,/Users/liyu/Desktop/中文题目/A题研究/solver/runs/full_initial_v1/evaluations/attempts/20260924T094345-86781b7bfe2f417a8b18165d589ba749/record.json,/Users/liyu/Desktop/中文题目/A题研究/solver/runs/full_initial_v1/evaluations/attempts/20260924T094345-86781b7bfe2f417a8b18165d589ba749/official_result.json.gz
case_025,1,3,1622164,1622164,55296,55296,0.0,4863026,方案/p1/n3/case_025_multicore_res.json,/Users/liyu/Desktop/中文题目/A题研究/advanced_solver/runs/formal_v2/evaluations/attempts/20260924T131641-47c0c7287b3141e79c2e743512cea0ac/record.json,/Users/liyu/Desktop/中文题目/A题研究/advanced_solver/runs/formal_v2/evaluations/attempts/20260924T131641-47c0c7287b3141e79c2e743512cea0ac/official_result.json.gz
case_025,1,4,1217444,1217444,82944,82944,0.0,4863026,方案/p1/n4/case_025_multicore_res.json,/Users/liyu/Desktop/中文题目/A题研究/advanced_solver/runs/formal_v2/evaluations/attempts/20260924T134134-f5106091409249e39a46c38ae37e77d0/record.json,/Users/liyu/Desktop/中文题目/A题研究/advanced_solver/runs/formal_v2/evaluations/attempts/20260924T134134-f5106091409249e39a46c38ae37e77d0/official_result.json.gz
case_025,1,5,975282,975282,110592,110592,0.0,4863026,方案/p1/n5/case_025_multicore_res.json,/Users/liyu/Desktop/中文题目/A题研究/solver/runs/full_initial_v1/evaluations/attempts/20260924T094814-8b5f5d9550e04d9a9f2d4bc26899164a/record.json,/Users/liyu/Desktop/中文题目/A题研究/solver/runs/full_initial_v1/evaluations/attempts/20260924T094814-8b5f5d9550e04d9a9f2d4bc26899164a/official_result.json.gz
case_025,2,1,4863026,4863026,0,0,0.0,4863026,方案/p2/n1/case_025_multicore_res.json,/Users/liyu/Desktop/中文题目/A题研究/advanced_solver/runs/formal_v2/evaluations/attempts/20260924T233830-b78b4f60f2664620b9501f0ca9df3028/record.json,/Users/liyu/Desktop/中文题目/A题研究/advanced_solver/runs/formal_v2/evaluations/attempts/20260924T233830-b78b4f60f2664620b9501f0ca9df3028/official_result.json.gz
case_025,2,2,2431840,2431840,27648,27648,0.0,4863026,方案/p2/n2/case_025_multicore_res.json,/Users/liyu/Desktop/中文题目/A题研究/solver/runs/full_initial_v1/evaluations/attempts/20260924T094917-42ebecd4668a48c0a23b5a2e419faff6/record.json,/Users/liyu/Desktop/中文题目/A题研究/solver/runs/full_initial_v1/evaluations/attempts/20260924T094917-42ebecd4668a48c0a23b5a2e419faff6/official_result.json.gz
case_025,2,3,1622164,1622164,55296,55296,0.0,4863026,方案/p2/n3/case_025_multicore_res.json,/Users/liyu/Desktop/中文题目/A题研究/advanced_solver/runs/formal_v2/evaluations/attempts/20260924T125627-4b54e292ab7c435ca42b9329cee8a491/record.json,/Users/liyu/Desktop/中文题目/A题研究/advanced_solver/runs/formal_v2/evaluations/attempts/20260924T125627-4b54e292ab7c435ca42b9329cee8a491/official_result.json.gz
case_025,2,4,1217444,1217444,82944,82944,0.0,4863026,方案/p2/n4/case_025_multicore_res.json,/Users/liyu/Desktop/中文题目/A题研究/advanced_solver/runs/formal_v2/evaluations/attempts/20260924T130010-92ff6f2a731f40bc85663a2867219a66/record.json,/Users/liyu/Desktop/中文题目/A题研究/advanced_solver/runs/formal_v2/evaluations/attempts/20260924T130010-92ff6f2a731f40bc85663a2867219a66/official_result.json.gz
case_025,2,5,942350,942350,118272,118272,0.0,4863026,方案/p2/n5/case_025_multicore_res.json,/Users/liyu/Desktop/中文题目/A题研究/advanced_solver/runs/formal_v2/evaluations/attempts/20260925T163618-7c4c93d7bc8b4890bf1f62e6d7ed2235/record.json,/Users/liyu/Desktop/中文题目/A题研究/advanced_solver/runs/formal_v2/evaluations/attempts/20260925T163328-264b3f9dba4646e18e0909ea6c785747/official_result.json.gz
case_025,3,1,4863026,4863026,0,0,0.0,4863026,方案/p3/n1/case_025_multicore_res.json,/Users/liyu/Desktop/中文题目/A题研究/advanced_solver/runs/formal_v2/evaluations/attempts/20260924T233842-bab9a1a43a474b8a9263f3f47085e5d4/record.json,/Users/liyu/Desktop/中文题目/A题研究/advanced_solver/runs/formal_v2/evaluations/attempts/20260924T233842-bab9a1a43a474b8a9263f3f47085e5d4/official_result.json.gz
case_025,3,2,2431840,2431840,27648,27648,0.0,4863026,方案/p3/n2/case_025_multicore_res.json,/Users/liyu/Desktop/中文题目/A题研究/advanced_solver/runs/formal_v2/evaluations/attempts/20260924T132927-3a82f5a86f474186ab632c43b1384ba4/record.json,/Users/liyu/Desktop/中文题目/A题研究/advanced_solver/runs/formal_v2/evaluations/attempts/20260924T132927-3a82f5a86f474186ab632c43b1384ba4/official_result.json.gz
case_025,3,3,1622164,1622164,55296,55296,0.0,4863026,方案/p3/n3/case_025_multicore_res.json,/Users/liyu/Desktop/中文题目/A题研究/advanced_solver/runs/formal_v2/evaluations/attempts/20260924T133616-90d66a4000cf4d6199148bdf2f998bc3/record.json,/Users/liyu/Desktop/中文题目/A题研究/advanced_solver/runs/formal_v2/evaluations/attempts/20260924T133616-90d66a4000cf4d6199148bdf2f998bc3/official_result.json.gz
case_025,3,4,1217444,1217444,82944,82944,0.0,4863026,方案/p3/n4/case_025_multicore_res.json,/Users/liyu/Desktop/中文题目/A题研究/advanced_solver/runs/formal_v2/evaluations/attempts/20260924T134157-3fbc70222b5e4a3a8757eabf4ceab39c/record.json,/Users/liyu/Desktop/中文题目/A题研究/advanced_solver/runs/formal_v2/evaluations/attempts/20260924T134157-3fbc70222b5e4a3a8757eabf4ceab39c/official_result.json.gz
case_025,3,5,942350,942350,118272,118272,0.0,4863026,方案/p3/n5/case_025_multicore_res.json,/Users/liyu/Desktop/中文题目/A题研究/advanced_solver/runs/formal_v2/evaluations/attempts/20260925T162836-ad2358b9d7604bb7a2f4d1b0883d8e71/record.json,/Users/liyu/Desktop/中文题目/A题研究/advanced_solver/runs/formal_v2/evaluations/attempts/20260925T162717-718936a5c9384263a9198bbf959ea79c/official_result.json.gz
case_026,1,1,99203,99203,0,0,0.0,99203,方案/p1/n1/case_026_multicore_res.json,/Users/liyu/Desktop/中文题目/A题研究/advanced_solver/runs/formal_v2/evaluations/attempts/20260924T233956-2a3922af17ae4f44976509cd0ff87714/record.json,/Users/liyu/Desktop/中文题目/A题研究/advanced_solver/runs/formal_v2/evaluations/attempts/20260924T233956-2a3922af17ae4f44976509cd0ff87714/official_result.json.gz
case_026,1,2,56614,56614,217872,217872,0.0,99203,方案/p1/n2/case_026_multicore_res.json,/Users/liyu/Desktop/中文题目/A题研究/advanced_solver/runs/formal_v2/evaluations/attempts/20260924T234135-0ee6a20552e54dccae0784e106acdaeb/record.json,/Users/liyu/Desktop/中文题目/A题研究/advanced_solver/runs/formal_v2/evaluations/attempts/20260924T234135-0ee6a20552e54dccae0784e106acdaeb/official_result.json.gz
case_026,1,3,41655,41655,95664,95664,0.0,99203,方案/p1/n3/case_026_multicore_res.json,/Users/liyu/Desktop/中文题目/A题研究/advanced_solver/runs/formal_v2/evaluations/attempts/20260924T125927-c3d41810e86c4bae8df7b0a16795d1b7/record.json,/Users/liyu/Desktop/中文题目/A题研究/advanced_solver/runs/formal_v2/evaluations/attempts/20260924T125927-c3d41810e86c4bae8df7b0a16795d1b7/official_result.json.gz
case_026,1,4,41655,41655,95664,95664,0.0,99203,方案/p1/n4/case_026_multicore_res.json,/Users/liyu/Desktop/中文题目/A题研究/实验记录/core_inheritance_v1/evaluations/attempts/20260924T131356-928802a0ff3849f7b3a0e9fb06c8cbb8/record.json,/Users/liyu/Desktop/中文题目/A题研究/实验记录/core_inheritance_v1/evaluations/attempts/20260924T131356-928802a0ff3849f7b3a0e9fb06c8cbb8/official_result.json.gz
case_026,1,5,41655,41655,95664,95664,0.0,99203,方案/p1/n5/case_026_multicore_res.json,/Users/liyu/Desktop/中文题目/A题研究/实验记录/core_inheritance_v1/evaluations/attempts/20260924T131356-69af0d95652d4950a795bdf5df24cf70/record.json,/Users/liyu/Desktop/中文题目/A题研究/实验记录/core_inheritance_v1/evaluations/attempts/20260924T131356-69af0d95652d4950a795bdf5df24cf70/official_result.json.gz
case_026,2,1,99203,99203,0,0,0.0,99203,方案/p2/n1/case_026_multicore_res.json,/Users/liyu/Desktop/中文题目/A题研究/advanced_solver/runs/formal_v2/evaluations/attempts/20260924T234323-308d62fd949749b882ba09edc342762f/record.json,/Users/liyu/Desktop/中文题目/A题研究/advanced_solver/runs/formal_v2/evaluations/attempts/20260924T234323-308d62fd949749b882ba09edc342762f/official_result.json.gz
case_026,2,2,49039,49039,288,288,0.0,99203,方案/p2/n2/case_026_multicore_res.json,/Users/liyu/Desktop/中文题目/A题研究/advanced_solver/runs/formal_v2/evaluations/attempts/20260924T235429-363addb7d84246edbd6102d0ed1271f2/record.json,/Users/liyu/Desktop/中文题目/A题研究/advanced_solver/runs/formal_v2/evaluations/attempts/20260924T235429-363addb7d84246edbd6102d0ed1271f2/official_result.json.gz
case_026,2,3,41655,41655,95664,95664,0.0,99203,方案/p2/n3/case_026_multicore_res.json,/Users/liyu/Desktop/中文题目/A题研究/advanced_solver/runs/formal_v2/evaluations/attempts/20260924T125449-92f66051e06a481abfc82b5ed26b8497/record.json,/Users/liyu/Desktop/中文题目/A题研究/advanced_solver/runs/formal_v2/evaluations/attempts/20260924T125449-92f66051e06a481abfc82b5ed26b8497/official_result.json.gz
case_026,2,4,41655,41655,95664,95664,0.0,99203,方案/p2/n4/case_026_multicore_res.json,/Users/liyu/Desktop/中文题目/A题研究/实验记录/core_inheritance_v1/evaluations/attempts/20260924T131357-cf44e71a2cf64efbb5a4e9862f6057a1/record.json,/Users/liyu/Desktop/中文题目/A题研究/实验记录/core_inheritance_v1/evaluations/attempts/20260924T131357-cf44e71a2cf64efbb5a4e9862f6057a1/official_result.json.gz
case_026,2,5,28623,28623,765184,765184,0.0,99203,方案/p2/n5/case_026_multicore_res.json,/Users/liyu/Desktop/中文题目/A题研究/advanced_solver/runs/formal_v2/evaluations/attempts/20260925T112510-eb124787e9334cad99bef31e3082fa9d/record.json,/Users/liyu/Desktop/中文题目/A题研究/advanced_solver/runs/formal_v2/evaluations/attempts/20260925T112510-eb124787e9334cad99bef31e3082fa9d/official_result.json.gz
case_026,3,1,99203,99203,0,0,0.0,99203,方案/p3/n1/case_026_multicore_res.json,/Users/liyu/Desktop/中文题目/A题研究/advanced_solver/runs/formal_v2/evaluations/attempts/20260924T234323-7805bc77a5064381a522c3d3486891d8/record.json,/Users/liyu/Desktop/中文题目/A题研究/advanced_solver/runs/formal_v2/evaluations/attempts/20260924T234323-7805bc77a5064381a522c3d3486891d8/official_result.json.gz
case_026,3,2,49039,49039,288,288,0.0,99203,方案/p3/n2/case_026_multicore_res.json,/Users/liyu/Desktop/中文题目/A题研究/advanced_solver/runs/formal_v2/evaluations/attempts/20260924T233956-64c407e0ca784a318d384286fd0038fe/record.json,/Users/liyu/Desktop/中文题目/A题研究/advanced_solver/runs/formal_v2/evaluations/attempts/20260924T233956-64c407e0ca784a318d384286fd0038fe/official_result.json.gz
case_026,3,3,41655,41655,95664,95664,0.0,99203,方案/p3/n3/case_026_multicore_res.json,/Users/liyu/Desktop/中文题目/A题研究/advanced_solver/runs/formal_v2/evaluations/attempts/20260924T135254-8f5fdcb8b09f4abfb098f3e2275df097/record.json,/Users/liyu/Desktop/中文题目/A题研究/advanced_solver/runs/formal_v2/evaluations/attempts/20260924T135254-8f5fdcb8b09f4abfb098f3e2275df097/official_result.json.gz
case_026,3,4,41655,41655,95664,95664,0.0,99203,方案/p3/n4/case_026_multicore_res.json,/Users/liyu/Desktop/中文题目/A题研究/advanced_solver/runs/formal_v2/evaluations/attempts/20260924T233156-7c15b096e1534dd5a0342ee853ea89e2/record.json,/Users/liyu/Desktop/中文题目/A题研究/advanced_solver/runs/formal_v2/evaluations/attempts/20260924T233156-7c15b096e1534dd5a0342ee853ea89e2/official_result.json.gz
case_026,3,5,26036,26036,765184,765184,0.0,99203,方案/p3/n5/case_026_multicore_res.json,/Users/liyu/Desktop/中文题目/A题研究/advanced_solver/runs/formal_v2/evaluations/attempts/20260925T112018-74996bb2346f467381452315a433e66f/record.json,/Users/liyu/Desktop/中文题目/A题研究/advanced_solver/runs/formal_v2/evaluations/attempts/20260925T112018-74996bb2346f467381452315a433e66f/official_result.json.gz
case_027,1,1,2319327,2319327,1886208,1886208,0.0,2363952,方案/p1/n1/case_027_multicore_res.json,/Users/liyu/Desktop/中文题目/A题研究/advanced_solver/runs/formal_v2/evaluations/attempts/20260924T233945-2e3a827251e54d3eb922a204a4f5b449/record.json,/Users/liyu/Desktop/中文题目/A题研究/advanced_solver/runs/formal_v2/evaluations/attempts/20260924T233945-2e3a827251e54d3eb922a204a4f5b449/official_result.json.gz
case_027,1,2,1116984,1116984,1843200,1843200,0.0,2363952,方案/p1/n2/case_027_multicore_res.json,/Users/liyu/Desktop/中文题目/A题研究/advanced_solver/runs/formal_v2/evaluations/attempts/20260924T125939-6d10396195d04c3fae4c73b2c12251a5/record.json,/Users/liyu/Desktop/中文题目/A题研究/advanced_solver/runs/formal_v2/evaluations/attempts/20260924T125939-6d10396195d04c3fae4c73b2c12251a5/official_result.json.gz
case_027,1,3,837049,837049,3686400,3686400,0.0,2363952,方案/p1/n3/case_027_multicore_res.json,/Users/liyu/Desktop/中文题目/A题研究/advanced_solver/runs/formal_v2/evaluations/attempts/20260924T125946-1cb1f1ca3ddb4f46a15820a5f3f98a8a/record.json,/Users/liyu/Desktop/中文题目/A题研究/advanced_solver/runs/formal_v2/evaluations/attempts/20260924T125946-1cb1f1ca3ddb4f46a15820a5f3f98a8a/official_result.json.gz
case_027,1,4,559196,559196,2211840,2211840,0.0,2363952,方案/p1/n4/case_027_multicore_res.json,/Users/liyu/Desktop/中文题目/A题研究/advanced_solver/runs/formal_v2/evaluations/attempts/20260924T130004-d93fbd53938b4ceda6d75e3da3504757/record.json,/Users/liyu/Desktop/中文题目/A题研究/advanced_solver/runs/formal_v2/evaluations/attempts/20260924T130004-d93fbd53938b4ceda6d75e3da3504757/official_result.json.gz
case_027,1,5,558753,558753,5529600,5529600,0.0,2363952,方案/p1/n5/case_027_multicore_res.json,/Users/liyu/Desktop/中文题目/A题研究/solver/runs/full_initial_v1/evaluations/attempts/20260924T094041-bfeffe46c7544731af7d58f1aa831c59/record.json,/Users/liyu/Desktop/中文题目/A题研究/solver/runs/full_initial_v1/evaluations/attempts/20260924T094041-bfeffe46c7544731af7d58f1aa831c59/official_result.json.gz
case_027,2,1,2363952,2363952,1400832,1400832,0.0,2363952,方案/p2/n1/case_027_multicore_res.json,/Users/liyu/Desktop/中文题目/A题研究/advanced_solver/runs/formal_v2/evaluations/attempts/20260924T234306-693463ef919d4282b1209ccaf759a509/record.json,/Users/liyu/Desktop/中文题目/A题研究/advanced_solver/runs/formal_v2/evaluations/attempts/20260924T234306-693463ef919d4282b1209ccaf759a509/official_result.json.gz
case_027,2,2,1120962,1120962,1744896,1744896,0.0,2363952,方案/p2/n2/case_027_multicore_res.json,/Users/liyu/Desktop/中文题目/A题研究/solver/runs/full_initial_v1/evaluations/attempts/20260924T094042-f9f04c34a1fd465491242e1bf24b75ae/record.json,/Users/liyu/Desktop/中文题目/A题研究/solver/runs/full_initial_v1/evaluations/attempts/20260924T094042-f9f04c34a1fd465491242e1bf24b75ae/official_result.json.gz
case_027,2,3,761753,761753,12165120,12165120,0.0,2363952,方案/p2/n3/case_027_multicore_res.json,/Users/liyu/Desktop/中文题目/A题研究/advanced_solver/runs/formal_v2/evaluations/attempts/20260924T233842-8ef1b38215ed4024af99feaada07ff13/record.json,/Users/liyu/Desktop/中文题目/A题研究/advanced_solver/runs/formal_v2/evaluations/attempts/20260924T233842-8ef1b38215ed4024af99feaada07ff13/official_result.json.gz
case_027,2,4,559196,559196,1843200,1843200,0.0,2363952,方案/p2/n4/case_027_multicore_res.json,/Users/liyu/Desktop/中文题目/A题研究/advanced_solver/runs/formal_v2/evaluations/attempts/20260924T125529-dabb08b2d6ac4e8588d8c753e01077d5/record.json,/Users/liyu/Desktop/中文题目/A题研究/advanced_solver/runs/formal_v2/evaluations/attempts/20260924T125529-dabb08b2d6ac4e8588d8c753e01077d5/official_result.json.gz
case_027,2,5,448488,448488,16119808,16119808,0.0,2363952,方案/p2/n5/case_027_multicore_res.json,/Users/liyu/Desktop/中文题目/A题研究/advanced_solver/runs/formal_v2/evaluations/attempts/20260924T220644-c7b6e0460937424eacbd364de49d50b4/record.json,/Users/liyu/Desktop/中文题目/A题研究/advanced_solver/runs/formal_v2/evaluations/attempts/20260924T220644-c7b6e0460937424eacbd364de49d50b4/official_result.json.gz
case_027,3,1,2359515,2359515,1400832,1400832,0.0,2363952,方案/p3/n1/case_027_multicore_res.json,/Users/liyu/Desktop/中文题目/A题研究/advanced_solver/runs/formal_v2/evaluations/attempts/20260924T234307-01b5b58036e94c6fb79b2abe9791d072/record.json,/Users/liyu/Desktop/中文题目/A题研究/advanced_solver/runs/formal_v2/evaluations/attempts/20260924T234307-01b5b58036e94c6fb79b2abe9791d072/official_result.json.gz
case_027,3,2,1120962,1120962,1744896,1744896,0.0,2363952,方案/p3/n2/case_027_multicore_res.json,/Users/liyu/Desktop/中文题目/A题研究/advanced_solver/runs/formal_v2/evaluations/attempts/20260924T135319-594c80a543fe4e2ab02dd67fa11e0327/record.json,/Users/liyu/Desktop/中文题目/A题研究/advanced_solver/runs/formal_v2/evaluations/attempts/20260924T135319-594c80a543fe4e2ab02dd67fa11e0327/official_result.json.gz
case_027,3,3,761753,761753,12165120,12165120,0.0,2363952,方案/p3/n3/case_027_multicore_res.json,/Users/liyu/Desktop/中文题目/A题研究/advanced_solver/runs/formal_v2/evaluations/attempts/20260924T135344-9a5a75c52d6c42c0a77b183b58baee30/record.json,/Users/liyu/Desktop/中文题目/A题研究/advanced_solver/runs/formal_v2/evaluations/attempts/20260924T135344-9a5a75c52d6c42c0a77b183b58baee30/official_result.json.gz
case_027,3,4,559196,559196,1843200,1843200,0.0,2363952,方案/p3/n4/case_027_multicore_res.json,/Users/liyu/Desktop/中文题目/A题研究/advanced_solver/runs/formal_v2/evaluations/attempts/20260924T135348-aa262f2b2c2c438eabe2410ecb4c470f/record.json,/Users/liyu/Desktop/中文题目/A题研究/advanced_solver/runs/formal_v2/evaluations/attempts/20260924T135348-aa262f2b2c2c438eabe2410ecb4c470f/official_result.json.gz
case_027,3,5,448117,448117,16119808,16119808,0.0,2363952,方案/p3/n5/case_027_multicore_res.json,/Users/liyu/Desktop/中文题目/A题研究/advanced_solver/runs/formal_v2/evaluations/attempts/20260924T135414-8154433d37d44d7bbf0b0036ccdec8fc/record.json,/Users/liyu/Desktop/中文题目/A题研究/advanced_solver/runs/formal_v2/evaluations/attempts/20260924T135414-8154433d37d44d7bbf0b0036ccdec8fc/official_result.json.gz
case_028,1,1,43896686,43896686,281067912,281067912,0.0,43836040,方案/p1/n1/case_028_multicore_res.json,/Users/liyu/Desktop/中文题目/A题研究/advanced_solver/runs/formal_v2/evaluations/attempts/20260924T233750-a62e6d9a342e4641a7ebc0c0a69a743a/record.json,/Users/liyu/Desktop/中文题目/A题研究/advanced_solver/runs/formal_v2/evaluations/attempts/20260924T233750-a62e6d9a342e4641a7ebc0c0a69a743a/official_result.json.gz
case_028,1,2,20808437,20808437,326568960,326568960,0.0,43836040,方案/p1/n2/case_028_multicore_res.json,/Users/liyu/Desktop/中文题目/A题研究/solver/runs/full_initial_v1/evaluations/attempts/20260924T094642-892f5da35e6947e6b6139033d0cb32b9/record.json,/Users/liyu/Desktop/中文题目/A题研究/solver/runs/full_initial_v1/evaluations/attempts/20260924T094642-892f5da35e6947e6b6139033d0cb32b9/official_result.json.gz
case_028,1,3,14792144,14792144,326568960,326568960,0.0,43836040,方案/p1/n3/case_028_multicore_res.json,/Users/liyu/Desktop/中文题目/A题研究/advanced_solver/runs/formal_v2/evaluations/attempts/20260924T131843-b7d0214042f84004939cf7cba70d4953/record.json,/Users/liyu/Desktop/中文题目/A题研究/advanced_solver/runs/formal_v2/evaluations/attempts/20260924T131843-b7d0214042f84004939cf7cba70d4953/official_result.json.gz
case_028,1,4,12041229,12041229,326568960,326568960,0.0,43836040,方案/p1/n4/case_028_multicore_res.json,/Users/liyu/Desktop/中文题目/A题研究/advanced_solver/runs/formal_v2/evaluations/attempts/20260924T133051-08270784ddba446bbca186daa78c0b35/record.json,/Users/liyu/Desktop/中文题目/A题研究/advanced_solver/runs/formal_v2/evaluations/attempts/20260924T133051-08270784ddba446bbca186daa78c0b35/official_result.json.gz
case_028,1,5,10194624,10194624,326568960,326568960,0.0,43836040,方案/p1/n5/case_028_multicore_res.json,/Users/liyu/Desktop/中文题目/A题研究/solver/runs/full_initial_v1/evaluations/attempts/20260924T094942-366218562b6349a7ba8f36e651a4b786/record.json,/Users/liyu/Desktop/中文题目/A题研究/solver/runs/full_initial_v1/evaluations/attempts/20260924T094942-366218562b6349a7ba8f36e651a4b786/official_result.json.gz
case_028,2,1,43836040,43836040,277412256,277412256,0.0,43836040,方案/p2/n1/case_028_multicore_res.json,/Users/liyu/Desktop/中文题目/A题研究/advanced_solver/runs/formal_v2/evaluations/attempts/20260924T233943-62eba02ba73c43fcb59517feb1766c16/record.json,/Users/liyu/Desktop/中文题目/A题研究/advanced_solver/runs/formal_v2/evaluations/attempts/20260924T233943-62eba02ba73c43fcb59517feb1766c16/official_result.json.gz
case_028,2,2,20076161,20076161,93967488,93967488,0.0,43836040,方案/p2/n2/case_028_multicore_res.json,/Users/liyu/Desktop/中文题目/A题研究/advanced_solver/runs/formal_v2/evaluations/attempts/20260924T235218-43af702ba1574245bfc4c9e47a2831db/record.json,/Users/liyu/Desktop/中文题目/A题研究/advanced_solver/runs/formal_v2/evaluations/attempts/20260924T235218-43af702ba1574245bfc4c9e47a2831db/official_result.json.gz
case_028,2,3,13786498,13786498,56899416,56899416,0.0,43836040,方案/p2/n3/case_028_multicore_res.json,/Users/liyu/Desktop/中文题目/A题研究/advanced_solver/runs/formal_v2/evaluations/attempts/20260924T235228-713ca5e4f0024a8c89c45d21528acb27/record.json,/Users/liyu/Desktop/中文题目/A题研究/advanced_solver/runs/formal_v2/evaluations/attempts/20260924T235228-713ca5e4f0024a8c89c45d21528acb27/official_result.json.gz
case_028,2,4,10487595,10487595,115615968,115615968,0.0,43836040,方案/p2/n4/case_028_multicore_res.json,/Users/liyu/Desktop/中文题目/A题研究/advanced_solver/runs/formal_v2/evaluations/attempts/20260924T233535-6360aab2de524bb598143fb91e7b49d9/record.json,/Users/liyu/Desktop/中文题目/A题研究/advanced_solver/runs/formal_v2/evaluations/attempts/20260924T233535-6360aab2de524bb598143fb91e7b49d9/official_result.json.gz
case_028,2,5,8387714,8387714,117674496,117674496,0.0,43836040,方案/p2/n5/case_028_multicore_res.json,/Users/liyu/Desktop/中文题目/A题研究/advanced_solver/runs/formal_v2/evaluations/attempts/20260924T220644-1ade092e57994f9b850933e7bd31635b/record.json,/Users/liyu/Desktop/中文题目/A题研究/advanced_solver/runs/formal_v2/evaluations/attempts/20260924T220644-1ade092e57994f9b850933e7bd31635b/official_result.json.gz
case_028,3,1,43836040,43836040,277412256,277412256,0.0,43836040,方案/p3/n1/case_028_multicore_res.json,/Users/liyu/Desktop/中文题目/A题研究/advanced_solver/runs/formal_v2/evaluations/attempts/20260924T233955-645c21dd7b884afebff6a10c734e7fcf/record.json,/Users/liyu/Desktop/中文题目/A题研究/advanced_solver/runs/formal_v2/evaluations/attempts/20260924T233955-645c21dd7b884afebff6a10c734e7fcf/official_result.json.gz
case_028,3,2,20075994,20075994,93967488,93967488,0.0,43836040,方案/p3/n2/case_028_multicore_res.json,/Users/liyu/Desktop/中文题目/A题研究/advanced_solver/runs/formal_v2/evaluations/attempts/20260924T234744-3e8370a6e464436f9c8dc9525497ab0d/record.json,/Users/liyu/Desktop/中文题目/A题研究/advanced_solver/runs/formal_v2/evaluations/attempts/20260924T234744-3e8370a6e464436f9c8dc9525497ab0d/official_result.json.gz
case_028,3,3,13769194,13769194,56899416,56899416,0.0,43836040,方案/p3/n3/case_028_multicore_res.json,/Users/liyu/Desktop/中文题目/A题研究/advanced_solver/runs/formal_v2/evaluations/attempts/20260924T234747-b5881969650d43baa15a3957f54646f4/record.json,/Users/liyu/Desktop/中文题目/A题研究/advanced_solver/runs/formal_v2/evaluations/attempts/20260924T234747-b5881969650d43baa15a3957f54646f4/official_result.json.gz
case_028,3,4,10445902,10445902,115615968,115615968,0.0,43836040,方案/p3/n4/case_028_multicore_res.json,/Users/liyu/Desktop/中文题目/A题研究/advanced_solver/runs/formal_v2/evaluations/attempts/20260924T234804-96c72b0ad81f44c3a26af8624ebba643/record.json,/Users/liyu/Desktop/中文题目/A题研究/advanced_solver/runs/formal_v2/evaluations/attempts/20260924T234804-96c72b0ad81f44c3a26af8624ebba643/official_result.json.gz
case_028,3,5,8300936,8300936,117674496,117674496,0.0,43836040,方案/p3/n5/case_028_multicore_res.json,/Users/liyu/Desktop/中文题目/A题研究/advanced_solver/runs/formal_v2/evaluations/attempts/20260924T142350-1f4379acb9b54042a7cc3676421fee13/record.json,/Users/liyu/Desktop/中文题目/A题研究/advanced_solver/runs/formal_v2/evaluations/attempts/20260924T142350-1f4379acb9b54042a7cc3676421fee13/official_result.json.gz
case_029,1,1,37555,37555,0,0,0.0,37555,方案/p1/n1/case_029_multicore_res.json,/Users/liyu/Desktop/中文题目/A题研究/advanced_solver/runs/formal_v2/evaluations/attempts/20260924T233952-111faa1cf05b433ebeb689cf14a15091/record.json,/Users/liyu/Desktop/中文题目/A题研究/advanced_solver/runs/formal_v2/evaluations/attempts/20260924T233952-111faa1cf05b433ebeb689cf14a15091/official_result.json.gz
case_029,1,2,19740,19740,0,0,0.0,37555,方案/p1/n2/case_029_multicore_res.json,/Users/liyu/Desktop/中文题目/A题研究/solver/runs/full_initial_v1/evaluations/attempts/20260924T094150-89b2f3f8bbcd41f7b3cc04fc9d432540/record.json,/Users/liyu/Desktop/中文题目/A题研究/solver/runs/full_initial_v1/evaluations/attempts/20260924T094150-89b2f3f8bbcd41f7b3cc04fc9d432540/official_result.json.gz
case_029,1,3,12743,12743,0,0,0.0,37555,方案/p1/n3/case_029_multicore_res.json,/Users/liyu/Desktop/中文题目/A题研究/advanced_solver/runs/formal_v2/evaluations/attempts/20260924T134429-9a5c4bf18cd6494db43a399d5064d6e1/record.json,/Users/liyu/Desktop/中文题目/A题研究/advanced_solver/runs/formal_v2/evaluations/attempts/20260924T134429-9a5c4bf18cd6494db43a399d5064d6e1/official_result.json.gz
case_029,1,4,11028,11028,0,0,0.0,37555,方案/p1/n4/case_029_multicore_res.json,/Users/liyu/Desktop/中文题目/A题研究/advanced_solver/runs/formal_v2/evaluations/attempts/20260924T134435-d5bad831455d433299d8677040471505/record.json,/Users/liyu/Desktop/中文题目/A题研究/advanced_solver/runs/formal_v2/evaluations/attempts/20260924T134435-d5bad831455d433299d8677040471505/official_result.json.gz
case_029,1,5,9383,9383,0,0,0.0,37555,方案/p1/n5/case_029_multicore_res.json,/Users/liyu/Desktop/中文题目/A题研究/solver/runs/full_initial_v1/evaluations/attempts/20260924T094151-784a64259c3f455da0b68fbcea3beaf6/record.json,/Users/liyu/Desktop/中文题目/A题研究/solver/runs/full_initial_v1/evaluations/attempts/20260924T094151-784a64259c3f455da0b68fbcea3beaf6/official_result.json.gz
case_029,2,1,37555,37555,0,0,0.0,37555,方案/p2/n1/case_029_multicore_res.json,/Users/liyu/Desktop/中文题目/A题研究/advanced_solver/runs/formal_v2/evaluations/attempts/20260924T234317-8205cfa2271c4e8390a4efcc07f49d8a/record.json,/Users/liyu/Desktop/中文题目/A题研究/advanced_solver/runs/formal_v2/evaluations/attempts/20260924T234317-8205cfa2271c4e8390a4efcc07f49d8a/official_result.json.gz
case_029,2,2,19740,19740,0,0,0.0,37555,方案/p2/n2/case_029_multicore_res.json,/Users/liyu/Desktop/中文题目/A题研究/solver/runs/full_initial_v1/evaluations/attempts/20260924T094152-09c9bd7f6af9421d8be1076d3a149078/record.json,/Users/liyu/Desktop/中文题目/A题研究/solver/runs/full_initial_v1/evaluations/attempts/20260924T094152-09c9bd7f6af9421d8be1076d3a149078/official_result.json.gz
case_029,2,3,12743,12743,0,0,0.0,37555,方案/p2/n3/case_029_multicore_res.json,/Users/liyu/Desktop/中文题目/A题研究/advanced_solver/runs/formal_v2/evaluations/attempts/20260924T130613-15d1bb4a7545438cb9cb2b9211ebabde/record.json,/Users/liyu/Desktop/中文题目/A题研究/advanced_solver/runs/formal_v2/evaluations/attempts/20260924T130613-15d1bb4a7545438cb9cb2b9211ebabde/official_result.json.gz
case_029,2,4,11028,11028,0,0,0.0,37555,方案/p2/n4/case_029_multicore_res.json,/Users/liyu/Desktop/中文题目/A题研究/advanced_solver/runs/formal_v2/evaluations/attempts/20260924T130618-8d64832895b3446a8ea2c09011e74ecd/record.json,/Users/liyu/Desktop/中文题目/A题研究/advanced_solver/runs/formal_v2/evaluations/attempts/20260924T130618-8d64832895b3446a8ea2c09011e74ecd/official_result.json.gz
case_029,2,5,9383,9383,0,0,0.0,37555,方案/p2/n5/case_029_multicore_res.json,/Users/liyu/Desktop/中文题目/A题研究/solver/runs/full_initial_v1/evaluations/attempts/20260924T094153-4df7d5fa09654b728877ea2f2949ae36/record.json,/Users/liyu/Desktop/中文题目/A题研究/solver/runs/full_initial_v1/evaluations/attempts/20260924T094153-4df7d5fa09654b728877ea2f2949ae36/official_result.json.gz
case_029,3,1,37555,37555,0,0,0.0,37555,方案/p3/n1/case_029_multicore_res.json,/Users/liyu/Desktop/中文题目/A题研究/advanced_solver/runs/formal_v2/evaluations/attempts/20260924T234317-01b66a812b9a4318b5c131f7763b55e2/record.json,/Users/liyu/Desktop/中文题目/A题研究/advanced_solver/runs/formal_v2/evaluations/attempts/20260924T234317-01b66a812b9a4318b5c131f7763b55e2/official_result.json.gz
case_029,3,2,19740,19740,0,0,0.0,37555,方案/p3/n2/case_029_multicore_res.json,/Users/liyu/Desktop/中文题目/A题研究/advanced_solver/runs/formal_v2/evaluations/attempts/20260924T140452-8cfc36de5d9b40aeaf297925bd113aab/record.json,/Users/liyu/Desktop/中文题目/A题研究/advanced_solver/runs/formal_v2/evaluations/attempts/20260924T140452-8cfc36de5d9b40aeaf297925bd113aab/official_result.json.gz
case_029,3,3,12743,12743,0,0,0.0,37555,方案/p3/n3/case_029_multicore_res.json,/Users/liyu/Desktop/中文题目/A题研究/advanced_solver/runs/formal_v2/evaluations/attempts/20260924T140501-37f3dbfcf5d64c74932d32da97ffcab5/record.json,/Users/liyu/Desktop/中文题目/A题研究/advanced_solver/runs/formal_v2/evaluations/attempts/20260924T140501-37f3dbfcf5d64c74932d32da97ffcab5/official_result.json.gz
case_029,3,4,11028,11028,0,0,0.0,37555,方案/p3/n4/case_029_multicore_res.json,/Users/liyu/Desktop/中文题目/A题研究/advanced_solver/runs/formal_v2/evaluations/attempts/20260924T140509-cb550144788043c3bb1f75a2ec892a96/record.json,/Users/liyu/Desktop/中文题目/A题研究/advanced_solver/runs/formal_v2/evaluations/attempts/20260924T140509-cb550144788043c3bb1f75a2ec892a96/official_result.json.gz
case_029,3,5,9383,9383,0,0,0.0,37555,方案/p3/n5/case_029_multicore_res.json,/Users/liyu/Desktop/中文题目/A题研究/advanced_solver/runs/formal_v2/evaluations/attempts/20260924T140518-2918fcc0052044a5b57237009df5cfd8/record.json,/Users/liyu/Desktop/中文题目/A题研究/advanced_solver/runs/formal_v2/evaluations/attempts/20260924T140518-2918fcc0052044a5b57237009df5cfd8/official_result.json.gz
case_030,1,1,2790848,2790848,7416832,7416832,0.0,2808034,方案/p1/n1/case_030_multicore_res.json,/Users/liyu/Desktop/中文题目/A题研究/advanced_solver/runs/formal_v2/evaluations/attempts/20260924T233843-b0ff6da1bff64cf4a2dc031f1ea0b4ae/record.json,/Users/liyu/Desktop/中文题目/A题研究/advanced_solver/runs/formal_v2/evaluations/attempts/20260924T233843-b0ff6da1bff64cf4a2dc031f1ea0b4ae/official_result.json.gz
case_030,1,2,1400970,1400970,7240704,7240704,0.0,2808034,方案/p1/n2/case_030_multicore_res.json,/Users/liyu/Desktop/中文题目/A题研究/advanced_solver/runs/formal_v2/evaluations/attempts/20260924T134448-1863c8ab11f74bbfb55e683ce9a64623/record.json,/Users/liyu/Desktop/中文题目/A题研究/advanced_solver/runs/formal_v2/evaluations/attempts/20260924T134448-1863c8ab11f74bbfb55e683ce9a64623/official_result.json.gz
case_030,1,3,933857,933857,9242624,9242624,0.0,2808034,方案/p1/n3/case_030_multicore_res.json,/Users/liyu/Desktop/中文题目/A题研究/advanced_solver/runs/formal_v2/evaluations/attempts/20260924T135103-921a4565631749fabd79b9f9e4202263/record.json,/Users/liyu/Desktop/中文题目/A题研究/advanced_solver/runs/formal_v2/evaluations/attempts/20260924T135103-921a4565631749fabd79b9f9e4202263/official_result.json.gz
case_030,1,4,700342,700342,10404864,10404864,0.0,2808034,方案/p1/n4/case_030_multicore_res.json,/Users/liyu/Desktop/中文题目/A题研究/advanced_solver/runs/formal_v2/evaluations/attempts/20260924T135725-fc6b26ccd8bc44fb8681974c942895ee/record.json,/Users/liyu/Desktop/中文题目/A题研究/advanced_solver/runs/formal_v2/evaluations/attempts/20260924T135725-fc6b26ccd8bc44fb8681974c942895ee/official_result.json.gz
case_030,1,5,558846,558846,10872832,10872832,0.0,2808034,方案/p1/n5/case_030_multicore_res.json,/Users/liyu/Desktop/中文题目/A题研究/advanced_solver/runs/formal_v2/evaluations/attempts/20260924T140335-6883866ab2a14b708926062de90c1961/record.json,/Users/liyu/Desktop/中文题目/A题研究/advanced_solver/runs/formal_v2/evaluations/attempts/20260924T140335-6883866ab2a14b708926062de90c1961/official_result.json.gz
case_030,2,1,2808034,2808034,5519360,5519360,0.0,2808034,方案/p2/n1/case_030_multicore_res.json,/Users/liyu/Desktop/中文题目/A题研究/advanced_solver/runs/formal_v2/evaluations/attempts/20260924T234128-b2ac94769a004334a3eaf219f780ca02/record.json,/Users/liyu/Desktop/中文题目/A题研究/advanced_solver/runs/formal_v2/evaluations/attempts/20260924T234128-b2ac94769a004334a3eaf219f780ca02/official_result.json.gz
case_030,2,2,1388867,1388867,1765376,1765376,0.0,2808034,方案/p2/n2/case_030_multicore_res.json,/Users/liyu/Desktop/中文题目/A题研究/advanced_solver/runs/formal_v2/evaluations/attempts/20260924T235317-bc62f2cf847e48ab8cc59488d10d0857/record.json,/Users/liyu/Desktop/中文题目/A题研究/advanced_solver/runs/formal_v2/evaluations/attempts/20260924T235317-bc62f2cf847e48ab8cc59488d10d0857/official_result.json.gz
case_030,2,3,932050,932050,8046592,8046592,0.0,2808034,方案/p2/n3/case_030_multicore_res.json,/Users/liyu/Desktop/中文题目/A题研究/advanced_solver/runs/formal_v2/evaluations/attempts/20260924T235320-52943e624ebf4ca28165de8ee4ecf1d8/record.json,/Users/liyu/Desktop/中文题目/A题研究/advanced_solver/runs/formal_v2/evaluations/attempts/20260924T235320-52943e624ebf4ca28165de8ee4ecf1d8/official_result.json.gz
case_030,2,4,695057,695057,4761600,4761600,0.0,2808034,方案/p2/n4/case_030_multicore_res.json,/Users/liyu/Desktop/中文题目/A题研究/advanced_solver/runs/formal_v2/evaluations/attempts/20260924T235320-9f884cf548e54b398b6943ed36536d49/record.json,/Users/liyu/Desktop/中文题目/A题研究/advanced_solver/runs/formal_v2/evaluations/attempts/20260924T235320-9f884cf548e54b398b6943ed36536d49/official_result.json.gz
case_030,2,5,560451,560451,7257600,7257600,0.0,2808034,方案/p2/n5/case_030_multicore_res.json,/Users/liyu/Desktop/中文题目/A题研究/advanced_solver/runs/formal_v2/evaluations/attempts/20260924T170610-e195aee67af14d28be3a628a5c54ffda/record.json,/Users/liyu/Desktop/中文题目/A题研究/advanced_solver/runs/formal_v2/evaluations/attempts/20260924T170610-e195aee67af14d28be3a628a5c54ffda/official_result.json.gz
case_030,3,1,2807891,2807891,5519360,5519360,0.0,2808034,方案/p3/n1/case_030_multicore_res.json,/Users/liyu/Desktop/中文题目/A题研究/advanced_solver/runs/formal_v2/evaluations/attempts/20260924T234130-a70e7f75d2cb4285a226f721ad8fa668/record.json,/Users/liyu/Desktop/中文题目/A题研究/advanced_solver/runs/formal_v2/evaluations/attempts/20260924T234130-a70e7f75d2cb4285a226f721ad8fa668/official_result.json.gz
case_030,3,2,1388867,1388867,1765376,1765376,0.0,2808034,方案/p3/n2/case_030_multicore_res.json,/Users/liyu/Desktop/中文题目/A题研究/advanced_solver/runs/formal_v2/evaluations/attempts/20260924T234418-46253330481846b190e5e1cf86fdf9a4/record.json,/Users/liyu/Desktop/中文题目/A题研究/advanced_solver/runs/formal_v2/evaluations/attempts/20260924T234418-46253330481846b190e5e1cf86fdf9a4/official_result.json.gz
case_030,3,3,932019,932019,8046592,8046592,0.0,2808034,方案/p3/n3/case_030_multicore_res.json,/Users/liyu/Desktop/中文题目/A题研究/advanced_solver/runs/formal_v2/evaluations/attempts/20260924T234432-9a60de4f41134e8a904034190eeb6e1c/record.json,/Users/liyu/Desktop/中文题目/A题研究/advanced_solver/runs/formal_v2/evaluations/attempts/20260924T234432-9a60de4f41134e8a904034190eeb6e1c/official_result.json.gz
case_030,3,4,695057,695057,4761600,4761600,0.0,2808034,方案/p3/n4/case_030_multicore_res.json,/Users/liyu/Desktop/中文题目/A题研究/advanced_solver/runs/formal_v2/evaluations/attempts/20260924T234430-cda65188c66f4e51a038f73fa83bf93d/record.json,/Users/liyu/Desktop/中文题目/A题研究/advanced_solver/runs/formal_v2/evaluations/attempts/20260924T234430-cda65188c66f4e51a038f73fa83bf93d/official_result.json.gz
case_030,3,5,560198,560198,7257600,7257600,0.0,2808034,方案/p3/n5/case_030_multicore_res.json,/Users/liyu/Desktop/中文题目/A题研究/advanced_solver/runs/formal_v2/evaluations/attempts/20260924T235323-b2e312cd994f42b79e1bf5588df4fafb/record.json,/Users/liyu/Desktop/中文题目/A题研究/advanced_solver/runs/formal_v2/evaluations/attempts/20260924T235323-b2e312cd994f42b79e1bf5588df4fafb/official_result.json.gz
case_031,1,1,1411124,1411124,4666312,4666312,0.0,1414369,方案/p1/n1/case_031_multicore_res.json,/Users/liyu/Desktop/中文题目/A题研究/advanced_solver/runs/formal_v2/evaluations/attempts/20260924T233908-4b2d861f0d254a8ca387cb96e9e33267/record.json,/Users/liyu/Desktop/中文题目/A题研究/advanced_solver/runs/formal_v2/evaluations/attempts/20260924T233908-4b2d861f0d254a8ca387cb96e9e33267/official_result.json.gz
case_031,1,2,727493,727493,5617152,5617152,0.0,1414369,方案/p1/n2/case_031_multicore_res.json,/Users/liyu/Desktop/中文题目/A题研究/advanced_solver/runs/formal_v2/evaluations/attempts/20260924T140810-f407b3a9a107491b9e71e34f43775fe0/record.json,/Users/liyu/Desktop/中文题目/A题研究/advanced_solver/runs/formal_v2/evaluations/attempts/20260924T140810-f407b3a9a107491b9e71e34f43775fe0/official_result.json.gz
case_031,1,3,484062,484062,6300672,6300672,0.0,1414369,方案/p1/n3/case_031_multicore_res.json,/Users/liyu/Desktop/中文题目/A题研究/advanced_solver/runs/formal_v2/evaluations/attempts/20260924T141006-31c528ee02894c239524b21d721e7233/record.json,/Users/liyu/Desktop/中文题目/A题研究/advanced_solver/runs/formal_v2/evaluations/attempts/20260924T141006-31c528ee02894c239524b21d721e7233/official_result.json.gz
case_031,1,4,394470,394470,7408128,7408128,0.0,1414369,方案/p1/n4/case_031_multicore_res.json,/Users/liyu/Desktop/中文题目/A题研究/advanced_solver/runs/formal_v2/evaluations/attempts/20260924T141150-35d39fc26282447bbabcc65b431a5649/record.json,/Users/liyu/Desktop/中文题目/A题研究/advanced_solver/runs/formal_v2/evaluations/attempts/20260924T141150-35d39fc26282447bbabcc65b431a5649/official_result.json.gz
case_031,1,5,306213,306213,8059392,8059392,0.0,1414369,方案/p1/n5/case_031_multicore_res.json,/Users/liyu/Desktop/中文题目/A题研究/solver/runs/full_initial_v1/evaluations/attempts/20260924T094618-5d03aa6fd63f466d9f86ca70cfa00d81/record.json,/Users/liyu/Desktop/中文题目/A题研究/solver/runs/full_initial_v1/evaluations/attempts/20260924T094618-5d03aa6fd63f466d9f86ca70cfa00d81/official_result.json.gz
case_031,2,1,1414369,1414369,3491328,3491328,0.0,1414369,方案/p2/n1/case_031_multicore_res.json,/Users/liyu/Desktop/中文题目/A题研究/advanced_solver/runs/formal_v2/evaluations/attempts/20260924T234206-43bdeaf3f2734cc5bc9a1d90578a1dee/record.json,/Users/liyu/Desktop/中文题目/A题研究/advanced_solver/runs/formal_v2/evaluations/attempts/20260924T234206-43bdeaf3f2734cc5bc9a1d90578a1dee/official_result.json.gz
case_031,2,2,716905,716905,4631040,4631040,0.0,1414369,方案/p2/n2/case_031_multicore_res.json,/Users/liyu/Desktop/中文题目/A题研究/advanced_solver/runs/formal_v2/evaluations/attempts/20260924T235347-f12aac3ba5314b329a4adde9bd1a1896/record.json,/Users/liyu/Desktop/中文题目/A题研究/advanced_solver/runs/formal_v2/evaluations/attempts/20260924T235347-f12aac3ba5314b329a4adde9bd1a1896/official_result.json.gz
case_031,2,3,484947,484947,7348224,7348224,0.0,1414369,方案/p2/n3/case_031_multicore_res.json,/Users/liyu/Desktop/中文题目/A题研究/advanced_solver/runs/formal_v2/evaluations/attempts/20260924T233749-6144677c5beb43548ebee494f0bc8f08/record.json,/Users/liyu/Desktop/中文题目/A题研究/advanced_solver/runs/formal_v2/evaluations/attempts/20260924T233749-6144677c5beb43548ebee494f0bc8f08/official_result.json.gz
case_031,2,4,376640,376640,5047296,5047296,0.0,1414369,方案/p2/n4/case_031_multicore_res.json,/Users/liyu/Desktop/中文题目/A题研究/advanced_solver/runs/formal_v2/evaluations/attempts/20260924T235348-d8f88ce9247d4888816ed2f1ad315506/record.json,/Users/liyu/Desktop/中文题目/A题研究/advanced_solver/runs/formal_v2/evaluations/attempts/20260924T235348-d8f88ce9247d4888816ed2f1ad315506/official_result.json.gz
case_031,2,5,304955,300911,8075520,8061696,1.326097293043238,1414369,方案/p2/n5/case_031_multicore_res.json,/Users/liyu/Desktop/中文题目/A题研究/advanced_solver/runs/formal_v2/evaluations/attempts/20260925T175646-d7c6ab20682d45ebb30261cfa687d2ff/record.json,/Users/liyu/Desktop/中文题目/A题研究/advanced_solver/runs/formal_v2/evaluations/attempts/20260925T175646-d7c6ab20682d45ebb30261cfa687d2ff/official_result.json.gz
case_031,3,1,1414159,1414159,3491328,3491328,0.0,1414369,方案/p3/n1/case_031_multicore_res.json,/Users/liyu/Desktop/中文题目/A题研究/advanced_solver/runs/formal_v2/evaluations/attempts/20260924T234207-12adbcf250c44055aa8eca1d70366a73/record.json,/Users/liyu/Desktop/中文题目/A题研究/advanced_solver/runs/formal_v2/evaluations/attempts/20260924T234207-12adbcf250c44055aa8eca1d70366a73/official_result.json.gz
case_031,3,2,716807,716807,4631040,4631040,0.0,1414369,方案/p3/n2/case_031_multicore_res.json,/Users/liyu/Desktop/中文题目/A题研究/advanced_solver/runs/formal_v2/evaluations/attempts/20260924T234225-3942a185eb754210882f36d4c1f861c7/record.json,/Users/liyu/Desktop/中文题目/A题研究/advanced_solver/runs/formal_v2/evaluations/attempts/20260924T234225-3942a185eb754210882f36d4c1f861c7/official_result.json.gz
case_031,3,3,484869,484869,7348224,7348224,0.0,1414369,方案/p3/n3/case_031_multicore_res.json,/Users/liyu/Desktop/中文题目/A题研究/advanced_solver/runs/formal_v2/evaluations/attempts/20260924T141725-0ff9a510e67e4e46a77d289173bda3eb/record.json,/Users/liyu/Desktop/中文题目/A题研究/advanced_solver/runs/formal_v2/evaluations/attempts/20260924T141725-0ff9a510e67e4e46a77d289173bda3eb/official_result.json.gz
case_031,3,4,376640,376640,5047296,5047296,0.0,1414369,方案/p3/n4/case_031_multicore_res.json,/Users/liyu/Desktop/中文题目/A题研究/advanced_solver/runs/formal_v2/evaluations/attempts/20260924T234232-00871c9999b942a495e780fb1156b117/record.json,/Users/liyu/Desktop/中文题目/A题研究/advanced_solver/runs/formal_v2/evaluations/attempts/20260924T234232-00871c9999b942a495e780fb1156b117/official_result.json.gz
case_031,3,5,304955,300911,8075520,8061696,1.326097293043238,1414369,方案/p3/n5/case_031_multicore_res.json,/Users/liyu/Desktop/中文题目/A题研究/advanced_solver/runs/formal_v2/evaluations/attempts/20260925T175704-735d903fb17b4c1eb43802ddadc87c00/record.json,/Users/liyu/Desktop/中文题目/A题研究/advanced_solver/runs/formal_v2/evaluations/attempts/20260925T175704-735d903fb17b4c1eb43802ddadc87c00/official_result.json.gz
case_032,1,1,41443,41443,0,0,0.0,41443,方案/p1/n1/case_032_multicore_res.json,/Users/liyu/Desktop/中文题目/A题研究/advanced_solver/runs/formal_v2/evaluations/attempts/20260924T233955-1dc2a8c0354a4ed6a048bc0c5fcead89/record.json,/Users/liyu/Desktop/中文题目/A题研究/advanced_solver/runs/formal_v2/evaluations/attempts/20260924T233955-1dc2a8c0354a4ed6a048bc0c5fcead89/official_result.json.gz
case_032,1,2,20754,20754,18504,18504,0.0,41443,方案/p1/n2/case_032_multicore_res.json,/Users/liyu/Desktop/中文题目/A题研究/advanced_solver/runs/formal_v2/evaluations/attempts/20260924T141410-260cc2a0a7514c6c92288c80fddcd572/record.json,/Users/liyu/Desktop/中文题目/A题研究/advanced_solver/runs/formal_v2/evaluations/attempts/20260924T141410-260cc2a0a7514c6c92288c80fddcd572/official_result.json.gz
case_032,1,3,13738,13738,18432,18432,0.0,41443,方案/p1/n3/case_032_multicore_res.json,/Users/liyu/Desktop/中文题目/A题研究/advanced_solver/runs/formal_v2/evaluations/attempts/20260924T141416-02e665c05fc14dadacc08693ab71bdda/record.json,/Users/liyu/Desktop/中文题目/A题研究/advanced_solver/runs/formal_v2/evaluations/attempts/20260924T141416-02e665c05fc14dadacc08693ab71bdda/official_result.json.gz
case_032,1,4,11010,11010,6216,6216,0.0,41443,方案/p1/n4/case_032_multicore_res.json,/Users/liyu/Desktop/中文题目/A题研究/advanced_solver/runs/formal_v2/evaluations/attempts/20260924T141422-b15cee47216e40d59e030f899f118eba/record.json,/Users/liyu/Desktop/中文题目/A题研究/advanced_solver/runs/formal_v2/evaluations/attempts/20260924T141422-b15cee47216e40d59e030f899f118eba/official_result.json.gz
case_032,1,5,10415,10415,12360,12360,0.0,41443,方案/p1/n5/case_032_multicore_res.json,/Users/liyu/Desktop/中文题目/A题研究/solver/runs/full_initial_v1/evaluations/attempts/20260924T094640-9c6c6bfaee6b4523b6dd14edd23e7970/record.json,/Users/liyu/Desktop/中文题目/A题研究/solver/runs/full_initial_v1/evaluations/attempts/20260924T094640-9c6c6bfaee6b4523b6dd14edd23e7970/official_result.json.gz
case_032,2,1,41443,41443,0,0,0.0,41443,方案/p2/n1/case_032_multicore_res.json,/Users/liyu/Desktop/中文题目/A题研究/advanced_solver/runs/formal_v2/evaluations/attempts/20260924T234321-3957c5718d40417ebc9b41cef4375c4a/record.json,/Users/liyu/Desktop/中文题目/A题研究/advanced_solver/runs/formal_v2/evaluations/attempts/20260924T234321-3957c5718d40417ebc9b41cef4375c4a/official_result.json.gz
case_032,2,2,17325,17325,6144,6144,0.0,41443,方案/p2/n2/case_032_multicore_res.json,/Users/liyu/Desktop/中文题目/A题研究/advanced_solver/runs/formal_v2/evaluations/attempts/20260924T170655-f4a486588e6e4392ae53d5fb129078f8/record.json,/Users/liyu/Desktop/中文题目/A题研究/advanced_solver/runs/formal_v2/evaluations/attempts/20260924T170655-f4a486588e6e4392ae53d5fb129078f8/official_result.json.gz
case_032,2,3,11865,11865,6216,6216,0.0,41443,方案/p2/n3/case_032_multicore_res.json,/Users/liyu/Desktop/中文题目/A题研究/advanced_solver/runs/formal_v2/evaluations/attempts/20260924T170705-cd8bcf20193443ddbc4dd569ba226182/record.json,/Users/liyu/Desktop/中文题目/A题研究/advanced_solver/runs/formal_v2/evaluations/attempts/20260924T170705-cd8bcf20193443ddbc4dd569ba226182/official_result.json.gz
case_032,2,4,9948,9948,10240,10240,0.0,41443,方案/p2/n4/case_032_multicore_res.json,/Users/liyu/Desktop/中文题目/A题研究/advanced_solver/runs/formal_v2/evaluations/attempts/20260924T233855-08ca03de87074ea08e0f285625d244e0/record.json,/Users/liyu/Desktop/中文题目/A题研究/advanced_solver/runs/formal_v2/evaluations/attempts/20260924T233855-08ca03de87074ea08e0f285625d244e0/official_result.json.gz
case_032,2,5,9948,9948,10240,10240,0.0,41443,方案/p2/n5/case_032_multicore_res.json,/Users/liyu/Desktop/中文题目/A题研究/advanced_solver/runs/formal_v2/evaluations/attempts/20260924T235428-2b851dd7cbd44633ae6d26199764b574/record.json,/Users/liyu/Desktop/中文题目/A题研究/advanced_solver/runs/formal_v2/evaluations/attempts/20260924T235428-2b851dd7cbd44633ae6d26199764b574/official_result.json.gz
case_032,3,1,41443,41443,0,0,0.0,41443,方案/p3/n1/case_032_multicore_res.json,/Users/liyu/Desktop/中文题目/A题研究/advanced_solver/runs/formal_v2/evaluations/attempts/20260924T234321-bee2b3c73c1e44f09dc103839eb2ef01/record.json,/Users/liyu/Desktop/中文题目/A题研究/advanced_solver/runs/formal_v2/evaluations/attempts/20260924T234321-bee2b3c73c1e44f09dc103839eb2ef01/official_result.json.gz
case_032,3,2,17325,17325,6144,6144,0.0,41443,方案/p3/n2/case_032_multicore_res.json,/Users/liyu/Desktop/中文题目/A题研究/advanced_solver/runs/formal_v2/evaluations/attempts/20260924T233855-efa70ac218a34c3c93a3ed0deaa33c1e/record.json,/Users/liyu/Desktop/中文题目/A题研究/advanced_solver/runs/formal_v2/evaluations/attempts/20260924T233855-efa70ac218a34c3c93a3ed0deaa33c1e/official_result.json.gz
case_032,3,3,11865,11865,6216,6216,0.0,41443,方案/p3/n3/case_032_multicore_res.json,/Users/liyu/Desktop/中文题目/A题研究/advanced_solver/runs/formal_v2/evaluations/attempts/20260924T233855-ccad26f4c90e48a6ade132e14042e02e/record.json,/Users/liyu/Desktop/中文题目/A题研究/advanced_solver/runs/formal_v2/evaluations/attempts/20260924T233855-ccad26f4c90e48a6ade132e14042e02e/official_result.json.gz
case_032,3,4,9917,9917,10240,10240,0.0,41443,方案/p3/n4/case_032_multicore_res.json,/Users/liyu/Desktop/中文题目/A题研究/advanced_solver/runs/formal_v2/evaluations/attempts/20260924T142023-18a732d17078459488fa535b1f604f8b/record.json,/Users/liyu/Desktop/中文题目/A题研究/advanced_solver/runs/formal_v2/evaluations/attempts/20260924T142023-18a732d17078459488fa535b1f604f8b/official_result.json.gz
case_032,3,5,9917,9917,10240,10240,0.0,41443,方案/p3/n5/case_032_multicore_res.json,/Users/liyu/Desktop/中文题目/A题研究/直接迭代/运行结果/跨核继承_v1/evaluations/attempts/20260924T215824-3f227fba75044eee93956c321ddfb7dd/record.json,/Users/liyu/Desktop/中文题目/A题研究/直接迭代/运行结果/跨核继承_v1/evaluations/attempts/20260924T215824-3f227fba75044eee93956c321ddfb7dd/official_result.json.gz
case_033,1,1,1763349,1763349,4998144,4998144,0.0,1774196,方案/p1/n1/case_033_multicore_res.json,/Users/liyu/Desktop/中文题目/A题研究/advanced_solver/runs/formal_v2/evaluations/attempts/20260924T233937-7e50716ac6464c1db243258e3d975784/record.json,/Users/liyu/Desktop/中文题目/A题研究/advanced_solver/runs/formal_v2/evaluations/attempts/20260924T233937-7e50716ac6464c1db243258e3d975784/official_result.json.gz
case_033,1,2,896305,896305,6261792,6261792,0.0,1774196,方案/p1/n2/case_033_multicore_res.json,/Users/liyu/Desktop/中文题目/A题研究/advanced_solver/runs/formal_v2/evaluations/attempts/20260924T141432-22edc97e64104d4585b525c18ab1e371/record.json,/Users/liyu/Desktop/中文题目/A题研究/advanced_solver/runs/formal_v2/evaluations/attempts/20260924T141432-22edc97e64104d4585b525c18ab1e371/official_result.json.gz
case_033,1,3,606115,606115,6759456,6759456,0.0,1774196,方案/p1/n3/case_033_multicore_res.json,/Users/liyu/Desktop/中文题目/A题研究/advanced_solver/runs/formal_v2/evaluations/attempts/20260924T141529-161457d5733f41e9862a81f65bf5b019/record.json,/Users/liyu/Desktop/中文题目/A题研究/advanced_solver/runs/formal_v2/evaluations/attempts/20260924T141529-161457d5733f41e9862a81f65bf5b019/official_result.json.gz
case_033,1,4,458833,458833,6648384,6648384,0.0,1774196,方案/p1/n4/case_033_multicore_res.json,/Users/liyu/Desktop/中文题目/A题研究/advanced_solver/runs/formal_v2/evaluations/attempts/20260924T141621-eef08c87274b453a8a555980d3a8fab6/record.json,/Users/liyu/Desktop/中文题目/A题研究/advanced_solver/runs/formal_v2/evaluations/attempts/20260924T141621-eef08c87274b453a8a555980d3a8fab6/official_result.json.gz
case_033,1,5,368019,368019,6668352,6668352,0.0,1774196,方案/p1/n5/case_033_multicore_res.json,/Users/liyu/Desktop/中文题目/A题研究/advanced_solver/runs/formal_v2/evaluations/attempts/20260924T141659-1fd0ca0a8bd441919fd55e3df394a615/record.json,/Users/liyu/Desktop/中文题目/A题研究/advanced_solver/runs/formal_v2/evaluations/attempts/20260924T141659-1fd0ca0a8bd441919fd55e3df394a615/official_result.json.gz
case_033,2,1,1774196,1774196,4592640,4592640,0.0,1774196,方案/p2/n1/case_033_multicore_res.json,/Users/liyu/Desktop/中文题目/A题研究/advanced_solver/runs/formal_v2/evaluations/attempts/20260924T234255-b753cfa8cb1e4f08927f34f4c30f18fb/record.json,/Users/liyu/Desktop/中文题目/A题研究/advanced_solver/runs/formal_v2/evaluations/attempts/20260924T234255-b753cfa8cb1e4f08927f34f4c30f18fb/official_result.json.gz
case_033,2,2,881861,881861,5770272,5770272,0.0,1774196,方案/p2/n2/case_033_multicore_res.json,/Users/liyu/Desktop/中文题目/A题研究/advanced_solver/runs/formal_v2/evaluations/attempts/20260924T235414-80001cd804bb4f1a941dbed9e3892cc7/record.json,/Users/liyu/Desktop/中文题目/A题研究/advanced_solver/runs/formal_v2/evaluations/attempts/20260924T235414-80001cd804bb4f1a941dbed9e3892cc7/official_result.json.gz
case_033,2,3,587547,587547,6246432,6246432,0.0,1774196,方案/p2/n3/case_033_multicore_res.json,/Users/liyu/Desktop/中文题目/A题研究/advanced_solver/runs/formal_v2/evaluations/attempts/20260924T235414-fc5da9ef72e647c5be4b1032c90c4ab0/record.json,/Users/liyu/Desktop/中文题目/A题研究/advanced_solver/runs/formal_v2/evaluations/attempts/20260924T235414-fc5da9ef72e647c5be4b1032c90c4ab0/official_result.json.gz
case_033,2,4,442361,442361,5376576,5376576,0.0,1774196,方案/p2/n4/case_033_multicore_res.json,/Users/liyu/Desktop/中文题目/A题研究/advanced_solver/runs/formal_v2/evaluations/attempts/20260924T235415-7c10ec734fd844f1ac72b16d4c616de0/record.json,/Users/liyu/Desktop/中文题目/A题研究/advanced_solver/runs/formal_v2/evaluations/attempts/20260924T235415-7c10ec734fd844f1ac72b16d4c616de0/official_result.json.gz
case_033,2,5,368931,368931,4929600,4929600,0.0,1774196,方案/p2/n5/case_033_multicore_res.json,/Users/liyu/Desktop/中文题目/A题研究/advanced_solver/runs/formal_v2/evaluations/attempts/20260924T220700-d225ed4e34c64f5cac692c051c1039e6/record.json,/Users/liyu/Desktop/中文题目/A题研究/advanced_solver/runs/formal_v2/evaluations/attempts/20260924T220700-d225ed4e34c64f5cac692c051c1039e6/official_result.json.gz
case_033,3,1,1774080,1774080,4592640,4592640,0.0,1774196,方案/p3/n1/case_033_multicore_res.json,/Users/liyu/Desktop/中文题目/A题研究/advanced_solver/runs/formal_v2/evaluations/attempts/20260924T234255-2a521b4ea6c54b91b52c762ef2bd1ca7/record.json,/Users/liyu/Desktop/中文题目/A题研究/advanced_solver/runs/formal_v2/evaluations/attempts/20260924T234255-2a521b4ea6c54b91b52c762ef2bd1ca7/official_result.json.gz
case_033,3,2,880331,880331,5770272,5770272,0.0,1774196,方案/p3/n2/case_033_multicore_res.json,/Users/liyu/Desktop/中文题目/A题研究/advanced_solver/runs/formal_v2/evaluations/attempts/20260924T234043-02e9411b5356475ead86a68da81386be/record.json,/Users/liyu/Desktop/中文题目/A题研究/advanced_solver/runs/formal_v2/evaluations/attempts/20260924T234043-02e9411b5356475ead86a68da81386be/official_result.json.gz
case_033,3,3,586217,586217,6246432,6246432,0.0,1774196,方案/p3/n3/case_033_multicore_res.json,/Users/liyu/Desktop/中文题目/A题研究/advanced_solver/runs/formal_v2/evaluations/attempts/20260924T234044-a60b91f88ee3479e9c750500b396c620/record.json,/Users/liyu/Desktop/中文题目/A题研究/advanced_solver/runs/formal_v2/evaluations/attempts/20260924T234044-a60b91f88ee3479e9c750500b396c620/official_result.json.gz
case_033,3,4,441272,441272,5376576,5376576,0.0,1774196,方案/p3/n4/case_033_multicore_res.json,/Users/liyu/Desktop/中文题目/A题研究/advanced_solver/runs/formal_v2/evaluations/attempts/20260924T234047-dd0a985aa3eb4410ac81b8293a63d26e/record.json,/Users/liyu/Desktop/中文题目/A题研究/advanced_solver/runs/formal_v2/evaluations/attempts/20260924T234047-dd0a985aa3eb4410ac81b8293a63d26e/official_result.json.gz
case_033,3,5,368435,368435,4929600,4929600,0.0,1774196,方案/p3/n5/case_033_multicore_res.json,/Users/liyu/Desktop/中文题目/A题研究/advanced_solver/runs/formal_v2/evaluations/attempts/20260924T142314-6b2f490ea6db4add9bea8ef7731e1465/record.json,/Users/liyu/Desktop/中文题目/A题研究/advanced_solver/runs/formal_v2/evaluations/attempts/20260924T142314-6b2f490ea6db4add9bea8ef7731e1465/official_result.json.gz
case_034,1,1,837634,837634,1579032,1579032,0.0,842996,方案/p1/n1/case_034_multicore_res.json,/Users/liyu/Desktop/中文题目/A题研究/advanced_solver/runs/formal_v2/evaluations/attempts/20260924T233932-a6da3ecdc2894982be10e9b1f0de9298/record.json,/Users/liyu/Desktop/中文题目/A题研究/advanced_solver/runs/formal_v2/evaluations/attempts/20260924T233932-a6da3ecdc2894982be10e9b1f0de9298/official_result.json.gz
case_034,1,2,415539,415539,1182720,1182720,0.0,842996,方案/p1/n2/case_034_multicore_res.json,/Users/liyu/Desktop/中文题目/A题研究/advanced_solver/runs/formal_v2/evaluations/attempts/20260924T141735-246bbb0994db46ff9425f1d59f531113/record.json,/Users/liyu/Desktop/中文题目/A题研究/advanced_solver/runs/formal_v2/evaluations/attempts/20260924T141735-246bbb0994db46ff9425f1d59f531113/official_result.json.gz
case_034,1,3,278077,278077,2015744,2015744,0.0,842996,方案/p1/n3/case_034_multicore_res.json,/Users/liyu/Desktop/中文题目/A题研究/advanced_solver/runs/formal_v2/evaluations/attempts/20260924T141823-6e214164e812427eb073dc2eb284736a/record.json,/Users/liyu/Desktop/中文题目/A题研究/advanced_solver/runs/formal_v2/evaluations/attempts/20260924T141823-6e214164e812427eb073dc2eb284736a/official_result.json.gz
case_034,1,4,211980,211980,3116544,3116544,0.0,842996,方案/p1/n4/case_034_multicore_res.json,/Users/liyu/Desktop/中文题目/A题研究/advanced_solver/runs/formal_v2/evaluations/attempts/20260924T141857-070c4a0492cd4c7cb4c13c196451150d/record.json,/Users/liyu/Desktop/中文题目/A题研究/advanced_solver/runs/formal_v2/evaluations/attempts/20260924T141857-070c4a0492cd4c7cb4c13c196451150d/official_result.json.gz
case_034,1,5,169362,169362,2903040,2903040,0.0,842996,方案/p1/n5/case_034_multicore_res.json,/Users/liyu/Desktop/中文题目/A题研究/advanced_solver/runs/formal_v2/evaluations/attempts/20260924T141943-fb359c2102794a17b467bd871b48bc0f/record.json,/Users/liyu/Desktop/中文题目/A题研究/advanced_solver/runs/formal_v2/evaluations/attempts/20260924T141943-fb359c2102794a17b467bd871b48bc0f/official_result.json.gz
case_034,2,1,842996,842996,1079832,1079832,0.0,842996,方案/p2/n1/case_034_multicore_res.json,/Users/liyu/Desktop/中文题目/A题研究/advanced_solver/runs/formal_v2/evaluations/attempts/20260924T234247-ff9e6caf288b40a68c5ef8390364d430/record.json,/Users/liyu/Desktop/中文题目/A题研究/advanced_solver/runs/formal_v2/evaluations/attempts/20260924T234247-ff9e6caf288b40a68c5ef8390364d430/official_result.json.gz
case_034,2,2,380968,380968,1078784,1078784,0.0,842996,方案/p2/n2/case_034_multicore_res.json,/Users/liyu/Desktop/中文题目/A题研究/advanced_solver/runs/formal_v2/evaluations/attempts/20260924T235404-d178da6795474a9091f27673cc1ff3c2/record.json,/Users/liyu/Desktop/中文题目/A题研究/advanced_solver/runs/formal_v2/evaluations/attempts/20260924T235404-d178da6795474a9091f27673cc1ff3c2/official_result.json.gz
case_034,2,3,256145,256145,1893376,1893376,0.0,842996,方案/p2/n3/case_034_multicore_res.json,/Users/liyu/Desktop/中文题目/A题研究/advanced_solver/runs/formal_v2/evaluations/attempts/20260924T235404-72ea3d987db64bdea67b7389f3ff726c/record.json,/Users/liyu/Desktop/中文题目/A题研究/advanced_solver/runs/formal_v2/evaluations/attempts/20260924T235404-72ea3d987db64bdea67b7389f3ff726c/official_result.json.gz
case_034,2,4,192378,192378,2357760,2357760,0.0,842996,方案/p2/n4/case_034_multicore_res.json,/Users/liyu/Desktop/中文题目/A题研究/advanced_solver/runs/formal_v2/evaluations/attempts/20260924T235405-108c3ebe862c4894a42a5aa53b0daffd/record.json,/Users/liyu/Desktop/中文题目/A题研究/advanced_solver/runs/formal_v2/evaluations/attempts/20260924T235405-108c3ebe862c4894a42a5aa53b0daffd/official_result.json.gz
case_034,2,5,159524,159524,3463168,3463168,0.0,842996,方案/p2/n5/case_034_multicore_res.json,/Users/liyu/Desktop/中文题目/A题研究/advanced_solver/runs/formal_v2/evaluations/attempts/20260925T155805-30133dc423884e32bc3e0e6e0ba42b6a/record.json,/Users/liyu/Desktop/中文题目/A题研究/advanced_solver/runs/formal_v2/evaluations/attempts/20260925T155805-30133dc423884e32bc3e0e6e0ba42b6a/official_result.json.gz
case_034,3,1,842733,842733,1079832,1079832,0.0,842996,方案/p3/n1/case_034_multicore_res.json,/Users/liyu/Desktop/中文题目/A题研究/advanced_solver/runs/formal_v2/evaluations/attempts/20260924T234248-b26cefc14209406dbb11927a9154a507/record.json,/Users/liyu/Desktop/中文题目/A题研究/advanced_solver/runs/formal_v2/evaluations/attempts/20260924T234248-b26cefc14209406dbb11927a9154a507/official_result.json.gz
case_034,3,2,380968,380968,1078784,1078784,0.0,842996,方案/p3/n2/case_034_multicore_res.json,/Users/liyu/Desktop/中文题目/A题研究/advanced_solver/runs/formal_v2/evaluations/attempts/20260924T234106-b0ace33747a44ca49a0cc0c36f3b49a0/record.json,/Users/liyu/Desktop/中文题目/A题研究/advanced_solver/runs/formal_v2/evaluations/attempts/20260924T234106-b0ace33747a44ca49a0cc0c36f3b49a0/official_result.json.gz
case_034,3,3,256145,256145,1893376,1893376,0.0,842996,方案/p3/n3/case_034_multicore_res.json,/Users/liyu/Desktop/中文题目/A题研究/advanced_solver/runs/formal_v2/evaluations/attempts/20260924T234109-e09cfb2b7e074e529c4b0404e87dac46/record.json,/Users/liyu/Desktop/中文题目/A题研究/advanced_solver/runs/formal_v2/evaluations/attempts/20260924T234109-e09cfb2b7e074e529c4b0404e87dac46/official_result.json.gz
case_034,3,4,192378,192378,2357760,2357760,0.0,842996,方案/p3/n4/case_034_multicore_res.json,/Users/liyu/Desktop/中文题目/A题研究/advanced_solver/runs/formal_v2/evaluations/attempts/20260924T234109-1aa8295451ca4d5786269a4511eabe44/record.json,/Users/liyu/Desktop/中文题目/A题研究/advanced_solver/runs/formal_v2/evaluations/attempts/20260924T234109-1aa8295451ca4d5786269a4511eabe44/official_result.json.gz
case_034,3,5,159257,159257,3463168,3463168,0.0,842996,方案/p3/n5/case_034_multicore_res.json,/Users/liyu/Desktop/中文题目/A题研究/advanced_solver/runs/formal_v2/evaluations/attempts/20260925T155808-968f4b4bdf7e47cc87d1bd137944679b/record.json,/Users/liyu/Desktop/中文题目/A题研究/advanced_solver/runs/formal_v2/evaluations/attempts/20260925T155808-968f4b4bdf7e47cc87d1bd137944679b/official_result.json.gz
case_035,1,1,171025,171025,56588,56588,0.0,169571,方案/p1/n1/case_035_multicore_res.json,/Users/liyu/Desktop/中文题目/A题研究/advanced_solver/runs/formal_v2/evaluations/attempts/20260924T233938-2d07bed480124236ac5a1fda411e5034/record.json,/Users/liyu/Desktop/中文题目/A题研究/advanced_solver/runs/formal_v2/evaluations/attempts/20260924T233938-2d07bed480124236ac5a1fda411e5034/official_result.json.gz
case_035,1,2,95406,95406,0,0,0.0,169571,方案/p1/n2/case_035_multicore_res.json,/Users/liyu/Desktop/中文题目/A题研究/solver/runs/full_initial_v1/evaluations/attempts/20260924T094756-32c3961ab81d4c0ca6605da23c40d028/record.json,/Users/liyu/Desktop/中文题目/A题研究/solver/runs/full_initial_v1/evaluations/attempts/20260924T094756-32c3961ab81d4c0ca6605da23c40d028/official_result.json.gz
case_035,1,3,95406,95406,0,0,0.0,169571,方案/p1/n3/case_035_multicore_res.json,/Users/liyu/Desktop/中文题目/A题研究/advanced_solver/runs/formal_v2/evaluations/attempts/20260924T233150-35f16583e77045448436004975c24bb6/record.json,/Users/liyu/Desktop/中文题目/A题研究/advanced_solver/runs/formal_v2/evaluations/attempts/20260924T233150-35f16583e77045448436004975c24bb6/official_result.json.gz
case_035,1,4,95406,95406,0,0,0.0,169571,方案/p1/n4/case_035_multicore_res.json,/Users/liyu/Desktop/中文题目/A题研究/advanced_solver/runs/formal_v2/evaluations/attempts/20260924T233151-e14462b1bffc447888af077fa0285b3e/record.json,/Users/liyu/Desktop/中文题目/A题研究/advanced_solver/runs/formal_v2/evaluations/attempts/20260924T233151-e14462b1bffc447888af077fa0285b3e/official_result.json.gz
case_035,1,5,90079,90079,1379966,1379966,0.0,169571,方案/p1/n5/case_035_multicore_res.json,/Users/liyu/Desktop/中文题目/A题研究/advanced_solver/runs/formal_v2/evaluations/attempts/20260924T220910-93872bce3c5a49cd8c276011af896058/record.json,/Users/liyu/Desktop/中文题目/A题研究/advanced_solver/runs/formal_v2/evaluations/attempts/20260924T220910-93872bce3c5a49cd8c276011af896058/official_result.json.gz
case_035,2,1,169571,169571,0,0,0.0,169571,方案/p2/n1/case_035_multicore_res.json,/Users/liyu/Desktop/中文题目/A题研究/advanced_solver/runs/formal_v2/evaluations/attempts/20260924T234256-11450c162a974bf5b4ab4aa2cc470098/record.json,/Users/liyu/Desktop/中文题目/A题研究/advanced_solver/runs/formal_v2/evaluations/attempts/20260924T234256-11450c162a974bf5b4ab4aa2cc470098/official_result.json.gz
case_035,2,2,92625,92625,0,0,0.0,169571,方案/p2/n2/case_035_multicore_res.json,/Users/liyu/Desktop/中文题目/A题研究/advanced_solver/runs/formal_v2/evaluations/attempts/20260924T132033-46b09513281e437f9339d28811b02e2a/record.json,/Users/liyu/Desktop/中文题目/A题研究/advanced_solver/runs/formal_v2/evaluations/attempts/20260924T132033-46b09513281e437f9339d28811b02e2a/official_result.json.gz
case_035,2,3,89161,89161,0,0,0.0,169571,方案/p2/n3/case_035_multicore_res.json,/Users/liyu/Desktop/中文题目/A题研究/advanced_solver/runs/formal_v2/evaluations/attempts/20260924T132103-511e5bf00b6f4a7b9dca2a6f9d727d48/record.json,/Users/liyu/Desktop/中文题目/A题研究/advanced_solver/runs/formal_v2/evaluations/attempts/20260924T132103-511e5bf00b6f4a7b9dca2a6f9d727d48/official_result.json.gz
case_035,2,4,57103,57103,1119718,1119718,0.0,169571,方案/p2/n4/case_035_multicore_res.json,/Users/liyu/Desktop/中文题目/A题研究/advanced_solver/runs/formal_v2/evaluations/attempts/20260924T233836-60ccf8a6c03647ba80c830fa1b2e2f9d/record.json,/Users/liyu/Desktop/中文题目/A题研究/advanced_solver/runs/formal_v2/evaluations/attempts/20260924T233836-60ccf8a6c03647ba80c830fa1b2e2f9d/official_result.json.gz
case_035,2,5,51821,51821,1130532,1130532,0.0,169571,方案/p2/n5/case_035_multicore_res.json,/Users/liyu/Desktop/中文题目/A题研究/advanced_solver/runs/formal_v2/evaluations/attempts/20260924T220701-0a882092d4314929b7e2dd8eec2d1b15/record.json,/Users/liyu/Desktop/中文题目/A题研究/advanced_solver/runs/formal_v2/evaluations/attempts/20260924T220701-0a882092d4314929b7e2dd8eec2d1b15/official_result.json.gz
case_035,3,1,169571,169571,0,0,0.0,169571,方案/p3/n1/case_035_multicore_res.json,/Users/liyu/Desktop/中文题目/A题研究/advanced_solver/runs/formal_v2/evaluations/attempts/20260924T234257-7a5e1fbf1ff54e548f3ff3399062c281/record.json,/Users/liyu/Desktop/中文题目/A题研究/advanced_solver/runs/formal_v2/evaluations/attempts/20260924T234257-7a5e1fbf1ff54e548f3ff3399062c281/official_result.json.gz
case_035,3,2,92625,92625,0,0,0.0,169571,方案/p3/n2/case_035_multicore_res.json,/Users/liyu/Desktop/中文题目/A题研究/advanced_solver/runs/formal_v2/evaluations/attempts/20260924T142533-56700b00446a462f8c1c7d2475238712/record.json,/Users/liyu/Desktop/中文题目/A题研究/advanced_solver/runs/formal_v2/evaluations/attempts/20260924T142533-56700b00446a462f8c1c7d2475238712/official_result.json.gz
case_035,3,3,89161,89161,0,0,0.0,169571,方案/p3/n3/case_035_multicore_res.json,/Users/liyu/Desktop/中文题目/A题研究/advanced_solver/runs/formal_v2/evaluations/attempts/20260924T142602-c0a1cc5b4d2d46489cf4b84fd06ea1c7/record.json,/Users/liyu/Desktop/中文题目/A题研究/advanced_solver/runs/formal_v2/evaluations/attempts/20260924T142602-c0a1cc5b4d2d46489cf4b84fd06ea1c7/official_result.json.gz
case_035,3,4,56560,56560,1119718,1119718,0.0,169571,方案/p3/n4/case_035_multicore_res.json,/Users/liyu/Desktop/中文题目/A题研究/advanced_solver/runs/formal_v2/evaluations/attempts/20260924T142639-20e4d06f516c4d6a9770a3a12756e3ac/record.json,/Users/liyu/Desktop/中文题目/A题研究/advanced_solver/runs/formal_v2/evaluations/attempts/20260924T142639-20e4d06f516c4d6a9770a3a12756e3ac/official_result.json.gz
case_035,3,5,51103,51103,1130532,1130532,0.0,169571,方案/p3/n5/case_035_multicore_res.json,/Users/liyu/Desktop/中文题目/A题研究/advanced_solver/runs/formal_v2/evaluations/attempts/20260924T142720-06f07ac422f7497092fed34573162a61/record.json,/Users/liyu/Desktop/中文题目/A题研究/advanced_solver/runs/formal_v2/evaluations/attempts/20260924T142720-06f07ac422f7497092fed34573162a61/official_result.json.gz
case_036,1,1,932330,932330,2304,2304,0.0,931510,方案/p1/n1/case_036_multicore_res.json,/Users/liyu/Desktop/中文题目/A题研究/advanced_solver/runs/formal_v2/evaluations/attempts/20260924T233936-3f56bea414b2492b93af405f909ea1da/record.json,/Users/liyu/Desktop/中文题目/A题研究/advanced_solver/runs/formal_v2/evaluations/attempts/20260924T233936-3f56bea414b2492b93af405f909ea1da/official_result.json.gz
case_036,1,2,466068,466068,1152,1152,0.0,931510,方案/p1/n2/case_036_multicore_res.json,/Users/liyu/Desktop/中文题目/A题研究/solver/runs/full_initial_v1/evaluations/attempts/20260924T094823-973afda9765f4d939b8dfbe198d343dd/record.json,/Users/liyu/Desktop/中文题目/A题研究/solver/runs/full_initial_v1/evaluations/attempts/20260924T094823-973afda9765f4d939b8dfbe198d343dd/official_result.json.gz
case_036,1,3,311345,311345,2304,2304,0.0,931510,方案/p1/n3/case_036_multicore_res.json,/Users/liyu/Desktop/中文题目/A题研究/advanced_solver/runs/formal_v2/evaluations/attempts/20260924T141944-910e5a92a6ff49fdbf4dcdce6f769297/record.json,/Users/liyu/Desktop/中文题目/A题研究/advanced_solver/runs/formal_v2/evaluations/attempts/20260924T141944-910e5a92a6ff49fdbf4dcdce6f769297/official_result.json.gz
case_036,1,4,233584,233584,3456,3456,0.0,931510,方案/p1/n4/case_036_multicore_res.json,/Users/liyu/Desktop/中文题目/A题研究/advanced_solver/runs/formal_v2/evaluations/attempts/20260924T142021-3c91f6fa4ab7475cb1f097506eb6684a/record.json,/Users/liyu/Desktop/中文题目/A题研究/advanced_solver/runs/formal_v2/evaluations/attempts/20260924T142021-3c91f6fa4ab7475cb1f097506eb6684a/official_result.json.gz
case_036,1,5,187182,187182,4608,4608,0.0,931510,方案/p1/n5/case_036_multicore_res.json,/Users/liyu/Desktop/中文题目/A题研究/solver/runs/full_initial_v1/evaluations/attempts/20260924T094831-ae9596982505431794c3ba339764f4c6/record.json,/Users/liyu/Desktop/中文题目/A题研究/solver/runs/full_initial_v1/evaluations/attempts/20260924T094831-ae9596982505431794c3ba339764f4c6/official_result.json.gz
case_036,2,1,931510,931510,0,0,0.0,931510,方案/p2/n1/case_036_multicore_res.json,/Users/liyu/Desktop/中文题目/A题研究/advanced_solver/runs/formal_v2/evaluations/attempts/20260924T234253-0b459b1861fe442f89decaec136fbd9b/record.json,/Users/liyu/Desktop/中文题目/A题研究/advanced_solver/runs/formal_v2/evaluations/attempts/20260924T234253-0b459b1861fe442f89decaec136fbd9b/official_result.json.gz
case_036,2,2,466068,466068,1152,1152,0.0,931510,方案/p2/n2/case_036_multicore_res.json,/Users/liyu/Desktop/中文题目/A题研究/solver/runs/full_initial_v1/evaluations/attempts/20260924T094834-c30459ca49fb4bcc8d9fb6950ef209c3/record.json,/Users/liyu/Desktop/中文题目/A题研究/solver/runs/full_initial_v1/evaluations/attempts/20260924T094834-c30459ca49fb4bcc8d9fb6950ef209c3/official_result.json.gz
case_036,2,3,311345,311345,2304,2304,0.0,931510,方案/p2/n3/case_036_multicore_res.json,/Users/liyu/Desktop/中文题目/A题研究/advanced_solver/runs/formal_v2/evaluations/attempts/20260924T132142-95462131065f4872aeed912f55953c25/record.json,/Users/liyu/Desktop/中文题目/A题研究/advanced_solver/runs/formal_v2/evaluations/attempts/20260924T132142-95462131065f4872aeed912f55953c25/official_result.json.gz
case_036,2,4,233584,233584,3456,3456,0.0,931510,方案/p2/n4/case_036_multicore_res.json,/Users/liyu/Desktop/中文题目/A题研究/advanced_solver/runs/formal_v2/evaluations/attempts/20260924T132156-f15ebc0a66d747eeb88bdc53dfa66d80/record.json,/Users/liyu/Desktop/中文题目/A题研究/advanced_solver/runs/formal_v2/evaluations/attempts/20260924T132156-f15ebc0a66d747eeb88bdc53dfa66d80/official_result.json.gz
case_036,2,5,187182,187182,4608,4608,0.0,931510,方案/p2/n5/case_036_multicore_res.json,/Users/liyu/Desktop/中文题目/A题研究/solver/runs/full_initial_v1/evaluations/attempts/20260924T094837-eb70bffa74cd4cd9ba098afc951d61b6/record.json,/Users/liyu/Desktop/中文题目/A题研究/solver/runs/full_initial_v1/evaluations/attempts/20260924T094837-eb70bffa74cd4cd9ba098afc951d61b6/official_result.json.gz
case_036,3,1,931510,931510,0,0,0.0,931510,方案/p3/n1/case_036_multicore_res.json,/Users/liyu/Desktop/中文题目/A题研究/advanced_solver/runs/formal_v2/evaluations/attempts/20260924T234254-ce63f698a9174b34b4856c24cddb5980/record.json,/Users/liyu/Desktop/中文题目/A题研究/advanced_solver/runs/formal_v2/evaluations/attempts/20260924T234254-ce63f698a9174b34b4856c24cddb5980/official_result.json.gz
case_036,3,2,466068,466068,1152,1152,0.0,931510,方案/p3/n2/case_036_multicore_res.json,/Users/liyu/Desktop/中文题目/A题研究/advanced_solver/runs/formal_v2/evaluations/attempts/20260924T142600-708666a656e043178e0891f26ec4dd72/record.json,/Users/liyu/Desktop/中文题目/A题研究/advanced_solver/runs/formal_v2/evaluations/attempts/20260924T142600-708666a656e043178e0891f26ec4dd72/official_result.json.gz
case_036,3,3,311345,311345,2304,2304,0.0,931510,方案/p3/n3/case_036_multicore_res.json,/Users/liyu/Desktop/中文题目/A题研究/advanced_solver/runs/formal_v2/evaluations/attempts/20260924T142615-b79c731448be4f4fa2eefeb1990cfeef/record.json,/Users/liyu/Desktop/中文题目/A题研究/advanced_solver/runs/formal_v2/evaluations/attempts/20260924T142615-b79c731448be4f4fa2eefeb1990cfeef/official_result.json.gz
case_036,3,4,233584,233584,3456,3456,0.0,931510,方案/p3/n4/case_036_multicore_res.json,/Users/liyu/Desktop/中文题目/A题研究/advanced_solver/runs/formal_v2/evaluations/attempts/20260924T142633-f190525e20074fefbbdf100d00a60b7a/record.json,/Users/liyu/Desktop/中文题目/A题研究/advanced_solver/runs/formal_v2/evaluations/attempts/20260924T142633-f190525e20074fefbbdf100d00a60b7a/official_result.json.gz
case_036,3,5,187182,187182,4608,4608,0.0,931510,方案/p3/n5/case_036_multicore_res.json,/Users/liyu/Desktop/中文题目/A题研究/advanced_solver/runs/formal_v2/evaluations/attempts/20260924T142649-2ca83bff8f7a49c98c11e0694cc64686/record.json,/Users/liyu/Desktop/中文题目/A题研究/advanced_solver/runs/formal_v2/evaluations/attempts/20260924T142649-2ca83bff8f7a49c98c11e0694cc64686/official_result.json.gz
case_037,1,1,210001,210001,0,0,0.0,210001,方案/p1/n1/case_037_multicore_res.json,/Users/liyu/Desktop/中文题目/A题研究/advanced_solver/runs/formal_v2/evaluations/attempts/20260924T233954-b2f6103cb07a4cdfb4f65df039aaf485/record.json,/Users/liyu/Desktop/中文题目/A题研究/advanced_solver/runs/formal_v2/evaluations/attempts/20260924T233954-b2f6103cb07a4cdfb4f65df039aaf485/official_result.json.gz
case_037,1,2,105374,105374,204800,204800,0.0,210001,方案/p1/n2/case_037_multicore_res.json,/Users/liyu/Desktop/中文题目/A题研究/solver/runs/full_initial_v1/evaluations/attempts/20260924T094838-1c6e3c11954048e188630a9564b1f27a/record.json,/Users/liyu/Desktop/中文题目/A题研究/solver/runs/full_initial_v1/evaluations/attempts/20260924T094838-1c6e3c11954048e188630a9564b1f27a/official_result.json.gz
case_037,1,3,74038,74038,1064960,1064960,0.0,210001,方案/p1/n3/case_037_multicore_res.json,/Users/liyu/Desktop/中文题目/A题研究/advanced_solver/runs/formal_v2/evaluations/attempts/20260924T142024-580bc938120f4ac5a7c211de56ff710f/record.json,/Users/liyu/Desktop/中文题目/A题研究/advanced_solver/runs/formal_v2/evaluations/attempts/20260924T142024-580bc938120f4ac5a7c211de56ff710f/official_result.json.gz
case_037,1,4,53320,53320,614400,614400,0.0,210001,方案/p1/n4/case_037_multicore_res.json,/Users/liyu/Desktop/中文题目/A题研究/advanced_solver/runs/formal_v2/evaluations/attempts/20260924T142031-4b596b3cf4484e079bda9d088ef9d3b7/record.json,/Users/liyu/Desktop/中文题目/A题研究/advanced_solver/runs/formal_v2/evaluations/attempts/20260924T142031-4b596b3cf4484e079bda9d088ef9d3b7/official_result.json.gz
case_037,1,5,43013,43013,778240,778240,0.0,210001,方案/p1/n5/case_037_multicore_res.json,/Users/liyu/Desktop/中文题目/A题研究/advanced_solver/runs/formal_v2/evaluations/attempts/20260925T020022-af20e6d47dc9476a9e19a155a1edde01/record.json,/Users/liyu/Desktop/中文题目/A题研究/advanced_solver/runs/formal_v2/evaluations/attempts/20260925T020022-af20e6d47dc9476a9e19a155a1edde01/official_result.json.gz
case_037,2,1,210001,210001,0,0,0.0,210001,方案/p2/n1/case_037_multicore_res.json,/Users/liyu/Desktop/中文题目/A题研究/advanced_solver/runs/formal_v2/evaluations/attempts/20260924T234319-6f3b10d8e16a4806bdbc360d53d67cd0/record.json,/Users/liyu/Desktop/中文题目/A题研究/advanced_solver/runs/formal_v2/evaluations/attempts/20260924T234319-6f3b10d8e16a4806bdbc360d53d67cd0/official_result.json.gz
case_037,2,2,105374,105374,204800,204800,0.0,210001,方案/p2/n2/case_037_multicore_res.json,/Users/liyu/Desktop/中文题目/A题研究/solver/runs/full_initial_v1/evaluations/attempts/20260924T094840-a247fc4c4e7e4f64bb930d42096a8280/record.json,/Users/liyu/Desktop/中文题目/A题研究/solver/runs/full_initial_v1/evaluations/attempts/20260924T094840-a247fc4c4e7e4f64bb930d42096a8280/official_result.json.gz
case_037,2,3,74038,74038,491520,491520,0.0,210001,方案/p2/n3/case_037_multicore_res.json,/Users/liyu/Desktop/中文题目/A题研究/advanced_solver/runs/formal_v2/evaluations/attempts/20260924T132217-61a5e5268a9149ff98ae8fe00239b991/record.json,/Users/liyu/Desktop/中文题目/A题研究/advanced_solver/runs/formal_v2/evaluations/attempts/20260924T132217-61a5e5268a9149ff98ae8fe00239b991/official_result.json.gz
case_037,2,4,53320,53320,614400,614400,0.0,210001,方案/p2/n4/case_037_multicore_res.json,/Users/liyu/Desktop/中文题目/A题研究/advanced_solver/runs/formal_v2/evaluations/attempts/20260924T132223-6c6d651d2d784b33960cc4334e18fe55/record.json,/Users/liyu/Desktop/中文题目/A题研究/advanced_solver/runs/formal_v2/evaluations/attempts/20260924T132223-6c6d651d2d784b33960cc4334e18fe55/official_result.json.gz
case_037,2,5,43013,43013,778240,778240,0.0,210001,方案/p2/n5/case_037_multicore_res.json,/Users/liyu/Desktop/中文题目/A题研究/advanced_solver/runs/formal_v2/evaluations/attempts/20260924T132230-868b146963a249b5842a1f603725859a/record.json,/Users/liyu/Desktop/中文题目/A题研究/advanced_solver/runs/formal_v2/evaluations/attempts/20260924T132230-868b146963a249b5842a1f603725859a/official_result.json.gz
case_037,3,1,210001,210001,0,0,0.0,210001,方案/p3/n1/case_037_multicore_res.json,/Users/liyu/Desktop/中文题目/A题研究/advanced_solver/runs/formal_v2/evaluations/attempts/20260924T234320-acd3283539034c6e8bf927047c5255ca/record.json,/Users/liyu/Desktop/中文题目/A题研究/advanced_solver/runs/formal_v2/evaluations/attempts/20260924T234320-acd3283539034c6e8bf927047c5255ca/official_result.json.gz
case_037,3,2,105374,105374,204800,204800,0.0,210001,方案/p3/n2/case_037_multicore_res.json,/Users/liyu/Desktop/中文题目/A题研究/advanced_solver/runs/formal_v2/evaluations/attempts/20260924T142707-77c9401eec544e758099da355d0bfd97/record.json,/Users/liyu/Desktop/中文题目/A题研究/advanced_solver/runs/formal_v2/evaluations/attempts/20260924T142707-77c9401eec544e758099da355d0bfd97/official_result.json.gz
case_037,3,3,74038,74038,491520,491520,0.0,210001,方案/p3/n3/case_037_multicore_res.json,/Users/liyu/Desktop/中文题目/A题研究/advanced_solver/runs/formal_v2/evaluations/attempts/20260924T142716-8dac3481127d48ec8cf5300f30c88522/record.json,/Users/liyu/Desktop/中文题目/A题研究/advanced_solver/runs/formal_v2/evaluations/attempts/20260924T142716-8dac3481127d48ec8cf5300f30c88522/official_result.json.gz
case_037,3,4,53320,53320,614400,614400,0.0,210001,方案/p3/n4/case_037_multicore_res.json,/Users/liyu/Desktop/中文题目/A题研究/advanced_solver/runs/formal_v2/evaluations/attempts/20260924T142723-cb5e4ee970824e9699805b0476557a25/record.json,/Users/liyu/Desktop/中文题目/A题研究/advanced_solver/runs/formal_v2/evaluations/attempts/20260924T142723-cb5e4ee970824e9699805b0476557a25/official_result.json.gz
case_037,3,5,43013,43013,778240,778240,0.0,210001,方案/p3/n5/case_037_multicore_res.json,/Users/liyu/Desktop/中文题目/A题研究/advanced_solver/runs/formal_v2/evaluations/attempts/20260924T142732-4b2ad2fb771242e586ccccbde967ed0d/record.json,/Users/liyu/Desktop/中文题目/A题研究/advanced_solver/runs/formal_v2/evaluations/attempts/20260924T142732-4b2ad2fb771242e586ccccbde967ed0d/official_result.json.gz
case_038,1,1,1353756,1353756,7113216,7113216,0.0,1364555,方案/p1/n1/case_038_multicore_res.json,/Users/liyu/Desktop/中文题目/A题研究/advanced_solver/runs/formal_v2/evaluations/attempts/20260924T233906-0e70d5b3909e41caadfdfc7e508a2b99/record.json,/Users/liyu/Desktop/中文题目/A题研究/advanced_solver/runs/formal_v2/evaluations/attempts/20260924T233906-0e70d5b3909e41caadfdfc7e508a2b99/official_result.json.gz
case_038,1,2,681518,681518,6790656,6790656,0.0,1364555,方案/p1/n2/case_038_multicore_res.json,/Users/liyu/Desktop/中文题目/A题研究/solver/runs/full_initial_v1/evaluations/attempts/20260924T094902-cee41249202d44219e92328acef08710/record.json,/Users/liyu/Desktop/中文题目/A题研究/solver/runs/full_initial_v1/evaluations/attempts/20260924T094902-cee41249202d44219e92328acef08710/official_result.json.gz
case_038,1,3,456502,456502,7908864,7908864,0.0,1364555,方案/p1/n3/case_038_multicore_res.json,/Users/liyu/Desktop/中文题目/A题研究/advanced_solver/runs/formal_v2/evaluations/attempts/20260924T142307-d352642a94d342b788110ed1134a1f1e/record.json,/Users/liyu/Desktop/中文题目/A题研究/advanced_solver/runs/formal_v2/evaluations/attempts/20260924T142307-d352642a94d342b788110ed1134a1f1e/official_result.json.gz
case_038,1,4,345206,345206,9295872,9295872,0.0,1364555,方案/p1/n4/case_038_multicore_res.json,/Users/liyu/Desktop/中文题目/A题研究/advanced_solver/runs/formal_v2/evaluations/attempts/20260924T142434-d94823bf53ba4bc6b4cf1db61335d695/record.json,/Users/liyu/Desktop/中文题目/A题研究/advanced_solver/runs/formal_v2/evaluations/attempts/20260924T142434-d94823bf53ba4bc6b4cf1db61335d695/official_result.json.gz
case_038,1,5,276053,276053,8454144,8454144,0.0,1364555,方案/p1/n5/case_038_multicore_res.json,/Users/liyu/Desktop/中文题目/A题研究/advanced_solver/runs/formal_v2/evaluations/attempts/20260925T020055-62a9a518d0454e7f866deb121ff99645/record.json,/Users/liyu/Desktop/中文题目/A题研究/advanced_solver/runs/formal_v2/evaluations/attempts/20260925T020055-62a9a518d0454e7f866deb121ff99645/official_result.json.gz
case_038,2,1,1364555,1364555,5627904,5627904,0.0,1364555,方案/p2/n1/case_038_multicore_res.json,/Users/liyu/Desktop/中文题目/A题研究/advanced_solver/runs/formal_v2/evaluations/attempts/20260924T234204-1d695ec287fb40ef91512b2a321a6414/record.json,/Users/liyu/Desktop/中文题目/A题研究/advanced_solver/runs/formal_v2/evaluations/attempts/20260924T234204-1d695ec287fb40ef91512b2a321a6414/official_result.json.gz
case_038,2,2,677265,677265,6798848,6798848,0.0,1364555,方案/p2/n2/case_038_multicore_res.json,/Users/liyu/Desktop/中文题目/A题研究/advanced_solver/runs/formal_v2/evaluations/attempts/20260924T235344-be03d74f63bf47c58d4dc3ed56b3e76b/record.json,/Users/liyu/Desktop/中文题目/A题研究/advanced_solver/runs/formal_v2/evaluations/attempts/20260924T235344-be03d74f63bf47c58d4dc3ed56b3e76b/official_result.json.gz
case_038,2,3,457910,457910,5497344,5497344,0.0,1364555,方案/p2/n3/case_038_multicore_res.json,/Users/liyu/Desktop/中文题目/A题研究/advanced_solver/runs/formal_v2/evaluations/attempts/20260924T132330-184acc7746d5404a83d7cc3b088d03cf/record.json,/Users/liyu/Desktop/中文题目/A题研究/advanced_solver/runs/formal_v2/evaluations/attempts/20260924T132330-184acc7746d5404a83d7cc3b088d03cf/official_result.json.gz
case_038,2,4,339551,339551,6811648,6811648,0.0,1364555,方案/p2/n4/case_038_multicore_res.json,/Users/liyu/Desktop/中文题目/A题研究/advanced_solver/runs/formal_v2/evaluations/attempts/20260924T233747-7142c042017640eabb5aadde413b7404/record.json,/Users/liyu/Desktop/中文题目/A题研究/advanced_solver/runs/formal_v2/evaluations/attempts/20260924T233747-7142c042017640eabb5aadde413b7404/official_result.json.gz
case_038,2,5,277456,277456,7258624,7258624,0.0,1364555,方案/p2/n5/case_038_multicore_res.json,/Users/liyu/Desktop/中文题目/A题研究/advanced_solver/runs/formal_v2/evaluations/attempts/20260924T132548-7587c42c6e7541dfbb6c7442dc7134f5/record.json,/Users/liyu/Desktop/中文题目/A题研究/advanced_solver/runs/formal_v2/evaluations/attempts/20260924T132548-7587c42c6e7541dfbb6c7442dc7134f5/official_result.json.gz
case_038,3,1,1363312,1363312,5627904,5627904,0.0,1364555,方案/p3/n1/case_038_multicore_res.json,/Users/liyu/Desktop/中文题目/A题研究/advanced_solver/runs/formal_v2/evaluations/attempts/20260924T234205-b582efd446744f0c8c29c43006b75a10/record.json,/Users/liyu/Desktop/中文题目/A题研究/advanced_solver/runs/formal_v2/evaluations/attempts/20260924T234205-b582efd446744f0c8c29c43006b75a10/official_result.json.gz
case_038,3,2,677060,677060,6798848,6798848,0.0,1364555,方案/p3/n2/case_038_multicore_res.json,/Users/liyu/Desktop/中文题目/A题研究/advanced_solver/runs/formal_v2/evaluations/attempts/20260924T234234-1d0dabf4390d48518698779f767ff817/record.json,/Users/liyu/Desktop/中文题目/A题研究/advanced_solver/runs/formal_v2/evaluations/attempts/20260924T234234-1d0dabf4390d48518698779f767ff817/official_result.json.gz
case_038,3,3,457545,457545,5411328,5411328,0.0,1364555,方案/p3/n3/case_038_multicore_res.json,/Users/liyu/Desktop/中文题目/A题研究/advanced_solver/runs/formal_v2/evaluations/attempts/20260924T234240-23f173fe868d4ec59c00f5b74d64df71/record.json,/Users/liyu/Desktop/中文题目/A题研究/advanced_solver/runs/formal_v2/evaluations/attempts/20260924T234240-23f173fe868d4ec59c00f5b74d64df71/official_result.json.gz
case_038,3,4,337655,337655,6811648,6811648,0.0,1364555,方案/p3/n4/case_038_multicore_res.json,/Users/liyu/Desktop/中文题目/A题研究/advanced_solver/runs/formal_v2/evaluations/attempts/20260924T234245-f7b34012b8ac41be8122b5fe0db43629/record.json,/Users/liyu/Desktop/中文题目/A题研究/advanced_solver/runs/formal_v2/evaluations/attempts/20260924T234245-f7b34012b8ac41be8122b5fe0db43629/official_result.json.gz
case_038,3,5,275192,275192,9667584,9667584,0.0,1364555,方案/p3/n5/case_038_multicore_res.json,/Users/liyu/Desktop/中文题目/A题研究/advanced_solver/runs/formal_v2/evaluations/attempts/20260924T143246-4abeff8af5a648fa97e47413ce74545c/record.json,/Users/liyu/Desktop/中文题目/A题研究/advanced_solver/runs/formal_v2/evaluations/attempts/20260924T143246-4abeff8af5a648fa97e47413ce74545c/official_result.json.gz
case_039,1,1,1408153,1408153,10416128,10416128,0.0,1435262,方案/p1/n1/case_039_multicore_res.json,/Users/liyu/Desktop/中文题目/A题研究/advanced_solver/runs/formal_v2/evaluations/attempts/20260924T233910-88653130b4004ab794f00d90d574fd64/record.json,/Users/liyu/Desktop/中文题目/A题研究/advanced_solver/runs/formal_v2/evaluations/attempts/20260924T233910-88653130b4004ab794f00d90d574fd64/official_result.json.gz
case_039,1,2,707704,707704,9543680,9543680,0.0,1435262,方案/p1/n2/case_039_multicore_res.json,/Users/liyu/Desktop/中文题目/A题研究/advanced_solver/runs/formal_v2/evaluations/attempts/20260924T142113-b6e31c0df4944c05aa922324bc9efd1b/record.json,/Users/liyu/Desktop/中文题目/A题研究/advanced_solver/runs/formal_v2/evaluations/attempts/20260924T142113-b6e31c0df4944c05aa922324bc9efd1b/official_result.json.gz
case_039,1,3,485565,485565,14323712,14323712,0.0,1435262,方案/p1/n3/case_039_multicore_res.json,/Users/liyu/Desktop/中文题目/A题研究/advanced_solver/runs/formal_v2/evaluations/attempts/20260924T142301-d217ca9721f54e298a0e6f329673f373/record.json,/Users/liyu/Desktop/中文题目/A题研究/advanced_solver/runs/formal_v2/evaluations/attempts/20260924T142301-d217ca9721f54e298a0e6f329673f373/official_result.json.gz
case_039,1,4,387558,387558,11976704,11976704,0.0,1435262,方案/p1/n4/case_039_multicore_res.json,/Users/liyu/Desktop/中文题目/A题研究/advanced_solver/runs/formal_v2/evaluations/attempts/20260924T142535-a65435c82ebf415db5f3fc4ec197fccb/record.json,/Users/liyu/Desktop/中文题目/A题研究/advanced_solver/runs/formal_v2/evaluations/attempts/20260924T142535-a65435c82ebf415db5f3fc4ec197fccb/official_result.json.gz
case_039,1,5,316542,316542,9805824,9805824,0.0,1435262,方案/p1/n5/case_039_multicore_res.json,/Users/liyu/Desktop/中文题目/A题研究/advanced_solver/runs/formal_v2/evaluations/attempts/20260924T142831-d63d24bf48e946a680d5aabc61b2edd8/record.json,/Users/liyu/Desktop/中文题目/A题研究/advanced_solver/runs/formal_v2/evaluations/attempts/20260924T142831-d63d24bf48e946a680d5aabc61b2edd8/official_result.json.gz
case_039,2,1,1435262,1435262,7929856,7929856,0.0,1435262,方案/p2/n1/case_039_multicore_res.json,/Users/liyu/Desktop/中文题目/A题研究/advanced_solver/runs/formal_v2/evaluations/attempts/20260924T234208-4e38a5e1a9964a70ab95b722f0615451/record.json,/Users/liyu/Desktop/中文题目/A题研究/advanced_solver/runs/formal_v2/evaluations/attempts/20260924T234208-4e38a5e1a9964a70ab95b722f0615451/official_result.json.gz
case_039,2,2,707094,707094,19521536,19521536,0.0,1435262,方案/p2/n2/case_039_multicore_res.json,/Users/liyu/Desktop/中文题目/A题研究/advanced_solver/runs/formal_v2/evaluations/attempts/20260924T171002-573fffaf531d4491a93e831c97afb54f/record.json,/Users/liyu/Desktop/中文题目/A题研究/advanced_solver/runs/formal_v2/evaluations/attempts/20260924T171002-573fffaf531d4491a93e831c97afb54f/official_result.json.gz
case_039,2,3,483565,483565,14925824,14925824,0.0,1435262,方案/p2/n3/case_039_multicore_res.json,/Users/liyu/Desktop/中文题目/A题研究/advanced_solver/runs/formal_v2/evaluations/attempts/20260924T132400-8de6fda62194455383aafa6d5b8636d8/record.json,/Users/liyu/Desktop/中文题目/A题研究/advanced_solver/runs/formal_v2/evaluations/attempts/20260924T132400-8de6fda62194455383aafa6d5b8636d8/official_result.json.gz
case_039,2,4,373028,373028,12165120,12165120,0.0,1435262,方案/p2/n4/case_039_multicore_res.json,/Users/liyu/Desktop/中文题目/A题研究/advanced_solver/runs/formal_v2/evaluations/attempts/20260924T132502-5953e2e6e9224fc3900f093ee6dd21d8/record.json,/Users/liyu/Desktop/中文题目/A题研究/advanced_solver/runs/formal_v2/evaluations/attempts/20260924T132502-5953e2e6e9224fc3900f093ee6dd21d8/official_result.json.gz
case_039,2,5,308167,308167,10448896,10448896,0.0,1435262,方案/p2/n5/case_039_multicore_res.json,/Users/liyu/Desktop/中文题目/A题研究/advanced_solver/runs/formal_v2/evaluations/attempts/20260924T132506-d2cb728940a7476ebd1b1dbadedc2673/record.json,/Users/liyu/Desktop/中文题目/A题研究/advanced_solver/runs/formal_v2/evaluations/attempts/20260924T132506-d2cb728940a7476ebd1b1dbadedc2673/official_result.json.gz
case_039,3,1,1435262,1435262,7929856,7929856,0.0,1435262,方案/p3/n1/case_039_multicore_res.json,/Users/liyu/Desktop/中文题目/A题研究/advanced_solver/runs/formal_v2/evaluations/attempts/20260924T234210-b204f47d39454c8b9608ccb60490847a/record.json,/Users/liyu/Desktop/中文题目/A题研究/advanced_solver/runs/formal_v2/evaluations/attempts/20260924T234210-b204f47d39454c8b9608ccb60490847a/official_result.json.gz
case_039,3,2,705335,705335,11067392,11067392,0.0,1435262,方案/p3/n2/case_039_multicore_res.json,/Users/liyu/Desktop/中文题目/A题研究/advanced_solver/runs/formal_v2/evaluations/attempts/20260924T142836-525fad2eef9f406180e2c46c981c5112/record.json,/Users/liyu/Desktop/中文题目/A题研究/advanced_solver/runs/formal_v2/evaluations/attempts/20260924T142836-525fad2eef9f406180e2c46c981c5112/official_result.json.gz
case_039,3,3,481474,481474,14344192,14344192,0.0,1435262,方案/p3/n3/case_039_multicore_res.json,/Users/liyu/Desktop/中文题目/A题研究/advanced_solver/runs/formal_v2/evaluations/attempts/20260924T234221-9b3a8bba6e5140c7ac23473f896956eb/record.json,/Users/liyu/Desktop/中文题目/A题研究/advanced_solver/runs/formal_v2/evaluations/attempts/20260924T234221-9b3a8bba6e5140c7ac23473f896956eb/official_result.json.gz
case_039,3,4,367436,367436,17604608,17604608,0.0,1435262,方案/p3/n4/case_039_multicore_res.json,/Users/liyu/Desktop/中文题目/A题研究/advanced_solver/runs/formal_v2/evaluations/attempts/20260924T234223-70106763da8a41d8a500293571e3c026/record.json,/Users/liyu/Desktop/中文题目/A题研究/advanced_solver/runs/formal_v2/evaluations/attempts/20260924T234223-70106763da8a41d8a500293571e3c026/official_result.json.gz
case_039,3,5,300221,300221,10452992,10452992,0.0,1435262,方案/p3/n5/case_039_multicore_res.json,/Users/liyu/Desktop/中文题目/A题研究/advanced_solver/runs/formal_v2/evaluations/attempts/20260924T143151-c04c5913ea714a7a82ef3db059a33e43/record.json,/Users/liyu/Desktop/中文题目/A题研究/advanced_solver/runs/formal_v2/evaluations/attempts/20260924T143151-c04c5913ea714a7a82ef3db059a33e43/official_result.json.gz
case_040,1,1,253833,253833,113930,113930,0.0,253454,方案/p1/n1/case_040_multicore_res.json,/Users/liyu/Desktop/中文题目/A题研究/advanced_solver/runs/formal_v2/evaluations/attempts/20260924T233943-f9cdf7687f274b9cb35a5e12ca6cab53/record.json,/Users/liyu/Desktop/中文题目/A题研究/advanced_solver/runs/formal_v2/evaluations/attempts/20260924T233943-f9cdf7687f274b9cb35a5e12ca6cab53/official_result.json.gz
case_040,1,2,143594,143594,24576,24576,0.0,253454,方案/p1/n2/case_040_multicore_res.json,/Users/liyu/Desktop/中文题目/A题研究/advanced_solver/runs/formal_v2/evaluations/attempts/20260924T142736-865e6889daea438698644c515308ddd1/record.json,/Users/liyu/Desktop/中文题目/A题研究/advanced_solver/runs/formal_v2/evaluations/attempts/20260924T142736-865e6889daea438698644c515308ddd1/official_result.json.gz
case_040,1,3,110105,110105,0,0,0.0,253454,方案/p1/n3/case_040_multicore_res.json,/Users/liyu/Desktop/中文题目/A题研究/advanced_solver/runs/formal_v2/evaluations/attempts/20260924T142752-16e2d66d00b64a2ea08cb471ae357c5d/record.json,/Users/liyu/Desktop/中文题目/A题研究/advanced_solver/runs/formal_v2/evaluations/attempts/20260924T142752-16e2d66d00b64a2ea08cb471ae357c5d/official_result.json.gz
case_040,1,4,110105,110105,0,0,0.0,253454,方案/p1/n4/case_040_multicore_res.json,/Users/liyu/Desktop/中文题目/A题研究/advanced_solver/runs/formal_v2/evaluations/attempts/20260924T233153-582ea16d28d745f9962763cc1050cc3f/record.json,/Users/liyu/Desktop/中文题目/A题研究/advanced_solver/runs/formal_v2/evaluations/attempts/20260924T233153-582ea16d28d745f9962763cc1050cc3f/official_result.json.gz
case_040,1,5,110105,110105,0,0,0.0,253454,方案/p1/n5/case_040_multicore_res.json,/Users/liyu/Desktop/中文题目/A题研究/直接迭代/运行结果/跨核继承_v1/evaluations/attempts/20260924T215833-5e09e9e2b19e48f4b596453e932bed96/record.json,/Users/liyu/Desktop/中文题目/A题研究/直接迭代/运行结果/跨核继承_v1/evaluations/attempts/20260924T215833-5e09e9e2b19e48f4b596453e932bed96/official_result.json.gz
case_040,2,1,253454,253454,0,0,0.0,253454,方案/p2/n1/case_040_multicore_res.json,/Users/liyu/Desktop/中文题目/A题研究/advanced_solver/runs/formal_v2/evaluations/attempts/20260924T234304-e40c874208474ce28e0b8660280a3859/record.json,/Users/liyu/Desktop/中文题目/A题研究/advanced_solver/runs/formal_v2/evaluations/attempts/20260924T234304-e40c874208474ce28e0b8660280a3859/official_result.json.gz
case_040,2,2,137591,137591,20540,20540,0.0,253454,方案/p2/n2/case_040_multicore_res.json,/Users/liyu/Desktop/中文题目/A题研究/advanced_solver/runs/formal_v2/evaluations/attempts/20260924T233841-cd9eed6d8bdb44188fa5b9772834e5f1/record.json,/Users/liyu/Desktop/中文题目/A题研究/advanced_solver/runs/formal_v2/evaluations/attempts/20260924T233841-cd9eed6d8bdb44188fa5b9772834e5f1/official_result.json.gz
case_040,2,3,100597,100597,0,0,0.0,253454,方案/p2/n3/case_040_multicore_res.json,/Users/liyu/Desktop/中文题目/A题研究/advanced_solver/runs/formal_v2/evaluations/attempts/20260924T132559-6e00a55211844fc8beb73acc3fe30099/record.json,/Users/liyu/Desktop/中文题目/A题研究/advanced_solver/runs/formal_v2/evaluations/attempts/20260924T132559-6e00a55211844fc8beb73acc3fe30099/official_result.json.gz
case_040,2,4,100050,100050,0,0,0.0,253454,方案/p2/n4/case_040_multicore_res.json,/Users/liyu/Desktop/中文题目/A题研究/advanced_solver/runs/formal_v2/evaluations/attempts/20260924T233842-029565c4ff694f51bc3319006251c5eb/record.json,/Users/liyu/Desktop/中文题目/A题研究/advanced_solver/runs/formal_v2/evaluations/attempts/20260924T233842-029565c4ff694f51bc3319006251c5eb/official_result.json.gz
case_040,2,5,68324,68324,2162492,2162492,0.0,253454,方案/p2/n5/case_040_multicore_res.json,/Users/liyu/Desktop/中文题目/A题研究/advanced_solver/runs/formal_v2/evaluations/attempts/20260924T220703-4378698893b54214aac0d1f2c29214dc/record.json,/Users/liyu/Desktop/中文题目/A题研究/advanced_solver/runs/formal_v2/evaluations/attempts/20260924T220703-4378698893b54214aac0d1f2c29214dc/official_result.json.gz
case_040,3,1,253454,253454,0,0,0.0,253454,方案/p3/n1/case_040_multicore_res.json,/Users/liyu/Desktop/中文题目/A题研究/advanced_solver/runs/formal_v2/evaluations/attempts/20260924T234305-28973afe3dd44ee59f0e3236778cff7c/record.json,/Users/liyu/Desktop/中文题目/A题研究/advanced_solver/runs/formal_v2/evaluations/attempts/20260924T234305-28973afe3dd44ee59f0e3236778cff7c/official_result.json.gz
case_040,3,2,137591,137591,20540,20540,0.0,253454,方案/p3/n2/case_040_multicore_res.json,/Users/liyu/Desktop/中文题目/A题研究/advanced_solver/runs/formal_v2/evaluations/attempts/20260924T143221-35a87989b7dc4123aa681d5b87cb3155/record.json,/Users/liyu/Desktop/中文题目/A题研究/advanced_solver/runs/formal_v2/evaluations/attempts/20260924T143221-35a87989b7dc4123aa681d5b87cb3155/official_result.json.gz
case_040,3,3,100597,100597,0,0,0.0,253454,方案/p3/n3/case_040_multicore_res.json,/Users/liyu/Desktop/中文题目/A题研究/advanced_solver/runs/formal_v2/evaluations/attempts/20260924T143246-511f2eb3681b4f429ebf12328f65099b/record.json,/Users/liyu/Desktop/中文题目/A题研究/advanced_solver/runs/formal_v2/evaluations/attempts/20260924T143246-511f2eb3681b4f429ebf12328f65099b/official_result.json.gz
case_040,3,4,100050,100050,0,0,0.0,253454,方案/p3/n4/case_040_multicore_res.json,/Users/liyu/Desktop/中文题目/A题研究/advanced_solver/runs/formal_v2/evaluations/attempts/20260924T143317-428cb2e2b59e487f85b27a9e3959a47a/record.json,/Users/liyu/Desktop/中文题目/A题研究/advanced_solver/runs/formal_v2/evaluations/attempts/20260924T143317-428cb2e2b59e487f85b27a9e3959a47a/official_result.json.gz
case_040,3,5,63092,63092,2162492,2162492,0.0,253454,方案/p3/n5/case_040_multicore_res.json,/Users/liyu/Desktop/中文题目/A题研究/advanced_solver/runs/formal_v2/evaluations/attempts/20260924T143350-854f643eba4b4aa4899da0d2945f0cf6/record.json,/Users/liyu/Desktop/中文题目/A题研究/advanced_solver/runs/formal_v2/evaluations/attempts/20260924T143350-854f643eba4b4aa4899da0d2945f0cf6/official_result.json.gz
case_041,1,1,5963739,5963739,30357504,30357504,0.0,6003957,方案/p1/n1/case_041_multicore_res.json,/Users/liyu/Desktop/中文题目/A题研究/advanced_solver/runs/formal_v2/evaluations/attempts/20260924T233805-81d3fd697b3f450b9904dfa518d2392e/record.json,/Users/liyu/Desktop/中文题目/A题研究/advanced_solver/runs/formal_v2/evaluations/attempts/20260924T233805-81d3fd697b3f450b9904dfa518d2392e/official_result.json.gz
case_041,1,2,2992480,2992480,33490944,33490944,0.0,6003957,方案/p1/n2/case_041_multicore_res.json,/Users/liyu/Desktop/中文题目/A题研究/solver/runs/full_initial_v1/evaluations/attempts/20260924T095324-9702316f740540cd9c8d3af4d83c8685/record.json,/Users/liyu/Desktop/中文题目/A题研究/solver/runs/full_initial_v1/evaluations/attempts/20260924T095324-9702316f740540cd9c8d3af4d83c8685/official_result.json.gz
case_041,1,3,1993597,1993597,33042432,33042432,0.0,6003957,方案/p1/n3/case_041_multicore_res.json,/Users/liyu/Desktop/中文题目/A题研究/advanced_solver/runs/formal_v2/evaluations/attempts/20260924T145041-1c84d1029da64167ba4638818034b2b5/record.json,/Users/liyu/Desktop/中文题目/A题研究/advanced_solver/runs/formal_v2/evaluations/attempts/20260924T145041-1c84d1029da64167ba4638818034b2b5/official_result.json.gz
case_041,1,4,1494574,1494574,33045504,33045504,0.0,6003957,方案/p1/n4/case_041_multicore_res.json,/Users/liyu/Desktop/中文题目/A题研究/advanced_solver/runs/formal_v2/evaluations/attempts/20260924T154750-a942b8e8fe904826bafcdb908199aa25/record.json,/Users/liyu/Desktop/中文题目/A题研究/advanced_solver/runs/formal_v2/evaluations/attempts/20260924T154750-a942b8e8fe904826bafcdb908199aa25/official_result.json.gz
case_041,1,5,1196379,1196379,40630272,40630272,0.0,6003957,方案/p1/n5/case_041_multicore_res.json,/Users/liyu/Desktop/中文题目/A题研究/solver/runs/full_initial_v1/evaluations/attempts/20260924T100015-53db5aaf71fd43f5825fb4cbb428f12e/record.json,/Users/liyu/Desktop/中文题目/A题研究/solver/runs/full_initial_v1/evaluations/attempts/20260924T100015-53db5aaf71fd43f5825fb4cbb428f12e/official_result.json.gz
case_041,2,1,6003957,6003957,30898176,30898176,0.0,6003957,方案/p2/n1/case_041_multicore_res.json,/Users/liyu/Desktop/中文题目/A题研究/advanced_solver/runs/formal_v2/evaluations/attempts/20260924T234021-8b511199cb7e495a874cc95704bb0eb1/record.json,/Users/liyu/Desktop/中文题目/A题研究/advanced_solver/runs/formal_v2/evaluations/attempts/20260924T234021-8b511199cb7e495a874cc95704bb0eb1/official_result.json.gz
case_041,2,2,2990074,2990074,33490944,33490944,0.0,6003957,方案/p2/n2/case_041_multicore_res.json,/Users/liyu/Desktop/中文题目/A题研究/advanced_solver/runs/formal_v2/evaluations/attempts/20260924T235244-57b23af7751f4ac28bd5958b3d386394/record.json,/Users/liyu/Desktop/中文题目/A题研究/advanced_solver/runs/formal_v2/evaluations/attempts/20260924T235244-57b23af7751f4ac28bd5958b3d386394/official_result.json.gz
case_041,2,3,1991212,1991212,34887680,34887680,0.0,6003957,方案/p2/n3/case_041_multicore_res.json,/Users/liyu/Desktop/中文题目/A题研究/advanced_solver/runs/formal_v2/evaluations/attempts/20260924T133624-b5f87f5babff426e9b3e0f74d9df45c5/record.json,/Users/liyu/Desktop/中文题目/A题研究/advanced_solver/runs/formal_v2/evaluations/attempts/20260924T133624-b5f87f5babff426e9b3e0f74d9df45c5/official_result.json.gz
case_041,2,4,1490603,1490603,39164928,39164928,0.0,6003957,方案/p2/n4/case_041_multicore_res.json,/Users/liyu/Desktop/中文题目/A题研究/advanced_solver/runs/formal_v2/evaluations/attempts/20260924T133833-672a228eaf924440b3ead3e18fb54ae9/record.json,/Users/liyu/Desktop/中文题目/A题研究/advanced_solver/runs/formal_v2/evaluations/attempts/20260924T133833-672a228eaf924440b3ead3e18fb54ae9/official_result.json.gz
case_041,2,5,1194924,1194924,18518016,18518016,0.0,6003957,方案/p2/n5/case_041_multicore_res.json,/Users/liyu/Desktop/中文题目/A题研究/advanced_solver/runs/formal_v2/evaluations/attempts/20260924T220613-ca0e76892e8b43b39709bf7f50d739de/record.json,/Users/liyu/Desktop/中文题目/A题研究/advanced_solver/runs/formal_v2/evaluations/attempts/20260924T220613-ca0e76892e8b43b39709bf7f50d739de/official_result.json.gz
case_041,3,1,6001575,6001575,30898176,30898176,0.0,6003957,方案/p3/n1/case_041_multicore_res.json,/Users/liyu/Desktop/中文题目/A题研究/advanced_solver/runs/formal_v2/evaluations/attempts/20260924T234025-4188ac1144ca40fc9db78b8edc4e3179/record.json,/Users/liyu/Desktop/中文题目/A题研究/advanced_solver/runs/formal_v2/evaluations/attempts/20260924T234025-4188ac1144ca40fc9db78b8edc4e3179/official_result.json.gz
case_041,3,2,2985657,2985657,33490944,33490944,0.0,6003957,方案/p3/n2/case_041_multicore_res.json,/Users/liyu/Desktop/中文题目/A题研究/advanced_solver/runs/formal_v2/evaluations/attempts/20260924T234653-3ce1286330e940b8ac6b0510bbd1371c/record.json,/Users/liyu/Desktop/中文题目/A题研究/advanced_solver/runs/formal_v2/evaluations/attempts/20260924T234653-3ce1286330e940b8ac6b0510bbd1371c/official_result.json.gz
case_041,3,3,1989217,1989217,33050624,33050624,0.0,6003957,方案/p3/n3/case_041_multicore_res.json,/Users/liyu/Desktop/中文题目/A题研究/advanced_solver/runs/formal_v2/evaluations/attempts/20260924T144352-3ec4bcb99a924a0aab778b3c12c47ca7/record.json,/Users/liyu/Desktop/中文题目/A题研究/advanced_solver/runs/formal_v2/evaluations/attempts/20260924T144352-3ec4bcb99a924a0aab778b3c12c47ca7/official_result.json.gz
case_041,3,4,1487676,1487676,39164928,39164928,0.0,6003957,方案/p3/n4/case_041_multicore_res.json,/Users/liyu/Desktop/中文题目/A题研究/advanced_solver/runs/formal_v2/evaluations/attempts/20260924T144446-993f8c8c35064cc3b1cd4e31444629f6/record.json,/Users/liyu/Desktop/中文题目/A题研究/advanced_solver/runs/formal_v2/evaluations/attempts/20260924T144446-993f8c8c35064cc3b1cd4e31444629f6/official_result.json.gz
case_041,3,5,1191935,1191935,40630272,40630272,0.0,6003957,方案/p3/n5/case_041_multicore_res.json,/Users/liyu/Desktop/中文题目/A题研究/advanced_solver/runs/formal_v2/evaluations/attempts/20260924T145423-48c2d546459e4388ae4231346cc205e1/record.json,/Users/liyu/Desktop/中文题目/A题研究/advanced_solver/runs/formal_v2/evaluations/attempts/20260924T145423-48c2d546459e4388ae4231346cc205e1/official_result.json.gz
case_042,1,1,1674351,1674351,8189952,8189952,0.0,1686740,方案/p1/n1/case_042_multicore_res.json,/Users/liyu/Desktop/中文题目/A题研究/advanced_solver/runs/formal_v2/evaluations/attempts/20260924T233920-cc374bf72f8a497fa959c19381580215/record.json,/Users/liyu/Desktop/中文题目/A题研究/advanced_solver/runs/formal_v2/evaluations/attempts/20260924T233920-cc374bf72f8a497fa959c19381580215/official_result.json.gz
case_042,1,2,840111,840111,7262496,7262496,0.0,1686740,方案/p1/n2/case_042_multicore_res.json,/Users/liyu/Desktop/中文题目/A题研究/solver/runs/full_initial_v1/evaluations/attempts/20260924T095113-9de11ee225694f60aaae507c0708bf6f/record.json,/Users/liyu/Desktop/中文题目/A题研究/solver/runs/full_initial_v1/evaluations/attempts/20260924T095113-9de11ee225694f60aaae507c0708bf6f/official_result.json.gz
case_042,1,3,571947,571947,8251680,8251680,0.0,1686740,方案/p1/n3/case_042_multicore_res.json,/Users/liyu/Desktop/中文题目/A题研究/advanced_solver/runs/formal_v2/evaluations/attempts/20260924T142947-dff2a4d854414294bbe293c738a1a754/record.json,/Users/liyu/Desktop/中文题目/A题研究/advanced_solver/runs/formal_v2/evaluations/attempts/20260924T142947-dff2a4d854414294bbe293c738a1a754/official_result.json.gz
case_042,1,4,433223,433223,17044896,17044896,0.0,1686740,方案/p1/n4/case_042_multicore_res.json,/Users/liyu/Desktop/中文题目/A题研究/advanced_solver/runs/formal_v2/evaluations/attempts/20260924T234417-c827f61441d24c43b47c0ee48b44e462/record.json,/Users/liyu/Desktop/中文题目/A题研究/advanced_solver/runs/formal_v2/evaluations/attempts/20260924T234417-c827f61441d24c43b47c0ee48b44e462/official_result.json.gz
case_042,1,5,342220,342220,10187904,10187904,0.0,1686740,方案/p1/n5/case_042_multicore_res.json,/Users/liyu/Desktop/中文题目/A题研究/advanced_solver/runs/formal_v2/evaluations/attempts/20260925T015820-e395094331294ad78539fcd0ce7172b1/record.json,/Users/liyu/Desktop/中文题目/A题研究/advanced_solver/runs/formal_v2/evaluations/attempts/20260925T015820-e395094331294ad78539fcd0ce7172b1/official_result.json.gz
case_042,2,1,1686740,1686740,6629376,6629376,0.0,1686740,方案/p2/n1/case_042_multicore_res.json,/Users/liyu/Desktop/中文题目/A题研究/advanced_solver/runs/formal_v2/evaluations/attempts/20260924T234227-00fcd185f7d54996bf89b5e258a809f1/record.json,/Users/liyu/Desktop/中文题目/A题研究/advanced_solver/runs/formal_v2/evaluations/attempts/20260924T234227-00fcd185f7d54996bf89b5e258a809f1/official_result.json.gz
case_042,2,2,834436,834436,7262496,7262496,0.0,1686740,方案/p2/n2/case_042_multicore_res.json,/Users/liyu/Desktop/中文题目/A题研究/advanced_solver/runs/formal_v2/evaluations/attempts/20260924T235355-be6cce39ab84436086545f3b53e95870/record.json,/Users/liyu/Desktop/中文题目/A题研究/advanced_solver/runs/formal_v2/evaluations/attempts/20260924T235355-be6cce39ab84436086545f3b53e95870/official_result.json.gz
case_042,2,3,566534,566534,8258848,8258848,0.0,1686740,方案/p2/n3/case_042_multicore_res.json,/Users/liyu/Desktop/中文题目/A题研究/advanced_solver/runs/formal_v2/evaluations/attempts/20260924T235355-187d8774b5a64dcfbe1ab43bb5d6cfd4/record.json,/Users/liyu/Desktop/中文题目/A题研究/advanced_solver/runs/formal_v2/evaluations/attempts/20260924T235355-187d8774b5a64dcfbe1ab43bb5d6cfd4/official_result.json.gz
case_042,2,4,437808,437808,8924448,8924448,0.0,1686740,方案/p2/n4/case_042_multicore_res.json,/Users/liyu/Desktop/中文题目/A题研究/advanced_solver/runs/formal_v2/evaluations/attempts/20260924T235356-cde866a9331745b1ab5fa518bb1ff4d6/record.json,/Users/liyu/Desktop/中文题目/A题研究/advanced_solver/runs/formal_v2/evaluations/attempts/20260924T235356-cde866a9331745b1ab5fa518bb1ff4d6/official_result.json.gz
case_042,2,5,354324,354324,6993920,6993920,0.0,1686740,方案/p2/n5/case_042_multicore_res.json,/Users/liyu/Desktop/中文题目/A题研究/advanced_solver/runs/formal_v2/evaluations/attempts/20260924T220704-8f7740b83d1d4ae090181fdff5d5c1aa/record.json,/Users/liyu/Desktop/中文题目/A题研究/advanced_solver/runs/formal_v2/evaluations/attempts/20260924T220704-8f7740b83d1d4ae090181fdff5d5c1aa/official_result.json.gz
case_042,3,1,1675633,1675633,6629376,6629376,0.0,1686740,方案/p3/n1/case_042_multicore_res.json,/Users/liyu/Desktop/中文题目/A题研究/advanced_solver/runs/formal_v2/evaluations/attempts/20260924T234228-1a0ccbbbe4dd4b848a1703365fe03d23/record.json,/Users/liyu/Desktop/中文题目/A题研究/advanced_solver/runs/formal_v2/evaluations/attempts/20260924T234228-1a0ccbbbe4dd4b848a1703365fe03d23/official_result.json.gz
case_042,3,2,833725,833725,7262496,7262496,0.0,1686740,方案/p3/n2/case_042_multicore_res.json,/Users/liyu/Desktop/中文题目/A题研究/advanced_solver/runs/formal_v2/evaluations/attempts/20260924T234143-fa9cc68b64084970848be84b49d5bd1a/record.json,/Users/liyu/Desktop/中文题目/A题研究/advanced_solver/runs/formal_v2/evaluations/attempts/20260924T234143-fa9cc68b64084970848be84b49d5bd1a/official_result.json.gz
case_042,3,3,565883,565883,8258848,8258848,0.0,1686740,方案/p3/n3/case_042_multicore_res.json,/Users/liyu/Desktop/中文题目/A题研究/advanced_solver/runs/formal_v2/evaluations/attempts/20260924T234148-bef1a07827a549daa27d44c47bda118f/record.json,/Users/liyu/Desktop/中文题目/A题研究/advanced_solver/runs/formal_v2/evaluations/attempts/20260924T234148-bef1a07827a549daa27d44c47bda118f/official_result.json.gz
case_042,3,4,433925,433925,8924448,8924448,0.0,1686740,方案/p3/n4/case_042_multicore_res.json,/Users/liyu/Desktop/中文题目/A题研究/advanced_solver/runs/formal_v2/evaluations/attempts/20260924T234149-1db6b38a4bfb4c5e9a30b473d2e4b37f/record.json,/Users/liyu/Desktop/中文题目/A题研究/advanced_solver/runs/formal_v2/evaluations/attempts/20260924T234149-1db6b38a4bfb4c5e9a30b473d2e4b37f/official_result.json.gz
case_042,3,5,353812,353812,6993920,6993920,0.0,1686740,方案/p3/n5/case_042_multicore_res.json,/Users/liyu/Desktop/中文题目/A题研究/advanced_solver/runs/formal_v2/evaluations/attempts/20260924T143748-ebad2f3fde7e4f829499c4897152ea6c/record.json,/Users/liyu/Desktop/中文题目/A题研究/advanced_solver/runs/formal_v2/evaluations/attempts/20260924T143748-ebad2f3fde7e4f829499c4897152ea6c/official_result.json.gz
case_043,1,1,677677,677677,1152252,1152252,0.0,677656,方案/p1/n1/case_043_multicore_res.json,/Users/liyu/Desktop/中文题目/A题研究/advanced_solver/runs/formal_v2/evaluations/attempts/20260924T233847-b3e2465d80e74fa4865d39d60b4fabf8/record.json,/Users/liyu/Desktop/中文题目/A题研究/advanced_solver/runs/formal_v2/evaluations/attempts/20260924T233847-b3e2465d80e74fa4865d39d60b4fabf8/official_result.json.gz
case_043,1,2,351328,351328,2398214,2398214,0.0,677656,方案/p1/n2/case_043_multicore_res.json,/Users/liyu/Desktop/中文题目/A题研究/advanced_solver/runs/formal_v2/evaluations/attempts/20260924T234744-cc48913697cc4030934da3281ebd7080/record.json,/Users/liyu/Desktop/中文题目/A题研究/advanced_solver/runs/formal_v2/evaluations/attempts/20260924T234744-cc48913697cc4030934da3281ebd7080/official_result.json.gz
case_043,1,3,268776,268776,599040,599040,0.0,677656,方案/p1/n3/case_043_multicore_res.json,/Users/liyu/Desktop/中文题目/A题研究/advanced_solver/runs/formal_v2/evaluations/attempts/20260924T143555-ec0613c4e093486b84c4d2ec7f34f5d5/record.json,/Users/liyu/Desktop/中文题目/A题研究/advanced_solver/runs/formal_v2/evaluations/attempts/20260924T143555-ec0613c4e093486b84c4d2ec7f34f5d5/official_result.json.gz
case_043,1,4,266766,266766,2819424,2819424,0.0,677656,方案/p1/n4/case_043_multicore_res.json,/Users/liyu/Desktop/中文题目/A题研究/advanced_solver/runs/formal_v2/evaluations/attempts/20260924T234807-489389af3fb64315b669ea7d561cdd9a/record.json,/Users/liyu/Desktop/中文题目/A题研究/advanced_solver/runs/formal_v2/evaluations/attempts/20260924T234807-489389af3fb64315b669ea7d561cdd9a/official_result.json.gz
case_043,1,5,200786,200786,7616098,7616098,0.0,677656,方案/p1/n5/case_043_multicore_res.json,/Users/liyu/Desktop/中文题目/A题研究/advanced_solver/runs/formal_v2/evaluations/attempts/20260925T172830-abff4a4325c94d80a8a875b47fdae0a8/record.json,/Users/liyu/Desktop/中文题目/A题研究/advanced_solver/runs/formal_v2/evaluations/attempts/20260925T172830-abff4a4325c94d80a8a875b47fdae0a8/official_result.json.gz
case_043,2,1,677656,677656,49160,49160,0.0,677656,方案/p2/n1/case_043_multicore_res.json,/Users/liyu/Desktop/中文题目/A题研究/advanced_solver/runs/formal_v2/evaluations/attempts/20260924T234132-87d9dbefdd9d4909a405c911fd7948d7/record.json,/Users/liyu/Desktop/中文题目/A题研究/advanced_solver/runs/formal_v2/evaluations/attempts/20260924T234132-87d9dbefdd9d4909a405c911fd7948d7/official_result.json.gz
case_043,2,2,352934,352934,458788,458788,0.0,677656,方案/p2/n2/case_043_multicore_res.json,/Users/liyu/Desktop/中文题目/A题研究/advanced_solver/runs/formal_v2/evaluations/attempts/20260924T235323-9eedaa2c4b204a51a137768a25ab78b7/record.json,/Users/liyu/Desktop/中文题目/A题研究/advanced_solver/runs/formal_v2/evaluations/attempts/20260924T235323-9eedaa2c4b204a51a137768a25ab78b7/official_result.json.gz
case_043,2,3,230366,230366,294068,294068,0.0,677656,方案/p2/n3/case_043_multicore_res.json,/Users/liyu/Desktop/中文题目/A题研究/advanced_solver/runs/formal_v2/evaluations/attempts/20260925T155527-eaec6a070de54d55b5e7559e93e38a04/record.json,/Users/liyu/Desktop/中文题目/A题研究/advanced_solver/runs/formal_v2/evaluations/attempts/20260925T155527-eaec6a070de54d55b5e7559e93e38a04/official_result.json.gz
case_043,2,4,230366,230366,294068,294068,0.0,677656,方案/p2/n4/case_043_multicore_res.json,/Users/liyu/Desktop/中文题目/A题研究/advanced_solver/runs/formal_v2/evaluations/attempts/20260925T160340-eb9200518fc74570a64c4a149f4c1466/record.json,/Users/liyu/Desktop/中文题目/A题研究/advanced_solver/runs/formal_v2/evaluations/attempts/20260925T160340-eb9200518fc74570a64c4a149f4c1466/official_result.json.gz
case_043,2,5,169830,169830,6691004,6691004,0.0,677656,方案/p2/n5/case_043_multicore_res.json,/Users/liyu/Desktop/中文题目/A题研究/advanced_solver/runs/formal_v2/evaluations/attempts/20260924T235325-105335a018ca4f788aab567d1249de58/record.json,/Users/liyu/Desktop/中文题目/A题研究/advanced_solver/runs/formal_v2/evaluations/attempts/20260924T235325-105335a018ca4f788aab567d1249de58/official_result.json.gz
case_043,3,1,677656,677656,49160,49160,0.0,677656,方案/p3/n1/case_043_multicore_res.json,/Users/liyu/Desktop/中文题目/A题研究/advanced_solver/runs/formal_v2/evaluations/attempts/20260924T234134-8a8c7d834ccd4a82b6b03b95a8fb6120/record.json,/Users/liyu/Desktop/中文题目/A题研究/advanced_solver/runs/formal_v2/evaluations/attempts/20260924T234134-8a8c7d834ccd4a82b6b03b95a8fb6120/official_result.json.gz
case_043,3,2,352934,352934,458788,458788,0.0,677656,方案/p3/n2/case_043_multicore_res.json,/Users/liyu/Desktop/中文题目/A题研究/advanced_solver/runs/formal_v2/evaluations/attempts/20260924T234411-5645b8fee2664a66b06d6bacfdec2a3b/record.json,/Users/liyu/Desktop/中文题目/A题研究/advanced_solver/runs/formal_v2/evaluations/attempts/20260924T234411-5645b8fee2664a66b06d6bacfdec2a3b/official_result.json.gz
case_043,3,3,230321,230321,294068,294068,0.0,677656,方案/p3/n3/case_043_multicore_res.json,/Users/liyu/Desktop/中文题目/A题研究/advanced_solver/runs/formal_v2/evaluations/attempts/20260925T155528-f5dc26a804374e6fa1752080f75cf006/record.json,/Users/liyu/Desktop/中文题目/A题研究/advanced_solver/runs/formal_v2/evaluations/attempts/20260925T155528-f5dc26a804374e6fa1752080f75cf006/official_result.json.gz
case_043,3,4,230321,230321,294068,294068,0.0,677656,方案/p3/n4/case_043_multicore_res.json,/Users/liyu/Desktop/中文题目/A题研究/advanced_solver/runs/formal_v2/evaluations/attempts/20260925T160342-29b0db9ff9774cf8a2cf64845639aa10/record.json,/Users/liyu/Desktop/中文题目/A题研究/advanced_solver/runs/formal_v2/evaluations/attempts/20260925T160342-29b0db9ff9774cf8a2cf64845639aa10/official_result.json.gz
case_043,3,5,158368,158368,6691004,6691004,0.0,677656,方案/p3/n5/case_043_multicore_res.json,/Users/liyu/Desktop/中文题目/A题研究/advanced_solver/runs/formal_v2/evaluations/attempts/20260924T221541-9c03fb0fba324114b9b8a9416b0da319/record.json,/Users/liyu/Desktop/中文题目/A题研究/advanced_solver/runs/formal_v2/evaluations/attempts/20260924T221541-9c03fb0fba324114b9b8a9416b0da319/official_result.json.gz
case_044,1,1,162836,162836,4741728,4741728,0.0,154407,方案/p1/n1/case_044_multicore_res.json,/Users/liyu/Desktop/中文题目/A题研究/advanced_solver/runs/formal_v2/evaluations/attempts/20260924T233948-7a9d828aa77540af9e8edb05e6660be0/record.json,/Users/liyu/Desktop/中文题目/A题研究/advanced_solver/runs/formal_v2/evaluations/attempts/20260924T233948-7a9d828aa77540af9e8edb05e6660be0/official_result.json.gz
case_044,1,2,96349,96349,222208,222208,0.0,154407,方案/p1/n2/case_044_multicore_res.json,/Users/liyu/Desktop/中文题目/A题研究/advanced_solver/runs/formal_v2/evaluations/attempts/20260924T144110-71b3f675ecd94a7cb6780968ae074e31/record.json,/Users/liyu/Desktop/中文题目/A题研究/advanced_solver/runs/formal_v2/evaluations/attempts/20260924T144110-71b3f675ecd94a7cb6780968ae074e31/official_result.json.gz
case_044,1,3,96349,96349,222208,222208,0.0,154407,方案/p1/n3/case_044_multicore_res.json,/Users/liyu/Desktop/中文题目/A题研究/advanced_solver/runs/formal_v2/evaluations/attempts/20260924T233154-6ea229a97c3d4b84aa0a73dcad38e481/record.json,/Users/liyu/Desktop/中文题目/A题研究/advanced_solver/runs/formal_v2/evaluations/attempts/20260924T233154-6ea229a97c3d4b84aa0a73dcad38e481/official_result.json.gz
case_044,1,4,96349,96349,222208,222208,0.0,154407,方案/p1/n4/case_044_multicore_res.json,/Users/liyu/Desktop/中文题目/A题研究/advanced_solver/runs/formal_v2/evaluations/attempts/20260924T233155-41e23229570a4f4eb6eedd4abed5b4a2/record.json,/Users/liyu/Desktop/中文题目/A题研究/advanced_solver/runs/formal_v2/evaluations/attempts/20260924T233155-41e23229570a4f4eb6eedd4abed5b4a2/official_result.json.gz
case_044,1,5,96349,96349,222208,222208,0.0,154407,方案/p1/n5/case_044_multicore_res.json,/Users/liyu/Desktop/中文题目/A题研究/直接迭代/运行结果/跨核继承_v1/evaluations/attempts/20260924T215823-75f75d7dbca04dd6aed9985c2f63e9ac/record.json,/Users/liyu/Desktop/中文题目/A题研究/直接迭代/运行结果/跨核继承_v1/evaluations/attempts/20260924T215823-75f75d7dbca04dd6aed9985c2f63e9ac/official_result.json.gz
case_044,2,1,154407,154407,4438112,4438112,0.0,154407,方案/p2/n1/case_044_multicore_res.json,/Users/liyu/Desktop/中文题目/A题研究/advanced_solver/runs/formal_v2/evaluations/attempts/20260924T234311-48b64d9cc9b842e89c7aaa9138cff29a/record.json,/Users/liyu/Desktop/中文题目/A题研究/advanced_solver/runs/formal_v2/evaluations/attempts/20260924T234311-48b64d9cc9b842e89c7aaa9138cff29a/official_result.json.gz
case_044,2,2,44806,44806,1020512,1020512,0.0,154407,方案/p2/n2/case_044_multicore_res.json,/Users/liyu/Desktop/中文题目/A题研究/advanced_solver/runs/formal_v2/evaluations/attempts/20260924T133013-bb51c701a77b4af19e611b620b58da44/record.json,/Users/liyu/Desktop/中文题目/A题研究/advanced_solver/runs/formal_v2/evaluations/attempts/20260924T133013-bb51c701a77b4af19e611b620b58da44/official_result.json.gz
case_044,2,3,44806,44806,1020512,1020512,0.0,154407,方案/p2/n3/case_044_multicore_res.json,/Users/liyu/Desktop/中文题目/A题研究/advanced_solver/runs/formal_v2/evaluations/attempts/20260924T233155-58706cf7bd064c7eac49bccbe734aeef/record.json,/Users/liyu/Desktop/中文题目/A题研究/advanced_solver/runs/formal_v2/evaluations/attempts/20260924T233155-58706cf7bd064c7eac49bccbe734aeef/official_result.json.gz
case_044,2,4,44806,44806,1020512,1020512,0.0,154407,方案/p2/n4/case_044_multicore_res.json,/Users/liyu/Desktop/中文题目/A题研究/advanced_solver/runs/formal_v2/evaluations/attempts/20260924T233155-addc4e3ca89541dcb0803dc064441e20/record.json,/Users/liyu/Desktop/中文题目/A题研究/advanced_solver/runs/formal_v2/evaluations/attempts/20260924T233155-addc4e3ca89541dcb0803dc064441e20/official_result.json.gz
case_044,2,5,44806,44806,1020512,1020512,0.0,154407,方案/p2/n5/case_044_multicore_res.json,/Users/liyu/Desktop/中文题目/A题研究/直接迭代/运行结果/跨核继承_v1/evaluations/attempts/20260924T215823-25fcc1f74d3e48628780b1f996771730/record.json,/Users/liyu/Desktop/中文题目/A题研究/直接迭代/运行结果/跨核继承_v1/evaluations/attempts/20260924T215823-25fcc1f74d3e48628780b1f996771730/official_result.json.gz
case_044,3,1,107814,107814,4438112,4438112,0.0,154407,方案/p3/n1/case_044_multicore_res.json,/Users/liyu/Desktop/中文题目/A题研究/advanced_solver/runs/formal_v2/evaluations/attempts/20260924T234312-10b9c5ce51d446e4a75325e2644e9eeb/record.json,/Users/liyu/Desktop/中文题目/A题研究/advanced_solver/runs/formal_v2/evaluations/attempts/20260924T234312-10b9c5ce51d446e4a75325e2644e9eeb/official_result.json.gz
case_044,3,2,43843,43843,1021024,1021024,0.0,154407,方案/p3/n2/case_044_multicore_res.json,/Users/liyu/Desktop/中文题目/A题研究/advanced_solver/runs/formal_v2/evaluations/attempts/20260924T234020-b48b14644e164363909abfbc5a57b8c0/record.json,/Users/liyu/Desktop/中文题目/A题研究/advanced_solver/runs/formal_v2/evaluations/attempts/20260924T234020-b48b14644e164363909abfbc5a57b8c0/official_result.json.gz
case_044,3,3,43843,43843,1021024,1021024,0.0,154407,方案/p3/n3/case_044_multicore_res.json,/Users/liyu/Desktop/中文题目/A题研究/advanced_solver/runs/formal_v2/evaluations/attempts/20260924T235538-f9ba198bac96426da56dd28e0ef55bfe/record.json,/Users/liyu/Desktop/中文题目/A题研究/advanced_solver/runs/formal_v2/evaluations/attempts/20260924T235538-f9ba198bac96426da56dd28e0ef55bfe/official_result.json.gz
case_044,3,4,43843,43843,1021024,1021024,0.0,154407,方案/p3/n4/case_044_multicore_res.json,/Users/liyu/Desktop/中文题目/A题研究/advanced_solver/runs/formal_v2/evaluations/attempts/20260924T235539-355263159faa44a78d875c37b9120777/record.json,/Users/liyu/Desktop/中文题目/A题研究/advanced_solver/runs/formal_v2/evaluations/attempts/20260924T235539-355263159faa44a78d875c37b9120777/official_result.json.gz
case_044,3,5,43210,43210,1021280,1021280,0.0,154407,方案/p3/n5/case_044_multicore_res.json,/Users/liyu/Desktop/中文题目/A题研究/advanced_solver/runs/formal_v2/evaluations/attempts/20260925T112017-e9febc902eeb4ebeb42bc12e1141894d/record.json,/Users/liyu/Desktop/中文题目/A题研究/advanced_solver/runs/formal_v2/evaluations/attempts/20260925T112017-e9febc902eeb4ebeb42bc12e1141894d/official_result.json.gz
case_045,1,1,125852,125852,0,0,0.0,125614,方案/p1/n1/case_045_multicore_res.json,/Users/liyu/Desktop/中文题目/A题研究/advanced_solver/runs/formal_v2/evaluations/attempts/20260924T233946-72f2613d8df5463ba74729668ca9db1c/record.json,/Users/liyu/Desktop/中文题目/A题研究/advanced_solver/runs/formal_v2/evaluations/attempts/20260924T233946-72f2613d8df5463ba74729668ca9db1c/official_result.json.gz
case_045,1,2,63059,63059,0,0,0.0,125614,方案/p1/n2/case_045_multicore_res.json,/Users/liyu/Desktop/中文题目/A题研究/solver/runs/full_initial_v1/evaluations/attempts/20260924T095205-c7b1f77ee1dc4ff9a3b007c10452f660/record.json,/Users/liyu/Desktop/中文题目/A题研究/solver/runs/full_initial_v1/evaluations/attempts/20260924T095205-c7b1f77ee1dc4ff9a3b007c10452f660/official_result.json.gz
case_045,1,3,42452,42452,0,0,0.0,125614,方案/p1/n3/case_045_multicore_res.json,/Users/liyu/Desktop/中文题目/A题研究/advanced_solver/runs/formal_v2/evaluations/attempts/20260924T144141-3bca2ae9634542c0926d2d8e95b0b083/record.json,/Users/liyu/Desktop/中文题目/A题研究/advanced_solver/runs/formal_v2/evaluations/attempts/20260924T144141-3bca2ae9634542c0926d2d8e95b0b083/official_result.json.gz
case_045,1,4,31878,31878,0,0,0.0,125614,方案/p1/n4/case_045_multicore_res.json,/Users/liyu/Desktop/中文题目/A题研究/advanced_solver/runs/formal_v2/evaluations/attempts/20260924T144149-9ef0705f32d74e729c1b8d7031a5f3a3/record.json,/Users/liyu/Desktop/中文题目/A题研究/advanced_solver/runs/formal_v2/evaluations/attempts/20260924T144149-9ef0705f32d74e729c1b8d7031a5f3a3/official_result.json.gz
case_045,1,5,26153,26153,0,0,0.0,125614,方案/p1/n5/case_045_multicore_res.json,/Users/liyu/Desktop/中文题目/A题研究/advanced_solver/runs/formal_v2/evaluations/attempts/20260924T144159-dfa711f6811c4d0ca25b4e6aa97165a7/record.json,/Users/liyu/Desktop/中文题目/A题研究/advanced_solver/runs/formal_v2/evaluations/attempts/20260924T144159-dfa711f6811c4d0ca25b4e6aa97165a7/official_result.json.gz
case_045,2,1,125614,125614,0,0,0.0,125614,方案/p2/n1/case_045_multicore_res.json,/Users/liyu/Desktop/中文题目/A题研究/advanced_solver/runs/formal_v2/evaluations/attempts/20260924T234309-36a96f8bddca474ba7aa12cf130a6de5/record.json,/Users/liyu/Desktop/中文题目/A题研究/advanced_solver/runs/formal_v2/evaluations/attempts/20260924T234309-36a96f8bddca474ba7aa12cf130a6de5/official_result.json.gz
case_045,2,2,62983,62983,0,0,0.0,125614,方案/p2/n2/case_045_multicore_res.json,/Users/liyu/Desktop/中文题目/A题研究/advanced_solver/runs/formal_v2/evaluations/attempts/20260924T133100-37b9451b4e0744d9abd7467c68e41ba3/record.json,/Users/liyu/Desktop/中文题目/A题研究/advanced_solver/runs/formal_v2/evaluations/attempts/20260924T133100-37b9451b4e0744d9abd7467c68e41ba3/official_result.json.gz
case_045,2,3,42214,42214,0,0,0.0,125614,方案/p2/n3/case_045_multicore_res.json,/Users/liyu/Desktop/中文题目/A题研究/advanced_solver/runs/formal_v2/evaluations/attempts/20260924T133111-55119c38d7a54fd4b3ff9d3dad71865e/record.json,/Users/liyu/Desktop/中文题目/A题研究/advanced_solver/runs/formal_v2/evaluations/attempts/20260924T133111-55119c38d7a54fd4b3ff9d3dad71865e/official_result.json.gz
case_045,2,4,31878,31878,0,0,0.0,125614,方案/p2/n4/case_045_multicore_res.json,/Users/liyu/Desktop/中文题目/A题研究/advanced_solver/runs/formal_v2/evaluations/attempts/20260924T133122-cbac92f6340649a1bf7eb5feabc6da77/record.json,/Users/liyu/Desktop/中文题目/A题研究/advanced_solver/runs/formal_v2/evaluations/attempts/20260924T133122-cbac92f6340649a1bf7eb5feabc6da77/official_result.json.gz
case_045,2,5,25770,25770,0,0,0.0,125614,方案/p2/n5/case_045_multicore_res.json,/Users/liyu/Desktop/中文题目/A题研究/advanced_solver/runs/formal_v2/evaluations/attempts/20260924T133132-35014a2dc4104f148d4289ccda74d512/record.json,/Users/liyu/Desktop/中文题目/A题研究/advanced_solver/runs/formal_v2/evaluations/attempts/20260924T133132-35014a2dc4104f148d4289ccda74d512/official_result.json.gz
case_045,3,1,125614,125614,0,0,0.0,125614,方案/p3/n1/case_045_multicore_res.json,/Users/liyu/Desktop/中文题目/A题研究/advanced_solver/runs/formal_v2/evaluations/attempts/20260924T234309-bab9324874424e2db8254ebb4c41caf2/record.json,/Users/liyu/Desktop/中文题目/A题研究/advanced_solver/runs/formal_v2/evaluations/attempts/20260924T234309-bab9324874424e2db8254ebb4c41caf2/official_result.json.gz
case_045,3,2,62983,62983,0,0,0.0,125614,方案/p3/n2/case_045_multicore_res.json,/Users/liyu/Desktop/中文题目/A题研究/advanced_solver/runs/formal_v2/evaluations/attempts/20260924T144600-cc6a55ed19424a0c8e390f5da3994e05/record.json,/Users/liyu/Desktop/中文题目/A题研究/advanced_solver/runs/formal_v2/evaluations/attempts/20260924T144600-cc6a55ed19424a0c8e390f5da3994e05/official_result.json.gz
case_045,3,3,42214,42214,0,0,0.0,125614,方案/p3/n3/case_045_multicore_res.json,/Users/liyu/Desktop/中文题目/A题研究/advanced_solver/runs/formal_v2/evaluations/attempts/20260924T144610-428c637097fc4b1eb33d7ec0eb3c9c5a/record.json,/Users/liyu/Desktop/中文题目/A题研究/advanced_solver/runs/formal_v2/evaluations/attempts/20260924T144610-428c637097fc4b1eb33d7ec0eb3c9c5a/official_result.json.gz
case_045,3,4,31878,31878,0,0,0.0,125614,方案/p3/n4/case_045_multicore_res.json,/Users/liyu/Desktop/中文题目/A题研究/advanced_solver/runs/formal_v2/evaluations/attempts/20260924T144620-8750dc07b8224225b273d80897eabd10/record.json,/Users/liyu/Desktop/中文题目/A题研究/advanced_solver/runs/formal_v2/evaluations/attempts/20260924T144620-8750dc07b8224225b273d80897eabd10/official_result.json.gz
case_045,3,5,25770,25770,0,0,0.0,125614,方案/p3/n5/case_045_multicore_res.json,/Users/liyu/Desktop/中文题目/A题研究/advanced_solver/runs/formal_v2/evaluations/attempts/20260924T144632-a9aa85a8d6234f7db40cb8d153c50d65/record.json,/Users/liyu/Desktop/中文题目/A题研究/advanced_solver/runs/formal_v2/evaluations/attempts/20260924T144632-a9aa85a8d6234f7db40cb8d153c50d65/official_result.json.gz
case_046,1,1,276455,276455,3176288,3176288,0.0,276455,方案/p1/n1/case_046_multicore_res.json,/Users/liyu/Desktop/中文题目/A题研究/advanced_solver/runs/formal_v2/evaluations/attempts/20260924T233953-4c2b9bfdce914efca3dbbfc3a4c150e0/record.json,/Users/liyu/Desktop/中文题目/A题研究/advanced_solver/runs/formal_v2/evaluations/attempts/20260924T233953-4c2b9bfdce914efca3dbbfc3a4c150e0/official_result.json.gz
case_046,1,2,158876,158876,6512800,6512800,0.0,276455,方案/p1/n2/case_046_multicore_res.json,/Users/liyu/Desktop/中文题目/A题研究/solver/runs/full_initial_v1/evaluations/attempts/20260924T095211-38a70eabb3684d5fa9fecb36a89d45ee/record.json,/Users/liyu/Desktop/中文题目/A题研究/solver/runs/full_initial_v1/evaluations/attempts/20260924T095211-38a70eabb3684d5fa9fecb36a89d45ee/official_result.json.gz
case_046,1,3,133411,133411,5513376,5513376,0.0,276455,方案/p1/n3/case_046_multicore_res.json,/Users/liyu/Desktop/中文题目/A题研究/advanced_solver/runs/formal_v2/evaluations/attempts/20260924T144213-885216cf282c419cbd70964a1adc5ad9/record.json,/Users/liyu/Desktop/中文题目/A题研究/advanced_solver/runs/formal_v2/evaluations/attempts/20260924T144213-885216cf282c419cbd70964a1adc5ad9/official_result.json.gz
case_046,1,4,124612,124612,4513952,4513952,0.0,276455,方案/p1/n4/case_046_multicore_res.json,/Users/liyu/Desktop/中文题目/A题研究/advanced_solver/runs/formal_v2/evaluations/attempts/20260924T144217-cfb7c3ef97394df3bb4389e9699bc3be/record.json,/Users/liyu/Desktop/中文题目/A题研究/advanced_solver/runs/formal_v2/evaluations/attempts/20260924T144217-cfb7c3ef97394df3bb4389e9699bc3be/official_result.json.gz
case_046,1,5,124612,124612,4513952,4513952,0.0,276455,方案/p1/n5/case_046_multicore_res.json,/Users/liyu/Desktop/中文题目/A题研究/advanced_solver/runs/formal_v2/evaluations/attempts/20260924T144222-6b9db8bc1e52404ab7dfa1eb1036be6c/record.json,/Users/liyu/Desktop/中文题目/A题研究/advanced_solver/runs/formal_v2/evaluations/attempts/20260924T144222-6b9db8bc1e52404ab7dfa1eb1036be6c/official_result.json.gz
case_046,2,1,276455,276455,3176288,3176288,0.0,276455,方案/p2/n1/case_046_multicore_res.json,/Users/liyu/Desktop/中文题目/A题研究/advanced_solver/runs/formal_v2/evaluations/attempts/20260924T234319-5b39ed4ae5bd4fea877a2956625bd499/record.json,/Users/liyu/Desktop/中文题目/A题研究/advanced_solver/runs/formal_v2/evaluations/attempts/20260924T234319-5b39ed4ae5bd4fea877a2956625bd499/official_result.json.gz
case_046,2,2,105690,105690,930400,930400,0.0,276455,方案/p2/n2/case_046_multicore_res.json,/Users/liyu/Desktop/中文题目/A题研究/advanced_solver/runs/formal_v2/evaluations/attempts/20260924T133137-478a5d147fdb434daab3589019cdbcf2/record.json,/Users/liyu/Desktop/中文题目/A题研究/advanced_solver/runs/formal_v2/evaluations/attempts/20260924T133137-478a5d147fdb434daab3589019cdbcf2/official_result.json.gz
case_046,2,3,97230,97004,2502848,2356416,0.23243854777331707,276455,方案/p2/n3/case_046_multicore_res.json,/Users/liyu/Desktop/中文题目/A题研究/advanced_solver/runs/formal_v2/evaluations/attempts/20260925T180350-dca2479386984db7bf4a85ac6a2817f1/record.json,/Users/liyu/Desktop/中文题目/A题研究/advanced_solver/runs/formal_v2/evaluations/attempts/20260925T180350-dca2479386984db7bf4a85ac6a2817f1/official_result.json.gz
case_046,2,4,78100,78100,2791200,2791200,0.0,276455,方案/p2/n4/case_046_multicore_res.json,/Users/liyu/Desktop/中文题目/A题研究/advanced_solver/runs/formal_v2/evaluations/attempts/20260924T133155-e089c9437bdf432aac39e2ead37b6229/record.json,/Users/liyu/Desktop/中文题目/A题研究/advanced_solver/runs/formal_v2/evaluations/attempts/20260924T133155-e089c9437bdf432aac39e2ead37b6229/official_result.json.gz
case_046,2,5,77211,76824,2582304,2512672,0.5012239188716627,276455,方案/p2/n5/case_046_multicore_res.json,/Users/liyu/Desktop/中文题目/A题研究/advanced_solver/runs/formal_v2/evaluations/attempts/20260925T175706-afd35243dd9140f6a310a4086190bb70/record.json,/Users/liyu/Desktop/中文题目/A题研究/advanced_solver/runs/formal_v2/evaluations/attempts/20260925T175706-afd35243dd9140f6a310a4086190bb70/official_result.json.gz
case_046,3,1,244994,244994,3176288,3176288,0.0,276455,方案/p3/n1/case_046_multicore_res.json,/Users/liyu/Desktop/中文题目/A题研究/advanced_solver/runs/formal_v2/evaluations/attempts/20260924T234319-9ca430d5d9a24522b93946f440605ab0/record.json,/Users/liyu/Desktop/中文题目/A题研究/advanced_solver/runs/formal_v2/evaluations/attempts/20260924T234319-9ca430d5d9a24522b93946f440605ab0/official_result.json.gz
case_046,3,2,105690,105690,930400,930400,0.0,276455,方案/p3/n2/case_046_multicore_res.json,/Users/liyu/Desktop/中文题目/A题研究/advanced_solver/runs/formal_v2/evaluations/attempts/20260924T144645-a02b0689a3694ad99ed285bda87c995b/record.json,/Users/liyu/Desktop/中文题目/A题研究/advanced_solver/runs/formal_v2/evaluations/attempts/20260924T144645-a02b0689a3694ad99ed285bda87c995b/official_result.json.gz
case_046,3,3,92874,91054,2435264,2356416,1.9596442491978339,276455,方案/p3/n3/case_046_multicore_res.json,/Users/liyu/Desktop/中文题目/A题研究/advanced_solver/runs/formal_v2/evaluations/attempts/20260925T180234-de62ba9fcfb348feacedc0e1cea19d7f/record.json,/Users/liyu/Desktop/中文题目/A题研究/advanced_solver/runs/formal_v2/evaluations/attempts/20260925T180234-de62ba9fcfb348feacedc0e1cea19d7f/official_result.json.gz
case_046,3,4,77208,58678,2721568,2582304,24.00010361620557,276455,方案/p3/n4/case_046_multicore_res.json,/Users/liyu/Desktop/中文题目/A题研究/advanced_solver/runs/formal_v2/evaluations/attempts/20260925T180233-c54e28aa7eb44392a1975ad8e796fc84/record.json,/Users/liyu/Desktop/中文题目/A题研究/advanced_solver/runs/formal_v2/evaluations/attempts/20260925T180233-c54e28aa7eb44392a1975ad8e796fc84/official_result.json.gz
case_046,3,5,73405,58678,2582304,2582304,20.062666030924326,276455,方案/p3/n5/case_046_multicore_res.json,/Users/liyu/Desktop/中文题目/A题研究/advanced_solver/runs/formal_v2/evaluations/attempts/20260925T180353-bc441b98ee69411ca03e534288431a37/record.json,/Users/liyu/Desktop/中文题目/A题研究/advanced_solver/runs/formal_v2/evaluations/attempts/20260925T180353-bc441b98ee69411ca03e534288431a37/official_result.json.gz
case_047,1,1,323254,323254,501350,501350,0.0,326508,方案/p1/n1/case_047_multicore_res.json,/Users/liyu/Desktop/中文题目/A题研究/advanced_solver/runs/formal_v2/evaluations/attempts/20260924T233832-9ecf036f519449a98d97955770832cfb/record.json,/Users/liyu/Desktop/中文题目/A题研究/advanced_solver/runs/formal_v2/evaluations/attempts/20260924T233832-9ecf036f519449a98d97955770832cfb/official_result.json.gz
case_047,1,2,319012,319012,1051490,1051490,0.0,326508,方案/p1/n2/case_047_multicore_res.json,/Users/liyu/Desktop/中文题目/A题研究/advanced_solver/runs/formal_v2/evaluations/attempts/20260925T173344-668c21306dd44a2a9f3e57926646ece3/record.json,/Users/liyu/Desktop/中文题目/A题研究/advanced_solver/runs/formal_v2/evaluations/attempts/20260925T173344-668c21306dd44a2a9f3e57926646ece3/official_result.json.gz
case_047,1,3,219173,219173,3421374,3421374,0.0,326508,方案/p1/n3/case_047_multicore_res.json,/Users/liyu/Desktop/中文题目/A题研究/advanced_solver/runs/formal_v2/evaluations/attempts/20260925T173450-b5de26da05df4ff2987fb943a78a0cdc/record.json,/Users/liyu/Desktop/中文题目/A题研究/advanced_solver/runs/formal_v2/evaluations/attempts/20260925T173450-b5de26da05df4ff2987fb943a78a0cdc/official_result.json.gz
case_047,1,4,190683,190683,3231082,3231082,0.0,326508,方案/p1/n4/case_047_multicore_res.json,/Users/liyu/Desktop/中文题目/A题研究/advanced_solver/runs/formal_v2/evaluations/attempts/20260925T173518-3a269d9c442d41cb8872f7a02e3c5ba6/record.json,/Users/liyu/Desktop/中文题目/A题研究/advanced_solver/runs/formal_v2/evaluations/attempts/20260925T173518-3a269d9c442d41cb8872f7a02e3c5ba6/official_result.json.gz
case_047,1,5,190683,190683,3231082,3231082,0.0,326508,方案/p1/n5/case_047_multicore_res.json,/Users/liyu/Desktop/中文题目/A题研究/advanced_solver/runs/formal_v2/evaluations/attempts/20260925T173910-3f942ab7688c49b2bb045cc60c8ae622/record.json,/Users/liyu/Desktop/中文题目/A题研究/advanced_solver/runs/formal_v2/evaluations/attempts/20260925T173910-3f942ab7688c49b2bb045cc60c8ae622/official_result.json.gz
case_047,2,1,326508,326508,0,0,0.0,326508,方案/p2/n1/case_047_multicore_res.json,/Users/liyu/Desktop/中文题目/A题研究/advanced_solver/runs/formal_v2/evaluations/attempts/20260924T234112-0dd1a0fb976c46b3838fa91ccf628d58/record.json,/Users/liyu/Desktop/中文题目/A题研究/advanced_solver/runs/formal_v2/evaluations/attempts/20260924T234112-0dd1a0fb976c46b3838fa91ccf628d58/official_result.json.gz
case_047,2,2,185848,185848,902790,902790,0.0,326508,方案/p2/n2/case_047_multicore_res.json,/Users/liyu/Desktop/中文题目/A题研究/advanced_solver/runs/formal_v2/evaluations/attempts/20260924T233636-0b3f5f61f604479c89d597efc43b1e83/record.json,/Users/liyu/Desktop/中文题目/A题研究/advanced_solver/runs/formal_v2/evaluations/attempts/20260924T233636-0b3f5f61f604479c89d597efc43b1e83/official_result.json.gz
case_047,2,3,128075,128075,1560748,1560748,0.0,326508,方案/p2/n3/case_047_multicore_res.json,/Users/liyu/Desktop/中文题目/A题研究/advanced_solver/runs/formal_v2/evaluations/attempts/20260924T233640-83e8518bcc8940f3851a9930be1edec2/record.json,/Users/liyu/Desktop/中文题目/A题研究/advanced_solver/runs/formal_v2/evaluations/attempts/20260924T233640-83e8518bcc8940f3851a9930be1edec2/official_result.json.gz
case_047,2,4,110320,110320,2112370,2112370,0.0,326508,方案/p2/n4/case_047_multicore_res.json,/Users/liyu/Desktop/中文题目/A题研究/advanced_solver/runs/formal_v2/evaluations/attempts/20260924T233642-825ac19a4aef49dcb1b59460d0c38667/record.json,/Users/liyu/Desktop/中文题目/A题研究/advanced_solver/runs/formal_v2/evaluations/attempts/20260924T233642-825ac19a4aef49dcb1b59460d0c38667/official_result.json.gz
case_047,2,5,95504,95504,2651832,2651832,0.0,326508,方案/p2/n5/case_047_multicore_res.json,/Users/liyu/Desktop/中文题目/A题研究/advanced_solver/runs/formal_v2/evaluations/attempts/20260924T220709-5783a72a049e467eb174fb91e0555479/record.json,/Users/liyu/Desktop/中文题目/A题研究/advanced_solver/runs/formal_v2/evaluations/attempts/20260924T220709-5783a72a049e467eb174fb91e0555479/official_result.json.gz
case_047,3,1,326508,326508,0,0,0.0,326508,方案/p3/n1/case_047_multicore_res.json,/Users/liyu/Desktop/中文题目/A题研究/advanced_solver/runs/formal_v2/evaluations/attempts/20260924T234115-9b42a951ad38426c8cc843654e25763d/record.json,/Users/liyu/Desktop/中文题目/A题研究/advanced_solver/runs/formal_v2/evaluations/attempts/20260924T234115-9b42a951ad38426c8cc843654e25763d/official_result.json.gz
case_047,3,2,185722,185722,902790,902790,0.0,326508,方案/p3/n2/case_047_multicore_res.json,/Users/liyu/Desktop/中文题目/A题研究/advanced_solver/runs/formal_v2/evaluations/attempts/20260924T144930-815cf8a8c83449a2bb1c228d88402354/record.json,/Users/liyu/Desktop/中文题目/A题研究/advanced_solver/runs/formal_v2/evaluations/attempts/20260924T144930-815cf8a8c83449a2bb1c228d88402354/official_result.json.gz
case_047,3,3,127936,127936,1560748,1560748,0.0,326508,方案/p3/n3/case_047_multicore_res.json,/Users/liyu/Desktop/中文题目/A题研究/advanced_solver/runs/formal_v2/evaluations/attempts/20260924T145214-77e5cb975bf24787910e55a4195aa903/record.json,/Users/liyu/Desktop/中文题目/A题研究/advanced_solver/runs/formal_v2/evaluations/attempts/20260924T145214-77e5cb975bf24787910e55a4195aa903/official_result.json.gz
case_047,3,4,109306,109306,2112370,2112370,0.0,326508,方案/p3/n4/case_047_multicore_res.json,/Users/liyu/Desktop/中文题目/A题研究/advanced_solver/runs/formal_v2/evaluations/attempts/20260924T145459-268ef85efef24dfc90419139699490e6/record.json,/Users/liyu/Desktop/中文题目/A题研究/advanced_solver/runs/formal_v2/evaluations/attempts/20260924T145459-268ef85efef24dfc90419139699490e6/official_result.json.gz
case_047,3,5,93036,93036,2651832,2651832,0.0,326508,方案/p3/n5/case_047_multicore_res.json,/Users/liyu/Desktop/中文题目/A题研究/advanced_solver/runs/formal_v2/evaluations/attempts/20260925T152005-d875022df5e34cf2aac6dede247e5567/record.json,/Users/liyu/Desktop/中文题目/A题研究/advanced_solver/runs/formal_v2/evaluations/attempts/20260925T152005-d875022df5e34cf2aac6dede247e5567/official_result.json.gz
case_048,1,1,222532,222532,42438,42438,0.0,222220,方案/p1/n1/case_048_multicore_res.json,/Users/liyu/Desktop/中文题目/A题研究/advanced_solver/runs/formal_v2/evaluations/attempts/20260924T233945-f6b98d83bd284df1adb72fd152fb2f83/record.json,/Users/liyu/Desktop/中文题目/A题研究/advanced_solver/runs/formal_v2/evaluations/attempts/20260924T233945-f6b98d83bd284df1adb72fd152fb2f83/official_result.json.gz
case_048,1,2,222220,222220,0,0,0.0,222220,方案/p1/n2/case_048_multicore_res.json,/Users/liyu/Desktop/中文题目/A题研究/solver/runs/full_initial_v1/evaluations/attempts/20260924T095327-bfa3982367ec4a51855f778c861c4ee2/record.json,/Users/liyu/Desktop/中文题目/A题研究/solver/runs/full_initial_v1/evaluations/attempts/20260924T095327-bfa3982367ec4a51855f778c861c4ee2/official_result.json.gz
case_048,1,3,122039,122039,1391956,1391956,0.0,222220,方案/p1/n3/case_048_multicore_res.json,/Users/liyu/Desktop/中文题目/A题研究/advanced_solver/runs/formal_v2/evaluations/attempts/20260925T173142-38f9b7ac9ed842399389a323c5b8a068/record.json,/Users/liyu/Desktop/中文题目/A题研究/advanced_solver/runs/formal_v2/evaluations/attempts/20260925T173142-38f9b7ac9ed842399389a323c5b8a068/official_result.json.gz
case_048,1,4,119999,119999,1391956,1391956,0.0,222220,方案/p1/n4/case_048_multicore_res.json,/Users/liyu/Desktop/中文题目/A题研究/advanced_solver/runs/formal_v2/evaluations/attempts/20260925T173145-0f8bcbb4c0a04be29b5bd3346a0d11e1/record.json,/Users/liyu/Desktop/中文题目/A题研究/advanced_solver/runs/formal_v2/evaluations/attempts/20260925T173145-0f8bcbb4c0a04be29b5bd3346a0d11e1/official_result.json.gz
case_048,1,5,119999,119999,1391956,1391956,0.0,222220,方案/p1/n5/case_048_multicore_res.json,/Users/liyu/Desktop/中文题目/A题研究/advanced_solver/runs/formal_v2/evaluations/attempts/20260925T173910-8f898e665e874214bf37d6fbbe7569d4/record.json,/Users/liyu/Desktop/中文题目/A题研究/advanced_solver/runs/formal_v2/evaluations/attempts/20260925T173910-8f898e665e874214bf37d6fbbe7569d4/official_result.json.gz
case_048,2,1,222220,222220,0,0,0.0,222220,方案/p2/n1/case_048_multicore_res.json,/Users/liyu/Desktop/中文题目/A题研究/advanced_solver/runs/formal_v2/evaluations/attempts/20260924T234307-242180c508d74f30a11a82e175c5c736/record.json,/Users/liyu/Desktop/中文题目/A题研究/advanced_solver/runs/formal_v2/evaluations/attempts/20260924T234307-242180c508d74f30a11a82e175c5c736/official_result.json.gz
case_048,2,2,114065,114065,479718,479718,0.0,222220,方案/p2/n2/case_048_multicore_res.json,/Users/liyu/Desktop/中文题目/A题研究/advanced_solver/runs/formal_v2/evaluations/attempts/20260924T133716-37f7688dc93e4b9d8e0bd5a1a12d00ac/record.json,/Users/liyu/Desktop/中文题目/A题研究/advanced_solver/runs/formal_v2/evaluations/attempts/20260924T133716-37f7688dc93e4b9d8e0bd5a1a12d00ac/official_result.json.gz
case_048,2,3,103645,103645,725004,725004,0.0,222220,方案/p2/n3/case_048_multicore_res.json,/Users/liyu/Desktop/中文题目/A题研究/advanced_solver/runs/formal_v2/evaluations/attempts/20260924T133735-f3ddd3a2decf47409a652a4771d2b053/record.json,/Users/liyu/Desktop/中文题目/A题研究/advanced_solver/runs/formal_v2/evaluations/attempts/20260924T133735-f3ddd3a2decf47409a652a4771d2b053/official_result.json.gz
case_048,2,4,102067,102067,792656,792656,0.0,222220,方案/p2/n4/case_048_multicore_res.json,/Users/liyu/Desktop/中文题目/A题研究/advanced_solver/runs/formal_v2/evaluations/attempts/20260924T133750-9c922193d7d24adb96d997443182d508/record.json,/Users/liyu/Desktop/中文题目/A题研究/advanced_solver/runs/formal_v2/evaluations/attempts/20260924T133750-9c922193d7d24adb96d997443182d508/official_result.json.gz
case_048,2,5,98594,98594,1236440,1236440,0.0,222220,方案/p2/n5/case_048_multicore_res.json,/Users/liyu/Desktop/中文题目/A题研究/advanced_solver/runs/formal_v2/evaluations/attempts/20260925T173919-695f40fb663246fcb8388dbd51ba34e9/record.json,/Users/liyu/Desktop/中文题目/A题研究/advanced_solver/runs/formal_v2/evaluations/attempts/20260925T173919-695f40fb663246fcb8388dbd51ba34e9/official_result.json.gz
case_048,3,1,222220,222220,0,0,0.0,222220,方案/p3/n1/case_048_multicore_res.json,/Users/liyu/Desktop/中文题目/A题研究/advanced_solver/runs/formal_v2/evaluations/attempts/20260924T234307-e1308cc02be84658a258b982aabdff4e/record.json,/Users/liyu/Desktop/中文题目/A题研究/advanced_solver/runs/formal_v2/evaluations/attempts/20260924T234307-e1308cc02be84658a258b982aabdff4e/official_result.json.gz
case_048,3,2,114065,114065,479718,479718,0.0,222220,方案/p3/n2/case_048_multicore_res.json,/Users/liyu/Desktop/中文题目/A题研究/advanced_solver/runs/formal_v2/evaluations/attempts/20260924T145517-d65fa74616534f5688381a08d661b789/record.json,/Users/liyu/Desktop/中文题目/A题研究/advanced_solver/runs/formal_v2/evaluations/attempts/20260924T145517-d65fa74616534f5688381a08d661b789/official_result.json.gz
case_048,3,3,103311,103311,725004,725004,0.0,222220,方案/p3/n3/case_048_multicore_res.json,/Users/liyu/Desktop/中文题目/A题研究/advanced_solver/runs/formal_v2/evaluations/attempts/20260924T234025-56308a008a3a4562949af5d054d62ee8/record.json,/Users/liyu/Desktop/中文题目/A题研究/advanced_solver/runs/formal_v2/evaluations/attempts/20260924T234025-56308a008a3a4562949af5d054d62ee8/official_result.json.gz
case_048,3,4,101542,101542,792656,792656,0.0,222220,方案/p3/n4/case_048_multicore_res.json,/Users/liyu/Desktop/中文题目/A题研究/advanced_solver/runs/formal_v2/evaluations/attempts/20260924T234025-83510cda4846443788d6a32a9b717dc0/record.json,/Users/liyu/Desktop/中文题目/A题研究/advanced_solver/runs/formal_v2/evaluations/attempts/20260924T234025-83510cda4846443788d6a32a9b717dc0/official_result.json.gz
case_048,3,5,98366,98366,1236440,1236440,0.0,222220,方案/p3/n5/case_048_multicore_res.json,/Users/liyu/Desktop/中文题目/A题研究/advanced_solver/runs/formal_v2/evaluations/attempts/20260925T172333-94e74fe261fb4a2bb9ce3d62a159c31f/record.json,/Users/liyu/Desktop/中文题目/A题研究/advanced_solver/runs/formal_v2/evaluations/attempts/20260925T172333-94e74fe261fb4a2bb9ce3d62a159c31f/official_result.json.gz
case_049,1,1,196276,196276,0,0,0.0,196276,方案/p1/n1/case_049_multicore_res.json,/Users/liyu/Desktop/中文题目/A题研究/solver/runs/pilot_fullpool_v2/evaluations/attempts/20260924T093940-b1716e2f01a7487fbadef67d00e2f049/record.json,/Users/liyu/Desktop/中文题目/A题研究/solver/runs/pilot_fullpool_v2/evaluations/attempts/20260924T093811-56e1a29ec5d14da58a47aaa54e1292b0/official_result.json.gz
case_049,1,2,160206,160206,0,0,0.0,196276,方案/p1/n2/case_049_multicore_res.json,/Users/liyu/Desktop/中文题目/A题研究/solver/runs/full_initial_v1/evaluations/attempts/20260924T095336-3e5c1ab9ecc74273b67061045a5252fd/record.json,/Users/liyu/Desktop/中文题目/A题研究/solver/runs/full_initial_v1/evaluations/attempts/20260924T095336-3e5c1ab9ecc74273b67061045a5252fd/official_result.json.gz
case_049,1,3,142360,142360,746906,746906,0.0,196276,方案/p1/n3/case_049_multicore_res.json,/Users/liyu/Desktop/中文题目/A题研究/advanced_solver/runs/formal_v2/evaluations/attempts/20260924T234302-68328f9b820941d68a4b1fea7c4b376d/record.json,/Users/liyu/Desktop/中文题目/A题研究/advanced_solver/runs/formal_v2/evaluations/attempts/20260924T234302-68328f9b820941d68a4b1fea7c4b376d/official_result.json.gz
case_049,1,4,141356,141356,353564,353564,0.0,196276,方案/p1/n4/case_049_multicore_res.json,/Users/liyu/Desktop/中文题目/A题研究/advanced_solver/runs/formal_v2/evaluations/attempts/20260924T234309-509e2add0b3d4bf7bbf17d4fd4d0156c/record.json,/Users/liyu/Desktop/中文题目/A题研究/advanced_solver/runs/formal_v2/evaluations/attempts/20260924T234309-509e2add0b3d4bf7bbf17d4fd4d0156c/official_result.json.gz
case_049,1,5,86941,86941,2643504,2643504,0.0,196276,方案/p1/n5/case_049_multicore_res.json,/Users/liyu/Desktop/中文题目/A题研究/advanced_solver/runs/formal_v2/evaluations/attempts/20260925T173159-d142157339c24c10aa9141ab19497a29/record.json,/Users/liyu/Desktop/中文题目/A题研究/advanced_solver/runs/formal_v2/evaluations/attempts/20260925T173159-d142157339c24c10aa9141ab19497a29/official_result.json.gz
case_049,2,1,196276,196276,0,0,0.0,196276,方案/p2/n1/case_049_multicore_res.json,/Users/liyu/Desktop/中文题目/A题研究/solver/runs/pilot_fullpool_v2/evaluations/attempts/20260924T093940-cb0ce7f83ce64d10b5d8947dd258b9d8/record.json,/Users/liyu/Desktop/中文题目/A题研究/solver/runs/pilot_fullpool_v2/evaluations/attempts/20260924T093908-74223b16233242e395146e76d68fb0ae/official_result.json.gz
case_049,2,2,121112,121112,3169338,3169338,0.0,196276,方案/p2/n2/case_049_multicore_res.json,/Users/liyu/Desktop/中文题目/A题研究/advanced_solver/runs/formal_v2/evaluations/attempts/20260924T235410-f3995b00b89d4e9aac1999ecc5195a98/record.json,/Users/liyu/Desktop/中文题目/A题研究/advanced_solver/runs/formal_v2/evaluations/attempts/20260924T235410-f3995b00b89d4e9aac1999ecc5195a98/official_result.json.gz
case_049,2,3,93625,93625,3835440,3835440,0.0,196276,方案/p2/n3/case_049_multicore_res.json,/Users/liyu/Desktop/中文题目/A题研究/advanced_solver/runs/formal_v2/evaluations/attempts/20260924T235410-c454199e8bc8472b88837642c168f4f2/record.json,/Users/liyu/Desktop/中文题目/A题研究/advanced_solver/runs/formal_v2/evaluations/attempts/20260924T235410-c454199e8bc8472b88837642c168f4f2/official_result.json.gz
case_049,2,4,93550,93550,4523478,4523478,0.0,196276,方案/p2/n4/case_049_multicore_res.json,/Users/liyu/Desktop/中文题目/A题研究/advanced_solver/runs/formal_v2/evaluations/attempts/20260924T134012-1cb139731bfd46319baf1e61da811fa1/record.json,/Users/liyu/Desktop/中文题目/A题研究/advanced_solver/runs/formal_v2/evaluations/attempts/20260924T134012-1cb139731bfd46319baf1e61da811fa1/official_result.json.gz
case_049,2,5,59914,59914,1782112,1782112,0.0,196276,方案/p2/n5/case_049_multicore_res.json,/Users/liyu/Desktop/中文题目/A题研究/advanced_solver/runs/formal_v2/evaluations/attempts/20260924T134045-49b779fc10b7447c8043582a6435dd40/record.json,/Users/liyu/Desktop/中文题目/A题研究/advanced_solver/runs/formal_v2/evaluations/attempts/20260924T134045-49b779fc10b7447c8043582a6435dd40/official_result.json.gz
case_049,3,1,196276,196276,0,0,0.0,196276,方案/p3/n1/case_049_multicore_res.json,/Users/liyu/Desktop/中文题目/A题研究/solver/runs/pilot_fullpool_v2/evaluations/attempts/20260924T093940-8fc3c7beaf2d40e8974c394542662750/record.json,/Users/liyu/Desktop/中文题目/A题研究/solver/runs/pilot_fullpool_v2/evaluations/attempts/20260924T093924-87094b3d52e34f4b9d8976f933981147/official_result.json.gz
case_049,3,2,121088,121088,3169338,3169338,0.0,196276,方案/p3/n2/case_049_multicore_res.json,/Users/liyu/Desktop/中文题目/A题研究/advanced_solver/runs/formal_v2/evaluations/attempts/20260924T234051-65d1efd9f37742658f567184dce61718/record.json,/Users/liyu/Desktop/中文题目/A题研究/advanced_solver/runs/formal_v2/evaluations/attempts/20260924T234051-65d1efd9f37742658f567184dce61718/official_result.json.gz
case_049,3,3,91236,91236,3835440,3835440,0.0,196276,方案/p3/n3/case_049_multicore_res.json,/Users/liyu/Desktop/中文题目/A题研究/advanced_solver/runs/formal_v2/evaluations/attempts/20260924T234055-d00cda8aedde4d2ab0e7479b84be52b5/record.json,/Users/liyu/Desktop/中文题目/A题研究/advanced_solver/runs/formal_v2/evaluations/attempts/20260924T234055-d00cda8aedde4d2ab0e7479b84be52b5/official_result.json.gz
case_049,3,4,88719,88719,4523478,4523478,0.0,196276,方案/p3/n4/case_049_multicore_res.json,/Users/liyu/Desktop/中文题目/A题研究/advanced_solver/runs/formal_v2/evaluations/attempts/20260924T145809-fdd63b45265d4dc9af1ce7f69f88a6e9/record.json,/Users/liyu/Desktop/中文题目/A题研究/advanced_solver/runs/formal_v2/evaluations/attempts/20260924T145809-fdd63b45265d4dc9af1ce7f69f88a6e9/official_result.json.gz
case_049,3,5,59456,59456,1786208,1786208,0.0,196276,方案/p3/n5/case_049_multicore_res.json,/Users/liyu/Desktop/中文题目/A题研究/advanced_solver/runs/formal_v2/evaluations/attempts/20260924T220225-2137dc54f0a748149006a711cefb01ec/record.json,/Users/liyu/Desktop/中文题目/A题研究/advanced_solver/runs/formal_v2/evaluations/attempts/20260924T220225-2137dc54f0a748149006a711cefb01ec/official_result.json.gz
case_050,1,1,149552,149552,96048,96048,0.0,149690,方案/p1/n1/case_050_multicore_res.json,/Users/liyu/Desktop/中文题目/A题研究/advanced_solver/runs/formal_v2/evaluations/attempts/20260924T233931-9f4fc9b2d94a46f8baf7549147478945/record.json,/Users/liyu/Desktop/中文题目/A题研究/advanced_solver/runs/formal_v2/evaluations/attempts/20260924T233931-9f4fc9b2d94a46f8baf7549147478945/official_result.json.gz
case_050,1,2,102445,102445,64082,64082,0.0,149690,方案/p1/n2/case_050_multicore_res.json,/Users/liyu/Desktop/中文题目/A题研究/advanced_solver/runs/formal_v2/evaluations/attempts/20260924T234333-7ae10f63f60841efaa1ce5a9583a3f69/record.json,/Users/liyu/Desktop/中文题目/A题研究/advanced_solver/runs/formal_v2/evaluations/attempts/20260924T234333-7ae10f63f60841efaa1ce5a9583a3f69/official_result.json.gz
case_050,1,3,91511,91511,466052,466052,0.0,149690,方案/p1/n3/case_050_multicore_res.json,/Users/liyu/Desktop/中文题目/A题研究/advanced_solver/runs/formal_v2/evaluations/attempts/20260924T234333-ddf7dc011c7d4d888b57aae3c2abf162/record.json,/Users/liyu/Desktop/中文题目/A题研究/advanced_solver/runs/formal_v2/evaluations/attempts/20260924T234333-ddf7dc011c7d4d888b57aae3c2abf162/official_result.json.gz
case_050,1,4,91511,91511,466052,466052,0.0,149690,方案/p1/n4/case_050_multicore_res.json,/Users/liyu/Desktop/中文题目/A题研究/advanced_solver/runs/formal_v2/evaluations/attempts/20260924T235537-b048ab2ac5814878a2a13c98bd18b6aa/record.json,/Users/liyu/Desktop/中文题目/A题研究/advanced_solver/runs/formal_v2/evaluations/attempts/20260924T235537-b048ab2ac5814878a2a13c98bd18b6aa/official_result.json.gz
case_050,1,5,77776,77776,907036,907036,0.0,149690,方案/p1/n5/case_050_multicore_res.json,/Users/liyu/Desktop/中文题目/A题研究/advanced_solver/runs/formal_v2/evaluations/attempts/20260925T015741-540c8a7043b442ebad130076ddd0e328/record.json,/Users/liyu/Desktop/中文题目/A题研究/advanced_solver/runs/formal_v2/evaluations/attempts/20260925T015741-540c8a7043b442ebad130076ddd0e328/official_result.json.gz
case_050,2,1,149690,149690,0,0,0.0,149690,方案/p2/n1/case_050_multicore_res.json,/Users/liyu/Desktop/中文题目/A题研究/advanced_solver/runs/formal_v2/evaluations/attempts/20260924T234245-69a582dd75534e49af8854d5b0eab2db/record.json,/Users/liyu/Desktop/中文题目/A题研究/advanced_solver/runs/formal_v2/evaluations/attempts/20260924T234245-69a582dd75534e49af8854d5b0eab2db/official_result.json.gz
case_050,2,2,88024,88024,950954,950954,0.0,149690,方案/p2/n2/case_050_multicore_res.json,/Users/liyu/Desktop/中文题目/A题研究/advanced_solver/runs/formal_v2/evaluations/attempts/20260924T235403-c7db0e24b6974e5da356461f70ee0200/record.json,/Users/liyu/Desktop/中文题目/A题研究/advanced_solver/runs/formal_v2/evaluations/attempts/20260924T235403-c7db0e24b6974e5da356461f70ee0200/official_result.json.gz
case_050,2,3,56006,56006,1214252,1214252,0.0,149690,方案/p2/n3/case_050_multicore_res.json,/Users/liyu/Desktop/中文题目/A题研究/advanced_solver/runs/formal_v2/evaluations/attempts/20260924T233818-e2cc39ba58e34e36b5dbdc13ca70d3f2/record.json,/Users/liyu/Desktop/中文题目/A题研究/advanced_solver/runs/formal_v2/evaluations/attempts/20260924T233818-e2cc39ba58e34e36b5dbdc13ca70d3f2/official_result.json.gz
case_050,2,4,56006,56006,1214252,1214252,0.0,149690,方案/p2/n4/case_050_multicore_res.json,/Users/liyu/Desktop/中文题目/A题研究/advanced_solver/runs/formal_v2/evaluations/attempts/20260924T233819-8e9b34c4a4424218b8a87a9872574070/record.json,/Users/liyu/Desktop/中文题目/A题研究/advanced_solver/runs/formal_v2/evaluations/attempts/20260924T233819-8e9b34c4a4424218b8a87a9872574070/official_result.json.gz
case_050,2,5,48502,48502,1481220,1481220,0.0,149690,方案/p2/n5/case_050_multicore_res.json,/Users/liyu/Desktop/中文题目/A题研究/advanced_solver/runs/formal_v2/evaluations/attempts/20260924T220712-b1af8359256347cc9b389b9268c8fcc5/record.json,/Users/liyu/Desktop/中文题目/A题研究/advanced_solver/runs/formal_v2/evaluations/attempts/20260924T220712-b1af8359256347cc9b389b9268c8fcc5/official_result.json.gz
case_050,3,1,149690,149690,0,0,0.0,149690,方案/p3/n1/case_050_multicore_res.json,/Users/liyu/Desktop/中文题目/A题研究/advanced_solver/runs/formal_v2/evaluations/attempts/20260924T234246-a0cc7641034a4dd3ad33932e39518744/record.json,/Users/liyu/Desktop/中文题目/A题研究/advanced_solver/runs/formal_v2/evaluations/attempts/20260924T234246-a0cc7641034a4dd3ad33932e39518744/official_result.json.gz
case_050,3,2,87754,87754,950954,950954,0.0,149690,方案/p3/n2/case_050_multicore_res.json,/Users/liyu/Desktop/中文题目/A题研究/advanced_solver/runs/formal_v2/evaluations/attempts/20260924T234111-1403addb89854bcd895d33e470ac5aa4/record.json,/Users/liyu/Desktop/中文题目/A题研究/advanced_solver/runs/formal_v2/evaluations/attempts/20260924T234111-1403addb89854bcd895d33e470ac5aa4/official_result.json.gz
case_050,3,3,55123,55123,1214252,1214252,0.0,149690,方案/p3/n3/case_050_multicore_res.json,/Users/liyu/Desktop/中文题目/A题研究/advanced_solver/runs/formal_v2/evaluations/attempts/20260924T145903-8ae1431be667411695b1ca805c5ecddf/record.json,/Users/liyu/Desktop/中文题目/A题研究/advanced_solver/runs/formal_v2/evaluations/attempts/20260924T145903-8ae1431be667411695b1ca805c5ecddf/official_result.json.gz
case_050,3,4,55123,55123,1214252,1214252,0.0,149690,方案/p3/n4/case_050_multicore_res.json,/Users/liyu/Desktop/中文题目/A题研究/advanced_solver/runs/formal_v2/evaluations/attempts/20260924T233148-1a7bfc58032145658201be4661f4dd2f/record.json,/Users/liyu/Desktop/中文题目/A题研究/advanced_solver/runs/formal_v2/evaluations/attempts/20260924T233148-1a7bfc58032145658201be4661f4dd2f/official_result.json.gz
case_050,3,5,45172,45172,1481220,1481220,0.0,149690,方案/p3/n5/case_050_multicore_res.json,/Users/liyu/Desktop/中文题目/A题研究/advanced_solver/runs/formal_v2/evaluations/attempts/20260924T150029-23f3ce2f757c4c708d503cda9db3a435/record.json,/Users/liyu/Desktop/中文题目/A题研究/advanced_solver/runs/formal_v2/evaluations/attempts/20260924T150029-23f3ce2f757c4c708d503cda9db3a435/official_result.json.gz
case_051,1,1,607628,607628,0,0,0.0,607628,方案/p1/n1/case_051_multicore_res.json,/Users/liyu/Desktop/中文题目/A题研究/solver/runs/pilot_fullpool_v2/evaluations/attempts/20260924T093808-283c6b0800a94e99b8738ffbde2e2376/record.json,/Users/liyu/Desktop/中文题目/A题研究/solver/runs/pilot_fullpool_v2/evaluations/attempts/20260924T093806-d84c445ba8f449df805838dd876e558b/official_result.json.gz
case_051,1,2,607628,607628,0,0,0.0,607628,方案/p1/n2/case_051_multicore_res.json,/Users/liyu/Desktop/中文题目/A题研究/solver/runs/full_initial_v1/evaluations/attempts/20260924T095405-94cda0ef444b4f7ea5ddaf668a1acda5/record.json,/Users/liyu/Desktop/中文题目/A题研究/solver/runs/full_initial_v1/evaluations/attempts/20260924T095405-94cda0ef444b4f7ea5ddaf668a1acda5/official_result.json.gz
case_051,1,3,607628,607628,0,0,0.0,607628,方案/p1/n3/case_051_multicore_res.json,/Users/liyu/Desktop/中文题目/A题研究/advanced_solver/runs/formal_v2/evaluations/attempts/20260924T145555-6bc04f24fca04f0eaa1ee181e66f149a/record.json,/Users/liyu/Desktop/中文题目/A题研究/advanced_solver/runs/formal_v2/evaluations/attempts/20260924T145555-6bc04f24fca04f0eaa1ee181e66f149a/official_result.json.gz
case_051,1,4,607628,607628,0,0,0.0,607628,方案/p1/n4/case_051_multicore_res.json,/Users/liyu/Desktop/中文题目/A题研究/advanced_solver/runs/formal_v2/evaluations/attempts/20260924T145600-52b8a68e5ab34cc6a00b7d04408b27b3/record.json,/Users/liyu/Desktop/中文题目/A题研究/advanced_solver/runs/formal_v2/evaluations/attempts/20260924T145600-52b8a68e5ab34cc6a00b7d04408b27b3/official_result.json.gz
case_051,1,5,607628,607628,0,0,0.0,607628,方案/p1/n5/case_051_multicore_res.json,/Users/liyu/Desktop/中文题目/A题研究/solver/runs/full_initial_v1/evaluations/attempts/20260924T095405-2f160172a84140e594151e8d015d861a/record.json,/Users/liyu/Desktop/中文题目/A题研究/solver/runs/full_initial_v1/evaluations/attempts/20260924T095405-2f160172a84140e594151e8d015d861a/official_result.json.gz
case_051,2,1,607628,607628,0,0,0.0,607628,方案/p2/n1/case_051_multicore_res.json,/Users/liyu/Desktop/中文题目/A题研究/solver/runs/pilot_fullpool_v2/evaluations/attempts/20260924T093808-fc844edfc26146c2bb6d921f8745cf74/record.json,/Users/liyu/Desktop/中文题目/A题研究/solver/runs/pilot_fullpool_v2/evaluations/attempts/20260924T093807-d21be406d6c146e4be3c316aa84923cf/official_result.json.gz
case_051,2,2,319230,319230,394080,394080,0.0,607628,方案/p2/n2/case_051_multicore_res.json,/Users/liyu/Desktop/中文题目/A题研究/advanced_solver/runs/formal_v2/evaluations/attempts/20260924T134207-b1c75abd3c1043309bc000d6419704c2/record.json,/Users/liyu/Desktop/中文题目/A题研究/advanced_solver/runs/formal_v2/evaluations/attempts/20260924T134207-b1c75abd3c1043309bc000d6419704c2/official_result.json.gz
case_051,2,3,228533,228533,263200,263200,0.0,607628,方案/p2/n3/case_051_multicore_res.json,/Users/liyu/Desktop/中文题目/A题研究/advanced_solver/runs/formal_v2/evaluations/attempts/20260924T134214-aa50c33ea5974e10accc1468aee66daa/record.json,/Users/liyu/Desktop/中文题目/A题研究/advanced_solver/runs/formal_v2/evaluations/attempts/20260924T134214-aa50c33ea5974e10accc1468aee66daa/official_result.json.gz
case_051,2,4,179465,179465,197848,197848,0.0,607628,方案/p2/n4/case_051_multicore_res.json,/Users/liyu/Desktop/中文题目/A题研究/advanced_solver/runs/formal_v2/evaluations/attempts/20260924T134226-002dab8e5e7545e19abfa4819050ba93/record.json,/Users/liyu/Desktop/中文题目/A题研究/advanced_solver/runs/formal_v2/evaluations/attempts/20260924T134226-002dab8e5e7545e19abfa4819050ba93/official_result.json.gz
case_051,2,5,162296,162296,3507604,3507604,0.0,607628,方案/p2/n5/case_051_multicore_res.json,/Users/liyu/Desktop/中文题目/A题研究/实验记录/p3_deep_refine/evaluations/attempts/20260924T130559-71b60a4c838042ccbbdceda37fcb5c7c/record.json,/Users/liyu/Desktop/中文题目/A题研究/实验记录/p3_deep_refine/evaluations/attempts/20260924T130559-71b60a4c838042ccbbdceda37fcb5c7c/official_result.json.gz
case_051,3,1,607628,607628,0,0,0.0,607628,方案/p3/n1/case_051_multicore_res.json,/Users/liyu/Desktop/中文题目/A题研究/solver/runs/pilot_fullpool_v2/evaluations/attempts/20260924T093808-bd1c4e2675cb4fc29b83ced02988a55f/record.json,/Users/liyu/Desktop/中文题目/A题研究/solver/runs/pilot_fullpool_v2/evaluations/attempts/20260924T093807-1b71b0e016124486a0e27dd227efb447/official_result.json.gz
case_051,3,2,318398,318398,394080,394080,0.0,607628,方案/p3/n2/case_051_multicore_res.json,/Users/liyu/Desktop/中文题目/A题研究/advanced_solver/runs/formal_v2/evaluations/attempts/20260924T145919-eada2b25e66e426e986e7988559eb0e8/record.json,/Users/liyu/Desktop/中文题目/A题研究/advanced_solver/runs/formal_v2/evaluations/attempts/20260924T145919-eada2b25e66e426e986e7988559eb0e8/official_result.json.gz
case_051,3,3,227940,227940,263200,263200,0.0,607628,方案/p3/n3/case_051_multicore_res.json,/Users/liyu/Desktop/中文题目/A题研究/advanced_solver/runs/formal_v2/evaluations/attempts/20260924T145926-d0c4430f347141aa9da01a2f1f24562f/record.json,/Users/liyu/Desktop/中文题目/A题研究/advanced_solver/runs/formal_v2/evaluations/attempts/20260924T145926-d0c4430f347141aa9da01a2f1f24562f/official_result.json.gz
case_051,3,4,178974,178974,197848,197848,0.0,607628,方案/p3/n4/case_051_multicore_res.json,/Users/liyu/Desktop/中文题目/A题研究/advanced_solver/runs/formal_v2/evaluations/attempts/20260924T145938-f7c27f6085a44b4da0ab9fd5c8d03382/record.json,/Users/liyu/Desktop/中文题目/A题研究/advanced_solver/runs/formal_v2/evaluations/attempts/20260924T145938-f7c27f6085a44b4da0ab9fd5c8d03382/official_result.json.gz
case_051,3,5,159635,159635,3507604,3507604,0.0,607628,方案/p3/n5/case_051_multicore_res.json,/Users/liyu/Desktop/中文题目/A题研究/实验记录/p3_deep_refine/evaluations/attempts/20260924T130552-74cfd94d793844b3ba4cced5b8b18fe8/record.json,/Users/liyu/Desktop/中文题目/A题研究/实验记录/p3_deep_refine/evaluations/attempts/20260924T130552-74cfd94d793844b3ba4cced5b8b18fe8/official_result.json.gz
case_052,1,1,180301,180301,0,0,0.0,180301,方案/p1/n1/case_052_multicore_res.json,/Users/liyu/Desktop/中文题目/A题研究/advanced_solver/runs/formal_v2/evaluations/attempts/20260924T233950-f9327acee01949cb9eda8ab610fe90fb/record.json,/Users/liyu/Desktop/中文题目/A题研究/advanced_solver/runs/formal_v2/evaluations/attempts/20260924T233950-f9327acee01949cb9eda8ab610fe90fb/official_result.json.gz
case_052,1,2,86401,86401,135168,135168,0.0,180301,方案/p1/n2/case_052_multicore_res.json,/Users/liyu/Desktop/中文题目/A题研究/advanced_solver/runs/formal_v2/evaluations/attempts/20260924T145558-e7a90da93e4e4f98b14dbe23b2193986/record.json,/Users/liyu/Desktop/中文题目/A题研究/advanced_solver/runs/formal_v2/evaluations/attempts/20260924T145558-e7a90da93e4e4f98b14dbe23b2193986/official_result.json.gz
case_052,1,3,63144,63144,181248,181248,0.0,180301,方案/p1/n3/case_052_multicore_res.json,/Users/liyu/Desktop/中文题目/A题研究/advanced_solver/runs/formal_v2/evaluations/attempts/20260924T145603-67ac9b270fbf4653937a79399ae09aca/record.json,/Users/liyu/Desktop/中文题目/A题研究/advanced_solver/runs/formal_v2/evaluations/attempts/20260924T145603-67ac9b270fbf4653937a79399ae09aca/official_result.json.gz
case_052,1,4,47938,47938,259584,259584,0.0,180301,方案/p1/n4/case_052_multicore_res.json,/Users/liyu/Desktop/中文题目/A题研究/advanced_solver/runs/formal_v2/evaluations/attempts/20260924T145610-0a357bc8ea6840d383747c406ebea522/record.json,/Users/liyu/Desktop/中文题目/A题研究/advanced_solver/runs/formal_v2/evaluations/attempts/20260924T145610-0a357bc8ea6840d383747c406ebea522/official_result.json.gz
case_052,1,5,44240,44240,854016,854016,0.0,180301,方案/p1/n5/case_052_multicore_res.json,/Users/liyu/Desktop/中文题目/A题研究/advanced_solver/runs/formal_v2/evaluations/attempts/20260924T220108-f513725d61d94ce7bb9b37f261e0bb4f/record.json,/Users/liyu/Desktop/中文题目/A题研究/advanced_solver/runs/formal_v2/evaluations/attempts/20260924T215959-aed068a143ae49cfb79d4ad3e6a05b44/official_result.json.gz
case_052,2,1,180301,180301,0,0,0.0,180301,方案/p2/n1/case_052_multicore_res.json,/Users/liyu/Desktop/中文题目/A题研究/advanced_solver/runs/formal_v2/evaluations/attempts/20260924T234315-cd093a7e7cbb4cf8bac46cd2cd68e780/record.json,/Users/liyu/Desktop/中文题目/A题研究/advanced_solver/runs/formal_v2/evaluations/attempts/20260924T234315-cd093a7e7cbb4cf8bac46cd2cd68e780/official_result.json.gz
case_052,2,2,85972,85972,102912,102912,0.0,180301,方案/p2/n2/case_052_multicore_res.json,/Users/liyu/Desktop/中文题目/A题研究/advanced_solver/runs/formal_v2/evaluations/attempts/20260924T233849-4892af49b2404e5f8c0ad4b1cbe25ad4/record.json,/Users/liyu/Desktop/中文题目/A题研究/advanced_solver/runs/formal_v2/evaluations/attempts/20260924T233849-4892af49b2404e5f8c0ad4b1cbe25ad4/official_result.json.gz
case_052,2,3,54776,54776,181248,181248,0.0,180301,方案/p2/n3/case_052_multicore_res.json,/Users/liyu/Desktop/中文题目/A题研究/advanced_solver/runs/formal_v2/evaluations/attempts/20260924T233850-477ba42993a542e5973c378be0b9c7a0/record.json,/Users/liyu/Desktop/中文题目/A题研究/advanced_solver/runs/formal_v2/evaluations/attempts/20260924T233850-477ba42993a542e5973c378be0b9c7a0/official_result.json.gz
case_052,2,4,40702,40702,259584,259584,0.0,180301,方案/p2/n4/case_052_multicore_res.json,/Users/liyu/Desktop/中文题目/A题研究/advanced_solver/runs/formal_v2/evaluations/attempts/20260924T235424-0b5c3c06c39848158a2f31926f0c0a5f/record.json,/Users/liyu/Desktop/中文题目/A题研究/advanced_solver/runs/formal_v2/evaluations/attempts/20260924T235424-0b5c3c06c39848158a2f31926f0c0a5f/official_result.json.gz
case_052,2,5,32948,32948,328704,328704,0.0,180301,方案/p2/n5/case_052_multicore_res.json,/Users/liyu/Desktop/中文题目/A题研究/advanced_solver/runs/formal_v2/evaluations/attempts/20260925T112218-f3a399be065249f48e09bae3736152b9/record.json,/Users/liyu/Desktop/中文题目/A题研究/advanced_solver/runs/formal_v2/evaluations/attempts/20260925T112218-f3a399be065249f48e09bae3736152b9/official_result.json.gz
case_052,3,1,180301,180301,0,0,0.0,180301,方案/p3/n1/case_052_multicore_res.json,/Users/liyu/Desktop/中文题目/A题研究/advanced_solver/runs/formal_v2/evaluations/attempts/20260924T234315-4663dab0f1934b25b60b4d724fb35f22/record.json,/Users/liyu/Desktop/中文题目/A题研究/advanced_solver/runs/formal_v2/evaluations/attempts/20260924T234315-4663dab0f1934b25b60b4d724fb35f22/official_result.json.gz
case_052,3,2,85972,85972,102912,102912,0.0,180301,方案/p3/n2/case_052_multicore_res.json,/Users/liyu/Desktop/中文题目/A题研究/advanced_solver/runs/formal_v2/evaluations/attempts/20260924T150010-6798218c55204fe0be526cdc2416f6b9/record.json,/Users/liyu/Desktop/中文题目/A题研究/advanced_solver/runs/formal_v2/evaluations/attempts/20260924T150010-6798218c55204fe0be526cdc2416f6b9/official_result.json.gz
case_052,3,3,54776,54776,181248,181248,0.0,180301,方案/p3/n3/case_052_multicore_res.json,/Users/liyu/Desktop/中文题目/A题研究/advanced_solver/runs/formal_v2/evaluations/attempts/20260924T150021-6ae0c947a54f4da09f3e0ff28959203f/record.json,/Users/liyu/Desktop/中文题目/A题研究/advanced_solver/runs/formal_v2/evaluations/attempts/20260924T150021-6ae0c947a54f4da09f3e0ff28959203f/official_result.json.gz
case_052,3,4,40702,40702,259584,259584,0.0,180301,方案/p3/n4/case_052_multicore_res.json,/Users/liyu/Desktop/中文题目/A题研究/advanced_solver/runs/formal_v2/evaluations/attempts/20260924T234015-04cb7850524346c0a0e0397a805e48eb/record.json,/Users/liyu/Desktop/中文题目/A题研究/advanced_solver/runs/formal_v2/evaluations/attempts/20260924T234015-04cb7850524346c0a0e0397a805e48eb/official_result.json.gz
case_052,3,5,32186,32186,328704,328704,0.0,180301,方案/p3/n5/case_052_multicore_res.json,/Users/liyu/Desktop/中文题目/A题研究/advanced_solver/runs/formal_v2/evaluations/attempts/20260925T155747-7d2c118915834238b81797f185562448/record.json,/Users/liyu/Desktop/中文题目/A题研究/advanced_solver/runs/formal_v2/evaluations/attempts/20260925T155747-7d2c118915834238b81797f185562448/official_result.json.gz
case_053,1,1,1471981,1471981,6711364,6711364,0.0,1472686,方案/p1/n1/case_053_multicore_res.json,/Users/liyu/Desktop/中文题目/A题研究/advanced_solver/runs/formal_v2/evaluations/attempts/20260924T233840-f94ceccbc2ec451e8362a91885ba27b0/record.json,/Users/liyu/Desktop/中文题目/A题研究/advanced_solver/runs/formal_v2/evaluations/attempts/20260924T233840-f94ceccbc2ec451e8362a91885ba27b0/official_result.json.gz
case_053,1,2,770331,770331,6759168,6759168,0.0,1472686,方案/p1/n2/case_053_multicore_res.json,/Users/liyu/Desktop/中文题目/A题研究/advanced_solver/runs/formal_v2/evaluations/attempts/20260924T145609-bd764f1ee85d4405b414b6dae6aee37b/record.json,/Users/liyu/Desktop/中文题目/A题研究/advanced_solver/runs/formal_v2/evaluations/attempts/20260924T145609-bd764f1ee85d4405b414b6dae6aee37b/official_result.json.gz
case_053,1,3,546106,546106,5882944,5882944,0.0,1472686,方案/p1/n3/case_053_multicore_res.json,/Users/liyu/Desktop/中文题目/A题研究/advanced_solver/runs/formal_v2/evaluations/attempts/20260924T145920-47b66f4872644b4a8f833679ba20d6ef/record.json,/Users/liyu/Desktop/中文题目/A题研究/advanced_solver/runs/formal_v2/evaluations/attempts/20260924T145920-47b66f4872644b4a8f833679ba20d6ef/official_result.json.gz
case_053,1,4,492232,492232,6360992,6360992,0.0,1472686,方案/p1/n4/case_053_multicore_res.json,/Users/liyu/Desktop/中文题目/A题研究/advanced_solver/runs/formal_v2/evaluations/attempts/20260924T152137-97973c5adaea42ca803435c8fc0f195b/record.json,/Users/liyu/Desktop/中文题目/A题研究/advanced_solver/runs/formal_v2/evaluations/attempts/20260924T152137-97973c5adaea42ca803435c8fc0f195b/official_result.json.gz
case_053,1,5,470274,470274,15299978,15299978,0.0,1472686,方案/p1/n5/case_053_multicore_res.json,/Users/liyu/Desktop/中文题目/A题研究/advanced_solver/runs/formal_v2/evaluations/attempts/20260925T105148-388c3eebcf104daca877672e558a7d48/record.json,/Users/liyu/Desktop/中文题目/A题研究/advanced_solver/runs/formal_v2/evaluations/attempts/20260925T105148-388c3eebcf104daca877672e558a7d48/official_result.json.gz
case_053,2,1,1472686,1472686,5405536,5405536,0.0,1472686,方案/p2/n1/case_053_multicore_res.json,/Users/liyu/Desktop/中文题目/A题研究/advanced_solver/runs/formal_v2/evaluations/attempts/20260924T234125-f2dd2b766a964c629dae5f56407fdc65/record.json,/Users/liyu/Desktop/中文题目/A题研究/advanced_solver/runs/formal_v2/evaluations/attempts/20260924T234125-f2dd2b766a964c629dae5f56407fdc65/official_result.json.gz
case_053,2,2,709198,709198,10834526,10834526,0.0,1472686,方案/p2/n2/case_053_multicore_res.json,/Users/liyu/Desktop/中文题目/A题研究/advanced_solver/runs/formal_v2/evaluations/attempts/20260924T235309-355a8373c16c459ea255b936ad57c74f/record.json,/Users/liyu/Desktop/中文题目/A题研究/advanced_solver/runs/formal_v2/evaluations/attempts/20260924T235309-355a8373c16c459ea255b936ad57c74f/official_result.json.gz
case_053,2,3,421712,421712,1219468,1219468,0.0,1472686,方案/p2/n3/case_053_multicore_res.json,/Users/liyu/Desktop/中文题目/A题研究/advanced_solver/runs/formal_v2/evaluations/attempts/20260925T155554-e02d581ed6014fc189d1c8e0295db6e0/record.json,/Users/liyu/Desktop/中文题目/A题研究/advanced_solver/runs/formal_v2/evaluations/attempts/20260925T155554-e02d581ed6014fc189d1c8e0295db6e0/official_result.json.gz
case_053,2,4,421712,421712,1219468,1219468,0.0,1472686,方案/p2/n4/case_053_multicore_res.json,/Users/liyu/Desktop/中文题目/A题研究/advanced_solver/runs/formal_v2/evaluations/attempts/20260925T160340-6cd367ccaff7401fbaf04ea6e25c558b/record.json,/Users/liyu/Desktop/中文题目/A题研究/advanced_solver/runs/formal_v2/evaluations/attempts/20260925T160340-6cd367ccaff7401fbaf04ea6e25c558b/official_result.json.gz
case_053,2,5,418489,418489,5518068,5518068,0.0,1472686,方案/p2/n5/case_053_multicore_res.json,/Users/liyu/Desktop/中文题目/A题研究/advanced_solver/runs/formal_v2/evaluations/attempts/20260925T164002-4254a3b784ea4e1ea7ec4e77ad210148/record.json,/Users/liyu/Desktop/中文题目/A题研究/advanced_solver/runs/formal_v2/evaluations/attempts/20260925T155612-b245fa311259457396ed3558da30ef81/official_result.json.gz
case_053,3,1,1428109,1428109,5405536,5405536,0.0,1472686,方案/p3/n1/case_053_multicore_res.json,/Users/liyu/Desktop/中文题目/A题研究/advanced_solver/runs/formal_v2/evaluations/attempts/20260924T234127-54c55659ee1a4af3a4198b77c1240c56/record.json,/Users/liyu/Desktop/中文题目/A题研究/advanced_solver/runs/formal_v2/evaluations/attempts/20260924T234127-54c55659ee1a4af3a4198b77c1240c56/official_result.json.gz
case_053,3,2,707962,707962,10834526,10834526,0.0,1472686,方案/p3/n2/case_053_multicore_res.json,/Users/liyu/Desktop/中文题目/A题研究/advanced_solver/runs/formal_v2/evaluations/attempts/20260924T234435-a4781e36432f4efda8e5dde16a01d83d/record.json,/Users/liyu/Desktop/中文题目/A题研究/advanced_solver/runs/formal_v2/evaluations/attempts/20260924T234435-a4781e36432f4efda8e5dde16a01d83d/official_result.json.gz
case_053,3,3,421712,421712,1219468,1219468,0.0,1472686,方案/p3/n3/case_053_multicore_res.json,/Users/liyu/Desktop/中文题目/A题研究/advanced_solver/runs/formal_v2/evaluations/attempts/20260925T155556-0129b5b4773047438f120535392717ec/record.json,/Users/liyu/Desktop/中文题目/A题研究/advanced_solver/runs/formal_v2/evaluations/attempts/20260925T155556-0129b5b4773047438f120535392717ec/official_result.json.gz
case_053,3,4,402244,402244,17995940,17995940,0.0,1472686,方案/p3/n4/case_053_multicore_res.json,/Users/liyu/Desktop/中文题目/A题研究/advanced_solver/runs/formal_v2/evaluations/attempts/20260924T234453-aeb3eed47ef640b8849092776005b40e/record.json,/Users/liyu/Desktop/中文题目/A题研究/advanced_solver/runs/formal_v2/evaluations/attempts/20260924T234453-aeb3eed47ef640b8849092776005b40e/official_result.json.gz
case_053,3,5,380122,380122,21711392,21711392,0.0,1472686,方案/p3/n5/case_053_multicore_res.json,/Users/liyu/Desktop/中文题目/A题研究/advanced_solver/runs/formal_v2/evaluations/attempts/20260924T161252-51dfc866c6424af6b22b5ccf2cd669e7/record.json,/Users/liyu/Desktop/中文题目/A题研究/advanced_solver/runs/formal_v2/evaluations/attempts/20260924T161252-51dfc866c6424af6b22b5ccf2cd669e7/official_result.json.gz
case_054,1,1,813161,813161,1156360,1156360,0.0,815051,方案/p1/n1/case_054_multicore_res.json,/Users/liyu/Desktop/中文题目/A题研究/advanced_solver/runs/formal_v2/evaluations/attempts/20260924T233822-73c8b61db3234ffcb3e87c090d92242d/record.json,/Users/liyu/Desktop/中文题目/A题研究/advanced_solver/runs/formal_v2/evaluations/attempts/20260924T233822-73c8b61db3234ffcb3e87c090d92242d/official_result.json.gz
case_054,1,2,517960,517960,49152,49152,0.0,815051,方案/p1/n2/case_054_multicore_res.json,/Users/liyu/Desktop/中文题目/A题研究/solver/runs/full_initial_v1/evaluations/attempts/20260924T095554-be88be22469745dabfd73aedf19759b2/record.json,/Users/liyu/Desktop/中文题目/A题研究/solver/runs/full_initial_v1/evaluations/attempts/20260924T095554-be88be22469745dabfd73aedf19759b2/official_result.json.gz
case_054,1,3,517960,517960,49152,49152,0.0,815051,方案/p1/n3/case_054_multicore_res.json,/Users/liyu/Desktop/中文题目/A题研究/advanced_solver/runs/formal_v2/evaluations/attempts/20260924T233054-7c2754df744044aa9d235b175b121ce9/record.json,/Users/liyu/Desktop/中文题目/A题研究/advanced_solver/runs/formal_v2/evaluations/attempts/20260924T233054-7c2754df744044aa9d235b175b121ce9/official_result.json.gz
case_054,1,4,517960,517960,49152,49152,0.0,815051,方案/p1/n4/case_054_multicore_res.json,/Users/liyu/Desktop/中文题目/A题研究/advanced_solver/runs/formal_v2/evaluations/attempts/20260924T233113-afcfac5782ad48729ca7c7fca18ad6fe/record.json,/Users/liyu/Desktop/中文题目/A题研究/advanced_solver/runs/formal_v2/evaluations/attempts/20260924T233113-afcfac5782ad48729ca7c7fca18ad6fe/official_result.json.gz
case_054,1,5,447227,447227,2686120,2686120,0.0,815051,方案/p1/n5/case_054_multicore_res.json,/Users/liyu/Desktop/中文题目/A题研究/advanced_solver/runs/formal_v2/evaluations/attempts/20260924T221152-794a206c159442e995b34cea91911d2d/record.json,/Users/liyu/Desktop/中文题目/A题研究/advanced_solver/runs/formal_v2/evaluations/attempts/20260924T221152-794a206c159442e995b34cea91911d2d/official_result.json.gz
case_054,2,1,815051,815051,0,0,0.0,815051,方案/p2/n1/case_054_multicore_res.json,/Users/liyu/Desktop/中文题目/A题研究/advanced_solver/runs/formal_v2/evaluations/attempts/20260924T234057-8e70dafd79114c71863942a1be65db08/record.json,/Users/liyu/Desktop/中文题目/A题研究/advanced_solver/runs/formal_v2/evaluations/attempts/20260924T234057-8e70dafd79114c71863942a1be65db08/official_result.json.gz
case_054,2,2,467888,467888,8232922,8232922,0.0,815051,方案/p2/n2/case_054_multicore_res.json,/Users/liyu/Desktop/中文题目/A题研究/advanced_solver/runs/formal_v2/evaluations/attempts/20260924T235257-7fb94deccf69484987b9b121189d4251/record.json,/Users/liyu/Desktop/中文题目/A题研究/advanced_solver/runs/formal_v2/evaluations/attempts/20260924T235257-7fb94deccf69484987b9b121189d4251/official_result.json.gz
case_054,2,3,306968,306968,4800036,4800036,0.0,815051,方案/p2/n3/case_054_multicore_res.json,/Users/liyu/Desktop/中文题目/A题研究/advanced_solver/runs/formal_v2/evaluations/attempts/20260924T235258-02329099c02545dcb585c5b7c44e27ac/record.json,/Users/liyu/Desktop/中文题目/A题研究/advanced_solver/runs/formal_v2/evaluations/attempts/20260924T235258-02329099c02545dcb585c5b7c44e27ac/official_result.json.gz
case_054,2,4,252914,252914,5695422,5695422,0.0,815051,方案/p2/n4/case_054_multicore_res.json,/Users/liyu/Desktop/中文题目/A题研究/advanced_solver/runs/formal_v2/evaluations/attempts/20260924T235303-83fbd4227ec344d3b072fef9bb0a367b/record.json,/Users/liyu/Desktop/中文题目/A题研究/advanced_solver/runs/formal_v2/evaluations/attempts/20260924T235303-83fbd4227ec344d3b072fef9bb0a367b/official_result.json.gz
case_054,2,5,217984,217984,6504128,6504128,0.0,815051,方案/p2/n5/case_054_multicore_res.json,/Users/liyu/Desktop/中文题目/A题研究/advanced_solver/runs/formal_v2/evaluations/attempts/20260924T220717-2dd3b9c434ab4599801d7323eab13f7f/record.json,/Users/liyu/Desktop/中文题目/A题研究/advanced_solver/runs/formal_v2/evaluations/attempts/20260924T220717-2dd3b9c434ab4599801d7323eab13f7f/official_result.json.gz
case_054,3,1,815051,815051,0,0,0.0,815051,方案/p3/n1/case_054_multicore_res.json,/Users/liyu/Desktop/中文题目/A题研究/advanced_solver/runs/formal_v2/evaluations/attempts/20260924T234101-4b7689489ecf4e468eeeae8161ea9782/record.json,/Users/liyu/Desktop/中文题目/A题研究/advanced_solver/runs/formal_v2/evaluations/attempts/20260924T234101-4b7689489ecf4e468eeeae8161ea9782/official_result.json.gz
case_054,3,2,467045,467045,8232922,8232922,0.0,815051,方案/p3/n2/case_054_multicore_res.json,/Users/liyu/Desktop/中文题目/A题研究/advanced_solver/runs/formal_v2/evaluations/attempts/20260924T234546-9f463b4252c74c0399f40d94233cdb16/record.json,/Users/liyu/Desktop/中文题目/A题研究/advanced_solver/runs/formal_v2/evaluations/attempts/20260924T234546-9f463b4252c74c0399f40d94233cdb16/official_result.json.gz
case_054,3,3,306732,306732,4800036,4800036,0.0,815051,方案/p3/n3/case_054_multicore_res.json,/Users/liyu/Desktop/中文题目/A题研究/advanced_solver/runs/formal_v2/evaluations/attempts/20260924T234600-7289ee76d9254e689d902b443e434b95/record.json,/Users/liyu/Desktop/中文题目/A题研究/advanced_solver/runs/formal_v2/evaluations/attempts/20260924T234600-7289ee76d9254e689d902b443e434b95/official_result.json.gz
case_054,3,4,250944,250944,5695422,5695422,0.0,815051,方案/p3/n4/case_054_multicore_res.json,/Users/liyu/Desktop/中文题目/A题研究/advanced_solver/runs/formal_v2/evaluations/attempts/20260924T234615-70f47d4a1440493ebb647f5ef1f695bb/record.json,/Users/liyu/Desktop/中文题目/A题研究/advanced_solver/runs/formal_v2/evaluations/attempts/20260924T234615-70f47d4a1440493ebb647f5ef1f695bb/official_result.json.gz
case_054,3,5,212882,212882,6504128,6504128,0.0,815051,方案/p3/n5/case_054_multicore_res.json,/Users/liyu/Desktop/中文题目/A题研究/advanced_solver/runs/formal_v2/evaluations/attempts/20260924T161555-83f346df7b6c41f6b96eaad0c36e63df/record.json,/Users/liyu/Desktop/中文题目/A题研究/advanced_solver/runs/formal_v2/evaluations/attempts/20260924T161555-83f346df7b6c41f6b96eaad0c36e63df/official_result.json.gz
case_055,1,1,120124,120124,86016,86016,0.0,118835,方案/p1/n1/case_055_multicore_res.json,/Users/liyu/Desktop/中文题目/A题研究/advanced_solver/runs/formal_v2/evaluations/attempts/20260924T233949-f87d756afa66454aa5e58b8feb440452/record.json,/Users/liyu/Desktop/中文题目/A题研究/advanced_solver/runs/formal_v2/evaluations/attempts/20260924T233949-f87d756afa66454aa5e58b8feb440452/official_result.json.gz
case_055,1,2,60867,60867,74240,74240,0.0,118835,方案/p1/n2/case_055_multicore_res.json,/Users/liyu/Desktop/中文题目/A题研究/advanced_solver/runs/formal_v2/evaluations/attempts/20260924T161106-0aaef03b9c0347dfb00732cb319a014b/record.json,/Users/liyu/Desktop/中文题目/A题研究/advanced_solver/runs/formal_v2/evaluations/attempts/20260924T161106-0aaef03b9c0347dfb00732cb319a014b/official_result.json.gz
case_055,1,3,43004,43004,74240,74240,0.0,118835,方案/p1/n3/case_055_multicore_res.json,/Users/liyu/Desktop/中文题目/A题研究/advanced_solver/runs/formal_v2/evaluations/attempts/20260924T161111-bc05df97b9f64a0d9f4b85df1d04bce2/record.json,/Users/liyu/Desktop/中文题目/A题研究/advanced_solver/runs/formal_v2/evaluations/attempts/20260924T161111-bc05df97b9f64a0d9f4b85df1d04bce2/official_result.json.gz
case_055,1,4,31367,31367,115712,115712,0.0,118835,方案/p1/n4/case_055_multicore_res.json,/Users/liyu/Desktop/中文题目/A题研究/advanced_solver/runs/formal_v2/evaluations/attempts/20260924T161115-3f138ee24cee4612ae4b0b78f4506bd7/record.json,/Users/liyu/Desktop/中文题目/A题研究/advanced_solver/runs/formal_v2/evaluations/attempts/20260924T161115-3f138ee24cee4612ae4b0b78f4506bd7/official_result.json.gz
case_055,1,5,26781,26781,198656,198656,0.0,118835,方案/p1/n5/case_055_multicore_res.json,/Users/liyu/Desktop/中文题目/A题研究/solver/runs/full_initial_v1/evaluations/attempts/20260924T095744-6f18ccfd5d724881a63fb1e21fa9386f/record.json,/Users/liyu/Desktop/中文题目/A题研究/solver/runs/full_initial_v1/evaluations/attempts/20260924T095744-6f18ccfd5d724881a63fb1e21fa9386f/official_result.json.gz
case_055,2,1,118835,118835,69632,69632,0.0,118835,方案/p2/n1/case_055_multicore_res.json,/Users/liyu/Desktop/中文题目/A题研究/advanced_solver/runs/formal_v2/evaluations/attempts/20260924T234313-83c75e0abbdc4faf8ce9c4d714d368cd/record.json,/Users/liyu/Desktop/中文题目/A题研究/advanced_solver/runs/formal_v2/evaluations/attempts/20260924T234313-83c75e0abbdc4faf8ce9c4d714d368cd/official_result.json.gz
case_055,2,2,51558,51558,16384,16384,0.0,118835,方案/p2/n2/case_055_multicore_res.json,/Users/liyu/Desktop/中文题目/A题研究/advanced_solver/runs/formal_v2/evaluations/attempts/20260924T233849-b40387cfd56a4fcf85a86f0fd7920ee6/record.json,/Users/liyu/Desktop/中文题目/A题研究/advanced_solver/runs/formal_v2/evaluations/attempts/20260924T233849-b40387cfd56a4fcf85a86f0fd7920ee6/official_result.json.gz
case_055,2,3,40867,40867,68608,68608,0.0,118835,方案/p2/n3/case_055_multicore_res.json,/Users/liyu/Desktop/中文题目/A题研究/advanced_solver/runs/formal_v2/evaluations/attempts/20260924T235423-87855d0c87c54367b2ccbf5ee3bc84f9/record.json,/Users/liyu/Desktop/中文题目/A题研究/advanced_solver/runs/formal_v2/evaluations/attempts/20260924T235423-87855d0c87c54367b2ccbf5ee3bc84f9/official_result.json.gz
case_055,2,4,29477,29477,197632,197632,0.0,118835,方案/p2/n4/case_055_multicore_res.json,/Users/liyu/Desktop/中文题目/A题研究/advanced_solver/runs/formal_v2/evaluations/attempts/20260924T134630-63830b2fd09245e5a61a065f74cec779/record.json,/Users/liyu/Desktop/中文题目/A题研究/advanced_solver/runs/formal_v2/evaluations/attempts/20260924T134630-63830b2fd09245e5a61a065f74cec779/official_result.json.gz
case_055,2,5,20296,20296,198656,198656,0.0,118835,方案/p2/n5/case_055_multicore_res.json,/Users/liyu/Desktop/中文题目/A题研究/advanced_solver/runs/formal_v2/evaluations/attempts/20260925T155358-651fb81e2b474fe0aea486e3ddec734c/record.json,/Users/liyu/Desktop/中文题目/A题研究/advanced_solver/runs/formal_v2/evaluations/attempts/20260925T155358-651fb81e2b474fe0aea486e3ddec734c/official_result.json.gz
case_055,3,1,118835,118835,69632,69632,0.0,118835,方案/p3/n1/case_055_multicore_res.json,/Users/liyu/Desktop/中文题目/A题研究/advanced_solver/runs/formal_v2/evaluations/attempts/20260924T234314-c7d5a9cdc0d2490b802565dad64e0709/record.json,/Users/liyu/Desktop/中文题目/A题研究/advanced_solver/runs/formal_v2/evaluations/attempts/20260924T234314-c7d5a9cdc0d2490b802565dad64e0709/official_result.json.gz
case_055,3,2,51557,51557,16384,16384,0.0,118835,方案/p3/n2/case_055_multicore_res.json,/Users/liyu/Desktop/中文题目/A题研究/advanced_solver/runs/formal_v2/evaluations/attempts/20260924T234016-9476124cceac422ebdf59f46c01895c7/record.json,/Users/liyu/Desktop/中文题目/A题研究/advanced_solver/runs/formal_v2/evaluations/attempts/20260924T234016-9476124cceac422ebdf59f46c01895c7/official_result.json.gz
case_055,3,3,40867,40867,68608,68608,0.0,118835,方案/p3/n3/case_055_multicore_res.json,/Users/liyu/Desktop/中文题目/A题研究/advanced_solver/runs/formal_v2/evaluations/attempts/20260924T234016-63b42c1302664bf08fc29a81085fb534/record.json,/Users/liyu/Desktop/中文题目/A题研究/advanced_solver/runs/formal_v2/evaluations/attempts/20260924T234016-63b42c1302664bf08fc29a81085fb534/official_result.json.gz
case_055,3,4,29504,29504,197632,197632,0.0,118835,方案/p3/n4/case_055_multicore_res.json,/Users/liyu/Desktop/中文题目/A题研究/advanced_solver/runs/formal_v2/evaluations/attempts/20260924T161340-2fc2780834f1496a9c06b57037cf946c/record.json,/Users/liyu/Desktop/中文题目/A题研究/advanced_solver/runs/formal_v2/evaluations/attempts/20260924T161340-2fc2780834f1496a9c06b57037cf946c/official_result.json.gz
case_055,3,5,20015,20015,198656,198656,0.0,118835,方案/p3/n5/case_055_multicore_res.json,/Users/liyu/Desktop/中文题目/A题研究/advanced_solver/runs/formal_v2/evaluations/attempts/20260925T155406-4feb97d61c9942269b04105ce8128c51/record.json,/Users/liyu/Desktop/中文题目/A题研究/advanced_solver/runs/formal_v2/evaluations/attempts/20260925T155406-4feb97d61c9942269b04105ce8128c51/official_result.json.gz
case_056,1,1,277456,277456,432166,432166,0.0,277285,方案/p1/n1/case_056_multicore_res.json,/Users/liyu/Desktop/中文题目/A题研究/advanced_solver/runs/formal_v2/evaluations/attempts/20260924T233859-6fe9263a8079439385c9ed99fefaa746/record.json,/Users/liyu/Desktop/中文题目/A题研究/advanced_solver/runs/formal_v2/evaluations/attempts/20260924T233859-6fe9263a8079439385c9ed99fefaa746/official_result.json.gz
case_056,1,2,265710,265710,0,0,0.0,277285,方案/p1/n2/case_056_multicore_res.json,/Users/liyu/Desktop/中文题目/A题研究/solver/runs/full_initial_v1/evaluations/attempts/20260924T095806-df279a4f769148d982cced39e53c5bea/record.json,/Users/liyu/Desktop/中文题目/A题研究/solver/runs/full_initial_v1/evaluations/attempts/20260924T095806-df279a4f769148d982cced39e53c5bea/official_result.json.gz
case_056,1,3,255706,255706,110810,110810,0.0,277285,方案/p1/n3/case_056_multicore_res.json,/Users/liyu/Desktop/中文题目/A题研究/advanced_solver/runs/formal_v2/evaluations/attempts/20260924T234649-7de84a86a90e4adbb940227b2f302383/record.json,/Users/liyu/Desktop/中文题目/A题研究/advanced_solver/runs/formal_v2/evaluations/attempts/20260924T234649-7de84a86a90e4adbb940227b2f302383/official_result.json.gz
case_056,1,4,222412,222412,952620,952620,0.0,277285,方案/p1/n4/case_056_multicore_res.json,/Users/liyu/Desktop/中文题目/A题研究/advanced_solver/runs/formal_v2/evaluations/attempts/20260924T234700-1103c5c34d3a4d98badd662b6c7c18ee/record.json,/Users/liyu/Desktop/中文题目/A题研究/advanced_solver/runs/formal_v2/evaluations/attempts/20260924T234700-1103c5c34d3a4d98badd662b6c7c18ee/official_result.json.gz
case_056,1,5,138785,138785,4461966,4461966,0.0,277285,方案/p1/n5/case_056_multicore_res.json,/Users/liyu/Desktop/中文题目/A题研究/advanced_solver/runs/formal_v2/evaluations/attempts/20260925T173311-89dc995ed6594ba5bdd7b032a3ae4abe/record.json,/Users/liyu/Desktop/中文题目/A题研究/advanced_solver/runs/formal_v2/evaluations/attempts/20260925T173311-89dc995ed6594ba5bdd7b032a3ae4abe/official_result.json.gz
case_056,2,1,277285,277285,0,0,0.0,277285,方案/p2/n1/case_056_multicore_res.json,/Users/liyu/Desktop/中文题目/A题研究/advanced_solver/runs/formal_v2/evaluations/attempts/20260924T234151-77bc9989c63d467bb30ea1c474704fbc/record.json,/Users/liyu/Desktop/中文题目/A题研究/advanced_solver/runs/formal_v2/evaluations/attempts/20260924T234151-77bc9989c63d467bb30ea1c474704fbc/official_result.json.gz
case_056,2,2,172826,172826,3631650,3631650,0.0,277285,方案/p2/n2/case_056_multicore_res.json,/Users/liyu/Desktop/中文题目/A题研究/advanced_solver/runs/formal_v2/evaluations/attempts/20260924T235339-0dd009b72cc546ccacdd10e618047659/record.json,/Users/liyu/Desktop/中文题目/A题研究/advanced_solver/runs/formal_v2/evaluations/attempts/20260924T235339-0dd009b72cc546ccacdd10e618047659/official_result.json.gz
case_056,2,3,125443,125443,5730556,5730556,0.0,277285,方案/p2/n3/case_056_multicore_res.json,/Users/liyu/Desktop/中文题目/A题研究/advanced_solver/runs/formal_v2/evaluations/attempts/20260924T233735-89c11fc84cdc4513bf276d36589228c0/record.json,/Users/liyu/Desktop/中文题目/A题研究/advanced_solver/runs/formal_v2/evaluations/attempts/20260924T233735-89c11fc84cdc4513bf276d36589228c0/official_result.json.gz
case_056,2,4,125443,125443,5730556,5730556,0.0,277285,方案/p2/n4/case_056_multicore_res.json,/Users/liyu/Desktop/中文题目/A题研究/advanced_solver/runs/formal_v2/evaluations/attempts/20260924T235532-941bb715e0684faa859f641f68b0050c/record.json,/Users/liyu/Desktop/中文题目/A题研究/advanced_solver/runs/formal_v2/evaluations/attempts/20260924T235532-941bb715e0684faa859f641f68b0050c/official_result.json.gz
case_056,2,5,92521,92521,2734524,2734524,0.0,277285,方案/p2/n5/case_056_multicore_res.json,/Users/liyu/Desktop/中文题目/A题研究/advanced_solver/runs/formal_v2/evaluations/attempts/20260925T152805-8b24ad4d70e34b248fd431737155f20c/record.json,/Users/liyu/Desktop/中文题目/A题研究/advanced_solver/runs/formal_v2/evaluations/attempts/20260925T152805-8b24ad4d70e34b248fd431737155f20c/official_result.json.gz
case_056,3,1,277285,277285,0,0,0.0,277285,方案/p3/n1/case_056_multicore_res.json,/Users/liyu/Desktop/中文题目/A题研究/advanced_solver/runs/formal_v2/evaluations/attempts/20260924T234153-b7478fc80d144fbb9ac7e9b89368e9d1/record.json,/Users/liyu/Desktop/中文题目/A题研究/advanced_solver/runs/formal_v2/evaluations/attempts/20260924T234153-b7478fc80d144fbb9ac7e9b89368e9d1/official_result.json.gz
case_056,3,2,172496,172496,3631650,3631650,0.0,277285,方案/p3/n2/case_056_multicore_res.json,/Users/liyu/Desktop/中文题目/A题研究/advanced_solver/runs/formal_v2/evaluations/attempts/20260924T234310-cd5e61f8fca24136a569c6411e9239be/record.json,/Users/liyu/Desktop/中文题目/A题研究/advanced_solver/runs/formal_v2/evaluations/attempts/20260924T234310-cd5e61f8fca24136a569c6411e9239be/official_result.json.gz
case_056,3,3,122694,122694,5730556,5730556,0.0,277285,方案/p3/n3/case_056_multicore_res.json,/Users/liyu/Desktop/中文题目/A题研究/advanced_solver/runs/formal_v2/evaluations/attempts/20260924T161606-6a50d3dbcccf4457aee9692968c3be35/record.json,/Users/liyu/Desktop/中文题目/A题研究/advanced_solver/runs/formal_v2/evaluations/attempts/20260924T161606-6a50d3dbcccf4457aee9692968c3be35/official_result.json.gz
case_056,3,4,122455,122455,5819338,5819338,0.0,277285,方案/p3/n4/case_056_multicore_res.json,/Users/liyu/Desktop/中文题目/A题研究/advanced_solver/runs/formal_v2/evaluations/attempts/20260924T161654-031350ef0e814298b69b8a7f2571bf5c/record.json,/Users/liyu/Desktop/中文题目/A题研究/advanced_solver/runs/formal_v2/evaluations/attempts/20260924T161654-031350ef0e814298b69b8a7f2571bf5c/official_result.json.gz
case_056,3,5,91897,91897,2734524,2734524,0.0,277285,方案/p3/n5/case_056_multicore_res.json,/Users/liyu/Desktop/中文题目/A题研究/advanced_solver/runs/formal_v2/evaluations/attempts/20260925T152228-071e32c1f144475c9f8aed9a7862ba98/record.json,/Users/liyu/Desktop/中文题目/A题研究/advanced_solver/runs/formal_v2/evaluations/attempts/20260925T152228-071e32c1f144475c9f8aed9a7862ba98/official_result.json.gz
case_057,1,1,59726,59726,94216,94216,0.0,59726,方案/p1/n1/case_057_multicore_res.json,/Users/liyu/Desktop/中文题目/A题研究/advanced_solver/runs/formal_v2/evaluations/attempts/20260924T233954-7200f3b165d3429db40e174521098793/record.json,/Users/liyu/Desktop/中文题目/A题研究/advanced_solver/runs/formal_v2/evaluations/attempts/20260924T233954-7200f3b165d3429db40e174521098793/official_result.json.gz
case_057,1,2,33201,33201,70272,70272,0.0,59726,方案/p1/n2/case_057_multicore_res.json,/Users/liyu/Desktop/中文题目/A题研究/advanced_solver/runs/formal_v2/evaluations/attempts/20260924T234142-b6952cd4a48e4e88ab18371dd7947491/record.json,/Users/liyu/Desktop/中文题目/A题研究/advanced_solver/runs/formal_v2/evaluations/attempts/20260924T234142-b6952cd4a48e4e88ab18371dd7947491/official_result.json.gz
case_057,1,3,22973,22973,70272,70272,0.0,59726,方案/p1/n3/case_057_multicore_res.json,/Users/liyu/Desktop/中文题目/A题研究/advanced_solver/runs/formal_v2/evaluations/attempts/20260924T234142-7a69754e2a56452e8c167a9f13944cc1/record.json,/Users/liyu/Desktop/中文题目/A题研究/advanced_solver/runs/formal_v2/evaluations/attempts/20260924T234142-7a69754e2a56452e8c167a9f13944cc1/official_result.json.gz
case_057,1,4,18187,18187,70272,70272,0.0,59726,方案/p1/n4/case_057_multicore_res.json,/Users/liyu/Desktop/中文题目/A题研究/advanced_solver/runs/formal_v2/evaluations/attempts/20260924T234143-2cc2aa2a980847cebc246ce9cf9b3dd3/record.json,/Users/liyu/Desktop/中文题目/A题研究/advanced_solver/runs/formal_v2/evaluations/attempts/20260924T234143-2cc2aa2a980847cebc246ce9cf9b3dd3/official_result.json.gz
case_057,1,5,14268,14268,70272,70272,0.0,59726,方案/p1/n5/case_057_multicore_res.json,/Users/liyu/Desktop/中文题目/A题研究/advanced_solver/runs/formal_v2/evaluations/attempts/20260924T221135-971f9b2a75f544628e71342c9a0da48f/record.json,/Users/liyu/Desktop/中文题目/A题研究/advanced_solver/runs/formal_v2/evaluations/attempts/20260924T221135-971f9b2a75f544628e71342c9a0da48f/official_result.json.gz
case_057,2,1,59726,59726,94216,94216,0.0,59726,方案/p2/n1/case_057_multicore_res.json,/Users/liyu/Desktop/中文题目/A题研究/advanced_solver/runs/formal_v2/evaluations/attempts/20260924T234320-f1e90cd3b1ba4883ba6da1075a48138f/record.json,/Users/liyu/Desktop/中文题目/A题研究/advanced_solver/runs/formal_v2/evaluations/attempts/20260924T234320-f1e90cd3b1ba4883ba6da1075a48138f/official_result.json.gz
case_057,2,2,32260,32260,1186582,1186582,0.0,59726,方案/p2/n2/case_057_multicore_res.json,/Users/liyu/Desktop/中文题目/A题研究/advanced_solver/runs/formal_v2/evaluations/attempts/20260924T235427-8292008a0270427a83159cb5e7fb8502/record.json,/Users/liyu/Desktop/中文题目/A题研究/advanced_solver/runs/formal_v2/evaluations/attempts/20260924T235427-8292008a0270427a83159cb5e7fb8502/official_result.json.gz
case_057,2,3,22235,22235,57640,57640,0.0,59726,方案/p2/n3/case_057_multicore_res.json,/Users/liyu/Desktop/中文题目/A题研究/advanced_solver/runs/formal_v2/evaluations/attempts/20260924T235427-02bc9c28e8ca47b5be039e05d35957c3/record.json,/Users/liyu/Desktop/中文题目/A题研究/advanced_solver/runs/formal_v2/evaluations/attempts/20260924T235427-02bc9c28e8ca47b5be039e05d35957c3/official_result.json.gz
case_057,2,4,17942,17942,288,288,0.0,59726,方案/p2/n4/case_057_multicore_res.json,/Users/liyu/Desktop/中文题目/A题研究/advanced_solver/runs/formal_v2/evaluations/attempts/20260924T135320-03ba68bddb4a41b38b9389367845dd05/record.json,/Users/liyu/Desktop/中文题目/A题研究/advanced_solver/runs/formal_v2/evaluations/attempts/20260924T135320-03ba68bddb4a41b38b9389367845dd05/official_result.json.gz
case_057,2,5,14371,14371,27936,27936,0.0,59726,方案/p2/n5/case_057_multicore_res.json,/Users/liyu/Desktop/中文题目/A题研究/advanced_solver/runs/formal_v2/evaluations/attempts/20260925T155736-2013c95aba704df19a9e87015514d917/record.json,/Users/liyu/Desktop/中文题目/A题研究/advanced_solver/runs/formal_v2/evaluations/attempts/20260925T155736-2013c95aba704df19a9e87015514d917/official_result.json.gz
case_057,3,1,59726,59726,94216,94216,0.0,59726,方案/p3/n1/case_057_multicore_res.json,/Users/liyu/Desktop/中文题目/A题研究/advanced_solver/runs/formal_v2/evaluations/attempts/20260924T234321-b2c879954bbe426db9958db4844a6363/record.json,/Users/liyu/Desktop/中文题目/A题研究/advanced_solver/runs/formal_v2/evaluations/attempts/20260924T234321-b2c879954bbe426db9958db4844a6363/official_result.json.gz
case_057,3,2,29663,29663,1186582,1186582,0.0,59726,方案/p3/n2/case_057_multicore_res.json,/Users/liyu/Desktop/中文题目/A题研究/advanced_solver/runs/formal_v2/evaluations/attempts/20260924T234002-b3eace77427f4a12aa6650b37108f72d/record.json,/Users/liyu/Desktop/中文题目/A题研究/advanced_solver/runs/formal_v2/evaluations/attempts/20260924T234002-b3eace77427f4a12aa6650b37108f72d/official_result.json.gz
case_057,3,3,22235,22235,57640,57640,0.0,59726,方案/p3/n3/case_057_multicore_res.json,/Users/liyu/Desktop/中文题目/A题研究/advanced_solver/runs/formal_v2/evaluations/attempts/20260924T234003-1b61bf4d04a140bbbbe9106a1494cdb2/record.json,/Users/liyu/Desktop/中文题目/A题研究/advanced_solver/runs/formal_v2/evaluations/attempts/20260924T234003-1b61bf4d04a140bbbbe9106a1494cdb2/official_result.json.gz
case_057,3,4,17942,17942,288,288,0.0,59726,方案/p3/n4/case_057_multicore_res.json,/Users/liyu/Desktop/中文题目/A题研究/advanced_solver/runs/formal_v2/evaluations/attempts/20260924T161638-d1e4d9f90d104b6798f9cc3bc84eb627/record.json,/Users/liyu/Desktop/中文题目/A题研究/advanced_solver/runs/formal_v2/evaluations/attempts/20260924T161638-d1e4d9f90d104b6798f9cc3bc84eb627/official_result.json.gz
case_057,3,5,14371,14371,27936,27936,0.0,59726,方案/p3/n5/case_057_multicore_res.json,/Users/liyu/Desktop/中文题目/A题研究/advanced_solver/runs/formal_v2/evaluations/attempts/20260925T155749-5c8f3ece0d1f4336a498da95a5ac41b8/record.json,/Users/liyu/Desktop/中文题目/A题研究/advanced_solver/runs/formal_v2/evaluations/attempts/20260925T155749-5c8f3ece0d1f4336a498da95a5ac41b8/official_result.json.gz
case_058,1,1,4365891,4365891,32440320,32440320,0.0,4539717,方案/p1/n1/case_058_multicore_res.json,/Users/liyu/Desktop/中文题目/A题研究/advanced_solver/runs/formal_v2/evaluations/attempts/20260924T233758-ffbdf4404d9544a38d8f9a4f6043d657/record.json,/Users/liyu/Desktop/中文题目/A题研究/advanced_solver/runs/formal_v2/evaluations/attempts/20260924T233758-ffbdf4404d9544a38d8f9a4f6043d657/official_result.json.gz
case_058,1,2,2260323,2260323,30367744,30367744,0.0,4539717,方案/p1/n2/case_058_multicore_res.json,/Users/liyu/Desktop/中文题目/A题研究/advanced_solver/runs/formal_v2/evaluations/attempts/20260924T161452-e64e2ecc5d9d4ebca1e2b5f371948dbf/record.json,/Users/liyu/Desktop/中文题目/A题研究/advanced_solver/runs/formal_v2/evaluations/attempts/20260924T161452-e64e2ecc5d9d4ebca1e2b5f371948dbf/official_result.json.gz
case_058,1,3,1516388,1516388,31899648,31899648,0.0,4539717,方案/p1/n3/case_058_multicore_res.json,/Users/liyu/Desktop/中文题目/A题研究/advanced_solver/runs/formal_v2/evaluations/attempts/20260924T164550-2ea5341a11d34dbe97e90f42633aad72/record.json,/Users/liyu/Desktop/中文题目/A题研究/advanced_solver/runs/formal_v2/evaluations/attempts/20260924T164550-2ea5341a11d34dbe97e90f42633aad72/official_result.json.gz
case_058,1,4,1134997,1134997,35819520,35819520,0.0,4539717,方案/p1/n4/case_058_multicore_res.json,/Users/liyu/Desktop/中文题目/A题研究/advanced_solver/runs/formal_v2/evaluations/attempts/20260924T165204-abe327be9b6b478ab6c665303ed51aeb/record.json,/Users/liyu/Desktop/中文题目/A题研究/advanced_solver/runs/formal_v2/evaluations/attempts/20260924T165204-abe327be9b6b478ab6c665303ed51aeb/official_result.json.gz
case_058,1,5,943984,943984,36671488,36671488,0.0,4539717,方案/p1/n5/case_058_multicore_res.json,/Users/liyu/Desktop/中文题目/A题研究/advanced_solver/runs/formal_v2/evaluations/attempts/20260924T170745-c745bd079a984787a8f512ffac8fae9d/record.json,/Users/liyu/Desktop/中文题目/A题研究/advanced_solver/runs/formal_v2/evaluations/attempts/20260924T170745-c745bd079a984787a8f512ffac8fae9d/official_result.json.gz
case_058,2,1,4539717,4539717,28696576,28696576,0.0,4539717,方案/p2/n1/case_058_multicore_res.json,/Users/liyu/Desktop/中文题目/A题研究/advanced_solver/runs/formal_v2/evaluations/attempts/20260924T234006-da5c3af5ec734da1b906384539865e22/record.json,/Users/liyu/Desktop/中文题目/A题研究/advanced_solver/runs/formal_v2/evaluations/attempts/20260924T234006-da5c3af5ec734da1b906384539865e22/official_result.json.gz
case_058,2,2,2263305,2263305,29569024,29569024,0.0,4539717,方案/p2/n2/case_058_multicore_res.json,/Users/liyu/Desktop/中文题目/A题研究/advanced_solver/runs/formal_v2/evaluations/attempts/20260924T233540-aff30ef95ddf41cca24cedbfb0b00cf3/record.json,/Users/liyu/Desktop/中文题目/A题研究/advanced_solver/runs/formal_v2/evaluations/attempts/20260924T233540-aff30ef95ddf41cca24cedbfb0b00cf3/official_result.json.gz
case_058,2,3,1554261,1554261,30400512,30400512,0.0,4539717,方案/p2/n3/case_058_multicore_res.json,/Users/liyu/Desktop/中文题目/A题研究/advanced_solver/runs/formal_v2/evaluations/attempts/20260924T233548-e1a5a0b09b104d7289b918028e4a8692/record.json,/Users/liyu/Desktop/中文题目/A题研究/advanced_solver/runs/formal_v2/evaluations/attempts/20260924T233548-e1a5a0b09b104d7289b918028e4a8692/official_result.json.gz
case_058,2,4,1131299,1131299,34217984,34217984,0.0,4539717,方案/p2/n4/case_058_multicore_res.json,/Users/liyu/Desktop/中文题目/A题研究/advanced_solver/runs/formal_v2/evaluations/attempts/20260924T233548-3985e6a60daa434a8b19248e7f8eac6f/record.json,/Users/liyu/Desktop/中文题目/A题研究/advanced_solver/runs/formal_v2/evaluations/attempts/20260924T233548-3985e6a60daa434a8b19248e7f8eac6f/official_result.json.gz
case_058,2,5,911208,911208,36388864,36388864,0.0,4539717,方案/p2/n5/case_058_multicore_res.json,/Users/liyu/Desktop/中文题目/A题研究/advanced_solver/runs/formal_v2/evaluations/attempts/20260924T140722-b06b2dfbf0a94889addb6477d13f766a/record.json,/Users/liyu/Desktop/中文题目/A题研究/advanced_solver/runs/formal_v2/evaluations/attempts/20260924T140722-b06b2dfbf0a94889addb6477d13f766a/official_result.json.gz
case_058,3,1,4539717,4539717,28696576,28696576,0.0,4539717,方案/p3/n1/case_058_multicore_res.json,/Users/liyu/Desktop/中文题目/A题研究/advanced_solver/runs/formal_v2/evaluations/attempts/20260924T234014-56f41cce29ae4f54b72acf8eaa752d9d/record.json,/Users/liyu/Desktop/中文题目/A题研究/advanced_solver/runs/formal_v2/evaluations/attempts/20260924T234014-56f41cce29ae4f54b72acf8eaa752d9d/official_result.json.gz
case_058,3,2,2262720,2262720,29569024,29569024,0.0,4539717,方案/p3/n2/case_058_multicore_res.json,/Users/liyu/Desktop/中文题目/A题研究/advanced_solver/runs/formal_v2/evaluations/attempts/20260924T162030-2d8c01660b664dcfb652fda3d5515868/record.json,/Users/liyu/Desktop/中文题目/A题研究/advanced_solver/runs/formal_v2/evaluations/attempts/20260924T162030-2d8c01660b664dcfb652fda3d5515868/official_result.json.gz
case_058,3,3,1554261,1554261,30400512,30400512,0.0,4539717,方案/p3/n3/case_058_multicore_res.json,/Users/liyu/Desktop/中文题目/A题研究/advanced_solver/runs/formal_v2/evaluations/attempts/20260924T162421-d608f90e149a442aa48f517b3460326c/record.json,/Users/liyu/Desktop/中文题目/A题研究/advanced_solver/runs/formal_v2/evaluations/attempts/20260924T162421-d608f90e149a442aa48f517b3460326c/official_result.json.gz
case_058,3,4,1126957,1126957,34217984,34217984,0.0,4539717,方案/p3/n4/case_058_multicore_res.json,/Users/liyu/Desktop/中文题目/A题研究/advanced_solver/runs/formal_v2/evaluations/attempts/20260924T234738-a63ef1c18e7449b494c75167d440e6a5/record.json,/Users/liyu/Desktop/中文题目/A题研究/advanced_solver/runs/formal_v2/evaluations/attempts/20260924T234738-a63ef1c18e7449b494c75167d440e6a5/official_result.json.gz
case_058,3,5,898391,898391,36298752,36298752,0.0,4539717,方案/p3/n5/case_058_multicore_res.json,/Users/liyu/Desktop/中文题目/A题研究/advanced_solver/runs/formal_v2/evaluations/attempts/20260924T163118-0ec114d33d314939a03a29482976e085/record.json,/Users/liyu/Desktop/中文题目/A题研究/advanced_solver/runs/formal_v2/evaluations/attempts/20260924T163118-0ec114d33d314939a03a29482976e085/official_result.json.gz
case_059,1,1,795946,795946,2621440,2621440,0.0,829473,方案/p1/n1/case_059_multicore_res.json,/Users/liyu/Desktop/中文题目/A题研究/advanced_solver/runs/formal_v2/evaluations/attempts/20260924T233940-00ba88210c0944c0b48efa1018e6d9b2/record.json,/Users/liyu/Desktop/中文题目/A题研究/advanced_solver/runs/formal_v2/evaluations/attempts/20260924T233940-00ba88210c0944c0b48efa1018e6d9b2/official_result.json.gz
case_059,1,2,369318,369318,360448,360448,0.0,829473,方案/p1/n2/case_059_multicore_res.json,/Users/liyu/Desktop/中文题目/A题研究/solver/runs/full_initial_v1/evaluations/attempts/20260924T100119-55b71df339f147bf93e4a2df38178cd6/record.json,/Users/liyu/Desktop/中文题目/A题研究/solver/runs/full_initial_v1/evaluations/attempts/20260924T100119-55b71df339f147bf93e4a2df38178cd6/official_result.json.gz
case_059,1,3,254768,254768,2117632,2117632,0.0,829473,方案/p1/n3/case_059_multicore_res.json,/Users/liyu/Desktop/中文题目/A题研究/advanced_solver/runs/formal_v2/evaluations/attempts/20260924T161817-b988bb02f7da4751824f5fe579dedbed/record.json,/Users/liyu/Desktop/中文题目/A题研究/advanced_solver/runs/formal_v2/evaluations/attempts/20260924T161817-b988bb02f7da4751824f5fe579dedbed/official_result.json.gz
case_059,1,4,185216,185216,1081344,1081344,0.0,829473,方案/p1/n4/case_059_multicore_res.json,/Users/liyu/Desktop/中文题目/A题研究/advanced_solver/runs/formal_v2/evaluations/attempts/20260924T161830-e05727007bfa48ab86c5631af6816ed9/record.json,/Users/liyu/Desktop/中文题目/A题研究/advanced_solver/runs/formal_v2/evaluations/attempts/20260924T161830-e05727007bfa48ab86c5631af6816ed9/official_result.json.gz
case_059,1,5,150782,150782,4325376,4325376,0.0,829473,方案/p1/n5/case_059_multicore_res.json,/Users/liyu/Desktop/中文题目/A题研究/solver/runs/full_initial_v1/evaluations/attempts/20260924T100126-a921ef03761b426a802fba197545184c/record.json,/Users/liyu/Desktop/中文题目/A题研究/solver/runs/full_initial_v1/evaluations/attempts/20260924T100126-a921ef03761b426a802fba197545184c/official_result.json.gz
case_059,2,1,829473,829473,1691648,1691648,0.0,829473,方案/p2/n1/case_059_multicore_res.json,/Users/liyu/Desktop/中文题目/A题研究/advanced_solver/runs/formal_v2/evaluations/attempts/20260924T234300-07bfdf388ad64349bb127dffaa54f2e0/record.json,/Users/liyu/Desktop/中文题目/A题研究/advanced_solver/runs/formal_v2/evaluations/attempts/20260924T234300-07bfdf388ad64349bb127dffaa54f2e0/official_result.json.gz
case_059,2,2,369318,369318,360448,360448,0.0,829473,方案/p2/n2/case_059_multicore_res.json,/Users/liyu/Desktop/中文题目/A题研究/solver/runs/full_initial_v1/evaluations/attempts/20260924T100129-ca8af3ba6c8b4a6a9534938893c7d227/record.json,/Users/liyu/Desktop/中文题目/A题研究/solver/runs/full_initial_v1/evaluations/attempts/20260924T100129-ca8af3ba6c8b4a6a9534938893c7d227/official_result.json.gz
case_059,2,3,253549,253549,1183744,1183744,0.0,829473,方案/p2/n3/case_059_multicore_res.json,/Users/liyu/Desktop/中文题目/A题研究/advanced_solver/runs/formal_v2/evaluations/attempts/20260924T135400-1942240f07424d75a120c9f87c62b8c2/record.json,/Users/liyu/Desktop/中文题目/A题研究/advanced_solver/runs/formal_v2/evaluations/attempts/20260924T135400-1942240f07424d75a120c9f87c62b8c2/official_result.json.gz
case_059,2,4,185216,185216,1081344,1081344,0.0,829473,方案/p2/n4/case_059_multicore_res.json,/Users/liyu/Desktop/中文题目/A题研究/advanced_solver/runs/formal_v2/evaluations/attempts/20260924T135408-18140d7a359e43a19d79cade9902ed78/record.json,/Users/liyu/Desktop/中文题目/A题研究/advanced_solver/runs/formal_v2/evaluations/attempts/20260924T135408-18140d7a359e43a19d79cade9902ed78/official_result.json.gz
case_059,2,5,150736,150736,1757184,1757184,0.0,829473,方案/p2/n5/case_059_multicore_res.json,/Users/liyu/Desktop/中文题目/A题研究/advanced_solver/runs/formal_v2/evaluations/attempts/20260924T221022-132fa3f7f04f46c993de5f6611d255cb/record.json,/Users/liyu/Desktop/中文题目/A题研究/advanced_solver/runs/formal_v2/evaluations/attempts/20260924T221022-132fa3f7f04f46c993de5f6611d255cb/official_result.json.gz
case_059,3,1,815938,815938,1691648,1691648,0.0,829473,方案/p3/n1/case_059_multicore_res.json,/Users/liyu/Desktop/中文题目/A题研究/advanced_solver/runs/formal_v2/evaluations/attempts/20260924T234300-250c0c48381244a3b852e303672b2555/record.json,/Users/liyu/Desktop/中文题目/A题研究/advanced_solver/runs/formal_v2/evaluations/attempts/20260924T234300-250c0c48381244a3b852e303672b2555/official_result.json.gz
case_059,3,2,369318,369318,360448,360448,0.0,829473,方案/p3/n2/case_059_multicore_res.json,/Users/liyu/Desktop/中文题目/A题研究/advanced_solver/runs/formal_v2/evaluations/attempts/20260924T161828-47c69c0b38f742f8a8d1d3a6b902bc43/record.json,/Users/liyu/Desktop/中文题目/A题研究/advanced_solver/runs/formal_v2/evaluations/attempts/20260924T161828-47c69c0b38f742f8a8d1d3a6b902bc43/official_result.json.gz
case_059,3,3,253549,253549,1183744,1183744,0.0,829473,方案/p3/n3/case_059_multicore_res.json,/Users/liyu/Desktop/中文题目/A题研究/advanced_solver/runs/formal_v2/evaluations/attempts/20260924T161854-3ae9f14ae9904208b5b25cec571735b4/record.json,/Users/liyu/Desktop/中文题目/A题研究/advanced_solver/runs/formal_v2/evaluations/attempts/20260924T161854-3ae9f14ae9904208b5b25cec571735b4/official_result.json.gz
case_059,3,4,185216,185216,1081344,1081344,0.0,829473,方案/p3/n4/case_059_multicore_res.json,/Users/liyu/Desktop/中文题目/A题研究/advanced_solver/runs/formal_v2/evaluations/attempts/20260924T161859-a411490e808843f5b2fce5c0f2381cce/record.json,/Users/liyu/Desktop/中文题目/A题研究/advanced_solver/runs/formal_v2/evaluations/attempts/20260924T161859-a411490e808843f5b2fce5c0f2381cce/official_result.json.gz
case_059,3,5,150736,150736,1757184,1757184,0.0,829473,方案/p3/n5/case_059_multicore_res.json,/Users/liyu/Desktop/中文题目/A题研究/advanced_solver/runs/formal_v2/evaluations/attempts/20260924T235417-5f1c424facb044f5bcd840e29a0fda10/record.json,/Users/liyu/Desktop/中文题目/A题研究/advanced_solver/runs/formal_v2/evaluations/attempts/20260924T235417-5f1c424facb044f5bcd840e29a0fda10/official_result.json.gz
case_060,1,1,867900,867900,3635336,3635336,0.0,888789,方案/p1/n1/case_060_multicore_res.json,/Users/liyu/Desktop/中文题目/A题研究/advanced_solver/runs/formal_v2/evaluations/attempts/20260924T233912-6121477a46484919a78c26e60e03507f/record.json,/Users/liyu/Desktop/中文题目/A题研究/advanced_solver/runs/formal_v2/evaluations/attempts/20260924T233912-6121477a46484919a78c26e60e03507f/official_result.json.gz
case_060,1,2,457717,457717,3319936,3319936,0.0,888789,方案/p1/n2/case_060_multicore_res.json,/Users/liyu/Desktop/中文题目/A题研究/advanced_solver/runs/formal_v2/evaluations/attempts/20260924T161859-2883c1e8d4634d50b559158f43c28d26/record.json,/Users/liyu/Desktop/中文题目/A题研究/advanced_solver/runs/formal_v2/evaluations/attempts/20260924T161859-2883c1e8d4634d50b559158f43c28d26/official_result.json.gz
case_060,1,3,312009,312009,8109056,8109056,0.0,888789,方案/p1/n3/case_060_multicore_res.json,/Users/liyu/Desktop/中文题目/A题研究/advanced_solver/runs/formal_v2/evaluations/attempts/20260924T234535-b1b3f663d7114539b45b817863387ddb/record.json,/Users/liyu/Desktop/中文题目/A题研究/advanced_solver/runs/formal_v2/evaluations/attempts/20260924T234535-b1b3f663d7114539b45b817863387ddb/official_result.json.gz
case_060,1,4,231814,231814,3975424,3975424,0.0,888789,方案/p1/n4/case_060_multicore_res.json,/Users/liyu/Desktop/中文题目/A题研究/advanced_solver/runs/formal_v2/evaluations/attempts/20260924T162106-c6a18749ae4e477fb8b72d946b861fad/record.json,/Users/liyu/Desktop/中文题目/A题研究/advanced_solver/runs/formal_v2/evaluations/attempts/20260924T162106-c6a18749ae4e477fb8b72d946b861fad/official_result.json.gz
case_060,1,5,183430,183430,3628416,3628416,0.0,888789,方案/p1/n5/case_060_multicore_res.json,/Users/liyu/Desktop/中文题目/A题研究/solver/runs/full_initial_v1/evaluations/attempts/20260924T100218-9db04ec3c21744f9bbfb60055df6dfa5/record.json,/Users/liyu/Desktop/中文题目/A题研究/solver/runs/full_initial_v1/evaluations/attempts/20260924T100218-9db04ec3c21744f9bbfb60055df6dfa5/official_result.json.gz
case_060,2,1,888789,888789,2068520,2068520,0.0,888789,方案/p2/n1/case_060_multicore_res.json,/Users/liyu/Desktop/中文题目/A题研究/advanced_solver/runs/formal_v2/evaluations/attempts/20260924T234212-f3aa3e2893e4423eb4b28b42e166bf80/record.json,/Users/liyu/Desktop/中文题目/A题研究/advanced_solver/runs/formal_v2/evaluations/attempts/20260924T234212-f3aa3e2893e4423eb4b28b42e166bf80/official_result.json.gz
case_060,2,2,427562,427562,2034816,2034816,0.0,888789,方案/p2/n2/case_060_multicore_res.json,/Users/liyu/Desktop/中文题目/A题研究/advanced_solver/runs/formal_v2/evaluations/attempts/20260924T233757-5b74056a914a479cacaf0f0ac6ce53ce/record.json,/Users/liyu/Desktop/中文题目/A题研究/advanced_solver/runs/formal_v2/evaluations/attempts/20260924T233757-5b74056a914a479cacaf0f0ac6ce53ce/official_result.json.gz
case_060,2,3,298513,298064,1904640,1913856,0.1504122098535121,888789,方案/p2/n3/case_060_multicore_res.json,/Users/liyu/Desktop/中文题目/A题研究/advanced_solver/runs/formal_v2/evaluations/attempts/20260925T180349-3d5226141b2e489f8f47a871f588cec0/record.json,/Users/liyu/Desktop/中文题目/A题研究/advanced_solver/runs/formal_v2/evaluations/attempts/20260925T180349-3d5226141b2e489f8f47a871f588cec0/official_result.json.gz
case_060,2,4,228155,225360,3979520,3954944,1.2250443777256703,888789,方案/p2/n4/case_060_multicore_res.json,/Users/liyu/Desktop/中文题目/A题研究/advanced_solver/runs/formal_v2/evaluations/attempts/20260925T180349-e95956a7a88d4bccbfeeb245d822b8f4/record.json,/Users/liyu/Desktop/中文题目/A题研究/advanced_solver/runs/formal_v2/evaluations/attempts/20260925T180349-e95956a7a88d4bccbfeeb245d822b8f4/official_result.json.gz
case_060,2,5,164455,161681,3644800,3521920,1.68678361861907,888789,方案/p2/n5/case_060_multicore_res.json,/Users/liyu/Desktop/中文题目/A题研究/advanced_solver/runs/formal_v2/evaluations/attempts/20260925T175916-9e5d19c27aec4bfd94d7ba7ecb44cbb7/record.json,/Users/liyu/Desktop/中文题目/A题研究/advanced_solver/runs/formal_v2/evaluations/attempts/20260925T175916-9e5d19c27aec4bfd94d7ba7ecb44cbb7/official_result.json.gz
case_060,3,1,887801,887801,2068520,2068520,0.0,888789,方案/p3/n1/case_060_multicore_res.json,/Users/liyu/Desktop/中文题目/A题研究/advanced_solver/runs/formal_v2/evaluations/attempts/20260924T234213-69ab3ad5085645be813e169996635ffe/record.json,/Users/liyu/Desktop/中文题目/A题研究/advanced_solver/runs/formal_v2/evaluations/attempts/20260924T234213-69ab3ad5085645be813e169996635ffe/official_result.json.gz
case_060,3,2,427523,427523,2034816,2034816,0.0,888789,方案/p3/n2/case_060_multicore_res.json,/Users/liyu/Desktop/中文题目/A题研究/advanced_solver/runs/formal_v2/evaluations/attempts/20260924T162007-98f6004da0d24deb8df1557120e5e88b/record.json,/Users/liyu/Desktop/中文题目/A题研究/advanced_solver/runs/formal_v2/evaluations/attempts/20260924T162007-98f6004da0d24deb8df1557120e5e88b/official_result.json.gz
case_060,3,3,298485,297940,1904640,1913856,0.18258873980266932,888789,方案/p3/n3/case_060_multicore_res.json,/Users/liyu/Desktop/中文题目/A题研究/advanced_solver/runs/formal_v2/evaluations/attempts/20260925T180251-28b280736eaa403ca73a634b956849ea/record.json,/Users/liyu/Desktop/中文题目/A题研究/advanced_solver/runs/formal_v2/evaluations/attempts/20260925T180251-28b280736eaa403ca73a634b956849ea/official_result.json.gz
case_060,3,4,226610,225156,3979520,3954944,0.6416309959842881,888789,方案/p3/n4/case_060_multicore_res.json,/Users/liyu/Desktop/中文题目/A题研究/advanced_solver/runs/formal_v2/evaluations/attempts/20260925T180255-7145d438a9604663a003c367e47d1ec6/record.json,/Users/liyu/Desktop/中文题目/A题研究/advanced_solver/runs/formal_v2/evaluations/attempts/20260925T180255-7145d438a9604663a003c367e47d1ec6/official_result.json.gz
case_060,3,5,160258,153683,3644800,3508608,4.102759300627734,888789,方案/p3/n5/case_060_multicore_res.json,/Users/liyu/Desktop/中文题目/A题研究/advanced_solver/runs/formal_v2/evaluations/attempts/20260925T175928-bef67b732de14d0d912bbbdbe6422335/record.json,/Users/liyu/Desktop/中文题目/A题研究/advanced_solver/runs/formal_v2/evaluations/attempts/20260925T175928-bef67b732de14d0d912bbbdbe6422335/official_result.json.gz
case_061,1,1,77396,77396,15360,15360,0.0,77191,方案/p1/n1/case_061_multicore_res.json,/Users/liyu/Desktop/中文题目/A题研究/advanced_solver/runs/formal_v2/evaluations/attempts/20260924T233949-4a99c19df95f46fa90e98e8ac4a33444/record.json,/Users/liyu/Desktop/中文题目/A题研究/advanced_solver/runs/formal_v2/evaluations/attempts/20260924T233949-4a99c19df95f46fa90e98e8ac4a33444/official_result.json.gz
case_061,1,2,39298,39298,34560,34560,0.0,77191,方案/p1/n2/case_061_multicore_res.json,/Users/liyu/Desktop/中文题目/A题研究/solver/runs/full_initial_v1/evaluations/attempts/20260924T100236-4826cf3af1254a3d8a5361e5a8c24e54/record.json,/Users/liyu/Desktop/中文题目/A题研究/solver/runs/full_initial_v1/evaluations/attempts/20260924T100236-4826cf3af1254a3d8a5361e5a8c24e54/official_result.json.gz
case_061,1,3,28342,28342,43008,43008,0.0,77191,方案/p1/n3/case_061_multicore_res.json,/Users/liyu/Desktop/中文题目/A题研究/advanced_solver/runs/formal_v2/evaluations/attempts/20260924T162309-d28b3c0ff66149efbc1659493bb42f8a/record.json,/Users/liyu/Desktop/中文题目/A题研究/advanced_solver/runs/formal_v2/evaluations/attempts/20260924T162309-d28b3c0ff66149efbc1659493bb42f8a/official_result.json.gz
case_061,1,4,26992,26992,278016,278016,0.0,77191,方案/p1/n4/case_061_multicore_res.json,/Users/liyu/Desktop/中文题目/A题研究/advanced_solver/runs/formal_v2/evaluations/attempts/20260924T234158-b348c55ca78d4428b6345090216f0827/record.json,/Users/liyu/Desktop/中文题目/A题研究/advanced_solver/runs/formal_v2/evaluations/attempts/20260924T234158-b348c55ca78d4428b6345090216f0827/official_result.json.gz
case_061,1,5,22283,22283,83712,83712,0.0,77191,方案/p1/n5/case_061_multicore_res.json,/Users/liyu/Desktop/中文题目/A题研究/solver/runs/full_initial_v1/evaluations/attempts/20260924T100238-462bd2842b804fdb8048c76130685b93/record.json,/Users/liyu/Desktop/中文题目/A题研究/solver/runs/full_initial_v1/evaluations/attempts/20260924T100238-462bd2842b804fdb8048c76130685b93/official_result.json.gz
case_061,2,1,77191,77191,0,0,0.0,77191,方案/p2/n1/case_061_multicore_res.json,/Users/liyu/Desktop/中文题目/A题研究/advanced_solver/runs/formal_v2/evaluations/attempts/20260924T234313-785ca16afd9d461fbaab87f8c776e19a/record.json,/Users/liyu/Desktop/中文题目/A题研究/advanced_solver/runs/formal_v2/evaluations/attempts/20260924T234313-785ca16afd9d461fbaab87f8c776e19a/official_result.json.gz
case_061,2,2,38566,38566,34560,34560,0.0,77191,方案/p2/n2/case_061_multicore_res.json,/Users/liyu/Desktop/中文题目/A题研究/advanced_solver/runs/formal_v2/evaluations/attempts/20260924T233848-0e0f0d4800f54f33b1687b0dbe125d49/record.json,/Users/liyu/Desktop/中文题目/A题研究/advanced_solver/runs/formal_v2/evaluations/attempts/20260924T233848-0e0f0d4800f54f33b1687b0dbe125d49/official_result.json.gz
case_061,2,3,25837,25837,43008,43008,0.0,77191,方案/p2/n3/case_061_multicore_res.json,/Users/liyu/Desktop/中文题目/A题研究/advanced_solver/runs/formal_v2/evaluations/attempts/20260924T235423-7a8228fee37d49e2a09442c7a4ffe4e0/record.json,/Users/liyu/Desktop/中文题目/A题研究/advanced_solver/runs/formal_v2/evaluations/attempts/20260924T235423-7a8228fee37d49e2a09442c7a4ffe4e0/official_result.json.gz
case_061,2,4,23801,23801,62208,62208,0.0,77191,方案/p2/n4/case_061_multicore_res.json,/Users/liyu/Desktop/中文题目/A题研究/advanced_solver/runs/formal_v2/evaluations/attempts/20260924T135822-1500204957994191abb12cc45a0a79d7/record.json,/Users/liyu/Desktop/中文题目/A题研究/advanced_solver/runs/formal_v2/evaluations/attempts/20260924T135822-1500204957994191abb12cc45a0a79d7/official_result.json.gz
case_061,2,5,21715,21715,96000,96000,0.0,77191,方案/p2/n5/case_061_multicore_res.json,/Users/liyu/Desktop/中文题目/A题研究/advanced_solver/runs/formal_v2/evaluations/attempts/20260924T220723-d1b08ac854284d0c9eda856ba5a36f35/record.json,/Users/liyu/Desktop/中文题目/A题研究/advanced_solver/runs/formal_v2/evaluations/attempts/20260924T220723-d1b08ac854284d0c9eda856ba5a36f35/official_result.json.gz
case_061,3,1,77191,77191,0,0,0.0,77191,方案/p3/n1/case_061_multicore_res.json,/Users/liyu/Desktop/中文题目/A题研究/advanced_solver/runs/formal_v2/evaluations/attempts/20260924T234313-e3464243323a45d8af7161495fba9322/record.json,/Users/liyu/Desktop/中文题目/A题研究/advanced_solver/runs/formal_v2/evaluations/attempts/20260924T234313-e3464243323a45d8af7161495fba9322/official_result.json.gz
case_061,3,2,38566,38566,34560,34560,0.0,77191,方案/p3/n2/case_061_multicore_res.json,/Users/liyu/Desktop/中文题目/A题研究/advanced_solver/runs/formal_v2/evaluations/attempts/20260924T162249-3ca1bc9b30cb48888fd87ce9fd93a88e/record.json,/Users/liyu/Desktop/中文题目/A题研究/advanced_solver/runs/formal_v2/evaluations/attempts/20260924T162249-3ca1bc9b30cb48888fd87ce9fd93a88e/official_result.json.gz
case_061,3,3,25837,25837,43008,43008,0.0,77191,方案/p3/n3/case_061_multicore_res.json,/Users/liyu/Desktop/中文题目/A题研究/advanced_solver/runs/formal_v2/evaluations/attempts/20260924T234017-102bc056bb304ebfbf43236d5826f5c3/record.json,/Users/liyu/Desktop/中文题目/A题研究/advanced_solver/runs/formal_v2/evaluations/attempts/20260924T234017-102bc056bb304ebfbf43236d5826f5c3/official_result.json.gz
case_061,3,4,23801,23801,62208,62208,0.0,77191,方案/p3/n4/case_061_multicore_res.json,/Users/liyu/Desktop/中文题目/A题研究/advanced_solver/runs/formal_v2/evaluations/attempts/20260924T162301-4bd272a6bdeb46068f44b9e492a64b10/record.json,/Users/liyu/Desktop/中文题目/A题研究/advanced_solver/runs/formal_v2/evaluations/attempts/20260924T162301-4bd272a6bdeb46068f44b9e492a64b10/official_result.json.gz
case_061,3,5,21715,21715,96000,96000,0.0,77191,方案/p3/n5/case_061_multicore_res.json,/Users/liyu/Desktop/中文题目/A题研究/advanced_solver/runs/formal_v2/evaluations/attempts/20260924T162318-af4a229a7f7542138d2f1b21116935df/record.json,/Users/liyu/Desktop/中文题目/A题研究/advanced_solver/runs/formal_v2/evaluations/attempts/20260924T162318-af4a229a7f7542138d2f1b21116935df/official_result.json.gz
case_062,1,1,2977362,2977362,10254336,10254336,0.0,2854809,方案/p1/n1/case_062_multicore_res.json,/Users/liyu/Desktop/中文题目/A题研究/advanced_solver/runs/formal_v2/evaluations/attempts/20260924T233726-226040e91d0640529538a6354b3e4872/record.json,/Users/liyu/Desktop/中文题目/A题研究/advanced_solver/runs/formal_v2/evaluations/attempts/20260924T233726-226040e91d0640529538a6354b3e4872/official_result.json.gz
case_062,1,2,2784050,2784050,43739136,43739136,0.0,2854809,方案/p1/n2/case_062_multicore_res.json,/Users/liyu/Desktop/中文题目/A题研究/advanced_solver/runs/formal_v2/evaluations/attempts/20260924T162713-aeb0b37a519547fa86afa2ecc52d626b/record.json,/Users/liyu/Desktop/中文题目/A题研究/advanced_solver/runs/formal_v2/evaluations/attempts/20260924T162713-aeb0b37a519547fa86afa2ecc52d626b/official_result.json.gz
case_062,1,3,2784050,2784050,43739136,43739136,0.0,2854809,方案/p1/n3/case_062_multicore_res.json,/Users/liyu/Desktop/中文题目/A题研究/advanced_solver/runs/formal_v2/evaluations/attempts/20260924T233048-7e72da9656fb4001b0e04b41bb1c29a9/record.json,/Users/liyu/Desktop/中文题目/A题研究/advanced_solver/runs/formal_v2/evaluations/attempts/20260924T233048-7e72da9656fb4001b0e04b41bb1c29a9/official_result.json.gz
case_062,1,4,2127630,2127630,5597184,5597184,0.0,2854809,方案/p1/n4/case_062_multicore_res.json,/Users/liyu/Desktop/中文题目/A题研究/advanced_solver/runs/formal_v2/evaluations/attempts/20260924T165912-d5d39fd8542e43b698380e77d80ae45f/record.json,/Users/liyu/Desktop/中文题目/A题研究/advanced_solver/runs/formal_v2/evaluations/attempts/20260924T165912-d5d39fd8542e43b698380e77d80ae45f/official_result.json.gz
case_062,1,5,942950,942950,23235072,23235072,0.0,2854809,方案/p1/n5/case_062_multicore_res.json,/Users/liyu/Desktop/中文题目/A题研究/advanced_solver/runs/formal_v2/evaluations/attempts/20260925T001419-53715ddbca874ef6a9713083cf3f7551/record.json,/Users/liyu/Desktop/中文题目/A题研究/advanced_solver/runs/formal_v2/evaluations/attempts/20260925T001419-53715ddbca874ef6a9713083cf3f7551/official_result.json.gz
case_062,2,1,2854809,2854809,0,0,0.0,2854809,方案/p2/n1/case_062_multicore_res.json,/Users/liyu/Desktop/中文题目/A题研究/advanced_solver/runs/formal_v2/evaluations/attempts/20260924T233854-1618c2d0386843d39d832e63f7c23f41/record.json,/Users/liyu/Desktop/中文题目/A题研究/advanced_solver/runs/formal_v2/evaluations/attempts/20260924T233854-1618c2d0386843d39d832e63f7c23f41/official_result.json.gz
case_062,2,2,1578487,1578487,10948608,10948608,0.0,2854809,方案/p2/n2/case_062_multicore_res.json,/Users/liyu/Desktop/中文题目/A题研究/advanced_solver/runs/formal_v2/evaluations/attempts/20260924T140449-e9eb6f19b4f5480aa1f7440fa738e26e/record.json,/Users/liyu/Desktop/中文题目/A题研究/advanced_solver/runs/formal_v2/evaluations/attempts/20260924T140449-e9eb6f19b4f5480aa1f7440fa738e26e/official_result.json.gz
case_062,2,3,1083732,1083732,10716672,10716672,0.0,2854809,方案/p2/n3/case_062_multicore_res.json,/Users/liyu/Desktop/中文题目/A题研究/advanced_solver/runs/formal_v2/evaluations/attempts/20260924T141020-9db14b5875cf4af19fdea71baa9762a3/record.json,/Users/liyu/Desktop/中文题目/A题研究/advanced_solver/runs/formal_v2/evaluations/attempts/20260924T141020-9db14b5875cf4af19fdea71baa9762a3/official_result.json.gz
case_062,2,4,837097,837097,10033152,10033152,0.0,2854809,方案/p2/n4/case_062_multicore_res.json,/Users/liyu/Desktop/中文题目/A题研究/advanced_solver/runs/formal_v2/evaluations/attempts/20260924T141444-d3af468ec3e0485f9f298012f100e948/record.json,/Users/liyu/Desktop/中文题目/A题研究/advanced_solver/runs/formal_v2/evaluations/attempts/20260924T141444-d3af468ec3e0485f9f298012f100e948/official_result.json.gz
case_062,2,5,690843,690843,9735168,9735168,0.0,2854809,方案/p2/n5/case_062_multicore_res.json,/Users/liyu/Desktop/中文题目/A题研究/advanced_solver/runs/formal_v2/evaluations/attempts/20260924T141719-d5ce54832e304fca9818138dbf587c56/record.json,/Users/liyu/Desktop/中文题目/A题研究/advanced_solver/runs/formal_v2/evaluations/attempts/20260924T141719-d5ce54832e304fca9818138dbf587c56/official_result.json.gz
case_062,3,1,2854809,2854809,0,0,0.0,2854809,方案/p3/n1/case_062_multicore_res.json,/Users/liyu/Desktop/中文题目/A题研究/advanced_solver/runs/formal_v2/evaluations/attempts/20260924T233900-91f3ed435c674a20a9e9b46670163b95/record.json,/Users/liyu/Desktop/中文题目/A题研究/advanced_solver/runs/formal_v2/evaluations/attempts/20260924T233900-91f3ed435c674a20a9e9b46670163b95/official_result.json.gz
case_062,3,2,1578487,1578487,10948608,10948608,0.0,2854809,方案/p3/n2/case_062_multicore_res.json,/Users/liyu/Desktop/中文题目/A题研究/advanced_solver/runs/formal_v2/evaluations/attempts/20260924T233456-6802cc64ee434a2aaf00fc3db9bd8e0c/record.json,/Users/liyu/Desktop/中文题目/A题研究/advanced_solver/runs/formal_v2/evaluations/attempts/20260924T233456-6802cc64ee434a2aaf00fc3db9bd8e0c/official_result.json.gz
case_062,3,3,1083732,1083732,10716672,10716672,0.0,2854809,方案/p3/n3/case_062_multicore_res.json,/Users/liyu/Desktop/中文题目/A题研究/advanced_solver/runs/formal_v2/evaluations/attempts/20260924T163220-f251a9a94e4f48e9b6aab4402701411a/record.json,/Users/liyu/Desktop/中文题目/A题研究/advanced_solver/runs/formal_v2/evaluations/attempts/20260924T163220-f251a9a94e4f48e9b6aab4402701411a/official_result.json.gz
case_062,3,4,837097,837097,10033152,10033152,0.0,2854809,方案/p3/n4/case_062_multicore_res.json,/Users/liyu/Desktop/中文题目/A题研究/advanced_solver/runs/formal_v2/evaluations/attempts/20260924T163535-384f7cfc99e7450a8504b36f244838f4/record.json,/Users/liyu/Desktop/中文题目/A题研究/advanced_solver/runs/formal_v2/evaluations/attempts/20260924T163535-384f7cfc99e7450a8504b36f244838f4/official_result.json.gz
case_062,3,5,690843,690843,9735168,9735168,0.0,2854809,方案/p3/n5/case_062_multicore_res.json,/Users/liyu/Desktop/中文题目/A题研究/advanced_solver/runs/formal_v2/evaluations/attempts/20260924T163904-422e9308f27f4427a46e817b82a2b7a6/record.json,/Users/liyu/Desktop/中文题目/A题研究/advanced_solver/runs/formal_v2/evaluations/attempts/20260924T163904-422e9308f27f4427a46e817b82a2b7a6/official_result.json.gz
case_063,1,1,1102415,1102415,2949120,2949120,0.0,1070397,方案/p1/n1/case_063_multicore_res.json,/Users/liyu/Desktop/中文题目/A题研究/advanced_solver/runs/formal_v2/evaluations/attempts/20260924T233849-684cf1a8fd67446e93baa4e476cab996/record.json,/Users/liyu/Desktop/中文题目/A题研究/advanced_solver/runs/formal_v2/evaluations/attempts/20260924T233849-684cf1a8fd67446e93baa4e476cab996/official_result.json.gz
case_063,1,2,538131,538131,99840,99840,0.0,1070397,方案/p1/n2/case_063_multicore_res.json,/Users/liyu/Desktop/中文题目/A题研究/advanced_solver/runs/formal_v2/evaluations/attempts/20260925T105709-8466b3ab698948c8a3c9cad43d0864ba/record.json,/Users/liyu/Desktop/中文题目/A题研究/advanced_solver/runs/formal_v2/evaluations/attempts/20260925T105709-8466b3ab698948c8a3c9cad43d0864ba/official_result.json.gz
case_063,1,3,447415,447415,2543616,2543616,0.0,1070397,方案/p1/n3/case_063_multicore_res.json,/Users/liyu/Desktop/中文题目/A题研究/advanced_solver/runs/formal_v2/evaluations/attempts/20260925T105721-bc17a45ed4434b66bdc9c5498c751d1d/record.json,/Users/liyu/Desktop/中文题目/A题研究/advanced_solver/runs/formal_v2/evaluations/attempts/20260925T105721-bc17a45ed4434b66bdc9c5498c751d1d/official_result.json.gz
case_063,1,4,327110,327110,6325248,6325248,0.0,1070397,方案/p1/n4/case_063_multicore_res.json,/Users/liyu/Desktop/中文题目/A题研究/advanced_solver/runs/formal_v2/evaluations/attempts/20260925T002158-1151f32758b7456ebe67b3668d8c8c27/record.json,/Users/liyu/Desktop/中文题目/A题研究/advanced_solver/runs/formal_v2/evaluations/attempts/20260925T002158-1151f32758b7456ebe67b3668d8c8c27/official_result.json.gz
case_063,1,5,286820,286820,8812032,8812032,0.0,1070397,方案/p1/n5/case_063_multicore_res.json,/Users/liyu/Desktop/中文题目/A题研究/advanced_solver/runs/formal_v2/evaluations/attempts/20260925T104902-05a3f2cde6bd437f94952bc372e6a047/record.json,/Users/liyu/Desktop/中文题目/A题研究/advanced_solver/runs/formal_v2/evaluations/attempts/20260925T104902-05a3f2cde6bd437f94952bc372e6a047/official_result.json.gz
case_063,2,1,1070397,1070397,0,0,0.0,1070397,方案/p2/n1/case_063_multicore_res.json,/Users/liyu/Desktop/中文题目/A题研究/advanced_solver/runs/formal_v2/evaluations/attempts/20260924T234135-53af1786ba9545afb6b4a1a139d03587/record.json,/Users/liyu/Desktop/中文题目/A题研究/advanced_solver/runs/formal_v2/evaluations/attempts/20260924T234135-53af1786ba9545afb6b4a1a139d03587/official_result.json.gz
case_063,2,2,549818,549818,15203328,15203328,0.0,1070397,方案/p2/n2/case_063_multicore_res.json,/Users/liyu/Desktop/中文题目/A题研究/advanced_solver/runs/formal_v2/evaluations/attempts/20260924T135941-2c22da97638b476080068fa834f4b743/record.json,/Users/liyu/Desktop/中文题目/A题研究/advanced_solver/runs/formal_v2/evaluations/attempts/20260924T135941-2c22da97638b476080068fa834f4b743/official_result.json.gz
case_063,2,3,335762,335762,6199296,6199296,0.0,1070397,方案/p2/n3/case_063_multicore_res.json,/Users/liyu/Desktop/中文题目/A题研究/advanced_solver/runs/formal_v2/evaluations/attempts/20260924T235326-0c1efcc9a8cc4cc28a06b3aebd8de3d8/record.json,/Users/liyu/Desktop/中文题目/A题研究/advanced_solver/runs/formal_v2/evaluations/attempts/20260924T235326-0c1efcc9a8cc4cc28a06b3aebd8de3d8/official_result.json.gz
case_063,2,4,273116,273116,6474240,6474240,0.0,1070397,方案/p2/n4/case_063_multicore_res.json,/Users/liyu/Desktop/中文题目/A题研究/advanced_solver/runs/formal_v2/evaluations/attempts/20260924T233719-d9e6034c0d78483b8ec5eb9d7f2b561a/record.json,/Users/liyu/Desktop/中文题目/A题研究/advanced_solver/runs/formal_v2/evaluations/attempts/20260924T233719-d9e6034c0d78483b8ec5eb9d7f2b561a/official_result.json.gz
case_063,2,5,206194,206194,3164160,3164160,0.0,1070397,方案/p2/n5/case_063_multicore_res.json,/Users/liyu/Desktop/中文题目/A题研究/advanced_solver/runs/formal_v2/evaluations/attempts/20260924T220724-654a2a1d0b844043940f5669539360b0/record.json,/Users/liyu/Desktop/中文题目/A题研究/advanced_solver/runs/formal_v2/evaluations/attempts/20260924T220724-654a2a1d0b844043940f5669539360b0/official_result.json.gz
case_063,3,1,1070397,1070397,0,0,0.0,1070397,方案/p3/n1/case_063_multicore_res.json,/Users/liyu/Desktop/中文题目/A题研究/advanced_solver/runs/formal_v2/evaluations/attempts/20260924T234137-f2bc010fdcf845c58977efeda7eb49f9/record.json,/Users/liyu/Desktop/中文题目/A题研究/advanced_solver/runs/formal_v2/evaluations/attempts/20260924T234137-f2bc010fdcf845c58977efeda7eb49f9/official_result.json.gz
case_063,3,2,548808,548808,15203328,15203328,0.0,1070397,方案/p3/n2/case_063_multicore_res.json,/Users/liyu/Desktop/中文题目/A题研究/advanced_solver/runs/formal_v2/evaluations/attempts/20260924T163242-a2831bbecf5c4861b03017a99c6ead31/record.json,/Users/liyu/Desktop/中文题目/A题研究/advanced_solver/runs/formal_v2/evaluations/attempts/20260924T163242-a2831bbecf5c4861b03017a99c6ead31/official_result.json.gz
case_063,3,3,335063,335063,6199296,6199296,0.0,1070397,方案/p3/n3/case_063_multicore_res.json,/Users/liyu/Desktop/中文题目/A题研究/advanced_solver/runs/formal_v2/evaluations/attempts/20260924T234357-ab448bb29a05452686cb5809a1678eb3/record.json,/Users/liyu/Desktop/中文题目/A题研究/advanced_solver/runs/formal_v2/evaluations/attempts/20260924T234357-ab448bb29a05452686cb5809a1678eb3/official_result.json.gz
case_063,3,4,272966,272966,6474240,6474240,0.0,1070397,方案/p3/n4/case_063_multicore_res.json,/Users/liyu/Desktop/中文题目/A题研究/advanced_solver/runs/formal_v2/evaluations/attempts/20260924T163511-94a914b1de2941bba97eef717cb8cce5/record.json,/Users/liyu/Desktop/中文题目/A题研究/advanced_solver/runs/formal_v2/evaluations/attempts/20260924T163511-94a914b1de2941bba97eef717cb8cce5/official_result.json.gz
case_063,3,5,206181,206181,3164160,3164160,0.0,1070397,方案/p3/n5/case_063_multicore_res.json,/Users/liyu/Desktop/中文题目/A题研究/advanced_solver/runs/formal_v2/evaluations/attempts/20260924T163612-a8b27738181d413fb2b3f6376047aa1e/record.json,/Users/liyu/Desktop/中文题目/A题研究/advanced_solver/runs/formal_v2/evaluations/attempts/20260924T163612-a8b27738181d413fb2b3f6376047aa1e/official_result.json.gz
case_064,1,1,19116,19116,0,0,0.0,19116,方案/p1/n1/case_064_multicore_res.json,/Users/liyu/Desktop/中文题目/A题研究/solver/runs/pilot_fullpool_v2/evaluations/attempts/20260924T093805-1d288900423b44adb5a24379352de55b/record.json,/Users/liyu/Desktop/中文题目/A题研究/solver/runs/pilot_fullpool_v2/evaluations/attempts/20260924T093803-befd872e27e840b78e6fb09d6ebfaa86/official_result.json.gz
case_064,1,2,17896,17896,48856,48856,0.0,19116,方案/p1/n2/case_064_multicore_res.json,/Users/liyu/Desktop/中文题目/A题研究/advanced_solver/runs/formal_v2/evaluations/attempts/20260924T234143-636f4e2547334afd86f0b7956c95c1ed/record.json,/Users/liyu/Desktop/中文题目/A题研究/advanced_solver/runs/formal_v2/evaluations/attempts/20260924T234143-636f4e2547334afd86f0b7956c95c1ed/official_result.json.gz
case_064,1,3,17896,17896,48856,48856,0.0,19116,方案/p1/n3/case_064_multicore_res.json,/Users/liyu/Desktop/中文题目/A题研究/advanced_solver/runs/formal_v2/evaluations/attempts/20260924T235539-2cbe7ffccc0747de8b66e430f634c37e/record.json,/Users/liyu/Desktop/中文题目/A题研究/advanced_solver/runs/formal_v2/evaluations/attempts/20260924T235539-2cbe7ffccc0747de8b66e430f634c37e/official_result.json.gz
case_064,1,4,16863,16863,48856,48856,0.0,19116,方案/p1/n4/case_064_multicore_res.json,/Users/liyu/Desktop/中文题目/A题研究/advanced_solver/runs/formal_v2/evaluations/attempts/20260924T234144-3d6e27c715874dff9ca2fdc88faef86b/record.json,/Users/liyu/Desktop/中文题目/A题研究/advanced_solver/runs/formal_v2/evaluations/attempts/20260924T234144-3d6e27c715874dff9ca2fdc88faef86b/official_result.json.gz
case_064,1,5,15177,15177,207694,207694,0.0,19116,方案/p1/n5/case_064_multicore_res.json,/Users/liyu/Desktop/中文题目/A题研究/advanced_solver/runs/formal_v2/evaluations/attempts/20260925T173137-3c5f5bf3cd794569b1a8a2aa03abb3c9/record.json,/Users/liyu/Desktop/中文题目/A题研究/advanced_solver/runs/formal_v2/evaluations/attempts/20260925T173137-3c5f5bf3cd794569b1a8a2aa03abb3c9/official_result.json.gz
case_064,2,1,19116,19116,0,0,0.0,19116,方案/p2/n1/case_064_multicore_res.json,/Users/liyu/Desktop/中文题目/A题研究/solver/runs/pilot_fullpool_v2/evaluations/attempts/20260924T093805-71b6d028b9814fd2a06a3f417e03ec12/record.json,/Users/liyu/Desktop/中文题目/A题研究/solver/runs/pilot_fullpool_v2/evaluations/attempts/20260924T093804-606aec8f189f44409d813058afb4fe77/official_result.json.gz
case_064,2,2,14566,14566,33828,33828,0.0,19116,方案/p2/n2/case_064_multicore_res.json,/Users/liyu/Desktop/中文题目/A题研究/advanced_solver/runs/formal_v2/evaluations/attempts/20260924T233854-3bf352ee29124c82adea2a6a3b71eb75/record.json,/Users/liyu/Desktop/中文题目/A题研究/advanced_solver/runs/formal_v2/evaluations/attempts/20260924T233854-3bf352ee29124c82adea2a6a3b71eb75/official_result.json.gz
case_064,2,3,10854,10854,102764,102764,0.0,19116,方案/p2/n3/case_064_multicore_res.json,/Users/liyu/Desktop/中文题目/A题研究/advanced_solver/runs/formal_v2/evaluations/attempts/20260924T233854-dca672da6d4e4c0b806a7e6ce839d4c7/record.json,/Users/liyu/Desktop/中文题目/A题研究/advanced_solver/runs/formal_v2/evaluations/attempts/20260924T233854-dca672da6d4e4c0b806a7e6ce839d4c7/official_result.json.gz
case_064,2,4,9171,9171,122668,122668,0.0,19116,方案/p2/n4/case_064_multicore_res.json,/Users/liyu/Desktop/中文题目/A题研究/advanced_solver/runs/formal_v2/evaluations/attempts/20260924T140358-d0d3bf90f23f4bf1a6194638c50014ef/record.json,/Users/liyu/Desktop/中文题目/A题研究/advanced_solver/runs/formal_v2/evaluations/attempts/20260924T140358-d0d3bf90f23f4bf1a6194638c50014ef/official_result.json.gz
case_064,2,5,8539,8539,127474,127474,0.0,19116,方案/p2/n5/case_064_multicore_res.json,/Users/liyu/Desktop/中文题目/A题研究/advanced_solver/runs/formal_v2/evaluations/attempts/20260925T173008-4aea3480ea2f4f16a86e187ac275210e/record.json,/Users/liyu/Desktop/中文题目/A题研究/advanced_solver/runs/formal_v2/evaluations/attempts/20260925T173008-4aea3480ea2f4f16a86e187ac275210e/official_result.json.gz
case_064,3,1,19116,19116,0,0,0.0,19116,方案/p3/n1/case_064_multicore_res.json,/Users/liyu/Desktop/中文题目/A题研究/solver/runs/pilot_fullpool_v2/evaluations/attempts/20260924T093805-0dc32597de8244e2936cee515ca0b116/record.json,/Users/liyu/Desktop/中文题目/A题研究/solver/runs/pilot_fullpool_v2/evaluations/attempts/20260924T093804-bd3a2c43b7c3404bbb8bd82df4cb1324/official_result.json.gz
case_064,3,2,14566,14566,33828,33828,0.0,19116,方案/p3/n2/case_064_multicore_res.json,/Users/liyu/Desktop/中文题目/A题研究/advanced_solver/runs/formal_v2/evaluations/attempts/20260924T163629-d3760415d0134d6e8e0f4350738d4822/record.json,/Users/liyu/Desktop/中文题目/A题研究/advanced_solver/runs/formal_v2/evaluations/attempts/20260924T163629-d3760415d0134d6e8e0f4350738d4822/official_result.json.gz
case_064,3,3,10823,10823,102764,102764,0.0,19116,方案/p3/n3/case_064_multicore_res.json,/Users/liyu/Desktop/中文题目/A题研究/advanced_solver/runs/formal_v2/evaluations/attempts/20260924T163636-6bdfc851838f4bc1a94b1cfdbac557d4/record.json,/Users/liyu/Desktop/中文题目/A题研究/advanced_solver/runs/formal_v2/evaluations/attempts/20260924T163636-6bdfc851838f4bc1a94b1cfdbac557d4/official_result.json.gz
case_064,3,4,9149,9149,122668,122668,0.0,19116,方案/p3/n4/case_064_multicore_res.json,/Users/liyu/Desktop/中文题目/A题研究/advanced_solver/runs/formal_v2/evaluations/attempts/20260924T163638-b8e68cf938964164a9540cf4fdd03586/record.json,/Users/liyu/Desktop/中文题目/A题研究/advanced_solver/runs/formal_v2/evaluations/attempts/20260924T163638-b8e68cf938964164a9540cf4fdd03586/official_result.json.gz
case_064,3,5,8510,8510,127474,127474,0.0,19116,方案/p3/n5/case_064_multicore_res.json,/Users/liyu/Desktop/中文题目/A题研究/advanced_solver/runs/formal_v2/evaluations/attempts/20260925T173919-4632222cbff444e3b036739eaa7c9e86/record.json,/Users/liyu/Desktop/中文题目/A题研究/advanced_solver/runs/formal_v2/evaluations/attempts/20260925T173919-4632222cbff444e3b036739eaa7c9e86/official_result.json.gz
case_065,1,1,53068,53068,0,0,0.0,53068,方案/p1/n1/case_065_multicore_res.json,/Users/liyu/Desktop/中文题目/A题研究/advanced_solver/runs/formal_v2/evaluations/attempts/20260924T233955-ef35cfc8100a4c5f81ffdf2adbb30bd0/record.json,/Users/liyu/Desktop/中文题目/A题研究/advanced_solver/runs/formal_v2/evaluations/attempts/20260924T233955-ef35cfc8100a4c5f81ffdf2adbb30bd0/official_result.json.gz
case_065,1,2,26308,26308,41616,41616,0.0,53068,方案/p1/n2/case_065_multicore_res.json,/Users/liyu/Desktop/中文题目/A题研究/advanced_solver/runs/formal_v2/evaluations/attempts/20260924T163037-422046c39c624809b8474f3e604e0f88/record.json,/Users/liyu/Desktop/中文题目/A题研究/advanced_solver/runs/formal_v2/evaluations/attempts/20260924T163037-422046c39c624809b8474f3e604e0f88/official_result.json.gz
case_065,1,3,18088,18088,69408,69408,0.0,53068,方案/p1/n3/case_065_multicore_res.json,/Users/liyu/Desktop/中文题目/A题研究/advanced_solver/runs/formal_v2/evaluations/attempts/20260924T163041-b228deba95b549cf9a1b8d9206e3c42b/record.json,/Users/liyu/Desktop/中文题目/A题研究/advanced_solver/runs/formal_v2/evaluations/attempts/20260924T163041-b228deba95b549cf9a1b8d9206e3c42b/official_result.json.gz
case_065,1,4,13210,13210,96912,96912,0.0,53068,方案/p1/n4/case_065_multicore_res.json,/Users/liyu/Desktop/中文题目/A题研究/advanced_solver/runs/formal_v2/evaluations/attempts/20260924T163045-481bff9209bf4018b5cd063bf64776f7/record.json,/Users/liyu/Desktop/中文题目/A题研究/advanced_solver/runs/formal_v2/evaluations/attempts/20260924T163045-481bff9209bf4018b5cd063bf64776f7/official_result.json.gz
case_065,1,5,11994,11994,110736,110736,0.0,53068,方案/p1/n5/case_065_multicore_res.json,/Users/liyu/Desktop/中文题目/A题研究/advanced_solver/runs/formal_v2/evaluations/attempts/20260924T163048-657ff0b5647d4826aac40a9fedb86572/record.json,/Users/liyu/Desktop/中文题目/A题研究/advanced_solver/runs/formal_v2/evaluations/attempts/20260924T163048-657ff0b5647d4826aac40a9fedb86572/official_result.json.gz
case_065,2,1,53068,53068,0,0,0.0,53068,方案/p2/n1/case_065_multicore_res.json,/Users/liyu/Desktop/中文题目/A题研究/advanced_solver/runs/formal_v2/evaluations/attempts/20260924T234321-1a5851cd2bd04ce2930d2cbbb84b0a6f/record.json,/Users/liyu/Desktop/中文题目/A题研究/advanced_solver/runs/formal_v2/evaluations/attempts/20260924T234321-1a5851cd2bd04ce2930d2cbbb84b0a6f/official_result.json.gz
case_065,2,2,23611,23611,13968,13968,0.0,53068,方案/p2/n2/case_065_multicore_res.json,/Users/liyu/Desktop/中文题目/A题研究/advanced_solver/runs/formal_v2/evaluations/attempts/20260924T140412-263fc98e0ea345489e52e2c719859047/record.json,/Users/liyu/Desktop/中文题目/A题研究/advanced_solver/runs/formal_v2/evaluations/attempts/20260924T140412-263fc98e0ea345489e52e2c719859047/official_result.json.gz
case_065,2,3,17093,17093,27936,27936,0.0,53068,方案/p2/n3/case_065_multicore_res.json,/Users/liyu/Desktop/中文题目/A题研究/advanced_solver/runs/formal_v2/evaluations/attempts/20260924T233856-4a4bdf961ca94405ac42cc3c8b0783d6/record.json,/Users/liyu/Desktop/中文题目/A题研究/advanced_solver/runs/formal_v2/evaluations/attempts/20260924T233856-4a4bdf961ca94405ac42cc3c8b0783d6/official_result.json.gz
case_065,2,4,12999,12999,41616,41616,0.0,53068,方案/p2/n4/case_065_multicore_res.json,/Users/liyu/Desktop/中文题目/A题研究/advanced_solver/runs/formal_v2/evaluations/attempts/20260924T140426-0473ec6256a64aee98b64b8dd4fe7c9b/record.json,/Users/liyu/Desktop/中文题目/A题研究/advanced_solver/runs/formal_v2/evaluations/attempts/20260924T140426-0473ec6256a64aee98b64b8dd4fe7c9b/official_result.json.gz
case_065,2,5,8714,8714,55584,55584,0.0,53068,方案/p2/n5/case_065_multicore_res.json,/Users/liyu/Desktop/中文题目/A题研究/advanced_solver/runs/formal_v2/evaluations/attempts/20260925T155403-82bb1ae3aec549f09cc5c745e0ba6077/record.json,/Users/liyu/Desktop/中文题目/A题研究/advanced_solver/runs/formal_v2/evaluations/attempts/20260925T155403-82bb1ae3aec549f09cc5c745e0ba6077/official_result.json.gz
case_065,3,1,53068,53068,0,0,0.0,53068,方案/p3/n1/case_065_multicore_res.json,/Users/liyu/Desktop/中文题目/A题研究/advanced_solver/runs/formal_v2/evaluations/attempts/20260924T234321-7ae202851a254950881410c5673df3d1/record.json,/Users/liyu/Desktop/中文题目/A题研究/advanced_solver/runs/formal_v2/evaluations/attempts/20260924T234321-7ae202851a254950881410c5673df3d1/official_result.json.gz
case_065,3,2,23611,23611,13968,13968,0.0,53068,方案/p3/n2/case_065_multicore_res.json,/Users/liyu/Desktop/中文题目/A题研究/advanced_solver/runs/formal_v2/evaluations/attempts/20260924T163651-0d089a73dc4247d8a9c915f3b5d6fcb4/record.json,/Users/liyu/Desktop/中文题目/A题研究/advanced_solver/runs/formal_v2/evaluations/attempts/20260924T163651-0d089a73dc4247d8a9c915f3b5d6fcb4/official_result.json.gz
case_065,3,3,17093,17093,27936,27936,0.0,53068,方案/p3/n3/case_065_multicore_res.json,/Users/liyu/Desktop/中文题目/A题研究/advanced_solver/runs/formal_v2/evaluations/attempts/20260924T163701-88288b77fb0b4eb8bb88e10d26f58ecd/record.json,/Users/liyu/Desktop/中文题目/A题研究/advanced_solver/runs/formal_v2/evaluations/attempts/20260924T163701-88288b77fb0b4eb8bb88e10d26f58ecd/official_result.json.gz
case_065,3,4,12999,12999,41616,41616,0.0,53068,方案/p3/n4/case_065_multicore_res.json,/Users/liyu/Desktop/中文题目/A题研究/advanced_solver/runs/formal_v2/evaluations/attempts/20260924T163703-6300c59a25cc48a0a8ad38f69ba89d2b/record.json,/Users/liyu/Desktop/中文题目/A题研究/advanced_solver/runs/formal_v2/evaluations/attempts/20260924T163703-6300c59a25cc48a0a8ad38f69ba89d2b/official_result.json.gz
case_065,3,5,8335,8335,55584,55584,0.0,53068,方案/p3/n5/case_065_multicore_res.json,/Users/liyu/Desktop/中文题目/A题研究/advanced_solver/runs/formal_v2/evaluations/attempts/20260925T155405-b8adaf7de0e34e988c008545474d1952/record.json,/Users/liyu/Desktop/中文题目/A题研究/advanced_solver/runs/formal_v2/evaluations/attempts/20260925T155405-b8adaf7de0e34e988c008545474d1952/official_result.json.gz
case_066,1,1,358492,358492,403768,403768,0.0,359070,方案/p1/n1/case_066_multicore_res.json,/Users/liyu/Desktop/中文题目/A题研究/advanced_solver/runs/formal_v2/evaluations/attempts/20260924T233914-59388e0a200b456fb6feee1cfc334d9f/record.json,/Users/liyu/Desktop/中文题目/A题研究/advanced_solver/runs/formal_v2/evaluations/attempts/20260924T233914-59388e0a200b456fb6feee1cfc334d9f/official_result.json.gz
case_066,1,2,247728,247728,142662,142662,0.0,359070,方案/p1/n2/case_066_multicore_res.json,/Users/liyu/Desktop/中文题目/A题研究/advanced_solver/runs/formal_v2/evaluations/attempts/20260924T234518-a97a1c8ad10242bba82629f79f7517ef/record.json,/Users/liyu/Desktop/中文题目/A题研究/advanced_solver/runs/formal_v2/evaluations/attempts/20260924T234518-a97a1c8ad10242bba82629f79f7517ef/official_result.json.gz
case_066,1,3,234251,160671,1119442,3191810,31.410751715040707,359070,方案/p1/n3/case_066_multicore_res.json,/Users/liyu/Desktop/中文题目/A题研究/advanced_solver/runs/formal_v2/evaluations/attempts/20260925T180220-096ee4d6d8f646ae9a5764cf8664ed27/record.json,/Users/liyu/Desktop/中文题目/A题研究/advanced_solver/runs/formal_v2/evaluations/attempts/20260925T180220-096ee4d6d8f646ae9a5764cf8664ed27/official_result.json.gz
case_066,1,4,203497,134704,1859170,3435846,33.80541236480145,359070,方案/p1/n4/case_066_multicore_res.json,/Users/liyu/Desktop/中文题目/A题研究/advanced_solver/runs/formal_v2/evaluations/attempts/20260925T180220-decba5866ce8425daf18b288f85a2790/record.json,/Users/liyu/Desktop/中文题目/A题研究/advanced_solver/runs/formal_v2/evaluations/attempts/20260925T180220-decba5866ce8425daf18b288f85a2790/official_result.json.gz
case_066,1,5,199028,125828,2217964,4268418,36.778744699238295,359070,方案/p1/n5/case_066_multicore_res.json,/Users/liyu/Desktop/中文题目/A题研究/advanced_solver/runs/formal_v2/evaluations/attempts/20260925T175706-1b3ea2493cf4405ab6803a43a5657384/record.json,/Users/liyu/Desktop/中文题目/A题研究/advanced_solver/runs/formal_v2/evaluations/attempts/20260925T175706-1b3ea2493cf4405ab6803a43a5657384/official_result.json.gz
case_066,2,1,359070,359070,0,0,0.0,359070,方案/p2/n1/case_066_multicore_res.json,/Users/liyu/Desktop/中文题目/A题研究/advanced_solver/runs/formal_v2/evaluations/attempts/20260924T234214-e206d84e9e0748428f873ab38f1e4ab5/record.json,/Users/liyu/Desktop/中文题目/A题研究/advanced_solver/runs/formal_v2/evaluations/attempts/20260924T234214-e206d84e9e0748428f873ab38f1e4ab5/official_result.json.gz
case_066,2,2,193251,193251,1315736,1315736,0.0,359070,方案/p2/n2/case_066_multicore_res.json,/Users/liyu/Desktop/中文题目/A题研究/advanced_solver/runs/formal_v2/evaluations/attempts/20260924T235352-2045d23dd933429686acff9d216c67a9/record.json,/Users/liyu/Desktop/中文题目/A题研究/advanced_solver/runs/formal_v2/evaluations/attempts/20260924T235352-2045d23dd933429686acff9d216c67a9/official_result.json.gz
case_066,2,3,136691,136691,2152710,2152710,0.0,359070,方案/p2/n3/case_066_multicore_res.json,/Users/liyu/Desktop/中文题目/A题研究/advanced_solver/runs/formal_v2/evaluations/attempts/20260924T233800-9b73a0369d354aabbdc7b3a6803cb14c/record.json,/Users/liyu/Desktop/中文题目/A题研究/advanced_solver/runs/formal_v2/evaluations/attempts/20260924T233800-9b73a0369d354aabbdc7b3a6803cb14c/official_result.json.gz
case_066,2,4,121966,121966,2619424,2619424,0.0,359070,方案/p2/n4/case_066_multicore_res.json,/Users/liyu/Desktop/中文题目/A题研究/advanced_solver/runs/formal_v2/evaluations/attempts/20260924T235352-af5b255cb88a4754940467213fb30b1d/record.json,/Users/liyu/Desktop/中文题目/A题研究/advanced_solver/runs/formal_v2/evaluations/attempts/20260924T235352-af5b255cb88a4754940467213fb30b1d/official_result.json.gz
case_066,2,5,114172,114172,3267848,3267848,0.0,359070,方案/p2/n5/case_066_multicore_res.json,/Users/liyu/Desktop/中文题目/A题研究/advanced_solver/runs/formal_v2/evaluations/attempts/20260924T220726-352d74b548184cd29577d68f7fd52bb8/record.json,/Users/liyu/Desktop/中文题目/A题研究/advanced_solver/runs/formal_v2/evaluations/attempts/20260924T220726-352d74b548184cd29577d68f7fd52bb8/official_result.json.gz
case_066,3,1,359070,359070,0,0,0.0,359070,方案/p3/n1/case_066_multicore_res.json,/Users/liyu/Desktop/中文题目/A题研究/advanced_solver/runs/formal_v2/evaluations/attempts/20260924T234216-e0a57f03e32843c6a98bae81c2da22eb/record.json,/Users/liyu/Desktop/中文题目/A题研究/advanced_solver/runs/formal_v2/evaluations/attempts/20260924T234216-e0a57f03e32843c6a98bae81c2da22eb/official_result.json.gz
case_066,3,2,193085,193085,1315736,1315736,0.0,359070,方案/p3/n2/case_066_multicore_res.json,/Users/liyu/Desktop/中文题目/A题研究/advanced_solver/runs/formal_v2/evaluations/attempts/20260924T234158-97cdbcbf06af4f768cc8eac014716b32/record.json,/Users/liyu/Desktop/中文题目/A题研究/advanced_solver/runs/formal_v2/evaluations/attempts/20260924T234158-97cdbcbf06af4f768cc8eac014716b32/official_result.json.gz
case_066,3,3,134574,134574,2152710,2152710,0.0,359070,方案/p3/n3/case_066_multicore_res.json,/Users/liyu/Desktop/中文题目/A题研究/advanced_solver/runs/formal_v2/evaluations/attempts/20260924T163844-1dafe5f4ccb8475692e51a4a0a9e2c39/record.json,/Users/liyu/Desktop/中文题目/A题研究/advanced_solver/runs/formal_v2/evaluations/attempts/20260924T163844-1dafe5f4ccb8475692e51a4a0a9e2c39/official_result.json.gz
case_066,3,4,120257,120257,2619424,2619424,0.0,359070,方案/p3/n4/case_066_multicore_res.json,/Users/liyu/Desktop/中文题目/A题研究/advanced_solver/runs/formal_v2/evaluations/attempts/20260924T234205-d9829e58e56d4cb5b4ce70dc135c9b2b/record.json,/Users/liyu/Desktop/中文题目/A题研究/advanced_solver/runs/formal_v2/evaluations/attempts/20260924T234205-d9829e58e56d4cb5b4ce70dc135c9b2b/official_result.json.gz
case_066,3,5,106776,106776,3267848,3267848,0.0,359070,方案/p3/n5/case_066_multicore_res.json,/Users/liyu/Desktop/中文题目/A题研究/advanced_solver/runs/formal_v2/evaluations/attempts/20260924T164018-d74ffb10faad4845aa51f807593181a2/record.json,/Users/liyu/Desktop/中文题目/A题研究/advanced_solver/runs/formal_v2/evaluations/attempts/20260924T164018-d74ffb10faad4845aa51f807593181a2/official_result.json.gz
case_067,1,1,63950466,63950466,261050752,261050752,0.0,63834834,方案/p1/n1/case_067_multicore_res.json,/Users/liyu/Desktop/中文题目/A题研究/advanced_solver/runs/formal_v2/evaluations/attempts/20260924T233853-aef22f9009944a1fb676ebef4e39ddeb/record.json,/Users/liyu/Desktop/中文题目/A题研究/advanced_solver/runs/formal_v2/evaluations/attempts/20260924T233853-aef22f9009944a1fb676ebef4e39ddeb/official_result.json.gz
case_067,1,2,33768704,33768704,264024576,264024576,0.0,63834834,方案/p1/n2/case_067_multicore_res.json,/Users/liyu/Desktop/中文题目/A题研究/solver/runs/full_initial_v1/evaluations/attempts/20260924T100538-d8c796b436d94480a80a2e1def23c272/record.json,/Users/liyu/Desktop/中文题目/A题研究/solver/runs/full_initial_v1/evaluations/attempts/20260924T100538-d8c796b436d94480a80a2e1def23c272/official_result.json.gz
case_067,1,3,23568859,23568859,263599744,263599744,0.0,63834834,方案/p1/n3/case_067_multicore_res.json,/Users/liyu/Desktop/中文题目/A题研究/advanced_solver/runs/formal_v2/evaluations/attempts/20260924T163514-e653732ad74d4c24891ea58e5eec230c/record.json,/Users/liyu/Desktop/中文题目/A题研究/advanced_solver/runs/formal_v2/evaluations/attempts/20260924T163514-e653732ad74d4c24891ea58e5eec230c/official_result.json.gz
case_067,1,4,18473155,18473155,263174912,263174912,0.0,63834834,方案/p1/n4/case_067_multicore_res.json,/Users/liyu/Desktop/中文题目/A题研究/advanced_solver/runs/formal_v2/evaluations/attempts/20260924T163722-44d900c9ae4944c7a1fff0515f74453e/record.json,/Users/liyu/Desktop/中文题目/A题研究/advanced_solver/runs/formal_v2/evaluations/attempts/20260924T163722-44d900c9ae4944c7a1fff0515f74453e/official_result.json.gz
case_067,1,5,15233731,15233731,260625920,260625920,0.0,63834834,方案/p1/n5/case_067_multicore_res.json,/Users/liyu/Desktop/中文题目/A题研究/advanced_solver/runs/formal_v2/evaluations/attempts/20260924T163913-31fd26bafd7948a099c73da4d4df9504/record.json,/Users/liyu/Desktop/中文题目/A题研究/advanced_solver/runs/formal_v2/evaluations/attempts/20260924T163913-31fd26bafd7948a099c73da4d4df9504/official_result.json.gz
case_067,2,1,63834834,63834834,264449408,264449408,0.0,63834834,方案/p2/n1/case_067_multicore_res.json,/Users/liyu/Desktop/中文题目/A题研究/advanced_solver/runs/formal_v2/evaluations/attempts/20260924T234140-7b5a4cb37f63411692de5448eda92b62/record.json,/Users/liyu/Desktop/中文题目/A题研究/advanced_solver/runs/formal_v2/evaluations/attempts/20260924T234140-7b5a4cb37f63411692de5448eda92b62/official_result.json.gz
case_067,2,2,30166430,30166430,60981632,60981632,0.0,63834834,方案/p2/n2/case_067_multicore_res.json,/Users/liyu/Desktop/中文题目/A题研究/advanced_solver/runs/formal_v2/evaluations/attempts/20260924T235328-16e3c776c26044b4855447547a48a30b/record.json,/Users/liyu/Desktop/中文题目/A题研究/advanced_solver/runs/formal_v2/evaluations/attempts/20260924T235328-16e3c776c26044b4855447547a48a30b/official_result.json.gz
case_067,2,3,20034746,20034746,62186240,62186240,0.0,63834834,方案/p2/n3/case_067_multicore_res.json,/Users/liyu/Desktop/中文题目/A题研究/advanced_solver/runs/formal_v2/evaluations/attempts/20260924T235328-9929b27c15c2415faae4a2df766c261d/record.json,/Users/liyu/Desktop/中文题目/A题研究/advanced_solver/runs/formal_v2/evaluations/attempts/20260924T235328-9929b27c15c2415faae4a2df766c261d/official_result.json.gz
case_067,2,4,15025891,15025891,69837952,69837952,0.0,63834834,方案/p2/n4/case_067_multicore_res.json,/Users/liyu/Desktop/中文题目/A题研究/advanced_solver/runs/formal_v2/evaluations/attempts/20260924T235332-e3847165d855446ca85dd78f630cf8c4/record.json,/Users/liyu/Desktop/中文题目/A题研究/advanced_solver/runs/formal_v2/evaluations/attempts/20260924T235332-e3847165d855446ca85dd78f630cf8c4/official_result.json.gz
case_067,2,5,12055757,12055757,78601728,78601728,0.0,63834834,方案/p2/n5/case_067_multicore_res.json,/Users/liyu/Desktop/中文题目/A题研究/advanced_solver/runs/formal_v2/evaluations/attempts/20260925T152805-d0dd445c598842aba730c9da0211de93/record.json,/Users/liyu/Desktop/中文题目/A题研究/advanced_solver/runs/formal_v2/evaluations/attempts/20260925T152805-d0dd445c598842aba730c9da0211de93/official_result.json.gz
case_067,3,1,63834834,63834834,264449408,264449408,0.0,63834834,方案/p3/n1/case_067_multicore_res.json,/Users/liyu/Desktop/中文题目/A题研究/advanced_solver/runs/formal_v2/evaluations/attempts/20260924T234143-65e612f04a814cb08b7ba2587e630d96/record.json,/Users/liyu/Desktop/中文题目/A题研究/advanced_solver/runs/formal_v2/evaluations/attempts/20260924T234143-65e612f04a814cb08b7ba2587e630d96/official_result.json.gz
case_067,3,2,30145037,30145037,60981632,60981632,0.0,63834834,方案/p3/n2/case_067_multicore_res.json,/Users/liyu/Desktop/中文题目/A题研究/advanced_solver/runs/formal_v2/evaluations/attempts/20260924T234342-345834ad00244aefb38590d616282e70/record.json,/Users/liyu/Desktop/中文题目/A题研究/advanced_solver/runs/formal_v2/evaluations/attempts/20260924T234342-345834ad00244aefb38590d616282e70/official_result.json.gz
case_067,3,3,20005690,20005690,62186240,62186240,0.0,63834834,方案/p3/n3/case_067_multicore_res.json,/Users/liyu/Desktop/中文题目/A题研究/advanced_solver/runs/formal_v2/evaluations/attempts/20260924T234339-354a27229aa54f5e88aafd588f582790/record.json,/Users/liyu/Desktop/中文题目/A题研究/advanced_solver/runs/formal_v2/evaluations/attempts/20260924T234339-354a27229aa54f5e88aafd588f582790/official_result.json.gz
case_067,3,4,14964449,14964449,69837952,69837952,0.0,63834834,方案/p3/n4/case_067_multicore_res.json,/Users/liyu/Desktop/中文题目/A题研究/advanced_solver/runs/formal_v2/evaluations/attempts/20260924T234351-f0386715380040859e99ef1b6081a656/record.json,/Users/liyu/Desktop/中文题目/A题研究/advanced_solver/runs/formal_v2/evaluations/attempts/20260924T234351-f0386715380040859e99ef1b6081a656/official_result.json.gz
case_067,3,5,11993835,11993835,78601728,78601728,0.0,63834834,方案/p3/n5/case_067_multicore_res.json,/Users/liyu/Desktop/中文题目/A题研究/advanced_solver/runs/formal_v2/evaluations/attempts/20260925T152310-3e6855e4d0c04ae0826144105bff0e3b/record.json,/Users/liyu/Desktop/中文题目/A题研究/advanced_solver/runs/formal_v2/evaluations/attempts/20260925T152159-bab93fdb723d4662ae3e8139f4555892/official_result.json.gz
case_068,1,1,361497,361497,359444,359444,0.0,362095,方案/p1/n1/case_068_multicore_res.json,/Users/liyu/Desktop/中文题目/A题研究/advanced_solver/runs/formal_v2/evaluations/attempts/20260924T233918-5cb5102f70e74265822325c7aeb64a1a/record.json,/Users/liyu/Desktop/中文题目/A题研究/advanced_solver/runs/formal_v2/evaluations/attempts/20260924T233918-5cb5102f70e74265822325c7aeb64a1a/official_result.json.gz
case_068,1,2,302089,302089,200380,200380,0.0,362095,方案/p1/n2/case_068_multicore_res.json,/Users/liyu/Desktop/中文题目/A题研究/advanced_solver/runs/formal_v2/evaluations/attempts/20260924T234437-d47bd4a8761b4225a4f49626798a7fdd/record.json,/Users/liyu/Desktop/中文题目/A题研究/advanced_solver/runs/formal_v2/evaluations/attempts/20260924T234437-d47bd4a8761b4225a4f49626798a7fdd/official_result.json.gz
case_068,1,3,301848,301848,105814,105814,0.0,362095,方案/p1/n3/case_068_multicore_res.json,/Users/liyu/Desktop/中文题目/A题研究/advanced_solver/runs/formal_v2/evaluations/attempts/20260924T234446-841a419cab63470db203300f7f656984/record.json,/Users/liyu/Desktop/中文题目/A题研究/advanced_solver/runs/formal_v2/evaluations/attempts/20260924T234446-841a419cab63470db203300f7f656984/official_result.json.gz
case_068,1,4,287436,287436,657174,657174,0.0,362095,方案/p1/n4/case_068_multicore_res.json,/Users/liyu/Desktop/中文题目/A题研究/advanced_solver/runs/formal_v2/evaluations/attempts/20260924T234448-6b55e9d62fd746edb9c60af8cac6ce98/record.json,/Users/liyu/Desktop/中文题目/A题研究/advanced_solver/runs/formal_v2/evaluations/attempts/20260924T234448-6b55e9d62fd746edb9c60af8cac6ce98/official_result.json.gz
case_068,1,5,143172,143172,3694350,3694350,0.0,362095,方案/p1/n5/case_068_multicore_res.json,/Users/liyu/Desktop/中文题目/A题研究/advanced_solver/runs/formal_v2/evaluations/attempts/20260925T173213-9d8f2c9513774aafa54526ba2dbc241b/record.json,/Users/liyu/Desktop/中文题目/A题研究/advanced_solver/runs/formal_v2/evaluations/attempts/20260925T173213-9d8f2c9513774aafa54526ba2dbc241b/official_result.json.gz
case_068,2,1,362095,362095,0,0,0.0,362095,方案/p2/n1/case_068_multicore_res.json,/Users/liyu/Desktop/中文题目/A题研究/advanced_solver/runs/formal_v2/evaluations/attempts/20260924T234222-42a62712bbf143ae872fe655321bd3e2/record.json,/Users/liyu/Desktop/中文题目/A题研究/advanced_solver/runs/formal_v2/evaluations/attempts/20260924T234222-42a62712bbf143ae872fe655321bd3e2/official_result.json.gz
case_068,2,2,204172,204172,2205494,2205494,0.0,362095,方案/p2/n2/case_068_multicore_res.json,/Users/liyu/Desktop/中文题目/A题研究/advanced_solver/runs/formal_v2/evaluations/attempts/20260924T235354-cc1b09038ebb4a3e86173b138838053e/record.json,/Users/liyu/Desktop/中文题目/A题研究/advanced_solver/runs/formal_v2/evaluations/attempts/20260924T235354-cc1b09038ebb4a3e86173b138838053e/official_result.json.gz
case_068,2,3,153006,153006,3406314,3406314,0.0,362095,方案/p2/n3/case_068_multicore_res.json,/Users/liyu/Desktop/中文题目/A题研究/advanced_solver/runs/formal_v2/evaluations/attempts/20260924T140939-884c017316884a4aa43341a2a92138d6/record.json,/Users/liyu/Desktop/中文题目/A题研究/advanced_solver/runs/formal_v2/evaluations/attempts/20260924T140939-884c017316884a4aa43341a2a92138d6/official_result.json.gz
case_068,2,4,142255,142255,3895504,3895504,0.0,362095,方案/p2/n4/case_068_multicore_res.json,/Users/liyu/Desktop/中文题目/A题研究/advanced_solver/runs/formal_v2/evaluations/attempts/20260924T141035-3262bf0fd49048b4877d2f5a26846087/record.json,/Users/liyu/Desktop/中文题目/A题研究/advanced_solver/runs/formal_v2/evaluations/attempts/20260924T141035-3262bf0fd49048b4877d2f5a26846087/official_result.json.gz
case_068,2,5,134477,134477,4188824,4188824,0.0,362095,方案/p2/n5/case_068_multicore_res.json,/Users/liyu/Desktop/中文题目/A题研究/advanced_solver/runs/formal_v2/evaluations/attempts/20260924T220731-0441c385113349bebee9b95b2453d83a/record.json,/Users/liyu/Desktop/中文题目/A题研究/advanced_solver/runs/formal_v2/evaluations/attempts/20260924T220731-0441c385113349bebee9b95b2453d83a/official_result.json.gz
case_068,3,1,362095,362095,0,0,0.0,362095,方案/p3/n1/case_068_multicore_res.json,/Users/liyu/Desktop/中文题目/A题研究/advanced_solver/runs/formal_v2/evaluations/attempts/20260924T234223-4f79f5c1fd9e46ea806616f8013944f6/record.json,/Users/liyu/Desktop/中文题目/A题研究/advanced_solver/runs/formal_v2/evaluations/attempts/20260924T234223-4f79f5c1fd9e46ea806616f8013944f6/official_result.json.gz
case_068,3,2,201418,201418,2205494,2205494,0.0,362095,方案/p3/n2/case_068_multicore_res.json,/Users/liyu/Desktop/中文题目/A题研究/advanced_solver/runs/formal_v2/evaluations/attempts/20260924T234154-926379944b284738a0eb295e9cf5eaeb/record.json,/Users/liyu/Desktop/中文题目/A题研究/advanced_solver/runs/formal_v2/evaluations/attempts/20260924T234154-926379944b284738a0eb295e9cf5eaeb/official_result.json.gz
case_068,3,3,150684,150684,3406314,3406314,0.0,362095,方案/p3/n3/case_068_multicore_res.json,/Users/liyu/Desktop/中文题目/A题研究/advanced_solver/runs/formal_v2/evaluations/attempts/20260924T164146-2aaf24a174fe41e098e647ea4546b8c8/record.json,/Users/liyu/Desktop/中文题目/A题研究/advanced_solver/runs/formal_v2/evaluations/attempts/20260924T164146-2aaf24a174fe41e098e647ea4546b8c8/official_result.json.gz
case_068,3,4,130760,130760,3895504,3895504,0.0,362095,方案/p3/n4/case_068_multicore_res.json,/Users/liyu/Desktop/中文题目/A题研究/advanced_solver/runs/formal_v2/evaluations/attempts/20260924T164230-00503616ff4247bca193427d191da670/record.json,/Users/liyu/Desktop/中文题目/A题研究/advanced_solver/runs/formal_v2/evaluations/attempts/20260924T164230-00503616ff4247bca193427d191da670/official_result.json.gz
case_068,3,5,123937,123937,4188824,4188824,0.0,362095,方案/p3/n5/case_068_multicore_res.json,/Users/liyu/Desktop/中文题目/A题研究/advanced_solver/runs/formal_v2/evaluations/attempts/20260924T164315-243b99dc9d97440eb14ea19f3982b5f4/record.json,/Users/liyu/Desktop/中文题目/A题研究/advanced_solver/runs/formal_v2/evaluations/attempts/20260924T164315-243b99dc9d97440eb14ea19f3982b5f4/official_result.json.gz
case_069,1,1,25419,25419,24832,24832,0.0,25144,方案/p1/n1/case_069_multicore_res.json,/Users/liyu/Desktop/中文题目/A题研究/advanced_solver/runs/formal_v2/evaluations/attempts/20260924T233953-f9681b9ae797406f885e7c8ea39e23ae/record.json,/Users/liyu/Desktop/中文题目/A题研究/advanced_solver/runs/formal_v2/evaluations/attempts/20260924T233953-f9681b9ae797406f885e7c8ea39e23ae/official_result.json.gz
case_069,1,2,24830,24830,71044,71044,0.0,25144,方案/p1/n2/case_069_multicore_res.json,/Users/liyu/Desktop/中文题目/A题研究/advanced_solver/runs/formal_v2/evaluations/attempts/20260924T164213-bbcaedc53a6b4152abbacbc2d301b5e7/record.json,/Users/liyu/Desktop/中文题目/A题研究/advanced_solver/runs/formal_v2/evaluations/attempts/20260924T164213-bbcaedc53a6b4152abbacbc2d301b5e7/official_result.json.gz
case_069,1,3,22899,22899,192108,192108,0.0,25144,方案/p1/n3/case_069_multicore_res.json,/Users/liyu/Desktop/中文题目/A题研究/advanced_solver/runs/formal_v2/evaluations/attempts/20260924T234148-67127bc4dbf44264ab6ba1d21901feac/record.json,/Users/liyu/Desktop/中文题目/A题研究/advanced_solver/runs/formal_v2/evaluations/attempts/20260924T234148-67127bc4dbf44264ab6ba1d21901feac/official_result.json.gz
case_069,1,4,17041,17041,626568,626568,0.0,25144,方案/p1/n4/case_069_multicore_res.json,/Users/liyu/Desktop/中文题目/A题研究/advanced_solver/runs/formal_v2/evaluations/attempts/20260924T234149-87ecee58676e4a5cb0859f0a13ed9fbc/record.json,/Users/liyu/Desktop/中文题目/A题研究/advanced_solver/runs/formal_v2/evaluations/attempts/20260924T234149-87ecee58676e4a5cb0859f0a13ed9fbc/official_result.json.gz
case_069,1,5,15487,15487,554768,554768,0.0,25144,方案/p1/n5/case_069_multicore_res.json,/Users/liyu/Desktop/中文题目/A题研究/advanced_solver/runs/formal_v2/evaluations/attempts/20260925T173136-de3afb24088242798b1f6ae2e3a65d15/record.json,/Users/liyu/Desktop/中文题目/A题研究/advanced_solver/runs/formal_v2/evaluations/attempts/20260925T173136-de3afb24088242798b1f6ae2e3a65d15/official_result.json.gz
case_069,2,1,25144,25144,0,0,0.0,25144,方案/p2/n1/case_069_multicore_res.json,/Users/liyu/Desktop/中文题目/A题研究/advanced_solver/runs/formal_v2/evaluations/attempts/20260924T234318-c7e1f1fda6f64b8abcf8699f46deb942/record.json,/Users/liyu/Desktop/中文题目/A题研究/advanced_solver/runs/formal_v2/evaluations/attempts/20260924T234318-c7e1f1fda6f64b8abcf8699f46deb942/official_result.json.gz
case_069,2,2,13478,13478,322852,322852,0.0,25144,方案/p2/n2/case_069_multicore_res.json,/Users/liyu/Desktop/中文题目/A题研究/advanced_solver/runs/formal_v2/evaluations/attempts/20260924T235426-e711f91cc1a84d10a81296947e997233/record.json,/Users/liyu/Desktop/中文题目/A题研究/advanced_solver/runs/formal_v2/evaluations/attempts/20260924T235426-e711f91cc1a84d10a81296947e997233/official_result.json.gz
case_069,2,3,10770,10770,341068,341068,0.0,25144,方案/p2/n3/case_069_multicore_res.json,/Users/liyu/Desktop/中文题目/A题研究/advanced_solver/runs/formal_v2/evaluations/attempts/20260924T141140-8e35a05ff04a4af8835af2fb783e696b/record.json,/Users/liyu/Desktop/中文题目/A题研究/advanced_solver/runs/formal_v2/evaluations/attempts/20260924T141140-8e35a05ff04a4af8835af2fb783e696b/official_result.json.gz
case_069,2,4,10455,10455,433744,433744,0.0,25144,方案/p2/n4/case_069_multicore_res.json,/Users/liyu/Desktop/中文题目/A题研究/advanced_solver/runs/formal_v2/evaluations/attempts/20260924T235426-f40f79aaa54c4746af96e48644b0be76/record.json,/Users/liyu/Desktop/中文题目/A题研究/advanced_solver/runs/formal_v2/evaluations/attempts/20260924T235426-f40f79aaa54c4746af96e48644b0be76/official_result.json.gz
case_069,2,5,10453,10453,433744,433744,0.0,25144,方案/p2/n5/case_069_multicore_res.json,/Users/liyu/Desktop/中文题目/A题研究/advanced_solver/runs/formal_v2/evaluations/attempts/20260924T235427-d985ea9b4ffb4b71b61b58402296ca63/record.json,/Users/liyu/Desktop/中文题目/A题研究/advanced_solver/runs/formal_v2/evaluations/attempts/20260924T235427-d985ea9b4ffb4b71b61b58402296ca63/official_result.json.gz
case_069,3,1,25144,25144,0,0,0.0,25144,方案/p3/n1/case_069_multicore_res.json,/Users/liyu/Desktop/中文题目/A题研究/advanced_solver/runs/formal_v2/evaluations/attempts/20260924T234319-234ee25acdf849a8a1f2bdcc55b71ab2/record.json,/Users/liyu/Desktop/中文题目/A题研究/advanced_solver/runs/formal_v2/evaluations/attempts/20260924T234319-234ee25acdf849a8a1f2bdcc55b71ab2/official_result.json.gz
case_069,3,2,13447,13447,322852,322852,0.0,25144,方案/p3/n2/case_069_multicore_res.json,/Users/liyu/Desktop/中文题目/A题研究/advanced_solver/runs/formal_v2/evaluations/attempts/20260924T234006-2d76980073d04c0fb637f106917a2bc3/record.json,/Users/liyu/Desktop/中文题目/A题研究/advanced_solver/runs/formal_v2/evaluations/attempts/20260924T234006-2d76980073d04c0fb637f106917a2bc3/official_result.json.gz
case_069,3,3,10221,10221,341068,341068,0.0,25144,方案/p3/n3/case_069_multicore_res.json,/Users/liyu/Desktop/中文题目/A题研究/advanced_solver/runs/formal_v2/evaluations/attempts/20260924T164341-b9003611136f4e449698104fb5e985f5/record.json,/Users/liyu/Desktop/中文题目/A题研究/advanced_solver/runs/formal_v2/evaluations/attempts/20260924T164341-b9003611136f4e449698104fb5e985f5/official_result.json.gz
case_069,3,4,9422,9422,433744,433744,0.0,25144,方案/p3/n4/case_069_multicore_res.json,/Users/liyu/Desktop/中文题目/A题研究/advanced_solver/runs/formal_v2/evaluations/attempts/20260924T234007-9b99323bf8e94d01b2385f72ffc1b6a7/record.json,/Users/liyu/Desktop/中文题目/A题研究/advanced_solver/runs/formal_v2/evaluations/attempts/20260924T234007-9b99323bf8e94d01b2385f72ffc1b6a7/official_result.json.gz
case_069,3,5,9107,9107,426832,426832,0.0,25144,方案/p3/n5/case_069_multicore_res.json,/Users/liyu/Desktop/中文题目/A题研究/直接迭代/运行结果/P3读序归因第十轮_v1/case_069/evaluations/attempts/20260925T174002-3cd525cb980644d2a219eee3511da332/record.json,/Users/liyu/Desktop/中文题目/A题研究/直接迭代/运行结果/P3读序归因第十轮_v1/case_069/evaluations/attempts/20260925T174002-3cd525cb980644d2a219eee3511da332/official_result.json.gz
case_070,1,1,115224,115224,115200,115200,0.0,117300,方案/p1/n1/case_070_multicore_res.json,/Users/liyu/Desktop/中文题目/A题研究/advanced_solver/runs/formal_v2/evaluations/attempts/20260924T233950-371b3ce787ac49619ea70ee0c2812ec0/record.json,/Users/liyu/Desktop/中文题目/A题研究/advanced_solver/runs/formal_v2/evaluations/attempts/20260924T233950-371b3ce787ac49619ea70ee0c2812ec0/official_result.json.gz
case_070,1,2,58498,58498,129536,129536,0.0,117300,方案/p1/n2/case_070_multicore_res.json,/Users/liyu/Desktop/中文题目/A题研究/solver/runs/full_initial_v1/evaluations/attempts/20260924T100713-608d9d96e3a643af9c7a88e3ce071c19/record.json,/Users/liyu/Desktop/中文题目/A题研究/solver/runs/full_initial_v1/evaluations/attempts/20260924T100713-608d9d96e3a643af9c7a88e3ce071c19/official_result.json.gz
case_070,1,3,41525,41525,494592,494592,0.0,117300,方案/p1/n3/case_070_multicore_res.json,/Users/liyu/Desktop/中文题目/A题研究/advanced_solver/runs/formal_v2/evaluations/attempts/20260924T164230-28d02b7f5d5745939fb6ea62e98366a7/record.json,/Users/liyu/Desktop/中文题目/A题研究/advanced_solver/runs/formal_v2/evaluations/attempts/20260924T164230-28d02b7f5d5745939fb6ea62e98366a7/official_result.json.gz
case_070,1,4,33986,33986,670208,670208,0.0,117300,方案/p1/n4/case_070_multicore_res.json,/Users/liyu/Desktop/中文题目/A题研究/advanced_solver/runs/formal_v2/evaluations/attempts/20260924T164235-d647d851d8174356b0922b5f49a1c898/record.json,/Users/liyu/Desktop/中文题目/A题研究/advanced_solver/runs/formal_v2/evaluations/attempts/20260924T164235-d647d851d8174356b0922b5f49a1c898/official_result.json.gz
case_070,1,5,26669,26669,462848,462848,0.0,117300,方案/p1/n5/case_070_multicore_res.json,/Users/liyu/Desktop/中文题目/A题研究/solver/runs/full_initial_v1/evaluations/attempts/20260924T100715-cec2e4ff0cd24edeb65d9c4573eac290/record.json,/Users/liyu/Desktop/中文题目/A题研究/solver/runs/full_initial_v1/evaluations/attempts/20260924T100715-cec2e4ff0cd24edeb65d9c4573eac290/official_result.json.gz
case_070,2,1,117300,117300,0,0,0.0,117300,方案/p2/n1/case_070_multicore_res.json,/Users/liyu/Desktop/中文题目/A题研究/advanced_solver/runs/formal_v2/evaluations/attempts/20260924T234314-9115936bab084684949afd227c615822/record.json,/Users/liyu/Desktop/中文题目/A题研究/advanced_solver/runs/formal_v2/evaluations/attempts/20260924T234314-9115936bab084684949afd227c615822/official_result.json.gz
case_070,2,2,53120,53120,129536,129536,0.0,117300,方案/p2/n2/case_070_multicore_res.json,/Users/liyu/Desktop/中文题目/A题研究/advanced_solver/runs/formal_v2/evaluations/attempts/20260924T235424-b27a811077a7415c8b349ccc73135923/record.json,/Users/liyu/Desktop/中文题目/A题研究/advanced_solver/runs/formal_v2/evaluations/attempts/20260924T235424-b27a811077a7415c8b349ccc73135923/official_result.json.gz
case_070,2,3,40678,40678,259072,259072,0.0,117300,方案/p2/n3/case_070_multicore_res.json,/Users/liyu/Desktop/中文题目/A题研究/advanced_solver/runs/formal_v2/evaluations/attempts/20260924T141210-98296fe72ccd4f27b18c39205aed7d4d/record.json,/Users/liyu/Desktop/中文题目/A题研究/advanced_solver/runs/formal_v2/evaluations/attempts/20260924T141210-98296fe72ccd4f27b18c39205aed7d4d/official_result.json.gz
case_070,2,4,31817,31817,360960,360960,0.0,117300,方案/p2/n4/case_070_multicore_res.json,/Users/liyu/Desktop/中文题目/A题研究/advanced_solver/runs/formal_v2/evaluations/attempts/20260924T141229-5ced150d9db94c7cad090adc468c0ab4/record.json,/Users/liyu/Desktop/中文题目/A题研究/advanced_solver/runs/formal_v2/evaluations/attempts/20260924T141229-5ced150d9db94c7cad090adc468c0ab4/official_result.json.gz
case_070,2,5,22710,22710,462848,462848,0.0,117300,方案/p2/n5/case_070_multicore_res.json,/Users/liyu/Desktop/中文题目/A题研究/advanced_solver/runs/formal_v2/evaluations/attempts/20260925T162845-7d823c2852a242888e19e9b7f678d1b6/record.json,/Users/liyu/Desktop/中文题目/A题研究/advanced_solver/runs/formal_v2/evaluations/attempts/20260925T155400-232ae9f2c2174bd28750ed9a8e19f4f3/official_result.json.gz
case_070,3,1,117300,117300,0,0,0.0,117300,方案/p3/n1/case_070_multicore_res.json,/Users/liyu/Desktop/中文题目/A题研究/advanced_solver/runs/formal_v2/evaluations/attempts/20260924T234314-0d39bb3db0b0414f84ebff5b87c9e539/record.json,/Users/liyu/Desktop/中文题目/A题研究/advanced_solver/runs/formal_v2/evaluations/attempts/20260924T234314-0d39bb3db0b0414f84ebff5b87c9e539/official_result.json.gz
case_070,3,2,53120,53120,129536,129536,0.0,117300,方案/p3/n2/case_070_multicore_res.json,/Users/liyu/Desktop/中文题目/A题研究/advanced_solver/runs/formal_v2/evaluations/attempts/20260924T234015-f1605e596ffd4cae8fed018db0d117cb/record.json,/Users/liyu/Desktop/中文题目/A题研究/advanced_solver/runs/formal_v2/evaluations/attempts/20260924T234015-f1605e596ffd4cae8fed018db0d117cb/official_result.json.gz
case_070,3,3,40678,40678,259072,259072,0.0,117300,方案/p3/n3/case_070_multicore_res.json,/Users/liyu/Desktop/中文题目/A题研究/advanced_solver/runs/formal_v2/evaluations/attempts/20260924T164409-03142c6519d24b078cca72c77da927ec/record.json,/Users/liyu/Desktop/中文题目/A题研究/advanced_solver/runs/formal_v2/evaluations/attempts/20260924T164409-03142c6519d24b078cca72c77da927ec/official_result.json.gz
case_070,3,4,31817,31817,360960,360960,0.0,117300,方案/p3/n4/case_070_multicore_res.json,/Users/liyu/Desktop/中文题目/A题研究/advanced_solver/runs/formal_v2/evaluations/attempts/20260924T164424-436c94513ce7479fbf71a01eebf15cb0/record.json,/Users/liyu/Desktop/中文题目/A题研究/advanced_solver/runs/formal_v2/evaluations/attempts/20260924T164424-436c94513ce7479fbf71a01eebf15cb0/official_result.json.gz
case_070,3,5,21056,21056,462848,462848,0.0,117300,方案/p3/n5/case_070_multicore_res.json,/Users/liyu/Desktop/中文题目/A题研究/advanced_solver/runs/formal_v2/evaluations/attempts/20260925T162855-f7d71f5ff45e42889e909186d33159f5/record.json,/Users/liyu/Desktop/中文题目/A题研究/advanced_solver/runs/formal_v2/evaluations/attempts/20260925T155409-716d157227ee408cbd11288a276fe924/official_result.json.gz
case_071,1,1,18919,18919,0,0,0.0,18919,方案/p1/n1/case_071_multicore_res.json,/Users/liyu/Desktop/中文题目/A题研究/solver/runs/pilot_fullpool_v2/evaluations/attempts/20260924T093750-d3bea384591b47edb164634008e5d717/record.json,/Users/liyu/Desktop/中文题目/A题研究/solver/runs/pilot_fullpool_v2/evaluations/attempts/20260924T093749-79f92712e6fc4baf8603dcb831e5edd8/official_result.json.gz
case_071,1,2,18799,18799,57220,57220,0.0,18919,方案/p1/n2/case_071_multicore_res.json,/Users/liyu/Desktop/中文题目/A题研究/advanced_solver/runs/formal_v2/evaluations/attempts/20260924T164246-b2e71599595640818de50940ce5570c1/record.json,/Users/liyu/Desktop/中文题目/A题研究/advanced_solver/runs/formal_v2/evaluations/attempts/20260924T164246-b2e71599595640818de50940ce5570c1/official_result.json.gz
case_071,1,3,17281,17281,148042,148042,0.0,18919,方案/p1/n3/case_071_multicore_res.json,/Users/liyu/Desktop/中文题目/A题研究/advanced_solver/runs/formal_v2/evaluations/attempts/20260924T234140-dba399a0d2664fee83b068445c3b21c6/record.json,/Users/liyu/Desktop/中文题目/A题研究/advanced_solver/runs/formal_v2/evaluations/attempts/20260924T234140-dba399a0d2664fee83b068445c3b21c6/official_result.json.gz
case_071,1,4,13897,13897,465378,465378,0.0,18919,方案/p1/n4/case_071_multicore_res.json,/Users/liyu/Desktop/中文题目/A题研究/advanced_solver/runs/formal_v2/evaluations/attempts/20260924T234140-e82923f0d1e14e218617a1e645b456e5/record.json,/Users/liyu/Desktop/中文题目/A题研究/advanced_solver/runs/formal_v2/evaluations/attempts/20260924T234140-e82923f0d1e14e218617a1e645b456e5/official_result.json.gz
case_071,1,5,11491,9628,230346,301972,16.212688190757984,18919,方案/p1/n5/case_071_multicore_res.json,/Users/liyu/Desktop/中文题目/A题研究/advanced_solver/runs/formal_v2/evaluations/attempts/20260925T175723-f467c960bd3e4f46b52135c6ef8d1e6b/record.json,/Users/liyu/Desktop/中文题目/A题研究/advanced_solver/runs/formal_v2/evaluations/attempts/20260925T175723-f467c960bd3e4f46b52135c6ef8d1e6b/official_result.json.gz
case_071,2,1,17062,17062,0,0,0.0,18919,方案/p2/n1/case_071_multicore_res.json,/Users/liyu/Desktop/中文题目/A题研究/advanced_solver/runs/integrated_smoke_v1/p2_n1/evaluations/attempts/20260924T122907-7ab4c3f9a12444d79e0f358b88f164d0/record.json,/Users/liyu/Desktop/中文题目/A题研究/advanced_solver/runs/integrated_smoke_v1/p2_n1/evaluations/attempts/20260924T122907-7ab4c3f9a12444d79e0f358b88f164d0/official_result.json.gz
case_071,2,2,10697,10697,133732,133732,0.0,18919,方案/p2/n2/case_071_multicore_res.json,/Users/liyu/Desktop/中文题目/A题研究/advanced_solver/runs/formal_v2/evaluations/attempts/20260924T233856-65ead0e76efb4fdfb8c6f47b83f8d51e/record.json,/Users/liyu/Desktop/中文题目/A题研究/advanced_solver/runs/formal_v2/evaluations/attempts/20260924T233856-65ead0e76efb4fdfb8c6f47b83f8d51e/official_result.json.gz
case_071,2,3,9715,9715,272428,272428,0.0,18919,方案/p2/n3/case_071_multicore_res.json,/Users/liyu/Desktop/中文题目/A题研究/advanced_solver/runs/formal_v2/evaluations/attempts/20260925T173134-6d9b644d45be4012b19ccc385adb2570/record.json,/Users/liyu/Desktop/中文题目/A题研究/advanced_solver/runs/formal_v2/evaluations/attempts/20260925T173134-6d9b644d45be4012b19ccc385adb2570/official_result.json.gz
case_071,2,4,8852,8852,302060,302060,0.0,18919,方案/p2/n4/case_071_multicore_res.json,/Users/liyu/Desktop/中文题目/A题研究/advanced_solver/runs/formal_v2/evaluations/attempts/20260924T141300-16a38a80c43a4626aa136a5ea3fb7f13/record.json,/Users/liyu/Desktop/中文题目/A题研究/advanced_solver/runs/formal_v2/evaluations/attempts/20260924T141300-16a38a80c43a4626aa136a5ea3fb7f13/official_result.json.gz
case_071,2,5,8107,8107,304174,304174,0.0,18919,方案/p2/n5/case_071_multicore_res.json,/Users/liyu/Desktop/中文题目/A题研究/advanced_solver/runs/formal_v2/evaluations/attempts/20260925T172343-ae2af555e8fb41fd8dfcfc576d151a7b/record.json,/Users/liyu/Desktop/中文题目/A题研究/advanced_solver/runs/formal_v2/evaluations/attempts/20260925T172343-ae2af555e8fb41fd8dfcfc576d151a7b/official_result.json.gz
case_071,3,1,17062,17062,0,0,0.0,18919,方案/p3/n1/case_071_multicore_res.json,/Users/liyu/Desktop/中文题目/A题研究/advanced_solver/runs/integrated_smoke_v1/p3_n1/evaluations/attempts/20260924T122909-875f792b703744e19b18ede7e74d852d/record.json,/Users/liyu/Desktop/中文题目/A题研究/advanced_solver/runs/integrated_smoke_v1/p3_n1/evaluations/attempts/20260924T122909-875f792b703744e19b18ede7e74d852d/official_result.json.gz
case_071,3,2,10679,10679,133732,133732,0.0,18919,方案/p3/n2/case_071_multicore_res.json,/Users/liyu/Desktop/中文题目/A题研究/advanced_solver/runs/formal_v2/evaluations/attempts/20260924T164442-3c0f490936d24c05b9bf2c7dd4959637/record.json,/Users/liyu/Desktop/中文题目/A题研究/advanced_solver/runs/formal_v2/evaluations/attempts/20260924T164442-3c0f490936d24c05b9bf2c7dd4959637/official_result.json.gz
case_071,3,3,9177,9177,272428,272428,0.0,18919,方案/p3/n3/case_071_multicore_res.json,/Users/liyu/Desktop/中文题目/A题研究/advanced_solver/runs/formal_v2/evaluations/attempts/20260925T173920-5cd178fff14142eb99da398c34ac83ae/record.json,/Users/liyu/Desktop/中文题目/A题研究/advanced_solver/runs/formal_v2/evaluations/attempts/20260925T173920-5cd178fff14142eb99da398c34ac83ae/official_result.json.gz
case_071,3,4,8463,8463,302060,302060,0.0,18919,方案/p3/n4/case_071_multicore_res.json,/Users/liyu/Desktop/中文题目/A题研究/advanced_solver/runs/formal_v2/evaluations/attempts/20260924T234000-f9e8a2d2b2c9434da8fe8a9638bd48a2/record.json,/Users/liyu/Desktop/中文题目/A题研究/advanced_solver/runs/formal_v2/evaluations/attempts/20260924T234000-f9e8a2d2b2c9434da8fe8a9638bd48a2/official_result.json.gz
case_071,3,5,7485,7485,344498,344498,0.0,18919,方案/p3/n5/case_071_multicore_res.json,/Users/liyu/Desktop/中文题目/A题研究/advanced_solver/runs/formal_v2/evaluations/attempts/20260925T172555-6abaa4448d2f4f409367e5f7bdb9bf90/record.json,/Users/liyu/Desktop/中文题目/A题研究/advanced_solver/runs/formal_v2/evaluations/attempts/20260925T172555-6abaa4448d2f4f409367e5f7bdb9bf90/official_result.json.gz
case_072,1,1,23450122,23450122,175833776,175833776,0.0,23897828,方案/p1/n1/case_072_multicore_res.json,/Users/liyu/Desktop/中文题目/A题研究/advanced_solver/runs/formal_v2/evaluations/attempts/20260924T233521-8eacfcf1bfaa4d74a9387dc4edaf0461/record.json,/Users/liyu/Desktop/中文题目/A题研究/advanced_solver/runs/formal_v2/evaluations/attempts/20260924T233521-8eacfcf1bfaa4d74a9387dc4edaf0461/official_result.json.gz
case_072,1,2,11587687,11587687,133786400,133786400,0.0,23897828,方案/p1/n2/case_072_multicore_res.json,/Users/liyu/Desktop/中文题目/A题研究/advanced_solver/runs/formal_v2/evaluations/attempts/20260925T002203-43197af7e5ba4714b5179b50d89740ba/record.json,/Users/liyu/Desktop/中文题目/A题研究/advanced_solver/runs/formal_v2/evaluations/attempts/20260925T002203-43197af7e5ba4714b5179b50d89740ba/official_result.json.gz
case_072,1,3,7803551,7803551,160006832,160006832,0.0,23897828,方案/p1/n3/case_072_multicore_res.json,/Users/liyu/Desktop/中文题目/A题研究/advanced_solver/runs/formal_v2/evaluations/attempts/20260925T002212-d387d748451644f087202012724f4d3f/record.json,/Users/liyu/Desktop/中文题目/A题研究/advanced_solver/runs/formal_v2/evaluations/attempts/20260925T002212-d387d748451644f087202012724f4d3f/official_result.json.gz
case_072,1,4,5841178,5841178,153652000,153652000,0.0,23897828,方案/p1/n4/case_072_multicore_res.json,/Users/liyu/Desktop/中文题目/A题研究/advanced_solver/runs/formal_v2/evaluations/attempts/20260925T002225-9a48ef80420f48b1a51114ca1c5d8379/record.json,/Users/liyu/Desktop/中文题目/A题研究/advanced_solver/runs/formal_v2/evaluations/attempts/20260925T002225-9a48ef80420f48b1a51114ca1c5d8379/official_result.json.gz
case_072,1,5,4714200,4714200,154667808,154667808,0.0,23897828,方案/p1/n5/case_072_multicore_res.json,/Users/liyu/Desktop/中文题目/A题研究/advanced_solver/runs/formal_v2/evaluations/attempts/20260925T001602-49159b01f9fe4284858b62dcbc9ae266/record.json,/Users/liyu/Desktop/中文题目/A题研究/advanced_solver/runs/formal_v2/evaluations/attempts/20260925T001602-49159b01f9fe4284858b62dcbc9ae266/official_result.json.gz
case_072,2,1,23897828,23897828,108613680,108613680,0.0,23897828,方案/p2/n1/case_072_multicore_res.json,/Users/liyu/Desktop/中文题目/A题研究/advanced_solver/runs/formal_v2/evaluations/attempts/20260924T233458-31791012ae184b8ba68ac5eb3836e2b3/record.json,/Users/liyu/Desktop/中文题目/A题研究/advanced_solver/runs/formal_v2/evaluations/attempts/20260924T233458-31791012ae184b8ba68ac5eb3836e2b3/official_result.json.gz
case_072,2,2,11789600,11789600,105091120,105091120,0.0,23897828,方案/p2/n2/case_072_multicore_res.json,/Users/liyu/Desktop/中文题目/A题研究/advanced_solver/runs/formal_v2/evaluations/attempts/20260924T141335-899b5d1380d9428da47bc40d3156316f/record.json,/Users/liyu/Desktop/中文题目/A题研究/advanced_solver/runs/formal_v2/evaluations/attempts/20260924T141335-899b5d1380d9428da47bc40d3156316f/official_result.json.gz
case_072,2,3,7937183,7937183,116763424,116763424,0.0,23897828,方案/p2/n3/case_072_multicore_res.json,/Users/liyu/Desktop/中文题目/A题研究/advanced_solver/runs/formal_v2/evaluations/attempts/20260924T143500-d4a0f4960acd43c9828a5b139dde139f/record.json,/Users/liyu/Desktop/中文题目/A题研究/advanced_solver/runs/formal_v2/evaluations/attempts/20260924T143500-d4a0f4960acd43c9828a5b139dde139f/official_result.json.gz
case_072,2,4,5959314,5959314,123079600,123079600,0.0,23897828,方案/p2/n4/case_072_multicore_res.json,/Users/liyu/Desktop/中文题目/A题研究/advanced_solver/runs/formal_v2/evaluations/attempts/20260924T144608-8cbb575f41344102b62b2d3346e80cbf/record.json,/Users/liyu/Desktop/中文题目/A题研究/advanced_solver/runs/formal_v2/evaluations/attempts/20260924T144608-8cbb575f41344102b62b2d3346e80cbf/official_result.json.gz
case_072,2,5,4806756,4806756,130830384,130830384,0.0,23897828,方案/p2/n5/case_072_multicore_res.json,/Users/liyu/Desktop/中文题目/A题研究/advanced_solver/runs/formal_v2/evaluations/attempts/20260924T144856-5d8144ed9c414c4e8cdfce6d8ab8b276/record.json,/Users/liyu/Desktop/中文题目/A题研究/advanced_solver/runs/formal_v2/evaluations/attempts/20260924T144856-5d8144ed9c414c4e8cdfce6d8ab8b276/official_result.json.gz
case_072,3,1,23890756,23890756,108613680,108613680,0.0,23897828,方案/p3/n1/case_072_multicore_res.json,/Users/liyu/Desktop/中文题目/A题研究/advanced_solver/runs/formal_v2/evaluations/attempts/20260924T233509-80dcb921c64345e09fdafd6374d01372/record.json,/Users/liyu/Desktop/中文题目/A题研究/advanced_solver/runs/formal_v2/evaluations/attempts/20260924T233509-80dcb921c64345e09fdafd6374d01372/official_result.json.gz
case_072,3,2,11777495,11777495,105115696,105115696,0.0,23897828,方案/p3/n2/case_072_multicore_res.json,/Users/liyu/Desktop/中文题目/A题研究/advanced_solver/runs/formal_v2/evaluations/attempts/20260924T165517-d5285cdd917b4cb5861d0423fb5015ba/record.json,/Users/liyu/Desktop/中文题目/A题研究/advanced_solver/runs/formal_v2/evaluations/attempts/20260924T165517-d5285cdd917b4cb5861d0423fb5015ba/official_result.json.gz
case_072,3,3,7931579,7931579,116763424,116763424,0.0,23897828,方案/p3/n3/case_072_multicore_res.json,/Users/liyu/Desktop/中文题目/A题研究/advanced_solver/runs/formal_v2/evaluations/attempts/20260924T170607-5a99b9b399c54a3696ead4fd36e2700b/record.json,/Users/liyu/Desktop/中文题目/A题研究/advanced_solver/runs/formal_v2/evaluations/attempts/20260924T170607-5a99b9b399c54a3696ead4fd36e2700b/official_result.json.gz
case_072,3,4,5951324,5951324,123079456,123079456,0.0,23897828,方案/p3/n4/case_072_multicore_res.json,/Users/liyu/Desktop/中文题目/A题研究/advanced_solver/runs/formal_v2/evaluations/attempts/20260924T171548-26ec95264aeb462c9883e3236b8126db/record.json,/Users/liyu/Desktop/中文题目/A题研究/advanced_solver/runs/formal_v2/evaluations/attempts/20260924T171548-26ec95264aeb462c9883e3236b8126db/official_result.json.gz
case_072,3,5,4795217,4795217,130830384,130830384,0.0,23897828,方案/p3/n5/case_072_multicore_res.json,/Users/liyu/Desktop/中文题目/A题研究/advanced_solver/runs/formal_v2/evaluations/attempts/20260924T171805-4f68f018ec5f4e4bbaf40686b6ea9bbf/record.json,/Users/liyu/Desktop/中文题目/A题研究/advanced_solver/runs/formal_v2/evaluations/attempts/20260924T171805-4f68f018ec5f4e4bbaf40686b6ea9bbf/official_result.json.gz
case_073,1,1,10133074,10133074,139772800,139772800,0.0,10081626,方案/p1/n1/case_073_multicore_res.json,/Users/liyu/Desktop/中文题目/A题研究/advanced_solver/runs/formal_v2/evaluations/attempts/20260924T233925-e41679dc99af41e59c7d51084546a96e/record.json,/Users/liyu/Desktop/中文题目/A题研究/advanced_solver/runs/formal_v2/evaluations/attempts/20260924T233925-e41679dc99af41e59c7d51084546a96e/official_result.json.gz
case_073,1,2,5980423,5980423,141121024,141121024,0.0,10081626,方案/p1/n2/case_073_multicore_res.json,/Users/liyu/Desktop/中文题目/A题研究/solver/runs/full_initial_v1/evaluations/attempts/20260924T100810-c7001168e3764a7e86da57a0b2d70be2/record.json,/Users/liyu/Desktop/中文题目/A题研究/solver/runs/full_initial_v1/evaluations/attempts/20260924T100810-c7001168e3764a7e86da57a0b2d70be2/official_result.json.gz
case_073,1,3,4515227,4515227,140671616,140671616,0.0,10081626,方案/p1/n3/case_073_multicore_res.json,/Users/liyu/Desktop/中文题目/A题研究/advanced_solver/runs/formal_v2/evaluations/attempts/20260924T171233-a691e7d3111f465295a96f4eb2d908c1/record.json,/Users/liyu/Desktop/中文题目/A题研究/advanced_solver/runs/formal_v2/evaluations/attempts/20260924T171233-a691e7d3111f465295a96f4eb2d908c1/official_result.json.gz
case_073,1,4,3903787,3903787,140222208,140222208,0.0,10081626,方案/p1/n4/case_073_multicore_res.json,/Users/liyu/Desktop/中文题目/A题研究/advanced_solver/runs/formal_v2/evaluations/attempts/20260924T171311-0a93fbc09e664943a1563a1aecea1ed2/record.json,/Users/liyu/Desktop/中文题目/A题研究/advanced_solver/runs/formal_v2/evaluations/attempts/20260924T171311-0a93fbc09e664943a1563a1aecea1ed2/official_result.json.gz
case_073,1,5,3517515,3517515,139772800,139772800,0.0,10081626,方案/p1/n5/case_073_multicore_res.json,/Users/liyu/Desktop/中文题目/A题研究/solver/runs/full_initial_v1/evaluations/attempts/20260924T100829-0ffa7a8a1bf743c398eab2ae224eacba/record.json,/Users/liyu/Desktop/中文题目/A题研究/solver/runs/full_initial_v1/evaluations/attempts/20260924T100829-0ffa7a8a1bf743c398eab2ae224eacba/official_result.json.gz
case_073,2,1,10081626,10081626,141570432,141570432,0.0,10081626,方案/p2/n1/case_073_multicore_res.json,/Users/liyu/Desktop/中文题目/A题研究/advanced_solver/runs/formal_v2/evaluations/attempts/20260924T234236-cd2b9051400e4677820b97ecbd5ada4f/record.json,/Users/liyu/Desktop/中文题目/A题研究/advanced_solver/runs/formal_v2/evaluations/attempts/20260924T234236-cd2b9051400e4677820b97ecbd5ada4f/official_result.json.gz
case_073,2,2,4145658,4145658,10114688,10114688,0.0,10081626,方案/p2/n2/case_073_multicore_res.json,/Users/liyu/Desktop/中文题目/A题研究/advanced_solver/runs/formal_v2/evaluations/attempts/20260924T235400-de7b332464e243d49fd5bb3be588e910/record.json,/Users/liyu/Desktop/中文题目/A题研究/advanced_solver/runs/formal_v2/evaluations/attempts/20260924T235400-de7b332464e243d49fd5bb3be588e910/official_result.json.gz
case_073,2,3,2863798,2863798,7443200,7443200,0.0,10081626,方案/p2/n3/case_073_multicore_res.json,/Users/liyu/Desktop/中文题目/A题研究/advanced_solver/runs/formal_v2/evaluations/attempts/20260924T141800-d03d3737e3704d8cae839eb2594832b8/record.json,/Users/liyu/Desktop/中文题目/A题研究/advanced_solver/runs/formal_v2/evaluations/attempts/20260924T141800-d03d3737e3704d8cae839eb2594832b8/official_result.json.gz
case_073,2,4,2152516,2152516,19069056,19069056,0.0,10081626,方案/p2/n4/case_073_multicore_res.json,/Users/liyu/Desktop/中文题目/A题研究/advanced_solver/runs/formal_v2/evaluations/attempts/20260924T233812-9e0f18dd19b348cb98f5f332a2cd38a8/record.json,/Users/liyu/Desktop/中文题目/A题研究/advanced_solver/runs/formal_v2/evaluations/attempts/20260924T233812-9e0f18dd19b348cb98f5f332a2cd38a8/official_result.json.gz
case_073,2,5,1792821,1792821,22805504,22805504,0.0,10081626,方案/p2/n5/case_073_multicore_res.json,/Users/liyu/Desktop/中文题目/A题研究/advanced_solver/runs/operation_all100_n5_v1/evaluations/attempts/20260924T121737-7a1b234eb00b46e096cb40425932e84d/record.json,/Users/liyu/Desktop/中文题目/A题研究/advanced_solver/runs/operation_all100_n5_v1/evaluations/attempts/20260924T121737-7a1b234eb00b46e096cb40425932e84d/official_result.json.gz
case_073,3,1,10081626,10081626,141570432,141570432,0.0,10081626,方案/p3/n1/case_073_multicore_res.json,/Users/liyu/Desktop/中文题目/A题研究/advanced_solver/runs/formal_v2/evaluations/attempts/20260924T234237-b3f55475901c43e1b8ffae8975158eaa/record.json,/Users/liyu/Desktop/中文题目/A题研究/advanced_solver/runs/formal_v2/evaluations/attempts/20260924T234237-b3f55475901c43e1b8ffae8975158eaa/official_result.json.gz
case_073,3,2,4137477,4137477,10114688,10114688,0.0,10081626,方案/p3/n2/case_073_multicore_res.json,/Users/liyu/Desktop/中文题目/A题研究/advanced_solver/runs/formal_v2/evaluations/attempts/20260924T234124-43226ae486be440b9d18aa26fa1920eb/record.json,/Users/liyu/Desktop/中文题目/A题研究/advanced_solver/runs/formal_v2/evaluations/attempts/20260924T234124-43226ae486be440b9d18aa26fa1920eb/official_result.json.gz
case_073,3,3,2863798,2863798,7443200,7443200,0.0,10081626,方案/p3/n3/case_073_multicore_res.json,/Users/liyu/Desktop/中文题目/A题研究/advanced_solver/runs/formal_v2/evaluations/attempts/20260924T165000-5b9ecd13b0274ee087e2d595d0935c46/record.json,/Users/liyu/Desktop/中文题目/A题研究/advanced_solver/runs/formal_v2/evaluations/attempts/20260924T165000-5b9ecd13b0274ee087e2d595d0935c46/official_result.json.gz
case_073,3,4,2120862,2120862,19694720,19694720,0.0,10081626,方案/p3/n4/case_073_multicore_res.json,/Users/liyu/Desktop/中文题目/A题研究/advanced_solver/runs/formal_v2/evaluations/attempts/20260924T234125-4ff29cd722a34c63bc1f216a47d9d69f/record.json,/Users/liyu/Desktop/中文题目/A题研究/advanced_solver/runs/formal_v2/evaluations/attempts/20260924T234125-4ff29cd722a34c63bc1f216a47d9d69f/official_result.json.gz
case_073,3,5,1751868,1751868,22805504,22805504,0.0,10081626,方案/p3/n5/case_073_multicore_res.json,/Users/liyu/Desktop/中文题目/A题研究/advanced_solver/runs/formal_v2/evaluations/attempts/20260924T165152-689486c5344f4ee8add71f36967e1243/record.json,/Users/liyu/Desktop/中文题目/A题研究/advanced_solver/runs/formal_v2/evaluations/attempts/20260924T165152-689486c5344f4ee8add71f36967e1243/official_result.json.gz
case_074,1,1,1672889,1672889,7536648,7536648,0.0,1682239,方案/p1/n1/case_074_multicore_res.json,/Users/liyu/Desktop/中文题目/A题研究/advanced_solver/runs/formal_v2/evaluations/attempts/20260924T233935-76db45033fe349dda4050663e3f232c2/record.json,/Users/liyu/Desktop/中文题目/A题研究/advanced_solver/runs/formal_v2/evaluations/attempts/20260924T233935-76db45033fe349dda4050663e3f232c2/official_result.json.gz
case_074,1,2,826889,826889,6168576,6168576,0.0,1682239,方案/p1/n2/case_074_multicore_res.json,/Users/liyu/Desktop/中文题目/A题研究/solver/runs/full_initial_v1/evaluations/attempts/20260924T100850-365e93751844483799b9c7ef03ad4215/record.json,/Users/liyu/Desktop/中文题目/A题研究/solver/runs/full_initial_v1/evaluations/attempts/20260924T100850-365e93751844483799b9c7ef03ad4215/official_result.json.gz
case_074,1,3,548347,548347,7626752,7626752,0.0,1682239,方案/p1/n3/case_074_multicore_res.json,/Users/liyu/Desktop/中文题目/A题研究/advanced_solver/runs/formal_v2/evaluations/attempts/20260924T171430-0ffdff182a9c4174a77c7fcc577fa622/record.json,/Users/liyu/Desktop/中文题目/A题研究/advanced_solver/runs/formal_v2/evaluations/attempts/20260924T171430-0ffdff182a9c4174a77c7fcc577fa622/official_result.json.gz
case_074,1,4,423479,423479,8101888,8101888,0.0,1682239,方案/p1/n4/case_074_multicore_res.json,/Users/liyu/Desktop/中文题目/A题研究/advanced_solver/runs/formal_v2/evaluations/attempts/20260924T171511-77f3926444014008918a2c2aa6fc5fe4/record.json,/Users/liyu/Desktop/中文题目/A题研究/advanced_solver/runs/formal_v2/evaluations/attempts/20260924T171511-77f3926444014008918a2c2aa6fc5fe4/official_result.json.gz
case_074,1,5,330675,330675,8142848,8142848,0.0,1682239,方案/p1/n5/case_074_multicore_res.json,/Users/liyu/Desktop/中文题目/A题研究/advanced_solver/runs/formal_v2/evaluations/attempts/20260925T015747-03a9d5eb2eba49df957dbd63423e3e66/record.json,/Users/liyu/Desktop/中文题目/A题研究/advanced_solver/runs/formal_v2/evaluations/attempts/20260925T015747-03a9d5eb2eba49df957dbd63423e3e66/official_result.json.gz
case_074,2,1,1682239,1682239,6070280,6070280,0.0,1682239,方案/p2/n1/case_074_multicore_res.json,/Users/liyu/Desktop/中文题目/A题研究/advanced_solver/runs/formal_v2/evaluations/attempts/20260924T234252-14c73b7e0207421dadffd567a94d8770/record.json,/Users/liyu/Desktop/中文题目/A题研究/advanced_solver/runs/formal_v2/evaluations/attempts/20260924T234252-14c73b7e0207421dadffd567a94d8770/official_result.json.gz
case_074,2,2,820615,820615,6176768,6176768,0.0,1682239,方案/p2/n2/case_074_multicore_res.json,/Users/liyu/Desktop/中文题目/A题研究/advanced_solver/runs/formal_v2/evaluations/attempts/20260924T235412-33fdcc713b79422487c3eef8c48a7177/record.json,/Users/liyu/Desktop/中文题目/A题研究/advanced_solver/runs/formal_v2/evaluations/attempts/20260924T235412-33fdcc713b79422487c3eef8c48a7177/official_result.json.gz
case_074,2,3,545184,545184,7626752,7626752,0.0,1682239,方案/p2/n3/case_074_multicore_res.json,/Users/liyu/Desktop/中文题目/A题研究/advanced_solver/runs/formal_v2/evaluations/attempts/20260924T235412-f4c269f8a3ed4c8c9d07a75946ece0f6/record.json,/Users/liyu/Desktop/中文题目/A题研究/advanced_solver/runs/formal_v2/evaluations/attempts/20260924T235412-f4c269f8a3ed4c8c9d07a75946ece0f6/official_result.json.gz
case_074,2,4,412510,412510,7225348,7225348,0.0,1682239,方案/p2/n4/case_074_multicore_res.json,/Users/liyu/Desktop/中文题目/A题研究/advanced_solver/runs/formal_v2/evaluations/attempts/20260924T235412-3479a701ed0c458fa2410334cd61f670/record.json,/Users/liyu/Desktop/中文题目/A题研究/advanced_solver/runs/formal_v2/evaluations/attempts/20260924T235412-3479a701ed0c458fa2410334cd61f670/official_result.json.gz
case_074,2,5,331744,327346,5619712,5636096,1.3257210379087447,1682239,方案/p2/n5/case_074_multicore_res.json,/Users/liyu/Desktop/中文题目/A题研究/advanced_solver/runs/formal_v2/evaluations/attempts/20260925T175927-a1dff318e5e946b5908c8d58769565df/record.json,/Users/liyu/Desktop/中文题目/A题研究/advanced_solver/runs/formal_v2/evaluations/attempts/20260925T175927-a1dff318e5e946b5908c8d58769565df/official_result.json.gz
case_074,3,1,1678120,1678120,6070280,6070280,0.0,1682239,方案/p3/n1/case_074_multicore_res.json,/Users/liyu/Desktop/中文题目/A题研究/advanced_solver/runs/formal_v2/evaluations/attempts/20260924T234253-dd19edc9e0cb4031a761ae551a3f83f5/record.json,/Users/liyu/Desktop/中文题目/A题研究/advanced_solver/runs/formal_v2/evaluations/attempts/20260924T234253-dd19edc9e0cb4031a761ae551a3f83f5/official_result.json.gz
case_074,3,2,819556,819556,6176768,6176768,0.0,1682239,方案/p3/n2/case_074_multicore_res.json,/Users/liyu/Desktop/中文题目/A题研究/advanced_solver/runs/formal_v2/evaluations/attempts/20260924T234048-fff6705630234a1fbb5e9cc82f4d5432/record.json,/Users/liyu/Desktop/中文题目/A题研究/advanced_solver/runs/formal_v2/evaluations/attempts/20260924T234048-fff6705630234a1fbb5e9cc82f4d5432/official_result.json.gz
case_074,3,3,543845,543845,7626752,7626752,0.0,1682239,方案/p3/n3/case_074_multicore_res.json,/Users/liyu/Desktop/中文题目/A题研究/advanced_solver/runs/formal_v2/evaluations/attempts/20260924T234048-1ff2f6defc69494e8d724a8506b60530/record.json,/Users/liyu/Desktop/中文题目/A题研究/advanced_solver/runs/formal_v2/evaluations/attempts/20260924T234048-1ff2f6defc69494e8d724a8506b60530/official_result.json.gz
case_074,3,4,412345,412345,7225348,7225348,0.0,1682239,方案/p3/n4/case_074_multicore_res.json,/Users/liyu/Desktop/中文题目/A题研究/advanced_solver/runs/formal_v2/evaluations/attempts/20260924T234049-1d78112356384b509ad6cf23c34b8ec7/record.json,/Users/liyu/Desktop/中文题目/A题研究/advanced_solver/runs/formal_v2/evaluations/attempts/20260924T234049-1d78112356384b509ad6cf23c34b8ec7/official_result.json.gz
case_074,3,5,326680,324857,7634944,5636096,0.5580384474103139,1682239,方案/p3/n5/case_074_multicore_res.json,/Users/liyu/Desktop/中文题目/A题研究/advanced_solver/runs/formal_v2/evaluations/attempts/20260925T180134-2bc54c80486741678c0f373d5bc99e44/record.json,/Users/liyu/Desktop/中文题目/A题研究/advanced_solver/runs/formal_v2/evaluations/attempts/20260925T180134-2bc54c80486741678c0f373d5bc99e44/official_result.json.gz
case_075,1,1,1436708,1436708,875304,875304,0.0,1441809,方案/p1/n1/case_075_multicore_res.json,/Users/liyu/Desktop/中文题目/A题研究/advanced_solver/runs/formal_v2/evaluations/attempts/20260924T233901-f4b3438fdcc14ac794bb7e7aa6e6c80e/record.json,/Users/liyu/Desktop/中文题目/A题研究/advanced_solver/runs/formal_v2/evaluations/attempts/20260924T233901-f4b3438fdcc14ac794bb7e7aa6e6c80e/official_result.json.gz
case_075,1,2,868958,868958,8082280,8082280,0.0,1441809,方案/p1/n2/case_075_multicore_res.json,/Users/liyu/Desktop/中文题目/A题研究/advanced_solver/runs/formal_v2/evaluations/attempts/20260925T173240-48eb704089bc4227924ce606f69adff9/record.json,/Users/liyu/Desktop/中文题目/A题研究/advanced_solver/runs/formal_v2/evaluations/attempts/20260925T173240-48eb704089bc4227924ce606f69adff9/official_result.json.gz
case_075,1,3,667406,667406,8839578,8839578,0.0,1441809,方案/p1/n3/case_075_multicore_res.json,/Users/liyu/Desktop/中文题目/A题研究/advanced_solver/runs/formal_v2/evaluations/attempts/20260925T173246-530891d61bca4d4b8f41a65f1346f384/record.json,/Users/liyu/Desktop/中文题目/A题研究/advanced_solver/runs/formal_v2/evaluations/attempts/20260925T173246-530891d61bca4d4b8f41a65f1346f384/official_result.json.gz
case_075,1,4,534068,534068,10475926,10475926,0.0,1441809,方案/p1/n4/case_075_multicore_res.json,/Users/liyu/Desktop/中文题目/A题研究/advanced_solver/runs/formal_v2/evaluations/attempts/20260925T173315-1a587eb7ee68490587be245bb80221d3/record.json,/Users/liyu/Desktop/中文题目/A题研究/advanced_solver/runs/formal_v2/evaluations/attempts/20260925T173315-1a587eb7ee68490587be245bb80221d3/official_result.json.gz
case_075,1,5,478842,478842,12535518,12535518,0.0,1441809,方案/p1/n5/case_075_multicore_res.json,/Users/liyu/Desktop/中文题目/A题研究/advanced_solver/runs/formal_v2/evaluations/attempts/20260925T172134-3dee6c3dad504b61800a42848d69069c/record.json,/Users/liyu/Desktop/中文题目/A题研究/advanced_solver/runs/formal_v2/evaluations/attempts/20260925T172134-3dee6c3dad504b61800a42848d69069c/official_result.json.gz
case_075,2,1,1441809,1441809,0,0,0.0,1441809,方案/p2/n1/case_075_multicore_res.json,/Users/liyu/Desktop/中文题目/A题研究/advanced_solver/runs/formal_v2/evaluations/attempts/20260924T234155-d9c12739fea24bfb9a3b7a867074dc51/record.json,/Users/liyu/Desktop/中文题目/A题研究/advanced_solver/runs/formal_v2/evaluations/attempts/20260924T234155-d9c12739fea24bfb9a3b7a867074dc51/official_result.json.gz
case_075,2,2,745608,745608,3907972,3907972,0.0,1441809,方案/p2/n2/case_075_multicore_res.json,/Users/liyu/Desktop/中文题目/A题研究/advanced_solver/runs/formal_v2/evaluations/attempts/20260924T235339-a99c548145514b0dacae879543625175/record.json,/Users/liyu/Desktop/中文题目/A题研究/advanced_solver/runs/formal_v2/evaluations/attempts/20260924T235339-a99c548145514b0dacae879543625175/official_result.json.gz
case_075,2,3,563822,563822,12172972,12172972,0.0,1441809,方案/p2/n3/case_075_multicore_res.json,/Users/liyu/Desktop/中文题目/A题研究/advanced_solver/runs/formal_v2/evaluations/attempts/20260924T235341-ab998a866e0f4b0f9dbc291585920ef5/record.json,/Users/liyu/Desktop/中文题目/A题研究/advanced_solver/runs/formal_v2/evaluations/attempts/20260924T235341-ab998a866e0f4b0f9dbc291585920ef5/official_result.json.gz
case_075,2,4,458423,458423,7116882,7116882,0.0,1441809,方案/p2/n4/case_075_multicore_res.json,/Users/liyu/Desktop/中文题目/A题研究/advanced_solver/runs/formal_v2/evaluations/attempts/20260924T235342-90d16e3926b54c8a923c4df9ef9d4e39/record.json,/Users/liyu/Desktop/中文题目/A题研究/advanced_solver/runs/formal_v2/evaluations/attempts/20260924T235342-90d16e3926b54c8a923c4df9ef9d4e39/official_result.json.gz
case_075,2,5,392249,392249,12764184,12764184,0.0,1441809,方案/p2/n5/case_075_multicore_res.json,/Users/liyu/Desktop/中文题目/A题研究/advanced_solver/runs/formal_v2/evaluations/attempts/20260924T220733-fe041f2bd87149419627215eef41145d/record.json,/Users/liyu/Desktop/中文题目/A题研究/advanced_solver/runs/formal_v2/evaluations/attempts/20260924T220733-fe041f2bd87149419627215eef41145d/official_result.json.gz
case_075,3,1,1441809,1441809,0,0,0.0,1441809,方案/p3/n1/case_075_multicore_res.json,/Users/liyu/Desktop/中文题目/A题研究/advanced_solver/runs/formal_v2/evaluations/attempts/20260924T234157-89bd42798da74b3aa5daac6511059ac2/record.json,/Users/liyu/Desktop/中文题目/A题研究/advanced_solver/runs/formal_v2/evaluations/attempts/20260924T234157-89bd42798da74b3aa5daac6511059ac2/official_result.json.gz
case_075,3,2,745220,745220,3907972,3907972,0.0,1441809,方案/p3/n2/case_075_multicore_res.json,/Users/liyu/Desktop/中文题目/A题研究/advanced_solver/runs/formal_v2/evaluations/attempts/20260924T234251-52ad69835d7d43f58fe7f7b999222377/record.json,/Users/liyu/Desktop/中文题目/A题研究/advanced_solver/runs/formal_v2/evaluations/attempts/20260924T234251-52ad69835d7d43f58fe7f7b999222377/official_result.json.gz
case_075,3,3,562643,562643,12172972,12172972,0.0,1441809,方案/p3/n3/case_075_multicore_res.json,/Users/liyu/Desktop/中文题目/A题研究/advanced_solver/runs/formal_v2/evaluations/attempts/20260924T234307-9f28df171bee466a953a9d5c77cf6ea2/record.json,/Users/liyu/Desktop/中文题目/A题研究/advanced_solver/runs/formal_v2/evaluations/attempts/20260924T234307-9f28df171bee466a953a9d5c77cf6ea2/official_result.json.gz
case_075,3,4,455143,455143,7116882,7116882,0.0,1441809,方案/p3/n4/case_075_multicore_res.json,/Users/liyu/Desktop/中文题目/A题研究/advanced_solver/runs/formal_v2/evaluations/attempts/20260924T234301-23510a709e60419eb40d966280c8b7cf/record.json,/Users/liyu/Desktop/中文题目/A题研究/advanced_solver/runs/formal_v2/evaluations/attempts/20260924T234301-23510a709e60419eb40d966280c8b7cf/official_result.json.gz
case_075,3,5,379091,379091,12764184,12764184,0.0,1441809,方案/p3/n5/case_075_multicore_res.json,/Users/liyu/Desktop/中文题目/A题研究/advanced_solver/runs/formal_v2/evaluations/attempts/20260924T170021-c77a446e648c41d697e85683ecdbd831/record.json,/Users/liyu/Desktop/中文题目/A题研究/advanced_solver/runs/formal_v2/evaluations/attempts/20260924T170021-c77a446e648c41d697e85683ecdbd831/official_result.json.gz
case_076,1,1,6433423,6433423,74277888,74277888,0.0,6185113,方案/p1/n1/case_076_multicore_res.json,/Users/liyu/Desktop/中文题目/A题研究/advanced_solver/runs/formal_v2/evaluations/attempts/20260924T233447-2bb0e070495a422e8ce75a72c1a66846/record.json,/Users/liyu/Desktop/中文题目/A题研究/advanced_solver/runs/formal_v2/evaluations/attempts/20260924T233447-2bb0e070495a422e8ce75a72c1a66846/official_result.json.gz
case_076,1,2,3218778,3218778,74277888,74277888,0.0,6185113,方案/p1/n2/case_076_multicore_res.json,/Users/liyu/Desktop/中文题目/A题研究/advanced_solver/runs/formal_v2/evaluations/attempts/20260924T172639-39237ed9e13845ea8eaac4a6180ff432/record.json,/Users/liyu/Desktop/中文题目/A题研究/advanced_solver/runs/formal_v2/evaluations/attempts/20260924T172639-39237ed9e13845ea8eaac4a6180ff432/official_result.json.gz
case_076,1,3,2148577,2148577,74277888,74277888,0.0,6185113,方案/p1/n3/case_076_multicore_res.json,/Users/liyu/Desktop/中文题目/A题研究/advanced_solver/runs/formal_v2/evaluations/attempts/20260924T233756-7687c9f957e548e69931e6b1e2455955/record.json,/Users/liyu/Desktop/中文题目/A题研究/advanced_solver/runs/formal_v2/evaluations/attempts/20260924T233756-7687c9f957e548e69931e6b1e2455955/official_result.json.gz
case_076,1,4,1612294,1612294,74277888,74277888,0.0,6185113,方案/p1/n4/case_076_multicore_res.json,/Users/liyu/Desktop/中文题目/A题研究/advanced_solver/runs/formal_v2/evaluations/attempts/20260924T233806-8edd3156c2114884bdfad968fa5d3534/record.json,/Users/liyu/Desktop/中文题目/A题研究/advanced_solver/runs/formal_v2/evaluations/attempts/20260924T233806-8edd3156c2114884bdfad968fa5d3534/official_result.json.gz
case_076,1,5,1229020,1229020,38182912,38182912,0.0,6185113,方案/p1/n5/case_076_multicore_res.json,/Users/liyu/Desktop/中文题目/A题研究/advanced_solver/runs/formal_v2/evaluations/attempts/20260925T001823-f3bc10d791204bb9a281b9fa3ee7a73f/record.json,/Users/liyu/Desktop/中文题目/A题研究/advanced_solver/runs/formal_v2/evaluations/attempts/20260925T001823-f3bc10d791204bb9a281b9fa3ee7a73f/official_result.json.gz
case_076,2,1,6185113,6185113,28280832,28280832,0.0,6185113,方案/p2/n1/case_076_multicore_res.json,/Users/liyu/Desktop/中文题目/A题研究/advanced_solver/runs/formal_v2/evaluations/attempts/20260924T233318-bf72fa0057fe40579bf09bf6ccbf094b/record.json,/Users/liyu/Desktop/中文题目/A题研究/advanced_solver/runs/formal_v2/evaluations/attempts/20260924T233318-bf72fa0057fe40579bf09bf6ccbf094b/official_result.json.gz
case_076,2,2,3063348,3063348,29871104,29871104,0.0,6185113,方案/p2/n2/case_076_multicore_res.json,/Users/liyu/Desktop/中文题目/A题研究/advanced_solver/runs/formal_v2/evaluations/attempts/20260924T233401-49d3b4b62a414be092d10c0503c32ffe/record.json,/Users/liyu/Desktop/中文题目/A题研究/advanced_solver/runs/formal_v2/evaluations/attempts/20260924T233401-49d3b4b62a414be092d10c0503c32ffe/official_result.json.gz
case_076,2,3,2045432,2045432,32451584,32451584,0.0,6185113,方案/p2/n3/case_076_multicore_res.json,/Users/liyu/Desktop/中文题目/A题研究/advanced_solver/runs/formal_v2/evaluations/attempts/20260924T233411-20c27104d9c14f18bf89f060b7478143/record.json,/Users/liyu/Desktop/中文题目/A题研究/advanced_solver/runs/formal_v2/evaluations/attempts/20260924T233411-20c27104d9c14f18bf89f060b7478143/official_result.json.gz
case_076,2,4,1533060,1533060,33171456,33171456,0.0,6185113,方案/p2/n4/case_076_multicore_res.json,/Users/liyu/Desktop/中文题目/A题研究/advanced_solver/runs/formal_v2/evaluations/attempts/20260924T233418-6bf0f8155cc741c499396785087592ed/record.json,/Users/liyu/Desktop/中文题目/A题研究/advanced_solver/runs/formal_v2/evaluations/attempts/20260924T233418-6bf0f8155cc741c499396785087592ed/official_result.json.gz
case_076,2,5,1231756,1231756,35959808,35959808,0.0,6185113,方案/p2/n5/case_076_multicore_res.json,/Users/liyu/Desktop/中文题目/A题研究/advanced_solver/runs/formal_v2/evaluations/attempts/20260925T163656-d3398f270972423e827ec5fd3eb75cd6/record.json,/Users/liyu/Desktop/中文题目/A题研究/advanced_solver/runs/formal_v2/evaluations/attempts/20260925T163656-d3398f270972423e827ec5fd3eb75cd6/official_result.json.gz
case_076,3,1,6183098,6183098,28280832,28280832,0.0,6185113,方案/p3/n1/case_076_multicore_res.json,/Users/liyu/Desktop/中文题目/A题研究/advanced_solver/runs/formal_v2/evaluations/attempts/20260924T233323-ddacac2c073a497b94768fbbd8a6ba7f/record.json,/Users/liyu/Desktop/中文题目/A题研究/advanced_solver/runs/formal_v2/evaluations/attempts/20260924T233323-ddacac2c073a497b94768fbbd8a6ba7f/official_result.json.gz
case_076,3,2,3061439,3061439,29871104,29871104,0.0,6185113,方案/p3/n2/case_076_multicore_res.json,/Users/liyu/Desktop/中文题目/A题研究/advanced_solver/runs/formal_v2/evaluations/attempts/20260924T171224-1fb2855dbaf0490f9dee01907e3cfe93/record.json,/Users/liyu/Desktop/中文题目/A题研究/advanced_solver/runs/formal_v2/evaluations/attempts/20260924T171224-1fb2855dbaf0490f9dee01907e3cfe93/official_result.json.gz
case_076,3,3,2044010,2044010,32451584,32451584,0.0,6185113,方案/p3/n3/case_076_multicore_res.json,/Users/liyu/Desktop/中文题目/A题研究/advanced_solver/runs/formal_v2/evaluations/attempts/20260924T172217-bb26a21aa98f458987f816fe12985e35/record.json,/Users/liyu/Desktop/中文题目/A题研究/advanced_solver/runs/formal_v2/evaluations/attempts/20260924T172217-bb26a21aa98f458987f816fe12985e35/official_result.json.gz
case_076,3,4,1530771,1530771,33171456,33171456,0.0,6185113,方案/p3/n4/case_076_multicore_res.json,/Users/liyu/Desktop/中文题目/A题研究/advanced_solver/runs/formal_v2/evaluations/attempts/20260924T173205-359159bc97a74c2aa7001d99700da3b7/record.json,/Users/liyu/Desktop/中文题目/A题研究/advanced_solver/runs/formal_v2/evaluations/attempts/20260924T173205-359159bc97a74c2aa7001d99700da3b7/official_result.json.gz
case_076,3,5,1225408,1225408,38180864,38180864,0.0,6185113,方案/p3/n5/case_076_multicore_res.json,/Users/liyu/Desktop/中文题目/A题研究/advanced_solver/runs/formal_v2/evaluations/attempts/20260925T163613-5f09c1bd25764e7ea86f1bb7a8c63a31/record.json,/Users/liyu/Desktop/中文题目/A题研究/advanced_solver/runs/formal_v2/evaluations/attempts/20260925T163613-5f09c1bd25764e7ea86f1bb7a8c63a31/official_result.json.gz
case_077,1,1,496124,496124,173148,173148,0.0,495320,方案/p1/n1/case_077_multicore_res.json,/Users/liyu/Desktop/中文题目/A题研究/advanced_solver/runs/formal_v2/evaluations/attempts/20260924T233927-5dc9976606c74384905378af7969b1d3/record.json,/Users/liyu/Desktop/中文题目/A题研究/advanced_solver/runs/formal_v2/evaluations/attempts/20260924T233927-5dc9976606c74384905378af7969b1d3/official_result.json.gz
case_077,1,2,246965,246965,172032,172032,0.0,495320,方案/p1/n2/case_077_multicore_res.json,/Users/liyu/Desktop/中文题目/A题研究/advanced_solver/runs/formal_v2/evaluations/attempts/20260924T172030-678f4240066a4d22a790ceb7e18699f1/record.json,/Users/liyu/Desktop/中文题目/A题研究/advanced_solver/runs/formal_v2/evaluations/attempts/20260924T172030-678f4240066a4d22a790ceb7e18699f1/official_result.json.gz
case_077,1,3,177148,177148,286720,286720,0.0,495320,方案/p1/n3/case_077_multicore_res.json,/Users/liyu/Desktop/中文题目/A题研究/advanced_solver/runs/formal_v2/evaluations/attempts/20260924T172059-4e354923d8824cd2a774b15c28ba700e/record.json,/Users/liyu/Desktop/中文题目/A题研究/advanced_solver/runs/formal_v2/evaluations/attempts/20260924T172059-4e354923d8824cd2a774b15c28ba700e/official_result.json.gz
case_077,1,4,144734,144734,172032,172032,0.0,495320,方案/p1/n4/case_077_multicore_res.json,/Users/liyu/Desktop/中文题目/A题研究/advanced_solver/runs/formal_v2/evaluations/attempts/20260924T172121-acb8355ceedf4734a3bc4d49e8fdc450/record.json,/Users/liyu/Desktop/中文题目/A题研究/advanced_solver/runs/formal_v2/evaluations/attempts/20260924T172121-acb8355ceedf4734a3bc4d49e8fdc450/official_result.json.gz
case_077,1,5,119429,119429,401408,401408,0.0,495320,方案/p1/n5/case_077_multicore_res.json,/Users/liyu/Desktop/中文题目/A题研究/advanced_solver/runs/formal_v2/evaluations/attempts/20260924T172146-6a73435e5eb3497cb96a15aa1e6c9113/record.json,/Users/liyu/Desktop/中文题目/A题研究/advanced_solver/runs/formal_v2/evaluations/attempts/20260924T172146-6a73435e5eb3497cb96a15aa1e6c9113/official_result.json.gz
case_077,2,1,495320,495320,0,0,0.0,495320,方案/p2/n1/case_077_multicore_res.json,/Users/liyu/Desktop/中文题目/A题研究/advanced_solver/runs/formal_v2/evaluations/attempts/20260924T234239-d336f44524f1470381b4981e7560b5c0/record.json,/Users/liyu/Desktop/中文题目/A题研究/advanced_solver/runs/formal_v2/evaluations/attempts/20260924T234239-d336f44524f1470381b4981e7560b5c0/official_result.json.gz
case_077,2,2,244870,244870,57344,57344,0.0,495320,方案/p2/n2/case_077_multicore_res.json,/Users/liyu/Desktop/中文题目/A题研究/advanced_solver/runs/formal_v2/evaluations/attempts/20260924T233815-df9ca6b7fed24f38a24d6580e176054b/record.json,/Users/liyu/Desktop/中文题目/A题研究/advanced_solver/runs/formal_v2/evaluations/attempts/20260924T233815-df9ca6b7fed24f38a24d6580e176054b/official_result.json.gz
case_077,2,3,173746,173746,114688,114688,0.0,495320,方案/p2/n3/case_077_multicore_res.json,/Users/liyu/Desktop/中文题目/A题研究/advanced_solver/runs/formal_v2/evaluations/attempts/20260924T235402-ee8e66787fe54444a50293622c92d99a/record.json,/Users/liyu/Desktop/中文题目/A题研究/advanced_solver/runs/formal_v2/evaluations/attempts/20260924T235402-ee8e66787fe54444a50293622c92d99a/official_result.json.gz
case_077,2,4,133684,133684,598016,598016,0.0,495320,方案/p2/n4/case_077_multicore_res.json,/Users/liyu/Desktop/中文题目/A题研究/advanced_solver/runs/formal_v2/evaluations/attempts/20260924T142628-139f7a305f3b45579b0c53020dd5326e/record.json,/Users/liyu/Desktop/中文题目/A题研究/advanced_solver/runs/formal_v2/evaluations/attempts/20260924T142628-139f7a305f3b45579b0c53020dd5326e/official_result.json.gz
case_077,2,5,110038,110038,172032,172032,0.0,495320,方案/p2/n5/case_077_multicore_res.json,/Users/liyu/Desktop/中文题目/A题研究/advanced_solver/runs/formal_v2/evaluations/attempts/20260925T155738-52ff8889c1bc454681513397de43c3b6/record.json,/Users/liyu/Desktop/中文题目/A题研究/advanced_solver/runs/formal_v2/evaluations/attempts/20260925T155738-52ff8889c1bc454681513397de43c3b6/official_result.json.gz
case_077,3,1,495320,495320,0,0,0.0,495320,方案/p3/n1/case_077_multicore_res.json,/Users/liyu/Desktop/中文题目/A题研究/advanced_solver/runs/formal_v2/evaluations/attempts/20260924T234240-8dff681286fd4af49f4059f56a08d83f/record.json,/Users/liyu/Desktop/中文题目/A题研究/advanced_solver/runs/formal_v2/evaluations/attempts/20260924T234240-8dff681286fd4af49f4059f56a08d83f/official_result.json.gz
case_077,3,2,244870,244870,57344,57344,0.0,495320,方案/p3/n2/case_077_multicore_res.json,/Users/liyu/Desktop/中文题目/A题研究/advanced_solver/runs/formal_v2/evaluations/attempts/20260924T172423-60d3367575a0491b83adccc5d136a6cf/record.json,/Users/liyu/Desktop/中文题目/A题研究/advanced_solver/runs/formal_v2/evaluations/attempts/20260924T172423-60d3367575a0491b83adccc5d136a6cf/official_result.json.gz
case_077,3,3,173746,173746,114688,114688,0.0,495320,方案/p3/n3/case_077_multicore_res.json,/Users/liyu/Desktop/中文题目/A题研究/advanced_solver/runs/formal_v2/evaluations/attempts/20260924T234120-840bfc19ae714afc906170ac0001340e/record.json,/Users/liyu/Desktop/中文题目/A题研究/advanced_solver/runs/formal_v2/evaluations/attempts/20260924T234120-840bfc19ae714afc906170ac0001340e/official_result.json.gz
case_077,3,4,133491,133491,598016,598016,0.0,495320,方案/p3/n4/case_077_multicore_res.json,/Users/liyu/Desktop/中文题目/A题研究/advanced_solver/runs/formal_v2/evaluations/attempts/20260924T172511-219c008b54c64a489a2854d370e6cf1b/record.json,/Users/liyu/Desktop/中文题目/A题研究/advanced_solver/runs/formal_v2/evaluations/attempts/20260924T172511-219c008b54c64a489a2854d370e6cf1b/official_result.json.gz
case_077,3,5,110038,110038,172032,172032,0.0,495320,方案/p3/n5/case_077_multicore_res.json,/Users/liyu/Desktop/中文题目/A题研究/advanced_solver/runs/formal_v2/evaluations/attempts/20260925T155745-be093246c0d144a48ad06afb3d606578/record.json,/Users/liyu/Desktop/中文题目/A题研究/advanced_solver/runs/formal_v2/evaluations/attempts/20260925T155745-be093246c0d144a48ad06afb3d606578/official_result.json.gz
case_078,1,1,2296143,2296143,12644568,12644568,0.0,2296143,方案/p1/n1/case_078_multicore_res.json,/Users/liyu/Desktop/中文题目/A题研究/advanced_solver/runs/formal_v2/evaluations/attempts/20260924T233952-ca64ed567f7e423c83e6bd71ad57b7bc/record.json,/Users/liyu/Desktop/中文题目/A题研究/advanced_solver/runs/formal_v2/evaluations/attempts/20260924T233952-ca64ed567f7e423c83e6bd71ad57b7bc/official_result.json.gz
case_078,1,2,1080972,1080972,15039360,15039360,0.0,2296143,方案/p1/n2/case_078_multicore_res.json,/Users/liyu/Desktop/中文题目/A题研究/solver/runs/full_initial_v1/evaluations/attempts/20260924T101026-644e09df4b0e4f1cbd6a03f512eae5ec/record.json,/Users/liyu/Desktop/中文题目/A题研究/solver/runs/full_initial_v1/evaluations/attempts/20260924T101026-644e09df4b0e4f1cbd6a03f512eae5ec/official_result.json.gz
case_078,1,3,850256,850256,15039360,15039360,0.0,2296143,方案/p1/n3/case_078_multicore_res.json,/Users/liyu/Desktop/中文题目/A题研究/advanced_solver/runs/formal_v2/evaluations/attempts/20260924T172206-3cfcc6c753544b4782bf66be027a82ee/record.json,/Users/liyu/Desktop/中文题目/A题研究/advanced_solver/runs/formal_v2/evaluations/attempts/20260924T172206-3cfcc6c753544b4782bf66be027a82ee/official_result.json.gz
case_078,1,4,619540,619540,15039360,15039360,0.0,2296143,方案/p1/n4/case_078_multicore_res.json,/Users/liyu/Desktop/中文题目/A题研究/advanced_solver/runs/formal_v2/evaluations/attempts/20260924T172210-81935fff2804477599bd6ca28634b102/record.json,/Users/liyu/Desktop/中文题目/A题研究/advanced_solver/runs/formal_v2/evaluations/attempts/20260924T172210-81935fff2804477599bd6ca28634b102/official_result.json.gz
case_078,1,5,619540,619540,15039360,15039360,0.0,2296143,方案/p1/n5/case_078_multicore_res.json,/Users/liyu/Desktop/中文题目/A题研究/advanced_solver/runs/formal_v2/evaluations/attempts/20260924T172214-a0a5deae3a694e6d9b537595cd60a6a8/record.json,/Users/liyu/Desktop/中文题目/A题研究/advanced_solver/runs/formal_v2/evaluations/attempts/20260924T172214-a0a5deae3a694e6d9b537595cd60a6a8/official_result.json.gz
case_078,2,1,2296143,2296143,12644568,12644568,0.0,2296143,方案/p2/n1/case_078_multicore_res.json,/Users/liyu/Desktop/中文题目/A题研究/advanced_solver/runs/formal_v2/evaluations/attempts/20260924T234318-47535cd0bb5e4f8092ba214bb838f99b/record.json,/Users/liyu/Desktop/中文题目/A题研究/advanced_solver/runs/formal_v2/evaluations/attempts/20260924T234318-47535cd0bb5e4f8092ba214bb838f99b/official_result.json.gz
case_078,2,2,1029517,1029517,2910336,2910336,0.0,2296143,方案/p2/n2/case_078_multicore_res.json,/Users/liyu/Desktop/中文题目/A题研究/advanced_solver/runs/formal_v2/evaluations/attempts/20260924T234817-3f4d3cc2fb544373b8fd9c968ba46245/record.json,/Users/liyu/Desktop/中文题目/A题研究/advanced_solver/runs/formal_v2/evaluations/attempts/20260924T234817-3f4d3cc2fb544373b8fd9c968ba46245/official_result.json.gz
case_078,2,3,691742,691742,8567040,8567040,0.0,2296143,方案/p2/n3/case_078_multicore_res.json,/Users/liyu/Desktop/中文题目/A题研究/advanced_solver/runs/formal_v2/evaluations/attempts/20260924T233852-7a81b41312d347ba8fac601803a778ab/record.json,/Users/liyu/Desktop/中文题目/A题研究/advanced_solver/runs/formal_v2/evaluations/attempts/20260924T233852-7a81b41312d347ba8fac601803a778ab/official_result.json.gz
case_078,2,4,517385,517385,7595328,7595328,0.0,2296143,方案/p2/n4/case_078_multicore_res.json,/Users/liyu/Desktop/中文题目/A题研究/advanced_solver/runs/formal_v2/evaluations/attempts/20260924T235426-195076c827c3413aab4baf469a9c51d8/record.json,/Users/liyu/Desktop/中文题目/A题研究/advanced_solver/runs/formal_v2/evaluations/attempts/20260924T235426-195076c827c3413aab4baf469a9c51d8/official_result.json.gz
case_078,2,5,488618,488618,14085120,14085120,0.0,2296143,方案/p2/n5/case_078_multicore_res.json,/Users/liyu/Desktop/中文题目/A题研究/advanced_solver/runs/operation_all100_n5_v1/evaluations/attempts/20260924T121829-6b523d73fc7640f09b37dd9081204c1a/record.json,/Users/liyu/Desktop/中文题目/A题研究/advanced_solver/runs/operation_all100_n5_v1/evaluations/attempts/20260924T121829-6b523d73fc7640f09b37dd9081204c1a/official_result.json.gz
case_078,3,1,2296143,2296143,12644568,12644568,0.0,2296143,方案/p3/n1/case_078_multicore_res.json,/Users/liyu/Desktop/中文题目/A题研究/advanced_solver/runs/formal_v2/evaluations/attempts/20260924T234318-16b52c16ee5c4eadbec3c9d1fcf1f654/record.json,/Users/liyu/Desktop/中文题目/A题研究/advanced_solver/runs/formal_v2/evaluations/attempts/20260924T234318-16b52c16ee5c4eadbec3c9d1fcf1f654/official_result.json.gz
case_078,3,2,1029517,1029517,2910336,2910336,0.0,2296143,方案/p3/n2/case_078_multicore_res.json,/Users/liyu/Desktop/中文题目/A题研究/advanced_solver/runs/formal_v2/evaluations/attempts/20260924T235426-75f837d7357c4926887c73ee88cde423/record.json,/Users/liyu/Desktop/中文题目/A题研究/advanced_solver/runs/formal_v2/evaluations/attempts/20260924T235426-75f837d7357c4926887c73ee88cde423/official_result.json.gz
case_078,3,3,691338,691338,8567040,8567040,0.0,2296143,方案/p3/n3/case_078_multicore_res.json,/Users/liyu/Desktop/中文题目/A题研究/advanced_solver/runs/formal_v2/evaluations/attempts/20260924T234008-34025e5442f2485c867636dd0d72ff6f/record.json,/Users/liyu/Desktop/中文题目/A题研究/advanced_solver/runs/formal_v2/evaluations/attempts/20260924T234008-34025e5442f2485c867636dd0d72ff6f/official_result.json.gz
case_078,3,4,515912,515912,7595328,7595328,0.0,2296143,方案/p3/n4/case_078_multicore_res.json,/Users/liyu/Desktop/中文题目/A题研究/advanced_solver/runs/formal_v2/evaluations/attempts/20260924T234008-4325a0bd66714336bdf4303b40409436/record.json,/Users/liyu/Desktop/中文题目/A题研究/advanced_solver/runs/formal_v2/evaluations/attempts/20260924T234008-4325a0bd66714336bdf4303b40409436/official_result.json.gz
case_078,3,5,459213,459213,13757952,13757952,0.0,2296143,方案/p3/n5/case_078_multicore_res.json,/Users/liyu/Desktop/中文题目/A题研究/advanced_solver/runs/formal_v2/evaluations/attempts/20260925T112023-e58a19e0027b473ea8544bf667fcbda6/record.json,/Users/liyu/Desktop/中文题目/A题研究/advanced_solver/runs/formal_v2/evaluations/attempts/20260925T112023-e58a19e0027b473ea8544bf667fcbda6/official_result.json.gz
case_079,1,1,29441984,29441984,40415232,40415232,0.0,31052251,方案/p1/n1/case_079_multicore_res.json,/Users/liyu/Desktop/中文题目/A题研究/advanced_solver/runs/formal_v2/evaluations/attempts/20260924T233735-b431cf2d671e432189972e8b923ee39c/record.json,/Users/liyu/Desktop/中文题目/A题研究/advanced_solver/runs/formal_v2/evaluations/attempts/20260924T233735-b431cf2d671e432189972e8b923ee39c/official_result.json.gz
case_079,1,2,14893820,14893820,91508736,91508736,0.0,31052251,方案/p1/n2/case_079_multicore_res.json,/Users/liyu/Desktop/中文题目/A题研究/solver/runs/full_initial_v1/evaluations/attempts/20260924T101548-1058bcc9024e489085e1d8dde781f94a/record.json,/Users/liyu/Desktop/中文题目/A题研究/solver/runs/full_initial_v1/evaluations/attempts/20260924T101548-1058bcc9024e489085e1d8dde781f94a/official_result.json.gz
case_079,1,3,9965372,9965372,91508736,91508736,0.0,31052251,方案/p1/n3/case_079_multicore_res.json,/Users/liyu/Desktop/中文题目/A题研究/advanced_solver/runs/formal_v2/evaluations/attempts/20260924T174328-5630bc084eba4f5cbb35c632b2dc801c/record.json,/Users/liyu/Desktop/中文题目/A题研究/advanced_solver/runs/formal_v2/evaluations/attempts/20260924T174328-5630bc084eba4f5cbb35c632b2dc801c/official_result.json.gz
case_079,1,4,7501148,7501148,91508736,91508736,0.0,31052251,方案/p1/n4/case_079_multicore_res.json,/Users/liyu/Desktop/中文题目/A题研究/advanced_solver/runs/formal_v2/evaluations/attempts/20260924T180004-f2e0c583ba944a2d8237da27fbff8419/record.json,/Users/liyu/Desktop/中文题目/A题研究/advanced_solver/runs/formal_v2/evaluations/attempts/20260924T180004-f2e0c583ba944a2d8237da27fbff8419/official_result.json.gz
case_079,1,5,6056359,6056359,37085184,37085184,0.0,31052251,方案/p1/n5/case_079_multicore_res.json,/Users/liyu/Desktop/中文题目/A题研究/advanced_solver/runs/formal_v2/evaluations/attempts/20260924T181444-71e9ea6573f74544bf219ff772610d8f/record.json,/Users/liyu/Desktop/中文题目/A题研究/advanced_solver/runs/formal_v2/evaluations/attempts/20260924T181444-71e9ea6573f74544bf219ff772610d8f/official_result.json.gz
case_079,2,1,31052251,31052251,32448512,32448512,0.0,31052251,方案/p2/n1/case_079_multicore_res.json,/Users/liyu/Desktop/中文题目/A题研究/advanced_solver/runs/formal_v2/evaluations/attempts/20260924T233905-965d31310c6f4a3bafd6d854b3478032/record.json,/Users/liyu/Desktop/中文题目/A题研究/advanced_solver/runs/formal_v2/evaluations/attempts/20260924T233905-965d31310c6f4a3bafd6d854b3478032/official_result.json.gz
case_079,2,2,15446486,15446486,31780864,31780864,0.0,31052251,方案/p2/n2/case_079_multicore_res.json,/Users/liyu/Desktop/中文题目/A题研究/solver/runs/full_initial_v1/evaluations/attempts/20260924T102114-2416a50773c54d78958028b24bca7f38/record.json,/Users/liyu/Desktop/中文题目/A题研究/solver/runs/full_initial_v1/evaluations/attempts/20260924T102114-2416a50773c54d78958028b24bca7f38/official_result.json.gz
case_079,2,3,10178800,10178800,39981056,39981056,0.0,31052251,方案/p2/n3/case_079_multicore_res.json,/Users/liyu/Desktop/中文题目/A题研究/advanced_solver/runs/formal_v2/evaluations/attempts/20260924T235208-5a2673988ada4eba808bf6d1713dd1b5/record.json,/Users/liyu/Desktop/中文题目/A题研究/advanced_solver/runs/formal_v2/evaluations/attempts/20260924T235208-5a2673988ada4eba808bf6d1713dd1b5/official_result.json.gz
case_079,2,4,7635624,7635624,30445568,30445568,0.0,31052251,方案/p2/n4/case_079_multicore_res.json,/Users/liyu/Desktop/中文题目/A题研究/advanced_solver/runs/formal_v2/evaluations/attempts/20260924T143439-4ffaeffa4b26450cbc9740725659cb8a/record.json,/Users/liyu/Desktop/中文题目/A题研究/advanced_solver/runs/formal_v2/evaluations/attempts/20260924T143439-4ffaeffa4b26450cbc9740725659cb8a/official_result.json.gz
case_079,2,5,6002829,6002829,38426624,38426624,0.0,31052251,方案/p2/n5/case_079_multicore_res.json,/Users/liyu/Desktop/中文题目/A题研究/advanced_solver/runs/formal_v2/evaluations/attempts/20260925T152759-764502ed6eeb4127ad4b24eac0735e23/record.json,/Users/liyu/Desktop/中文题目/A题研究/advanced_solver/runs/formal_v2/evaluations/attempts/20260925T152759-764502ed6eeb4127ad4b24eac0735e23/official_result.json.gz
case_079,3,1,31052251,31052251,32448512,32448512,0.0,31052251,方案/p3/n1/case_079_multicore_res.json,/Users/liyu/Desktop/中文题目/A题研究/advanced_solver/runs/formal_v2/evaluations/attempts/20260924T233916-17fd4337e2a2429bad4be9ddaf256554/record.json,/Users/liyu/Desktop/中文题目/A题研究/advanced_solver/runs/formal_v2/evaluations/attempts/20260924T233916-17fd4337e2a2429bad4be9ddaf256554/official_result.json.gz
case_079,3,2,15446486,15446486,31780864,31780864,0.0,31052251,方案/p3/n2/case_079_multicore_res.json,/Users/liyu/Desktop/中文题目/A题研究/advanced_solver/runs/formal_v2/evaluations/attempts/20260924T172624-18db3db5830a4bdd9d1f58269cdca5f2/record.json,/Users/liyu/Desktop/中文题目/A题研究/advanced_solver/runs/formal_v2/evaluations/attempts/20260924T172624-18db3db5830a4bdd9d1f58269cdca5f2/official_result.json.gz
case_079,3,3,10174866,10174866,39981056,39981056,0.0,31052251,方案/p3/n3/case_079_multicore_res.json,/Users/liyu/Desktop/中文题目/A题研究/advanced_solver/runs/formal_v2/evaluations/attempts/20260924T234846-dcea5130769d48699dec2a0d1b91c373/record.json,/Users/liyu/Desktop/中文题目/A题研究/advanced_solver/runs/formal_v2/evaluations/attempts/20260924T234846-dcea5130769d48699dec2a0d1b91c373/official_result.json.gz
case_079,3,4,7635624,7635624,30445568,30445568,0.0,31052251,方案/p3/n4/case_079_multicore_res.json,/Users/liyu/Desktop/中文题目/A题研究/advanced_solver/runs/formal_v2/evaluations/attempts/20260924T173258-703b713ebaf04990a7e405dde06b2a5c/record.json,/Users/liyu/Desktop/中文题目/A题研究/advanced_solver/runs/formal_v2/evaluations/attempts/20260924T173258-703b713ebaf04990a7e405dde06b2a5c/official_result.json.gz
case_079,3,5,6001928,6001928,38426624,38426624,0.0,31052251,方案/p3/n5/case_079_multicore_res.json,/Users/liyu/Desktop/中文题目/A题研究/advanced_solver/runs/formal_v2/evaluations/attempts/20260925T152311-30c063141bc342deb24c1e71e41ef3e1/record.json,/Users/liyu/Desktop/中文题目/A题研究/advanced_solver/runs/formal_v2/evaluations/attempts/20260925T152222-2a0e71e98f2d404bb74a930b1620f354/official_result.json.gz
case_080,1,1,292124,292124,1048576,1048576,0.0,292138,方案/p1/n1/case_080_multicore_res.json,/Users/liyu/Desktop/中文题目/A题研究/advanced_solver/runs/formal_v2/evaluations/attempts/20260924T233948-984ff69a2ff94ec3a992dd86d69fa343/record.json,/Users/liyu/Desktop/中文题目/A题研究/advanced_solver/runs/formal_v2/evaluations/attempts/20260924T233948-984ff69a2ff94ec3a992dd86d69fa343/official_result.json.gz
case_080,1,2,145926,145926,2191360,2191360,0.0,292138,方案/p1/n2/case_080_multicore_res.json,/Users/liyu/Desktop/中文题目/A题研究/solver/runs/full_initial_v1/evaluations/attempts/20260924T101110-b02f3b3bffbe4d6082f10d0a4f27a859/record.json,/Users/liyu/Desktop/中文题目/A题研究/solver/runs/full_initial_v1/evaluations/attempts/20260924T101110-b02f3b3bffbe4d6082f10d0a4f27a859/official_result.json.gz
case_080,1,3,100325,100325,3047424,3047424,0.0,292138,方案/p1/n3/case_080_multicore_res.json,/Users/liyu/Desktop/中文题目/A题研究/advanced_solver/runs/formal_v2/evaluations/attempts/20260924T182501-e0b733acc50f43058c14794835ed7821/record.json,/Users/liyu/Desktop/中文题目/A题研究/advanced_solver/runs/formal_v2/evaluations/attempts/20260924T182501-e0b733acc50f43058c14794835ed7821/official_result.json.gz
case_080,1,4,95868,95868,2793472,2793472,0.0,292138,方案/p1/n4/case_080_multicore_res.json,/Users/liyu/Desktop/中文题目/A题研究/advanced_solver/runs/formal_v2/evaluations/attempts/20260924T182511-d872947637094d998ad09c0336236221/record.json,/Users/liyu/Desktop/中文题目/A题研究/advanced_solver/runs/formal_v2/evaluations/attempts/20260924T182511-d872947637094d998ad09c0336236221/official_result.json.gz
case_080,1,5,95868,95868,2793472,2793472,0.0,292138,方案/p1/n5/case_080_multicore_res.json,/Users/liyu/Desktop/中文题目/A题研究/直接迭代/运行结果/跨核继承_v1/evaluations/attempts/20260924T215824-1e49f62c7adb4827aa45c90ea86c368a/record.json,/Users/liyu/Desktop/中文题目/A题研究/直接迭代/运行结果/跨核继承_v1/evaluations/attempts/20260924T215824-1e49f62c7adb4827aa45c90ea86c368a/official_result.json.gz
case_080,2,1,292138,292138,548864,548864,0.0,292138,方案/p2/n1/case_080_multicore_res.json,/Users/liyu/Desktop/中文题目/A题研究/advanced_solver/runs/formal_v2/evaluations/attempts/20260924T234311-f5d5d1656e69404b842d7a9791e023ac/record.json,/Users/liyu/Desktop/中文题目/A题研究/advanced_solver/runs/formal_v2/evaluations/attempts/20260924T234311-f5d5d1656e69404b842d7a9791e023ac/official_result.json.gz
case_080,2,2,145926,145926,2191360,2191360,0.0,292138,方案/p2/n2/case_080_multicore_res.json,/Users/liyu/Desktop/中文题目/A题研究/solver/runs/full_initial_v1/evaluations/attempts/20260924T101113-fb9542652f38408690cc334b492f88f2/record.json,/Users/liyu/Desktop/中文题目/A题研究/solver/runs/full_initial_v1/evaluations/attempts/20260924T101113-fb9542652f38408690cc334b492f88f2/official_result.json.gz
case_080,2,3,100325,100325,3047424,3047424,0.0,292138,方案/p2/n3/case_080_multicore_res.json,/Users/liyu/Desktop/中文题目/A题研究/advanced_solver/runs/formal_v2/evaluations/attempts/20260924T144001-50b23ab1aa8c4b13bf6779461877896c/record.json,/Users/liyu/Desktop/中文题目/A题研究/advanced_solver/runs/formal_v2/evaluations/attempts/20260924T144001-50b23ab1aa8c4b13bf6779461877896c/official_result.json.gz
case_080,2,4,90653,90653,1650688,1650688,0.0,292138,方案/p2/n4/case_080_multicore_res.json,/Users/liyu/Desktop/中文题目/A题研究/advanced_solver/runs/formal_v2/evaluations/attempts/20260924T144011-15c5d8f0fbb349b2ae032813e92d3122/record.json,/Users/liyu/Desktop/中文题目/A题研究/advanced_solver/runs/formal_v2/evaluations/attempts/20260924T144011-15c5d8f0fbb349b2ae032813e92d3122/official_result.json.gz
case_080,2,5,79721,79721,2109440,2109440,0.0,292138,方案/p2/n5/case_080_multicore_res.json,/Users/liyu/Desktop/中文题目/A题研究/advanced_solver/runs/formal_v2/evaluations/attempts/20260924T235422-f02c58ea7c4843d28588fadec7b8e1ea/record.json,/Users/liyu/Desktop/中文题目/A题研究/advanced_solver/runs/formal_v2/evaluations/attempts/20260924T235422-f02c58ea7c4843d28588fadec7b8e1ea/official_result.json.gz
case_080,3,1,291826,291826,548864,548864,0.0,292138,方案/p3/n1/case_080_multicore_res.json,/Users/liyu/Desktop/中文题目/A题研究/advanced_solver/runs/formal_v2/evaluations/attempts/20260924T234311-c9dd94a21edb4747824f993df8c09482/record.json,/Users/liyu/Desktop/中文题目/A题研究/advanced_solver/runs/formal_v2/evaluations/attempts/20260924T234311-c9dd94a21edb4747824f993df8c09482/official_result.json.gz
case_080,3,2,145674,145674,2191360,2191360,0.0,292138,方案/p3/n2/case_080_multicore_res.json,/Users/liyu/Desktop/中文题目/A题研究/advanced_solver/runs/formal_v2/evaluations/attempts/20260924T173919-5ff0782a2d954ab487b53cd49b5a65d3/record.json,/Users/liyu/Desktop/中文题目/A题研究/advanced_solver/runs/formal_v2/evaluations/attempts/20260924T173919-5ff0782a2d954ab487b53cd49b5a65d3/official_result.json.gz
case_080,3,3,100325,100325,3047424,3047424,0.0,292138,方案/p3/n3/case_080_multicore_res.json,/Users/liyu/Desktop/中文题目/A题研究/advanced_solver/runs/formal_v2/evaluations/attempts/20260924T173926-45e6350980da473790b241c9ea8b0d1e/record.json,/Users/liyu/Desktop/中文题目/A题研究/advanced_solver/runs/formal_v2/evaluations/attempts/20260924T173926-45e6350980da473790b241c9ea8b0d1e/official_result.json.gz
case_080,3,4,90143,90143,4190208,4190208,0.0,292138,方案/p3/n4/case_080_multicore_res.json,/Users/liyu/Desktop/中文题目/A题研究/advanced_solver/runs/formal_v2/evaluations/attempts/20260924T234020-86d642d88bba47fc9d3c33aaa851625c/record.json,/Users/liyu/Desktop/中文题目/A题研究/advanced_solver/runs/formal_v2/evaluations/attempts/20260924T234020-86d642d88bba47fc9d3c33aaa851625c/official_result.json.gz
case_080,3,5,75051,75051,2109440,2109440,0.0,292138,方案/p3/n5/case_080_multicore_res.json,/Users/liyu/Desktop/中文题目/A题研究/advanced_solver/runs/formal_v2/evaluations/attempts/20260924T221624-1c45b25d7d714ece89f854e969a2787b/record.json,/Users/liyu/Desktop/中文题目/A题研究/advanced_solver/runs/formal_v2/evaluations/attempts/20260924T221624-1c45b25d7d714ece89f854e969a2787b/official_result.json.gz
case_081,1,1,152305,152305,0,0,0.0,151795,方案/p1/n1/case_081_multicore_res.json,/Users/liyu/Desktop/中文题目/A题研究/advanced_solver/runs/formal_v2/evaluations/attempts/20260924T233930-679eb442da6c4f55a37e6e7c3112d68e/record.json,/Users/liyu/Desktop/中文题目/A题研究/advanced_solver/runs/formal_v2/evaluations/attempts/20260924T233930-679eb442da6c4f55a37e6e7c3112d68e/official_result.json.gz
case_081,1,2,76860,76860,0,0,0.0,151795,方案/p1/n2/case_081_multicore_res.json,/Users/liyu/Desktop/中文题目/A题研究/solver/runs/full_initial_v1/evaluations/attempts/20260924T101122-83a6a81627f84007826457e997efac43/record.json,/Users/liyu/Desktop/中文题目/A题研究/solver/runs/full_initial_v1/evaluations/attempts/20260924T101122-83a6a81627f84007826457e997efac43/official_result.json.gz
case_081,1,3,51943,51943,0,0,0.0,151795,方案/p1/n3/case_081_multicore_res.json,/Users/liyu/Desktop/中文题目/A题研究/advanced_solver/runs/formal_v2/evaluations/attempts/20260924T182555-c52d894569f64268886a16a3c783b0bf/record.json,/Users/liyu/Desktop/中文题目/A题研究/advanced_solver/runs/formal_v2/evaluations/attempts/20260924T182555-c52d894569f64268886a16a3c783b0bf/official_result.json.gz
case_081,1,4,39588,39588,0,0,0.0,151795,方案/p1/n4/case_081_multicore_res.json,/Users/liyu/Desktop/中文题目/A题研究/advanced_solver/runs/formal_v2/evaluations/attempts/20260924T182624-25bf9721d90d47fc9e62039f3b6668cc/record.json,/Users/liyu/Desktop/中文题目/A题研究/advanced_solver/runs/formal_v2/evaluations/attempts/20260924T182624-25bf9721d90d47fc9e62039f3b6668cc/official_result.json.gz
case_081,1,5,30943,30943,0,0,0.0,151795,方案/p1/n5/case_081_multicore_res.json,/Users/liyu/Desktop/中文题目/A题研究/solver/runs/full_initial_v1/evaluations/attempts/20260924T101130-a39313d2872b4ba08dadeaf852be7306/record.json,/Users/liyu/Desktop/中文题目/A题研究/solver/runs/full_initial_v1/evaluations/attempts/20260924T101130-a39313d2872b4ba08dadeaf852be7306/official_result.json.gz
case_081,2,1,151795,151795,0,0,0.0,151795,方案/p2/n1/case_081_multicore_res.json,/Users/liyu/Desktop/中文题目/A题研究/advanced_solver/runs/formal_v2/evaluations/attempts/20260924T234243-8df23170ad784124a59ee807f2340313/record.json,/Users/liyu/Desktop/中文题目/A题研究/advanced_solver/runs/formal_v2/evaluations/attempts/20260924T234243-8df23170ad784124a59ee807f2340313/official_result.json.gz
case_081,2,2,76860,76860,0,0,0.0,151795,方案/p2/n2/case_081_multicore_res.json,/Users/liyu/Desktop/中文题目/A题研究/solver/runs/full_initial_v1/evaluations/attempts/20260924T101133-6ecd48281d704b37ac334162621c285e/record.json,/Users/liyu/Desktop/中文题目/A题研究/solver/runs/full_initial_v1/evaluations/attempts/20260924T101133-6ecd48281d704b37ac334162621c285e/official_result.json.gz
case_081,2,3,51943,51943,0,0,0.0,151795,方案/p2/n3/case_081_multicore_res.json,/Users/liyu/Desktop/中文题目/A题研究/advanced_solver/runs/formal_v2/evaluations/attempts/20260924T144057-83b7adebe0c043118cb9a04b288f2662/record.json,/Users/liyu/Desktop/中文题目/A题研究/advanced_solver/runs/formal_v2/evaluations/attempts/20260924T144057-83b7adebe0c043118cb9a04b288f2662/official_result.json.gz
case_081,2,4,39588,39588,0,0,0.0,151795,方案/p2/n4/case_081_multicore_res.json,/Users/liyu/Desktop/中文题目/A题研究/advanced_solver/runs/formal_v2/evaluations/attempts/20260924T144132-90aba6a7c1bd4098ad89169f3cb30c10/record.json,/Users/liyu/Desktop/中文题目/A题研究/advanced_solver/runs/formal_v2/evaluations/attempts/20260924T144132-90aba6a7c1bd4098ad89169f3cb30c10/official_result.json.gz
case_081,2,5,30943,30943,0,0,0.0,151795,方案/p2/n5/case_081_multicore_res.json,/Users/liyu/Desktop/中文题目/A题研究/solver/runs/full_initial_v1/evaluations/attempts/20260924T101137-1313bcb85de042bd99aa1deff256f8bc/record.json,/Users/liyu/Desktop/中文题目/A题研究/solver/runs/full_initial_v1/evaluations/attempts/20260924T101137-1313bcb85de042bd99aa1deff256f8bc/official_result.json.gz
case_081,3,1,151795,151795,0,0,0.0,151795,方案/p3/n1/case_081_multicore_res.json,/Users/liyu/Desktop/中文题目/A题研究/advanced_solver/runs/formal_v2/evaluations/attempts/20260924T234244-b5bd455f795646ebbcb6309a0c967d50/record.json,/Users/liyu/Desktop/中文题目/A题研究/advanced_solver/runs/formal_v2/evaluations/attempts/20260924T234244-b5bd455f795646ebbcb6309a0c967d50/official_result.json.gz
case_081,3,2,76860,76860,0,0,0.0,151795,方案/p3/n2/case_081_multicore_res.json,/Users/liyu/Desktop/中文题目/A题研究/advanced_solver/runs/formal_v2/evaluations/attempts/20260924T173950-82a62b3db15644e19070b16070997c86/record.json,/Users/liyu/Desktop/中文题目/A题研究/advanced_solver/runs/formal_v2/evaluations/attempts/20260924T173950-82a62b3db15644e19070b16070997c86/official_result.json.gz
case_081,3,3,51943,51943,0,0,0.0,151795,方案/p3/n3/case_081_multicore_res.json,/Users/liyu/Desktop/中文题目/A题研究/advanced_solver/runs/formal_v2/evaluations/attempts/20260924T174012-3982f45ad3c24b3a8ec09066b7d1907a/record.json,/Users/liyu/Desktop/中文题目/A题研究/advanced_solver/runs/formal_v2/evaluations/attempts/20260924T174012-3982f45ad3c24b3a8ec09066b7d1907a/official_result.json.gz
case_081,3,4,39588,39588,0,0,0.0,151795,方案/p3/n4/case_081_multicore_res.json,/Users/liyu/Desktop/中文题目/A题研究/advanced_solver/runs/formal_v2/evaluations/attempts/20260924T174036-21cddae6eac1485a8c83ab368c04dc04/record.json,/Users/liyu/Desktop/中文题目/A题研究/advanced_solver/runs/formal_v2/evaluations/attempts/20260924T174036-21cddae6eac1485a8c83ab368c04dc04/official_result.json.gz
case_081,3,5,30943,30943,0,0,0.0,151795,方案/p3/n5/case_081_multicore_res.json,/Users/liyu/Desktop/中文题目/A题研究/advanced_solver/runs/formal_v2/evaluations/attempts/20260924T174100-00c2b46da8194ab68058d2a684f2bd4e/record.json,/Users/liyu/Desktop/中文题目/A题研究/advanced_solver/runs/formal_v2/evaluations/attempts/20260924T174100-00c2b46da8194ab68058d2a684f2bd4e/official_result.json.gz
case_082,1,1,715454,715454,514706,514706,0.0,721041,方案/p1/n1/case_082_multicore_res.json,/Users/liyu/Desktop/中文题目/A题研究/advanced_solver/runs/formal_v2/evaluations/attempts/20260924T233933-f0ecc457bb53428b9700e579b851fd44/record.json,/Users/liyu/Desktop/中文题目/A题研究/advanced_solver/runs/formal_v2/evaluations/attempts/20260924T233933-f0ecc457bb53428b9700e579b851fd44/official_result.json.gz
case_082,1,2,657900,657900,1030938,1030938,0.0,721041,方案/p1/n2/case_082_multicore_res.json,/Users/liyu/Desktop/中文题目/A题研究/advanced_solver/runs/formal_v2/evaluations/attempts/20260924T234321-31192542736648c8bf7567c89f060c4f/record.json,/Users/liyu/Desktop/中文题目/A题研究/advanced_solver/runs/formal_v2/evaluations/attempts/20260924T234321-31192542736648c8bf7567c89f060c4f/official_result.json.gz
case_082,1,3,656864,656864,816014,816014,0.0,721041,方案/p1/n3/case_082_multicore_res.json,/Users/liyu/Desktop/中文题目/A题研究/advanced_solver/runs/formal_v2/evaluations/attempts/20260924T234325-23339f90f3434b8791a2805b4e1bd018/record.json,/Users/liyu/Desktop/中文题目/A题研究/advanced_solver/runs/formal_v2/evaluations/attempts/20260924T234325-23339f90f3434b8791a2805b4e1bd018/official_result.json.gz
case_082,1,4,427273,427273,2277584,2277584,0.0,721041,方案/p1/n4/case_082_multicore_res.json,/Users/liyu/Desktop/中文题目/A题研究/advanced_solver/runs/formal_v2/evaluations/attempts/20260924T234326-f1a942f4a558466eba7b4ee369e66fc2/record.json,/Users/liyu/Desktop/中文题目/A题研究/advanced_solver/runs/formal_v2/evaluations/attempts/20260924T234326-f1a942f4a558466eba7b4ee369e66fc2/official_result.json.gz
case_082,1,5,386894,386894,2689236,2689236,0.0,721041,方案/p1/n5/case_082_multicore_res.json,/Users/liyu/Desktop/中文题目/A题研究/advanced_solver/runs/formal_v2/evaluations/attempts/20260924T221419-b8664d28eaaf4e98bf096ff29cf7de3a/record.json,/Users/liyu/Desktop/中文题目/A题研究/advanced_solver/runs/formal_v2/evaluations/attempts/20260924T221419-b8664d28eaaf4e98bf096ff29cf7de3a/official_result.json.gz
case_082,2,1,721041,721041,0,0,0.0,721041,方案/p2/n1/case_082_multicore_res.json,/Users/liyu/Desktop/中文题目/A题研究/advanced_solver/runs/formal_v2/evaluations/attempts/20260924T234249-c801f882d9324b06b2f5e01cd07c2e4c/record.json,/Users/liyu/Desktop/中文题目/A题研究/advanced_solver/runs/formal_v2/evaluations/attempts/20260924T234249-c801f882d9324b06b2f5e01cd07c2e4c/official_result.json.gz
case_082,2,2,426708,426708,3885638,3885638,0.0,721041,方案/p2/n2/case_082_multicore_res.json,/Users/liyu/Desktop/中文题目/A题研究/advanced_solver/runs/formal_v2/evaluations/attempts/20260924T235406-52702a4b9ff340f2a54766d4d295be30/record.json,/Users/liyu/Desktop/中文题目/A题研究/advanced_solver/runs/formal_v2/evaluations/attempts/20260924T235406-52702a4b9ff340f2a54766d4d295be30/official_result.json.gz
case_082,2,3,270489,270489,5756268,5756268,0.0,721041,方案/p2/n3/case_082_multicore_res.json,/Users/liyu/Desktop/中文题目/A题研究/advanced_solver/runs/formal_v2/evaluations/attempts/20260924T235406-56a1ff3f4be04cad84a8f1fa419d4688/record.json,/Users/liyu/Desktop/中文题目/A题研究/advanced_solver/runs/formal_v2/evaluations/attempts/20260924T235406-56a1ff3f4be04cad84a8f1fa419d4688/official_result.json.gz
case_082,2,4,211881,211881,6752624,6752624,0.0,721041,方案/p2/n4/case_082_multicore_res.json,/Users/liyu/Desktop/中文题目/A题研究/advanced_solver/runs/formal_v2/evaluations/attempts/20260924T235407-1ec044e0f71749258132190b8104e625/record.json,/Users/liyu/Desktop/中文题目/A题研究/advanced_solver/runs/formal_v2/evaluations/attempts/20260924T235407-1ec044e0f71749258132190b8104e625/official_result.json.gz
case_082,2,5,206067,206067,8262966,8262966,0.0,721041,方案/p2/n5/case_082_multicore_res.json,/Users/liyu/Desktop/中文题目/A题研究/advanced_solver/runs/formal_v2/evaluations/attempts/20260924T220745-b7e2f72084fc4621a57ebb737a8c51a3/record.json,/Users/liyu/Desktop/中文题目/A题研究/advanced_solver/runs/formal_v2/evaluations/attempts/20260924T220745-b7e2f72084fc4621a57ebb737a8c51a3/official_result.json.gz
case_082,3,1,721041,721041,0,0,0.0,721041,方案/p3/n1/case_082_multicore_res.json,/Users/liyu/Desktop/中文题目/A题研究/advanced_solver/runs/formal_v2/evaluations/attempts/20260924T234249-7fa23aadf6da491d8061f07f3030f76f/record.json,/Users/liyu/Desktop/中文题目/A题研究/advanced_solver/runs/formal_v2/evaluations/attempts/20260924T234249-7fa23aadf6da491d8061f07f3030f76f/official_result.json.gz
case_082,3,2,426720,426720,3885638,3885638,0.0,721041,方案/p3/n2/case_082_multicore_res.json,/Users/liyu/Desktop/中文题目/A题研究/advanced_solver/runs/formal_v2/evaluations/attempts/20260924T234059-cc9036efef7041d4a15e168a1f52a241/record.json,/Users/liyu/Desktop/中文题目/A题研究/advanced_solver/runs/formal_v2/evaluations/attempts/20260924T234059-cc9036efef7041d4a15e168a1f52a241/official_result.json.gz
case_082,3,3,269306,269306,5756268,5756268,0.0,721041,方案/p3/n3/case_082_multicore_res.json,/Users/liyu/Desktop/中文题目/A题研究/advanced_solver/runs/formal_v2/evaluations/attempts/20260924T234101-7b494c1f212e41b0ac091fec17dd4aec/record.json,/Users/liyu/Desktop/中文题目/A题研究/advanced_solver/runs/formal_v2/evaluations/attempts/20260924T234101-7b494c1f212e41b0ac091fec17dd4aec/official_result.json.gz
case_082,3,4,209447,209447,6752624,6752624,0.0,721041,方案/p3/n4/case_082_multicore_res.json,/Users/liyu/Desktop/中文题目/A题研究/advanced_solver/runs/formal_v2/evaluations/attempts/20260924T234105-86698c12ef8e44f89785bf9a640ef5f1/record.json,/Users/liyu/Desktop/中文题目/A题研究/advanced_solver/runs/formal_v2/evaluations/attempts/20260924T234105-86698c12ef8e44f89785bf9a640ef5f1/official_result.json.gz
case_082,3,5,195762,195762,8262966,8262966,0.0,721041,方案/p3/n5/case_082_multicore_res.json,/Users/liyu/Desktop/中文题目/A题研究/advanced_solver/runs/formal_v2/evaluations/attempts/20260924T174244-d8d024a6d0184cba9fd8e573b5e1fb3e/record.json,/Users/liyu/Desktop/中文题目/A题研究/advanced_solver/runs/formal_v2/evaluations/attempts/20260924T174244-d8d024a6d0184cba9fd8e573b5e1fb3e/official_result.json.gz
case_083,1,1,1074172,1074172,14977600,14977600,0.0,1057993,方案/p1/n1/case_083_multicore_res.json,/Users/liyu/Desktop/中文题目/A题研究/advanced_solver/runs/formal_v2/evaluations/attempts/20260924T233939-5ead6ff128b14679b9efcc3c8714841c/record.json,/Users/liyu/Desktop/中文题目/A题研究/advanced_solver/runs/formal_v2/evaluations/attempts/20260924T233939-5ead6ff128b14679b9efcc3c8714841c/official_result.json.gz
case_083,1,2,624895,624895,27912000,27912000,0.0,1057993,方案/p1/n2/case_083_multicore_res.json,/Users/liyu/Desktop/中文题目/A题研究/solver/runs/full_initial_v1/evaluations/attempts/20260924T101159-ca9e669e71ec44088a5bf15f95ffd48b/record.json,/Users/liyu/Desktop/中文题目/A题研究/solver/runs/full_initial_v1/evaluations/attempts/20260924T101159-ca9e669e71ec44088a5bf15f95ffd48b/official_result.json.gz
case_083,1,3,482813,482813,15511648,15511648,0.0,1057993,方案/p1/n3/case_083_multicore_res.json,/Users/liyu/Desktop/中文题目/A题研究/advanced_solver/runs/formal_v2/evaluations/attempts/20260924T182744-984f182ce52e4e5bb6df434daccca0b7/record.json,/Users/liyu/Desktop/中文题目/A题研究/advanced_solver/runs/formal_v2/evaluations/attempts/20260924T182744-984f182ce52e4e5bb6df434daccca0b7/official_result.json.gz
case_083,1,4,450029,450029,14977600,14977600,0.0,1057993,方案/p1/n4/case_083_multicore_res.json,/Users/liyu/Desktop/中文题目/A题研究/advanced_solver/runs/formal_v2/evaluations/attempts/20260924T182800-ffff3b0e729145d09ffc864a7565a6f3/record.json,/Users/liyu/Desktop/中文题目/A题研究/advanced_solver/runs/formal_v2/evaluations/attempts/20260924T182800-ffff3b0e729145d09ffc864a7565a6f3/official_result.json.gz
case_083,1,5,412888,412888,17453280,17453280,0.0,1057993,方案/p1/n5/case_083_multicore_res.json,/Users/liyu/Desktop/中文题目/A题研究/advanced_solver/runs/formal_v2/evaluations/attempts/20260924T182822-9c0a1c94ec544dc4a25d1abb18fcc841/record.json,/Users/liyu/Desktop/中文题目/A题研究/advanced_solver/runs/formal_v2/evaluations/attempts/20260924T182822-9c0a1c94ec544dc4a25d1abb18fcc841/official_result.json.gz
case_083,2,1,1057993,1057993,13934688,13934688,0.0,1057993,方案/p2/n1/case_083_multicore_res.json,/Users/liyu/Desktop/中文题目/A题研究/advanced_solver/runs/formal_v2/evaluations/attempts/20260924T234258-6ca8e9fbb326426f9263986bd0091b29/record.json,/Users/liyu/Desktop/中文题目/A题研究/advanced_solver/runs/formal_v2/evaluations/attempts/20260924T234258-6ca8e9fbb326426f9263986bd0091b29/official_result.json.gz
case_083,2,2,411909,411909,8206944,8206944,0.0,1057993,方案/p2/n2/case_083_multicore_res.json,/Users/liyu/Desktop/中文题目/A题研究/advanced_solver/runs/formal_v2/evaluations/attempts/20260924T235415-d60dbfeabf8c419eba92e77c4e9f0f82/record.json,/Users/liyu/Desktop/中文题目/A题研究/advanced_solver/runs/formal_v2/evaluations/attempts/20260924T235415-d60dbfeabf8c419eba92e77c4e9f0f82/official_result.json.gz
case_083,2,3,315399,315399,11712704,11712704,0.0,1057993,方案/p2/n3/case_083_multicore_res.json,/Users/liyu/Desktop/中文题目/A题研究/advanced_solver/runs/formal_v2/evaluations/attempts/20260924T144615-77692c0a9a404d598ef6b4d8731baf7d/record.json,/Users/liyu/Desktop/中文题目/A题研究/advanced_solver/runs/formal_v2/evaluations/attempts/20260924T144615-77692c0a9a404d598ef6b4d8731baf7d/official_result.json.gz
case_083,2,4,265354,265354,11609888,11609888,0.0,1057993,方案/p2/n4/case_083_multicore_res.json,/Users/liyu/Desktop/中文题目/A题研究/advanced_solver/runs/formal_v2/evaluations/attempts/20260924T233838-e925fb3a65ad4b9bb9a74df402cf5f03/record.json,/Users/liyu/Desktop/中文题目/A题研究/advanced_solver/runs/formal_v2/evaluations/attempts/20260924T233838-e925fb3a65ad4b9bb9a74df402cf5f03/official_result.json.gz
case_083,2,5,184594,174587,3721600,3768704,5.421086275826948,1057993,方案/p2/n5/case_083_multicore_res.json,/Users/liyu/Desktop/中文题目/A题研究/advanced_solver/runs/formal_v2/evaluations/attempts/20260925T175935-ed283bc2ff9b48df97e14622692f4032/record.json,/Users/liyu/Desktop/中文题目/A题研究/advanced_solver/runs/formal_v2/evaluations/attempts/20260925T175935-ed283bc2ff9b48df97e14622692f4032/official_result.json.gz
case_083,3,1,946145,946145,13934688,13934688,0.0,1057993,方案/p3/n1/case_083_multicore_res.json,/Users/liyu/Desktop/中文题目/A题研究/advanced_solver/runs/formal_v2/evaluations/attempts/20260924T234259-dd73992e9de0452d8d8d7333d63d49ca/record.json,/Users/liyu/Desktop/中文题目/A题研究/advanced_solver/runs/formal_v2/evaluations/attempts/20260924T234259-dd73992e9de0452d8d8d7333d63d49ca/official_result.json.gz
case_083,3,2,411871,411871,8206944,8206944,0.0,1057993,方案/p3/n2/case_083_multicore_res.json,/Users/liyu/Desktop/中文题目/A题研究/advanced_solver/runs/formal_v2/evaluations/attempts/20260924T234035-bd1a1ca6127840098576e4a16a94d8c4/record.json,/Users/liyu/Desktop/中文题目/A题研究/advanced_solver/runs/formal_v2/evaluations/attempts/20260924T234035-bd1a1ca6127840098576e4a16a94d8c4/official_result.json.gz
case_083,3,3,305255,305255,11712704,11712704,0.0,1057993,方案/p3/n3/case_083_multicore_res.json,/Users/liyu/Desktop/中文题目/A题研究/advanced_solver/runs/formal_v2/evaluations/attempts/20260924T174229-6570264dc22c4b8ba68b834b52744b7c/record.json,/Users/liyu/Desktop/中文题目/A题研究/advanced_solver/runs/formal_v2/evaluations/attempts/20260924T174229-6570264dc22c4b8ba68b834b52744b7c/official_result.json.gz
case_083,3,4,250483,250483,11610912,11610912,0.0,1057993,方案/p3/n4/case_083_multicore_res.json,/Users/liyu/Desktop/中文题目/A题研究/advanced_solver/runs/formal_v2/evaluations/attempts/20260924T234040-97c17a32624e4fbc872886e69a76c770/record.json,/Users/liyu/Desktop/中文题目/A题研究/advanced_solver/runs/formal_v2/evaluations/attempts/20260924T234040-97c17a32624e4fbc872886e69a76c770/official_result.json.gz
case_083,3,5,184594,171099,3721600,3754368,7.310638482290866,1057993,方案/p3/n5/case_083_multicore_res.json,/Users/liyu/Desktop/中文题目/A题研究/advanced_solver/runs/formal_v2/evaluations/attempts/20260925T175938-66bab622588e4499bacd651d859f5728/record.json,/Users/liyu/Desktop/中文题目/A题研究/advanced_solver/runs/formal_v2/evaluations/attempts/20260925T175938-66bab622588e4499bacd651d859f5728/official_result.json.gz
case_084,1,1,2509460,2509460,0,0,0.0,2507412,方案/p1/n1/case_084_multicore_res.json,/Users/liyu/Desktop/中文题目/A题研究/advanced_solver/runs/formal_v2/evaluations/attempts/20260924T233827-f742dc1651e545afa7d11f6e7d7d933d/record.json,/Users/liyu/Desktop/中文题目/A题研究/advanced_solver/runs/formal_v2/evaluations/attempts/20260924T233827-f742dc1651e545afa7d11f6e7d7d933d/official_result.json.gz
case_084,1,2,1255052,1255052,0,0,0.0,2507412,方案/p1/n2/case_084_multicore_res.json,/Users/liyu/Desktop/中文题目/A题研究/solver/runs/full_initial_v1/evaluations/attempts/20260924T101315-f0ab9631a9bf4e028536724ec29d94fa/record.json,/Users/liyu/Desktop/中文题目/A题研究/solver/runs/full_initial_v1/evaluations/attempts/20260924T101315-f0ab9631a9bf4e028536724ec29d94fa/official_result.json.gz
case_084,1,3,836220,836220,0,0,0.0,2507412,方案/p1/n3/case_084_multicore_res.json,/Users/liyu/Desktop/中文题目/A题研究/advanced_solver/runs/formal_v2/evaluations/attempts/20260924T183143-84b5b2bd655c4374a2aafa4e6cd57644/record.json,/Users/liyu/Desktop/中文题目/A题研究/advanced_solver/runs/formal_v2/evaluations/attempts/20260924T183143-84b5b2bd655c4374a2aafa4e6cd57644/official_result.json.gz
case_084,1,4,629028,629028,0,0,0.0,2507412,方案/p1/n4/case_084_multicore_res.json,/Users/liyu/Desktop/中文题目/A题研究/advanced_solver/runs/formal_v2/evaluations/attempts/20260924T183542-07623dea17d64681b221b8fac26f2099/record.json,/Users/liyu/Desktop/中文题目/A题研究/advanced_solver/runs/formal_v2/evaluations/attempts/20260924T183542-07623dea17d64681b221b8fac26f2099/official_result.json.gz
case_084,1,5,503472,503472,0,0,0.0,2507412,方案/p1/n5/case_084_multicore_res.json,/Users/liyu/Desktop/中文题目/A题研究/solver/runs/full_initial_v1/evaluations/attempts/20260924T101436-b215aafc686941d5a54ce2864a6d4dd3/record.json,/Users/liyu/Desktop/中文题目/A题研究/solver/runs/full_initial_v1/evaluations/attempts/20260924T101436-b215aafc686941d5a54ce2864a6d4dd3/official_result.json.gz
case_084,2,1,2507412,2507412,0,0,0.0,2507412,方案/p2/n1/case_084_multicore_res.json,/Users/liyu/Desktop/中文题目/A题研究/advanced_solver/runs/formal_v2/evaluations/attempts/20260924T234106-630d9427eb074b91836d90c95c7e524f/record.json,/Users/liyu/Desktop/中文题目/A题研究/advanced_solver/runs/formal_v2/evaluations/attempts/20260924T234106-630d9427eb074b91836d90c95c7e524f/official_result.json.gz
case_084,2,2,1253576,1253576,9216,9216,0.0,2507412,方案/p2/n2/case_084_multicore_res.json,/Users/liyu/Desktop/中文题目/A题研究/advanced_solver/runs/formal_v2/evaluations/attempts/20260924T144958-ed3d6c2ab0f24ccb95c9ed3edd6a320f/record.json,/Users/liyu/Desktop/中文题目/A题研究/advanced_solver/runs/formal_v2/evaluations/attempts/20260924T144958-ed3d6c2ab0f24ccb95c9ed3edd6a320f/official_result.json.gz
case_084,2,3,836220,836220,0,0,0.0,2507412,方案/p2/n3/case_084_multicore_res.json,/Users/liyu/Desktop/中文题目/A题研究/advanced_solver/runs/formal_v2/evaluations/attempts/20260924T145004-926370380eed4ebea3f807bcbacca3a0/record.json,/Users/liyu/Desktop/中文题目/A题研究/advanced_solver/runs/formal_v2/evaluations/attempts/20260924T145004-926370380eed4ebea3f807bcbacca3a0/official_result.json.gz
case_084,2,4,627552,627552,9216,9216,0.0,2507412,方案/p2/n4/case_084_multicore_res.json,/Users/liyu/Desktop/中文题目/A题研究/advanced_solver/runs/formal_v2/evaluations/attempts/20260924T145311-9b459d873b1f4543afeaa145584c433b/record.json,/Users/liyu/Desktop/中文题目/A题研究/advanced_solver/runs/formal_v2/evaluations/attempts/20260924T145311-9b459d873b1f4543afeaa145584c433b/official_result.json.gz
case_084,2,5,503472,503472,0,0,0.0,2507412,方案/p2/n5/case_084_multicore_res.json,/Users/liyu/Desktop/中文题目/A题研究/solver/runs/full_initial_v1/evaluations/attempts/20260924T101512-6049c059e4b8488c8848c657ec26aaa8/record.json,/Users/liyu/Desktop/中文题目/A题研究/solver/runs/full_initial_v1/evaluations/attempts/20260924T101512-6049c059e4b8488c8848c657ec26aaa8/official_result.json.gz
case_084,3,1,2507412,2507412,0,0,0.0,2507412,方案/p3/n1/case_084_multicore_res.json,/Users/liyu/Desktop/中文题目/A题研究/advanced_solver/runs/formal_v2/evaluations/attempts/20260924T234109-624a3f2f9f634595825e8fffbe37e567/record.json,/Users/liyu/Desktop/中文题目/A题研究/advanced_solver/runs/formal_v2/evaluations/attempts/20260924T234109-624a3f2f9f634595825e8fffbe37e567/official_result.json.gz
case_084,3,2,1253576,1253576,9216,9216,0.0,2507412,方案/p3/n2/case_084_multicore_res.json,/Users/liyu/Desktop/中文题目/A题研究/advanced_solver/runs/formal_v2/evaluations/attempts/20260924T174420-cd915fea99264ce7903ecf0ffa2c423e/record.json,/Users/liyu/Desktop/中文题目/A题研究/advanced_solver/runs/formal_v2/evaluations/attempts/20260924T174420-cd915fea99264ce7903ecf0ffa2c423e/official_result.json.gz
case_084,3,3,836220,836220,0,0,0.0,2507412,方案/p3/n3/case_084_multicore_res.json,/Users/liyu/Desktop/中文题目/A题研究/advanced_solver/runs/formal_v2/evaluations/attempts/20260924T174429-823ba6ff439e4858a13e1fbe4686db1f/record.json,/Users/liyu/Desktop/中文题目/A题研究/advanced_solver/runs/formal_v2/evaluations/attempts/20260924T174429-823ba6ff439e4858a13e1fbe4686db1f/official_result.json.gz
case_084,3,4,627552,627552,9216,9216,0.0,2507412,方案/p3/n4/case_084_multicore_res.json,/Users/liyu/Desktop/中文题目/A题研究/advanced_solver/runs/formal_v2/evaluations/attempts/20260924T174642-29076bb7803543f29e75b5d9a504364a/record.json,/Users/liyu/Desktop/中文题目/A题研究/advanced_solver/runs/formal_v2/evaluations/attempts/20260924T174642-29076bb7803543f29e75b5d9a504364a/official_result.json.gz
case_084,3,5,503472,503472,0,0,0.0,2507412,方案/p3/n5/case_084_multicore_res.json,/Users/liyu/Desktop/中文题目/A题研究/advanced_solver/runs/formal_v2/evaluations/attempts/20260924T174651-2f6cf331b76c470894788e00b628f9cd/record.json,/Users/liyu/Desktop/中文题目/A题研究/advanced_solver/runs/formal_v2/evaluations/attempts/20260924T174651-2f6cf331b76c470894788e00b628f9cd/official_result.json.gz
case_085,1,1,3155166,3155166,3497710,3497710,0.0,3187899,方案/p1/n1/case_085_multicore_res.json,/Users/liyu/Desktop/中文题目/A题研究/advanced_solver/runs/formal_v2/evaluations/attempts/20260924T233745-8acb89318ffb43ab84b8561f9683ca43/record.json,/Users/liyu/Desktop/中文题目/A题研究/advanced_solver/runs/formal_v2/evaluations/attempts/20260924T233745-8acb89318ffb43ab84b8561f9683ca43/official_result.json.gz
case_085,1,2,2219240,2219240,15481456,15481456,0.0,3187899,方案/p1/n2/case_085_multicore_res.json,/Users/liyu/Desktop/中文题目/A题研究/advanced_solver/runs/formal_v2/evaluations/attempts/20260925T173613-4cdd748112c744b0bd2c05cd8747c3b5/record.json,/Users/liyu/Desktop/中文题目/A题研究/advanced_solver/runs/formal_v2/evaluations/attempts/20260925T173613-4cdd748112c744b0bd2c05cd8747c3b5/official_result.json.gz
case_085,1,3,1760397,1760397,23425634,23425634,0.0,3187899,方案/p1/n3/case_085_multicore_res.json,/Users/liyu/Desktop/中文题目/A题研究/advanced_solver/runs/formal_v2/evaluations/attempts/20260925T173634-0fdc11827dac400eb93abbdebb8ed76a/record.json,/Users/liyu/Desktop/中文题目/A题研究/advanced_solver/runs/formal_v2/evaluations/attempts/20260925T173634-0fdc11827dac400eb93abbdebb8ed76a/official_result.json.gz
case_085,1,4,1403663,1403663,26256478,26256478,0.0,3187899,方案/p1/n4/case_085_multicore_res.json,/Users/liyu/Desktop/中文题目/A题研究/advanced_solver/runs/formal_v2/evaluations/attempts/20260925T173746-0798627264c74615a48b5a99e37bcc07/record.json,/Users/liyu/Desktop/中文题目/A题研究/advanced_solver/runs/formal_v2/evaluations/attempts/20260925T173746-0798627264c74615a48b5a99e37bcc07/official_result.json.gz
case_085,1,5,873645,873645,23398256,23398256,0.0,3187899,方案/p1/n5/case_085_multicore_res.json,/Users/liyu/Desktop/中文题目/A题研究/advanced_solver/runs/formal_v2/evaluations/attempts/20260925T172412-a0ae9a3e6a9945e2a4c639369d11c0b2/record.json,/Users/liyu/Desktop/中文题目/A题研究/advanced_solver/runs/formal_v2/evaluations/attempts/20260925T172412-a0ae9a3e6a9945e2a4c639369d11c0b2/official_result.json.gz
case_085,2,1,3187899,3187899,0,0,0.0,3187899,方案/p2/n1/case_085_multicore_res.json,/Users/liyu/Desktop/中文题目/A题研究/advanced_solver/runs/formal_v2/evaluations/attempts/20260924T233927-86ed062554284ed7b321418ac9e3617a/record.json,/Users/liyu/Desktop/中文题目/A题研究/advanced_solver/runs/formal_v2/evaluations/attempts/20260924T233927-86ed062554284ed7b321418ac9e3617a/official_result.json.gz
case_085,2,2,1582933,1582933,10318712,10318712,0.0,3187899,方案/p2/n2/case_085_multicore_res.json,/Users/liyu/Desktop/中文题目/A题研究/advanced_solver/runs/formal_v2/evaluations/attempts/20260924T235208-ec0f6fb482ba46b0a782be0b27a936c5/record.json,/Users/liyu/Desktop/中文题目/A题研究/advanced_solver/runs/formal_v2/evaluations/attempts/20260924T235208-ec0f6fb482ba46b0a782be0b27a936c5/official_result.json.gz
case_085,2,3,1074433,1074433,34838636,34838636,0.0,3187899,方案/p2/n3/case_085_multicore_res.json,/Users/liyu/Desktop/中文题目/A题研究/advanced_solver/runs/formal_v2/evaluations/attempts/20260924T235216-16e1b8481fb2405b84dd4a58e0e4b70f/record.json,/Users/liyu/Desktop/中文题目/A题研究/advanced_solver/runs/formal_v2/evaluations/attempts/20260924T235216-16e1b8481fb2405b84dd4a58e0e4b70f/official_result.json.gz
case_085,2,4,964456,964456,30035794,30035794,0.0,3187899,方案/p2/n4/case_085_multicore_res.json,/Users/liyu/Desktop/中文题目/A题研究/advanced_solver/runs/formal_v2/evaluations/attempts/20260924T233515-70eb0ad6b80f46d1bb461b8d9925b686/record.json,/Users/liyu/Desktop/中文题目/A题研究/advanced_solver/runs/formal_v2/evaluations/attempts/20260924T233515-70eb0ad6b80f46d1bb461b8d9925b686/official_result.json.gz
case_085,2,5,869620,869620,38726264,38726264,0.0,3187899,方案/p2/n5/case_085_multicore_res.json,/Users/liyu/Desktop/中文题目/A题研究/advanced_solver/runs/formal_v2/evaluations/attempts/20260924T220748-77053ebd63e44097a2c6864f17100f38/record.json,/Users/liyu/Desktop/中文题目/A题研究/advanced_solver/runs/formal_v2/evaluations/attempts/20260924T220748-77053ebd63e44097a2c6864f17100f38/official_result.json.gz
case_085,3,1,3187899,3187899,0,0,0.0,3187899,方案/p3/n1/case_085_multicore_res.json,/Users/liyu/Desktop/中文题目/A题研究/advanced_solver/runs/formal_v2/evaluations/attempts/20260924T233935-a9bf9713a3eb4c16bf17d4e6105ea412/record.json,/Users/liyu/Desktop/中文题目/A题研究/advanced_solver/runs/formal_v2/evaluations/attempts/20260924T233935-a9bf9713a3eb4c16bf17d4e6105ea412/official_result.json.gz
case_085,3,2,1582931,1582931,10318712,10318712,0.0,3187899,方案/p3/n2/case_085_multicore_res.json,/Users/liyu/Desktop/中文题目/A题研究/advanced_solver/runs/formal_v2/evaluations/attempts/20260924T234807-dcf380b5562d4a62a4f9fd8491a50226/record.json,/Users/liyu/Desktop/中文题目/A题研究/advanced_solver/runs/formal_v2/evaluations/attempts/20260924T234807-dcf380b5562d4a62a4f9fd8491a50226/official_result.json.gz
case_085,3,3,1066007,1066007,34838636,34838636,0.0,3187899,方案/p3/n3/case_085_multicore_res.json,/Users/liyu/Desktop/中文题目/A题研究/advanced_solver/runs/formal_v2/evaluations/attempts/20260924T234824-fcb0294aa98b47a291c1df65453a4c3b/record.json,/Users/liyu/Desktop/中文题目/A题研究/advanced_solver/runs/formal_v2/evaluations/attempts/20260924T234824-fcb0294aa98b47a291c1df65453a4c3b/official_result.json.gz
case_085,3,4,958408,958408,30035794,30035794,0.0,3187899,方案/p3/n4/case_085_multicore_res.json,/Users/liyu/Desktop/中文题目/A题研究/advanced_solver/runs/formal_v2/evaluations/attempts/20260924T175729-02cf77ad0e0f4976a6c2b7762b14fdf2/record.json,/Users/liyu/Desktop/中文题目/A题研究/advanced_solver/runs/formal_v2/evaluations/attempts/20260924T175729-02cf77ad0e0f4976a6c2b7762b14fdf2/official_result.json.gz
case_085,3,5,815053,815053,38726264,38726264,0.0,3187899,方案/p3/n5/case_085_multicore_res.json,/Users/liyu/Desktop/中文题目/A题研究/advanced_solver/runs/formal_v2/evaluations/attempts/20260925T151759-8d164a85f86a4980bdd26d5a66a263b0/record.json,/Users/liyu/Desktop/中文题目/A题研究/advanced_solver/runs/formal_v2/evaluations/attempts/20260925T151759-8d164a85f86a4980bdd26d5a66a263b0/official_result.json.gz
case_086,1,1,117789,117789,459442,459442,0.0,118403,方案/p1/n1/case_086_multicore_res.json,/Users/liyu/Desktop/中文题目/A题研究/advanced_solver/runs/formal_v2/evaluations/attempts/20260924T233922-65f4916c56524ab69ae0bb496a88e7eb/record.json,/Users/liyu/Desktop/中文题目/A题研究/advanced_solver/runs/formal_v2/evaluations/attempts/20260924T233922-65f4916c56524ab69ae0bb496a88e7eb/official_result.json.gz
case_086,1,2,117789,117789,459442,459442,0.0,118403,方案/p1/n2/case_086_multicore_res.json,/Users/liyu/Desktop/中文题目/A题研究/advanced_solver/runs/formal_v2/evaluations/attempts/20260924T235535-f554c552a3ad4c44b43251f4df08bb60/record.json,/Users/liyu/Desktop/中文题目/A题研究/advanced_solver/runs/formal_v2/evaluations/attempts/20260924T235535-f554c552a3ad4c44b43251f4df08bb60/official_result.json.gz
case_086,1,3,117789,117789,459442,459442,0.0,118403,方案/p1/n3/case_086_multicore_res.json,/Users/liyu/Desktop/中文题目/A题研究/advanced_solver/runs/formal_v2/evaluations/attempts/20260924T235536-82dfdc98e51a484995e5f2a29466f677/record.json,/Users/liyu/Desktop/中文题目/A题研究/advanced_solver/runs/formal_v2/evaluations/attempts/20260924T235536-82dfdc98e51a484995e5f2a29466f677/official_result.json.gz
case_086,1,4,86066,86066,1676764,1676764,0.0,118403,方案/p1/n4/case_086_multicore_res.json,/Users/liyu/Desktop/中文题目/A题研究/advanced_solver/runs/formal_v2/evaluations/attempts/20260924T234413-90ea493d3a7848bcba9ea1b865bd2e03/record.json,/Users/liyu/Desktop/中文题目/A题研究/advanced_solver/runs/formal_v2/evaluations/attempts/20260924T234413-90ea493d3a7848bcba9ea1b865bd2e03/official_result.json.gz
case_086,1,5,58819,58819,2614486,2614486,0.0,118403,方案/p1/n5/case_086_multicore_res.json,/Users/liyu/Desktop/中文题目/A题研究/advanced_solver/runs/formal_v2/evaluations/attempts/20260925T173159-26d4aaddca22419f87c668786630145f/record.json,/Users/liyu/Desktop/中文题目/A题研究/advanced_solver/runs/formal_v2/evaluations/attempts/20260925T173159-26d4aaddca22419f87c668786630145f/official_result.json.gz
case_086,2,1,118403,118403,0,0,0.0,118403,方案/p2/n1/case_086_multicore_res.json,/Users/liyu/Desktop/中文题目/A题研究/advanced_solver/runs/formal_v2/evaluations/attempts/20260924T234229-869dcc3f5519425f9adef930faa67fb1/record.json,/Users/liyu/Desktop/中文题目/A题研究/advanced_solver/runs/formal_v2/evaluations/attempts/20260924T234229-869dcc3f5519425f9adef930faa67fb1/official_result.json.gz
case_086,2,2,64138,64138,788550,788550,0.0,118403,方案/p2/n2/case_086_multicore_res.json,/Users/liyu/Desktop/中文题目/A题研究/advanced_solver/runs/formal_v2/evaluations/attempts/20260924T233806-a0d49130e0b447cbade82f10d6d270b8/record.json,/Users/liyu/Desktop/中文题目/A题研究/advanced_solver/runs/formal_v2/evaluations/attempts/20260924T233806-a0d49130e0b447cbade82f10d6d270b8/official_result.json.gz
case_086,2,3,47404,47404,1305868,1305868,0.0,118403,方案/p2/n3/case_086_multicore_res.json,/Users/liyu/Desktop/中文题目/A题研究/advanced_solver/runs/formal_v2/evaluations/attempts/20260924T233806-0a75fda00ddc4da484e37302f895ea06/record.json,/Users/liyu/Desktop/中文题目/A题研究/advanced_solver/runs/formal_v2/evaluations/attempts/20260924T233806-0a75fda00ddc4da484e37302f895ea06/official_result.json.gz
case_086,2,4,45893,45893,1780850,1780850,0.0,118403,方案/p2/n4/case_086_multicore_res.json,/Users/liyu/Desktop/中文题目/A题研究/advanced_solver/runs/formal_v2/evaluations/attempts/20260924T233807-31d0f6b29a0a44e091875a1cf7304552/record.json,/Users/liyu/Desktop/中文题目/A题研究/advanced_solver/runs/formal_v2/evaluations/attempts/20260924T233807-31d0f6b29a0a44e091875a1cf7304552/official_result.json.gz
case_086,2,5,44890,44890,1797234,1797234,0.0,118403,方案/p2/n5/case_086_multicore_res.json,/Users/liyu/Desktop/中文题目/A题研究/advanced_solver/runs/formal_v2/evaluations/attempts/20260925T173031-33c5209b283a490b9346cadf4d0522b1/record.json,/Users/liyu/Desktop/中文题目/A题研究/advanced_solver/runs/formal_v2/evaluations/attempts/20260925T173031-33c5209b283a490b9346cadf4d0522b1/official_result.json.gz
case_086,3,1,118403,118403,0,0,0.0,118403,方案/p3/n1/case_086_multicore_res.json,/Users/liyu/Desktop/中文题目/A题研究/advanced_solver/runs/formal_v2/evaluations/attempts/20260924T234230-1ef7eb27ef864b7dad86671c0923f74f/record.json,/Users/liyu/Desktop/中文题目/A题研究/advanced_solver/runs/formal_v2/evaluations/attempts/20260924T234230-1ef7eb27ef864b7dad86671c0923f74f/official_result.json.gz
case_086,3,2,64138,64138,788550,788550,0.0,118403,方案/p3/n2/case_086_multicore_res.json,/Users/liyu/Desktop/中文题目/A题研究/advanced_solver/runs/formal_v2/evaluations/attempts/20260924T174822-b4a016848cba462491d7437ccaec92cc/record.json,/Users/liyu/Desktop/中文题目/A题研究/advanced_solver/runs/formal_v2/evaluations/attempts/20260924T174822-b4a016848cba462491d7437ccaec92cc/official_result.json.gz
case_086,3,3,45981,45981,1301260,1301260,0.0,118403,方案/p3/n3/case_086_multicore_res.json,/Users/liyu/Desktop/中文题目/A题研究/advanced_solver/runs/formal_v2/evaluations/attempts/20260924T234142-63ac2e2a0ce14d8c98ad6ca90218673d/record.json,/Users/liyu/Desktop/中文题目/A题研究/advanced_solver/runs/formal_v2/evaluations/attempts/20260924T234142-63ac2e2a0ce14d8c98ad6ca90218673d/official_result.json.gz
case_086,3,4,43507,43507,1780850,1780850,0.0,118403,方案/p3/n4/case_086_multicore_res.json,/Users/liyu/Desktop/中文题目/A题研究/advanced_solver/runs/formal_v2/evaluations/attempts/20260924T174933-1b89979ee07a48288dd0d7dd93150f17/record.json,/Users/liyu/Desktop/中文题目/A题研究/advanced_solver/runs/formal_v2/evaluations/attempts/20260924T174933-1b89979ee07a48288dd0d7dd93150f17/official_result.json.gz
case_086,3,5,40127,40127,2115702,2115702,0.0,118403,方案/p3/n5/case_086_multicore_res.json,/Users/liyu/Desktop/中文题目/A题研究/advanced_solver/runs/formal_v2/evaluations/attempts/20260925T173055-fad1c87cb59043a2a41b57fd8b956854/record.json,/Users/liyu/Desktop/中文题目/A题研究/advanced_solver/runs/formal_v2/evaluations/attempts/20260925T173055-fad1c87cb59043a2a41b57fd8b956854/official_result.json.gz
case_087,1,1,3924648,3924648,12097580,12097580,0.0,3974071,方案/p1/n1/case_087_multicore_res.json,/Users/liyu/Desktop/中文题目/A题研究/advanced_solver/runs/formal_v2/evaluations/attempts/20260924T233710-1502dcffe3cb4265b9ec7176458b4239/record.json,/Users/liyu/Desktop/中文题目/A题研究/advanced_solver/runs/formal_v2/evaluations/attempts/20260924T233710-1502dcffe3cb4265b9ec7176458b4239/official_result.json.gz
case_087,1,2,1987606,1987606,10142208,10142208,0.0,3974071,方案/p1/n2/case_087_multicore_res.json,/Users/liyu/Desktop/中文题目/A题研究/solver/runs/full_initial_v1/evaluations/attempts/20260924T102508-d7656ee1f41c43a199e06b139245060a/record.json,/Users/liyu/Desktop/中文题目/A题研究/solver/runs/full_initial_v1/evaluations/attempts/20260924T102508-d7656ee1f41c43a199e06b139245060a/official_result.json.gz
case_087,1,3,1377417,1377417,11289600,11289600,0.0,3974071,方案/p1/n3/case_087_multicore_res.json,/Users/liyu/Desktop/中文题目/A题研究/advanced_solver/runs/formal_v2/evaluations/attempts/20260924T185335-f4d2d93c5b8c47eaa2b4e60c749ae4c6/record.json,/Users/liyu/Desktop/中文题目/A题研究/advanced_solver/runs/formal_v2/evaluations/attempts/20260924T185335-f4d2d93c5b8c47eaa2b4e60c749ae4c6/official_result.json.gz
case_087,1,4,1056721,1056721,11358720,11358720,0.0,3974071,方案/p1/n4/case_087_multicore_res.json,/Users/liyu/Desktop/中文题目/A题研究/advanced_solver/runs/formal_v2/evaluations/attempts/20260924T190946-3f6e192591f547fda08ffcefbf518050/record.json,/Users/liyu/Desktop/中文题目/A题研究/advanced_solver/runs/formal_v2/evaluations/attempts/20260924T190946-3f6e192591f547fda08ffcefbf518050/official_result.json.gz
case_087,1,5,879179,879179,14544428,14544428,0.0,3974071,方案/p1/n5/case_087_multicore_res.json,/Users/liyu/Desktop/中文题目/A题研究/advanced_solver/runs/formal_v2/evaluations/attempts/20260925T001731-51d4bd0ec2fe4c6fbe29f00373af343c/record.json,/Users/liyu/Desktop/中文题目/A题研究/advanced_solver/runs/formal_v2/evaluations/attempts/20260925T001731-51d4bd0ec2fe4c6fbe29f00373af343c/official_result.json.gz
case_087,2,1,3974071,3974071,7902720,7902720,0.0,3974071,方案/p2/n1/case_087_multicore_res.json,/Users/liyu/Desktop/中文题目/A题研究/advanced_solver/runs/formal_v2/evaluations/attempts/20260924T233528-89177572598e40bda3e8f7f22826e518/record.json,/Users/liyu/Desktop/中文题目/A题研究/advanced_solver/runs/formal_v2/evaluations/attempts/20260924T233528-89177572598e40bda3e8f7f22826e518/official_result.json.gz
case_087,2,2,1973360,1973360,6578688,6578688,0.0,3974071,方案/p2/n2/case_087_multicore_res.json,/Users/liyu/Desktop/中文题目/A题研究/advanced_solver/runs/formal_v2/evaluations/attempts/20260924T233443-9e66d12ecda84f0f884bc73f0c94a742/record.json,/Users/liyu/Desktop/中文题目/A题研究/advanced_solver/runs/formal_v2/evaluations/attempts/20260924T233443-9e66d12ecda84f0f884bc73f0c94a742/official_result.json.gz
case_087,2,3,1366372,1366372,7497216,7497216,0.0,3974071,方案/p2/n3/case_087_multicore_res.json,/Users/liyu/Desktop/中文题目/A题研究/advanced_solver/runs/formal_v2/evaluations/attempts/20260924T233443-f57ad334ceec4a6e944fe2c39f39b1b9/record.json,/Users/liyu/Desktop/中文题目/A题研究/advanced_solver/runs/formal_v2/evaluations/attempts/20260924T233443-f57ad334ceec4a6e944fe2c39f39b1b9/official_result.json.gz
case_087,2,4,1034680,1034680,7437312,7437312,0.0,3974071,方案/p2/n4/case_087_multicore_res.json,/Users/liyu/Desktop/中文题目/A题研究/advanced_solver/runs/formal_v2/evaluations/attempts/20260924T233454-c8442a84dd0640408ac83bdced09c637/record.json,/Users/liyu/Desktop/中文题目/A题研究/advanced_solver/runs/formal_v2/evaluations/attempts/20260924T233454-c8442a84dd0640408ac83bdced09c637/official_result.json.gz
case_087,2,5,797842,797842,13390484,13390484,0.0,3974071,方案/p2/n5/case_087_multicore_res.json,/Users/liyu/Desktop/中文题目/A题研究/advanced_solver/runs/formal_v2/evaluations/attempts/20260925T163934-a1e45a05728a4327a787f6dfd1ef17e0/record.json,/Users/liyu/Desktop/中文题目/A题研究/advanced_solver/runs/formal_v2/evaluations/attempts/20260925T163934-a1e45a05728a4327a787f6dfd1ef17e0/official_result.json.gz
case_087,3,1,3969779,3969779,7902720,7902720,0.0,3974071,方案/p3/n1/case_087_multicore_res.json,/Users/liyu/Desktop/中文题目/A题研究/advanced_solver/runs/formal_v2/evaluations/attempts/20260924T233539-83feb63d24534c7594a6fa4a77986ba4/record.json,/Users/liyu/Desktop/中文题目/A题研究/advanced_solver/runs/formal_v2/evaluations/attempts/20260924T233539-83feb63d24534c7594a6fa4a77986ba4/official_result.json.gz
case_087,3,2,1972406,1972406,6578688,6578688,0.0,3974071,方案/p3/n2/case_087_multicore_res.json,/Users/liyu/Desktop/中文题目/A题研究/advanced_solver/runs/formal_v2/evaluations/attempts/20260924T175659-8a42568ff90f4194b41281e8eda94ba8/record.json,/Users/liyu/Desktop/中文题目/A题研究/advanced_solver/runs/formal_v2/evaluations/attempts/20260924T175659-8a42568ff90f4194b41281e8eda94ba8/official_result.json.gz
case_087,3,3,1366359,1366359,7497216,7497216,0.0,3974071,方案/p3/n3/case_087_multicore_res.json,/Users/liyu/Desktop/中文题目/A题研究/advanced_solver/runs/formal_v2/evaluations/attempts/20260924T180316-45e7d593e3c54798a11dfaf760837327/record.json,/Users/liyu/Desktop/中文题目/A题研究/advanced_solver/runs/formal_v2/evaluations/attempts/20260924T180316-45e7d593e3c54798a11dfaf760837327/official_result.json.gz
case_087,3,4,1034661,1034661,7437312,7437312,0.0,3974071,方案/p3/n4/case_087_multicore_res.json,/Users/liyu/Desktop/中文题目/A题研究/advanced_solver/runs/formal_v2/evaluations/attempts/20260924T181019-11c00867d1134ce09c74b978497e5278/record.json,/Users/liyu/Desktop/中文题目/A题研究/advanced_solver/runs/formal_v2/evaluations/attempts/20260924T181019-11c00867d1134ce09c74b978497e5278/official_result.json.gz
case_087,3,5,790623,790623,13385876,13385876,0.0,3974071,方案/p3/n5/case_087_multicore_res.json,/Users/liyu/Desktop/中文题目/A题研究/advanced_solver/runs/formal_v2/evaluations/attempts/20260925T163959-28c324d89c784a84ab49f6a4db4b5d12/record.json,/Users/liyu/Desktop/中文题目/A题研究/advanced_solver/runs/formal_v2/evaluations/attempts/20260925T163959-28c324d89c784a84ab49f6a4db4b5d12/official_result.json.gz
case_088,1,1,243217,243217,178124,178124,0.0,243623,方案/p1/n1/case_088_multicore_res.json,/Users/liyu/Desktop/中文题目/A题研究/advanced_solver/runs/formal_v2/evaluations/attempts/20260924T233942-bd9c05aee97e485da1b6fb6682539618/record.json,/Users/liyu/Desktop/中文题目/A题研究/advanced_solver/runs/formal_v2/evaluations/attempts/20260924T233942-bd9c05aee97e485da1b6fb6682539618/official_result.json.gz
case_088,1,2,201411,201411,348602,348602,0.0,243623,方案/p1/n2/case_088_multicore_res.json,/Users/liyu/Desktop/中文题目/A题研究/advanced_solver/runs/formal_v2/evaluations/attempts/20260924T234227-d6dc68f35e4a427184f9e45a4a5335e2/record.json,/Users/liyu/Desktop/中文题目/A题研究/advanced_solver/runs/formal_v2/evaluations/attempts/20260924T234227-d6dc68f35e4a427184f9e45a4a5335e2/official_result.json.gz
case_088,1,3,201396,201396,431884,431884,0.0,243623,方案/p1/n3/case_088_multicore_res.json,/Users/liyu/Desktop/中文题目/A题研究/advanced_solver/runs/formal_v2/evaluations/attempts/20260924T234227-a0e013c441f94b0a9aaa586ea420ade5/record.json,/Users/liyu/Desktop/中文题目/A题研究/advanced_solver/runs/formal_v2/evaluations/attempts/20260924T234227-a0e013c441f94b0a9aaa586ea420ade5/official_result.json.gz
case_088,1,4,186407,186407,894280,894280,0.0,243623,方案/p1/n4/case_088_multicore_res.json,/Users/liyu/Desktop/中文题目/A题研究/advanced_solver/runs/formal_v2/evaluations/attempts/20260924T234233-ce997c2b5e2d477f886c7b12ae229700/record.json,/Users/liyu/Desktop/中文题目/A题研究/advanced_solver/runs/formal_v2/evaluations/attempts/20260924T234233-ce997c2b5e2d477f886c7b12ae229700/official_result.json.gz
case_088,1,5,97719,97719,2707564,2707564,0.0,243623,方案/p1/n5/case_088_multicore_res.json,/Users/liyu/Desktop/中文题目/A题研究/advanced_solver/runs/formal_v2/evaluations/attempts/20260925T172859-82458d6f1f32417d9cb1c35e532e8ff6/record.json,/Users/liyu/Desktop/中文题目/A题研究/advanced_solver/runs/formal_v2/evaluations/attempts/20260925T172859-82458d6f1f32417d9cb1c35e532e8ff6/official_result.json.gz
case_088,2,1,243623,243623,0,0,0.0,243623,方案/p2/n1/case_088_multicore_res.json,/Users/liyu/Desktop/中文题目/A题研究/advanced_solver/runs/formal_v2/evaluations/attempts/20260924T234302-f643f022b7b44bfd80315e8ca4d13dca/record.json,/Users/liyu/Desktop/中文题目/A题研究/advanced_solver/runs/formal_v2/evaluations/attempts/20260924T234302-f643f022b7b44bfd80315e8ca4d13dca/official_result.json.gz
case_088,2,2,135939,135939,1312570,1312570,0.0,243623,方案/p2/n2/case_088_multicore_res.json,/Users/liyu/Desktop/中文题目/A题研究/advanced_solver/runs/formal_v2/evaluations/attempts/20260924T233839-334a18a322c74d269d6af1cb3829a7f6/record.json,/Users/liyu/Desktop/中文题目/A题研究/advanced_solver/runs/formal_v2/evaluations/attempts/20260924T233839-334a18a322c74d269d6af1cb3829a7f6/official_result.json.gz
case_088,2,3,95670,95670,2093894,2093894,0.0,243623,方案/p2/n3/case_088_multicore_res.json,/Users/liyu/Desktop/中文题目/A题研究/advanced_solver/runs/formal_v2/evaluations/attempts/20260925T173918-d63d242b65e341718440a9804006ce14/record.json,/Users/liyu/Desktop/中文题目/A题研究/advanced_solver/runs/formal_v2/evaluations/attempts/20260925T173918-d63d242b65e341718440a9804006ce14/official_result.json.gz
case_088,2,4,89756,89756,2468882,2468882,0.0,243623,方案/p2/n4/case_088_multicore_res.json,/Users/liyu/Desktop/中文题目/A题研究/advanced_solver/runs/formal_v2/evaluations/attempts/20260924T234847-f696f719e6a942448adbf421605c980f/record.json,/Users/liyu/Desktop/中文题目/A题研究/advanced_solver/runs/formal_v2/evaluations/attempts/20260924T234847-f696f719e6a942448adbf421605c980f/official_result.json.gz
case_088,2,5,89206,89206,2475026,2475026,0.0,243623,方案/p2/n5/case_088_multicore_res.json,/Users/liyu/Desktop/中文题目/A题研究/advanced_solver/runs/formal_v2/evaluations/attempts/20260925T172356-2c6bc29cd5d64147acaecc0148c359c7/record.json,/Users/liyu/Desktop/中文题目/A题研究/advanced_solver/runs/formal_v2/evaluations/attempts/20260925T172356-2c6bc29cd5d64147acaecc0148c359c7/official_result.json.gz
case_088,3,1,243623,243623,0,0,0.0,243623,方案/p3/n1/case_088_multicore_res.json,/Users/liyu/Desktop/中文题目/A题研究/advanced_solver/runs/formal_v2/evaluations/attempts/20260924T234303-cde7403d42a14bb088452c01d7c70a1b/record.json,/Users/liyu/Desktop/中文题目/A题研究/advanced_solver/runs/formal_v2/evaluations/attempts/20260924T234303-cde7403d42a14bb088452c01d7c70a1b/official_result.json.gz
case_088,3,2,133987,133987,1312570,1312570,0.0,243623,方案/p3/n2/case_088_multicore_res.json,/Users/liyu/Desktop/中文题目/A题研究/advanced_solver/runs/formal_v2/evaluations/attempts/20260924T180336-ea1332623166437b80d5cbd31ca88e65/record.json,/Users/liyu/Desktop/中文题目/A题研究/advanced_solver/runs/formal_v2/evaluations/attempts/20260924T180336-ea1332623166437b80d5cbd31ca88e65/official_result.json.gz
case_088,3,3,92714,92714,2093894,2093894,0.0,243623,方案/p3/n3/case_088_multicore_res.json,/Users/liyu/Desktop/中文题目/A题研究/advanced_solver/runs/formal_v2/evaluations/attempts/20260925T173152-f45b88da773b4bfe87f040474f6db605/record.json,/Users/liyu/Desktop/中文题目/A题研究/advanced_solver/runs/formal_v2/evaluations/attempts/20260925T173152-f45b88da773b4bfe87f040474f6db605/official_result.json.gz
case_088,3,4,82216,82216,2468882,2468882,0.0,243623,方案/p3/n4/case_088_multicore_res.json,/Users/liyu/Desktop/中文题目/A题研究/advanced_solver/runs/formal_v2/evaluations/attempts/20260924T235418-8ee561c0d03e4d30b639584c5bb4d49a/record.json,/Users/liyu/Desktop/中文题目/A题研究/advanced_solver/runs/formal_v2/evaluations/attempts/20260924T235418-8ee561c0d03e4d30b639584c5bb4d49a/official_result.json.gz
case_088,3,5,79900,79900,2468858,2468858,0.0,243623,方案/p3/n5/case_088_multicore_res.json,/Users/liyu/Desktop/中文题目/A题研究/advanced_solver/runs/formal_v2/evaluations/attempts/20260925T172416-fd73d40b39684a2089e08b78b6b65c1f/record.json,/Users/liyu/Desktop/中文题目/A题研究/advanced_solver/runs/formal_v2/evaluations/attempts/20260925T172416-fd73d40b39684a2089e08b78b6b65c1f/official_result.json.gz
case_089,1,1,694660,694660,954880,954880,0.0,693092,方案/p1/n1/case_089_multicore_res.json,/Users/liyu/Desktop/中文题目/A题研究/advanced_solver/runs/formal_v2/evaluations/attempts/20260924T233923-fdd6007c83bf428da141d9b344afb78d/record.json,/Users/liyu/Desktop/中文题目/A题研究/advanced_solver/runs/formal_v2/evaluations/attempts/20260924T233923-fdd6007c83bf428da141d9b344afb78d/official_result.json.gz
case_089,1,2,346832,346832,238720,238720,0.0,693092,方案/p1/n2/case_089_multicore_res.json,/Users/liyu/Desktop/中文题目/A题研究/solver/runs/full_initial_v1/evaluations/attempts/20260924T102310-450a07d089024b25a48978d83ac134be/record.json,/Users/liyu/Desktop/中文题目/A题研究/solver/runs/full_initial_v1/evaluations/attempts/20260924T102310-450a07d089024b25a48978d83ac134be/official_result.json.gz
case_089,1,3,243614,243614,477440,477440,0.0,693092,方案/p1/n3/case_089_multicore_res.json,/Users/liyu/Desktop/中文题目/A题研究/advanced_solver/runs/formal_v2/evaluations/attempts/20260924T184412-0fba1494f86f47db9665eb0c7b0818ac/record.json,/Users/liyu/Desktop/中文题目/A题研究/advanced_solver/runs/formal_v2/evaluations/attempts/20260924T184412-0fba1494f86f47db9665eb0c7b0818ac/official_result.json.gz
case_089,1,4,178160,178160,716160,716160,0.0,693092,方案/p1/n4/case_089_multicore_res.json,/Users/liyu/Desktop/中文题目/A题研究/advanced_solver/runs/formal_v2/evaluations/attempts/20260924T184436-1186cb4097464a3f8b6738d3a22ff432/record.json,/Users/liyu/Desktop/中文题目/A题研究/advanced_solver/runs/formal_v2/evaluations/attempts/20260924T184436-1186cb4097464a3f8b6738d3a22ff432/official_result.json.gz
case_089,1,5,147432,147432,954880,954880,0.0,693092,方案/p1/n5/case_089_multicore_res.json,/Users/liyu/Desktop/中文题目/A题研究/solver/runs/full_initial_v1/evaluations/attempts/20260924T102324-02e465906ae44f34846f5f7347a8d8ef/record.json,/Users/liyu/Desktop/中文题目/A题研究/solver/runs/full_initial_v1/evaluations/attempts/20260924T102324-02e465906ae44f34846f5f7347a8d8ef/official_result.json.gz
case_089,2,1,693092,693092,0,0,0.0,693092,方案/p2/n1/case_089_multicore_res.json,/Users/liyu/Desktop/中文题目/A题研究/advanced_solver/runs/formal_v2/evaluations/attempts/20260924T234232-a48238610cda44fba86e504201d2d48b/record.json,/Users/liyu/Desktop/中文题目/A题研究/advanced_solver/runs/formal_v2/evaluations/attempts/20260924T234232-a48238610cda44fba86e504201d2d48b/official_result.json.gz
case_089,2,2,313368,313368,2204224,2204224,0.0,693092,方案/p2/n2/case_089_multicore_res.json,/Users/liyu/Desktop/中文题目/A题研究/advanced_solver/runs/formal_v2/evaluations/attempts/20260924T233808-a079cb4fe1a9447196df96f3391eaa9e/record.json,/Users/liyu/Desktop/中文题目/A题研究/advanced_solver/runs/formal_v2/evaluations/attempts/20260924T233808-a079cb4fe1a9447196df96f3391eaa9e/official_result.json.gz
case_089,2,3,230533,230533,7132416,7132416,0.0,693092,方案/p2/n3/case_089_multicore_res.json,/Users/liyu/Desktop/中文题目/A题研究/advanced_solver/runs/formal_v2/evaluations/attempts/20260924T235358-e6169891ae6d4ff291f3524a683dcbb4/record.json,/Users/liyu/Desktop/中文题目/A题研究/advanced_solver/runs/formal_v2/evaluations/attempts/20260924T235358-e6169891ae6d4ff291f3524a683dcbb4/official_result.json.gz
case_089,2,4,169868,169868,3906944,3906944,0.0,693092,方案/p2/n4/case_089_multicore_res.json,/Users/liyu/Desktop/中文题目/A题研究/advanced_solver/runs/formal_v2/evaluations/attempts/20260924T161059-edd7f80cb0764253a2d9a6afbaf38201/record.json,/Users/liyu/Desktop/中文题目/A题研究/advanced_solver/runs/formal_v2/evaluations/attempts/20260924T161059-edd7f80cb0764253a2d9a6afbaf38201/official_result.json.gz
case_089,2,5,140432,140432,4102400,4102400,0.0,693092,方案/p2/n5/case_089_multicore_res.json,/Users/liyu/Desktop/中文题目/A题研究/advanced_solver/runs/formal_v2/evaluations/attempts/20260924T235359-7c9c6c282e31416a8950d6beec91d5c4/record.json,/Users/liyu/Desktop/中文题目/A题研究/advanced_solver/runs/formal_v2/evaluations/attempts/20260924T235359-7c9c6c282e31416a8950d6beec91d5c4/official_result.json.gz
case_089,3,1,693092,693092,0,0,0.0,693092,方案/p3/n1/case_089_multicore_res.json,/Users/liyu/Desktop/中文题目/A题研究/advanced_solver/runs/formal_v2/evaluations/attempts/20260924T234233-0b114cbcfe274983adfad2df5aeb38b2/record.json,/Users/liyu/Desktop/中文题目/A题研究/advanced_solver/runs/formal_v2/evaluations/attempts/20260924T234233-0b114cbcfe274983adfad2df5aeb38b2/official_result.json.gz
case_089,3,2,313350,313350,2204224,2204224,0.0,693092,方案/p3/n2/case_089_multicore_res.json,/Users/liyu/Desktop/中文题目/A题研究/advanced_solver/runs/formal_v2/evaluations/attempts/20260924T180532-74aa7e7403e34cd78339e2d88bbebe00/record.json,/Users/liyu/Desktop/中文题目/A题研究/advanced_solver/runs/formal_v2/evaluations/attempts/20260924T180532-74aa7e7403e34cd78339e2d88bbebe00/official_result.json.gz
case_089,3,3,227310,227310,7132416,7132416,0.0,693092,方案/p3/n3/case_089_multicore_res.json,/Users/liyu/Desktop/中文题目/A题研究/advanced_solver/runs/formal_v2/evaluations/attempts/20260924T234130-2da908f77b374e458ffe1ea3142fcf10/record.json,/Users/liyu/Desktop/中文题目/A题研究/advanced_solver/runs/formal_v2/evaluations/attempts/20260924T234130-2da908f77b374e458ffe1ea3142fcf10/official_result.json.gz
case_089,3,4,169216,169216,3906944,3906944,0.0,693092,方案/p3/n4/case_089_multicore_res.json,/Users/liyu/Desktop/中文题目/A题研究/advanced_solver/runs/formal_v2/evaluations/attempts/20260924T180652-d387c7f7a76540a69fec2e35418e8fa9/record.json,/Users/liyu/Desktop/中文题目/A题研究/advanced_solver/runs/formal_v2/evaluations/attempts/20260924T180652-d387c7f7a76540a69fec2e35418e8fa9/official_result.json.gz
case_089,3,5,139354,139354,4102400,4102400,0.0,693092,方案/p3/n5/case_089_multicore_res.json,/Users/liyu/Desktop/中文题目/A题研究/advanced_solver/runs/formal_v2/evaluations/attempts/20260924T221523-58509034f91f4676bb88e943a919d129/record.json,/Users/liyu/Desktop/中文题目/A题研究/advanced_solver/runs/formal_v2/evaluations/attempts/20260924T221523-58509034f91f4676bb88e943a919d129/official_result.json.gz
case_090,1,1,1174025,1174025,21498480,21498480,0.0,1178363,方案/p1/n1/case_090_multicore_res.json,/Users/liyu/Desktop/中文题目/A题研究/advanced_solver/runs/formal_v2/evaluations/attempts/20260924T233946-30b1e1a157f247a4802223845b2217cc/record.json,/Users/liyu/Desktop/中文题目/A题研究/advanced_solver/runs/formal_v2/evaluations/attempts/20260924T233946-30b1e1a157f247a4802223845b2217cc/official_result.json.gz
case_090,1,2,679752,679752,25781760,25781760,0.0,1178363,方案/p1/n2/case_090_multicore_res.json,/Users/liyu/Desktop/中文题目/A题研究/solver/runs/full_initial_v1/evaluations/attempts/20260924T102339-124347e5c30243caa515399852911022/record.json,/Users/liyu/Desktop/中文题目/A题研究/solver/runs/full_initial_v1/evaluations/attempts/20260924T102339-124347e5c30243caa515399852911022/official_result.json.gz
case_090,1,3,589444,589444,25781760,25781760,0.0,1178363,方案/p1/n3/case_090_multicore_res.json,/Users/liyu/Desktop/中文题目/A题研究/advanced_solver/runs/formal_v2/evaluations/attempts/20260924T184520-b81b571e343f44c5b76002e744a4e8f9/record.json,/Users/liyu/Desktop/中文题目/A题研究/advanced_solver/runs/formal_v2/evaluations/attempts/20260924T184520-b81b571e343f44c5b76002e744a4e8f9/official_result.json.gz
case_090,1,4,565296,565296,25781760,25781760,0.0,1178363,方案/p1/n4/case_090_multicore_res.json,/Users/liyu/Desktop/中文题目/A题研究/advanced_solver/runs/formal_v2/evaluations/attempts/20260924T184526-c3d3e258b5e54c77acf3b24907dd6443/record.json,/Users/liyu/Desktop/中文题目/A题研究/advanced_solver/runs/formal_v2/evaluations/attempts/20260924T184526-c3d3e258b5e54c77acf3b24907dd6443/official_result.json.gz
case_090,1,5,494219,494219,24269112,24269112,0.0,1178363,方案/p1/n5/case_090_multicore_res.json,/Users/liyu/Desktop/中文题目/A题研究/advanced_solver/runs/formal_v2/evaluations/attempts/20260924T184531-8beff0707ea54ebe923166b8abad004d/record.json,/Users/liyu/Desktop/中文题目/A题研究/advanced_solver/runs/formal_v2/evaluations/attempts/20260924T184531-8beff0707ea54ebe923166b8abad004d/official_result.json.gz
case_090,2,1,1178363,1178363,21233592,21233592,0.0,1178363,方案/p2/n1/case_090_multicore_res.json,/Users/liyu/Desktop/中文题目/A题研究/advanced_solver/runs/formal_v2/evaluations/attempts/20260924T234308-6483f27171534ce1a71d90d2ca14012c/record.json,/Users/liyu/Desktop/中文题目/A题研究/advanced_solver/runs/formal_v2/evaluations/attempts/20260924T234308-6483f27171534ce1a71d90d2ca14012c/official_result.json.gz
case_090,2,2,431288,431288,3818928,3818928,0.0,1178363,方案/p2/n2/case_090_multicore_res.json,/Users/liyu/Desktop/中文题目/A题研究/advanced_solver/runs/formal_v2/evaluations/attempts/20260924T235420-1c412fb637964338b435424b5dfbe48b/record.json,/Users/liyu/Desktop/中文题目/A题研究/advanced_solver/runs/formal_v2/evaluations/attempts/20260924T235420-1c412fb637964338b435424b5dfbe48b/official_result.json.gz
case_090,2,3,320550,317582,6061440,5976960,0.925908594603031,1178363,方案/p2/n3/case_090_multicore_res.json,/Users/liyu/Desktop/中文题目/A题研究/advanced_solver/runs/formal_v2/evaluations/attempts/20260925T180258-7fd2f8f690f847b9bd8183989534f4f0/record.json,/Users/liyu/Desktop/中文题目/A题研究/advanced_solver/runs/formal_v2/evaluations/attempts/20260925T180258-7fd2f8f690f847b9bd8183989534f4f0/official_result.json.gz
case_090,2,4,290083,285675,7972848,7641072,1.5195650899914814,1178363,方案/p2/n4/case_090_multicore_res.json,/Users/liyu/Desktop/中文题目/A题研究/advanced_solver/runs/formal_v2/evaluations/attempts/20260925T180304-f6cdbd1317ce492382e0bce64e943dee/record.json,/Users/liyu/Desktop/中文题目/A题研究/advanced_solver/runs/formal_v2/evaluations/attempts/20260925T180304-f6cdbd1317ce492382e0bce64e943dee/official_result.json.gz
case_090,2,5,260978,240698,8593920,7443456,7.770769949957468,1178363,方案/p2/n5/case_090_multicore_res.json,/Users/liyu/Desktop/中文题目/A题研究/advanced_solver/runs/formal_v2/evaluations/attempts/20260925T175939-ccfa7154e3a04de6ac5022be0d595869/record.json,/Users/liyu/Desktop/中文题目/A题研究/advanced_solver/runs/formal_v2/evaluations/attempts/20260925T175939-ccfa7154e3a04de6ac5022be0d595869/official_result.json.gz
case_090,3,1,1178363,1178363,21233592,21233592,0.0,1178363,方案/p3/n1/case_090_multicore_res.json,/Users/liyu/Desktop/中文题目/A题研究/advanced_solver/runs/formal_v2/evaluations/attempts/20260924T234308-3eb62edcf5d84d2c92677df505a20c8c/record.json,/Users/liyu/Desktop/中文题目/A题研究/advanced_solver/runs/formal_v2/evaluations/attempts/20260924T234308-3eb62edcf5d84d2c92677df505a20c8c/official_result.json.gz
case_090,3,2,431243,431243,3818928,3818928,0.0,1178363,方案/p3/n2/case_090_multicore_res.json,/Users/liyu/Desktop/中文题目/A题研究/advanced_solver/runs/formal_v2/evaluations/attempts/20260924T234023-ff46c3942a3b4bf39cd6f9e10489bbc1/record.json,/Users/liyu/Desktop/中文题目/A题研究/advanced_solver/runs/formal_v2/evaluations/attempts/20260924T234023-ff46c3942a3b4bf39cd6f9e10489bbc1/official_result.json.gz
case_090,3,3,309744,309744,6104832,6104832,0.0,1178363,方案/p3/n3/case_090_multicore_res.json,/Users/liyu/Desktop/中文题目/A题研究/advanced_solver/runs/formal_v2/evaluations/attempts/20260924T180813-7bc2c47d26c24231aca2451008916a7a/record.json,/Users/liyu/Desktop/中文题目/A题研究/advanced_solver/runs/formal_v2/evaluations/attempts/20260924T180813-7bc2c47d26c24231aca2451008916a7a/official_result.json.gz
case_090,3,4,256211,255669,7972848,7641072,0.2115443911463566,1178363,方案/p3/n4/case_090_multicore_res.json,/Users/liyu/Desktop/中文题目/A题研究/advanced_solver/runs/formal_v2/evaluations/attempts/20260925T180350-4739df89360a4ce0bb3b2f986348ace5/record.json,/Users/liyu/Desktop/中文题目/A题研究/advanced_solver/runs/formal_v2/evaluations/attempts/20260925T180350-4739df89360a4ce0bb3b2f986348ace5/official_result.json.gz
case_090,3,5,194679,194679,8593920,7936512,0.0,1178363,方案/p3/n5/case_090_multicore_res.json,/Users/liyu/Desktop/中文题目/A题研究/advanced_solver/runs/formal_v2/evaluations/attempts/20260925T175625-bccd942285e041a3aab23625b8937777/record.json,/Users/liyu/Desktop/中文题目/A题研究/advanced_solver/runs/formal_v2/evaluations/attempts/20260925T175625-bccd942285e041a3aab23625b8937777/official_result.json.gz
case_091,1,1,9265852,9265852,111883264,111883264,0.0,9186769,方案/p1/n1/case_091_multicore_res.json,/Users/liyu/Desktop/中文题目/A题研究/advanced_solver/runs/formal_v2/evaluations/attempts/20260924T233506-df0dc305d2744a03ad1e29b83728089f/record.json,/Users/liyu/Desktop/中文题目/A题研究/advanced_solver/runs/formal_v2/evaluations/attempts/20260924T233506-df0dc305d2744a03ad1e29b83728089f/official_result.json.gz
case_091,1,2,4634582,4634582,111883264,111883264,0.0,9186769,方案/p1/n2/case_091_multicore_res.json,/Users/liyu/Desktop/中文题目/A题研究/solver/runs/full_initial_v1/evaluations/attempts/20260924T103847-838b85e1cedd48018a151d19a491b57b/record.json,/Users/liyu/Desktop/中文题目/A题研究/solver/runs/full_initial_v1/evaluations/attempts/20260924T103847-838b85e1cedd48018a151d19a491b57b/official_result.json.gz
case_091,1,3,3101467,3101467,60050240,60050240,0.0,9186769,方案/p1/n3/case_091_multicore_res.json,/Users/liyu/Desktop/中文题目/A题研究/advanced_solver/runs/formal_v2/evaluations/attempts/20260924T192210-bbb7c3c08935412a9559cf9262534ab3/record.json,/Users/liyu/Desktop/中文题目/A题研究/advanced_solver/runs/formal_v2/evaluations/attempts/20260924T192210-bbb7c3c08935412a9559cf9262534ab3/official_result.json.gz
case_091,1,4,2315897,2315897,69360288,69360288,0.0,9186769,方案/p1/n4/case_091_multicore_res.json,/Users/liyu/Desktop/中文题目/A题研究/advanced_solver/runs/formal_v2/evaluations/attempts/20260924T193916-2cabe8f48c2042d8bf9a71eefcb10799/record.json,/Users/liyu/Desktop/中文题目/A题研究/advanced_solver/runs/formal_v2/evaluations/attempts/20260924T193916-2cabe8f48c2042d8bf9a71eefcb10799/official_result.json.gz
case_091,1,5,1861235,1861235,66314752,66314752,0.0,9186769,方案/p1/n5/case_091_multicore_res.json,/Users/liyu/Desktop/中文题目/A题研究/advanced_solver/runs/formal_v2/evaluations/attempts/20260925T002001-0fa77461b5d045fdb21d67a392d03fe3/record.json,/Users/liyu/Desktop/中文题目/A题研究/advanced_solver/runs/formal_v2/evaluations/attempts/20260925T002001-0fa77461b5d045fdb21d67a392d03fe3/official_result.json.gz
case_091,2,1,9186769,9186769,53947008,53947008,0.0,9186769,方案/p2/n1/case_091_multicore_res.json,/Users/liyu/Desktop/中文题目/A题研究/advanced_solver/runs/formal_v2/evaluations/attempts/20260924T233333-758d299657a34213b2be2d90c84fbca7/record.json,/Users/liyu/Desktop/中文题目/A题研究/advanced_solver/runs/formal_v2/evaluations/attempts/20260924T233333-758d299657a34213b2be2d90c84fbca7/official_result.json.gz
case_091,2,2,4553404,4553404,53119456,53119456,0.0,9186769,方案/p2/n2/case_091_multicore_res.json,/Users/liyu/Desktop/中文题目/A题研究/solver/runs/full_initial_v1/evaluations/attempts/20260924T105308-29b81e1005b147bba41eb31d6e96469e/record.json,/Users/liyu/Desktop/中文题目/A题研究/solver/runs/p2_precompute_091/evaluations/attempts/20260924T105155-e3f79996e06144b798b47b6fa1ad3c1f/official_result.json.gz
case_091,2,3,3025509,3025509,61863936,61863936,0.0,9186769,方案/p2/n3/case_091_multicore_res.json,/Users/liyu/Desktop/中文题目/A题研究/advanced_solver/runs/formal_v2/evaluations/attempts/20260925T163345-b3815c992387426b83155c51d16ef8f6/record.json,/Users/liyu/Desktop/中文题目/A题研究/advanced_solver/runs/formal_v2/evaluations/attempts/20260925T163345-b3815c992387426b83155c51d16ef8f6/official_result.json.gz
case_091,2,4,2313039,2313039,41001120,41001120,0.0,9186769,方案/p2/n4/case_091_multicore_res.json,/Users/liyu/Desktop/中文题目/A题研究/advanced_solver/runs/formal_v2/evaluations/attempts/20260924T164031-d34bc911e8b5496380e2106cd3bc1c81/record.json,/Users/liyu/Desktop/中文题目/A题研究/advanced_solver/runs/formal_v2/evaluations/attempts/20260924T164031-d34bc911e8b5496380e2106cd3bc1c81/official_result.json.gz
case_091,2,5,1860293,1860293,75841024,75841024,0.0,9186769,方案/p2/n5/case_091_multicore_res.json,/Users/liyu/Desktop/中文题目/A题研究/advanced_solver/runs/formal_v2/evaluations/attempts/20260925T162945-aa196c10a78e4cc7999bf8ef5e1dc3fb/record.json,/Users/liyu/Desktop/中文题目/A题研究/advanced_solver/runs/formal_v2/evaluations/attempts/20260925T162945-aa196c10a78e4cc7999bf8ef5e1dc3fb/official_result.json.gz
case_091,3,1,9168820,9168820,53947008,53947008,0.0,9186769,方案/p3/n1/case_091_multicore_res.json,/Users/liyu/Desktop/中文题目/A题研究/advanced_solver/runs/formal_v2/evaluations/attempts/20260924T233345-179b7ae4df7a4ca2b6b1d54d73643fe7/record.json,/Users/liyu/Desktop/中文题目/A题研究/advanced_solver/runs/formal_v2/evaluations/attempts/20260924T233345-179b7ae4df7a4ca2b6b1d54d73643fe7/official_result.json.gz
case_091,3,2,4542858,4542858,53119456,53119456,0.0,9186769,方案/p3/n2/case_091_multicore_res.json,/Users/liyu/Desktop/中文题目/A题研究/advanced_solver/runs/formal_v2/evaluations/attempts/20260924T181016-56d4a8bcd9fa4301a7752deeb186103a/record.json,/Users/liyu/Desktop/中文题目/A题研究/advanced_solver/runs/formal_v2/evaluations/attempts/20260924T181016-56d4a8bcd9fa4301a7752deeb186103a/official_result.json.gz
case_091,3,3,3014454,3014454,61863936,61863936,0.0,9186769,方案/p3/n3/case_091_multicore_res.json,/Users/liyu/Desktop/中文题目/A题研究/advanced_solver/runs/formal_v2/evaluations/attempts/20260925T163520-dae5e35c88c44530ac2bea325732839e/record.json,/Users/liyu/Desktop/中文题目/A题研究/advanced_solver/runs/formal_v2/evaluations/attempts/20260925T163520-dae5e35c88c44530ac2bea325732839e/official_result.json.gz
case_091,3,4,2300004,2300004,66074432,66074432,0.0,9186769,方案/p3/n4/case_091_multicore_res.json,/Users/liyu/Desktop/中文题目/A题研究/advanced_solver/runs/formal_v2/evaluations/attempts/20260924T184402-304034c9df65469ba9922aab9b62e6c9/record.json,/Users/liyu/Desktop/中文题目/A题研究/advanced_solver/runs/formal_v2/evaluations/attempts/20260924T184402-304034c9df65469ba9922aab9b62e6c9/official_result.json.gz
case_091,3,5,1818751,1818751,74685440,74685440,0.0,9186769,方案/p3/n5/case_091_multicore_res.json,/Users/liyu/Desktop/中文题目/A题研究/advanced_solver/runs/formal_v2/evaluations/attempts/20260925T163437-a8c7fa0e77154f06841ac323df6329d5/record.json,/Users/liyu/Desktop/中文题目/A题研究/advanced_solver/runs/formal_v2/evaluations/attempts/20260925T163437-a8c7fa0e77154f06841ac323df6329d5/official_result.json.gz
case_092,1,1,4912704,4912704,71983424,71983424,0.0,4815554,方案/p1/n1/case_092_multicore_res.json,/Users/liyu/Desktop/中文题目/A题研究/advanced_solver/runs/formal_v2/evaluations/attempts/20260924T233812-f0113765fcc347fe9af5c305c42b3ee6/record.json,/Users/liyu/Desktop/中文题目/A题研究/advanced_solver/runs/formal_v2/evaluations/attempts/20260924T233812-f0113765fcc347fe9af5c305c42b3ee6/official_result.json.gz
case_092,1,2,2821724,2821724,131186400,131186400,0.0,4815554,方案/p1/n2/case_092_multicore_res.json,/Users/liyu/Desktop/中文题目/A题研究/solver/runs/full_initial_v1/evaluations/attempts/20260924T104512-3f4c0ea340a14eeda160eaea06c25ab3/record.json,/Users/liyu/Desktop/中文题目/A题研究/solver/runs/full_initial_v1/evaluations/attempts/20260924T104512-3f4c0ea340a14eeda160eaea06c25ab3/official_result.json.gz
case_092,1,3,2231804,2231804,66784736,66784736,0.0,4815554,方案/p1/n3/case_092_multicore_res.json,/Users/liyu/Desktop/中文题目/A题研究/advanced_solver/runs/formal_v2/evaluations/attempts/20260924T192353-c8c552302d4a4df89cff15c242628469/record.json,/Users/liyu/Desktop/中文题目/A题研究/advanced_solver/runs/formal_v2/evaluations/attempts/20260924T192353-c8c552302d4a4df89cff15c242628469/official_result.json.gz
case_092,1,4,1927728,1927728,67180384,67180384,0.0,4815554,方案/p1/n4/case_092_multicore_res.json,/Users/liyu/Desktop/中文题目/A题研究/advanced_solver/runs/formal_v2/evaluations/attempts/20260924T192806-fc3c10c5612d4302921d214590cbe4f1/record.json,/Users/liyu/Desktop/中文题目/A题研究/advanced_solver/runs/formal_v2/evaluations/attempts/20260924T192806-fc3c10c5612d4302921d214590cbe4f1/official_result.json.gz
case_092,1,5,1618214,1618214,69058400,69058400,0.0,4815554,方案/p1/n5/case_092_multicore_res.json,/Users/liyu/Desktop/中文题目/A题研究/advanced_solver/runs/formal_v2/evaluations/attempts/20260924T193139-215e51f5b6504b52a996196e346b9ab1/record.json,/Users/liyu/Desktop/中文题目/A题研究/advanced_solver/runs/formal_v2/evaluations/attempts/20260924T193139-215e51f5b6504b52a996196e346b9ab1/official_result.json.gz
case_092,2,1,4815554,4815554,66000096,66000096,0.0,4815554,方案/p2/n1/case_092_multicore_res.json,/Users/liyu/Desktop/中文题目/A题研究/advanced_solver/runs/formal_v2/evaluations/attempts/20260924T234030-2869600099c943feb60b7d56a8b1519a/record.json,/Users/liyu/Desktop/中文题目/A题研究/advanced_solver/runs/formal_v2/evaluations/attempts/20260924T234030-2869600099c943feb60b7d56a8b1519a/official_result.json.gz
case_092,2,2,2126364,2126364,19020384,19020384,0.0,4815554,方案/p2/n2/case_092_multicore_res.json,/Users/liyu/Desktop/中文题目/A题研究/advanced_solver/runs/formal_v2/evaluations/attempts/20260924T235249-7fdfe6ed2bbc4fad8e5874ef8f53e40a/record.json,/Users/liyu/Desktop/中文题目/A题研究/advanced_solver/runs/formal_v2/evaluations/attempts/20260924T235249-7fdfe6ed2bbc4fad8e5874ef8f53e40a/official_result.json.gz
case_092,2,3,1357066,1357066,10514624,10514624,0.0,4815554,方案/p2/n3/case_092_multicore_res.json,/Users/liyu/Desktop/中文题目/A题研究/advanced_solver/runs/formal_v2/evaluations/attempts/20260924T235252-54bacf3478914f598b010c76caf35b0f/record.json,/Users/liyu/Desktop/中文题目/A题研究/advanced_solver/runs/formal_v2/evaluations/attempts/20260924T235252-54bacf3478914f598b010c76caf35b0f/official_result.json.gz
case_092,2,4,1122381,1122381,39622432,39622432,0.0,4815554,方案/p2/n4/case_092_multicore_res.json,/Users/liyu/Desktop/中文题目/A题研究/advanced_solver/runs/formal_v2/evaluations/attempts/20260924T162415-c87cea6eda52436bad480078baab196b/record.json,/Users/liyu/Desktop/中文题目/A题研究/advanced_solver/runs/formal_v2/evaluations/attempts/20260924T162415-c87cea6eda52436bad480078baab196b/official_result.json.gz
case_092,2,5,786613,786613,4327808,4327808,0.0,4815554,方案/p2/n5/case_092_multicore_res.json,/Users/liyu/Desktop/中文题目/A题研究/advanced_solver/runs/formal_v2/evaluations/attempts/20260924T220804-57df74d715d84d12ac5407b11179b326/record.json,/Users/liyu/Desktop/中文题目/A题研究/advanced_solver/runs/formal_v2/evaluations/attempts/20260924T220804-57df74d715d84d12ac5407b11179b326/official_result.json.gz
case_092,3,1,4333631,4333631,66000096,66000096,0.0,4815554,方案/p3/n1/case_092_multicore_res.json,/Users/liyu/Desktop/中文题目/A题研究/advanced_solver/runs/formal_v2/evaluations/attempts/20260924T234037-f09ce9a192f44ba7868a9e3b372c7b39/record.json,/Users/liyu/Desktop/中文题目/A题研究/advanced_solver/runs/formal_v2/evaluations/attempts/20260924T234037-f09ce9a192f44ba7868a9e3b372c7b39/official_result.json.gz
case_092,3,2,2126411,2126411,19020384,19020384,0.0,4815554,方案/p3/n2/case_092_multicore_res.json,/Users/liyu/Desktop/中文题目/A题研究/advanced_solver/runs/formal_v2/evaluations/attempts/20260924T234623-4913e23601534ab497a26407778012c7/record.json,/Users/liyu/Desktop/中文题目/A题研究/advanced_solver/runs/formal_v2/evaluations/attempts/20260924T234623-4913e23601534ab497a26407778012c7/official_result.json.gz
case_092,3,3,1348155,1348155,10514624,10514624,0.0,4815554,方案/p3/n3/case_092_multicore_res.json,/Users/liyu/Desktop/中文题目/A题研究/advanced_solver/runs/formal_v2/evaluations/attempts/20260924T234625-463abbed012c46da98a2155e300f0420/record.json,/Users/liyu/Desktop/中文题目/A题研究/advanced_solver/runs/formal_v2/evaluations/attempts/20260924T234625-463abbed012c46da98a2155e300f0420/official_result.json.gz
case_092,3,4,1121490,1121490,39622432,39622432,0.0,4815554,方案/p3/n4/case_092_multicore_res.json,/Users/liyu/Desktop/中文题目/A题研究/advanced_solver/runs/formal_v2/evaluations/attempts/20260924T233618-0254d3f2d0e24e8d90a408a16857092a/record.json,/Users/liyu/Desktop/中文题目/A题研究/advanced_solver/runs/formal_v2/evaluations/attempts/20260924T233618-0254d3f2d0e24e8d90a408a16857092a/official_result.json.gz
case_092,3,5,774426,774426,4327808,4327808,0.0,4815554,方案/p3/n5/case_092_multicore_res.json,/Users/liyu/Desktop/中文题目/A题研究/advanced_solver/runs/formal_v2/evaluations/attempts/20260924T183108-1962ebaf60cd41f98d3ee41585c38a52/record.json,/Users/liyu/Desktop/中文题目/A题研究/advanced_solver/runs/formal_v2/evaluations/attempts/20260924T183108-1962ebaf60cd41f98d3ee41585c38a52/official_result.json.gz
case_093,1,1,74205,74205,0,0,0.0,74205,方案/p1/n1/case_093_multicore_res.json,/Users/liyu/Desktop/中文题目/A题研究/solver/runs/pilot_fullpool_v2/evaluations/attempts/20260924T093713-05254595355f45179d3eada2b7e10476/record.json,/Users/liyu/Desktop/中文题目/A题研究/solver/runs/pilot_fullpool_v2/evaluations/attempts/20260924T093705-4b8cc1709ad344ddb6d996186afe3cb6/official_result.json.gz
case_093,1,2,37827,37827,8192,8192,0.0,74205,方案/p1/n2/case_093_multicore_res.json,/Users/liyu/Desktop/中文题目/A题研究/solver/runs/full_initial_v1/evaluations/attempts/20260924T104254-2b636c48e3d248b892bb89dab1ae0a21/record.json,/Users/liyu/Desktop/中文题目/A题研究/solver/runs/full_initial_v1/evaluations/attempts/20260924T104254-2b636c48e3d248b892bb89dab1ae0a21/official_result.json.gz
case_093,1,3,25103,25103,16384,16384,0.0,74205,方案/p1/n3/case_093_multicore_res.json,/Users/liyu/Desktop/中文题目/A题研究/advanced_solver/runs/formal_v2/evaluations/attempts/20260924T192259-0a67c0f55ae34e978105613f84fadacc/record.json,/Users/liyu/Desktop/中文题目/A题研究/advanced_solver/runs/formal_v2/evaluations/attempts/20260924T192259-0a67c0f55ae34e978105613f84fadacc/official_result.json.gz
case_093,1,4,19779,19779,24576,24576,0.0,74205,方案/p1/n4/case_093_multicore_res.json,/Users/liyu/Desktop/中文题目/A题研究/advanced_solver/runs/formal_v2/evaluations/attempts/20260924T192301-ad098d151ea1457d8036de833fa8867d/record.json,/Users/liyu/Desktop/中文题目/A题研究/advanced_solver/runs/formal_v2/evaluations/attempts/20260924T192301-ad098d151ea1457d8036de833fa8867d/official_result.json.gz
case_093,1,5,15876,15876,32768,32768,0.0,74205,方案/p1/n5/case_093_multicore_res.json,/Users/liyu/Desktop/中文题目/A题研究/solver/runs/full_initial_v1/evaluations/attempts/20260924T104255-fea91ed529684f2abae1339a99828774/record.json,/Users/liyu/Desktop/中文题目/A题研究/solver/runs/full_initial_v1/evaluations/attempts/20260924T104255-fea91ed529684f2abae1339a99828774/official_result.json.gz
case_093,2,1,74205,74205,0,0,0.0,74205,方案/p2/n1/case_093_multicore_res.json,/Users/liyu/Desktop/中文题目/A题研究/solver/runs/pilot_fullpool_v2/evaluations/attempts/20260924T093713-a4d6f0f9ec55411bbfe00eb19cbbe76e/record.json,/Users/liyu/Desktop/中文题目/A题研究/solver/runs/pilot_fullpool_v2/evaluations/attempts/20260924T093708-b7c715f905bd448faa9e6bc146173669/official_result.json.gz
case_093,2,2,37559,37559,12288,12288,0.0,74205,方案/p2/n2/case_093_multicore_res.json,/Users/liyu/Desktop/中文题目/A题研究/advanced_solver/runs/formal_v2/evaluations/attempts/20260924T162012-8f09fc5ba6e84a359cc94275f3e401c9/record.json,/Users/liyu/Desktop/中文题目/A题研究/advanced_solver/runs/formal_v2/evaluations/attempts/20260924T162012-8f09fc5ba6e84a359cc94275f3e401c9/official_result.json.gz
case_093,2,3,25103,25103,16384,16384,0.0,74205,方案/p2/n3/case_093_multicore_res.json,/Users/liyu/Desktop/中文题目/A题研究/advanced_solver/runs/formal_v2/evaluations/attempts/20260924T162015-d4aad184b26c4ac288e3e225df485227/record.json,/Users/liyu/Desktop/中文题目/A题研究/advanced_solver/runs/formal_v2/evaluations/attempts/20260924T162015-d4aad184b26c4ac288e3e225df485227/official_result.json.gz
case_093,2,4,19546,19546,28672,28672,0.0,74205,方案/p2/n4/case_093_multicore_res.json,/Users/liyu/Desktop/中文题目/A题研究/advanced_solver/runs/formal_v2/evaluations/attempts/20260924T162022-8bd88b023bc24f0a8ff77a4b11b6424b/record.json,/Users/liyu/Desktop/中文题目/A题研究/advanced_solver/runs/formal_v2/evaluations/attempts/20260924T162022-8bd88b023bc24f0a8ff77a4b11b6424b/official_result.json.gz
case_093,2,5,15630,15630,32768,32768,0.0,74205,方案/p2/n5/case_093_multicore_res.json,/Users/liyu/Desktop/中文题目/A题研究/精修求解器/runs/wcc_interleave_v1/evaluations/attempts/20260924T132145-a34018ff864244b18756de5977338ff9/record.json,/Users/liyu/Desktop/中文题目/A题研究/精修求解器/runs/wcc_interleave_v1/evaluations/attempts/20260924T132145-a34018ff864244b18756de5977338ff9/official_result.json.gz
case_093,3,1,74205,74205,0,0,0.0,74205,方案/p3/n1/case_093_multicore_res.json,/Users/liyu/Desktop/中文题目/A题研究/solver/runs/pilot_fullpool_v2/evaluations/attempts/20260924T093713-1a4fd3af435145e88715a600feb24553/record.json,/Users/liyu/Desktop/中文题目/A题研究/solver/runs/pilot_fullpool_v2/evaluations/attempts/20260924T093710-a4d75fee03ab425ca7439bda80830666/official_result.json.gz
case_093,3,2,37559,37559,12288,12288,0.0,74205,方案/p3/n2/case_093_multicore_res.json,/Users/liyu/Desktop/中文题目/A题研究/advanced_solver/runs/formal_v2/evaluations/attempts/20260924T183134-4e690621f5a540f7b0d3e7e6fba34f17/record.json,/Users/liyu/Desktop/中文题目/A题研究/advanced_solver/runs/formal_v2/evaluations/attempts/20260924T183134-4e690621f5a540f7b0d3e7e6fba34f17/official_result.json.gz
case_093,3,3,25103,25103,16384,16384,0.0,74205,方案/p3/n3/case_093_multicore_res.json,/Users/liyu/Desktop/中文题目/A题研究/advanced_solver/runs/formal_v2/evaluations/attempts/20260924T183137-dbc7dcb4b3404d8dbacbeaa70e1ebd1d/record.json,/Users/liyu/Desktop/中文题目/A题研究/advanced_solver/runs/formal_v2/evaluations/attempts/20260924T183137-dbc7dcb4b3404d8dbacbeaa70e1ebd1d/official_result.json.gz
case_093,3,4,19475,19475,28672,28672,0.0,74205,方案/p3/n4/case_093_multicore_res.json,/Users/liyu/Desktop/中文题目/A题研究/advanced_solver/runs/formal_v2/evaluations/attempts/20260924T183148-6ab8ba4b8467432aa61e9dda70809074/record.json,/Users/liyu/Desktop/中文题目/A题研究/advanced_solver/runs/formal_v2/evaluations/attempts/20260924T183148-6ab8ba4b8467432aa61e9dda70809074/official_result.json.gz
case_093,3,5,15630,15630,32768,32768,0.0,74205,方案/p3/n5/case_093_multicore_res.json,/Users/liyu/Desktop/中文题目/A题研究/精修求解器/runs/wcc_interleave_v1/evaluations/attempts/20260924T132147-0c81b48781bc4a5eb8b8e5ed8447ec2c/record.json,/Users/liyu/Desktop/中文题目/A题研究/精修求解器/runs/wcc_interleave_v1/evaluations/attempts/20260924T132147-0c81b48781bc4a5eb8b8e5ed8447ec2c/official_result.json.gz
case_094,1,1,94892,94892,0,0,0.0,94892,方案/p1/n1/case_094_multicore_res.json,/Users/liyu/Desktop/中文题目/A题研究/advanced_solver/runs/formal_v2/evaluations/attempts/20260924T233955-c7e3c0c99f9a4abc85e047b27ee42c32/record.json,/Users/liyu/Desktop/中文题目/A题研究/advanced_solver/runs/formal_v2/evaluations/attempts/20260924T233955-c7e3c0c99f9a4abc85e047b27ee42c32/official_result.json.gz
case_094,1,2,44002,44002,170784,170784,0.0,94892,方案/p1/n2/case_094_multicore_res.json,/Users/liyu/Desktop/中文题目/A题研究/advanced_solver/runs/formal_v2/evaluations/attempts/20260924T192307-d37b46d615c648ceaf8006d893c64201/record.json,/Users/liyu/Desktop/中文题目/A题研究/advanced_solver/runs/formal_v2/evaluations/attempts/20260924T192307-d37b46d615c648ceaf8006d893c64201/official_result.json.gz
case_094,1,3,35671,35671,221472,221472,0.0,94892,方案/p1/n3/case_094_multicore_res.json,/Users/liyu/Desktop/中文题目/A题研究/advanced_solver/runs/formal_v2/evaluations/attempts/20260924T192309-9eab8c5e02224628976ee397b4742137/record.json,/Users/liyu/Desktop/中文题目/A题研究/advanced_solver/runs/formal_v2/evaluations/attempts/20260924T192309-9eab8c5e02224628976ee397b4742137/official_result.json.gz
case_094,1,4,23422,23422,318816,318816,0.0,94892,方案/p1/n4/case_094_multicore_res.json,/Users/liyu/Desktop/中文题目/A题研究/advanced_solver/runs/formal_v2/evaluations/attempts/20260924T192312-6e7a1ebe44834bae82135732ef8d1d3b/record.json,/Users/liyu/Desktop/中文题目/A题研究/advanced_solver/runs/formal_v2/evaluations/attempts/20260924T192312-6e7a1ebe44834bae82135732ef8d1d3b/official_result.json.gz
case_094,1,5,23422,23422,318816,318816,0.0,94892,方案/p1/n5/case_094_multicore_res.json,/Users/liyu/Desktop/中文题目/A题研究/直接迭代/运行结果/跨核继承_v1/evaluations/attempts/20260924T215824-2c85be285b1d4f80a273343f9daa685f/record.json,/Users/liyu/Desktop/中文题目/A题研究/直接迭代/运行结果/跨核继承_v1/evaluations/attempts/20260924T215824-2c85be285b1d4f80a273343f9daa685f/official_result.json.gz
case_094,2,1,94892,94892,0,0,0.0,94892,方案/p2/n1/case_094_multicore_res.json,/Users/liyu/Desktop/中文题目/A题研究/advanced_solver/runs/formal_v2/evaluations/attempts/20260924T234322-7874c3f9bc854d6a8c50c0de383189e3/record.json,/Users/liyu/Desktop/中文题目/A题研究/advanced_solver/runs/formal_v2/evaluations/attempts/20260924T234322-7874c3f9bc854d6a8c50c0de383189e3/official_result.json.gz
case_094,2,2,42158,42158,106272,106272,0.0,94892,方案/p2/n2/case_094_multicore_res.json,/Users/liyu/Desktop/中文题目/A题研究/advanced_solver/runs/formal_v2/evaluations/attempts/20260924T233856-c8c3af6914f84dc79f3448c5f7c75ec9/record.json,/Users/liyu/Desktop/中文题目/A题研究/advanced_solver/runs/formal_v2/evaluations/attempts/20260924T233856-c8c3af6914f84dc79f3448c5f7c75ec9/official_result.json.gz
case_094,2,3,25046,25046,212544,212544,0.0,94892,方案/p2/n3/case_094_multicore_res.json,/Users/liyu/Desktop/中文题目/A题研究/advanced_solver/runs/formal_v2/evaluations/attempts/20260925T155558-d4624fad1670495f82ced44caf841a5d/record.json,/Users/liyu/Desktop/中文题目/A题研究/advanced_solver/runs/formal_v2/evaluations/attempts/20260925T155558-d4624fad1670495f82ced44caf841a5d/official_result.json.gz
case_094,2,4,21760,21760,318816,318816,0.0,94892,方案/p2/n4/case_094_multicore_res.json,/Users/liyu/Desktop/中文题目/A题研究/advanced_solver/runs/formal_v2/evaluations/attempts/20260924T233857-1af5b011b8a94446be89c88baf8d675d/record.json,/Users/liyu/Desktop/中文题目/A题研究/advanced_solver/runs/formal_v2/evaluations/attempts/20260924T233857-1af5b011b8a94446be89c88baf8d675d/official_result.json.gz
case_094,2,5,17755,17755,259200,259200,0.0,94892,方案/p2/n5/case_094_multicore_res.json,/Users/liyu/Desktop/中文题目/A题研究/advanced_solver/runs/formal_v2/evaluations/attempts/20260925T162844-562b022f2b0c4267a392cf7c196000be/record.json,/Users/liyu/Desktop/中文题目/A题研究/advanced_solver/runs/formal_v2/evaluations/attempts/20260925T155058-6ea637eea7334b278982b6cd21577a59/official_result.json.gz
case_094,3,1,94892,94892,0,0,0.0,94892,方案/p3/n1/case_094_multicore_res.json,/Users/liyu/Desktop/中文题目/A题研究/advanced_solver/runs/formal_v2/evaluations/attempts/20260924T234322-5ca5c17a05684dbcb1bfeb017ec81175/record.json,/Users/liyu/Desktop/中文题目/A题研究/advanced_solver/runs/formal_v2/evaluations/attempts/20260924T234322-5ca5c17a05684dbcb1bfeb017ec81175/official_result.json.gz
case_094,3,2,41343,41343,106272,106272,0.0,94892,方案/p3/n2/case_094_multicore_res.json,/Users/liyu/Desktop/中文题目/A题研究/advanced_solver/runs/formal_v2/evaluations/attempts/20260925T112306-76da8be34bb8436a8cde0bf33bf41a66/record.json,/Users/liyu/Desktop/中文题目/A题研究/advanced_solver/runs/formal_v2/evaluations/attempts/20260925T112306-76da8be34bb8436a8cde0bf33bf41a66/official_result.json.gz
case_094,3,3,25046,25046,212544,212544,0.0,94892,方案/p3/n3/case_094_multicore_res.json,/Users/liyu/Desktop/中文题目/A题研究/advanced_solver/runs/formal_v2/evaluations/attempts/20260925T155522-3ba963d60ed745aaab1cb6c1df4ec1e5/record.json,/Users/liyu/Desktop/中文题目/A题研究/advanced_solver/runs/formal_v2/evaluations/attempts/20260925T155522-3ba963d60ed745aaab1cb6c1df4ec1e5/official_result.json.gz
case_094,3,4,21760,21760,318816,318816,0.0,94892,方案/p3/n4/case_094_multicore_res.json,/Users/liyu/Desktop/中文题目/A题研究/advanced_solver/runs/formal_v2/evaluations/attempts/20260924T183213-239e8a23330f4cac89e877d7b7f2d5bf/record.json,/Users/liyu/Desktop/中文题目/A题研究/advanced_solver/runs/formal_v2/evaluations/attempts/20260924T183213-239e8a23330f4cac89e877d7b7f2d5bf/official_result.json.gz
case_094,3,5,16819,16819,259200,259200,0.0,94892,方案/p3/n5/case_094_multicore_res.json,/Users/liyu/Desktop/中文题目/A题研究/advanced_solver/runs/formal_v2/evaluations/attempts/20260925T162828-625897dbeadb463691aec8d4bdc809ed/record.json,/Users/liyu/Desktop/中文题目/A题研究/advanced_solver/runs/formal_v2/evaluations/attempts/20260925T155058-7746d7f82b564cff8e69e0109c41b920/official_result.json.gz
case_095,1,1,2086080,2086080,0,0,0.0,2084853,方案/p1/n1/case_095_multicore_res.json,/Users/liyu/Desktop/中文题目/A题研究/advanced_solver/runs/formal_v2/evaluations/attempts/20260924T233915-93e2cfe0231b4d98ac791ed00df285d1/record.json,/Users/liyu/Desktop/中文题目/A题研究/advanced_solver/runs/formal_v2/evaluations/attempts/20260924T233915-93e2cfe0231b4d98ac791ed00df285d1/official_result.json.gz
case_095,1,2,1042860,1042860,73728,73728,0.0,2084853,方案/p1/n2/case_095_multicore_res.json,/Users/liyu/Desktop/中文题目/A题研究/advanced_solver/runs/formal_v2/evaluations/attempts/20260924T192339-0d344211a704492a9343ed941c49572d/record.json,/Users/liyu/Desktop/中文题目/A题研究/advanced_solver/runs/formal_v2/evaluations/attempts/20260924T192339-0d344211a704492a9343ed941c49572d/official_result.json.gz
case_095,1,3,695775,695775,0,0,0.0,2084853,方案/p1/n3/case_095_multicore_res.json,/Users/liyu/Desktop/中文题目/A题研究/advanced_solver/runs/formal_v2/evaluations/attempts/20260924T192341-56d8276fefad4ac087515a7f0ba2e846/record.json,/Users/liyu/Desktop/中文题目/A题研究/advanced_solver/runs/formal_v2/evaluations/attempts/20260924T192341-56d8276fefad4ac087515a7f0ba2e846/official_result.json.gz
case_095,1,4,524422,524422,0,0,0.0,2084853,方案/p1/n4/case_095_multicore_res.json,/Users/liyu/Desktop/中文题目/A题研究/advanced_solver/runs/formal_v2/evaluations/attempts/20260924T192412-4042ccc1213441c3b22025d16d794fb2/record.json,/Users/liyu/Desktop/中文题目/A题研究/advanced_solver/runs/formal_v2/evaluations/attempts/20260924T192412-4042ccc1213441c3b22025d16d794fb2/official_result.json.gz
case_095,1,5,420852,420852,0,0,0.0,2084853,方案/p1/n5/case_095_multicore_res.json,/Users/liyu/Desktop/中文题目/A题研究/solver/runs/full_initial_v1/evaluations/attempts/20260924T104333-87cd5c1c67594a3d98865fb48e963b43/record.json,/Users/liyu/Desktop/中文题目/A题研究/solver/runs/full_initial_v1/evaluations/attempts/20260924T104333-87cd5c1c67594a3d98865fb48e963b43/official_result.json.gz
case_095,2,1,2084853,2084853,0,0,0.0,2084853,方案/p2/n1/case_095_multicore_res.json,/Users/liyu/Desktop/中文题目/A题研究/advanced_solver/runs/formal_v2/evaluations/attempts/20260924T234217-6b7ff616ce8a46b2b1512b61f6cfa99a/record.json,/Users/liyu/Desktop/中文题目/A题研究/advanced_solver/runs/formal_v2/evaluations/attempts/20260924T234217-6b7ff616ce8a46b2b1512b61f6cfa99a/official_result.json.gz
case_095,2,2,1042890,1042890,0,0,0.0,2084853,方案/p2/n2/case_095_multicore_res.json,/Users/liyu/Desktop/中文题目/A题研究/solver/runs/full_initial_v1/evaluations/attempts/20260924T104337-47413ca9ce00447eba4b99b7fe72d22e/record.json,/Users/liyu/Desktop/中文题目/A题研究/solver/runs/full_initial_v1/evaluations/attempts/20260924T104337-47413ca9ce00447eba4b99b7fe72d22e/official_result.json.gz
case_095,2,3,695775,695775,0,0,0.0,2084853,方案/p2/n3/case_095_multicore_res.json,/Users/liyu/Desktop/中文题目/A题研究/advanced_solver/runs/formal_v2/evaluations/attempts/20260924T162056-187e34e1cb894a6bb280c455b951bdaa/record.json,/Users/liyu/Desktop/中文题目/A题研究/advanced_solver/runs/formal_v2/evaluations/attempts/20260924T162056-187e34e1cb894a6bb280c455b951bdaa/official_result.json.gz
case_095,2,4,524422,524422,0,0,0.0,2084853,方案/p2/n4/case_095_multicore_res.json,/Users/liyu/Desktop/中文题目/A题研究/advanced_solver/runs/formal_v2/evaluations/attempts/20260924T162112-acfac4e3ba5d40688cb254e852a5a2a9/record.json,/Users/liyu/Desktop/中文题目/A题研究/advanced_solver/runs/formal_v2/evaluations/attempts/20260924T162112-acfac4e3ba5d40688cb254e852a5a2a9/official_result.json.gz
case_095,2,5,220188,220188,0,0,0.0,2084853,方案/p2/n5/case_095_multicore_res.json,/Users/liyu/Desktop/中文题目/A题研究/advanced_solver/runs/formal_v2/evaluations/attempts/20260925T162832-70838958e28e4f5587d4cdd39e261a51/record.json,/Users/liyu/Desktop/中文题目/A题研究/advanced_solver/runs/formal_v2/evaluations/attempts/20260925T155410-47196ae76ff744af8ccd6b858d3c88f2/official_result.json.gz
case_095,3,1,2084853,2084853,0,0,0.0,2084853,方案/p3/n1/case_095_multicore_res.json,/Users/liyu/Desktop/中文题目/A题研究/advanced_solver/runs/formal_v2/evaluations/attempts/20260924T234218-a396e41159014a0ca38e12086f232243/record.json,/Users/liyu/Desktop/中文题目/A题研究/advanced_solver/runs/formal_v2/evaluations/attempts/20260924T234218-a396e41159014a0ca38e12086f232243/official_result.json.gz
case_095,3,2,1042890,1042890,0,0,0.0,2084853,方案/p3/n2/case_095_multicore_res.json,/Users/liyu/Desktop/中文题目/A题研究/advanced_solver/runs/formal_v2/evaluations/attempts/20260924T183222-d021504ce4ee4729aedb8e508aa85033/record.json,/Users/liyu/Desktop/中文题目/A题研究/advanced_solver/runs/formal_v2/evaluations/attempts/20260924T183222-d021504ce4ee4729aedb8e508aa85033/official_result.json.gz
case_095,3,3,695775,695775,0,0,0.0,2084853,方案/p3/n3/case_095_multicore_res.json,/Users/liyu/Desktop/中文题目/A题研究/advanced_solver/runs/formal_v2/evaluations/attempts/20260924T183242-20c0cf597f834a7a90a45492f0565f30/record.json,/Users/liyu/Desktop/中文题目/A题研究/advanced_solver/runs/formal_v2/evaluations/attempts/20260924T183242-20c0cf597f834a7a90a45492f0565f30/official_result.json.gz
case_095,3,4,524422,524422,0,0,0.0,2084853,方案/p3/n4/case_095_multicore_res.json,/Users/liyu/Desktop/中文题目/A题研究/advanced_solver/runs/formal_v2/evaluations/attempts/20260924T183301-d7615484d562422098ed378e528b7613/record.json,/Users/liyu/Desktop/中文题目/A题研究/advanced_solver/runs/formal_v2/evaluations/attempts/20260924T183301-d7615484d562422098ed378e528b7613/official_result.json.gz
case_095,3,5,220188,220188,0,0,0.0,2084853,方案/p3/n5/case_095_multicore_res.json,/Users/liyu/Desktop/中文题目/A题研究/advanced_solver/runs/formal_v2/evaluations/attempts/20260925T162833-786cee28ab87463faa3747c4b5e27afb/record.json,/Users/liyu/Desktop/中文题目/A题研究/advanced_solver/runs/formal_v2/evaluations/attempts/20260925T155402-489249f1b13b438e8725713cbd3c8a0b/official_result.json.gz
case_096,1,1,84343,84343,65664,65664,0.0,84194,方案/p1/n1/case_096_multicore_res.json,/Users/liyu/Desktop/中文题目/A题研究/advanced_solver/runs/formal_v2/evaluations/attempts/20260924T233951-2f721521b5d34a62973d53bbafbfaee2/record.json,/Users/liyu/Desktop/中文题目/A题研究/advanced_solver/runs/formal_v2/evaluations/attempts/20260924T233951-2f721521b5d34a62973d53bbafbfaee2/official_result.json.gz
case_096,1,2,46535,46535,120960,120960,0.0,84194,方案/p1/n2/case_096_multicore_res.json,/Users/liyu/Desktop/中文题目/A题研究/advanced_solver/runs/formal_v2/evaluations/attempts/20260924T192502-df1b98dfafee4c278695d7e3149e5f5c/record.json,/Users/liyu/Desktop/中文题目/A题研究/advanced_solver/runs/formal_v2/evaluations/attempts/20260924T192502-df1b98dfafee4c278695d7e3149e5f5c/official_result.json.gz
case_096,1,3,33662,33662,67392,67392,0.0,84194,方案/p1/n3/case_096_multicore_res.json,/Users/liyu/Desktop/中文题目/A题研究/advanced_solver/runs/formal_v2/evaluations/attempts/20260924T192506-97ef791937fc481ca91b57dabe510273/record.json,/Users/liyu/Desktop/中文题目/A题研究/advanced_solver/runs/formal_v2/evaluations/attempts/20260924T192506-97ef791937fc481ca91b57dabe510273/official_result.json.gz
case_096,1,4,26984,26984,78336,78336,0.0,84194,方案/p1/n4/case_096_multicore_res.json,/Users/liyu/Desktop/中文题目/A题研究/advanced_solver/runs/formal_v2/evaluations/attempts/20260924T192509-24736e3264014d77ad79efe5e178cbca/record.json,/Users/liyu/Desktop/中文题目/A题研究/advanced_solver/runs/formal_v2/evaluations/attempts/20260924T192509-24736e3264014d77ad79efe5e178cbca/official_result.json.gz
case_096,1,5,26984,26984,78336,78336,0.0,84194,方案/p1/n5/case_096_multicore_res.json,/Users/liyu/Desktop/中文题目/A题研究/直接迭代/运行结果/跨核继承_v1/evaluations/attempts/20260924T215824-908986474534440298b7f93b6cef762f/record.json,/Users/liyu/Desktop/中文题目/A题研究/直接迭代/运行结果/跨核继承_v1/evaluations/attempts/20260924T215824-908986474534440298b7f93b6cef762f/official_result.json.gz
case_096,2,1,84194,84194,0,0,0.0,84194,方案/p2/n1/case_096_multicore_res.json,/Users/liyu/Desktop/中文题目/A题研究/advanced_solver/runs/formal_v2/evaluations/attempts/20260924T234315-a584b53e138a456586a44ab16d5ef866/record.json,/Users/liyu/Desktop/中文题目/A题研究/advanced_solver/runs/formal_v2/evaluations/attempts/20260924T234315-a584b53e138a456586a44ab16d5ef866/official_result.json.gz
case_096,2,2,34851,34851,816880,816880,0.0,84194,方案/p2/n2/case_096_multicore_res.json,/Users/liyu/Desktop/中文题目/A题研究/advanced_solver/runs/formal_v2/evaluations/attempts/20260924T235424-bd3c1da655004cce92274bdc928c37a6/record.json,/Users/liyu/Desktop/中文题目/A题研究/advanced_solver/runs/formal_v2/evaluations/attempts/20260924T235424-bd3c1da655004cce92274bdc928c37a6/official_result.json.gz
case_096,2,3,24231,24231,764004,764004,0.0,84194,方案/p2/n3/case_096_multicore_res.json,/Users/liyu/Desktop/中文题目/A题研究/advanced_solver/runs/formal_v2/evaluations/attempts/20260924T233850-0eb629dc24de45f6ae56fa999eafa165/record.json,/Users/liyu/Desktop/中文题目/A题研究/advanced_solver/runs/formal_v2/evaluations/attempts/20260924T233850-0eb629dc24de45f6ae56fa999eafa165/official_result.json.gz
case_096,2,4,24231,24231,764004,764004,0.0,84194,方案/p2/n4/case_096_multicore_res.json,/Users/liyu/Desktop/中文题目/A题研究/advanced_solver/runs/formal_v2/evaluations/attempts/20260924T233850-8d12064eb9154bfbaa68cbb6b660acf0/record.json,/Users/liyu/Desktop/中文题目/A题研究/advanced_solver/runs/formal_v2/evaluations/attempts/20260924T233850-8d12064eb9154bfbaa68cbb6b660acf0/official_result.json.gz
case_096,2,5,24231,24231,764004,764004,0.0,84194,方案/p2/n5/case_096_multicore_res.json,/Users/liyu/Desktop/中文题目/A题研究/advanced_solver/runs/formal_v2/evaluations/attempts/20260924T235424-19045fa09be34d1690fee35b2dace8cc/record.json,/Users/liyu/Desktop/中文题目/A题研究/advanced_solver/runs/formal_v2/evaluations/attempts/20260924T235424-19045fa09be34d1690fee35b2dace8cc/official_result.json.gz
case_096,3,1,84194,84194,0,0,0.0,84194,方案/p3/n1/case_096_multicore_res.json,/Users/liyu/Desktop/中文题目/A题研究/advanced_solver/runs/formal_v2/evaluations/attempts/20260924T234315-7622fac7b5444e5994ffa68dd1946fc2/record.json,/Users/liyu/Desktop/中文题目/A题研究/advanced_solver/runs/formal_v2/evaluations/attempts/20260924T234315-7622fac7b5444e5994ffa68dd1946fc2/official_result.json.gz
case_096,3,2,34370,34370,816880,816880,0.0,84194,方案/p3/n2/case_096_multicore_res.json,/Users/liyu/Desktop/中文题目/A题研究/advanced_solver/runs/formal_v2/evaluations/attempts/20260924T234012-0cc329e185704594b17d15cee67fe28e/record.json,/Users/liyu/Desktop/中文题目/A题研究/advanced_solver/runs/formal_v2/evaluations/attempts/20260924T234012-0cc329e185704594b17d15cee67fe28e/official_result.json.gz
case_096,3,3,24072,24072,764004,764004,0.0,84194,方案/p3/n3/case_096_multicore_res.json,/Users/liyu/Desktop/中文题目/A题研究/advanced_solver/runs/formal_v2/evaluations/attempts/20260924T183417-aed9da208fff4d75a9c515d3b0157706/record.json,/Users/liyu/Desktop/中文题目/A题研究/advanced_solver/runs/formal_v2/evaluations/attempts/20260924T183417-aed9da208fff4d75a9c515d3b0157706/official_result.json.gz
case_096,3,4,24072,24072,764004,764004,0.0,84194,方案/p3/n4/case_096_multicore_res.json,/Users/liyu/Desktop/中文题目/A题研究/advanced_solver/runs/formal_v2/evaluations/attempts/20260924T233156-71acff9ed431423a90e3e0dbd5f97fe9/record.json,/Users/liyu/Desktop/中文题目/A题研究/advanced_solver/runs/formal_v2/evaluations/attempts/20260924T233156-71acff9ed431423a90e3e0dbd5f97fe9/official_result.json.gz
case_096,3,5,24072,24072,764004,764004,0.0,84194,方案/p3/n5/case_096_multicore_res.json,/Users/liyu/Desktop/中文题目/A题研究/直接迭代/运行结果/跨核继承_v1/evaluations/attempts/20260924T215824-fefba2285d574f1d9ec8fae37ed2a7c8/record.json,/Users/liyu/Desktop/中文题目/A题研究/直接迭代/运行结果/跨核继承_v1/evaluations/attempts/20260924T215824-fefba2285d574f1d9ec8fae37ed2a7c8/official_result.json.gz
case_097,1,1,11215101,11215101,12988416,12988416,0.0,11491509,方案/p1/n1/case_097_multicore_res.json,/Users/liyu/Desktop/中文题目/A题研究/advanced_solver/runs/formal_v2/evaluations/attempts/20260924T233856-e68af7a02766473082d1a2f6e6b7e190/record.json,/Users/liyu/Desktop/中文题目/A题研究/advanced_solver/runs/formal_v2/evaluations/attempts/20260924T233856-e68af7a02766473082d1a2f6e6b7e190/official_result.json.gz
case_097,1,2,5156692,5156692,11927552,11927552,0.0,11491509,方案/p1/n2/case_097_multicore_res.json,/Users/liyu/Desktop/中文题目/A题研究/advanced_solver/runs/formal_v2/evaluations/attempts/20260924T234658-588cad59363f4a9c8b033aa95f48da10/record.json,/Users/liyu/Desktop/中文题目/A题研究/advanced_solver/runs/formal_v2/evaluations/attempts/20260924T234658-588cad59363f4a9c8b033aa95f48da10/official_result.json.gz
case_097,1,3,3577028,3577028,29818880,29818880,0.0,11491509,方案/p1/n3/case_097_multicore_res.json,/Users/liyu/Desktop/中文题目/A题研究/advanced_solver/runs/formal_v2/evaluations/attempts/20260924T192633-576e0080ea60480f81677a08d8d56257/record.json,/Users/liyu/Desktop/中文题目/A题研究/advanced_solver/runs/formal_v2/evaluations/attempts/20260924T192633-576e0080ea60480f81677a08d8d56257/official_result.json.gz
case_097,1,4,2579804,2579804,11927552,11927552,0.0,11491509,方案/p1/n4/case_097_multicore_res.json,/Users/liyu/Desktop/中文题目/A题研究/advanced_solver/runs/formal_v2/evaluations/attempts/20260924T192756-83f1515ba0014009aaaa68ea20ac32b7/record.json,/Users/liyu/Desktop/中文题目/A题研究/advanced_solver/runs/formal_v2/evaluations/attempts/20260924T192756-83f1515ba0014009aaaa68ea20ac32b7/official_result.json.gz
case_097,1,5,2102348,2102348,21311488,21311488,0.0,11491509,方案/p1/n5/case_097_multicore_res.json,/Users/liyu/Desktop/中文题目/A题研究/solver/runs/full_initial_v1/evaluations/attempts/20260924T104459-2a84899f45a64299981b750b9275f23e/record.json,/Users/liyu/Desktop/中文题目/A题研究/solver/runs/full_initial_v1/evaluations/attempts/20260924T104459-2a84899f45a64299981b750b9275f23e/official_result.json.gz
case_097,2,1,11491509,11491509,10584064,10584064,0.0,11491509,方案/p2/n1/case_097_multicore_res.json,/Users/liyu/Desktop/中文题目/A题研究/advanced_solver/runs/formal_v2/evaluations/attempts/20260924T234147-d90bcc3053ed4e54815c64bb7e5c02e8/record.json,/Users/liyu/Desktop/中文题目/A题研究/advanced_solver/runs/formal_v2/evaluations/attempts/20260924T234147-d90bcc3053ed4e54815c64bb7e5c02e8/official_result.json.gz
case_097,2,2,5601821,5601821,11821056,11821056,0.0,11491509,方案/p2/n2/case_097_multicore_res.json,/Users/liyu/Desktop/中文题目/A题研究/advanced_solver/runs/formal_v2/evaluations/attempts/20260924T235337-3bfc6116a0464cfcacbfcc6a7de74156/record.json,/Users/liyu/Desktop/中文题目/A题研究/advanced_solver/runs/formal_v2/evaluations/attempts/20260924T235337-3bfc6116a0464cfcacbfcc6a7de74156/official_result.json.gz
case_097,2,3,3651847,3651847,16058368,16058368,0.0,11491509,方案/p2/n3/case_097_multicore_res.json,/Users/liyu/Desktop/中文题目/A题研究/advanced_solver/runs/formal_v2/evaluations/attempts/20260924T233731-2cd167770a2647f4960adbe91ba36534/record.json,/Users/liyu/Desktop/中文题目/A题研究/advanced_solver/runs/formal_v2/evaluations/attempts/20260924T233731-2cd167770a2647f4960adbe91ba36534/official_result.json.gz
case_097,2,4,2624984,2624984,14254080,14254080,0.0,11491509,方案/p2/n4/case_097_multicore_res.json,/Users/liyu/Desktop/中文题目/A题研究/advanced_solver/runs/formal_v2/evaluations/attempts/20260924T235337-5a1722f82f064ef48b1b589f72e84af1/record.json,/Users/liyu/Desktop/中文题目/A题研究/advanced_solver/runs/formal_v2/evaluations/attempts/20260924T235337-5a1722f82f064ef48b1b589f72e84af1/official_result.json.gz
case_097,2,5,2102294,2102294,21319680,21319680,0.0,11491509,方案/p2/n5/case_097_multicore_res.json,/Users/liyu/Desktop/中文题目/A题研究/advanced_solver/runs/formal_v2/evaluations/attempts/20260924T220819-301e3e8392ec4440a73404dc33171b2e/record.json,/Users/liyu/Desktop/中文题目/A题研究/advanced_solver/runs/formal_v2/evaluations/attempts/20260924T220819-301e3e8392ec4440a73404dc33171b2e/official_result.json.gz
case_097,3,1,11491509,11491509,10584064,10584064,0.0,11491509,方案/p3/n1/case_097_multicore_res.json,/Users/liyu/Desktop/中文题目/A题研究/advanced_solver/runs/formal_v2/evaluations/attempts/20260924T234149-ddade645f8794dc58b7730401222f77d/record.json,/Users/liyu/Desktop/中文题目/A题研究/advanced_solver/runs/formal_v2/evaluations/attempts/20260924T234149-ddade645f8794dc58b7730401222f77d/official_result.json.gz
case_097,3,2,5601821,5601821,11821056,11821056,0.0,11491509,方案/p3/n2/case_097_multicore_res.json,/Users/liyu/Desktop/中文题目/A题研究/advanced_solver/runs/formal_v2/evaluations/attempts/20260924T234329-54f9981d2dfb40c2a800067252b326f2/record.json,/Users/liyu/Desktop/中文题目/A题研究/advanced_solver/runs/formal_v2/evaluations/attempts/20260924T234329-54f9981d2dfb40c2a800067252b326f2/official_result.json.gz
case_097,3,3,3651113,3651113,16058368,16058368,0.0,11491509,方案/p3/n3/case_097_multicore_res.json,/Users/liyu/Desktop/中文题目/A题研究/advanced_solver/runs/formal_v2/evaluations/attempts/20260924T183624-0b57360dcbd1445698ef0db2b7d703c5/record.json,/Users/liyu/Desktop/中文题目/A题研究/advanced_solver/runs/formal_v2/evaluations/attempts/20260924T183624-0b57360dcbd1445698ef0db2b7d703c5/official_result.json.gz
case_097,3,4,2624356,2624356,14254080,14254080,0.0,11491509,方案/p3/n4/case_097_multicore_res.json,/Users/liyu/Desktop/中文题目/A题研究/advanced_solver/runs/formal_v2/evaluations/attempts/20260924T234333-88c8a753b1dc453c9d4a1e10b5166d98/record.json,/Users/liyu/Desktop/中文题目/A题研究/advanced_solver/runs/formal_v2/evaluations/attempts/20260924T234333-88c8a753b1dc453c9d4a1e10b5166d98/official_result.json.gz
case_097,3,5,2101714,2101714,21319680,21319680,0.0,11491509,方案/p3/n5/case_097_multicore_res.json,/Users/liyu/Desktop/中文题目/A题研究/advanced_solver/runs/formal_v2/evaluations/attempts/20260924T183807-61dc6123587b4dfca35d932ddc256f9d/record.json,/Users/liyu/Desktop/中文题目/A题研究/advanced_solver/runs/formal_v2/evaluations/attempts/20260924T183807-61dc6123587b4dfca35d932ddc256f9d/official_result.json.gz
case_098,1,1,177600,177600,0,0,0.0,177430,方案/p1/n1/case_098_multicore_res.json,/Users/liyu/Desktop/中文题目/A题研究/advanced_solver/runs/formal_v2/evaluations/attempts/20260924T233949-2f3fcd60f39f41c9b3d7fb056feec555/record.json,/Users/liyu/Desktop/中文题目/A题研究/advanced_solver/runs/formal_v2/evaluations/attempts/20260924T233949-2f3fcd60f39f41c9b3d7fb056feec555/official_result.json.gz
case_098,1,2,89756,89756,0,0,0.0,177430,方案/p1/n2/case_098_multicore_res.json,/Users/liyu/Desktop/中文题目/A题研究/solver/runs/full_initial_v1/evaluations/attempts/20260924T104533-cd408b6976ef4158afcbdad138a6a088/record.json,/Users/liyu/Desktop/中文题目/A题研究/solver/runs/full_initial_v1/evaluations/attempts/20260924T104533-cd408b6976ef4158afcbdad138a6a088/official_result.json.gz
case_098,1,3,89756,89756,0,0,0.0,177430,方案/p1/n3/case_098_multicore_res.json,/Users/liyu/Desktop/中文题目/A题研究/advanced_solver/runs/formal_v2/evaluations/attempts/20260924T233155-b9bb183ccf514bf99ba1712519881bc1/record.json,/Users/liyu/Desktop/中文题目/A题研究/advanced_solver/runs/formal_v2/evaluations/attempts/20260924T233155-b9bb183ccf514bf99ba1712519881bc1/official_result.json.gz
case_098,1,4,89756,89756,0,0,0.0,177430,方案/p1/n4/case_098_multicore_res.json,/Users/liyu/Desktop/中文题目/A题研究/advanced_solver/runs/formal_v2/evaluations/attempts/20260924T233155-67446a535c674658ba8677c1f1418a0c/record.json,/Users/liyu/Desktop/中文题目/A题研究/advanced_solver/runs/formal_v2/evaluations/attempts/20260924T233155-67446a535c674658ba8677c1f1418a0c/official_result.json.gz
case_098,1,5,89756,89756,0,0,0.0,177430,方案/p1/n5/case_098_multicore_res.json,/Users/liyu/Desktop/中文题目/A题研究/solver/runs/full_initial_v1/evaluations/attempts/20260924T104535-b7a97fcbd7b2493eac4a707371cb5b22/record.json,/Users/liyu/Desktop/中文题目/A题研究/solver/runs/full_initial_v1/evaluations/attempts/20260924T104535-b7a97fcbd7b2493eac4a707371cb5b22/official_result.json.gz
case_098,2,1,177430,177430,0,0,0.0,177430,方案/p2/n1/case_098_multicore_res.json,/Users/liyu/Desktop/中文题目/A题研究/advanced_solver/runs/formal_v2/evaluations/attempts/20260924T234312-f68f179028784073af9a0ccaa15747cb/record.json,/Users/liyu/Desktop/中文题目/A题研究/advanced_solver/runs/formal_v2/evaluations/attempts/20260924T234312-f68f179028784073af9a0ccaa15747cb/official_result.json.gz
case_098,2,2,89620,89620,0,0,0.0,177430,方案/p2/n2/case_098_multicore_res.json,/Users/liyu/Desktop/中文题目/A题研究/advanced_solver/runs/formal_v2/evaluations/attempts/20260924T162429-1125d885976241c3abdda3cbd9e0b3e0/record.json,/Users/liyu/Desktop/中文题目/A题研究/advanced_solver/runs/formal_v2/evaluations/attempts/20260924T162429-1125d885976241c3abdda3cbd9e0b3e0/official_result.json.gz
case_098,2,3,63811,63811,1054616,1054616,0.0,177430,方案/p2/n3/case_098_multicore_res.json,/Users/liyu/Desktop/中文题目/A题研究/advanced_solver/runs/formal_v2/evaluations/attempts/20260924T234828-4ace30d0b1994e2caba58cca3171a8f7/record.json,/Users/liyu/Desktop/中文题目/A题研究/advanced_solver/runs/formal_v2/evaluations/attempts/20260924T234828-4ace30d0b1994e2caba58cca3171a8f7/official_result.json.gz
case_098,2,4,63811,63811,1054616,1054616,0.0,177430,方案/p2/n4/case_098_multicore_res.json,/Users/liyu/Desktop/中文题目/A题研究/advanced_solver/runs/formal_v2/evaluations/attempts/20260924T235539-e8f9bbb6bb914ba5b2a0ffb35068c154/record.json,/Users/liyu/Desktop/中文题目/A题研究/advanced_solver/runs/formal_v2/evaluations/attempts/20260924T235539-e8f9bbb6bb914ba5b2a0ffb35068c154/official_result.json.gz
case_098,2,5,45597,45597,858868,858868,0.0,177430,方案/p2/n5/case_098_multicore_res.json,/Users/liyu/Desktop/中文题目/A题研究/advanced_solver/runs/formal_v2/evaluations/attempts/20260924T162458-a8397bdfaadc481c9f90069af3ac20e3/record.json,/Users/liyu/Desktop/中文题目/A题研究/advanced_solver/runs/formal_v2/evaluations/attempts/20260924T162458-a8397bdfaadc481c9f90069af3ac20e3/official_result.json.gz
case_098,3,1,177430,177430,0,0,0.0,177430,方案/p3/n1/case_098_multicore_res.json,/Users/liyu/Desktop/中文题目/A题研究/advanced_solver/runs/formal_v2/evaluations/attempts/20260924T234313-e4869fd5384845cd8cf978a41700cb90/record.json,/Users/liyu/Desktop/中文题目/A题研究/advanced_solver/runs/formal_v2/evaluations/attempts/20260924T234313-e4869fd5384845cd8cf978a41700cb90/official_result.json.gz
case_098,3,2,89620,89620,0,0,0.0,177430,方案/p3/n2/case_098_multicore_res.json,/Users/liyu/Desktop/中文题目/A题研究/advanced_solver/runs/formal_v2/evaluations/attempts/20260924T183817-187fa87454fc4a6a9528d679850540be/record.json,/Users/liyu/Desktop/中文题目/A题研究/advanced_solver/runs/formal_v2/evaluations/attempts/20260924T183817-187fa87454fc4a6a9528d679850540be/official_result.json.gz
case_098,3,3,62695,62695,1054616,1054616,0.0,177430,方案/p3/n3/case_098_multicore_res.json,/Users/liyu/Desktop/中文题目/A题研究/advanced_solver/runs/formal_v2/evaluations/attempts/20260924T235423-4f89fdb3f123424f894aee007f6d88aa/record.json,/Users/liyu/Desktop/中文题目/A题研究/advanced_solver/runs/formal_v2/evaluations/attempts/20260924T235423-4f89fdb3f123424f894aee007f6d88aa/official_result.json.gz
case_098,3,4,62695,62695,1054616,1054616,0.0,177430,方案/p3/n4/case_098_multicore_res.json,/Users/liyu/Desktop/中文题目/A题研究/advanced_solver/runs/formal_v2/evaluations/attempts/20260924T235539-002081ef0fc54ff5a71b4a1b3ce477d7/record.json,/Users/liyu/Desktop/中文题目/A题研究/advanced_solver/runs/formal_v2/evaluations/attempts/20260924T235539-002081ef0fc54ff5a71b4a1b3ce477d7/official_result.json.gz
case_098,3,5,44288,44288,875252,875252,0.0,177430,方案/p3/n5/case_098_multicore_res.json,/Users/liyu/Desktop/中文题目/A题研究/advanced_solver/runs/formal_v2/evaluations/attempts/20260925T112019-fc40a2b5679d4dd89063686852a18ca8/record.json,/Users/liyu/Desktop/中文题目/A题研究/advanced_solver/runs/formal_v2/evaluations/attempts/20260925T112019-fc40a2b5679d4dd89063686852a18ca8/official_result.json.gz
case_099,1,1,1611716,1611716,7073792,7073792,0.0,1622999,方案/p1/n1/case_099_multicore_res.json,/Users/liyu/Desktop/中文题目/A题研究/advanced_solver/runs/formal_v2/evaluations/attempts/20260924T233903-09b3538f0c654ae99b71bcd93819565a/record.json,/Users/liyu/Desktop/中文题目/A题研究/advanced_solver/runs/formal_v2/evaluations/attempts/20260924T233903-09b3538f0c654ae99b71bcd93819565a/official_result.json.gz
case_099,1,2,807246,807246,8232960,8232960,0.0,1622999,方案/p1/n2/case_099_multicore_res.json,/Users/liyu/Desktop/中文题目/A题研究/advanced_solver/runs/formal_v2/evaluations/attempts/20260924T192847-4fcc83b9341141ac8cd435d11c39fdd5/record.json,/Users/liyu/Desktop/中文题目/A题研究/advanced_solver/runs/formal_v2/evaluations/attempts/20260924T192847-4fcc83b9341141ac8cd435d11c39fdd5/official_result.json.gz
case_099,1,3,537682,537682,9621504,9621504,0.0,1622999,方案/p1/n3/case_099_multicore_res.json,/Users/liyu/Desktop/中文题目/A题研究/advanced_solver/runs/formal_v2/evaluations/attempts/20260924T193001-57c792b6c2a24998af6c2dfde90ae425/record.json,/Users/liyu/Desktop/中文题目/A题研究/advanced_solver/runs/formal_v2/evaluations/attempts/20260924T193001-57c792b6c2a24998af6c2dfde90ae425/official_result.json.gz
case_099,1,4,405655,405655,9764864,9764864,0.0,1622999,方案/p1/n4/case_099_multicore_res.json,/Users/liyu/Desktop/中文题目/A题研究/advanced_solver/runs/formal_v2/evaluations/attempts/20260924T193047-a8b87461303a48179ed5804e9adc70e6/record.json,/Users/liyu/Desktop/中文题目/A题研究/advanced_solver/runs/formal_v2/evaluations/attempts/20260924T193047-a8b87461303a48179ed5804e9adc70e6/official_result.json.gz
case_099,1,5,337075,337075,10698752,10698752,0.0,1622999,方案/p1/n5/case_099_multicore_res.json,/Users/liyu/Desktop/中文题目/A题研究/solver/runs/full_initial_v1/evaluations/attempts/20260924T104639-65e4fc2698e84a5db2421bdd14a79190/record.json,/Users/liyu/Desktop/中文题目/A题研究/solver/runs/full_initial_v1/evaluations/attempts/20260924T104639-65e4fc2698e84a5db2421bdd14a79190/official_result.json.gz
case_099,2,1,1622999,1622999,5484544,5484544,0.0,1622999,方案/p2/n1/case_099_multicore_res.json,/Users/liyu/Desktop/中文题目/A题研究/advanced_solver/runs/formal_v2/evaluations/attempts/20260924T234159-d919e4dfd2354ac4b96c32b441a568e8/record.json,/Users/liyu/Desktop/中文题目/A题研究/advanced_solver/runs/formal_v2/evaluations/attempts/20260924T234159-d919e4dfd2354ac4b96c32b441a568e8/official_result.json.gz
case_099,2,2,809444,809444,3375104,3375104,0.0,1622999,方案/p2/n2/case_099_multicore_res.json,/Users/liyu/Desktop/中文题目/A题研究/advanced_solver/runs/formal_v2/evaluations/attempts/20260924T162544-e3d1920feb744275b942d4679475b42d/record.json,/Users/liyu/Desktop/中文题目/A题研究/advanced_solver/runs/formal_v2/evaluations/attempts/20260924T162544-e3d1920feb744275b942d4679475b42d/official_result.json.gz
case_099,2,3,539401,539401,8294400,8294400,0.0,1622999,方案/p2/n3/case_099_multicore_res.json,/Users/liyu/Desktop/中文题目/A题研究/advanced_solver/runs/formal_v2/evaluations/attempts/20260924T162605-1e5bf4c4fc2e45ea9d66be8a9941ff24/record.json,/Users/liyu/Desktop/中文题目/A题研究/advanced_solver/runs/formal_v2/evaluations/attempts/20260924T162605-1e5bf4c4fc2e45ea9d66be8a9941ff24/official_result.json.gz
case_099,2,4,405317,405317,9764864,9764864,0.0,1622999,方案/p2/n4/case_099_multicore_res.json,/Users/liyu/Desktop/中文题目/A题研究/advanced_solver/runs/formal_v2/evaluations/attempts/20260924T233743-3b0cb5adb66e4af9938fbae0ee6525e7/record.json,/Users/liyu/Desktop/中文题目/A题研究/advanced_solver/runs/formal_v2/evaluations/attempts/20260924T233743-3b0cb5adb66e4af9938fbae0ee6525e7/official_result.json.gz
case_099,2,5,330651,330651,6586368,6586368,0.0,1622999,方案/p2/n5/case_099_multicore_res.json,/Users/liyu/Desktop/中文题目/A题研究/advanced_solver/runs/formal_v2/evaluations/attempts/20260924T162815-0b2fe37efff84d9896b81b99e9ab33c0/record.json,/Users/liyu/Desktop/中文题目/A题研究/advanced_solver/runs/formal_v2/evaluations/attempts/20260924T162815-0b2fe37efff84d9896b81b99e9ab33c0/official_result.json.gz
case_099,3,1,1618902,1618902,5484544,5484544,0.0,1622999,方案/p3/n1/case_099_multicore_res.json,/Users/liyu/Desktop/中文题目/A题研究/advanced_solver/runs/formal_v2/evaluations/attempts/20260924T234200-a35aa565ac21477381e6cb0a2e29b776/record.json,/Users/liyu/Desktop/中文题目/A题研究/advanced_solver/runs/formal_v2/evaluations/attempts/20260924T234200-a35aa565ac21477381e6cb0a2e29b776/official_result.json.gz
case_099,3,2,806972,806972,7319552,7319552,0.0,1622999,方案/p3/n2/case_099_multicore_res.json,/Users/liyu/Desktop/中文题目/A题研究/advanced_solver/runs/formal_v2/evaluations/attempts/20260924T183949-9611ea54dc004ce09718d53c8c7a7a61/record.json,/Users/liyu/Desktop/中文题目/A题研究/advanced_solver/runs/formal_v2/evaluations/attempts/20260924T183949-9611ea54dc004ce09718d53c8c7a7a61/official_result.json.gz
case_099,3,3,538579,538579,8294400,8294400,0.0,1622999,方案/p3/n3/case_099_multicore_res.json,/Users/liyu/Desktop/中文题目/A题研究/advanced_solver/runs/formal_v2/evaluations/attempts/20260924T183958-529fcc8389b54defaa2d6a151e44896f/record.json,/Users/liyu/Desktop/中文题目/A题研究/advanced_solver/runs/formal_v2/evaluations/attempts/20260924T183958-529fcc8389b54defaa2d6a151e44896f/official_result.json.gz
case_099,3,4,403402,403402,9764864,9764864,0.0,1622999,方案/p3/n4/case_099_multicore_res.json,/Users/liyu/Desktop/中文题目/A题研究/advanced_solver/runs/formal_v2/evaluations/attempts/20260924T184143-6fa02301e58a4c0dab9595349f1797c4/record.json,/Users/liyu/Desktop/中文题目/A题研究/advanced_solver/runs/formal_v2/evaluations/attempts/20260924T184143-6fa02301e58a4c0dab9595349f1797c4/official_result.json.gz
case_099,3,5,325469,325469,8830976,8830976,0.0,1622999,方案/p3/n5/case_099_multicore_res.json,/Users/liyu/Desktop/中文题目/A题研究/advanced_solver/runs/formal_v2/evaluations/attempts/20260924T184243-6f61f747d6164db6a65ec4ad3816f61f/record.json,/Users/liyu/Desktop/中文题目/A题研究/advanced_solver/runs/formal_v2/evaluations/attempts/20260924T184243-6f61f747d6164db6a65ec4ad3816f61f/official_result.json.gz
case_100,1,1,151461,151461,0,0,0.0,151223,方案/p1/n1/case_100_multicore_res.json,/Users/liyu/Desktop/中文题目/A题研究/advanced_solver/runs/formal_v2/evaluations/attempts/20260924T233947-2c1156e9877d467596527a9b9d7b0d98/record.json,/Users/liyu/Desktop/中文题目/A题研究/advanced_solver/runs/formal_v2/evaluations/attempts/20260924T233947-2c1156e9877d467596527a9b9d7b0d98/official_result.json.gz
case_100,1,2,82475,82475,534528,534528,0.0,151223,方案/p1/n2/case_100_multicore_res.json,/Users/liyu/Desktop/中文题目/A题研究/advanced_solver/runs/formal_v2/evaluations/attempts/20260924T234204-a4affb164b1f4e74bc542dc0b401f739/record.json,/Users/liyu/Desktop/中文题目/A题研究/advanced_solver/runs/formal_v2/evaluations/attempts/20260924T234204-a4affb164b1f4e74bc542dc0b401f739/official_result.json.gz
case_100,1,3,57811,57811,72192,72192,0.0,151223,方案/p1/n3/case_100_multicore_res.json,/Users/liyu/Desktop/中文题目/A题研究/advanced_solver/runs/formal_v2/evaluations/attempts/20260924T193219-82b817f01b924f72bff72cf52ef37f64/record.json,/Users/liyu/Desktop/中文题目/A题研究/advanced_solver/runs/formal_v2/evaluations/attempts/20260924T193219-82b817f01b924f72bff72cf52ef37f64/official_result.json.gz
case_100,1,4,57811,57811,72192,72192,0.0,151223,方案/p1/n4/case_100_multicore_res.json,/Users/liyu/Desktop/中文题目/A题研究/advanced_solver/runs/formal_v2/evaluations/attempts/20260924T233154-d8b061d3a96949278386ea5ee1582d4c/record.json,/Users/liyu/Desktop/中文题目/A题研究/advanced_solver/runs/formal_v2/evaluations/attempts/20260924T233154-d8b061d3a96949278386ea5ee1582d4c/official_result.json.gz
case_100,1,5,57811,57811,55296,55296,0.0,151223,方案/p1/n5/case_100_multicore_res.json,/Users/liyu/Desktop/中文题目/A题研究/advanced_solver/runs/formal_v2/evaluations/attempts/20260925T001038-3fc834633e88445a8fc52c72242226ef/record.json,/Users/liyu/Desktop/中文题目/A题研究/advanced_solver/runs/formal_v2/evaluations/attempts/20260925T001038-3fc834633e88445a8fc52c72242226ef/official_result.json.gz
case_100,2,1,151223,151223,0,0,0.0,151223,方案/p2/n1/case_100_multicore_res.json,/Users/liyu/Desktop/中文题目/A题研究/advanced_solver/runs/formal_v2/evaluations/attempts/20260924T234310-b762b6b3bbca4594b6b6ab9fdef2b50d/record.json,/Users/liyu/Desktop/中文题目/A题研究/advanced_solver/runs/formal_v2/evaluations/attempts/20260924T234310-b762b6b3bbca4594b6b6ab9fdef2b50d/official_result.json.gz
case_100,2,2,80697,80697,3197966,3197966,0.0,151223,方案/p2/n2/case_100_multicore_res.json,/Users/liyu/Desktop/中文题目/A题研究/advanced_solver/runs/formal_v2/evaluations/attempts/20260924T233846-8ecc88b68cd848b3845c2dda6edda982/record.json,/Users/liyu/Desktop/中文题目/A题研究/advanced_solver/runs/formal_v2/evaluations/attempts/20260924T233846-8ecc88b68cd848b3845c2dda6edda982/official_result.json.gz
case_100,2,3,57811,57811,0,0,0.0,151223,方案/p2/n3/case_100_multicore_res.json,/Users/liyu/Desktop/中文题目/A题研究/advanced_solver/runs/formal_v2/evaluations/attempts/20260924T162749-6a9d12773e1941dcb12ce12499259141/record.json,/Users/liyu/Desktop/中文题目/A题研究/advanced_solver/runs/formal_v2/evaluations/attempts/20260924T162749-6a9d12773e1941dcb12ce12499259141/official_result.json.gz
case_100,2,4,57811,57811,0,0,0.0,151223,方案/p2/n4/case_100_multicore_res.json,/Users/liyu/Desktop/中文题目/A题研究/advanced_solver/runs/formal_v2/evaluations/attempts/20260924T233154-7658feba683e4044b6447762f680ff73/record.json,/Users/liyu/Desktop/中文题目/A题研究/advanced_solver/runs/formal_v2/evaluations/attempts/20260924T233154-7658feba683e4044b6447762f680ff73/official_result.json.gz
case_100,2,5,57811,57811,0,0,0.0,151223,方案/p2/n5/case_100_multicore_res.json,/Users/liyu/Desktop/中文题目/A题研究/直接迭代/运行结果/跨核继承_v1/evaluations/attempts/20260924T215830-1f33dcb5b5cf42d496ee2151e60d9593/record.json,/Users/liyu/Desktop/中文题目/A题研究/直接迭代/运行结果/跨核继承_v1/evaluations/attempts/20260924T215830-1f33dcb5b5cf42d496ee2151e60d9593/official_result.json.gz
case_100,3,1,151223,151223,0,0,0.0,151223,方案/p3/n1/case_100_multicore_res.json,/Users/liyu/Desktop/中文题目/A题研究/advanced_solver/runs/formal_v2/evaluations/attempts/20260924T234310-706e09ba4fc54be58ddcfc9dbc232d20/record.json,/Users/liyu/Desktop/中文题目/A题研究/advanced_solver/runs/formal_v2/evaluations/attempts/20260924T234310-706e09ba4fc54be58ddcfc9dbc232d20/official_result.json.gz
case_100,3,2,79693,79693,3197966,3197966,0.0,151223,方案/p3/n2/case_100_multicore_res.json,/Users/liyu/Desktop/中文题目/A题研究/advanced_solver/runs/formal_v2/evaluations/attempts/20260924T184303-1c9fbcc0502a4612a5b9f1b4fbf41228/record.json,/Users/liyu/Desktop/中文题目/A题研究/advanced_solver/runs/formal_v2/evaluations/attempts/20260924T184303-1c9fbcc0502a4612a5b9f1b4fbf41228/official_result.json.gz
case_100,3,3,57811,57811,0,0,0.0,151223,方案/p3/n3/case_100_multicore_res.json,/Users/liyu/Desktop/中文题目/A题研究/advanced_solver/runs/formal_v2/evaluations/attempts/20260924T184307-e3872aafa9974dedb87406a79ed356f8/record.json,/Users/liyu/Desktop/中文题目/A题研究/advanced_solver/runs/formal_v2/evaluations/attempts/20260924T184307-e3872aafa9974dedb87406a79ed356f8/official_result.json.gz
case_100,3,4,57811,57811,0,0,0.0,151223,方案/p3/n4/case_100_multicore_res.json,/Users/liyu/Desktop/中文题目/A题研究/advanced_solver/runs/formal_v2/evaluations/attempts/20260924T233154-f124a9aea89b46c3b957761dd393380a/record.json,/Users/liyu/Desktop/中文题目/A题研究/advanced_solver/runs/formal_v2/evaluations/attempts/20260924T233154-f124a9aea89b46c3b957761dd393380a/official_result.json.gz
case_100,3,5,57811,57811,0,0,0.0,151223,方案/p3/n5/case_100_multicore_res.json,/Users/liyu/Desktop/中文题目/A题研究/直接迭代/运行结果/跨核继承_v1/evaluations/attempts/20260924T215830-6be4be6a3d0343d0a30dd7ddf8fafe76/record.json,/Users/liyu/Desktop/中文题目/A题研究/直接迭代/运行结果/跨核继承_v1/evaluations/attempts/20260924T215830-6be4be6a3d0343d0a30dd7ddf8fafe76/official_result.json.gz
