case,problem,cores,original_singlecore,common6_time,ours_time,team13_time,ours_copy,team13_copy,union_time,union_copy,chosen,time_winner,common6_speedup,ours_speedup,team13_speedup,union_speedup,union_vs_team_pct,team_vs_ours_pct,ours_plan,ours_plan_base,team13_plan,ours_source,status
case_001,1,1,233110,233110,233110,233110,0,0,233110,0,team13,tie,1.0,1.0,1.0,1.0,0.0,0.0,A题研究/直接迭代/第六轮成果/方案/p1/n1/case_001_multicore_res.json,repository,方案/p1/n1/case_001_multicore_res.json,round6,ledger comparison; union not independently replayed
case_001,1,2,233110,116868,116868,116868,1152,1152,116868,1152,team13,tie,1.9946435294520313,1.9946435294520313,1.9946435294520313,1.9946435294520313,0.0,0.0,A题研究/直接迭代/第六轮成果/方案/p1/n2/case_001_multicore_res.json,repository,方案/p1/n2/case_001_multicore_res.json,round6,ledger comparison; union not independently replayed
case_001,1,3,233110,78545,78545,78545,2304,2304,78545,2304,team13,tie,2.9678528232223567,2.9678528232223567,2.9678528232223567,2.9678528232223567,0.0,0.0,A题研究/直接迭代/第六轮成果/方案/p1/n3/case_001_multicore_res.json,repository,方案/p1/n3/case_001_multicore_res.json,round6,ledger comparison; union not independently replayed
case_001,1,4,233110,58984,58984,58984,3456,3456,58984,3456,team13,tie,3.952088702020887,3.952088702020887,3.952088702020887,3.952088702020887,0.0,0.0,A题研究/直接迭代/第六轮成果/方案/p1/n4/case_001_multicore_res.json,repository,方案/p1/n4/case_001_multicore_res.json,round6,ledger comparison; union not independently replayed
case_001,1,5,233110,47502,47502,47502,4608,4608,47502,4608,team13,tie,4.9073723211654245,4.9073723211654245,4.9073723211654245,4.9073723211654245,0.0,0.0,A题研究/直接迭代/第六轮成果/方案/p1/n5/case_001_multicore_res.json,repository,方案/p1/n5/case_001_multicore_res.json,round6,ledger comparison; union not independently replayed
case_001,2,1,233110,233110,233110,233110,0,0,233110,0,team13,tie,1.0,1.0,1.0,1.0,0.0,0.0,A题研究/直接迭代/第六轮成果/方案/p2/n1/case_001_multicore_res.json,repository,方案/p2/n1/case_001_multicore_res.json,round6,ledger comparison; union not independently replayed
case_001,2,2,233110,116868,116868,116868,1152,1152,116868,1152,team13,tie,1.9946435294520313,1.9946435294520313,1.9946435294520313,1.9946435294520313,0.0,0.0,A题研究/直接迭代/第六轮成果/方案/p2/n2/case_001_multicore_res.json,repository,方案/p2/n2/case_001_multicore_res.json,round6,ledger comparison; union not independently replayed
case_001,2,3,233110,78545,78545,78545,2304,2304,78545,2304,team13,tie,2.9678528232223567,2.9678528232223567,2.9678528232223567,2.9678528232223567,0.0,0.0,A题研究/直接迭代/第六轮成果/方案/p2/n3/case_001_multicore_res.json,repository,方案/p2/n3/case_001_multicore_res.json,round6,ledger comparison; union not independently replayed
case_001,2,4,233110,58984,58984,58984,3456,3456,58984,3456,team13,tie,3.952088702020887,3.952088702020887,3.952088702020887,3.952088702020887,0.0,0.0,A题研究/直接迭代/第六轮成果/方案/p2/n4/case_001_multicore_res.json,repository,方案/p2/n4/case_001_multicore_res.json,round6,ledger comparison; union not independently replayed
case_001,2,5,233110,47502,47502,47502,4608,4608,47502,4608,team13,tie,4.9073723211654245,4.9073723211654245,4.9073723211654245,4.9073723211654245,0.0,0.0,A题研究/直接迭代/第六轮成果/方案/p2/n5/case_001_multicore_res.json,repository,方案/p2/n5/case_001_multicore_res.json,round6,ledger comparison; union not independently replayed
case_001,3,1,233110,233110,233110,233110,0,0,233110,0,team13,tie,1.0,1.0,1.0,1.0,0.0,0.0,A题研究/直接迭代/第六轮成果/方案/p3/n1/case_001_multicore_res.json,repository,方案/p3/n1/case_001_multicore_res.json,round6,ledger comparison; union not independently replayed
case_001,3,2,233110,116868,116868,116868,1152,1152,116868,1152,team13,tie,1.9946435294520313,1.9946435294520313,1.9946435294520313,1.9946435294520313,0.0,0.0,A题研究/直接迭代/第六轮成果/方案/p3/n2/case_001_multicore_res.json,repository,方案/p3/n2/case_001_multicore_res.json,round6,ledger comparison; union not independently replayed
case_001,3,3,233110,78545,78545,78545,2304,2304,78545,2304,team13,tie,2.9678528232223567,2.9678528232223567,2.9678528232223567,2.9678528232223567,0.0,0.0,A题研究/直接迭代/第六轮成果/方案/p3/n3/case_001_multicore_res.json,repository,方案/p3/n3/case_001_multicore_res.json,round6,ledger comparison; union not independently replayed
case_001,3,4,233110,58984,58984,58984,3456,3456,58984,3456,team13,tie,3.952088702020887,3.952088702020887,3.952088702020887,3.952088702020887,0.0,0.0,A题研究/直接迭代/第六轮成果/方案/p3/n4/case_001_multicore_res.json,repository,方案/p3/n4/case_001_multicore_res.json,round6,ledger comparison; union not independently replayed
case_001,3,5,233110,47502,47502,47502,4608,4608,47502,4608,team13,tie,4.9073723211654245,4.9073723211654245,4.9073723211654245,4.9073723211654245,0.0,0.0,A题研究/直接迭代/第六轮成果/方案/p3/n5/case_001_multicore_res.json,repository,方案/p3/n5/case_001_multicore_res.json,round6,ledger comparison; union not independently replayed
case_002,1,1,261945,266518,266518,266518,390144,390144,266518,390144,team13,tie,0.9828416842389632,0.9828416842389632,0.9828416842389632,0.9828416842389632,0.0,0.0,A题研究/直接迭代/第六轮成果/方案/p1/n1/case_002_multicore_res.json,repository,方案/p1/n1/case_002_multicore_res.json,round6,ledger comparison; union not independently replayed
case_002,1,2,261945,136619,136619,136619,56832,56832,136619,56832,team13,tie,1.9173394623002658,1.9173394623002658,1.9173394623002658,1.9173394623002658,0.0,0.0,A题研究/直接迭代/第六轮成果/方案/p1/n2/case_002_multicore_res.json,repository,方案/p1/n2/case_002_multicore_res.json,round6,ledger comparison; union not independently replayed
case_002,1,3,261945,124560,124560,124560,565248,565248,124560,565248,team13,tie,2.102962427745665,2.102962427745665,2.102962427745665,2.102962427745665,0.0,0.0,A题研究/直接迭代/第六轮成果/方案/p1/n3/case_002_multicore_res.json,repository,方案/p1/n3/case_002_multicore_res.json,round6,ledger comparison; union not independently replayed
case_002,1,4,261945,88895,88895,88895,1594368,1594368,88895,1594368,team13,tie,2.9466786658417234,2.9466786658417234,2.9466786658417234,2.9466786658417234,0.0,0.0,A题研究/直接迭代/第六轮成果/方案/p1/n4/case_002_multicore_res.json,repository,方案/p1/n4/case_002_multicore_res.json,round6,ledger comparison; union not independently replayed
case_002,1,5,261945,78244,64296,78244,2165760,2165760,64296,2165760,ours,ours,3.347796636163795,4.074048152295632,3.347796636163795,4.074048152295632,17.82628699964215,-21.693417942018158,A题研究/直接迭代/闭环验证_20260925/精选方案/case_002_p1_n5.json,repository,方案/p1/n5/case_002_multicore_res.json,my_runs/iterative_holdout_b8_v1/case_002/n5/iterative/summary.json,ledger comparison; union not independently replayed
case_002,2,1,261945,261945,261945,261945,0,0,261945,0,team13,tie,1.0,1.0,1.0,1.0,0.0,0.0,A题研究/直接迭代/第六轮成果/方案/p2/n1/case_002_multicore_res.json,repository,方案/p2/n1/case_002_multicore_res.json,round6,ledger comparison; union not independently replayed
case_002,2,2,261945,125561,125561,125561,3975168,3975168,125561,3975168,team13,tie,2.086197147203351,2.086197147203351,2.086197147203351,2.086197147203351,0.0,0.0,A题研究/直接迭代/第六轮成果/方案/p2/n2/case_002_multicore_res.json,repository,方案/p2/n2/case_002_multicore_res.json,round6,ledger comparison; union not independently replayed
case_002,2,3,261945,82013,82013,82013,632832,632832,82013,632832,team13,tie,3.1939448623998636,3.1939448623998636,3.1939448623998636,3.1939448623998636,0.0,0.0,A题研究/直接迭代/第六轮成果/方案/p2/n3/case_002_multicore_res.json,repository,方案/p2/n3/case_002_multicore_res.json,round6,ledger comparison; union not independently replayed
case_002,2,4,261945,63304,63304,63304,595968,595968,63304,595968,team13,tie,4.137890180715279,4.137890180715279,4.137890180715279,4.137890180715279,0.0,0.0,A题研究/直接迭代/第六轮成果/方案/p2/n4/case_002_multicore_res.json,repository,方案/p2/n4/case_002_multicore_res.json,round6,ledger comparison; union not independently replayed
case_002,2,5,261945,51207,51207,51207,642048,642048,51207,642048,team13,tie,5.115413908254731,5.115413908254731,5.115413908254731,5.115413908254731,0.0,0.0,A题研究/直接迭代/第六轮成果/方案/p2/n5/case_002_multicore_res.json,repository,方案/p2/n5/case_002_multicore_res.json,round6,ledger comparison; union not independently replayed
case_002,3,1,261945,261945,261945,261945,0,0,261945,0,team13,tie,1.0,1.0,1.0,1.0,0.0,0.0,A题研究/直接迭代/第六轮成果/方案/p3/n1/case_002_multicore_res.json,repository,方案/p3/n1/case_002_multicore_res.json,round6,ledger comparison; union not independently replayed
case_002,3,2,261945,125561,125561,125561,3975168,3975168,125561,3975168,team13,tie,2.086197147203351,2.086197147203351,2.086197147203351,2.086197147203351,0.0,0.0,A题研究/直接迭代/第六轮成果/方案/p3/n2/case_002_multicore_res.json,repository,方案/p3/n2/case_002_multicore_res.json,round6,ledger comparison; union not independently replayed
case_002,3,3,261945,82013,82013,82013,632832,632832,82013,632832,team13,tie,3.1939448623998636,3.1939448623998636,3.1939448623998636,3.1939448623998636,0.0,0.0,A题研究/直接迭代/第六轮成果/方案/p3/n3/case_002_multicore_res.json,repository,方案/p3/n3/case_002_multicore_res.json,round6,ledger comparison; union not independently replayed
case_002,3,4,261945,63304,63304,63304,595968,595968,63304,595968,team13,tie,4.137890180715279,4.137890180715279,4.137890180715279,4.137890180715279,0.0,0.0,A题研究/直接迭代/第六轮成果/方案/p3/n4/case_002_multicore_res.json,repository,方案/p3/n4/case_002_multicore_res.json,round6,ledger comparison; union not independently replayed
case_002,3,5,261945,51207,51207,51207,642048,642048,51207,642048,team13,tie,5.115413908254731,5.115413908254731,5.115413908254731,5.115413908254731,0.0,0.0,A题研究/直接迭代/第六轮成果/方案/p3/n5/case_002_multicore_res.json,repository,方案/p3/n5/case_002_multicore_res.json,round6,ledger comparison; union not independently replayed
case_003,1,1,602212,592320,592320,592320,1314672,1314672,592320,1314672,team13,tie,1.0167004321988113,1.0167004321988113,1.0167004321988113,1.0167004321988113,0.0,0.0,A题研究/直接迭代/第六轮成果/方案/p1/n1/case_003_multicore_res.json,repository,方案/p1/n1/case_003_multicore_res.json,round6,ledger comparison; union not independently replayed
case_003,1,2,602212,538381,538381,538381,98304,98304,538381,98304,team13,tie,1.1185610190552786,1.1185610190552786,1.1185610190552786,1.1185610190552786,0.0,0.0,A题研究/直接迭代/第六轮成果/方案/p1/n2/case_003_multicore_res.json,repository,方案/p1/n2/case_003_multicore_res.json,round6,ledger comparison; union not independently replayed
case_003,1,3,602212,538381,538381,538381,98304,98304,538381,98304,team13,tie,1.1185610190552786,1.1185610190552786,1.1185610190552786,1.1185610190552786,0.0,0.0,A题研究/直接迭代/第六轮成果/方案/p1/n3/case_003_multicore_res.json,repository,方案/p1/n3/case_003_multicore_res.json,round6,ledger comparison; union not independently replayed
case_003,1,4,602212,538381,538381,538381,98304,98304,538381,98304,team13,tie,1.1185610190552786,1.1185610190552786,1.1185610190552786,1.1185610190552786,0.0,0.0,A题研究/直接迭代/第六轮成果/方案/p1/n4/case_003_multicore_res.json,repository,方案/p1/n4/case_003_multicore_res.json,round6,ledger comparison; union not independently replayed
case_003,1,5,602212,409613,347627,232913,9733646,8482342,232913,8482342,team13,team13,1.4701974790839158,1.7323510544347822,2.585566284406624,2.585566284406624,0.0,32.99916289586252,新增精选方案/p1/n5/case_003_multicore_res.json,delivery,方案/p1/n5/case_003_multicore_res.json,unified_v2_best_known_replayed,ledger comparison; union not independently replayed
case_003,2,1,602212,602212,602212,602212,0,0,602212,0,team13,tie,1.0,1.0,1.0,1.0,0.0,0.0,A题研究/直接迭代/第六轮成果/方案/p2/n1/case_003_multicore_res.json,repository,方案/p2/n1/case_003_multicore_res.json,round6,ledger comparison; union not independently replayed
case_003,2,2,602212,321883,321883,321883,6032838,6032838,321883,6032838,team13,tie,1.8709034027892122,1.8709034027892122,1.8709034027892122,1.8709034027892122,0.0,0.0,A题研究/直接迭代/第六轮成果/方案/p2/n2/case_003_multicore_res.json,repository,方案/p2/n2/case_003_multicore_res.json,round6,ledger comparison; union not independently replayed
case_003,2,3,602212,201189,201189,201189,3430748,3430748,201189,3430748,team13,tie,2.993265039341117,2.993265039341117,2.993265039341117,2.993265039341117,0.0,0.0,A题研究/直接迭代/第六轮成果/方案/p2/n3/case_003_multicore_res.json,repository,方案/p2/n3/case_003_multicore_res.json,round6,ledger comparison; union not independently replayed
case_003,2,4,602212,173817,173817,173817,4750638,4750638,173817,4750638,team13,tie,3.4646323432115387,3.4646323432115387,3.4646323432115387,3.4646323432115387,0.0,0.0,A题研究/直接迭代/第六轮成果/方案/p2/n4/case_003_multicore_res.json,repository,方案/p2/n4/case_003_multicore_res.json,round6,ledger comparison; union not independently replayed
case_003,2,5,602212,157029,157029,157029,5783280,5783280,157029,5783280,team13,tie,3.8350368403288564,3.8350368403288564,3.8350368403288564,3.8350368403288564,0.0,0.0,A题研究/直接迭代/第六轮成果/方案/p2/n5/case_003_multicore_res.json,repository,方案/p2/n5/case_003_multicore_res.json,round6,ledger comparison; union not independently replayed
case_003,3,1,602212,602212,602212,602212,0,0,602212,0,team13,tie,1.0,1.0,1.0,1.0,0.0,0.0,A题研究/直接迭代/第六轮成果/方案/p3/n1/case_003_multicore_res.json,repository,方案/p3/n1/case_003_multicore_res.json,round6,ledger comparison; union not independently replayed
case_003,3,2,602212,321549,321549,321549,6032838,6032838,321549,6032838,team13,tie,1.8728467511949967,1.8728467511949967,1.8728467511949967,1.8728467511949967,0.0,0.0,A题研究/直接迭代/第六轮成果/方案/p3/n2/case_003_multicore_res.json,repository,方案/p3/n2/case_003_multicore_res.json,round6,ledger comparison; union not independently replayed
case_003,3,3,602212,200944,200944,200944,3430748,3430748,200944,3430748,team13,tie,2.9969145632614063,2.9969145632614063,2.9969145632614063,2.9969145632614063,0.0,0.0,A题研究/直接迭代/第六轮成果/方案/p3/n3/case_003_multicore_res.json,repository,方案/p3/n3/case_003_multicore_res.json,round6,ledger comparison; union not independently replayed
case_003,3,4,602212,168221,168221,168221,4750638,4750638,168221,4750638,team13,tie,3.5798859833195618,3.5798859833195618,3.5798859833195618,3.5798859833195618,0.0,0.0,A题研究/直接迭代/第六轮成果/方案/p3/n4/case_003_multicore_res.json,repository,方案/p3/n4/case_003_multicore_res.json,round6,ledger comparison; union not independently replayed
case_003,3,5,602212,145137,145137,145137,5783280,5783280,145137,5783280,team13,tie,4.149265866043807,4.149265866043807,4.149265866043807,4.149265866043807,0.0,0.0,A题研究/直接迭代/第六轮成果/方案/p3/n5/case_003_multicore_res.json,repository,方案/p3/n5/case_003_multicore_res.json,round6,ledger comparison; union not independently replayed
case_004,1,1,392357,392357,392357,392357,0,0,392357,0,team13,tie,1.0,1.0,1.0,1.0,0.0,0.0,A题研究/直接迭代/第六轮成果/方案/p1/n1/case_004_multicore_res.json,repository,方案/p1/n1/case_004_multicore_res.json,round6,ledger comparison; union not independently replayed
case_004,1,2,392357,199074,199074,199074,110592,110592,199074,110592,team13,tie,1.9709103147573264,1.9709103147573264,1.9709103147573264,1.9709103147573264,0.0,0.0,A题研究/直接迭代/第六轮成果/方案/p1/n2/case_004_multicore_res.json,repository,方案/p1/n2/case_004_multicore_res.json,round6,ledger comparison; union not independently replayed
case_004,1,3,392357,134043,134043,134043,221184,221184,134043,221184,team13,tie,2.927098020784375,2.927098020784375,2.927098020784375,2.927098020784375,0.0,0.0,A题研究/直接迭代/第六轮成果/方案/p1/n3/case_004_multicore_res.json,repository,方案/p1/n3/case_004_multicore_res.json,round6,ledger comparison; union not independently replayed
case_004,1,4,392357,104188,104188,104188,331776,331776,104188,331776,team13,tie,3.765855952700887,3.765855952700887,3.765855952700887,3.765855952700887,0.0,0.0,A题研究/直接迭代/第六轮成果/方案/p1/n4/case_004_multicore_res.json,repository,方案/p1/n4/case_004_multicore_res.json,round6,ledger comparison; union not independently replayed
case_004,1,5,392357,88341,88341,88341,442368,442368,88341,442368,team13,tie,4.441391879195391,4.441391879195391,4.441391879195391,4.441391879195391,0.0,0.0,A题研究/直接迭代/第六轮成果/方案/p1/n5/case_004_multicore_res.json,repository,方案/p1/n5/case_004_multicore_res.json,round6,ledger comparison; union not independently replayed
case_004,2,1,392357,392357,392357,392357,0,0,392357,0,team13,tie,1.0,1.0,1.0,1.0,0.0,0.0,A题研究/直接迭代/第六轮成果/方案/p2/n1/case_004_multicore_res.json,repository,方案/p2/n1/case_004_multicore_res.json,round6,ledger comparison; union not independently replayed
case_004,2,2,392357,197916,197916,197916,125952,125952,197916,125952,team13,tie,1.9824420461205765,1.9824420461205765,1.9824420461205765,1.9824420461205765,0.0,0.0,A题研究/直接迭代/第六轮成果/方案/p2/n2/case_004_multicore_res.json,repository,方案/p2/n2/case_004_multicore_res.json,round6,ledger comparison; union not independently replayed
case_004,2,3,392357,130725,130725,130725,1474560,1474560,130725,1474560,team13,tie,3.001392235609103,3.001392235609103,3.001392235609103,3.001392235609103,0.0,0.0,A题研究/直接迭代/第六轮成果/方案/p2/n3/case_004_multicore_res.json,repository,方案/p2/n3/case_004_multicore_res.json,round6,ledger comparison; union not independently replayed
case_004,2,4,392357,100636,100636,100636,1474560,1474560,100636,1474560,team13,tie,3.8987737986406454,3.8987737986406454,3.8987737986406454,3.8987737986406454,0.0,0.0,A题研究/直接迭代/第六轮成果/方案/p2/n4/case_004_multicore_res.json,repository,方案/p2/n4/case_004_multicore_res.json,round6,ledger comparison; union not independently replayed
case_004,2,5,392357,81107,81107,81107,2863104,2863104,81107,2863104,team13,tie,4.837523271727471,4.837523271727471,4.837523271727471,4.837523271727471,0.0,0.0,A题研究/直接迭代/第六轮成果/方案/p2/n5/case_004_multicore_res.json,repository,方案/p2/n5/case_004_multicore_res.json,round6,ledger comparison; union not independently replayed
case_004,3,1,392357,392357,392357,392357,0,0,392357,0,team13,tie,1.0,1.0,1.0,1.0,0.0,0.0,A题研究/直接迭代/第六轮成果/方案/p3/n1/case_004_multicore_res.json,repository,方案/p3/n1/case_004_multicore_res.json,round6,ledger comparison; union not independently replayed
case_004,3,2,392357,197916,197916,197916,125952,125952,197916,125952,team13,tie,1.9824420461205765,1.9824420461205765,1.9824420461205765,1.9824420461205765,0.0,0.0,A题研究/直接迭代/第六轮成果/方案/p3/n2/case_004_multicore_res.json,repository,方案/p3/n2/case_004_multicore_res.json,round6,ledger comparison; union not independently replayed
case_004,3,3,392357,130725,130725,130725,1474560,1474560,130725,1474560,team13,tie,3.001392235609103,3.001392235609103,3.001392235609103,3.001392235609103,0.0,0.0,A题研究/直接迭代/第六轮成果/方案/p3/n3/case_004_multicore_res.json,repository,方案/p3/n3/case_004_multicore_res.json,round6,ledger comparison; union not independently replayed
case_004,3,4,392357,100126,100126,100126,1474560,1474560,100126,1474560,team13,tie,3.9186325230209937,3.9186325230209937,3.9186325230209937,3.9186325230209937,0.0,0.0,A题研究/直接迭代/第六轮成果/方案/p3/n4/case_004_multicore_res.json,repository,方案/p3/n4/case_004_multicore_res.json,round6,ledger comparison; union not independently replayed
case_004,3,5,392357,81107,81107,81107,2863104,2863104,81107,2863104,team13,tie,4.837523271727471,4.837523271727471,4.837523271727471,4.837523271727471,0.0,0.0,A题研究/直接迭代/第六轮成果/方案/p3/n5/case_004_multicore_res.json,repository,方案/p3/n5/case_004_multicore_res.json,round6,ledger comparison; union not independently replayed
case_005,1,1,95618,95537,95537,95537,319314,319314,95537,319314,team13,tie,1.0008478390571192,1.0008478390571192,1.0008478390571192,1.0008478390571192,0.0,0.0,A题研究/直接迭代/第六轮成果/方案/p1/n1/case_005_multicore_res.json,repository,方案/p1/n1/case_005_multicore_res.json,round6,ledger comparison; union not independently replayed
case_005,1,2,95618,95439,95439,95439,99558,99558,95439,99558,team13,tie,1.0018755435409004,1.0018755435409004,1.0018755435409004,1.0018755435409004,0.0,0.0,A题研究/直接迭代/第六轮成果/方案/p1/n2/case_005_multicore_res.json,repository,方案/p1/n2/case_005_multicore_res.json,round6,ledger comparison; union not independently replayed
case_005,1,3,95618,95439,95439,95439,99558,99558,95439,99558,team13,tie,1.0018755435409004,1.0018755435409004,1.0018755435409004,1.0018755435409004,0.0,0.0,A题研究/直接迭代/第六轮成果/方案/p1/n3/case_005_multicore_res.json,repository,方案/p1/n3/case_005_multicore_res.json,round6,ledger comparison; union not independently replayed
case_005,1,4,95618,70732,70732,70732,1362706,1362706,70732,1362706,team13,tie,1.3518350958547758,1.3518350958547758,1.3518350958547758,1.3518350958547758,0.0,0.0,A题研究/直接迭代/第六轮成果/方案/p1/n4/case_005_multicore_res.json,repository,方案/p1/n4/case_005_multicore_res.json,round6,ledger comparison; union not independently replayed
case_005,1,5,95618,70732,70732,51854,1362706,2089762,51854,2089762,team13,team13,1.3518350958547758,1.3518350958547758,1.8439850349056968,1.8439850349056968,0.0,26.689475767686478,A题研究/直接迭代/第六轮成果/方案/p1/n5/case_005_multicore_res.json,repository,方案/p1/n5/case_005_multicore_res.json,round6,ledger comparison; union not independently replayed
case_005,2,1,95618,95618,95618,95618,0,0,95618,0,team13,tie,1.0,1.0,1.0,1.0,0.0,0.0,A题研究/直接迭代/第六轮成果/方案/p2/n1/case_005_multicore_res.json,repository,方案/p2/n1/case_005_multicore_res.json,round6,ledger comparison; union not independently replayed
case_005,2,2,95618,51025,51025,51025,690726,690726,51025,690726,team13,tie,1.8739441450269476,1.8739441450269476,1.8739441450269476,1.8739441450269476,0.0,0.0,A题研究/直接迭代/第六轮成果/方案/p2/n2/case_005_multicore_res.json,repository,方案/p2/n2/case_005_multicore_res.json,round6,ledger comparison; union not independently replayed
case_005,2,3,95618,39002,39002,39002,1152972,1152972,39002,1152972,team13,tie,2.451617865750474,2.451617865750474,2.451617865750474,2.451617865750474,0.0,0.0,A题研究/直接迭代/第六轮成果/方案/p2/n3/case_005_multicore_res.json,repository,方案/p2/n3/case_005_multicore_res.json,round6,ledger comparison; union not independently replayed
case_005,2,4,95618,37038,37038,37038,1555314,1555314,37038,1555314,team13,tie,2.5816188779091744,2.5816188779091744,2.5816188779091744,2.5816188779091744,0.0,0.0,A题研究/直接迭代/第六轮成果/方案/p2/n4/case_005_multicore_res.json,repository,方案/p2/n4/case_005_multicore_res.json,round6,ledger comparison; union not independently replayed
case_005,2,5,95618,37038,37038,36856,1555314,1546098,36856,1546098,team13,team13,2.5816188779091744,2.5816188779091744,2.5943672672020837,2.5943672672020837,0.0,0.4913872239321826,A题研究/直接迭代/第六轮成果/方案/p2/n5/case_005_multicore_res.json,repository,方案/p2/n5/case_005_multicore_res.json,round6,ledger comparison; union not independently replayed
case_005,3,1,95618,95618,95618,95618,0,0,95618,0,team13,tie,1.0,1.0,1.0,1.0,0.0,0.0,A题研究/直接迭代/第六轮成果/方案/p3/n1/case_005_multicore_res.json,repository,方案/p3/n1/case_005_multicore_res.json,round6,ledger comparison; union not independently replayed
case_005,3,2,95618,50990,50990,50990,690726,690726,50990,690726,team13,tie,1.875230437340655,1.875230437340655,1.875230437340655,1.875230437340655,0.0,0.0,A题研究/直接迭代/第六轮成果/方案/p3/n2/case_005_multicore_res.json,repository,方案/p3/n2/case_005_multicore_res.json,round6,ledger comparison; union not independently replayed
case_005,3,3,95618,37103,37103,37103,1152972,1152972,37103,1152972,team13,tie,2.5770961916826134,2.5770961916826134,2.5770961916826134,2.5770961916826134,0.0,0.0,A题研究/直接迭代/第六轮成果/方案/p3/n3/case_005_multicore_res.json,repository,方案/p3/n3/case_005_multicore_res.json,round6,ledger comparison; union not independently replayed
case_005,3,4,95618,34188,34188,34188,1555314,1555314,34188,1555314,team13,tie,2.796829296829297,2.796829296829297,2.796829296829297,2.796829296829297,0.0,0.0,A题研究/直接迭代/第六轮成果/方案/p3/n4/case_005_multicore_res.json,repository,方案/p3/n4/case_005_multicore_res.json,round6,ledger comparison; union not independently replayed
case_005,3,5,95618,34188,34188,33821,1555314,1546098,33821,1546098,team13,team13,2.796829296829297,2.796829296829297,2.8271783802962656,2.8271783802962656,0.0,1.0734760734760762,A题研究/直接迭代/第六轮成果/方案/p3/n5/case_005_multicore_res.json,repository,方案/p3/n5/case_005_multicore_res.json,round6,ledger comparison; union not independently replayed
case_006,1,1,82837,82837,82837,82837,16400,16400,82837,16400,team13,tie,1.0,1.0,1.0,1.0,0.0,0.0,A题研究/直接迭代/第六轮成果/方案/p1/n1/case_006_multicore_res.json,repository,方案/p1/n1/case_006_multicore_res.json,round6,ledger comparison; union not independently replayed
case_006,1,2,82837,45580,45580,45580,91264,91264,45580,91264,team13,tie,1.8173979815708645,1.8173979815708645,1.8173979815708645,1.8173979815708645,0.0,0.0,A题研究/直接迭代/第六轮成果/方案/p1/n2/case_006_multicore_res.json,repository,方案/p1/n2/case_006_multicore_res.json,round6,ledger comparison; union not independently replayed
case_006,1,3,82837,31151,31151,31151,13824,13824,31151,13824,team13,tie,2.6592083721228854,2.6592083721228854,2.6592083721228854,2.6592083721228854,0.0,0.0,A题研究/直接迭代/第六轮成果/方案/p1/n3/case_006_multicore_res.json,repository,方案/p1/n3/case_006_multicore_res.json,round6,ledger comparison; union not independently replayed
case_006,1,4,82837,31151,31151,31151,13824,13824,31151,13824,team13,tie,2.6592083721228854,2.6592083721228854,2.6592083721228854,2.6592083721228854,0.0,0.0,A题研究/直接迭代/第六轮成果/方案/p1/n4/case_006_multicore_res.json,repository,方案/p1/n4/case_006_multicore_res.json,round6,ledger comparison; union not independently replayed
case_006,1,5,82837,31151,31151,31151,13824,13824,31151,13824,team13,tie,2.6592083721228854,2.6592083721228854,2.6592083721228854,2.6592083721228854,0.0,0.0,A题研究/直接迭代/第六轮成果/方案/p1/n5/case_006_multicore_res.json,repository,方案/p1/n5/case_006_multicore_res.json,round6,ledger comparison; union not independently replayed
case_006,2,1,82837,82837,82837,82837,16400,16400,82837,16400,team13,tie,1.0,1.0,1.0,1.0,0.0,0.0,A题研究/直接迭代/第六轮成果/方案/p2/n1/case_006_multicore_res.json,repository,方案/p2/n1/case_006_multicore_res.json,round6,ledger comparison; union not independently replayed
case_006,2,2,82837,39362,39362,39362,3456,3456,39362,3456,team13,tie,2.1044916416848736,2.1044916416848736,2.1044916416848736,2.1044916416848736,0.0,0.0,A题研究/直接迭代/第六轮成果/方案/p2/n2/case_006_multicore_res.json,repository,方案/p2/n2/case_006_multicore_res.json,round6,ledger comparison; union not independently replayed
case_006,2,3,82837,31151,31151,31151,0,0,31151,0,team13,tie,2.6592083721228854,2.6592083721228854,2.6592083721228854,2.6592083721228854,0.0,0.0,A题研究/直接迭代/第六轮成果/方案/p2/n3/case_006_multicore_res.json,repository,方案/p2/n3/case_006_multicore_res.json,round6,ledger comparison; union not independently replayed
case_006,2,4,82837,31151,31151,31151,0,0,31151,0,team13,tie,2.6592083721228854,2.6592083721228854,2.6592083721228854,2.6592083721228854,0.0,0.0,A题研究/直接迭代/第六轮成果/方案/p2/n4/case_006_multicore_res.json,repository,方案/p2/n4/case_006_multicore_res.json,round6,ledger comparison; union not independently replayed
case_006,2,5,82837,31151,20866,31151,355106,0,20866,355106,ours,ours,2.6592083721228854,3.9699511166490944,2.6592083721228854,3.9699511166490944,33.01659657795898,-49.290712163327896,新增精选方案/p2/n5/case_006_multicore_res.json,delivery,方案/p2/n5/case_006_multicore_res.json,unified_v2_best_known_replayed,ledger comparison; union not independently replayed
case_006,3,1,82837,82837,82837,82837,16400,16400,82837,16400,team13,tie,1.0,1.0,1.0,1.0,0.0,0.0,A题研究/直接迭代/第六轮成果/方案/p3/n1/case_006_multicore_res.json,repository,方案/p3/n1/case_006_multicore_res.json,round6,ledger comparison; union not independently replayed
case_006,3,2,82837,39362,39362,39362,3456,3456,39362,3456,team13,tie,2.1044916416848736,2.1044916416848736,2.1044916416848736,2.1044916416848736,0.0,0.0,A题研究/直接迭代/第六轮成果/方案/p3/n2/case_006_multicore_res.json,repository,方案/p3/n2/case_006_multicore_res.json,round6,ledger comparison; union not independently replayed
case_006,3,3,82837,31151,31151,31151,0,0,31151,0,team13,tie,2.6592083721228854,2.6592083721228854,2.6592083721228854,2.6592083721228854,0.0,0.0,A题研究/直接迭代/第六轮成果/方案/p3/n3/case_006_multicore_res.json,repository,方案/p3/n3/case_006_multicore_res.json,round6,ledger comparison; union not independently replayed
case_006,3,4,82837,31151,31151,31151,0,0,31151,0,team13,tie,2.6592083721228854,2.6592083721228854,2.6592083721228854,2.6592083721228854,0.0,0.0,A题研究/直接迭代/第六轮成果/方案/p3/n4/case_006_multicore_res.json,repository,方案/p3/n4/case_006_multicore_res.json,round6,ledger comparison; union not independently replayed
case_006,3,5,82837,31151,20505,31151,355106,0,20505,355106,ours,ours,2.6592083721228854,4.039843940502316,2.6592083721228854,4.039843940502316,34.17546788225098,-51.919044135576684,新增精选方案/p3/n5/case_006_multicore_res.json,delivery,方案/p3/n5/case_006_multicore_res.json,unified_v2_best_known_replayed,ledger comparison; union not independently replayed
case_007,1,1,1012562,1013588,1013588,1013588,82944,82944,1013588,82944,team13,tie,0.9989877543933038,0.9989877543933038,0.9989877543933038,0.9989877543933038,0.0,0.0,A题研究/直接迭代/第六轮成果/方案/p1/n1/case_007_multicore_res.json,repository,方案/p1/n1/case_007_multicore_res.json,round6,ledger comparison; union not independently replayed
case_007,1,2,1012562,507494,507494,507494,27648,27648,507494,27648,team13,tie,1.9952196479170197,1.9952196479170197,1.9952196479170197,1.9952196479170197,0.0,0.0,A题研究/直接迭代/第六轮成果/方案/p1/n2/case_007_multicore_res.json,repository,方案/p1/n2/case_007_multicore_res.json,round6,ledger comparison; union not independently replayed
case_007,1,3,1012562,338094,338094,338094,55296,55296,338094,55296,team13,tie,2.994912657426633,2.994912657426633,2.994912657426633,2.994912657426633,0.0,0.0,A题研究/直接迭代/第六轮成果/方案/p1/n3/case_007_multicore_res.json,repository,方案/p1/n3/case_007_multicore_res.json,round6,ledger comparison; union not independently replayed
case_007,1,4,1012562,254398,254398,254398,82944,82944,254398,82944,team13,tie,3.980227831979811,3.980227831979811,3.980227831979811,3.980227831979811,0.0,0.0,A题研究/直接迭代/第六轮成果/方案/p1/n4/case_007_multicore_res.json,repository,方案/p1/n4/case_007_multicore_res.json,round6,ledger comparison; union not independently replayed
case_007,1,5,1012562,203834,203834,203834,110592,110592,203834,110592,team13,tie,4.967581463347626,4.967581463347626,4.967581463347626,4.967581463347626,0.0,0.0,A题研究/直接迭代/第六轮成果/方案/p1/n5/case_007_multicore_res.json,repository,方案/p1/n5/case_007_multicore_res.json,round6,ledger comparison; union not independently replayed
case_007,2,1,1012562,1012562,1012562,1012562,0,0,1012562,0,team13,tie,1.0,1.0,1.0,1.0,0.0,0.0,A题研究/直接迭代/第六轮成果/方案/p2/n1/case_007_multicore_res.json,repository,方案/p2/n1/case_007_multicore_res.json,round6,ledger comparison; union not independently replayed
case_007,2,2,1012562,506906,506906,506906,35328,35328,506906,35328,team13,tie,1.9975340595692297,1.9975340595692297,1.9975340595692297,1.9975340595692297,0.0,0.0,A题研究/直接迭代/第六轮成果/方案/p2/n2/case_007_multicore_res.json,repository,方案/p2/n2/case_007_multicore_res.json,round6,ledger comparison; union not independently replayed
case_007,2,3,1012562,338094,338094,338094,55296,55296,338094,55296,team13,tie,2.994912657426633,2.994912657426633,2.994912657426633,2.994912657426633,0.0,0.0,A题研究/直接迭代/第六轮成果/方案/p2/n3/case_007_multicore_res.json,repository,方案/p2/n3/case_007_multicore_res.json,round6,ledger comparison; union not independently replayed
case_007,2,4,1012562,254398,254398,254398,82944,82944,254398,82944,team13,tie,3.980227831979811,3.980227831979811,3.980227831979811,3.980227831979811,0.0,0.0,A题研究/直接迭代/第六轮成果/方案/p2/n4/case_007_multicore_res.json,repository,方案/p2/n4/case_007_multicore_res.json,round6,ledger comparison; union not independently replayed
case_007,2,5,1012562,203834,203530,196870,2260992,110592,196870,110592,team13,team13,4.967581463347626,4.975001228320149,5.14330268705237,5.14330268705237,0.0,3.272244877904973,新增精选方案/p2/n5/case_007_multicore_res.json,delivery,方案/p2/n5/case_007_multicore_res.json,unified_v2_best_known_replayed,ledger comparison; union not independently replayed
case_007,3,1,1012562,1012562,1012562,1012562,0,0,1012562,0,team13,tie,1.0,1.0,1.0,1.0,0.0,0.0,A题研究/直接迭代/第六轮成果/方案/p3/n1/case_007_multicore_res.json,repository,方案/p3/n1/case_007_multicore_res.json,round6,ledger comparison; union not independently replayed
case_007,3,2,1012562,506906,506906,506906,35328,35328,506906,35328,team13,tie,1.9975340595692297,1.9975340595692297,1.9975340595692297,1.9975340595692297,0.0,0.0,A题研究/直接迭代/第六轮成果/方案/p3/n2/case_007_multicore_res.json,repository,方案/p3/n2/case_007_multicore_res.json,round6,ledger comparison; union not independently replayed
case_007,3,3,1012562,338094,338094,338094,55296,55296,338094,55296,team13,tie,2.994912657426633,2.994912657426633,2.994912657426633,2.994912657426633,0.0,0.0,A题研究/直接迭代/第六轮成果/方案/p3/n3/case_007_multicore_res.json,repository,方案/p3/n3/case_007_multicore_res.json,round6,ledger comparison; union not independently replayed
case_007,3,4,1012562,254398,254398,254398,82944,82944,254398,82944,team13,tie,3.980227831979811,3.980227831979811,3.980227831979811,3.980227831979811,0.0,0.0,A题研究/直接迭代/第六轮成果/方案/p3/n4/case_007_multicore_res.json,repository,方案/p3/n4/case_007_multicore_res.json,round6,ledger comparison; union not independently replayed
case_007,3,5,1012562,203834,203530,196870,2293248,110592,196870,110592,team13,team13,4.967581463347626,4.975001228320149,5.14330268705237,5.14330268705237,0.0,3.272244877904973,新增精选方案/p3/n5/case_007_multicore_res.json,delivery,方案/p3/n5/case_007_multicore_res.json,unified_v2_best_known_replayed,ledger comparison; union not independently replayed
case_008,1,1,487605,487605,487605,487605,0,0,487605,0,team13,tie,1.0,1.0,1.0,1.0,0.0,0.0,A题研究/直接迭代/第六轮成果/方案/p1/n1/case_008_multicore_res.json,repository,方案/p1/n1/case_008_multicore_res.json,round6,ledger comparison; union not independently replayed
case_008,1,2,487605,244266,244266,244266,0,0,244266,0,team13,tie,1.9962049568912579,1.9962049568912579,1.9962049568912579,1.9962049568912579,0.0,0.0,A题研究/直接迭代/第六轮成果/方案/p1/n2/case_008_multicore_res.json,repository,方案/p1/n2/case_008_multicore_res.json,round6,ledger comparison; union not independently replayed
case_008,1,3,487605,163359,163359,163359,0,0,163359,0,team13,tie,2.984867684057811,2.984867684057811,2.984867684057811,2.984867684057811,0.0,0.0,A题研究/直接迭代/第六轮成果/方案/p1/n3/case_008_multicore_res.json,repository,方案/p1/n3/case_008_multicore_res.json,round6,ledger comparison; union not independently replayed
case_008,1,4,487605,123060,123060,123060,0,0,123060,0,team13,tie,3.962335446123842,3.962335446123842,3.962335446123842,3.962335446123842,0.0,0.0,A题研究/直接迭代/第六轮成果/方案/p1/n4/case_008_multicore_res.json,repository,方案/p1/n4/case_008_multicore_res.json,round6,ledger comparison; union not independently replayed
case_008,1,5,487605,100603,100603,100603,0,0,100603,0,team13,tie,4.846823653370178,4.846823653370178,4.846823653370178,4.846823653370178,0.0,0.0,A题研究/直接迭代/第六轮成果/方案/p1/n5/case_008_multicore_res.json,repository,方案/p1/n5/case_008_multicore_res.json,round6,ledger comparison; union not independently replayed
case_008,2,1,487605,487605,487605,487605,0,0,487605,0,team13,tie,1.0,1.0,1.0,1.0,0.0,0.0,A题研究/直接迭代/第六轮成果/方案/p2/n1/case_008_multicore_res.json,repository,方案/p2/n1/case_008_multicore_res.json,round6,ledger comparison; union not independently replayed
case_008,2,2,487605,244266,244266,244266,0,0,244266,0,team13,tie,1.9962049568912579,1.9962049568912579,1.9962049568912579,1.9962049568912579,0.0,0.0,A题研究/直接迭代/第六轮成果/方案/p2/n2/case_008_multicore_res.json,repository,方案/p2/n2/case_008_multicore_res.json,round6,ledger comparison; union not independently replayed
case_008,2,3,487605,163359,163359,163359,0,0,163359,0,team13,tie,2.984867684057811,2.984867684057811,2.984867684057811,2.984867684057811,0.0,0.0,A题研究/直接迭代/第六轮成果/方案/p2/n3/case_008_multicore_res.json,repository,方案/p2/n3/case_008_multicore_res.json,round6,ledger comparison; union not independently replayed
case_008,2,4,487605,123060,123060,123060,0,0,123060,0,team13,tie,3.962335446123842,3.962335446123842,3.962335446123842,3.962335446123842,0.0,0.0,A题研究/直接迭代/第六轮成果/方案/p2/n4/case_008_multicore_res.json,repository,方案/p2/n4/case_008_multicore_res.json,round6,ledger comparison; union not independently replayed
case_008,2,5,487605,55855,55855,55855,0,0,55855,0,team13,tie,8.729836182973772,8.729836182973772,8.729836182973772,8.729836182973772,0.0,0.0,A题研究/直接迭代/第六轮成果/方案/p2/n5/case_008_multicore_res.json,repository,方案/p2/n5/case_008_multicore_res.json,round6,ledger comparison; union not independently replayed
case_008,3,1,487605,487605,487605,487605,0,0,487605,0,team13,tie,1.0,1.0,1.0,1.0,0.0,0.0,A题研究/直接迭代/第六轮成果/方案/p3/n1/case_008_multicore_res.json,repository,方案/p3/n1/case_008_multicore_res.json,round6,ledger comparison; union not independently replayed
case_008,3,2,487605,244266,244266,244266,0,0,244266,0,team13,tie,1.9962049568912579,1.9962049568912579,1.9962049568912579,1.9962049568912579,0.0,0.0,A题研究/直接迭代/第六轮成果/方案/p3/n2/case_008_multicore_res.json,repository,方案/p3/n2/case_008_multicore_res.json,round6,ledger comparison; union not independently replayed
case_008,3,3,487605,163359,163359,163359,0,0,163359,0,team13,tie,2.984867684057811,2.984867684057811,2.984867684057811,2.984867684057811,0.0,0.0,A题研究/直接迭代/第六轮成果/方案/p3/n3/case_008_multicore_res.json,repository,方案/p3/n3/case_008_multicore_res.json,round6,ledger comparison; union not independently replayed
case_008,3,4,487605,123060,123060,123060,0,0,123060,0,team13,tie,3.962335446123842,3.962335446123842,3.962335446123842,3.962335446123842,0.0,0.0,A题研究/直接迭代/第六轮成果/方案/p3/n4/case_008_multicore_res.json,repository,方案/p3/n4/case_008_multicore_res.json,round6,ledger comparison; union not independently replayed
case_008,3,5,487605,55855,55855,55855,0,0,55855,0,team13,tie,8.729836182973772,8.729836182973772,8.729836182973772,8.729836182973772,0.0,0.0,A题研究/直接迭代/第六轮成果/方案/p3/n5/case_008_multicore_res.json,repository,方案/p3/n5/case_008_multicore_res.json,round6,ledger comparison; union not independently replayed
case_009,1,1,153261,153745,153745,153745,80024,80024,153745,80024,team13,tie,0.9968519301440697,0.9968519301440697,0.9968519301440697,0.9968519301440697,0.0,0.0,A题研究/直接迭代/第六轮成果/方案/p1/n1/case_009_multicore_res.json,repository,方案/p1/n1/case_009_multicore_res.json,round6,ledger comparison; union not independently replayed
case_009,1,2,153261,91819,91819,91819,193618,193618,91819,193618,team13,tie,1.6691643341792004,1.6691643341792004,1.6691643341792004,1.6691643341792004,0.0,0.0,A题研究/直接迭代/第六轮成果/方案/p1/n2/case_009_multicore_res.json,repository,方案/p1/n2/case_009_multicore_res.json,round6,ledger comparison; union not independently replayed
case_009,1,3,153261,91819,91819,91819,193618,193618,91819,193618,team13,tie,1.6691643341792004,1.6691643341792004,1.6691643341792004,1.6691643341792004,0.0,0.0,A题研究/直接迭代/第六轮成果/方案/p1/n3/case_009_multicore_res.json,repository,方案/p1/n3/case_009_multicore_res.json,round6,ledger comparison; union not independently replayed
case_009,1,4,153261,91819,91819,91819,193618,193618,91819,193618,team13,tie,1.6691643341792004,1.6691643341792004,1.6691643341792004,1.6691643341792004,0.0,0.0,A题研究/直接迭代/第六轮成果/方案/p1/n4/case_009_multicore_res.json,repository,方案/p1/n4/case_009_multicore_res.json,round6,ledger comparison; union not independently replayed
case_009,1,5,153261,83830,83830,81068,447056,531874,81068,531874,team13,team13,1.8282357151377788,1.8282357151377788,1.890524004539399,1.890524004539399,0.0,3.294763211260887,A题研究/直接迭代/第六轮成果/方案/p1/n5/case_009_multicore_res.json,repository,方案/p1/n5/case_009_multicore_res.json,round6,ledger comparison; union not independently replayed
case_009,2,1,153261,153261,153261,153261,0,0,153261,0,team13,tie,1.0,1.0,1.0,1.0,0.0,0.0,A题研究/直接迭代/第六轮成果/方案/p2/n1/case_009_multicore_res.json,repository,方案/p2/n1/case_009_multicore_res.json,round6,ledger comparison; union not independently replayed
case_009,2,2,153261,87935,87935,87935,366080,366080,87935,366080,team13,tie,1.7428896343890374,1.7428896343890374,1.7428896343890374,1.7428896343890374,0.0,0.0,A题研究/直接迭代/第六轮成果/方案/p2/n2/case_009_multicore_res.json,repository,方案/p2/n2/case_009_multicore_res.json,round6,ledger comparison; union not independently replayed
case_009,2,3,153261,85607,85607,85607,6656,6656,85607,6656,team13,tie,1.790285841111124,1.790285841111124,1.790285841111124,1.790285841111124,0.0,0.0,A题研究/直接迭代/第六轮成果/方案/p2/n3/case_009_multicore_res.json,repository,方案/p2/n3/case_009_multicore_res.json,round6,ledger comparison; union not independently replayed
case_009,2,4,153261,58230,58230,58230,1094910,1094910,58230,1094910,team13,tie,2.6319938176197835,2.6319938176197835,2.6319938176197835,2.6319938176197835,0.0,0.0,A题研究/直接迭代/第六轮成果/方案/p2/n4/case_009_multicore_res.json,repository,方案/p2/n4/case_009_multicore_res.json,round6,ledger comparison; union not independently replayed
case_009,2,5,153261,51788,51788,50086,1328826,1290894,50086,1290894,team13,team13,2.959392137174635,2.959392137174635,3.0599568741764167,3.0599568741764167,0.0,3.2864756314204047,A题研究/直接迭代/第六轮成果/方案/p2/n5/case_009_multicore_res.json,repository,方案/p2/n5/case_009_multicore_res.json,round6,ledger comparison; union not independently replayed
case_009,3,1,153261,153261,153261,153261,0,0,153261,0,team13,tie,1.0,1.0,1.0,1.0,0.0,0.0,A题研究/直接迭代/第六轮成果/方案/p3/n1/case_009_multicore_res.json,repository,方案/p3/n1/case_009_multicore_res.json,round6,ledger comparison; union not independently replayed
case_009,3,2,153261,87935,87935,87935,366080,366080,87935,366080,team13,tie,1.7428896343890374,1.7428896343890374,1.7428896343890374,1.7428896343890374,0.0,0.0,A题研究/直接迭代/第六轮成果/方案/p3/n2/case_009_multicore_res.json,repository,方案/p3/n2/case_009_multicore_res.json,round6,ledger comparison; union not independently replayed
case_009,3,3,153261,85607,85607,85607,6656,6656,85607,6656,team13,tie,1.790285841111124,1.790285841111124,1.790285841111124,1.790285841111124,0.0,0.0,A题研究/直接迭代/第六轮成果/方案/p3/n3/case_009_multicore_res.json,repository,方案/p3/n3/case_009_multicore_res.json,round6,ledger comparison; union not independently replayed
case_009,3,4,153261,56944,56944,56944,1094910,1094910,56944,1094910,team13,tie,2.69143368923855,2.69143368923855,2.69143368923855,2.69143368923855,0.0,0.0,A题研究/直接迭代/第六轮成果/方案/p3/n4/case_009_multicore_res.json,repository,方案/p3/n4/case_009_multicore_res.json,round6,ledger comparison; union not independently replayed
case_009,3,5,153261,47234,47234,46646,1328826,1290894,46646,1290894,team13,team13,3.2447177880340434,3.2447177880340434,3.285619345710243,3.285619345710243,0.0,1.2448659863657507,A题研究/直接迭代/第六轮成果/方案/p3/n5/case_009_multicore_res.json,repository,方案/p3/n5/case_009_multicore_res.json,round6,ledger comparison; union not independently replayed
case_010,1,1,86969,86969,86969,86969,0,0,86969,0,team13,tie,1.0,1.0,1.0,1.0,0.0,0.0,A题研究/直接迭代/第六轮成果/方案/p1/n1/case_010_multicore_res.json,repository,方案/p1/n1/case_010_multicore_res.json,round6,ledger comparison; union not independently replayed
case_010,1,2,86969,45626,45626,45626,48384,48384,45626,48384,team13,tie,1.9061280848638933,1.9061280848638933,1.9061280848638933,1.9061280848638933,0.0,0.0,A题研究/直接迭代/第六轮成果/方案/p1/n2/case_010_multicore_res.json,repository,方案/p1/n2/case_010_multicore_res.json,round6,ledger comparison; union not independently replayed
case_010,1,3,86969,30689,30689,30689,48384,48384,30689,48384,team13,tie,2.833881846915833,2.833881846915833,2.833881846915833,2.833881846915833,0.0,0.0,A题研究/直接迭代/第六轮成果/方案/p1/n3/case_010_multicore_res.json,repository,方案/p1/n3/case_010_multicore_res.json,round6,ledger comparison; union not independently replayed
case_010,1,4,86969,29780,29780,29780,362880,362880,29780,362880,team13,tie,2.92038280725319,2.92038280725319,2.92038280725319,2.92038280725319,0.0,0.0,A题研究/直接迭代/第六轮成果/方案/p1/n4/case_010_multicore_res.json,repository,方案/p1/n4/case_010_multicore_res.json,round6,ledger comparison; union not independently replayed
case_010,1,5,86969,29780,29780,29780,362880,362880,29780,362880,team13,tie,2.92038280725319,2.92038280725319,2.92038280725319,2.92038280725319,0.0,0.0,A题研究/直接迭代/第六轮成果/方案/p1/n5/case_010_multicore_res.json,repository,方案/p1/n5/case_010_multicore_res.json,round6,ledger comparison; union not independently replayed
case_010,2,1,86969,86969,86969,86969,0,0,86969,0,team13,tie,1.0,1.0,1.0,1.0,0.0,0.0,A题研究/直接迭代/第六轮成果/方案/p2/n1/case_010_multicore_res.json,repository,方案/p2/n1/case_010_multicore_res.json,round6,ledger comparison; union not independently replayed
case_010,2,2,86969,41049,41049,41049,1561020,1561020,41049,1561020,team13,tie,2.118663061219518,2.118663061219518,2.118663061219518,2.118663061219518,0.0,0.0,A题研究/直接迭代/第六轮成果/方案/p2/n2/case_010_multicore_res.json,repository,方案/p2/n2/case_010_multicore_res.json,round6,ledger comparison; union not independently replayed
case_010,2,3,86969,29848,29848,29848,10368,10368,29848,10368,team13,tie,2.9137295631198072,2.9137295631198072,2.9137295631198072,2.9137295631198072,0.0,0.0,A题研究/直接迭代/第六轮成果/方案/p2/n3/case_010_multicore_res.json,repository,方案/p2/n3/case_010_multicore_res.json,round6,ledger comparison; union not independently replayed
case_010,2,4,86969,29617,29617,29617,133632,133632,29617,133632,team13,tie,2.936455414120269,2.936455414120269,2.936455414120269,2.936455414120269,0.0,0.0,A题研究/直接迭代/第六轮成果/方案/p2/n4/case_010_multicore_res.json,repository,方案/p2/n4/case_010_multicore_res.json,round6,ledger comparison; union not independently replayed
case_010,2,5,86969,19138,19138,19138,554512,554512,19138,554512,team13,tie,4.544309750235135,4.544309750235135,4.544309750235135,4.544309750235135,0.0,0.0,A题研究/直接迭代/第六轮成果/方案/p2/n5/case_010_multicore_res.json,repository,方案/p2/n5/case_010_multicore_res.json,round6,ledger comparison; union not independently replayed
case_010,3,1,86969,86969,86969,86969,0,0,86969,0,team13,tie,1.0,1.0,1.0,1.0,0.0,0.0,A题研究/直接迭代/第六轮成果/方案/p3/n1/case_010_multicore_res.json,repository,方案/p3/n1/case_010_multicore_res.json,round6,ledger comparison; union not independently replayed
case_010,3,2,86969,40461,40461,40461,1561020,1561020,40461,1561020,team13,tie,2.1494525592545908,2.1494525592545908,2.1494525592545908,2.1494525592545908,0.0,0.0,A题研究/直接迭代/第六轮成果/方案/p3/n2/case_010_multicore_res.json,repository,方案/p3/n2/case_010_multicore_res.json,round6,ledger comparison; union not independently replayed
case_010,3,3,86969,29848,29848,29848,10368,10368,29848,10368,team13,tie,2.9137295631198072,2.9137295631198072,2.9137295631198072,2.9137295631198072,0.0,0.0,A题研究/直接迭代/第六轮成果/方案/p3/n3/case_010_multicore_res.json,repository,方案/p3/n3/case_010_multicore_res.json,round6,ledger comparison; union not independently replayed
case_010,3,4,86969,29617,29617,29617,133632,133632,29617,133632,team13,tie,2.936455414120269,2.936455414120269,2.936455414120269,2.936455414120269,0.0,0.0,A题研究/直接迭代/第六轮成果/方案/p3/n4/case_010_multicore_res.json,repository,方案/p3/n4/case_010_multicore_res.json,round6,ledger comparison; union not independently replayed
case_010,3,5,86969,18544,18544,18544,554512,554512,18544,554512,team13,tie,4.68987273511648,4.68987273511648,4.68987273511648,4.68987273511648,0.0,0.0,A题研究/直接迭代/第六轮成果/方案/p3/n5/case_010_multicore_res.json,repository,方案/p3/n5/case_010_multicore_res.json,round6,ledger comparison; union not independently replayed
case_011,1,1,184697,184697,184697,184697,0,0,184697,0,team13,tie,1.0,1.0,1.0,1.0,0.0,0.0,A题研究/直接迭代/第六轮成果/方案/p1/n1/case_011_multicore_res.json,repository,方案/p1/n1/case_011_multicore_res.json,round6,ledger comparison; union not independently replayed
case_011,1,2,184697,92646,92646,92646,180224,180224,92646,180224,team13,tie,1.9935777043801135,1.9935777043801135,1.9935777043801135,1.9935777043801135,0.0,0.0,A题研究/直接迭代/第六轮成果/方案/p1/n2/case_011_multicore_res.json,repository,方案/p1/n2/case_011_multicore_res.json,round6,ledger comparison; union not independently replayed
case_011,1,3,184697,69625,69625,69625,1081344,1081344,69625,1081344,team13,tie,2.6527396768402154,2.6527396768402154,2.6527396768402154,2.6527396768402154,0.0,0.0,A题研究/直接迭代/第六轮成果/方案/p1/n3/case_011_multicore_res.json,repository,方案/p1/n3/case_011_multicore_res.json,round6,ledger comparison; union not independently replayed
case_011,1,4,184697,46880,46880,46880,540672,540672,46880,540672,team13,tie,3.9397824232081913,3.9397824232081913,3.9397824232081913,3.9397824232081913,0.0,0.0,A题研究/直接迭代/第六轮成果/方案/p1/n4/case_011_multicore_res.json,repository,方案/p1/n4/case_011_multicore_res.json,round6,ledger comparison; union not independently replayed
case_011,1,5,184697,46880,46880,46880,540672,540672,46880,540672,team13,tie,3.9397824232081913,3.9397824232081913,3.9397824232081913,3.9397824232081913,0.0,0.0,A题研究/直接迭代/第六轮成果/方案/p1/n5/case_011_multicore_res.json,repository,方案/p1/n5/case_011_multicore_res.json,round6,ledger comparison; union not independently replayed
case_011,2,1,184697,184697,184697,184697,0,0,184697,0,team13,tie,1.0,1.0,1.0,1.0,0.0,0.0,A题研究/直接迭代/第六轮成果/方案/p2/n1/case_011_multicore_res.json,repository,方案/p2/n1/case_011_multicore_res.json,round6,ledger comparison; union not independently replayed
case_011,2,2,184697,92646,92646,92646,180224,180224,92646,180224,team13,tie,1.9935777043801135,1.9935777043801135,1.9935777043801135,1.9935777043801135,0.0,0.0,A题研究/直接迭代/第六轮成果/方案/p2/n2/case_011_multicore_res.json,repository,方案/p2/n2/case_011_multicore_res.json,round6,ledger comparison; union not independently replayed
case_011,2,3,184697,62289,62289,62289,2535424,2535424,62289,2535424,team13,tie,2.9651623882226397,2.9651623882226397,2.9651623882226397,2.9651623882226397,0.0,0.0,A题研究/直接迭代/第六轮成果/方案/p2/n3/case_011_multicore_res.json,repository,方案/p2/n3/case_011_multicore_res.json,round6,ledger comparison; union not independently replayed
case_011,2,4,184697,46880,46880,46880,540672,540672,46880,540672,team13,tie,3.9397824232081913,3.9397824232081913,3.9397824232081913,3.9397824232081913,0.0,0.0,A题研究/直接迭代/第六轮成果/方案/p2/n4/case_011_multicore_res.json,repository,方案/p2/n4/case_011_multicore_res.json,round6,ledger comparison; union not independently replayed
case_011,2,5,184697,46828,46777,39795,811008,1601536,39795,1601536,team13,team13,3.9441573417613394,3.9484575753041025,4.64121120743812,4.64121120743812,0.0,14.92613891442376,新增精选方案/p2/n5/case_011_multicore_res.json,delivery,方案/p2/n5/case_011_multicore_res.json,unified_v2_best_known_replayed,ledger comparison; union not independently replayed
case_011,3,1,184697,184697,184697,184697,0,0,184697,0,team13,tie,1.0,1.0,1.0,1.0,0.0,0.0,A题研究/直接迭代/第六轮成果/方案/p3/n1/case_011_multicore_res.json,repository,方案/p3/n1/case_011_multicore_res.json,round6,ledger comparison; union not independently replayed
case_011,3,2,184697,92646,92646,92646,180224,180224,92646,180224,team13,tie,1.9935777043801135,1.9935777043801135,1.9935777043801135,1.9935777043801135,0.0,0.0,A题研究/直接迭代/第六轮成果/方案/p3/n2/case_011_multicore_res.json,repository,方案/p3/n2/case_011_multicore_res.json,round6,ledger comparison; union not independently replayed
case_011,3,3,184697,62289,62289,62289,2535424,2535424,62289,2535424,team13,tie,2.9651623882226397,2.9651623882226397,2.9651623882226397,2.9651623882226397,0.0,0.0,A题研究/直接迭代/第六轮成果/方案/p3/n3/case_011_multicore_res.json,repository,方案/p3/n3/case_011_multicore_res.json,round6,ledger comparison; union not independently replayed
case_011,3,4,184697,46880,46880,46880,540672,540672,46880,540672,team13,tie,3.9397824232081913,3.9397824232081913,3.9397824232081913,3.9397824232081913,0.0,0.0,A题研究/直接迭代/第六轮成果/方案/p3/n4/case_011_multicore_res.json,repository,方案/p3/n4/case_011_multicore_res.json,round6,ledger comparison; union not independently replayed
case_011,3,5,184697,46253,38462,39510,1558528,1601536,38462,1558528,ours,ours,3.9931896309428576,4.802064375227498,4.674689951910908,4.802064375227498,2.6524930397367807,-2.7247673027923636,新增精选方案/p3/n5/case_011_multicore_res.json,delivery,方案/p3/n5/case_011_multicore_res.json,unified_v2_best_known_replayed,ledger comparison; union not independently replayed
case_012,1,1,59088,59088,59088,59088,0,0,59088,0,team13,tie,1.0,1.0,1.0,1.0,0.0,0.0,A题研究/直接迭代/第六轮成果/方案/p1/n1/case_012_multicore_res.json,repository,方案/p1/n1/case_012_multicore_res.json,round6,ledger comparison; union not independently replayed
case_012,1,2,59088,29964,29964,29964,13248,13248,29964,13248,team13,tie,1.971966359631558,1.971966359631558,1.971966359631558,1.971966359631558,0.0,0.0,A题研究/直接迭代/第六轮成果/方案/p1/n2/case_012_multicore_res.json,repository,方案/p1/n2/case_012_multicore_res.json,round6,ledger comparison; union not independently replayed
case_012,1,3,59088,19924,19924,19924,32832,32832,19924,32832,team13,tie,2.965669544268219,2.965669544268219,2.965669544268219,2.965669544268219,0.0,0.0,A题研究/直接迭代/第六轮成果/方案/p1/n3/case_012_multicore_res.json,repository,方案/p1/n3/case_012_multicore_res.json,round6,ledger comparison; union not independently replayed
case_012,1,4,59088,17253,17253,17253,39168,39168,17253,39168,team13,tie,3.424795687706486,3.424795687706486,3.424795687706486,3.424795687706486,0.0,0.0,A题研究/直接迭代/第六轮成果/方案/p1/n4/case_012_multicore_res.json,repository,方案/p1/n4/case_012_multicore_res.json,round6,ledger comparison; union not independently replayed
case_012,1,5,59088,14139,14139,14139,29376,29376,14139,29376,team13,tie,4.17907914279652,4.17907914279652,4.17907914279652,4.17907914279652,0.0,0.0,A题研究/直接迭代/第六轮成果/方案/p1/n5/case_012_multicore_res.json,repository,方案/p1/n5/case_012_multicore_res.json,round6,ledger comparison; union not independently replayed
case_012,2,1,59088,59088,59088,59088,0,0,59088,0,team13,tie,1.0,1.0,1.0,1.0,0.0,0.0,A题研究/直接迭代/第六轮成果/方案/p2/n1/case_012_multicore_res.json,repository,方案/p2/n1/case_012_multicore_res.json,round6,ledger comparison; union not independently replayed
case_012,2,2,59088,26437,26437,26437,12096,12096,26437,12096,team13,tie,2.2350493626356998,2.2350493626356998,2.2350493626356998,2.2350493626356998,0.0,0.0,A题研究/直接迭代/第六轮成果/方案/p2/n2/case_012_multicore_res.json,repository,方案/p2/n2/case_012_multicore_res.json,round6,ledger comparison; union not independently replayed
case_012,2,3,59088,17932,17932,17932,32064,32064,17932,32064,team13,tie,3.295114878429623,3.295114878429623,3.295114878429623,3.295114878429623,0.0,0.0,A题研究/直接迭代/第六轮成果/方案/p2/n3/case_012_multicore_res.json,repository,方案/p2/n3/case_012_multicore_res.json,round6,ledger comparison; union not independently replayed
case_012,2,4,59088,14747,14747,14747,3456,3456,14747,3456,team13,tie,4.0067810402115684,4.0067810402115684,4.0067810402115684,4.0067810402115684,0.0,0.0,A题研究/直接迭代/第六轮成果/方案/p2/n4/case_012_multicore_res.json,repository,方案/p2/n4/case_012_multicore_res.json,round6,ledger comparison; union not independently replayed
case_012,2,5,59088,12452,12452,12279,0,49536,12279,49536,team13,team13,4.745261805332476,4.745261805332476,4.812118250671879,4.812118250671879,0.0,1.3893350465788656,A题研究/直接迭代/第六轮成果/方案/p2/n5/case_012_multicore_res.json,repository,方案/p2/n5/case_012_multicore_res.json,round6,ledger comparison; union not independently replayed
case_012,3,1,59088,59088,59088,59088,0,0,59088,0,team13,tie,1.0,1.0,1.0,1.0,0.0,0.0,A题研究/直接迭代/第六轮成果/方案/p3/n1/case_012_multicore_res.json,repository,方案/p3/n1/case_012_multicore_res.json,round6,ledger comparison; union not independently replayed
case_012,3,2,59088,26437,26437,26437,12096,12096,26437,12096,team13,tie,2.2350493626356998,2.2350493626356998,2.2350493626356998,2.2350493626356998,0.0,0.0,A题研究/直接迭代/第六轮成果/方案/p3/n2/case_012_multicore_res.json,repository,方案/p3/n2/case_012_multicore_res.json,round6,ledger comparison; union not independently replayed
case_012,3,3,59088,17932,17932,17932,32064,32064,17932,32064,team13,tie,3.295114878429623,3.295114878429623,3.295114878429623,3.295114878429623,0.0,0.0,A题研究/直接迭代/第六轮成果/方案/p3/n3/case_012_multicore_res.json,repository,方案/p3/n3/case_012_multicore_res.json,round6,ledger comparison; union not independently replayed
case_012,3,4,59088,14747,14747,14747,3456,3456,14747,3456,team13,tie,4.0067810402115684,4.0067810402115684,4.0067810402115684,4.0067810402115684,0.0,0.0,A题研究/直接迭代/第六轮成果/方案/p3/n4/case_012_multicore_res.json,repository,方案/p3/n4/case_012_multicore_res.json,round6,ledger comparison; union not independently replayed
case_012,3,5,59088,12452,12452,12272,0,49536,12272,49536,team13,team13,4.745261805332476,4.745261805332476,4.814863102998697,4.814863102998697,0.0,1.445550915515581,A题研究/直接迭代/第六轮成果/方案/p3/n5/case_012_multicore_res.json,repository,方案/p3/n5/case_012_multicore_res.json,round6,ledger comparison; union not independently replayed
case_013,1,1,263949,264286,264286,264286,8192,8192,264286,8192,team13,tie,0.9987248662433879,0.9987248662433879,0.9987248662433879,0.9987248662433879,0.0,0.0,A题研究/直接迭代/第六轮成果/方案/p1/n1/case_013_multicore_res.json,repository,方案/p1/n1/case_013_multicore_res.json,round6,ledger comparison; union not independently replayed
case_013,1,2,263949,132198,132198,132198,8192,8192,132198,8192,team13,tie,1.9966187083011846,1.9966187083011846,1.9966187083011846,1.9966187083011846,0.0,0.0,A题研究/直接迭代/第六轮成果/方案/p1/n2/case_013_multicore_res.json,repository,方案/p1/n2/case_013_multicore_res.json,round6,ledger comparison; union not independently replayed
case_013,1,3,263949,88351,88351,88351,16384,16384,88351,16384,team13,tie,2.98750438591527,2.98750438591527,2.98750438591527,2.98750438591527,0.0,0.0,A题研究/直接迭代/第六轮成果/方案/p1/n3/case_013_multicore_res.json,repository,方案/p1/n3/case_013_multicore_res.json,round6,ledger comparison; union not independently replayed
case_013,1,4,263949,66982,66982,66982,24576,24576,66982,24576,team13,tie,3.9405959810098237,3.9405959810098237,3.9405959810098237,3.9405959810098237,0.0,0.0,A题研究/直接迭代/第六轮成果/方案/p1/n4/case_013_multicore_res.json,repository,方案/p1/n4/case_013_multicore_res.json,round6,ledger comparison; union not independently replayed
case_013,1,5,263949,54363,54363,54363,32768,32768,54363,32768,team13,tie,4.855305998565201,4.855305998565201,4.855305998565201,4.855305998565201,0.0,0.0,A题研究/直接迭代/第六轮成果/方案/p1/n5/case_013_multicore_res.json,repository,方案/p1/n5/case_013_multicore_res.json,round6,ledger comparison; union not independently replayed
case_013,2,1,263949,263949,263949,263949,0,0,263949,0,team13,tie,1.0,1.0,1.0,1.0,0.0,0.0,A题研究/直接迭代/第六轮成果/方案/p2/n1/case_013_multicore_res.json,repository,方案/p2/n1/case_013_multicore_res.json,round6,ledger comparison; union not independently replayed
case_013,2,2,263949,132198,132198,132198,8192,8192,132198,8192,team13,tie,1.9966187083011846,1.9966187083011846,1.9966187083011846,1.9966187083011846,0.0,0.0,A题研究/直接迭代/第六轮成果/方案/p2/n2/case_013_multicore_res.json,repository,方案/p2/n2/case_013_multicore_res.json,round6,ledger comparison; union not independently replayed
case_013,2,3,263949,88351,88351,88351,16384,16384,88351,16384,team13,tie,2.98750438591527,2.98750438591527,2.98750438591527,2.98750438591527,0.0,0.0,A题研究/直接迭代/第六轮成果/方案/p2/n3/case_013_multicore_res.json,repository,方案/p2/n3/case_013_multicore_res.json,round6,ledger comparison; union not independently replayed
case_013,2,4,263949,66982,66982,66982,24576,24576,66982,24576,team13,tie,3.9405959810098237,3.9405959810098237,3.9405959810098237,3.9405959810098237,0.0,0.0,A题研究/直接迭代/第六轮成果/方案/p2/n4/case_013_multicore_res.json,repository,方案/p2/n4/case_013_multicore_res.json,round6,ledger comparison; union not independently replayed
case_013,2,5,263949,53708,53708,53708,45056,45056,53708,45056,team13,tie,4.914519252252923,4.914519252252923,4.914519252252923,4.914519252252923,0.0,0.0,A题研究/直接迭代/第六轮成果/方案/p2/n5/case_013_multicore_res.json,repository,方案/p2/n5/case_013_multicore_res.json,round6,ledger comparison; union not independently replayed
case_013,3,1,263949,263949,263949,263949,0,0,263949,0,team13,tie,1.0,1.0,1.0,1.0,0.0,0.0,A题研究/直接迭代/第六轮成果/方案/p3/n1/case_013_multicore_res.json,repository,方案/p3/n1/case_013_multicore_res.json,round6,ledger comparison; union not independently replayed
case_013,3,2,263949,132198,132198,132198,8192,8192,132198,8192,team13,tie,1.9966187083011846,1.9966187083011846,1.9966187083011846,1.9966187083011846,0.0,0.0,A题研究/直接迭代/第六轮成果/方案/p3/n2/case_013_multicore_res.json,repository,方案/p3/n2/case_013_multicore_res.json,round6,ledger comparison; union not independently replayed
case_013,3,3,263949,88351,88351,88351,16384,16384,88351,16384,team13,tie,2.98750438591527,2.98750438591527,2.98750438591527,2.98750438591527,0.0,0.0,A题研究/直接迭代/第六轮成果/方案/p3/n3/case_013_multicore_res.json,repository,方案/p3/n3/case_013_multicore_res.json,round6,ledger comparison; union not independently replayed
case_013,3,4,263949,66958,66958,66958,24576,24576,66958,24576,team13,tie,3.9420084231906567,3.9420084231906567,3.9420084231906567,3.9420084231906567,0.0,0.0,A题研究/直接迭代/第六轮成果/方案/p3/n4/case_013_multicore_res.json,repository,方案/p3/n4/case_013_multicore_res.json,round6,ledger comparison; union not independently replayed
case_013,3,5,263949,53418,53418,53418,45056,45056,53418,45056,team13,tie,4.941199595641918,4.941199595641918,4.941199595641918,4.941199595641918,0.0,0.0,A题研究/直接迭代/第六轮成果/方案/p3/n5/case_013_multicore_res.json,repository,方案/p3/n5/case_013_multicore_res.json,round6,ledger comparison; union not independently replayed
case_014,1,1,17698626,17569952,17453918,17569952,101137416,78182304,17453918,101137416,ours,ours,1.0073235259834517,1.01402023316484,1.0073235259834517,1.01402023316484,0.6604115936116428,-0.6648020232477236,新增精选方案/p1/n1/case_014_multicore_res.json,delivery,方案/p1/n1/case_014_multicore_res.json,unified_v2_best_known_replayed,ledger comparison; union not independently replayed
case_014,1,2,17698626,8811571,8809441,8811571,100009368,116324760,8809441,100009368,ours,ours,2.008566463346888,2.0090521067114246,2.008566463346888,2.0090521067114246,0.024172761020713196,-0.024178605657265706,新增精选方案/p1/n2/case_014_multicore_res.json,delivery,方案/p1/n2/case_014_multicore_res.json,unified_v2_best_known_replayed,ledger comparison; union not independently replayed
case_014,1,3,17698626,5940891,5934863,5940891,98997144,125524488,5934863,98997144,ours,ours,2.9791197986968623,2.982145670422384,2.9791197986968623,2.982145670422384,0.10146626154224903,-0.1015693201342538,新增精选方案/p1/n3/case_014_multicore_res.json,delivery,方案/p1/n3/case_014_multicore_res.json,unified_v2_best_known_replayed,ledger comparison; union not independently replayed
case_014,1,4,17698626,4514249,4513468,4514249,101075352,130589592,4513468,101075352,ours,ours,3.92061359486373,3.921292008717022,3.92061359486373,3.921292008717022,0.017300773617046072,-0.017303767302667694,新增精选方案/p1/n4/case_014_multicore_res.json,delivery,方案/p1/n4/case_014_multicore_res.json,unified_v2_best_known_replayed,ledger comparison; union not independently replayed
case_014,1,5,17698626,3641147,3641147,3641147,133995816,133995816,3641147,133995816,team13,tie,4.860728226572561,4.860728226572561,4.860728226572561,4.860728226572561,0.0,0.0,A题研究/直接迭代/第六轮成果/方案/p1/n5/case_014_multicore_res.json,repository,方案/p1/n5/case_014_multicore_res.json,round6,ledger comparison; union not independently replayed
case_014,2,1,17698626,17698626,17662956,17698626,56372640,71010720,17662956,56372640,ours,ours,1.0,1.0020194807709424,1.0,1.0020194807709424,0.20154106878127465,-0.20194807709423834,新增精选方案/p2/n1/case_014_multicore_res.json,delivery,方案/p2/n1/case_014_multicore_res.json,unified_v2_best_known_replayed,ledger comparison; union not independently replayed
case_014,2,2,17698626,8816332,8816332,8816332,84413112,84413112,8816332,84413112,team13,tie,2.0074817962844413,2.0074817962844413,2.0074817962844413,2.0074817962844413,0.0,0.0,A题研究/直接迭代/第六轮成果/方案/p2/n2/case_014_multicore_res.json,repository,方案/p2/n2/case_014_multicore_res.json,round6,ledger comparison; union not independently replayed
case_014,2,3,17698626,5963301,5963301,5963301,82715304,82715304,5963301,82715304,team13,tie,2.96792430903622,2.96792430903622,2.96792430903622,2.96792430903622,0.0,0.0,A题研究/直接迭代/第六轮成果/方案/p2/n3/case_014_multicore_res.json,repository,方案/p2/n3/case_014_multicore_res.json,round6,ledger comparison; union not independently replayed
case_014,2,4,17698626,4517885,4517885,4517885,98239944,98239944,4517885,98239944,team13,tie,3.917458279703888,3.917458279703888,3.917458279703888,3.917458279703888,0.0,0.0,A题研究/直接迭代/第六轮成果/方案/p2/n4/case_014_multicore_res.json,repository,方案/p2/n4/case_014_multicore_res.json,round6,ledger comparison; union not independently replayed
case_014,2,5,17698626,3703529,3674889,3703529,91061544,84373512,3674889,91061544,ours,ours,4.778854438563867,4.816098118881958,4.778854438563867,4.816098118881958,0.7733164773382373,-0.7793432672388301,新增精选方案/p2/n5/case_014_multicore_res.json,delivery,方案/p2/n5/case_014_multicore_res.json,unified_v2_best_known_replayed,ledger comparison; union not independently replayed
case_014,3,1,17698626,17689602,17589991,17689602,58536768,71010720,17589991,58536768,ours,ours,1.0005101301883446,1.0061759554055485,1.0005101301883446,1.0061759554055485,0.5631048115158244,-0.5662936382400563,新增精选方案/p3/n1/case_014_multicore_res.json,delivery,方案/p3/n1/case_014_multicore_res.json,unified_v2_best_known_replayed,ledger comparison; union not independently replayed
case_014,3,2,17698626,8799327,8799327,8799327,84413112,84413112,8799327,84413112,team13,tie,2.011361323428485,2.011361323428485,2.011361323428485,2.011361323428485,0.0,0.0,A题研究/直接迭代/第六轮成果/方案/p3/n2/case_014_multicore_res.json,repository,方案/p3/n2/case_014_multicore_res.json,round6,ledger comparison; union not independently replayed
case_014,3,3,17698626,5949209,5949209,5949209,82715304,82715304,5949209,82715304,team13,tie,2.9749544855458936,2.9749544855458936,2.9749544855458936,2.9749544855458936,0.0,0.0,A题研究/直接迭代/第六轮成果/方案/p3/n3/case_014_multicore_res.json,repository,方案/p3/n3/case_014_multicore_res.json,round6,ledger comparison; union not independently replayed
case_014,3,4,17698626,4484616,4484616,4484616,98239944,98239944,4484616,98239944,team13,tie,3.9465198358120293,3.9465198358120293,3.9465198358120293,3.9465198358120293,0.0,0.0,A题研究/直接迭代/第六轮成果/方案/p3/n4/case_014_multicore_res.json,repository,方案/p3/n4/case_014_multicore_res.json,round6,ledger comparison; union not independently replayed
case_014,3,5,17698626,3686924,3646327,3686924,57797928,84373512,3646327,57797928,ours,ours,4.800377225025523,4.8538230389101145,4.800377225025523,4.8538230389101145,1.101107589958461,-1.1133669580374983,新增精选方案/p3/n5/case_014_multicore_res.json,delivery,方案/p3/n5/case_014_multicore_res.json,unified_v2_best_known_replayed,ledger comparison; union not independently replayed
case_015,1,1,177362,177362,177362,177362,180256,180256,177362,180256,team13,tie,1.0,1.0,1.0,1.0,0.0,0.0,A题研究/直接迭代/第六轮成果/方案/p1/n1/case_015_multicore_res.json,repository,方案/p1/n1/case_015_multicore_res.json,round6,ledger comparison; union not independently replayed
case_015,1,2,177362,87789,87789,87789,342532,342532,87789,342532,team13,tie,2.0203214525737847,2.0203214525737847,2.0203214525737847,2.0203214525737847,0.0,0.0,A题研究/直接迭代/第六轮成果/方案/p1/n2/case_015_multicore_res.json,repository,方案/p1/n2/case_015_multicore_res.json,round6,ledger comparison; union not independently replayed
case_015,1,3,177362,61193,61193,61193,521472,521472,61193,521472,team13,tie,2.898403412154985,2.898403412154985,2.898403412154985,2.898403412154985,0.0,0.0,A题研究/直接迭代/第六轮成果/方案/p1/n3/case_015_multicore_res.json,repository,方案/p1/n3/case_015_multicore_res.json,round6,ledger comparison; union not independently replayed
case_015,1,4,177362,50093,50093,50093,532992,532992,50093,532992,team13,tie,3.5406543828479027,3.5406543828479027,3.5406543828479027,3.5406543828479027,0.0,0.0,A题研究/直接迭代/第六轮成果/方案/p1/n4/case_015_multicore_res.json,repository,方案/p1/n4/case_015_multicore_res.json,round6,ledger comparison; union not independently replayed
case_015,1,5,177362,43411,43411,43411,321536,321536,43411,321536,team13,tie,4.085646495127963,4.085646495127963,4.085646495127963,4.085646495127963,0.0,0.0,A题研究/直接迭代/第六轮成果/方案/p1/n5/case_015_multicore_res.json,repository,方案/p1/n5/case_015_multicore_res.json,round6,ledger comparison; union not independently replayed
case_015,2,1,177362,177362,177362,177362,180256,180256,177362,180256,team13,tie,1.0,1.0,1.0,1.0,0.0,0.0,A题研究/直接迭代/第六轮成果/方案/p2/n1/case_015_multicore_res.json,repository,方案/p2/n1/case_015_multicore_res.json,round6,ledger comparison; union not independently replayed
case_015,2,2,177362,82882,82882,82882,109824,109824,82882,109824,team13,tie,2.139933881904394,2.139933881904394,2.139933881904394,2.139933881904394,0.0,0.0,A题研究/直接迭代/第六轮成果/方案/p2/n2/case_015_multicore_res.json,repository,方案/p2/n2/case_015_multicore_res.json,round6,ledger comparison; union not independently replayed
case_015,2,3,177362,54594,54594,54594,208128,208128,54594,208128,team13,tie,3.2487452833644723,3.2487452833644723,3.2487452833644723,3.2487452833644723,0.0,0.0,A题研究/直接迭代/第六轮成果/方案/p2/n3/case_015_multicore_res.json,repository,方案/p2/n3/case_015_multicore_res.json,round6,ledger comparison; union not independently replayed
case_015,2,4,177362,49885,49885,49885,231168,231168,49885,231168,team13,tie,3.555417460158364,3.555417460158364,3.555417460158364,3.555417460158364,0.0,0.0,A题研究/直接迭代/第六轮成果/方案/p2/n4/case_015_multicore_res.json,repository,方案/p2/n4/case_015_multicore_res.json,round6,ledger comparison; union not independently replayed
case_015,2,5,177362,42588,42588,33997,313344,313344,33997,313344,team13,team13,4.164600356908049,4.164600356908049,5.216989734388329,5.216989734388329,0.0,20.172349018502867,A题研究/直接迭代/第六轮成果/方案/p2/n5/case_015_multicore_res.json,repository,方案/p2/n5/case_015_multicore_res.json,round6,ledger comparison; union not independently replayed
case_015,3,1,177362,177362,177362,177362,180256,180256,177362,180256,team13,tie,1.0,1.0,1.0,1.0,0.0,0.0,A题研究/直接迭代/第六轮成果/方案/p3/n1/case_015_multicore_res.json,repository,方案/p3/n1/case_015_multicore_res.json,round6,ledger comparison; union not independently replayed
case_015,3,2,177362,82882,82882,82882,109824,109824,82882,109824,team13,tie,2.139933881904394,2.139933881904394,2.139933881904394,2.139933881904394,0.0,0.0,A题研究/直接迭代/第六轮成果/方案/p3/n2/case_015_multicore_res.json,repository,方案/p3/n2/case_015_multicore_res.json,round6,ledger comparison; union not independently replayed
case_015,3,3,177362,54545,54545,54545,208128,208128,54545,208128,team13,tie,3.251663763864699,3.251663763864699,3.251663763864699,3.251663763864699,0.0,0.0,A题研究/直接迭代/第六轮成果/方案/p3/n3/case_015_multicore_res.json,repository,方案/p3/n3/case_015_multicore_res.json,round6,ledger comparison; union not independently replayed
case_015,3,4,177362,49853,49853,49853,219648,219648,49853,219648,team13,tie,3.5576996369325817,3.5576996369325817,3.5576996369325817,3.5576996369325817,0.0,0.0,A题研究/直接迭代/第六轮成果/方案/p3/n4/case_015_multicore_res.json,repository,方案/p3/n4/case_015_multicore_res.json,round6,ledger comparison; union not independently replayed
case_015,3,5,177362,42588,42588,33340,313344,313344,33340,313344,team13,team13,4.164600356908049,4.164600356908049,5.319796040791841,5.319796040791841,0.0,21.715037099652477,A题研究/直接迭代/第六轮成果/方案/p3/n5/case_015_multicore_res.json,repository,方案/p3/n5/case_015_multicore_res.json,round6,ledger comparison; union not independently replayed
case_016,1,1,7715523,7731302,7731302,7731302,7274944,7274944,7731302,7274944,team13,tie,0.9979590759745254,0.9979590759745254,0.9979590759745254,0.9979590759745254,0.0,0.0,A题研究/直接迭代/第六轮成果/方案/p1/n1/case_016_multicore_res.json,repository,方案/p1/n1/case_016_multicore_res.json,round6,ledger comparison; union not independently replayed
case_016,1,2,7715523,4840474,4840474,4840474,119556560,119556560,4840474,119556560,team13,tie,1.5939602195983287,1.5939602195983287,1.5939602195983287,1.5939602195983287,0.0,0.0,A题研究/直接迭代/第六轮成果/方案/p1/n2/case_016_multicore_res.json,repository,方案/p1/n2/case_016_multicore_res.json,round6,ledger comparison; union not independently replayed
case_016,1,3,7715523,3971606,3971606,3971606,119556560,119556560,3971606,119556560,team13,tie,1.9426707986643186,1.9426707986643186,1.9426707986643186,1.9426707986643186,0.0,0.0,A题研究/直接迭代/第六轮成果/方案/p1/n3/case_016_multicore_res.json,repository,方案/p1/n3/case_016_multicore_res.json,round6,ledger comparison; union not independently replayed
case_016,1,4,7715523,3667614,3667614,3667614,119557776,119557776,3667614,119557776,team13,tie,2.1036900284490136,2.1036900284490136,2.1036900284490136,2.1036900284490136,0.0,0.0,A题研究/直接迭代/第六轮成果/方案/p1/n4/case_016_multicore_res.json,repository,方案/p1/n4/case_016_multicore_res.json,round6,ledger comparison; union not independently replayed
case_016,1,5,7715523,3304638,3223183,3303991,119555952,119557168,3223183,119555952,ours,ours,2.3347558794639536,2.3937589023024755,2.3352130801809086,2.3937589023024755,2.4457693740691178,-2.5070869385945604,A题研究/直接迭代/联合推进成果_20260925/方案/case_016_p1_n5.json,repository,方案/p1/n5/case_016_multicore_res.json,previous_joint_delivery,ledger comparison; union not independently replayed
case_016,2,1,7715523,7715523,7715523,7715523,0,0,7715523,0,team13,tie,1.0,1.0,1.0,1.0,0.0,0.0,A题研究/直接迭代/第六轮成果/方案/p2/n1/case_016_multicore_res.json,repository,方案/p2/n1/case_016_multicore_res.json,round6,ledger comparison; union not independently replayed
case_016,2,2,7715523,4027025,4027025,4027025,404196,404196,4027025,404196,team13,tie,1.9159362060081573,1.9159362060081573,1.9159362060081573,1.9159362060081573,0.0,0.0,A题研究/直接迭代/第六轮成果/方案/p2/n2/case_016_multicore_res.json,repository,方案/p2/n2/case_016_multicore_res.json,round6,ledger comparison; union not independently replayed
case_016,2,3,7715523,2877801,2877801,2877801,275564,275564,2877801,275564,team13,tie,2.68104813362703,2.68104813362703,2.68104813362703,2.68104813362703,0.0,0.0,A题研究/直接迭代/第六轮成果/方案/p2/n3/case_016_multicore_res.json,repository,方案/p2/n3/case_016_multicore_res.json,round6,ledger comparison; union not independently replayed
case_016,2,4,7715523,2240038,2240038,2240038,212460,212460,2240038,212460,team13,tie,3.444371479412403,3.444371479412403,3.444371479412403,3.444371479412403,0.0,0.0,A题研究/直接迭代/第六轮成果/方案/p2/n4/case_016_multicore_res.json,repository,方案/p2/n4/case_016_multicore_res.json,round6,ledger comparison; union not independently replayed
case_016,2,5,7715523,1971422,1971422,1971422,40388464,40388464,1971422,40388464,team13,tie,3.913684132570297,3.913684132570297,3.913684132570297,3.913684132570297,0.0,0.0,A题研究/直接迭代/第六轮成果/方案/p2/n5/case_016_multicore_res.json,repository,方案/p2/n5/case_016_multicore_res.json,round6,ledger comparison; union not independently replayed
case_016,3,1,7715523,7715523,7715523,7715523,0,0,7715523,0,team13,tie,1.0,1.0,1.0,1.0,0.0,0.0,A题研究/直接迭代/第六轮成果/方案/p3/n1/case_016_multicore_res.json,repository,方案/p3/n1/case_016_multicore_res.json,round6,ledger comparison; union not independently replayed
case_016,3,2,7715523,4026193,4026193,4026193,404196,404196,4026193,404196,team13,tie,1.9163321281418948,1.9163321281418948,1.9163321281418948,1.9163321281418948,0.0,0.0,A题研究/直接迭代/第六轮成果/方案/p3/n2/case_016_multicore_res.json,repository,方案/p3/n2/case_016_multicore_res.json,round6,ledger comparison; union not independently replayed
case_016,3,3,7715523,2877208,2877208,2877208,275564,275564,2877208,275564,team13,tie,2.6816007045719323,2.6816007045719323,2.6816007045719323,2.6816007045719323,0.0,0.0,A题研究/直接迭代/第六轮成果/方案/p3/n3/case_016_multicore_res.json,repository,方案/p3/n3/case_016_multicore_res.json,round6,ledger comparison; union not independently replayed
case_016,3,4,7715523,2239547,2239547,2239547,212460,212460,2239547,212460,team13,tie,3.4451266260542868,3.4451266260542868,3.4451266260542868,3.4451266260542868,0.0,0.0,A题研究/直接迭代/第六轮成果/方案/p3/n4/case_016_multicore_res.json,repository,方案/p3/n4/case_016_multicore_res.json,round6,ledger comparison; union not independently replayed
case_016,3,5,7715523,1969193,1969193,1969193,40388464,40388464,1969193,40388464,team13,tie,3.9181141716429013,3.9181141716429013,3.9181141716429013,3.9181141716429013,0.0,0.0,A题研究/直接迭代/第六轮成果/方案/p3/n5/case_016_multicore_res.json,repository,方案/p3/n5/case_016_multicore_res.json,round6,ledger comparison; union not independently replayed
case_017,1,1,162810,162946,162946,162946,22528,22528,162946,22528,team13,tie,0.9991653676678164,0.9991653676678164,0.9991653676678164,0.9991653676678164,0.0,0.0,A题研究/直接迭代/第六轮成果/方案/p1/n1/case_017_multicore_res.json,repository,方案/p1/n1/case_017_multicore_res.json,round6,ledger comparison; union not independently replayed
case_017,1,2,162810,83047,83047,83047,87552,87552,83047,87552,team13,tie,1.9604561272532421,1.9604561272532421,1.9604561272532421,1.9604561272532421,0.0,0.0,A题研究/直接迭代/第六轮成果/方案/p1/n2/case_017_multicore_res.json,repository,方案/p1/n2/case_017_multicore_res.json,round6,ledger comparison; union not independently replayed
case_017,1,3,162810,56882,56882,56882,176256,176256,56882,176256,team13,tie,2.862241130761928,2.862241130761928,2.862241130761928,2.862241130761928,0.0,0.0,A题研究/直接迭代/第六轮成果/方案/p1/n3/case_017_multicore_res.json,repository,方案/p1/n3/case_017_multicore_res.json,round6,ledger comparison; union not independently replayed
case_017,1,4,162810,42384,42384,42384,259200,259200,42384,259200,team13,tie,3.841308040770102,3.841308040770102,3.841308040770102,3.841308040770102,0.0,0.0,A题研究/直接迭代/第六轮成果/方案/p1/n4/case_017_multicore_res.json,repository,方案/p1/n4/case_017_multicore_res.json,round6,ledger comparison; union not independently replayed
case_017,1,5,162810,35340,35340,35340,329472,329472,35340,329472,team13,tie,4.606960950764007,4.606960950764007,4.606960950764007,4.606960950764007,0.0,0.0,A题研究/直接迭代/第六轮成果/方案/p1/n5/case_017_multicore_res.json,repository,方案/p1/n5/case_017_multicore_res.json,round6,ledger comparison; union not independently replayed
case_017,2,1,162810,162810,162810,162810,22528,22528,162810,22528,team13,tie,1.0,1.0,1.0,1.0,0.0,0.0,A题研究/直接迭代/第六轮成果/方案/p2/n1/case_017_multicore_res.json,repository,方案/p2/n1/case_017_multicore_res.json,round6,ledger comparison; union not independently replayed
case_017,2,2,162810,71999,71999,71999,87552,87552,71999,87552,team13,tie,2.261281406686204,2.261281406686204,2.261281406686204,2.261281406686204,0.0,0.0,A题研究/直接迭代/第六轮成果/方案/p2/n2/case_017_multicore_res.json,repository,方案/p2/n2/case_017_multicore_res.json,round6,ledger comparison; union not independently replayed
case_017,2,3,162810,49831,49831,49831,175104,175104,49831,175104,team13,tie,3.2672432822941544,3.2672432822941544,3.2672432822941544,3.2672432822941544,0.0,0.0,A题研究/直接迭代/第六轮成果/方案/p2/n3/case_017_multicore_res.json,repository,方案/p2/n3/case_017_multicore_res.json,round6,ledger comparison; union not independently replayed
case_017,2,4,162810,37645,37645,37645,259200,259200,37645,259200,team13,tie,4.324877141718687,4.324877141718687,4.324877141718687,4.324877141718687,0.0,0.0,A题研究/直接迭代/第六轮成果/方案/p2/n4/case_017_multicore_res.json,repository,方案/p2/n4/case_017_multicore_res.json,round6,ledger comparison; union not independently replayed
case_017,2,5,162810,32681,32681,28330,340992,340992,28330,340992,team13,team13,4.981793702763073,4.981793702763073,5.746911401341334,5.746911401341334,0.0,13.313546097120653,A题研究/直接迭代/第六轮成果/方案/p2/n5/case_017_multicore_res.json,repository,方案/p2/n5/case_017_multicore_res.json,round6,ledger comparison; union not independently replayed
case_017,3,1,162810,162810,162810,162810,22528,22528,162810,22528,team13,tie,1.0,1.0,1.0,1.0,0.0,0.0,A题研究/直接迭代/第六轮成果/方案/p3/n1/case_017_multicore_res.json,repository,方案/p3/n1/case_017_multicore_res.json,round6,ledger comparison; union not independently replayed
case_017,3,2,162810,71999,71999,71999,87552,87552,71999,87552,team13,tie,2.261281406686204,2.261281406686204,2.261281406686204,2.261281406686204,0.0,0.0,A题研究/直接迭代/第六轮成果/方案/p3/n2/case_017_multicore_res.json,repository,方案/p3/n2/case_017_multicore_res.json,round6,ledger comparison; union not independently replayed
case_017,3,3,162810,49831,49831,49831,175104,175104,49831,175104,team13,tie,3.2672432822941544,3.2672432822941544,3.2672432822941544,3.2672432822941544,0.0,0.0,A题研究/直接迭代/第六轮成果/方案/p3/n3/case_017_multicore_res.json,repository,方案/p3/n3/case_017_multicore_res.json,round6,ledger comparison; union not independently replayed
case_017,3,4,162810,37645,37645,37645,259200,259200,37645,259200,team13,tie,4.324877141718687,4.324877141718687,4.324877141718687,4.324877141718687,0.0,0.0,A题研究/直接迭代/第六轮成果/方案/p3/n4/case_017_multicore_res.json,repository,方案/p3/n4/case_017_multicore_res.json,round6,ledger comparison; union not independently replayed
case_017,3,5,162810,32681,32681,28049,340992,340992,28049,340992,team13,team13,4.981793702763073,4.981793702763073,5.804485008378196,5.804485008378196,0.0,14.17337290780576,A题研究/直接迭代/第六轮成果/方案/p3/n5/case_017_multicore_res.json,repository,方案/p3/n5/case_017_multicore_res.json,round6,ledger comparison; union not independently replayed
case_018,1,1,1004367,1000826,1000826,1000826,2535424,2535424,1000826,2535424,team13,tie,1.0035380775479454,1.0035380775479454,1.0035380775479454,1.0035380775479454,0.0,0.0,A题研究/直接迭代/第六轮成果/方案/p1/n1/case_018_multicore_res.json,repository,方案/p1/n1/case_018_multicore_res.json,round6,ledger comparison; union not independently replayed
case_018,1,2,1004367,504468,504468,504468,3253248,3253248,504468,3253248,team13,tie,1.9909429339422917,1.9909429339422917,1.9909429339422917,1.9909429339422917,0.0,0.0,A题研究/直接迭代/第六轮成果/方案/p1/n2/case_018_multicore_res.json,repository,方案/p1/n2/case_018_multicore_res.json,round6,ledger comparison; union not independently replayed
case_018,1,3,1004367,339838,339838,339838,4075904,4075904,339838,4075904,team13,tie,2.9554287631165437,2.9554287631165437,2.9554287631165437,2.9554287631165437,0.0,0.0,A题研究/直接迭代/第六轮成果/方案/p1/n3/case_018_multicore_res.json,repository,方案/p1/n3/case_018_multicore_res.json,round6,ledger comparison; union not independently replayed
case_018,1,4,1004367,254635,254635,254635,6577920,6577920,254635,6577920,team13,tie,3.9443399375576806,3.9443399375576806,3.9443399375576806,3.9443399375576806,0.0,0.0,A题研究/直接迭代/第六轮成果/方案/p1/n4/case_018_multicore_res.json,repository,方案/p1/n4/case_018_multicore_res.json,round6,ledger comparison; union not independently replayed
case_018,1,5,1004367,205917,205917,205917,5320704,5320704,205917,5320704,team13,tie,4.8775331808447095,4.8775331808447095,4.8775331808447095,4.8775331808447095,0.0,0.0,A题研究/直接迭代/第六轮成果/方案/p1/n5/case_018_multicore_res.json,repository,方案/p1/n5/case_018_multicore_res.json,round6,ledger comparison; union not independently replayed
case_018,2,1,1004367,1004367,1004367,1004367,1970176,1970176,1004367,1970176,team13,tie,1.0,1.0,1.0,1.0,0.0,0.0,A题研究/直接迭代/第六轮成果/方案/p2/n1/case_018_multicore_res.json,repository,方案/p2/n1/case_018_multicore_res.json,round6,ledger comparison; union not independently replayed
case_018,2,2,1004367,502396,502396,502396,3253248,3253248,502396,3253248,team13,tie,1.9991540537743135,1.9991540537743135,1.9991540537743135,1.9991540537743135,0.0,0.0,A题研究/直接迭代/第六轮成果/方案/p2/n2/case_018_multicore_res.json,repository,方案/p2/n2/case_018_multicore_res.json,round6,ledger comparison; union not independently replayed
case_018,2,3,1004367,337775,337775,337775,4075904,4075904,337775,4075904,team13,tie,2.973479387166013,2.973479387166013,2.973479387166013,2.973479387166013,0.0,0.0,A题研究/直接迭代/第六轮成果/方案/p2/n3/case_018_multicore_res.json,repository,方案/p2/n3/case_018_multicore_res.json,round6,ledger comparison; union not independently replayed
case_018,2,4,1004367,254221,254221,254221,4880128,4880128,254221,4880128,team13,tie,3.950763312236204,3.950763312236204,3.950763312236204,3.950763312236204,0.0,0.0,A题研究/直接迭代/第六轮成果/方案/p2/n4/case_018_multicore_res.json,repository,方案/p2/n4/case_018_multicore_res.json,round6,ledger comparison; union not independently replayed
case_018,2,5,1004367,204654,204654,197737,5324800,4825088,197737,4825088,team13,team13,4.907634348705621,4.907634348705621,5.079307362810197,5.079307362810197,0.0,3.3798508702493013,A题研究/直接迭代/第六轮成果/方案/p2/n5/case_018_multicore_res.json,repository,方案/p2/n5/case_018_multicore_res.json,round6,ledger comparison; union not independently replayed
case_018,3,1,1004367,1003110,1003110,1003110,1970176,1970176,1003110,1970176,team13,tie,1.0012531028501361,1.0012531028501361,1.0012531028501361,1.0012531028501361,0.0,0.0,A题研究/直接迭代/第六轮成果/方案/p3/n1/case_018_multicore_res.json,repository,方案/p3/n1/case_018_multicore_res.json,round6,ledger comparison; union not independently replayed
case_018,3,2,1004367,500499,500499,500499,3253248,3253248,500499,3253248,team13,tie,2.0067312821803838,2.0067312821803838,2.0067312821803838,2.0067312821803838,0.0,0.0,A题研究/直接迭代/第六轮成果/方案/p3/n2/case_018_multicore_res.json,repository,方案/p3/n2/case_018_multicore_res.json,round6,ledger comparison; union not independently replayed
case_018,3,3,1004367,336999,336999,336999,4075904,4075904,336999,4075904,team13,tie,2.980326351116769,2.980326351116769,2.980326351116769,2.980326351116769,0.0,0.0,A题研究/直接迭代/第六轮成果/方案/p3/n3/case_018_multicore_res.json,repository,方案/p3/n3/case_018_multicore_res.json,round6,ledger comparison; union not independently replayed
case_018,3,4,1004367,253930,253930,253930,4880128,4880128,253930,4880128,team13,tie,3.9552908281809946,3.9552908281809946,3.9552908281809946,3.9552908281809946,0.0,0.0,A题研究/直接迭代/第六轮成果/方案/p3/n4/case_018_multicore_res.json,repository,方案/p3/n4/case_018_multicore_res.json,round6,ledger comparison; union not independently replayed
case_018,3,5,1004367,201238,201238,196701,5324800,4825088,196701,4825088,team13,team13,4.990941074747314,4.990941074747314,5.106059450638279,5.106059450638279,0.0,2.2545443703475443,A题研究/直接迭代/第六轮成果/方案/p3/n5/case_018_multicore_res.json,repository,方案/p3/n5/case_018_multicore_res.json,round6,ledger comparison; union not independently replayed
case_019,1,1,81144,81144,81144,81144,0,0,81144,0,team13,tie,1.0,1.0,1.0,1.0,0.0,0.0,A题研究/直接迭代/第六轮成果/方案/p1/n1/case_019_multicore_res.json,repository,方案/p1/n1/case_019_multicore_res.json,round6,ledger comparison; union not independently replayed
case_019,1,2,81144,41238,41238,41238,27168,27168,41238,27168,team13,tie,1.9676996944565692,1.9676996944565692,1.9676996944565692,1.9676996944565692,0.0,0.0,A题研究/直接迭代/第六轮成果/方案/p1/n2/case_019_multicore_res.json,repository,方案/p1/n2/case_019_multicore_res.json,round6,ledger comparison; union not independently replayed
case_019,1,3,81144,28986,28986,28986,27168,27168,28986,27168,team13,tie,2.7994204098530324,2.7994204098530324,2.7994204098530324,2.7994204098530324,0.0,0.0,A题研究/直接迭代/第六轮成果/方案/p1/n3/case_019_multicore_res.json,repository,方案/p1/n3/case_019_multicore_res.json,round6,ledger comparison; union not independently replayed
case_019,1,4,81144,24099,24099,24099,51744,51744,24099,51744,team13,tie,3.3671106684924688,3.3671106684924688,3.3671106684924688,3.3671106684924688,0.0,0.0,A题研究/直接迭代/第六轮成果/方案/p1/n4/case_019_multicore_res.json,repository,方案/p1/n4/case_019_multicore_res.json,round6,ledger comparison; union not independently replayed
case_019,1,5,81144,19414,19414,18981,289924,289924,18981,289924,team13,team13,4.179664159884619,4.179664159884619,4.275011853959223,4.275011853959223,0.0,2.2303492325126184,A题研究/直接迭代/第六轮成果/方案/p1/n5/case_019_multicore_res.json,repository,方案/p1/n5/case_019_multicore_res.json,round6,ledger comparison; union not independently replayed
case_019,2,1,81144,77857,77857,77857,0,0,77857,0,team13,tie,1.0422184260888552,1.0422184260888552,1.0422184260888552,1.0422184260888552,0.0,0.0,A题研究/直接迭代/第六轮成果/方案/p2/n1/case_019_multicore_res.json,repository,方案/p2/n1/case_019_multicore_res.json,round6,ledger comparison; union not independently replayed
case_019,2,2,81144,31100,31100,31100,1043448,1043448,31100,1043448,team13,tie,2.6091318327974276,2.6091318327974276,2.6091318327974276,2.6091318327974276,0.0,0.0,A题研究/直接迭代/第六轮成果/方案/p2/n2/case_019_multicore_res.json,repository,方案/p2/n2/case_019_multicore_res.json,round6,ledger comparison; union not independently replayed
case_019,2,3,81144,24938,24938,24938,974368,974368,24938,974368,team13,tie,3.2538294971529393,3.2538294971529393,3.2538294971529393,3.2538294971529393,0.0,0.0,A题研究/直接迭代/第六轮成果/方案/p2/n3/case_019_multicore_res.json,repository,方案/p2/n3/case_019_multicore_res.json,round6,ledger comparison; union not independently replayed
case_019,2,4,81144,22443,22443,22443,51744,51744,22443,51744,team13,tie,3.615559417190215,3.615559417190215,3.615559417190215,3.615559417190215,0.0,0.0,A题研究/直接迭代/第六轮成果/方案/p2/n4/case_019_multicore_res.json,repository,方案/p2/n4/case_019_multicore_res.json,round6,ledger comparison; union not independently replayed
case_019,2,5,81144,17473,16220,17473,379948,801900,16220,379948,ours,ours,4.643964974532135,5.002712700369914,4.643964974532135,5.002712700369914,7.1710639272019705,-7.725030826140578,新增精选方案/p2/n5/case_019_multicore_res.json,delivery,方案/p2/n5/case_019_multicore_res.json,unified_v2_best_known_replayed,ledger comparison; union not independently replayed
case_019,3,1,81144,77857,77857,77857,0,0,77857,0,team13,tie,1.0422184260888552,1.0422184260888552,1.0422184260888552,1.0422184260888552,0.0,0.0,A题研究/直接迭代/第六轮成果/方案/p3/n1/case_019_multicore_res.json,repository,方案/p3/n1/case_019_multicore_res.json,round6,ledger comparison; union not independently replayed
case_019,3,2,81144,30570,30570,30570,1043448,1043448,30570,1043448,team13,tie,2.654367026496565,2.654367026496565,2.654367026496565,2.654367026496565,0.0,0.0,A题研究/直接迭代/第六轮成果/方案/p3/n2/case_019_multicore_res.json,repository,方案/p3/n2/case_019_multicore_res.json,round6,ledger comparison; union not independently replayed
case_019,3,3,81144,23552,23552,23552,974368,974368,23552,974368,team13,tie,3.4453125,3.4453125,3.4453125,3.4453125,0.0,0.0,A题研究/直接迭代/第六轮成果/方案/p3/n3/case_019_multicore_res.json,repository,方案/p3/n3/case_019_multicore_res.json,round6,ledger comparison; union not independently replayed
case_019,3,4,81144,22443,22443,22443,51744,51744,22443,51744,team13,tie,3.615559417190215,3.615559417190215,3.615559417190215,3.615559417190215,0.0,0.0,A题研究/直接迭代/第六轮成果/方案/p3/n4/case_019_multicore_res.json,repository,方案/p3/n4/case_019_multicore_res.json,round6,ledger comparison; union not independently replayed
case_019,3,5,81144,15833,15396,15833,272468,801900,15396,272468,ours,ours,5.12499210509695,5.270459859703819,5.12499210509695,5.270459859703819,2.7600581064864516,-2.838399584307605,新增精选方案/p3/n5/case_019_multicore_res.json,delivery,方案/p3/n5/case_019_multicore_res.json,unified_v2_best_known_replayed,ledger comparison; union not independently replayed
case_020,1,1,532746,534174,534174,534174,0,0,534174,0,team13,tie,0.9973267137674241,0.9973267137674241,0.9973267137674241,0.9973267137674241,0.0,0.0,A题研究/直接迭代/第六轮成果/方案/p1/n1/case_020_multicore_res.json,repository,方案/p1/n1/case_020_multicore_res.json,round6,ledger comparison; union not independently replayed
case_020,1,2,532746,266580,266580,266580,0,0,266580,0,team13,tie,1.9984469952734638,1.9984469952734638,1.9984469952734638,1.9984469952734638,0.0,0.0,A题研究/直接迭代/第六轮成果/方案/p1/n2/case_020_multicore_res.json,repository,方案/p1/n2/case_020_multicore_res.json,round6,ledger comparison; union not independently replayed
case_020,1,3,532746,177950,177950,177950,0,0,177950,0,team13,tie,2.993796010115201,2.993796010115201,2.993796010115201,2.993796010115201,0.0,0.0,A题研究/直接迭代/第六轮成果/方案/p1/n3/case_020_multicore_res.json,repository,方案/p1/n3/case_020_multicore_res.json,round6,ledger comparison; union not independently replayed
case_020,1,4,532746,133704,133704,133704,0,0,133704,0,team13,tie,3.984518039849219,3.984518039849219,3.984518039849219,3.984518039849219,0.0,0.0,A题研究/直接迭代/第六轮成果/方案/p1/n4/case_020_multicore_res.json,repository,方案/p1/n4/case_020_multicore_res.json,round6,ledger comparison; union not independently replayed
case_020,1,5,532746,107494,107494,107494,0,0,107494,0,team13,tie,4.95605336111783,4.95605336111783,4.95605336111783,4.95605336111783,0.0,0.0,A题研究/直接迭代/第六轮成果/方案/p1/n5/case_020_multicore_res.json,repository,方案/p1/n5/case_020_multicore_res.json,round6,ledger comparison; union not independently replayed
case_020,2,1,532746,532746,532746,532746,0,0,532746,0,team13,tie,1.0,1.0,1.0,1.0,0.0,0.0,A题研究/直接迭代/第六轮成果/方案/p2/n1/case_020_multicore_res.json,repository,方案/p2/n1/case_020_multicore_res.json,round6,ledger comparison; union not independently replayed
case_020,2,2,532746,266580,266580,266580,0,0,266580,0,team13,tie,1.9984469952734638,1.9984469952734638,1.9984469952734638,1.9984469952734638,0.0,0.0,A题研究/直接迭代/第六轮成果/方案/p2/n2/case_020_multicore_res.json,repository,方案/p2/n2/case_020_multicore_res.json,round6,ledger comparison; union not independently replayed
case_020,2,3,532746,177950,177950,177950,0,0,177950,0,team13,tie,2.993796010115201,2.993796010115201,2.993796010115201,2.993796010115201,0.0,0.0,A题研究/直接迭代/第六轮成果/方案/p2/n3/case_020_multicore_res.json,repository,方案/p2/n3/case_020_multicore_res.json,round6,ledger comparison; union not independently replayed
case_020,2,4,532746,133704,133704,133704,0,0,133704,0,team13,tie,3.984518039849219,3.984518039849219,3.984518039849219,3.984518039849219,0.0,0.0,A题研究/直接迭代/第六轮成果/方案/p2/n4/case_020_multicore_res.json,repository,方案/p2/n4/case_020_multicore_res.json,round6,ledger comparison; union not independently replayed
case_020,2,5,532746,107187,107187,107187,0,0,107187,0,team13,tie,4.97024825771782,4.97024825771782,4.97024825771782,4.97024825771782,0.0,0.0,A题研究/直接迭代/第六轮成果/方案/p2/n5/case_020_multicore_res.json,repository,方案/p2/n5/case_020_multicore_res.json,round6,ledger comparison; union not independently replayed
case_020,3,1,532746,532746,532746,532746,0,0,532746,0,team13,tie,1.0,1.0,1.0,1.0,0.0,0.0,A题研究/直接迭代/第六轮成果/方案/p3/n1/case_020_multicore_res.json,repository,方案/p3/n1/case_020_multicore_res.json,round6,ledger comparison; union not independently replayed
case_020,3,2,532746,266580,266580,266580,0,0,266580,0,team13,tie,1.9984469952734638,1.9984469952734638,1.9984469952734638,1.9984469952734638,0.0,0.0,A题研究/直接迭代/第六轮成果/方案/p3/n2/case_020_multicore_res.json,repository,方案/p3/n2/case_020_multicore_res.json,round6,ledger comparison; union not independently replayed
case_020,3,3,532746,177950,177950,177950,0,0,177950,0,team13,tie,2.993796010115201,2.993796010115201,2.993796010115201,2.993796010115201,0.0,0.0,A题研究/直接迭代/第六轮成果/方案/p3/n3/case_020_multicore_res.json,repository,方案/p3/n3/case_020_multicore_res.json,round6,ledger comparison; union not independently replayed
case_020,3,4,532746,133704,133704,133704,0,0,133704,0,team13,tie,3.984518039849219,3.984518039849219,3.984518039849219,3.984518039849219,0.0,0.0,A题研究/直接迭代/第六轮成果/方案/p3/n4/case_020_multicore_res.json,repository,方案/p3/n4/case_020_multicore_res.json,round6,ledger comparison; union not independently replayed
case_020,3,5,532746,107187,107187,107187,0,0,107187,0,team13,tie,4.97024825771782,4.97024825771782,4.97024825771782,4.97024825771782,0.0,0.0,A题研究/直接迭代/第六轮成果/方案/p3/n5/case_020_multicore_res.json,repository,方案/p3/n5/case_020_multicore_res.json,round6,ledger comparison; union not independently replayed
case_021,1,1,6567937,6484242,6484242,6484242,5222400,5222400,6484242,5222400,team13,tie,1.0129074454654838,1.0129074454654838,1.0129074454654838,1.0129074454654838,0.0,0.0,A题研究/直接迭代/第六轮成果/方案/p1/n1/case_021_multicore_res.json,repository,方案/p1/n1/case_021_multicore_res.json,round6,ledger comparison; union not independently replayed
case_021,1,2,6567937,3102580,3102580,3102580,6656000,6656000,3102580,6656000,team13,tie,2.1169275248341703,2.1169275248341703,2.1169275248341703,2.1169275248341703,0.0,0.0,A题研究/直接迭代/第六轮成果/方案/p1/n2/case_021_multicore_res.json,repository,方案/p1/n2/case_021_multicore_res.json,round6,ledger comparison; union not independently replayed
case_021,1,3,6567937,2118096,2118096,2118096,5883904,5883904,2118096,5883904,team13,tie,3.1008684214502082,3.1008684214502082,3.1008684214502082,3.1008684214502082,0.0,0.0,A题研究/直接迭代/第六轮成果/方案/p1/n3/case_021_multicore_res.json,repository,方案/p1/n3/case_021_multicore_res.json,round6,ledger comparison; union not independently replayed
case_021,1,4,6567937,1550324,1550324,1550324,4608000,4608000,1550324,4608000,team13,tie,4.236493145948847,4.236493145948847,4.236493145948847,4.236493145948847,0.0,0.0,A题研究/直接迭代/第六轮成果/方案/p1/n4/case_021_multicore_res.json,repository,方案/p1/n4/case_021_multicore_res.json,round6,ledger comparison; union not independently replayed
case_021,1,5,6567937,1243902,1243902,1243902,7372800,7372800,1243902,7372800,team13,tie,5.280108079253832,5.280108079253832,5.280108079253832,5.280108079253832,0.0,0.0,A题研究/直接迭代/第六轮成果/方案/p1/n5/case_021_multicore_res.json,repository,方案/p1/n5/case_021_multicore_res.json,round6,ledger comparison; union not independently replayed
case_021,2,1,6567937,6567937,6567937,6567937,4501504,4501504,6567937,4501504,team13,tie,1.0,1.0,1.0,1.0,0.0,0.0,A题研究/直接迭代/第六轮成果/方案/p2/n1/case_021_multicore_res.json,repository,方案/p2/n1/case_021_multicore_res.json,round6,ledger comparison; union not independently replayed
case_021,2,2,6567937,3193754,3193754,3193754,3174400,3174400,3193754,3174400,team13,tie,2.0564943323750047,2.0564943323750047,2.0564943323750047,2.0564943323750047,0.0,0.0,A题研究/直接迭代/第六轮成果/方案/p2/n2/case_021_multicore_res.json,repository,方案/p2/n2/case_021_multicore_res.json,round6,ledger comparison; union not independently replayed
case_021,2,3,6567937,2101778,2101778,2101778,6299648,6299648,2101778,6299648,team13,tie,3.1249432623236135,3.1249432623236135,3.1249432623236135,3.1249432623236135,0.0,0.0,A题研究/直接迭代/第六轮成果/方案/p2/n3/case_021_multicore_res.json,repository,方案/p2/n3/case_021_multicore_res.json,round6,ledger comparison; union not independently replayed
case_021,2,4,6567937,1550324,1550324,1550324,4608000,4608000,1550324,4608000,team13,tie,4.236493145948847,4.236493145948847,4.236493145948847,4.236493145948847,0.0,0.0,A题研究/直接迭代/第六轮成果/方案/p2/n4/case_021_multicore_res.json,repository,方案/p2/n4/case_021_multicore_res.json,round6,ledger comparison; union not independently replayed
case_021,2,5,6567937,1250168,1244571,1250099,6553600,11431936,1244571,6553600,ours,ours,5.253643510312214,5.277269838361974,5.253933488467713,5.277269838361974,0.4422049773657899,-0.44416911530158476,新增精选方案/p2/n5/case_021_multicore_res.json,delivery,方案/p2/n5/case_021_multicore_res.json,unified_v2_best_known_replayed,ledger comparison; union not independently replayed
case_021,3,1,6567937,6558837,6558837,6558837,4501504,4501504,6558837,4501504,team13,tie,1.0013874410966457,1.0013874410966457,1.0013874410966457,1.0013874410966457,0.0,0.0,A题研究/直接迭代/第六轮成果/方案/p3/n1/case_021_multicore_res.json,repository,方案/p3/n1/case_021_multicore_res.json,round6,ledger comparison; union not independently replayed
case_021,3,2,6567937,3192818,3192818,3192818,3174400,3174400,3192818,3174400,team13,tie,2.0570972100508076,2.0570972100508076,2.0570972100508076,2.0570972100508076,0.0,0.0,A题研究/直接迭代/第六轮成果/方案/p3/n2/case_021_multicore_res.json,repository,方案/p3/n2/case_021_multicore_res.json,round6,ledger comparison; union not independently replayed
case_021,3,3,6567937,2101648,2101648,2101648,6299648,6299648,2101648,6299648,team13,tie,3.1251365594999734,3.1251365594999734,3.1251365594999734,3.1251365594999734,0.0,0.0,A题研究/直接迭代/第六轮成果/方案/p3/n3/case_021_multicore_res.json,repository,方案/p3/n3/case_021_multicore_res.json,round6,ledger comparison; union not independently replayed
case_021,3,4,6567937,1550324,1550324,1550324,4608000,4608000,1550324,4608000,team13,tie,4.236493145948847,4.236493145948847,4.236493145948847,4.236493145948847,0.0,0.0,A题研究/直接迭代/第六轮成果/方案/p3/n4/case_021_multicore_res.json,repository,方案/p3/n4/case_021_multicore_res.json,round6,ledger comparison; union not independently replayed
case_021,3,5,6567937,1249311,1244853,1249311,7360512,11431936,1244853,7360512,ours,ours,5.2572473947639935,5.276074363800385,5.2572473947639935,5.276074363800385,0.3568366883826335,-0.3581145725639834,新增精选方案/p3/n5/case_021_multicore_res.json,delivery,方案/p3/n5/case_021_multicore_res.json,unified_v2_best_known_replayed,ledger comparison; union not independently replayed
case_022,1,1,56780,56916,56916,56916,6912,6912,56916,6912,team13,tie,0.997610513739546,0.997610513739546,0.997610513739546,0.997610513739546,0.0,0.0,A题研究/直接迭代/第六轮成果/方案/p1/n1/case_022_multicore_res.json,repository,方案/p1/n1/case_022_multicore_res.json,round6,ledger comparison; union not independently replayed
case_022,1,2,56780,28357,28357,28357,13824,13824,28357,13824,team13,tie,2.0023274676446734,2.0023274676446734,2.0023274676446734,2.0023274676446734,0.0,0.0,A题研究/直接迭代/第六轮成果/方案/p1/n2/case_022_multicore_res.json,repository,方案/p1/n2/case_022_multicore_res.json,round6,ledger comparison; union not independently replayed
case_022,1,3,56780,19153,19153,19153,20736,20736,19153,20736,team13,tie,2.9645486346786405,2.9645486346786405,2.9645486346786405,2.9645486346786405,0.0,0.0,A题研究/直接迭代/第六轮成果/方案/p1/n3/case_022_multicore_res.json,repository,方案/p1/n3/case_022_multicore_res.json,round6,ledger comparison; union not independently replayed
case_022,1,4,56780,14654,14654,14654,13824,13824,14654,13824,team13,tie,3.874709976798144,3.874709976798144,3.874709976798144,3.874709976798144,0.0,0.0,A题研究/直接迭代/第六轮成果/方案/p1/n4/case_022_multicore_res.json,repository,方案/p1/n4/case_022_multicore_res.json,round6,ledger comparison; union not independently replayed
case_022,1,5,56780,11828,11828,11828,20736,20736,11828,20736,team13,tie,4.800473452823808,4.800473452823808,4.800473452823808,4.800473452823808,0.0,0.0,A题研究/直接迭代/第六轮成果/方案/p1/n5/case_022_multicore_res.json,repository,方案/p1/n5/case_022_multicore_res.json,round6,ledger comparison; union not independently replayed
case_022,2,1,56780,56780,56780,56780,0,0,56780,0,team13,tie,1.0,1.0,1.0,1.0,0.0,0.0,A题研究/直接迭代/第六轮成果/方案/p2/n1/case_022_multicore_res.json,repository,方案/p2/n1/case_022_multicore_res.json,round6,ledger comparison; union not independently replayed
case_022,2,2,56780,28088,28088,28088,6912,6912,28088,6912,team13,tie,2.0215038450583878,2.0215038450583878,2.0215038450583878,2.0215038450583878,0.0,0.0,A题研究/直接迭代/第六轮成果/方案/p2/n2/case_022_multicore_res.json,repository,方案/p2/n2/case_022_multicore_res.json,round6,ledger comparison; union not independently replayed
case_022,2,3,56780,18709,18709,18709,17920,17920,18709,17920,team13,tie,3.034902987866802,3.034902987866802,3.034902987866802,3.034902987866802,0.0,0.0,A题研究/直接迭代/第六轮成果/方案/p2/n3/case_022_multicore_res.json,repository,方案/p2/n3/case_022_multicore_res.json,round6,ledger comparison; union not independently replayed
case_022,2,4,56780,14529,14529,14529,13824,13824,14529,13824,team13,tie,3.9080459770114944,3.9080459770114944,3.9080459770114944,3.9080459770114944,0.0,0.0,A题研究/直接迭代/第六轮成果/方案/p2/n4/case_022_multicore_res.json,repository,方案/p2/n4/case_022_multicore_res.json,round6,ledger comparison; union not independently replayed
case_022,2,5,56780,11576,11576,11576,13824,13824,11576,13824,team13,tie,4.904975812024879,4.904975812024879,4.904975812024879,4.904975812024879,0.0,0.0,A题研究/直接迭代/第六轮成果/方案/p2/n5/case_022_multicore_res.json,repository,方案/p2/n5/case_022_multicore_res.json,round6,ledger comparison; union not independently replayed
case_022,3,1,56780,56780,56780,56780,0,0,56780,0,team13,tie,1.0,1.0,1.0,1.0,0.0,0.0,A题研究/直接迭代/第六轮成果/方案/p3/n1/case_022_multicore_res.json,repository,方案/p3/n1/case_022_multicore_res.json,round6,ledger comparison; union not independently replayed
case_022,3,2,56780,27982,27982,27982,323328,323328,27982,323328,team13,tie,2.029161603888214,2.029161603888214,2.029161603888214,2.029161603888214,0.0,0.0,A题研究/直接迭代/第六轮成果/方案/p3/n2/case_022_multicore_res.json,repository,方案/p3/n2/case_022_multicore_res.json,round6,ledger comparison; union not independently replayed
case_022,3,3,56780,18709,18709,18709,17920,17920,18709,17920,team13,tie,3.034902987866802,3.034902987866802,3.034902987866802,3.034902987866802,0.0,0.0,A题研究/直接迭代/第六轮成果/方案/p3/n3/case_022_multicore_res.json,repository,方案/p3/n3/case_022_multicore_res.json,round6,ledger comparison; union not independently replayed
case_022,3,4,56780,14529,14529,14529,13824,13824,14529,13824,team13,tie,3.9080459770114944,3.9080459770114944,3.9080459770114944,3.9080459770114944,0.0,0.0,A题研究/直接迭代/第六轮成果/方案/p3/n4/case_022_multicore_res.json,repository,方案/p3/n4/case_022_multicore_res.json,round6,ledger comparison; union not independently replayed
case_022,3,5,56780,11576,11576,11576,13824,13824,11576,13824,team13,tie,4.904975812024879,4.904975812024879,4.904975812024879,4.904975812024879,0.0,0.0,A题研究/直接迭代/第六轮成果/方案/p3/n5/case_022_multicore_res.json,repository,方案/p3/n5/case_022_multicore_res.json,round6,ledger comparison; union not independently replayed
case_023,1,1,122614,122614,122614,122614,0,0,122614,0,team13,tie,1.0,1.0,1.0,1.0,0.0,0.0,A题研究/直接迭代/第六轮成果/方案/p1/n1/case_023_multicore_res.json,repository,方案/p1/n1/case_023_multicore_res.json,round6,ledger comparison; union not independently replayed
case_023,1,2,122614,61829,61829,61829,74016,74016,61829,74016,team13,tie,1.983114719629947,1.983114719629947,1.983114719629947,1.983114719629947,0.0,0.0,A题研究/直接迭代/第六轮成果/方案/p1/n2/case_023_multicore_res.json,repository,方案/p1/n2/case_023_multicore_res.json,round6,ledger comparison; union not independently replayed
case_023,1,3,122614,40862,40862,40862,354720,354720,40862,354720,team13,tie,3.000685233224022,3.000685233224022,3.000685233224022,3.000685233224022,0.0,0.0,A题研究/直接迭代/第六轮成果/方案/p1/n3/case_023_multicore_res.json,repository,方案/p1/n3/case_023_multicore_res.json,round6,ledger comparison; union not independently replayed
case_023,1,4,122614,30838,30838,30838,281280,281280,30838,281280,team13,tie,3.9760684869317076,3.9760684869317076,3.9760684869317076,3.9760684869317076,0.0,0.0,A题研究/直接迭代/第六轮成果/方案/p1/n4/case_023_multicore_res.json,repository,方案/p1/n4/case_023_multicore_res.json,round6,ledger comparison; union not independently replayed
case_023,1,5,122614,23846,23846,23846,355008,355008,23846,355008,team13,tie,5.141910592971567,5.141910592971567,5.141910592971567,5.141910592971567,0.0,0.0,A题研究/直接迭代/第六轮成果/方案/p1/n5/case_023_multicore_res.json,repository,方案/p1/n5/case_023_multicore_res.json,round6,ledger comparison; union not independently replayed
case_023,2,1,122614,122614,122614,122614,0,0,122614,0,team13,tie,1.0,1.0,1.0,1.0,0.0,0.0,A题研究/直接迭代/第六轮成果/方案/p2/n1/case_023_multicore_res.json,repository,方案/p2/n1/case_023_multicore_res.json,round6,ledger comparison; union not independently replayed
case_023,2,2,122614,49177,49177,49177,1908610,1908610,49177,1908610,team13,tie,2.493320047989914,2.493320047989914,2.493320047989914,2.493320047989914,0.0,0.0,A题研究/直接迭代/第六轮成果/方案/p2/n2/case_023_multicore_res.json,repository,方案/p2/n2/case_023_multicore_res.json,round6,ledger comparison; union not independently replayed
case_023,2,3,122614,33592,33592,33592,196896,196896,33592,196896,team13,tie,3.6500952607763755,3.6500952607763755,3.6500952607763755,3.6500952607763755,0.0,0.0,A题研究/直接迭代/第六轮成果/方案/p2/n3/case_023_multicore_res.json,repository,方案/p2/n3/case_023_multicore_res.json,round6,ledger comparison; union not independently replayed
case_023,2,4,122614,24223,24223,24223,278208,278208,24223,278208,team13,tie,5.061883334021385,5.061883334021385,5.061883334021385,5.061883334021385,0.0,0.0,A题研究/直接迭代/第六轮成果/方案/p2/n4/case_023_multicore_res.json,repository,方案/p2/n4/case_023_multicore_res.json,round6,ledger comparison; union not independently replayed
case_023,2,5,122614,20245,20245,19915,270912,280992,19915,280992,team13,team13,6.056507779698691,6.056507779698691,6.156866683404469,6.156866683404469,0.0,1.6300321066930135,A题研究/直接迭代/第六轮成果/方案/p2/n5/case_023_multicore_res.json,repository,方案/p2/n5/case_023_multicore_res.json,round6,ledger comparison; union not independently replayed
case_023,3,1,122614,122614,122614,122614,0,0,122614,0,team13,tie,1.0,1.0,1.0,1.0,0.0,0.0,A题研究/直接迭代/第六轮成果/方案/p3/n1/case_023_multicore_res.json,repository,方案/p3/n1/case_023_multicore_res.json,round6,ledger comparison; union not independently replayed
case_023,3,2,122614,47920,47920,47920,1908610,1908610,47920,1908610,team13,tie,2.558722871452421,2.558722871452421,2.558722871452421,2.558722871452421,0.0,0.0,A题研究/直接迭代/第六轮成果/方案/p3/n2/case_023_multicore_res.json,repository,方案/p3/n2/case_023_multicore_res.json,round6,ledger comparison; union not independently replayed
case_023,3,3,122614,33592,33592,33592,196896,196896,33592,196896,team13,tie,3.6500952607763755,3.6500952607763755,3.6500952607763755,3.6500952607763755,0.0,0.0,A题研究/直接迭代/第六轮成果/方案/p3/n3/case_023_multicore_res.json,repository,方案/p3/n3/case_023_multicore_res.json,round6,ledger comparison; union not independently replayed
case_023,3,4,122614,24223,24223,24223,278208,278208,24223,278208,team13,tie,5.061883334021385,5.061883334021385,5.061883334021385,5.061883334021385,0.0,0.0,A题研究/直接迭代/第六轮成果/方案/p3/n4/case_023_multicore_res.json,repository,方案/p3/n4/case_023_multicore_res.json,round6,ledger comparison; union not independently replayed
case_023,3,5,122614,20159,20159,19711,270912,280992,19711,280992,team13,team13,6.082345354432263,6.082345354432263,6.220587489219218,6.220587489219218,0.0,2.2223324569671132,A题研究/直接迭代/第六轮成果/方案/p3/n5/case_023_multicore_res.json,repository,方案/p3/n5/case_023_multicore_res.json,round6,ledger comparison; union not independently replayed
case_024,1,1,2555343,2560775,2560775,2560775,2228372,2228372,2560775,2228372,team13,tie,0.9978787671700949,0.9978787671700949,0.9978787671700949,0.9978787671700949,0.0,0.0,A题研究/直接迭代/第六轮成果/方案/p1/n1/case_024_multicore_res.json,repository,方案/p1/n1/case_024_multicore_res.json,round6,ledger comparison; union not independently replayed
case_024,1,2,2555343,1603810,1603810,1603810,39327848,39327848,1603810,39327848,team13,tie,1.5932953404705046,1.5932953404705046,1.5932953404705046,1.5932953404705046,0.0,0.0,A题研究/直接迭代/第六轮成果/方案/p1/n2/case_024_multicore_res.json,repository,方案/p1/n2/case_024_multicore_res.json,round6,ledger comparison; union not independently replayed
case_024,1,3,2555343,1315118,1315118,1315118,39327848,39327848,1315118,39327848,team13,tie,1.9430522584285213,1.9430522584285213,1.9430522584285213,1.9430522584285213,0.0,0.0,A题研究/直接迭代/第六轮成果/方案/p1/n3/case_024_multicore_res.json,repository,方案/p1/n3/case_024_multicore_res.json,round6,ledger comparison; union not independently replayed
case_024,1,4,2555343,1214514,1214514,1214514,39328248,39328248,1214514,39328248,team13,tie,2.1040045647888785,2.1040045647888785,2.1040045647888785,2.1040045647888785,0.0,0.0,A题研究/直接迭代/第六轮成果/方案/p1/n4/case_024_multicore_res.json,repository,方案/p1/n4/case_024_multicore_res.json,round6,ledger comparison; union not independently replayed
case_024,1,5,2555343,1095114,1095114,1095114,39328048,39328048,1095114,39328048,team13,tie,2.3334036456478504,2.3334036456478504,2.3334036456478504,2.3334036456478504,0.0,0.0,A题研究/直接迭代/第六轮成果/方案/p1/n5/case_024_multicore_res.json,repository,方案/p1/n5/case_024_multicore_res.json,round6,ledger comparison; union not independently replayed
case_024,2,1,2555343,2555343,2555343,2555343,0,0,2555343,0,team13,tie,1.0,1.0,1.0,1.0,0.0,0.0,A题研究/直接迭代/第六轮成果/方案/p2/n1/case_024_multicore_res.json,repository,方案/p2/n1/case_024_multicore_res.json,round6,ledger comparison; union not independently replayed
case_024,2,2,2555343,1335245,1335245,1335245,396852,396852,1335245,396852,team13,tie,1.9137633917370969,1.9137633917370969,1.9137633917370969,1.9137633917370969,0.0,0.0,A题研究/直接迭代/第六轮成果/方案/p2/n2/case_024_multicore_res.json,repository,方案/p2/n2/case_024_multicore_res.json,round6,ledger comparison; union not independently replayed
case_024,2,3,2555343,954489,954489,954489,266588,266588,954489,266588,team13,tie,2.6771843363307486,2.6771843363307486,2.6771843363307486,2.6771843363307486,0.0,0.0,A题研究/直接迭代/第六轮成果/方案/p2/n3/case_024_multicore_res.json,repository,方案/p2/n3/case_024_multicore_res.json,round6,ledger comparison; union not independently replayed
case_024,2,4,2555343,744106,744106,744106,201852,201852,744106,201852,team13,tie,3.434111537872292,3.434111537872292,3.434111537872292,3.434111537872292,0.0,0.0,A题研究/直接迭代/第六轮成果/方案/p2/n4/case_024_multicore_res.json,repository,方案/p2/n4/case_024_multicore_res.json,round6,ledger comparison; union not independently replayed
case_024,2,5,2555343,658886,658886,658886,13637536,13637536,658886,13637536,team13,tie,3.8782778811509124,3.8782778811509124,3.8782778811509124,3.8782778811509124,0.0,0.0,A题研究/直接迭代/第六轮成果/方案/p2/n5/case_024_multicore_res.json,repository,方案/p2/n5/case_024_multicore_res.json,round6,ledger comparison; union not independently replayed
case_024,3,1,2555343,2555343,2555343,2555343,0,0,2555343,0,team13,tie,1.0,1.0,1.0,1.0,0.0,0.0,A题研究/直接迭代/第六轮成果/方案/p3/n1/case_024_multicore_res.json,repository,方案/p3/n1/case_024_multicore_res.json,round6,ledger comparison; union not independently replayed
case_024,3,2,2555343,1334413,1334413,1334413,396852,396852,1334413,396852,team13,tie,1.9149566138819092,1.9149566138819092,1.9149566138819092,1.9149566138819092,0.0,0.0,A题研究/直接迭代/第六轮成果/方案/p3/n2/case_024_multicore_res.json,repository,方案/p3/n2/case_024_multicore_res.json,round6,ledger comparison; union not independently replayed
case_024,3,3,2555343,953896,953896,953896,266588,266588,953896,266588,team13,tie,2.678848637587326,2.678848637587326,2.678848637587326,2.678848637587326,0.0,0.0,A题研究/直接迭代/第六轮成果/方案/p3/n3/case_024_multicore_res.json,repository,方案/p3/n3/case_024_multicore_res.json,round6,ledger comparison; union not independently replayed
case_024,3,4,2555343,743615,743615,743615,201852,201852,743615,201852,team13,tie,3.4363790402291507,3.4363790402291507,3.4363790402291507,3.4363790402291507,0.0,0.0,A题研究/直接迭代/第六轮成果/方案/p3/n4/case_024_multicore_res.json,repository,方案/p3/n4/case_024_multicore_res.json,round6,ledger comparison; union not independently replayed
case_024,3,5,2555343,656657,656657,656657,13637536,13637536,656657,13637536,team13,tie,3.8914425643829276,3.8914425643829276,3.8914425643829276,3.8914425643829276,0.0,0.0,A题研究/直接迭代/第六轮成果/方案/p3/n5/case_024_multicore_res.json,repository,方案/p3/n5/case_024_multicore_res.json,round6,ledger comparison; union not independently replayed
case_025,1,1,4863026,4869182,4863368,4869182,27648,497664,4863368,27648,ours,ours,0.998735721934403,0.9999296783628135,0.998735721934403,0.9999296783628135,0.11940403952861445,-0.11954678321690615,新增精选方案/p1/n1/case_025_multicore_res.json,delivery,方案/p1/n1/case_025_multicore_res.json,unified_v2_best_known_replayed,ledger comparison; union not independently replayed
case_025,1,2,4863026,2431840,2431840,2431840,27648,27648,2431840,27648,team13,tie,1.9997310678334101,1.9997310678334101,1.9997310678334101,1.9997310678334101,0.0,0.0,A题研究/直接迭代/第六轮成果/方案/p1/n2/case_025_multicore_res.json,repository,方案/p1/n2/case_025_multicore_res.json,round6,ledger comparison; union not independently replayed
case_025,1,3,4863026,1622164,1622164,1622164,55296,55296,1622164,55296,team13,tie,2.9978633479722148,2.9978633479722148,2.9978633479722148,2.9978633479722148,0.0,0.0,A题研究/直接迭代/第六轮成果/方案/p1/n3/case_025_multicore_res.json,repository,方案/p1/n3/case_025_multicore_res.json,round6,ledger comparison; union not independently replayed
case_025,1,4,4863026,1217444,1217444,1217444,82944,82944,1217444,82944,team13,tie,3.9944555971362954,3.9944555971362954,3.9944555971362954,3.9944555971362954,0.0,0.0,A题研究/直接迭代/第六轮成果/方案/p1/n4/case_025_multicore_res.json,repository,方案/p1/n4/case_025_multicore_res.json,round6,ledger comparison; union not independently replayed
case_025,1,5,4863026,975282,975282,975282,110592,110592,975282,110592,team13,tie,4.986276789687495,4.986276789687495,4.986276789687495,4.986276789687495,0.0,0.0,A题研究/直接迭代/第六轮成果/方案/p1/n5/case_025_multicore_res.json,repository,方案/p1/n5/case_025_multicore_res.json,round6,ledger comparison; union not independently replayed
case_025,2,1,4863026,4863026,4703066,4863026,0,0,4703066,0,ours,ours,1.0,1.034011855245068,1.0,1.034011855245068,3.289309989294731,-3.401185524506789,新增精选方案/p2/n1/case_025_multicore_res.json,delivery,方案/p2/n1/case_025_multicore_res.json,unified_v2_best_known_replayed,ledger comparison; union not independently replayed
case_025,2,2,4863026,2431840,2431840,2431840,27648,27648,2431840,27648,team13,tie,1.9997310678334101,1.9997310678334101,1.9997310678334101,1.9997310678334101,0.0,0.0,A题研究/直接迭代/第六轮成果/方案/p2/n2/case_025_multicore_res.json,repository,方案/p2/n2/case_025_multicore_res.json,round6,ledger comparison; union not independently replayed
case_025,2,3,4863026,1622164,1622164,1622164,55296,55296,1622164,55296,team13,tie,2.9978633479722148,2.9978633479722148,2.9978633479722148,2.9978633479722148,0.0,0.0,A题研究/直接迭代/第六轮成果/方案/p2/n3/case_025_multicore_res.json,repository,方案/p2/n3/case_025_multicore_res.json,round6,ledger comparison; union not independently replayed
case_025,2,4,4863026,1217444,1217444,1217444,82944,82944,1217444,82944,team13,tie,3.9944555971362954,3.9944555971362954,3.9944555971362954,3.9944555971362954,0.0,0.0,A题研究/直接迭代/第六轮成果/方案/p2/n4/case_025_multicore_res.json,repository,方案/p2/n4/case_025_multicore_res.json,round6,ledger comparison; union not independently replayed
case_025,2,5,4863026,974747,973802,942350,20585472,118272,942350,118272,team13,team13,4.98901355941593,4.993855013647538,5.160530588422561,5.160530588422561,0.0,3.229814685120791,新增精选方案/p2/n5/case_025_multicore_res.json,delivery,方案/p2/n5/case_025_multicore_res.json,unified_v2_best_known_replayed,ledger comparison; union not independently replayed
case_025,3,1,4863026,4863026,4703066,4863026,0,0,4703066,0,ours,ours,1.0,1.034011855245068,1.0,1.034011855245068,3.289309989294731,-3.401185524506789,新增精选方案/p3/n1/case_025_multicore_res.json,delivery,方案/p3/n1/case_025_multicore_res.json,unified_v2_best_known_replayed,ledger comparison; union not independently replayed
case_025,3,2,4863026,2431840,2431840,2431840,27648,27648,2431840,27648,team13,tie,1.9997310678334101,1.9997310678334101,1.9997310678334101,1.9997310678334101,0.0,0.0,A题研究/直接迭代/第六轮成果/方案/p3/n2/case_025_multicore_res.json,repository,方案/p3/n2/case_025_multicore_res.json,round6,ledger comparison; union not independently replayed
case_025,3,3,4863026,1622164,1622164,1622164,55296,55296,1622164,55296,team13,tie,2.9978633479722148,2.9978633479722148,2.9978633479722148,2.9978633479722148,0.0,0.0,A题研究/直接迭代/第六轮成果/方案/p3/n3/case_025_multicore_res.json,repository,方案/p3/n3/case_025_multicore_res.json,round6,ledger comparison; union not independently replayed
case_025,3,4,4863026,1217444,1217444,1217444,82944,82944,1217444,82944,team13,tie,3.9944555971362954,3.9944555971362954,3.9944555971362954,3.9944555971362954,0.0,0.0,A题研究/直接迭代/第六轮成果/方案/p3/n4/case_025_multicore_res.json,repository,方案/p3/n4/case_025_multicore_res.json,round6,ledger comparison; union not independently replayed
case_025,3,5,4863026,974747,973802,942350,20577792,118272,942350,118272,team13,team13,4.98901355941593,4.993855013647538,5.160530588422561,5.160530588422561,0.0,3.229814685120791,新增精选方案/p3/n5/case_025_multicore_res.json,delivery,方案/p3/n5/case_025_multicore_res.json,unified_v2_best_known_replayed,ledger comparison; union not independently replayed
case_026,1,1,99203,99203,99203,99203,0,0,99203,0,team13,tie,1.0,1.0,1.0,1.0,0.0,0.0,A题研究/直接迭代/第六轮成果/方案/p1/n1/case_026_multicore_res.json,repository,方案/p1/n1/case_026_multicore_res.json,round6,ledger comparison; union not independently replayed
case_026,1,2,99203,56614,56614,56614,217872,217872,56614,217872,team13,tie,1.752269756597308,1.752269756597308,1.752269756597308,1.752269756597308,0.0,0.0,A题研究/直接迭代/第六轮成果/方案/p1/n2/case_026_multicore_res.json,repository,方案/p1/n2/case_026_multicore_res.json,round6,ledger comparison; union not independently replayed
case_026,1,3,99203,41655,41655,41655,95664,95664,41655,95664,team13,tie,2.3815388308726444,2.3815388308726444,2.3815388308726444,2.3815388308726444,0.0,0.0,A题研究/直接迭代/第六轮成果/方案/p1/n3/case_026_multicore_res.json,repository,方案/p1/n3/case_026_multicore_res.json,round6,ledger comparison; union not independently replayed
case_026,1,4,99203,41655,41655,41655,95664,95664,41655,95664,team13,tie,2.3815388308726444,2.3815388308726444,2.3815388308726444,2.3815388308726444,0.0,0.0,A题研究/直接迭代/第六轮成果/方案/p1/n4/case_026_multicore_res.json,repository,方案/p1/n4/case_026_multicore_res.json,round6,ledger comparison; union not independently replayed
case_026,1,5,99203,41655,41655,41655,95664,95664,41655,95664,team13,tie,2.3815388308726444,2.3815388308726444,2.3815388308726444,2.3815388308726444,0.0,0.0,A题研究/直接迭代/第六轮成果/方案/p1/n5/case_026_multicore_res.json,repository,方案/p1/n5/case_026_multicore_res.json,round6,ledger comparison; union not independently replayed
case_026,2,1,99203,99203,99203,99203,0,0,99203,0,team13,tie,1.0,1.0,1.0,1.0,0.0,0.0,A题研究/直接迭代/第六轮成果/方案/p2/n1/case_026_multicore_res.json,repository,方案/p2/n1/case_026_multicore_res.json,round6,ledger comparison; union not independently replayed
case_026,2,2,99203,49039,49039,49039,288,288,49039,288,team13,tie,2.02294092457024,2.02294092457024,2.02294092457024,2.02294092457024,0.0,0.0,A题研究/直接迭代/第六轮成果/方案/p2/n2/case_026_multicore_res.json,repository,方案/p2/n2/case_026_multicore_res.json,round6,ledger comparison; union not independently replayed
case_026,2,3,99203,41655,41655,41655,95664,95664,41655,95664,team13,tie,2.3815388308726444,2.3815388308726444,2.3815388308726444,2.3815388308726444,0.0,0.0,A题研究/直接迭代/第六轮成果/方案/p2/n3/case_026_multicore_res.json,repository,方案/p2/n3/case_026_multicore_res.json,round6,ledger comparison; union not independently replayed
case_026,2,4,99203,41655,41655,41655,95664,95664,41655,95664,team13,tie,2.3815388308726444,2.3815388308726444,2.3815388308726444,2.3815388308726444,0.0,0.0,A题研究/直接迭代/第六轮成果/方案/p2/n4/case_026_multicore_res.json,repository,方案/p2/n4/case_026_multicore_res.json,round6,ledger comparison; union not independently replayed
case_026,2,5,99203,28623,28623,28623,765184,765184,28623,765184,team13,tie,3.465849142298152,3.465849142298152,3.465849142298152,3.465849142298152,0.0,0.0,A题研究/直接迭代/第六轮成果/方案/p2/n5/case_026_multicore_res.json,repository,方案/p2/n5/case_026_multicore_res.json,round6,ledger comparison; union not independently replayed
case_026,3,1,99203,99203,99203,99203,0,0,99203,0,team13,tie,1.0,1.0,1.0,1.0,0.0,0.0,A题研究/直接迭代/第六轮成果/方案/p3/n1/case_026_multicore_res.json,repository,方案/p3/n1/case_026_multicore_res.json,round6,ledger comparison; union not independently replayed
case_026,3,2,99203,49039,49039,49039,288,288,49039,288,team13,tie,2.02294092457024,2.02294092457024,2.02294092457024,2.02294092457024,0.0,0.0,A题研究/直接迭代/第六轮成果/方案/p3/n2/case_026_multicore_res.json,repository,方案/p3/n2/case_026_multicore_res.json,round6,ledger comparison; union not independently replayed
case_026,3,3,99203,41655,41655,41655,95664,95664,41655,95664,team13,tie,2.3815388308726444,2.3815388308726444,2.3815388308726444,2.3815388308726444,0.0,0.0,A题研究/直接迭代/第六轮成果/方案/p3/n3/case_026_multicore_res.json,repository,方案/p3/n3/case_026_multicore_res.json,round6,ledger comparison; union not independently replayed
case_026,3,4,99203,41655,41655,41655,95664,95664,41655,95664,team13,tie,2.3815388308726444,2.3815388308726444,2.3815388308726444,2.3815388308726444,0.0,0.0,A题研究/直接迭代/第六轮成果/方案/p3/n4/case_026_multicore_res.json,repository,方案/p3/n4/case_026_multicore_res.json,round6,ledger comparison; union not independently replayed
case_026,3,5,99203,26036,26036,26036,765184,765184,26036,765184,team13,tie,3.8102243048087265,3.8102243048087265,3.8102243048087265,3.8102243048087265,0.0,0.0,A题研究/直接迭代/第六轮成果/方案/p3/n5/case_026_multicore_res.json,repository,方案/p3/n5/case_026_multicore_res.json,round6,ledger comparison; union not independently replayed
case_027,1,1,2363952,2319327,2319327,2319327,1886208,1886208,2319327,1886208,team13,tie,1.0192404951953735,1.0192404951953735,1.0192404951953735,1.0192404951953735,0.0,0.0,A题研究/直接迭代/第六轮成果/方案/p1/n1/case_027_multicore_res.json,repository,方案/p1/n1/case_027_multicore_res.json,round6,ledger comparison; union not independently replayed
case_027,1,2,2363952,1116984,1116984,1116984,1843200,1843200,1116984,1843200,team13,tie,2.1163705120216583,2.1163705120216583,2.1163705120216583,2.1163705120216583,0.0,0.0,A题研究/直接迭代/第六轮成果/方案/p1/n2/case_027_multicore_res.json,repository,方案/p1/n2/case_027_multicore_res.json,round6,ledger comparison; union not independently replayed
case_027,1,3,2363952,837049,837049,837049,3686400,3686400,837049,3686400,team13,tie,2.8241500796249683,2.8241500796249683,2.8241500796249683,2.8241500796249683,0.0,0.0,A题研究/直接迭代/第六轮成果/方案/p1/n3/case_027_multicore_res.json,repository,方案/p1/n3/case_027_multicore_res.json,round6,ledger comparison; union not independently replayed
case_027,1,4,2363952,559196,559196,559196,2211840,2211840,559196,2211840,team13,tie,4.227412213249022,4.227412213249022,4.227412213249022,4.227412213249022,0.0,0.0,A题研究/直接迭代/第六轮成果/方案/p1/n4/case_027_multicore_res.json,repository,方案/p1/n4/case_027_multicore_res.json,round6,ledger comparison; union not independently replayed
case_027,1,5,2363952,558753,497285,473151,11280384,8085504,473151,8085504,team13,team13,4.230763861670542,4.753716681580984,4.996189377175574,4.996189377175574,0.0,4.853152618719648,新增精选方案/p1/n5/case_027_multicore_res.json,delivery,方案/p1/n5/case_027_multicore_res.json,unified_v2_best_known_replayed,ledger comparison; union not independently replayed
case_027,2,1,2363952,2363952,2363952,2363952,1400832,1400832,2363952,1400832,team13,tie,1.0,1.0,1.0,1.0,0.0,0.0,A题研究/直接迭代/第六轮成果/方案/p2/n1/case_027_multicore_res.json,repository,方案/p2/n1/case_027_multicore_res.json,round6,ledger comparison; union not independently replayed
case_027,2,2,2363952,1120962,1120962,1120962,1744896,1744896,1120962,1744896,team13,tie,2.10886006840553,2.10886006840553,2.10886006840553,2.10886006840553,0.0,0.0,A题研究/直接迭代/第六轮成果/方案/p2/n2/case_027_multicore_res.json,repository,方案/p2/n2/case_027_multicore_res.json,round6,ledger comparison; union not independently replayed
case_027,2,3,2363952,761753,761753,761753,12165120,12165120,761753,12165120,team13,tie,3.1033051395924924,3.1033051395924924,3.1033051395924924,3.1033051395924924,0.0,0.0,A题研究/直接迭代/第六轮成果/方案/p2/n3/case_027_multicore_res.json,repository,方案/p2/n3/case_027_multicore_res.json,round6,ledger comparison; union not independently replayed
case_027,2,4,2363952,559196,559196,559196,1843200,1843200,559196,1843200,team13,tie,4.227412213249022,4.227412213249022,4.227412213249022,4.227412213249022,0.0,0.0,A题研究/直接迭代/第六轮成果/方案/p2/n4/case_027_multicore_res.json,repository,方案/p2/n4/case_027_multicore_res.json,round6,ledger comparison; union not independently replayed
case_027,2,5,2363952,448488,448488,448488,16119808,16119808,448488,16119808,team13,tie,5.270937015037192,5.270937015037192,5.270937015037192,5.270937015037192,0.0,0.0,A题研究/直接迭代/第六轮成果/方案/p2/n5/case_027_multicore_res.json,repository,方案/p2/n5/case_027_multicore_res.json,round6,ledger comparison; union not independently replayed
case_027,3,1,2363952,2359515,2359515,2359515,1400832,1400832,2359515,1400832,team13,tie,1.0018804711985303,1.0018804711985303,1.0018804711985303,1.0018804711985303,0.0,0.0,A题研究/直接迭代/第六轮成果/方案/p3/n1/case_027_multicore_res.json,repository,方案/p3/n1/case_027_multicore_res.json,round6,ledger comparison; union not independently replayed
case_027,3,2,2363952,1120962,1120962,1120962,1744896,1744896,1120962,1744896,team13,tie,2.10886006840553,2.10886006840553,2.10886006840553,2.10886006840553,0.0,0.0,A题研究/直接迭代/第六轮成果/方案/p3/n2/case_027_multicore_res.json,repository,方案/p3/n2/case_027_multicore_res.json,round6,ledger comparison; union not independently replayed
case_027,3,3,2363952,761753,761753,761753,12165120,12165120,761753,12165120,team13,tie,3.1033051395924924,3.1033051395924924,3.1033051395924924,3.1033051395924924,0.0,0.0,A题研究/直接迭代/第六轮成果/方案/p3/n3/case_027_multicore_res.json,repository,方案/p3/n3/case_027_multicore_res.json,round6,ledger comparison; union not independently replayed
case_027,3,4,2363952,559196,559196,559196,1843200,1843200,559196,1843200,team13,tie,4.227412213249022,4.227412213249022,4.227412213249022,4.227412213249022,0.0,0.0,A题研究/直接迭代/第六轮成果/方案/p3/n4/case_027_multicore_res.json,repository,方案/p3/n4/case_027_multicore_res.json,round6,ledger comparison; union not independently replayed
case_027,3,5,2363952,448117,448117,448117,16119808,16119808,448117,16119808,team13,tie,5.2753008700852675,5.2753008700852675,5.2753008700852675,5.2753008700852675,0.0,0.0,A题研究/直接迭代/第六轮成果/方案/p3/n5/case_027_multicore_res.json,repository,方案/p3/n5/case_027_multicore_res.json,round6,ledger comparison; union not independently replayed
case_028,1,1,43836040,43896686,43896686,43896686,281067912,281067912,43896686,281067912,team13,tie,0.9986184378474493,0.9986184378474493,0.9986184378474493,0.9986184378474493,0.0,0.0,A题研究/直接迭代/第六轮成果/方案/p1/n1/case_028_multicore_res.json,repository,方案/p1/n1/case_028_multicore_res.json,round6,ledger comparison; union not independently replayed
case_028,1,2,43836040,20808437,20808437,20808437,326568960,326568960,20808437,326568960,team13,tie,2.1066474142195304,2.1066474142195304,2.1066474142195304,2.1066474142195304,0.0,0.0,A题研究/直接迭代/第六轮成果/方案/p1/n2/case_028_multicore_res.json,repository,方案/p1/n2/case_028_multicore_res.json,round6,ledger comparison; union not independently replayed
case_028,1,3,43836040,14792144,14792144,14792144,326568960,326568960,14792144,326568960,team13,tie,2.963467635252875,2.963467635252875,2.963467635252875,2.963467635252875,0.0,0.0,A题研究/直接迭代/第六轮成果/方案/p1/n3/case_028_multicore_res.json,repository,方案/p1/n3/case_028_multicore_res.json,round6,ledger comparison; union not independently replayed
case_028,1,4,43836040,12041229,12041229,12041229,326568960,326568960,12041229,326568960,team13,tie,3.640495500916061,3.640495500916061,3.640495500916061,3.640495500916061,0.0,0.0,A题研究/直接迭代/第六轮成果/方案/p1/n4/case_028_multicore_res.json,repository,方案/p1/n4/case_028_multicore_res.json,round6,ledger comparison; union not independently replayed
case_028,1,5,43836040,10194624,10194624,10194624,326568960,326568960,10194624,326568960,team13,tie,4.299917289740161,4.299917289740161,4.299917289740161,4.299917289740161,0.0,0.0,A题研究/直接迭代/第六轮成果/方案/p1/n5/case_028_multicore_res.json,repository,方案/p1/n5/case_028_multicore_res.json,round6,ledger comparison; union not independently replayed
case_028,2,1,43836040,43836040,43836040,43836040,277412256,277412256,43836040,277412256,team13,tie,1.0,1.0,1.0,1.0,0.0,0.0,A题研究/直接迭代/第六轮成果/方案/p2/n1/case_028_multicore_res.json,repository,方案/p2/n1/case_028_multicore_res.json,round6,ledger comparison; union not independently replayed
case_028,2,2,43836040,20076161,20076161,20076161,93967488,93967488,20076161,93967488,team13,tie,2.1834871716758997,2.1834871716758997,2.1834871716758997,2.1834871716758997,0.0,0.0,A题研究/直接迭代/第六轮成果/方案/p2/n2/case_028_multicore_res.json,repository,方案/p2/n2/case_028_multicore_res.json,round6,ledger comparison; union not independently replayed
case_028,2,3,43836040,13786498,13786498,13786498,56899416,56899416,13786498,56899416,team13,tie,3.179635611596215,3.179635611596215,3.179635611596215,3.179635611596215,0.0,0.0,A题研究/直接迭代/第六轮成果/方案/p2/n3/case_028_multicore_res.json,repository,方案/p2/n3/case_028_multicore_res.json,round6,ledger comparison; union not independently replayed
case_028,2,4,43836040,10487595,10487595,10487595,115615968,115615968,10487595,115615968,team13,tie,4.179799086444509,4.179799086444509,4.179799086444509,4.179799086444509,0.0,0.0,A题研究/直接迭代/第六轮成果/方案/p2/n4/case_028_multicore_res.json,repository,方案/p2/n4/case_028_multicore_res.json,round6,ledger comparison; union not independently replayed
case_028,2,5,43836040,8387714,8166412,8387714,90393600,117674496,8166412,90393600,ours,ours,5.226220159628714,5.367845756496243,5.226220159628714,5.367845756496243,2.638406602800236,-2.7099049129531982,新增精选方案/p2/n5/case_028_multicore_res.json,delivery,方案/p2/n5/case_028_multicore_res.json,unified_v2_best_known_replayed,ledger comparison; union not independently replayed
case_028,3,1,43836040,43836040,43836040,43836040,277412256,277412256,43836040,277412256,team13,tie,1.0,1.0,1.0,1.0,0.0,0.0,A题研究/直接迭代/第六轮成果/方案/p3/n1/case_028_multicore_res.json,repository,方案/p3/n1/case_028_multicore_res.json,round6,ledger comparison; union not independently replayed
case_028,3,2,43836040,20075994,20075994,20075994,93967488,93967488,20075994,93967488,team13,tie,2.1835053347794386,2.1835053347794386,2.1835053347794386,2.1835053347794386,0.0,0.0,A题研究/直接迭代/第六轮成果/方案/p3/n2/case_028_multicore_res.json,repository,方案/p3/n2/case_028_multicore_res.json,round6,ledger comparison; union not independently replayed
case_028,3,3,43836040,13769194,13769194,13769194,56899416,56899416,13769194,56899416,team13,tie,3.183631518300926,3.183631518300926,3.183631518300926,3.183631518300926,0.0,0.0,A题研究/直接迭代/第六轮成果/方案/p3/n3/case_028_multicore_res.json,repository,方案/p3/n3/case_028_multicore_res.json,round6,ledger comparison; union not independently replayed
case_028,3,4,43836040,10445902,10445902,10445902,115615968,115615968,10445902,115615968,team13,tie,4.196482027114556,4.196482027114556,4.196482027114556,4.196482027114556,0.0,0.0,A题研究/直接迭代/第六轮成果/方案/p3/n4/case_028_multicore_res.json,repository,方案/p3/n4/case_028_multicore_res.json,round6,ledger comparison; union not independently replayed
case_028,3,5,43836040,8300936,8129461,8300936,81607680,117674496,8129461,81607680,ours,ours,5.280855074656641,5.392244332065804,5.280855074656641,5.392244332065804,2.0657309007080626,-2.109303433524068,新增精选方案/p3/n5/case_028_multicore_res.json,delivery,方案/p3/n5/case_028_multicore_res.json,unified_v2_best_known_replayed,ledger comparison; union not independently replayed
case_029,1,1,37555,37555,37555,37555,0,0,37555,0,team13,tie,1.0,1.0,1.0,1.0,0.0,0.0,A题研究/直接迭代/第六轮成果/方案/p1/n1/case_029_multicore_res.json,repository,方案/p1/n1/case_029_multicore_res.json,round6,ledger comparison; union not independently replayed
case_029,1,2,37555,19740,19740,19740,0,0,19740,0,team13,tie,1.9024822695035462,1.9024822695035462,1.9024822695035462,1.9024822695035462,0.0,0.0,A题研究/直接迭代/第六轮成果/方案/p1/n2/case_029_multicore_res.json,repository,方案/p1/n2/case_029_multicore_res.json,round6,ledger comparison; union not independently replayed
case_029,1,3,37555,12743,12743,12743,0,0,12743,0,team13,tie,2.9471082162756024,2.9471082162756024,2.9471082162756024,2.9471082162756024,0.0,0.0,A题研究/直接迭代/第六轮成果/方案/p1/n3/case_029_multicore_res.json,repository,方案/p1/n3/case_029_multicore_res.json,round6,ledger comparison; union not independently replayed
case_029,1,4,37555,11028,11028,11028,0,0,11028,0,team13,tie,3.405422560754443,3.405422560754443,3.405422560754443,3.405422560754443,0.0,0.0,A题研究/直接迭代/第六轮成果/方案/p1/n4/case_029_multicore_res.json,repository,方案/p1/n4/case_029_multicore_res.json,round6,ledger comparison; union not independently replayed
case_029,1,5,37555,9383,9383,9383,0,0,9383,0,team13,tie,4.002451241607162,4.002451241607162,4.002451241607162,4.002451241607162,0.0,0.0,A题研究/直接迭代/第六轮成果/方案/p1/n5/case_029_multicore_res.json,repository,方案/p1/n5/case_029_multicore_res.json,round6,ledger comparison; union not independently replayed
case_029,2,1,37555,37555,37555,37555,0,0,37555,0,team13,tie,1.0,1.0,1.0,1.0,0.0,0.0,A题研究/直接迭代/第六轮成果/方案/p2/n1/case_029_multicore_res.json,repository,方案/p2/n1/case_029_multicore_res.json,round6,ledger comparison; union not independently replayed
case_029,2,2,37555,19740,19740,19740,0,0,19740,0,team13,tie,1.9024822695035462,1.9024822695035462,1.9024822695035462,1.9024822695035462,0.0,0.0,A题研究/直接迭代/第六轮成果/方案/p2/n2/case_029_multicore_res.json,repository,方案/p2/n2/case_029_multicore_res.json,round6,ledger comparison; union not independently replayed
case_029,2,3,37555,12743,12743,12743,0,0,12743,0,team13,tie,2.9471082162756024,2.9471082162756024,2.9471082162756024,2.9471082162756024,0.0,0.0,A题研究/直接迭代/第六轮成果/方案/p2/n3/case_029_multicore_res.json,repository,方案/p2/n3/case_029_multicore_res.json,round6,ledger comparison; union not independently replayed
case_029,2,4,37555,11028,11028,11028,0,0,11028,0,team13,tie,3.405422560754443,3.405422560754443,3.405422560754443,3.405422560754443,0.0,0.0,A题研究/直接迭代/第六轮成果/方案/p2/n4/case_029_multicore_res.json,repository,方案/p2/n4/case_029_multicore_res.json,round6,ledger comparison; union not independently replayed
case_029,2,5,37555,9383,9383,9383,0,0,9383,0,team13,tie,4.002451241607162,4.002451241607162,4.002451241607162,4.002451241607162,0.0,0.0,A题研究/直接迭代/第六轮成果/方案/p2/n5/case_029_multicore_res.json,repository,方案/p2/n5/case_029_multicore_res.json,round6,ledger comparison; union not independently replayed
case_029,3,1,37555,37555,37555,37555,0,0,37555,0,team13,tie,1.0,1.0,1.0,1.0,0.0,0.0,A题研究/直接迭代/第六轮成果/方案/p3/n1/case_029_multicore_res.json,repository,方案/p3/n1/case_029_multicore_res.json,round6,ledger comparison; union not independently replayed
case_029,3,2,37555,19740,19740,19740,0,0,19740,0,team13,tie,1.9024822695035462,1.9024822695035462,1.9024822695035462,1.9024822695035462,0.0,0.0,A题研究/直接迭代/第六轮成果/方案/p3/n2/case_029_multicore_res.json,repository,方案/p3/n2/case_029_multicore_res.json,round6,ledger comparison; union not independently replayed
case_029,3,3,37555,12743,12743,12743,0,0,12743,0,team13,tie,2.9471082162756024,2.9471082162756024,2.9471082162756024,2.9471082162756024,0.0,0.0,A题研究/直接迭代/第六轮成果/方案/p3/n3/case_029_multicore_res.json,repository,方案/p3/n3/case_029_multicore_res.json,round6,ledger comparison; union not independently replayed
case_029,3,4,37555,11028,11028,11028,0,0,11028,0,team13,tie,3.405422560754443,3.405422560754443,3.405422560754443,3.405422560754443,0.0,0.0,A题研究/直接迭代/第六轮成果/方案/p3/n4/case_029_multicore_res.json,repository,方案/p3/n4/case_029_multicore_res.json,round6,ledger comparison; union not independently replayed
case_029,3,5,37555,9383,9238,9383,0,0,9238,0,ours,ours,4.002451241607162,4.065273868802771,4.002451241607162,4.065273868802771,1.5453479697324912,-1.5696038103485632,新增精选方案/p3/n5/case_029_multicore_res.json,delivery,方案/p3/n5/case_029_multicore_res.json,unified_v2_best_known_replayed,ledger comparison; union not independently replayed
case_030,1,1,2808034,2790848,2790848,2790848,7416832,7416832,2790848,7416832,team13,tie,1.0061579849565436,1.0061579849565436,1.0061579849565436,1.0061579849565436,0.0,0.0,A题研究/直接迭代/第六轮成果/方案/p1/n1/case_030_multicore_res.json,repository,方案/p1/n1/case_030_multicore_res.json,round6,ledger comparison; union not independently replayed
case_030,1,2,2808034,1400970,1400970,1400970,7240704,7240704,1400970,7240704,team13,tie,2.0043498433228404,2.0043498433228404,2.0043498433228404,2.0043498433228404,0.0,0.0,A题研究/直接迭代/第六轮成果/方案/p1/n2/case_030_multicore_res.json,repository,方案/p1/n2/case_030_multicore_res.json,round6,ledger comparison; union not independently replayed
case_030,1,3,2808034,933857,933857,933857,9242624,9242624,933857,9242624,team13,tie,3.0069207598165457,3.0069207598165457,3.0069207598165457,3.0069207598165457,0.0,0.0,A题研究/直接迭代/第六轮成果/方案/p1/n3/case_030_multicore_res.json,repository,方案/p1/n3/case_030_multicore_res.json,round6,ledger comparison; union not independently replayed
case_030,1,4,2808034,700342,700342,700342,10404864,10404864,700342,10404864,team13,tie,4.009518206818954,4.009518206818954,4.009518206818954,4.009518206818954,0.0,0.0,A题研究/直接迭代/第六轮成果/方案/p1/n4/case_030_multicore_res.json,repository,方案/p1/n4/case_030_multicore_res.json,round6,ledger comparison; union not independently replayed
case_030,1,5,2808034,558846,558846,558846,10872832,10872832,558846,10872832,team13,tie,5.024700901500593,5.024700901500593,5.024700901500593,5.024700901500593,0.0,0.0,A题研究/直接迭代/第六轮成果/方案/p1/n5/case_030_multicore_res.json,repository,方案/p1/n5/case_030_multicore_res.json,round6,ledger comparison; union not independently replayed
case_030,2,1,2808034,2808034,2808034,2808034,5519360,5519360,2808034,5519360,team13,tie,1.0,1.0,1.0,1.0,0.0,0.0,A题研究/直接迭代/第六轮成果/方案/p2/n1/case_030_multicore_res.json,repository,方案/p2/n1/case_030_multicore_res.json,round6,ledger comparison; union not independently replayed
case_030,2,2,2808034,1388867,1388867,1388867,1765376,1765376,1388867,1765376,team13,tie,2.0218163438255785,2.0218163438255785,2.0218163438255785,2.0218163438255785,0.0,0.0,A题研究/直接迭代/第六轮成果/方案/p2/n2/case_030_multicore_res.json,repository,方案/p2/n2/case_030_multicore_res.json,round6,ledger comparison; union not independently replayed
case_030,2,3,2808034,932050,932050,932050,8046592,8046592,932050,8046592,team13,tie,3.012750388927633,3.012750388927633,3.012750388927633,3.012750388927633,0.0,0.0,A题研究/直接迭代/第六轮成果/方案/p2/n3/case_030_multicore_res.json,repository,方案/p2/n3/case_030_multicore_res.json,round6,ledger comparison; union not independently replayed
case_030,2,4,2808034,695057,695057,695057,4761600,4761600,695057,4761600,team13,tie,4.040005352079038,4.040005352079038,4.040005352079038,4.040005352079038,0.0,0.0,A题研究/直接迭代/第六轮成果/方案/p2/n4/case_030_multicore_res.json,repository,方案/p2/n4/case_030_multicore_res.json,round6,ledger comparison; union not independently replayed
case_030,2,5,2808034,560451,560451,560451,7257600,7257600,560451,7257600,team13,tie,5.010311338546992,5.010311338546992,5.010311338546992,5.010311338546992,0.0,0.0,A题研究/直接迭代/第六轮成果/方案/p2/n5/case_030_multicore_res.json,repository,方案/p2/n5/case_030_multicore_res.json,round6,ledger comparison; union not independently replayed
case_030,3,1,2808034,2807891,2807891,2807891,5519360,5519360,2807891,5519360,team13,tie,1.0000509279028282,1.0000509279028282,1.0000509279028282,1.0000509279028282,0.0,0.0,A题研究/直接迭代/第六轮成果/方案/p3/n1/case_030_multicore_res.json,repository,方案/p3/n1/case_030_multicore_res.json,round6,ledger comparison; union not independently replayed
case_030,3,2,2808034,1388867,1388867,1388867,1765376,1765376,1388867,1765376,team13,tie,2.0218163438255785,2.0218163438255785,2.0218163438255785,2.0218163438255785,0.0,0.0,A题研究/直接迭代/第六轮成果/方案/p3/n2/case_030_multicore_res.json,repository,方案/p3/n2/case_030_multicore_res.json,round6,ledger comparison; union not independently replayed
case_030,3,3,2808034,932019,927318,932019,3652608,8046592,927318,3652608,ours,ours,3.012850596393421,3.028124117077421,3.012850596393421,3.028124117077421,0.5043888590254064,-0.5069458373502922,新增精选方案/p3/n3/case_030_multicore_res.json,delivery,方案/p3/n3/case_030_multicore_res.json,unified_v2_best_known_replayed,ledger comparison; union not independently replayed
case_030,3,4,2808034,695057,695057,695057,4761600,4761600,695057,4761600,team13,tie,4.040005352079038,4.040005352079038,4.040005352079038,4.040005352079038,0.0,0.0,A题研究/直接迭代/第六轮成果/方案/p3/n4/case_030_multicore_res.json,repository,方案/p3/n4/case_030_multicore_res.json,round6,ledger comparison; union not independently replayed
case_030,3,5,2808034,560198,557851,560198,6481920,7257600,557851,6481920,ours,ours,5.012574125577028,5.033663110758966,5.012574125577028,5.033663110758966,0.4189590109211383,-0.42072166223596774,新增精选方案/p3/n5/case_030_multicore_res.json,delivery,方案/p3/n5/case_030_multicore_res.json,unified_v2_best_known_replayed,ledger comparison; union not independently replayed
case_031,1,1,1414369,1411124,1411124,1411124,4666312,4666312,1411124,4666312,team13,tie,1.0022995852951264,1.0022995852951264,1.0022995852951264,1.0022995852951264,0.0,0.0,A题研究/直接迭代/第六轮成果/方案/p1/n1/case_031_multicore_res.json,repository,方案/p1/n1/case_031_multicore_res.json,round6,ledger comparison; union not independently replayed
case_031,1,2,1414369,727493,727493,727493,5617152,5617152,727493,5617152,team13,tie,1.9441685349549755,1.9441685349549755,1.9441685349549755,1.9441685349549755,0.0,0.0,A题研究/直接迭代/第六轮成果/方案/p1/n2/case_031_multicore_res.json,repository,方案/p1/n2/case_031_multicore_res.json,round6,ledger comparison; union not independently replayed
case_031,1,3,1414369,484062,484062,484062,6300672,6300672,484062,6300672,team13,tie,2.921875710136305,2.921875710136305,2.921875710136305,2.921875710136305,0.0,0.0,A题研究/直接迭代/第六轮成果/方案/p1/n3/case_031_multicore_res.json,repository,方案/p1/n3/case_031_multicore_res.json,round6,ledger comparison; union not independently replayed
case_031,1,4,1414369,394470,394470,394470,7408128,7408128,394470,7408128,team13,tie,3.585491925875225,3.585491925875225,3.585491925875225,3.585491925875225,0.0,0.0,A题研究/直接迭代/第六轮成果/方案/p1/n4/case_031_multicore_res.json,repository,方案/p1/n4/case_031_multicore_res.json,round6,ledger comparison; union not independently replayed
case_031,1,5,1414369,306213,306213,296108,8059392,8707608,296108,8707608,team13,team13,4.618905794332703,4.618905794332703,4.77653086036176,4.77653086036176,0.0,3.2999905294680554,A题研究/直接迭代/第六轮成果/方案/p1/n5/case_031_multicore_res.json,repository,方案/p1/n5/case_031_multicore_res.json,round6,ledger comparison; union not independently replayed
case_031,2,1,1414369,1414369,1414369,1414369,3491328,3491328,1414369,3491328,team13,tie,1.0,1.0,1.0,1.0,0.0,0.0,A题研究/直接迭代/第六轮成果/方案/p2/n1/case_031_multicore_res.json,repository,方案/p2/n1/case_031_multicore_res.json,round6,ledger comparison; union not independently replayed
case_031,2,2,1414369,716905,716905,716905,4631040,4631040,716905,4631040,team13,tie,1.9728820415536228,1.9728820415536228,1.9728820415536228,1.9728820415536228,0.0,0.0,A题研究/直接迭代/第六轮成果/方案/p2/n2/case_031_multicore_res.json,repository,方案/p2/n2/case_031_multicore_res.json,round6,ledger comparison; union not independently replayed
case_031,2,3,1414369,484947,484947,484947,7348224,7348224,484947,7348224,team13,tie,2.9165434573262643,2.9165434573262643,2.9165434573262643,2.9165434573262643,0.0,0.0,A题研究/直接迭代/第六轮成果/方案/p2/n3/case_031_multicore_res.json,repository,方案/p2/n3/case_031_multicore_res.json,round6,ledger comparison; union not independently replayed
case_031,2,4,1414369,376640,376640,376640,5047296,5047296,376640,5047296,team13,tie,3.7552278037383178,3.7552278037383178,3.7552278037383178,3.7552278037383178,0.0,0.0,A题研究/直接迭代/第六轮成果/方案/p2/n4/case_031_multicore_res.json,repository,方案/p2/n4/case_031_multicore_res.json,round6,ledger comparison; union not independently replayed
case_031,2,5,1414369,304955,286536,273240,7724544,7215360,273240,7215360,team13,team13,4.637959698971979,4.936095289946115,5.176288244766505,5.176288244766505,0.0,4.640254627690766,新增精选方案/p2/n5/case_031_multicore_res.json,delivery,方案/p2/n5/case_031_multicore_res.json,unified_v2_best_known_replayed,ledger comparison; union not independently replayed
case_031,3,1,1414369,1414159,1414159,1414159,3491328,3491328,1414159,3491328,team13,tie,1.0001484981533193,1.0001484981533193,1.0001484981533193,1.0001484981533193,0.0,0.0,A题研究/直接迭代/第六轮成果/方案/p3/n1/case_031_multicore_res.json,repository,方案/p3/n1/case_031_multicore_res.json,round6,ledger comparison; union not independently replayed
case_031,3,2,1414369,716807,716807,716807,4631040,4631040,716807,4631040,team13,tie,1.9731517688861855,1.9731517688861855,1.9731517688861855,1.9731517688861855,0.0,0.0,A题研究/直接迭代/第六轮成果/方案/p3/n2/case_031_multicore_res.json,repository,方案/p3/n2/case_031_multicore_res.json,round6,ledger comparison; union not independently replayed
case_031,3,3,1414369,484869,484869,484869,7348224,7348224,484869,7348224,team13,tie,2.917012636402822,2.917012636402822,2.917012636402822,2.917012636402822,0.0,0.0,A题研究/直接迭代/第六轮成果/方案/p3/n3/case_031_multicore_res.json,repository,方案/p3/n3/case_031_multicore_res.json,round6,ledger comparison; union not independently replayed
case_031,3,4,1414369,376640,376640,376640,5047296,5047296,376640,5047296,team13,tie,3.7552278037383178,3.7552278037383178,3.7552278037383178,3.7552278037383178,0.0,0.0,A题研究/直接迭代/第六轮成果/方案/p3/n4/case_031_multicore_res.json,repository,方案/p3/n4/case_031_multicore_res.json,round6,ledger comparison; union not independently replayed
case_031,3,5,1414369,304955,286893,273059,6715392,7215360,273059,7215360,team13,team13,4.637959698971979,4.929952978985196,5.179719401301551,5.179719401301551,0.0,4.822006810901625,新增精选方案/p3/n5/case_031_multicore_res.json,delivery,方案/p3/n5/case_031_multicore_res.json,unified_v2_best_known_replayed,ledger comparison; union not independently replayed
case_032,1,1,41443,41443,41443,41443,0,0,41443,0,team13,tie,1.0,1.0,1.0,1.0,0.0,0.0,A题研究/直接迭代/第六轮成果/方案/p1/n1/case_032_multicore_res.json,repository,方案/p1/n1/case_032_multicore_res.json,round6,ledger comparison; union not independently replayed
case_032,1,2,41443,20754,20719,20754,18504,18504,20719,18504,ours,ours,1.9968680736243616,2.000241324388243,1.9968680736243616,2.000241324388243,0.16864218945745746,-0.16892707176987543,A题研究/直接迭代/闭环验证_20260925/精选方案/case_032_p1_n2.json,repository,方案/p1/n2/case_032_multicore_res.json,my_runs/iterative_holdout_b8_v1/case_032/n2/single/summary.json,ledger comparison; union not independently replayed
case_032,1,3,41443,13738,13587,13738,12288,18432,13587,12288,ours,ours,3.0166690930266413,3.050195039375874,3.0166690930266413,3.050195039375874,1.0991410685689318,-1.1113564436593837,A题研究/直接迭代/闭环验证_20260925/精选方案/case_032_p1_n3.json,repository,方案/p1/n3/case_032_multicore_res.json,my_runs/iterative_holdout_b8_v1/case_032/n3/iterative/summary.json,ledger comparison; union not independently replayed
case_032,1,4,41443,11010,11010,11010,6216,6216,11010,6216,team13,tie,3.7641235240690283,3.7641235240690283,3.7641235240690283,3.7641235240690283,0.0,0.0,A题研究/直接迭代/第六轮成果/方案/p1/n4/case_032_multicore_res.json,repository,方案/p1/n4/case_032_multicore_res.json,round6,ledger comparison; union not independently replayed
case_032,1,5,41443,10415,10110,10415,55440,12360,10110,55440,ours,ours,3.9791646663466156,4.099208704253215,3.9791646663466156,4.099208704253215,2.9284685549687994,-3.0168150346191913,新增精选方案/p1/n5/case_032_multicore_res.json,delivery,方案/p1/n5/case_032_multicore_res.json,unified_v2_best_known_replayed,ledger comparison; union not independently replayed
case_032,2,1,41443,41443,41443,41443,0,0,41443,0,team13,tie,1.0,1.0,1.0,1.0,0.0,0.0,A题研究/直接迭代/第六轮成果/方案/p2/n1/case_032_multicore_res.json,repository,方案/p2/n1/case_032_multicore_res.json,round6,ledger comparison; union not independently replayed
case_032,2,2,41443,17325,17325,17325,6144,6144,17325,6144,team13,tie,2.392092352092352,2.392092352092352,2.392092352092352,2.392092352092352,0.0,0.0,A题研究/直接迭代/第六轮成果/方案/p2/n2/case_032_multicore_res.json,repository,方案/p2/n2/case_032_multicore_res.json,round6,ledger comparison; union not independently replayed
case_032,2,3,41443,11865,11865,11865,6216,6216,11865,6216,team13,tie,3.4928782132321956,3.4928782132321956,3.4928782132321956,3.4928782132321956,0.0,0.0,A题研究/直接迭代/第六轮成果/方案/p2/n3/case_032_multicore_res.json,repository,方案/p2/n3/case_032_multicore_res.json,round6,ledger comparison; union not independently replayed
case_032,2,4,41443,9948,9948,9948,10240,10240,9948,10240,team13,tie,4.165963007639727,4.165963007639727,4.165963007639727,4.165963007639727,0.0,0.0,A题研究/直接迭代/第六轮成果/方案/p2/n4/case_032_multicore_res.json,repository,方案/p2/n4/case_032_multicore_res.json,round6,ledger comparison; union not independently replayed
case_032,2,5,41443,9948,9948,9948,10240,10240,9948,10240,team13,tie,4.165963007639727,4.165963007639727,4.165963007639727,4.165963007639727,0.0,0.0,A题研究/直接迭代/第六轮成果/方案/p2/n5/case_032_multicore_res.json,repository,方案/p2/n5/case_032_multicore_res.json,round6,ledger comparison; union not independently replayed
case_032,3,1,41443,41443,41443,41443,0,0,41443,0,team13,tie,1.0,1.0,1.0,1.0,0.0,0.0,A题研究/直接迭代/第六轮成果/方案/p3/n1/case_032_multicore_res.json,repository,方案/p3/n1/case_032_multicore_res.json,round6,ledger comparison; union not independently replayed
case_032,3,2,41443,17325,17325,17325,6144,6144,17325,6144,team13,tie,2.392092352092352,2.392092352092352,2.392092352092352,2.392092352092352,0.0,0.0,A题研究/直接迭代/第六轮成果/方案/p3/n2/case_032_multicore_res.json,repository,方案/p3/n2/case_032_multicore_res.json,round6,ledger comparison; union not independently replayed
case_032,3,3,41443,11865,11865,11865,6216,6216,11865,6216,team13,tie,3.4928782132321956,3.4928782132321956,3.4928782132321956,3.4928782132321956,0.0,0.0,A题研究/直接迭代/第六轮成果/方案/p3/n3/case_032_multicore_res.json,repository,方案/p3/n3/case_032_multicore_res.json,round6,ledger comparison; union not independently replayed
case_032,3,4,41443,9917,9917,9917,10240,10240,9917,10240,team13,tie,4.178985580316628,4.178985580316628,4.178985580316628,4.178985580316628,0.0,0.0,A题研究/直接迭代/第六轮成果/方案/p3/n4/case_032_multicore_res.json,repository,方案/p3/n4/case_032_multicore_res.json,round6,ledger comparison; union not independently replayed
case_032,3,5,41443,9917,9829,9917,92342,10240,9829,92342,ours,ours,4.178985580316628,4.216400447654899,4.178985580316628,4.216400447654899,0.8873651305838504,-0.895309797537891,新增精选方案/p3/n5/case_032_multicore_res.json,delivery,方案/p3/n5/case_032_multicore_res.json,unified_v2_best_known_replayed,ledger comparison; union not independently replayed
case_033,1,1,1774196,1763349,1763349,1763349,4998144,4998144,1763349,4998144,team13,tie,1.0061513631164336,1.0061513631164336,1.0061513631164336,1.0061513631164336,0.0,0.0,A题研究/直接迭代/第六轮成果/方案/p1/n1/case_033_multicore_res.json,repository,方案/p1/n1/case_033_multicore_res.json,round6,ledger comparison; union not independently replayed
case_033,1,2,1774196,896305,896305,896305,6261792,6261792,896305,6261792,team13,tie,1.9794556540463346,1.9794556540463346,1.9794556540463346,1.9794556540463346,0.0,0.0,A题研究/直接迭代/第六轮成果/方案/p1/n2/case_033_multicore_res.json,repository,方案/p1/n2/case_033_multicore_res.json,round6,ledger comparison; union not independently replayed
case_033,1,3,1774196,606115,606115,606115,6759456,6759456,606115,6759456,team13,tie,2.9271606873283122,2.9271606873283122,2.9271606873283122,2.9271606873283122,0.0,0.0,A题研究/直接迭代/第六轮成果/方案/p1/n3/case_033_multicore_res.json,repository,方案/p1/n3/case_033_multicore_res.json,round6,ledger comparison; union not independently replayed
case_033,1,4,1774196,458833,458833,458833,6648384,6648384,458833,6648384,team13,tie,3.8667576220542115,3.8667576220542115,3.8667576220542115,3.8667576220542115,0.0,0.0,A题研究/直接迭代/第六轮成果/方案/p1/n4/case_033_multicore_res.json,repository,方案/p1/n4/case_033_multicore_res.json,round6,ledger comparison; union not independently replayed
case_033,1,5,1774196,368019,368019,368019,6668352,6668352,368019,6668352,team13,tie,4.8209358755933795,4.8209358755933795,4.8209358755933795,4.8209358755933795,0.0,0.0,A题研究/直接迭代/第六轮成果/方案/p1/n5/case_033_multicore_res.json,repository,方案/p1/n5/case_033_multicore_res.json,round6,ledger comparison; union not independently replayed
case_033,2,1,1774196,1774196,1774196,1774196,4592640,4592640,1774196,4592640,team13,tie,1.0,1.0,1.0,1.0,0.0,0.0,A题研究/直接迭代/第六轮成果/方案/p2/n1/case_033_multicore_res.json,repository,方案/p2/n1/case_033_multicore_res.json,round6,ledger comparison; union not independently replayed
case_033,2,2,1774196,881861,881861,881861,5770272,5770272,881861,5770272,team13,tie,2.011877155243287,2.011877155243287,2.011877155243287,2.011877155243287,0.0,0.0,A题研究/直接迭代/第六轮成果/方案/p2/n2/case_033_multicore_res.json,repository,方案/p2/n2/case_033_multicore_res.json,round6,ledger comparison; union not independently replayed
case_033,2,3,1774196,587547,587547,587547,6246432,6246432,587547,6246432,team13,tie,3.01966651178544,3.01966651178544,3.01966651178544,3.01966651178544,0.0,0.0,A题研究/直接迭代/第六轮成果/方案/p2/n3/case_033_multicore_res.json,repository,方案/p2/n3/case_033_multicore_res.json,round6,ledger comparison; union not independently replayed
case_033,2,4,1774196,442361,442361,442361,5376576,5376576,442361,5376576,team13,tie,4.010742357486307,4.010742357486307,4.010742357486307,4.010742357486307,0.0,0.0,A题研究/直接迭代/第六轮成果/方案/p2/n4/case_033_multicore_res.json,repository,方案/p2/n4/case_033_multicore_res.json,round6,ledger comparison; union not independently replayed
case_033,2,5,1774196,368931,359574,368931,7665792,4929600,359574,7665792,ours,ours,4.80901848855206,4.934160979381157,4.80901848855206,4.934160979381157,2.5362466152207275,-2.602245991089447,新增精选方案/p2/n5/case_033_multicore_res.json,delivery,方案/p2/n5/case_033_multicore_res.json,unified_v2_best_known_replayed,ledger comparison; union not independently replayed
case_033,3,1,1774196,1774080,1774080,1774080,4592640,4592640,1774080,4592640,team13,tie,1.000065386002886,1.000065386002886,1.000065386002886,1.000065386002886,0.0,0.0,A题研究/直接迭代/第六轮成果/方案/p3/n1/case_033_multicore_res.json,repository,方案/p3/n1/case_033_multicore_res.json,round6,ledger comparison; union not independently replayed
case_033,3,2,1774196,880331,880331,880331,5770272,5770272,880331,5770272,team13,tie,2.0153737628233017,2.0153737628233017,2.0153737628233017,2.0153737628233017,0.0,0.0,A题研究/直接迭代/第六轮成果/方案/p3/n2/case_033_multicore_res.json,repository,方案/p3/n2/case_033_multicore_res.json,round6,ledger comparison; union not independently replayed
case_033,3,3,1774196,586217,586217,586217,6246432,6246432,586217,6246432,team13,tie,3.0265174841398323,3.0265174841398323,3.0265174841398323,3.0265174841398323,0.0,0.0,A题研究/直接迭代/第六轮成果/方案/p3/n3/case_033_multicore_res.json,repository,方案/p3/n3/case_033_multicore_res.json,round6,ledger comparison; union not independently replayed
case_033,3,4,1774196,441272,441272,441272,5376576,5376576,441272,5376576,team13,tie,4.020640330680397,4.020640330680397,4.020640330680397,4.020640330680397,0.0,0.0,A题研究/直接迭代/第六轮成果/方案/p3/n4/case_033_multicore_res.json,repository,方案/p3/n4/case_033_multicore_res.json,round6,ledger comparison; union not independently replayed
case_033,3,5,1774196,368435,356432,368435,16531092,4929600,356432,16531092,ours,ours,4.815492556353224,4.977656327153566,4.815492556353224,4.977656327153566,3.257833810577171,-3.3675427571037364,新增精选方案/p3/n5/case_033_multicore_res.json,delivery,方案/p3/n5/case_033_multicore_res.json,unified_v2_best_known_replayed,ledger comparison; union not independently replayed
case_034,1,1,842996,837634,837634,837634,1579032,1579032,837634,1579032,team13,tie,1.0064013638414868,1.0064013638414868,1.0064013638414868,1.0064013638414868,0.0,0.0,A题研究/直接迭代/第六轮成果/方案/p1/n1/case_034_multicore_res.json,repository,方案/p1/n1/case_034_multicore_res.json,round6,ledger comparison; union not independently replayed
case_034,1,2,842996,415539,415539,415539,1182720,1182720,415539,1182720,team13,tie,2.028680821776055,2.028680821776055,2.028680821776055,2.028680821776055,0.0,0.0,A题研究/直接迭代/第六轮成果/方案/p1/n2/case_034_multicore_res.json,repository,方案/p1/n2/case_034_multicore_res.json,round6,ledger comparison; union not independently replayed
case_034,1,3,842996,278077,278077,278077,2015744,2015744,278077,2015744,team13,tie,3.031520046605796,3.031520046605796,3.031520046605796,3.031520046605796,0.0,0.0,A题研究/直接迭代/第六轮成果/方案/p1/n3/case_034_multicore_res.json,repository,方案/p1/n3/case_034_multicore_res.json,round6,ledger comparison; union not independently replayed
case_034,1,4,842996,211980,211980,211980,3116544,3116544,211980,3116544,team13,tie,3.976771393527691,3.976771393527691,3.976771393527691,3.976771393527691,0.0,0.0,A题研究/直接迭代/第六轮成果/方案/p1/n4/case_034_multicore_res.json,repository,方案/p1/n4/case_034_multicore_res.json,round6,ledger comparison; union not independently replayed
case_034,1,5,842996,169362,169362,169362,2903040,2903040,169362,2903040,team13,tie,4.977480190361474,4.977480190361474,4.977480190361474,4.977480190361474,0.0,0.0,A题研究/直接迭代/第六轮成果/方案/p1/n5/case_034_multicore_res.json,repository,方案/p1/n5/case_034_multicore_res.json,round6,ledger comparison; union not independently replayed
case_034,2,1,842996,842996,842996,842996,1079832,1079832,842996,1079832,team13,tie,1.0,1.0,1.0,1.0,0.0,0.0,A题研究/直接迭代/第六轮成果/方案/p2/n1/case_034_multicore_res.json,repository,方案/p2/n1/case_034_multicore_res.json,round6,ledger comparison; union not independently replayed
case_034,2,2,842996,380968,380968,380968,1078784,1078784,380968,1078784,team13,tie,2.212773776275173,2.212773776275173,2.212773776275173,2.212773776275173,0.0,0.0,A题研究/直接迭代/第六轮成果/方案/p2/n2/case_034_multicore_res.json,repository,方案/p2/n2/case_034_multicore_res.json,round6,ledger comparison; union not independently replayed
case_034,2,3,842996,256145,256145,256145,1893376,1893376,256145,1893376,team13,tie,3.2910890316031933,3.2910890316031933,3.2910890316031933,3.2910890316031933,0.0,0.0,A题研究/直接迭代/第六轮成果/方案/p2/n3/case_034_multicore_res.json,repository,方案/p2/n3/case_034_multicore_res.json,round6,ledger comparison; union not independently replayed
case_034,2,4,842996,192378,192378,192378,2357760,2357760,192378,2357760,team13,tie,4.381977149154269,4.381977149154269,4.381977149154269,4.381977149154269,0.0,0.0,A题研究/直接迭代/第六轮成果/方案/p2/n4/case_034_multicore_res.json,repository,方案/p2/n4/case_034_multicore_res.json,round6,ledger comparison; union not independently replayed
case_034,2,5,842996,163827,160031,159524,3529728,3463168,159524,3463168,team13,team13,5.14564754283482,5.267704382275934,5.284446227526892,5.284446227526892,0.0,0.31681361736163316,新增精选方案/p2/n5/case_034_multicore_res.json,delivery,方案/p2/n5/case_034_multicore_res.json,unified_v2_best_known_replayed,ledger comparison; union not independently replayed
case_034,3,1,842996,842733,842733,842733,1079832,1079832,842733,1079832,team13,tie,1.0003120798639664,1.0003120798639664,1.0003120798639664,1.0003120798639664,0.0,0.0,A题研究/直接迭代/第六轮成果/方案/p3/n1/case_034_multicore_res.json,repository,方案/p3/n1/case_034_multicore_res.json,round6,ledger comparison; union not independently replayed
case_034,3,2,842996,380968,380968,380968,1078784,1078784,380968,1078784,team13,tie,2.212773776275173,2.212773776275173,2.212773776275173,2.212773776275173,0.0,0.0,A题研究/直接迭代/第六轮成果/方案/p3/n2/case_034_multicore_res.json,repository,方案/p3/n2/case_034_multicore_res.json,round6,ledger comparison; union not independently replayed
case_034,3,3,842996,256145,256145,256145,1893376,1893376,256145,1893376,team13,tie,3.2910890316031933,3.2910890316031933,3.2910890316031933,3.2910890316031933,0.0,0.0,A题研究/直接迭代/第六轮成果/方案/p3/n3/case_034_multicore_res.json,repository,方案/p3/n3/case_034_multicore_res.json,round6,ledger comparison; union not independently replayed
case_034,3,4,842996,192378,192378,192378,2357760,2357760,192378,2357760,team13,tie,4.381977149154269,4.381977149154269,4.381977149154269,4.381977149154269,0.0,0.0,A题研究/直接迭代/第六轮成果/方案/p3/n4/case_034_multicore_res.json,repository,方案/p3/n4/case_034_multicore_res.json,round6,ledger comparison; union not independently replayed
case_034,3,5,842996,163174,163174,159257,2803712,3463168,159257,3463168,team13,team13,5.1662397195631655,5.1662397195631655,5.2933057887565385,5.2933057887565385,0.0,2.400504982411411,A题研究/直接迭代/第六轮成果/方案/p3/n5/case_034_multicore_res.json,repository,方案/p3/n5/case_034_multicore_res.json,round6,ledger comparison; union not independently replayed
case_035,1,1,169571,171025,171025,171025,56588,56588,171025,56588,team13,tie,0.9914983189592165,0.9914983189592165,0.9914983189592165,0.9914983189592165,0.0,0.0,A题研究/直接迭代/第六轮成果/方案/p1/n1/case_035_multicore_res.json,repository,方案/p1/n1/case_035_multicore_res.json,round6,ledger comparison; union not independently replayed
case_035,1,2,169571,95406,95406,95406,0,0,95406,0,team13,tie,1.7773620107750037,1.7773620107750037,1.7773620107750037,1.7773620107750037,0.0,0.0,A题研究/直接迭代/第六轮成果/方案/p1/n2/case_035_multicore_res.json,repository,方案/p1/n2/case_035_multicore_res.json,round6,ledger comparison; union not independently replayed
case_035,1,3,169571,95406,95406,95406,0,0,95406,0,team13,tie,1.7773620107750037,1.7773620107750037,1.7773620107750037,1.7773620107750037,0.0,0.0,A题研究/直接迭代/第六轮成果/方案/p1/n3/case_035_multicore_res.json,repository,方案/p1/n3/case_035_multicore_res.json,round6,ledger comparison; union not independently replayed
case_035,1,4,169571,95406,95406,95406,0,0,95406,0,team13,tie,1.7773620107750037,1.7773620107750037,1.7773620107750037,1.7773620107750037,0.0,0.0,A题研究/直接迭代/第六轮成果/方案/p1/n4/case_035_multicore_res.json,repository,方案/p1/n4/case_035_multicore_res.json,round6,ledger comparison; union not independently replayed
case_035,1,5,169571,90079,90079,90079,1379966,1379966,90079,1379966,team13,tie,1.8824698320363236,1.8824698320363236,1.8824698320363236,1.8824698320363236,0.0,0.0,A题研究/直接迭代/第六轮成果/方案/p1/n5/case_035_multicore_res.json,repository,方案/p1/n5/case_035_multicore_res.json,round6,ledger comparison; union not independently replayed
case_035,2,1,169571,169571,169571,169571,0,0,169571,0,team13,tie,1.0,1.0,1.0,1.0,0.0,0.0,A题研究/直接迭代/第六轮成果/方案/p2/n1/case_035_multicore_res.json,repository,方案/p2/n1/case_035_multicore_res.json,round6,ledger comparison; union not independently replayed
case_035,2,2,169571,92625,92625,92625,0,0,92625,0,team13,tie,1.8307260458839407,1.8307260458839407,1.8307260458839407,1.8307260458839407,0.0,0.0,A题研究/直接迭代/第六轮成果/方案/p2/n2/case_035_multicore_res.json,repository,方案/p2/n2/case_035_multicore_res.json,round6,ledger comparison; union not independently replayed
case_035,2,3,169571,89161,89161,89161,0,0,89161,0,team13,tie,1.9018517064635883,1.9018517064635883,1.9018517064635883,1.9018517064635883,0.0,0.0,A题研究/直接迭代/第六轮成果/方案/p2/n3/case_035_multicore_res.json,repository,方案/p2/n3/case_035_multicore_res.json,round6,ledger comparison; union not independently replayed
case_035,2,4,169571,57103,57103,57103,1119718,1119718,57103,1119718,team13,tie,2.969563770730084,2.969563770730084,2.969563770730084,2.969563770730084,0.0,0.0,A题研究/直接迭代/第六轮成果/方案/p2/n4/case_035_multicore_res.json,repository,方案/p2/n4/case_035_multicore_res.json,round6,ledger comparison; union not independently replayed
case_035,2,5,169571,51821,51821,51821,1130532,1130532,51821,1130532,team13,tie,3.2722448428243376,3.2722448428243376,3.2722448428243376,3.2722448428243376,0.0,0.0,A题研究/直接迭代/第六轮成果/方案/p2/n5/case_035_multicore_res.json,repository,方案/p2/n5/case_035_multicore_res.json,round6,ledger comparison; union not independently replayed
case_035,3,1,169571,169571,169571,169571,0,0,169571,0,team13,tie,1.0,1.0,1.0,1.0,0.0,0.0,A题研究/直接迭代/第六轮成果/方案/p3/n1/case_035_multicore_res.json,repository,方案/p3/n1/case_035_multicore_res.json,round6,ledger comparison; union not independently replayed
case_035,3,2,169571,92625,92625,92625,0,0,92625,0,team13,tie,1.8307260458839407,1.8307260458839407,1.8307260458839407,1.8307260458839407,0.0,0.0,A题研究/直接迭代/第六轮成果/方案/p3/n2/case_035_multicore_res.json,repository,方案/p3/n2/case_035_multicore_res.json,round6,ledger comparison; union not independently replayed
case_035,3,3,169571,89161,89161,89161,0,0,89161,0,team13,tie,1.9018517064635883,1.9018517064635883,1.9018517064635883,1.9018517064635883,0.0,0.0,A题研究/直接迭代/第六轮成果/方案/p3/n3/case_035_multicore_res.json,repository,方案/p3/n3/case_035_multicore_res.json,round6,ledger comparison; union not independently replayed
case_035,3,4,169571,56560,56560,56560,1119718,1119718,56560,1119718,team13,tie,2.9980728429985857,2.9980728429985857,2.9980728429985857,2.9980728429985857,0.0,0.0,A题研究/直接迭代/第六轮成果/方案/p3/n4/case_035_multicore_res.json,repository,方案/p3/n4/case_035_multicore_res.json,round6,ledger comparison; union not independently replayed
case_035,3,5,169571,51103,51103,51103,1130532,1130532,51103,1130532,team13,tie,3.318220065358198,3.318220065358198,3.318220065358198,3.318220065358198,0.0,0.0,A题研究/直接迭代/第六轮成果/方案/p3/n5/case_035_multicore_res.json,repository,方案/p3/n5/case_035_multicore_res.json,round6,ledger comparison; union not independently replayed
case_036,1,1,931510,932330,932330,932330,2304,2304,932330,2304,team13,tie,0.9991204830907511,0.9991204830907511,0.9991204830907511,0.9991204830907511,0.0,0.0,A题研究/直接迭代/第六轮成果/方案/p1/n1/case_036_multicore_res.json,repository,方案/p1/n1/case_036_multicore_res.json,round6,ledger comparison; union not independently replayed
case_036,1,2,931510,466068,466068,466068,1152,1152,466068,1152,team13,tie,1.998656848356892,1.998656848356892,1.998656848356892,1.998656848356892,0.0,0.0,A题研究/直接迭代/第六轮成果/方案/p1/n2/case_036_multicore_res.json,repository,方案/p1/n2/case_036_multicore_res.json,round6,ledger comparison; union not independently replayed
case_036,1,3,931510,311345,311345,311345,2304,2304,311345,2304,team13,tie,2.991890025534375,2.991890025534375,2.991890025534375,2.991890025534375,0.0,0.0,A题研究/直接迭代/第六轮成果/方案/p1/n3/case_036_multicore_res.json,repository,方案/p1/n3/case_036_multicore_res.json,round6,ledger comparison; union not independently replayed
case_036,1,4,931510,233584,233584,233584,3456,3456,233584,3456,team13,tie,3.987901568600589,3.987901568600589,3.987901568600589,3.987901568600589,0.0,0.0,A题研究/直接迭代/第六轮成果/方案/p1/n4/case_036_multicore_res.json,repository,方案/p1/n4/case_036_multicore_res.json,round6,ledger comparison; union not independently replayed
case_036,1,5,931510,187182,187182,187182,4608,4608,187182,4608,team13,tie,4.976493466252097,4.976493466252097,4.976493466252097,4.976493466252097,0.0,0.0,A题研究/直接迭代/第六轮成果/方案/p1/n5/case_036_multicore_res.json,repository,方案/p1/n5/case_036_multicore_res.json,round6,ledger comparison; union not independently replayed
case_036,2,1,931510,931510,931510,931510,0,0,931510,0,team13,tie,1.0,1.0,1.0,1.0,0.0,0.0,A题研究/直接迭代/第六轮成果/方案/p2/n1/case_036_multicore_res.json,repository,方案/p2/n1/case_036_multicore_res.json,round6,ledger comparison; union not independently replayed
case_036,2,2,931510,466068,466068,466068,1152,1152,466068,1152,team13,tie,1.998656848356892,1.998656848356892,1.998656848356892,1.998656848356892,0.0,0.0,A题研究/直接迭代/第六轮成果/方案/p2/n2/case_036_multicore_res.json,repository,方案/p2/n2/case_036_multicore_res.json,round6,ledger comparison; union not independently replayed
case_036,2,3,931510,311345,311345,311345,2304,2304,311345,2304,team13,tie,2.991890025534375,2.991890025534375,2.991890025534375,2.991890025534375,0.0,0.0,A题研究/直接迭代/第六轮成果/方案/p2/n3/case_036_multicore_res.json,repository,方案/p2/n3/case_036_multicore_res.json,round6,ledger comparison; union not independently replayed
case_036,2,4,931510,233584,233584,233584,3456,3456,233584,3456,team13,tie,3.987901568600589,3.987901568600589,3.987901568600589,3.987901568600589,0.0,0.0,A题研究/直接迭代/第六轮成果/方案/p2/n4/case_036_multicore_res.json,repository,方案/p2/n4/case_036_multicore_res.json,round6,ledger comparison; union not independently replayed
case_036,2,5,931510,187182,187182,187182,4608,4608,187182,4608,team13,tie,4.976493466252097,4.976493466252097,4.976493466252097,4.976493466252097,0.0,0.0,A题研究/直接迭代/第六轮成果/方案/p2/n5/case_036_multicore_res.json,repository,方案/p2/n5/case_036_multicore_res.json,round6,ledger comparison; union not independently replayed
case_036,3,1,931510,931510,931510,931510,0,0,931510,0,team13,tie,1.0,1.0,1.0,1.0,0.0,0.0,A题研究/直接迭代/第六轮成果/方案/p3/n1/case_036_multicore_res.json,repository,方案/p3/n1/case_036_multicore_res.json,round6,ledger comparison; union not independently replayed
case_036,3,2,931510,466068,466068,466068,1152,1152,466068,1152,team13,tie,1.998656848356892,1.998656848356892,1.998656848356892,1.998656848356892,0.0,0.0,A题研究/直接迭代/第六轮成果/方案/p3/n2/case_036_multicore_res.json,repository,方案/p3/n2/case_036_multicore_res.json,round6,ledger comparison; union not independently replayed
case_036,3,3,931510,311345,311345,311345,2304,2304,311345,2304,team13,tie,2.991890025534375,2.991890025534375,2.991890025534375,2.991890025534375,0.0,0.0,A题研究/直接迭代/第六轮成果/方案/p3/n3/case_036_multicore_res.json,repository,方案/p3/n3/case_036_multicore_res.json,round6,ledger comparison; union not independently replayed
case_036,3,4,931510,233584,233584,233584,3456,3456,233584,3456,team13,tie,3.987901568600589,3.987901568600589,3.987901568600589,3.987901568600589,0.0,0.0,A题研究/直接迭代/第六轮成果/方案/p3/n4/case_036_multicore_res.json,repository,方案/p3/n4/case_036_multicore_res.json,round6,ledger comparison; union not independently replayed
case_036,3,5,931510,187182,187182,187182,4608,4608,187182,4608,team13,tie,4.976493466252097,4.976493466252097,4.976493466252097,4.976493466252097,0.0,0.0,A题研究/直接迭代/第六轮成果/方案/p3/n5/case_036_multicore_res.json,repository,方案/p3/n5/case_036_multicore_res.json,round6,ledger comparison; union not independently replayed
case_037,1,1,210001,210001,210001,210001,0,0,210001,0,team13,tie,1.0,1.0,1.0,1.0,0.0,0.0,A题研究/直接迭代/第六轮成果/方案/p1/n1/case_037_multicore_res.json,repository,方案/p1/n1/case_037_multicore_res.json,round6,ledger comparison; union not independently replayed
case_037,1,2,210001,105374,105374,105374,204800,204800,105374,204800,team13,tie,1.992910964754114,1.992910964754114,1.992910964754114,1.992910964754114,0.0,0.0,A题研究/直接迭代/第六轮成果/方案/p1/n2/case_037_multicore_res.json,repository,方案/p1/n2/case_037_multicore_res.json,round6,ledger comparison; union not independently replayed
case_037,1,3,210001,74038,74038,74038,1064960,1064960,74038,1064960,team13,tie,2.836394824279424,2.836394824279424,2.836394824279424,2.836394824279424,0.0,0.0,A题研究/直接迭代/第六轮成果/方案/p1/n3/case_037_multicore_res.json,repository,方案/p1/n3/case_037_multicore_res.json,round6,ledger comparison; union not independently replayed
case_037,1,4,210001,53320,53320,53320,614400,614400,53320,614400,team13,tie,3.938503375843961,3.938503375843961,3.938503375843961,3.938503375843961,0.0,0.0,A题研究/直接迭代/第六轮成果/方案/p1/n4/case_037_multicore_res.json,repository,方案/p1/n4/case_037_multicore_res.json,round6,ledger comparison; union not independently replayed
case_037,1,5,210001,43013,43013,43013,778240,778240,43013,778240,team13,tie,4.882268151489085,4.882268151489085,4.882268151489085,4.882268151489085,0.0,0.0,A题研究/直接迭代/第六轮成果/方案/p1/n5/case_037_multicore_res.json,repository,方案/p1/n5/case_037_multicore_res.json,round6,ledger comparison; union not independently replayed
case_037,2,1,210001,210001,210001,210001,0,0,210001,0,team13,tie,1.0,1.0,1.0,1.0,0.0,0.0,A题研究/直接迭代/第六轮成果/方案/p2/n1/case_037_multicore_res.json,repository,方案/p2/n1/case_037_multicore_res.json,round6,ledger comparison; union not independently replayed
case_037,2,2,210001,105374,105374,105374,204800,204800,105374,204800,team13,tie,1.992910964754114,1.992910964754114,1.992910964754114,1.992910964754114,0.0,0.0,A题研究/直接迭代/第六轮成果/方案/p2/n2/case_037_multicore_res.json,repository,方案/p2/n2/case_037_multicore_res.json,round6,ledger comparison; union not independently replayed
case_037,2,3,210001,74038,74038,74038,491520,491520,74038,491520,team13,tie,2.836394824279424,2.836394824279424,2.836394824279424,2.836394824279424,0.0,0.0,A题研究/直接迭代/第六轮成果/方案/p2/n3/case_037_multicore_res.json,repository,方案/p2/n3/case_037_multicore_res.json,round6,ledger comparison; union not independently replayed
case_037,2,4,210001,53320,53320,53320,614400,614400,53320,614400,team13,tie,3.938503375843961,3.938503375843961,3.938503375843961,3.938503375843961,0.0,0.0,A题研究/直接迭代/第六轮成果/方案/p2/n4/case_037_multicore_res.json,repository,方案/p2/n4/case_037_multicore_res.json,round6,ledger comparison; union not independently replayed
case_037,2,5,210001,43013,43013,43013,778240,778240,43013,778240,team13,tie,4.882268151489085,4.882268151489085,4.882268151489085,4.882268151489085,0.0,0.0,A题研究/直接迭代/第六轮成果/方案/p2/n5/case_037_multicore_res.json,repository,方案/p2/n5/case_037_multicore_res.json,round6,ledger comparison; union not independently replayed
case_037,3,1,210001,210001,210001,210001,0,0,210001,0,team13,tie,1.0,1.0,1.0,1.0,0.0,0.0,A题研究/直接迭代/第六轮成果/方案/p3/n1/case_037_multicore_res.json,repository,方案/p3/n1/case_037_multicore_res.json,round6,ledger comparison; union not independently replayed
case_037,3,2,210001,105374,105374,105374,204800,204800,105374,204800,team13,tie,1.992910964754114,1.992910964754114,1.992910964754114,1.992910964754114,0.0,0.0,A题研究/直接迭代/第六轮成果/方案/p3/n2/case_037_multicore_res.json,repository,方案/p3/n2/case_037_multicore_res.json,round6,ledger comparison; union not independently replayed
case_037,3,3,210001,74038,74038,74038,491520,491520,74038,491520,team13,tie,2.836394824279424,2.836394824279424,2.836394824279424,2.836394824279424,0.0,0.0,A题研究/直接迭代/第六轮成果/方案/p3/n3/case_037_multicore_res.json,repository,方案/p3/n3/case_037_multicore_res.json,round6,ledger comparison; union not independently replayed
case_037,3,4,210001,53320,53320,53320,614400,614400,53320,614400,team13,tie,3.938503375843961,3.938503375843961,3.938503375843961,3.938503375843961,0.0,0.0,A题研究/直接迭代/第六轮成果/方案/p3/n4/case_037_multicore_res.json,repository,方案/p3/n4/case_037_multicore_res.json,round6,ledger comparison; union not independently replayed
case_037,3,5,210001,43013,43013,43013,778240,778240,43013,778240,team13,tie,4.882268151489085,4.882268151489085,4.882268151489085,4.882268151489085,0.0,0.0,A题研究/直接迭代/第六轮成果/方案/p3/n5/case_037_multicore_res.json,repository,方案/p3/n5/case_037_multicore_res.json,round6,ledger comparison; union not independently replayed
case_038,1,1,1364555,1353756,1353756,1353756,7113216,7113216,1353756,7113216,team13,tie,1.0079770652909388,1.0079770652909388,1.0079770652909388,1.0079770652909388,0.0,0.0,A题研究/直接迭代/第六轮成果/方案/p1/n1/case_038_multicore_res.json,repository,方案/p1/n1/case_038_multicore_res.json,round6,ledger comparison; union not independently replayed
case_038,1,2,1364555,681518,681518,681518,6790656,6790656,681518,6790656,team13,tie,2.002228847954126,2.002228847954126,2.002228847954126,2.002228847954126,0.0,0.0,A题研究/直接迭代/第六轮成果/方案/p1/n2/case_038_multicore_res.json,repository,方案/p1/n2/case_038_multicore_res.json,round6,ledger comparison; union not independently replayed
case_038,1,3,1364555,456502,456502,456502,7908864,7908864,456502,7908864,team13,tie,2.9891544834414745,2.9891544834414745,2.9891544834414745,2.9891544834414745,0.0,0.0,A题研究/直接迭代/第六轮成果/方案/p1/n3/case_038_multicore_res.json,repository,方案/p1/n3/case_038_multicore_res.json,round6,ledger comparison; union not independently replayed
case_038,1,4,1364555,345206,345206,345206,9295872,9295872,345206,9295872,team13,tie,3.9528716186856543,3.9528716186856543,3.9528716186856543,3.9528716186856543,0.0,0.0,A题研究/直接迭代/第六轮成果/方案/p1/n4/case_038_multicore_res.json,repository,方案/p1/n4/case_038_multicore_res.json,round6,ledger comparison; union not independently replayed
case_038,1,5,1364555,276053,276053,276053,8454144,8454144,276053,8454144,team13,tie,4.943090638391903,4.943090638391903,4.943090638391903,4.943090638391903,0.0,0.0,A题研究/直接迭代/第六轮成果/方案/p1/n5/case_038_multicore_res.json,repository,方案/p1/n5/case_038_multicore_res.json,round6,ledger comparison; union not independently replayed
case_038,2,1,1364555,1364555,1364555,1364555,5627904,5627904,1364555,5627904,team13,tie,1.0,1.0,1.0,1.0,0.0,0.0,A题研究/直接迭代/第六轮成果/方案/p2/n1/case_038_multicore_res.json,repository,方案/p2/n1/case_038_multicore_res.json,round6,ledger comparison; union not independently replayed
case_038,2,2,1364555,677265,677265,677265,6798848,6798848,677265,6798848,team13,tie,2.014802182306778,2.014802182306778,2.014802182306778,2.014802182306778,0.0,0.0,A题研究/直接迭代/第六轮成果/方案/p2/n2/case_038_multicore_res.json,repository,方案/p2/n2/case_038_multicore_res.json,round6,ledger comparison; union not independently replayed
case_038,2,3,1364555,457910,457910,457910,5497344,5497344,457910,5497344,team13,tie,2.9799633115677753,2.9799633115677753,2.9799633115677753,2.9799633115677753,0.0,0.0,A题研究/直接迭代/第六轮成果/方案/p2/n3/case_038_multicore_res.json,repository,方案/p2/n3/case_038_multicore_res.json,round6,ledger comparison; union not independently replayed
case_038,2,4,1364555,339551,339551,339551,6811648,6811648,339551,6811648,team13,tie,4.0187041121952225,4.0187041121952225,4.0187041121952225,4.0187041121952225,0.0,0.0,A题研究/直接迭代/第六轮成果/方案/p2/n4/case_038_multicore_res.json,repository,方案/p2/n4/case_038_multicore_res.json,round6,ledger comparison; union not independently replayed
case_038,2,5,1364555,277456,274362,277456,7547392,7258624,274362,7547392,ours,ours,4.918095121388617,4.973556833672301,4.918095121388617,4.973556833672301,1.115131768640798,-1.1277071897711766,新增精选方案/p2/n5/case_038_multicore_res.json,delivery,方案/p2/n5/case_038_multicore_res.json,unified_v2_best_known_replayed,ledger comparison; union not independently replayed
case_038,3,1,1364555,1363312,1363312,1363312,5627904,5627904,1363312,5627904,team13,tie,1.0009117502083162,1.0009117502083162,1.0009117502083162,1.0009117502083162,0.0,0.0,A题研究/直接迭代/第六轮成果/方案/p3/n1/case_038_multicore_res.json,repository,方案/p3/n1/case_038_multicore_res.json,round6,ledger comparison; union not independently replayed
case_038,3,2,1364555,677060,677060,677060,6798848,6798848,677060,6798848,team13,tie,2.015412223436623,2.015412223436623,2.015412223436623,2.015412223436623,0.0,0.0,A题研究/直接迭代/第六轮成果/方案/p3/n2/case_038_multicore_res.json,repository,方案/p3/n2/case_038_multicore_res.json,round6,ledger comparison; union not independently replayed
case_038,3,3,1364555,457545,457545,457545,5411328,5411328,457545,5411328,team13,tie,2.9823405348107834,2.9823405348107834,2.9823405348107834,2.9823405348107834,0.0,0.0,A题研究/直接迭代/第六轮成果/方案/p3/n3/case_038_multicore_res.json,repository,方案/p3/n3/case_038_multicore_res.json,round6,ledger comparison; union not independently replayed
case_038,3,4,1364555,337655,337655,337655,6811648,6811648,337655,6811648,team13,tie,4.0412699352889785,4.0412699352889785,4.0412699352889785,4.0412699352889785,0.0,0.0,A题研究/直接迭代/第六轮成果/方案/p3/n4/case_038_multicore_res.json,repository,方案/p3/n4/case_038_multicore_res.json,round6,ledger comparison; union not independently replayed
case_038,3,5,1364555,275192,274634,275192,7870464,9667584,274634,7870464,ours,ours,4.958556208029303,4.968630977956116,4.958556208029303,4.968630977956116,0.2027675223116976,-0.2031795043585305,新增精选方案/p3/n5/case_038_multicore_res.json,delivery,方案/p3/n5/case_038_multicore_res.json,unified_v2_best_known_replayed,ledger comparison; union not independently replayed
case_039,1,1,1435262,1408153,1408153,1408153,10416128,10416128,1408153,10416128,team13,tie,1.019251459180927,1.019251459180927,1.019251459180927,1.019251459180927,0.0,0.0,A题研究/直接迭代/第六轮成果/方案/p1/n1/case_039_multicore_res.json,repository,方案/p1/n1/case_039_multicore_res.json,round6,ledger comparison; union not independently replayed
case_039,1,2,1435262,707704,707704,707704,9543680,9543680,707704,9543680,team13,tie,2.028054101714841,2.028054101714841,2.028054101714841,2.028054101714841,0.0,0.0,A题研究/直接迭代/第六轮成果/方案/p1/n2/case_039_multicore_res.json,repository,方案/p1/n2/case_039_multicore_res.json,round6,ledger comparison; union not independently replayed
case_039,1,3,1435262,485565,485565,485565,14323712,14323712,485565,14323712,team13,tie,2.9558596686334475,2.9558596686334475,2.9558596686334475,2.9558596686334475,0.0,0.0,A题研究/直接迭代/第六轮成果/方案/p1/n3/case_039_multicore_res.json,repository,方案/p1/n3/case_039_multicore_res.json,round6,ledger comparison; union not independently replayed
case_039,1,4,1435262,387558,387558,387558,11976704,11976704,387558,11976704,team13,tie,3.703347627967943,3.703347627967943,3.703347627967943,3.703347627967943,0.0,0.0,A题研究/直接迭代/第六轮成果/方案/p1/n4/case_039_multicore_res.json,repository,方案/p1/n4/case_039_multicore_res.json,round6,ledger comparison; union not independently replayed
case_039,1,5,1435262,316542,316542,316542,9805824,9805824,316542,9805824,team13,tie,4.534191355333573,4.534191355333573,4.534191355333573,4.534191355333573,0.0,0.0,A题研究/直接迭代/第六轮成果/方案/p1/n5/case_039_multicore_res.json,repository,方案/p1/n5/case_039_multicore_res.json,round6,ledger comparison; union not independently replayed
case_039,2,1,1435262,1435262,1435262,1435262,7929856,7929856,1435262,7929856,team13,tie,1.0,1.0,1.0,1.0,0.0,0.0,A题研究/直接迭代/第六轮成果/方案/p2/n1/case_039_multicore_res.json,repository,方案/p2/n1/case_039_multicore_res.json,round6,ledger comparison; union not independently replayed
case_039,2,2,1435262,707094,707094,707094,19521536,19521536,707094,19521536,team13,tie,2.0298036753246387,2.0298036753246387,2.0298036753246387,2.0298036753246387,0.0,0.0,A题研究/直接迭代/第六轮成果/方案/p2/n2/case_039_multicore_res.json,repository,方案/p2/n2/case_039_multicore_res.json,round6,ledger comparison; union not independently replayed
case_039,2,3,1435262,483565,483565,483565,14925824,14925824,483565,14925824,team13,tie,2.9680849523848916,2.9680849523848916,2.9680849523848916,2.9680849523848916,0.0,0.0,A题研究/直接迭代/第六轮成果/方案/p2/n3/case_039_multicore_res.json,repository,方案/p2/n3/case_039_multicore_res.json,round6,ledger comparison; union not independently replayed
case_039,2,4,1435262,373028,373028,373028,12165120,12165120,373028,12165120,team13,tie,3.8475985716889887,3.8475985716889887,3.8475985716889887,3.8475985716889887,0.0,0.0,A题研究/直接迭代/第六轮成果/方案/p2/n4/case_039_multicore_res.json,repository,方案/p2/n4/case_039_multicore_res.json,round6,ledger comparison; union not independently replayed
case_039,2,5,1435262,308167,308167,308167,10448896,10448896,308167,10448896,team13,tie,4.657416271047841,4.657416271047841,4.657416271047841,4.657416271047841,0.0,0.0,A题研究/直接迭代/第六轮成果/方案/p2/n5/case_039_multicore_res.json,repository,方案/p2/n5/case_039_multicore_res.json,round6,ledger comparison; union not independently replayed
case_039,3,1,1435262,1435262,1435262,1435262,7929856,7929856,1435262,7929856,team13,tie,1.0,1.0,1.0,1.0,0.0,0.0,A题研究/直接迭代/第六轮成果/方案/p3/n1/case_039_multicore_res.json,repository,方案/p3/n1/case_039_multicore_res.json,round6,ledger comparison; union not independently replayed
case_039,3,2,1435262,705335,705335,705335,11067392,11067392,705335,11067392,team13,tie,2.0348657021131804,2.0348657021131804,2.0348657021131804,2.0348657021131804,0.0,0.0,A题研究/直接迭代/第六轮成果/方案/p3/n2/case_039_multicore_res.json,repository,方案/p3/n2/case_039_multicore_res.json,round6,ledger comparison; union not independently replayed
case_039,3,3,1435262,481474,481474,481474,14344192,14344192,481474,14344192,team13,tie,2.980975088997537,2.980975088997537,2.980975088997537,2.980975088997537,0.0,0.0,A题研究/直接迭代/第六轮成果/方案/p3/n3/case_039_multicore_res.json,repository,方案/p3/n3/case_039_multicore_res.json,round6,ledger comparison; union not independently replayed
case_039,3,4,1435262,367436,367436,367436,17604608,17604608,367436,17604608,team13,tie,3.9061550855114904,3.9061550855114904,3.9061550855114904,3.9061550855114904,0.0,0.0,A题研究/直接迭代/第六轮成果/方案/p3/n4/case_039_multicore_res.json,repository,方案/p3/n4/case_039_multicore_res.json,round6,ledger comparison; union not independently replayed
case_039,3,5,1435262,300221,298213,300221,16588800,10452992,298213,16588800,ours,ours,4.780684895460344,4.81287536089976,4.780684895460344,4.81287536089976,0.6688406207427167,-0.6733442204062134,新增精选方案/p3/n5/case_039_multicore_res.json,delivery,方案/p3/n5/case_039_multicore_res.json,unified_v2_best_known_replayed,ledger comparison; union not independently replayed
case_040,1,1,253454,253833,253833,253833,113930,113930,253833,113930,team13,tie,0.9985068923268449,0.9985068923268449,0.9985068923268449,0.9985068923268449,0.0,0.0,A题研究/直接迭代/第六轮成果/方案/p1/n1/case_040_multicore_res.json,repository,方案/p1/n1/case_040_multicore_res.json,round6,ledger comparison; union not independently replayed
case_040,1,2,253454,143594,143594,143594,24576,24576,143594,24576,team13,tie,1.7650737495995654,1.7650737495995654,1.7650737495995654,1.7650737495995654,0.0,0.0,A题研究/直接迭代/第六轮成果/方案/p1/n2/case_040_multicore_res.json,repository,方案/p1/n2/case_040_multicore_res.json,round6,ledger comparison; union not independently replayed
case_040,1,3,253454,110105,110105,110105,0,0,110105,0,team13,tie,2.301929975932065,2.301929975932065,2.301929975932065,2.301929975932065,0.0,0.0,A题研究/直接迭代/第六轮成果/方案/p1/n3/case_040_multicore_res.json,repository,方案/p1/n3/case_040_multicore_res.json,round6,ledger comparison; union not independently replayed
case_040,1,4,253454,110105,110105,110105,0,0,110105,0,team13,tie,2.301929975932065,2.301929975932065,2.301929975932065,2.301929975932065,0.0,0.0,A题研究/直接迭代/第六轮成果/方案/p1/n4/case_040_multicore_res.json,repository,方案/p1/n4/case_040_multicore_res.json,round6,ledger comparison; union not independently replayed
case_040,1,5,253454,110105,110105,87145,0,1855276,87145,1855276,team13,team13,2.301929975932065,2.301929975932065,2.908417006139193,2.908417006139193,0.0,20.852822305980656,A题研究/直接迭代/第六轮成果/方案/p1/n5/case_040_multicore_res.json,repository,方案/p1/n5/case_040_multicore_res.json,round6,ledger comparison; union not independently replayed
case_040,2,1,253454,253454,253454,253454,0,0,253454,0,team13,tie,1.0,1.0,1.0,1.0,0.0,0.0,A题研究/直接迭代/第六轮成果/方案/p2/n1/case_040_multicore_res.json,repository,方案/p2/n1/case_040_multicore_res.json,round6,ledger comparison; union not independently replayed
case_040,2,2,253454,137591,137591,137591,20540,20540,137591,20540,team13,tie,1.8420826943622766,1.8420826943622766,1.8420826943622766,1.8420826943622766,0.0,0.0,A题研究/直接迭代/第六轮成果/方案/p2/n2/case_040_multicore_res.json,repository,方案/p2/n2/case_040_multicore_res.json,round6,ledger comparison; union not independently replayed
case_040,2,3,253454,100597,100597,100597,0,0,100597,0,team13,tie,2.5194985933974174,2.5194985933974174,2.5194985933974174,2.5194985933974174,0.0,0.0,A题研究/直接迭代/第六轮成果/方案/p2/n3/case_040_multicore_res.json,repository,方案/p2/n3/case_040_multicore_res.json,round6,ledger comparison; union not independently replayed
case_040,2,4,253454,100050,100050,100050,0,0,100050,0,team13,tie,2.5332733633183406,2.5332733633183406,2.5332733633183406,2.5332733633183406,0.0,0.0,A题研究/直接迭代/第六轮成果/方案/p2/n4/case_040_multicore_res.json,repository,方案/p2/n4/case_040_multicore_res.json,round6,ledger comparison; union not independently replayed
case_040,2,5,253454,68324,68324,68324,2162492,2162492,68324,2162492,team13,tie,3.70958960248229,3.70958960248229,3.70958960248229,3.70958960248229,0.0,0.0,A题研究/直接迭代/第六轮成果/方案/p2/n5/case_040_multicore_res.json,repository,方案/p2/n5/case_040_multicore_res.json,round6,ledger comparison; union not independently replayed
case_040,3,1,253454,253454,253454,253454,0,0,253454,0,team13,tie,1.0,1.0,1.0,1.0,0.0,0.0,A题研究/直接迭代/第六轮成果/方案/p3/n1/case_040_multicore_res.json,repository,方案/p3/n1/case_040_multicore_res.json,round6,ledger comparison; union not independently replayed
case_040,3,2,253454,137591,137591,137591,20540,20540,137591,20540,team13,tie,1.8420826943622766,1.8420826943622766,1.8420826943622766,1.8420826943622766,0.0,0.0,A题研究/直接迭代/第六轮成果/方案/p3/n2/case_040_multicore_res.json,repository,方案/p3/n2/case_040_multicore_res.json,round6,ledger comparison; union not independently replayed
case_040,3,3,253454,100597,100597,100597,0,0,100597,0,team13,tie,2.5194985933974174,2.5194985933974174,2.5194985933974174,2.5194985933974174,0.0,0.0,A题研究/直接迭代/第六轮成果/方案/p3/n3/case_040_multicore_res.json,repository,方案/p3/n3/case_040_multicore_res.json,round6,ledger comparison; union not independently replayed
case_040,3,4,253454,100050,100050,100050,0,0,100050,0,team13,tie,2.5332733633183406,2.5332733633183406,2.5332733633183406,2.5332733633183406,0.0,0.0,A题研究/直接迭代/第六轮成果/方案/p3/n4/case_040_multicore_res.json,repository,方案/p3/n4/case_040_multicore_res.json,round6,ledger comparison; union not independently replayed
case_040,3,5,253454,63092,63092,63092,2162492,2162492,63092,2162492,team13,tie,4.0172129588537375,4.0172129588537375,4.0172129588537375,4.0172129588537375,0.0,0.0,A题研究/直接迭代/第六轮成果/方案/p3/n5/case_040_multicore_res.json,repository,方案/p3/n5/case_040_multicore_res.json,round6,ledger comparison; union not independently replayed
case_041,1,1,6003957,5963739,5963739,5963739,30357504,30357504,5963739,30357504,team13,tie,1.0067437558887133,1.0067437558887133,1.0067437558887133,1.0067437558887133,0.0,0.0,A题研究/直接迭代/第六轮成果/方案/p1/n1/case_041_multicore_res.json,repository,方案/p1/n1/case_041_multicore_res.json,round6,ledger comparison; union not independently replayed
case_041,1,2,6003957,2992480,2992480,2992480,33490944,33490944,2992480,33490944,team13,tie,2.006348246270652,2.006348246270652,2.006348246270652,2.006348246270652,0.0,0.0,A题研究/直接迭代/第六轮成果/方案/p1/n2/case_041_multicore_res.json,repository,方案/p1/n2/case_041_multicore_res.json,round6,ledger comparison; union not independently replayed
case_041,1,3,6003957,1993597,1993597,1993597,33042432,33042432,1993597,33042432,team13,tie,3.011620202076949,3.011620202076949,3.011620202076949,3.011620202076949,0.0,0.0,A题研究/直接迭代/第六轮成果/方案/p1/n3/case_041_multicore_res.json,repository,方案/p1/n3/case_041_multicore_res.json,round6,ledger comparison; union not independently replayed
case_041,1,4,6003957,1494574,1494574,1494574,33045504,33045504,1494574,33045504,team13,tie,4.017169440924303,4.017169440924303,4.017169440924303,4.017169440924303,0.0,0.0,A题研究/直接迭代/第六轮成果/方案/p1/n4/case_041_multicore_res.json,repository,方案/p1/n4/case_041_multicore_res.json,round6,ledger comparison; union not independently replayed
case_041,1,5,6003957,1196379,1196379,1196379,40630272,40630272,1196379,40630272,team13,tie,5.018440644645217,5.018440644645217,5.018440644645217,5.018440644645217,0.0,0.0,A题研究/直接迭代/第六轮成果/方案/p1/n5/case_041_multicore_res.json,repository,方案/p1/n5/case_041_multicore_res.json,round6,ledger comparison; union not independently replayed
case_041,2,1,6003957,6003957,6003957,6003957,30898176,30898176,6003957,30898176,team13,tie,1.0,1.0,1.0,1.0,0.0,0.0,A题研究/直接迭代/第六轮成果/方案/p2/n1/case_041_multicore_res.json,repository,方案/p2/n1/case_041_multicore_res.json,round6,ledger comparison; union not independently replayed
case_041,2,2,6003957,2990074,2990074,2990074,33490944,33490944,2990074,33490944,team13,tie,2.0079626791845286,2.0079626791845286,2.0079626791845286,2.0079626791845286,0.0,0.0,A题研究/直接迭代/第六轮成果/方案/p2/n2/case_041_multicore_res.json,repository,方案/p2/n2/case_041_multicore_res.json,round6,ledger comparison; union not independently replayed
case_041,2,3,6003957,1991212,1991212,1991212,34887680,34887680,1991212,34887680,team13,tie,3.015227409236184,3.015227409236184,3.015227409236184,3.015227409236184,0.0,0.0,A题研究/直接迭代/第六轮成果/方案/p2/n3/case_041_multicore_res.json,repository,方案/p2/n3/case_041_multicore_res.json,round6,ledger comparison; union not independently replayed
case_041,2,4,6003957,1490603,1490603,1490603,39164928,39164928,1490603,39164928,team13,tie,4.027871270888358,4.027871270888358,4.027871270888358,4.027871270888358,0.0,0.0,A题研究/直接迭代/第六轮成果/方案/p2/n4/case_041_multicore_res.json,repository,方案/p2/n4/case_041_multicore_res.json,round6,ledger comparison; union not independently replayed
case_041,2,5,6003957,1194924,1194924,1194924,18518016,18518016,1194924,18518016,team13,tie,5.02455135221989,5.02455135221989,5.02455135221989,5.02455135221989,0.0,0.0,A题研究/直接迭代/第六轮成果/方案/p2/n5/case_041_multicore_res.json,repository,方案/p2/n5/case_041_multicore_res.json,round6,ledger comparison; union not independently replayed
case_041,3,1,6003957,6001575,6001575,6001575,30898176,30898176,6001575,30898176,team13,tie,1.0003968958148486,1.0003968958148486,1.0003968958148486,1.0003968958148486,0.0,0.0,A题研究/直接迭代/第六轮成果/方案/p3/n1/case_041_multicore_res.json,repository,方案/p3/n1/case_041_multicore_res.json,round6,ledger comparison; union not independently replayed
case_041,3,2,6003957,2985657,2985657,2985657,33490944,33490944,2985657,33490944,team13,tie,2.0109332719733044,2.0109332719733044,2.0109332719733044,2.0109332719733044,0.0,0.0,A题研究/直接迭代/第六轮成果/方案/p3/n2/case_041_multicore_res.json,repository,方案/p3/n2/case_041_multicore_res.json,round6,ledger comparison; union not independently replayed
case_041,3,3,6003957,1989217,1989217,1989217,33050624,33050624,1989217,33050624,team13,tie,3.018251402436235,3.018251402436235,3.018251402436235,3.018251402436235,0.0,0.0,A题研究/直接迭代/第六轮成果/方案/p3/n3/case_041_multicore_res.json,repository,方案/p3/n3/case_041_multicore_res.json,round6,ledger comparison; union not independently replayed
case_041,3,4,6003957,1487676,1487676,1487676,39164928,39164928,1487676,39164928,team13,tie,4.035796100763876,4.035796100763876,4.035796100763876,4.035796100763876,0.0,0.0,A题研究/直接迭代/第六轮成果/方案/p3/n4/case_041_multicore_res.json,repository,方案/p3/n4/case_041_multicore_res.json,round6,ledger comparison; union not independently replayed
case_041,3,5,6003957,1191935,1191935,1191935,40630272,40630272,1191935,40630272,team13,tie,5.037151354729914,5.037151354729914,5.037151354729914,5.037151354729914,0.0,0.0,A题研究/直接迭代/第六轮成果/方案/p3/n5/case_041_multicore_res.json,repository,方案/p3/n5/case_041_multicore_res.json,round6,ledger comparison; union not independently replayed
case_042,1,1,1686740,1674351,1674351,1674351,8189952,8189952,1674351,8189952,team13,tie,1.0073992848572373,1.0073992848572373,1.0073992848572373,1.0073992848572373,0.0,0.0,A题研究/直接迭代/第六轮成果/方案/p1/n1/case_042_multicore_res.json,repository,方案/p1/n1/case_042_multicore_res.json,round6,ledger comparison; union not independently replayed
case_042,1,2,1686740,840111,840111,840111,7262496,7262496,840111,7262496,team13,tie,2.007758498579354,2.007758498579354,2.007758498579354,2.007758498579354,0.0,0.0,A题研究/直接迭代/第六轮成果/方案/p1/n2/case_042_multicore_res.json,repository,方案/p1/n2/case_042_multicore_res.json,round6,ledger comparison; union not independently replayed
case_042,1,3,1686740,571947,571947,571947,8251680,8251680,571947,8251680,team13,tie,2.9491194114139945,2.9491194114139945,2.9491194114139945,2.9491194114139945,0.0,0.0,A题研究/直接迭代/第六轮成果/方案/p1/n3/case_042_multicore_res.json,repository,方案/p1/n3/case_042_multicore_res.json,round6,ledger comparison; union not independently replayed
case_042,1,4,1686740,433223,433223,433223,17044896,17044896,433223,17044896,team13,tie,3.8934682599954296,3.8934682599954296,3.8934682599954296,3.8934682599954296,0.0,0.0,A题研究/直接迭代/第六轮成果/方案/p1/n4/case_042_multicore_res.json,repository,方案/p1/n4/case_042_multicore_res.json,round6,ledger comparison; union not independently replayed
case_042,1,5,1686740,342220,342220,342220,10187904,10187904,342220,10187904,team13,tie,4.928817719595582,4.928817719595582,4.928817719595582,4.928817719595582,0.0,0.0,A题研究/直接迭代/第六轮成果/方案/p1/n5/case_042_multicore_res.json,repository,方案/p1/n5/case_042_multicore_res.json,round6,ledger comparison; union not independently replayed
case_042,2,1,1686740,1686740,1686740,1686740,6629376,6629376,1686740,6629376,team13,tie,1.0,1.0,1.0,1.0,0.0,0.0,A题研究/直接迭代/第六轮成果/方案/p2/n1/case_042_multicore_res.json,repository,方案/p2/n1/case_042_multicore_res.json,round6,ledger comparison; union not independently replayed
case_042,2,2,1686740,834436,834436,834436,7262496,7262496,834436,7262496,team13,tie,2.021413265966473,2.021413265966473,2.021413265966473,2.021413265966473,0.0,0.0,A题研究/直接迭代/第六轮成果/方案/p2/n2/case_042_multicore_res.json,repository,方案/p2/n2/case_042_multicore_res.json,round6,ledger comparison; union not independently replayed
case_042,2,3,1686740,566534,566534,566534,8258848,8258848,566534,8258848,team13,tie,2.9772970377770798,2.9772970377770798,2.9772970377770798,2.9772970377770798,0.0,0.0,A题研究/直接迭代/第六轮成果/方案/p2/n3/case_042_multicore_res.json,repository,方案/p2/n3/case_042_multicore_res.json,round6,ledger comparison; union not independently replayed
case_042,2,4,1686740,437808,437808,437808,8924448,8924448,437808,8924448,team13,tie,3.852693418119358,3.852693418119358,3.852693418119358,3.852693418119358,0.0,0.0,A题研究/直接迭代/第六轮成果/方案/p2/n4/case_042_multicore_res.json,repository,方案/p2/n4/case_042_multicore_res.json,round6,ledger comparison; union not independently replayed
case_042,2,5,1686740,354324,347174,354324,10476936,6993920,347174,10476936,ours,ours,4.760445242207697,4.858485946528254,4.760445242207697,4.858485946528254,2.017927094975225,-2.059486021418655,新增精选方案/p2/n5/case_042_multicore_res.json,delivery,方案/p2/n5/case_042_multicore_res.json,unified_v2_best_known_replayed,ledger comparison; union not independently replayed
case_042,3,1,1686740,1675633,1675633,1675633,6629376,6629376,1675633,6629376,team13,tie,1.0066285397816825,1.0066285397816825,1.0066285397816825,1.0066285397816825,0.0,0.0,A题研究/直接迭代/第六轮成果/方案/p3/n1/case_042_multicore_res.json,repository,方案/p3/n1/case_042_multicore_res.json,round6,ledger comparison; union not independently replayed
case_042,3,2,1686740,833725,833725,833725,7262496,7262496,833725,7262496,team13,tie,2.023137125550991,2.023137125550991,2.023137125550991,2.023137125550991,0.0,0.0,A题研究/直接迭代/第六轮成果/方案/p3/n2/case_042_multicore_res.json,repository,方案/p3/n2/case_042_multicore_res.json,round6,ledger comparison; union not independently replayed
case_042,3,3,1686740,565883,565883,565883,8258848,8258848,565883,8258848,team13,tie,2.9807221634154057,2.9807221634154057,2.9807221634154057,2.9807221634154057,0.0,0.0,A题研究/直接迭代/第六轮成果/方案/p3/n3/case_042_multicore_res.json,repository,方案/p3/n3/case_042_multicore_res.json,round6,ledger comparison; union not independently replayed
case_042,3,4,1686740,433925,433925,433925,8924448,8924448,433925,8924448,team13,tie,3.8871694417238003,3.8871694417238003,3.8871694417238003,3.8871694417238003,0.0,0.0,A题研究/直接迭代/第六轮成果/方案/p3/n4/case_042_multicore_res.json,repository,方案/p3/n4/case_042_multicore_res.json,round6,ledger comparison; union not independently replayed
case_042,3,5,1686740,353812,353812,353812,6993920,6993920,353812,6993920,team13,tie,4.7673340644183915,4.7673340644183915,4.7673340644183915,4.7673340644183915,0.0,0.0,A题研究/直接迭代/第六轮成果/方案/p3/n5/case_042_multicore_res.json,repository,方案/p3/n5/case_042_multicore_res.json,round6,ledger comparison; union not independently replayed
case_043,1,1,677656,677677,677408,677677,509960,1152252,677408,509960,ours,ours,0.9999690117858507,1.0003661013746517,0.9999690117858507,1.0003661013746517,0.03969442669590206,-0.03971018942794391,新增精选方案/p1/n1/case_043_multicore_res.json,delivery,方案/p1/n1/case_043_multicore_res.json,unified_v2_best_known_replayed,ledger comparison; union not independently replayed
case_043,1,2,677656,351328,347015,351328,2793242,2398214,347015,2793242,ours,ours,1.9288414245377539,1.9528147198247914,1.9288414245377539,1.9528147198247914,1.2276277438746708,-1.2428857542181149,新增精选方案/p1/n2/case_043_multicore_res.json,delivery,方案/p1/n2/case_043_multicore_res.json,unified_v2_best_known_replayed,ledger comparison; union not independently replayed
case_043,1,3,677656,268776,268776,268776,141320,599040,268776,141320,ours,tie,2.5212667797720036,2.5212667797720036,2.5212667797720036,2.5212667797720036,0.0,0.0,A题研究/直接迭代/闭环验证_20260925/精选方案/case_043_p1_n3.json,repository,方案/p1/n3/case_043_multicore_res.json,my_runs/iterative_holdout_b8_v1/case_043/n3/single/summary.json,ledger comparison; union not independently replayed
case_043,1,4,677656,266766,242835,266766,4098834,2819424,242835,4098834,ours,ours,2.540263751752472,2.790602672596619,2.540263751752472,2.790602672596619,8.970783383189762,-9.854839705973184,A题研究/直接迭代/闭环验证_20260925/下一阶段攻坚/重划实证_v1/精选方案/case_043_p1_n4.json,repository,方案/p1/n4/case_043_multicore_res.json,本轮开发重划,ledger comparison; union not independently replayed
case_043,1,5,677656,222525,222108,200786,6077368,7616098,200786,7616098,team13,team13,3.0453027749691044,3.051020224395339,3.375016186387497,3.375016186387497,0.0,9.59983431483783,新增精选方案/p1/n5/case_043_multicore_res.json,delivery,方案/p1/n5/case_043_multicore_res.json,unified_v2_best_known_replayed,ledger comparison; union not independently replayed
case_043,2,1,677656,677656,657996,677656,856294,49160,657996,856294,ours,ours,1.0,1.0298786010857208,1.0,1.0298786010857208,2.901176998359045,-2.9878601085720824,新增精选方案/p2/n1/case_043_multicore_res.json,delivery,方案/p2/n1/case_043_multicore_res.json,unified_v2_best_known_replayed,ledger comparison; union not independently replayed
case_043,2,2,677656,352934,352934,352934,458788,458788,352934,458788,team13,tie,1.9200643746422843,1.9200643746422843,1.9200643746422843,1.9200643746422843,0.0,0.0,A题研究/直接迭代/第六轮成果/方案/p2/n2/case_043_multicore_res.json,repository,方案/p2/n2/case_043_multicore_res.json,round6,ledger comparison; union not independently replayed
case_043,2,3,677656,260496,260496,230366,190524,294068,230366,294068,team13,team13,2.6014065475093666,2.6014065475093666,2.9416493753418473,2.9416493753418473,0.0,11.566396412996749,A题研究/直接迭代/第六轮成果/方案/p2/n3/case_043_multicore_res.json,repository,方案/p2/n3/case_043_multicore_res.json,round6,ledger comparison; union not independently replayed
case_043,2,4,677656,255399,255399,230366,1045530,294068,230366,294068,team13,team13,2.6533228399484727,2.6533228399484727,2.9416493753418473,2.9416493753418473,0.0,9.801526239335312,A题研究/直接迭代/第六轮成果/方案/p2/n4/case_043_multicore_res.json,repository,方案/p2/n4/case_043_multicore_res.json,round6,ledger comparison; union not independently replayed
case_043,2,5,677656,169830,169778,169830,6691004,6691004,169778,6691004,ours,ours,3.990201966672555,3.99142409499464,3.990201966672555,3.99142409499464,0.030618854148267705,-0.030628232161999946,新增精选方案/p2/n5/case_043_multicore_res.json,delivery,方案/p2/n5/case_043_multicore_res.json,unified_v2_best_known_replayed,ledger comparison; union not independently replayed
case_043,3,1,677656,677656,657961,677656,856294,49160,657961,856294,ours,ours,1.0,1.0299333851094519,1.0,1.0299333851094519,2.9063418607671143,-2.993338510945187,新增精选方案/p3/n1/case_043_multicore_res.json,delivery,方案/p3/n1/case_043_multicore_res.json,unified_v2_best_known_replayed,ledger comparison; union not independently replayed
case_043,3,2,677656,352934,352934,352934,458788,458788,352934,458788,team13,tie,1.9200643746422843,1.9200643746422843,1.9200643746422843,1.9200643746422843,0.0,0.0,A题研究/直接迭代/第六轮成果/方案/p3/n2/case_043_multicore_res.json,repository,方案/p3/n2/case_043_multicore_res.json,round6,ledger comparison; union not independently replayed
case_043,3,3,677656,260496,260496,230321,190524,294068,230321,294068,team13,team13,2.6014065475093666,2.6014065475093666,2.9422241133027383,2.9422241133027383,0.0,11.583671150420738,A题研究/直接迭代/第六轮成果/方案/p3/n3/case_043_multicore_res.json,repository,方案/p3/n3/case_043_multicore_res.json,round6,ledger comparison; union not independently replayed
case_043,3,4,677656,255399,255399,230321,1045530,294068,230321,294068,team13,team13,2.6533228399484727,2.6533228399484727,2.9422241133027383,2.9422241133027383,0.0,9.819145728839974,A题研究/直接迭代/第六轮成果/方案/p3/n4/case_043_multicore_res.json,repository,方案/p3/n4/case_043_multicore_res.json,round6,ledger comparison; union not independently replayed
case_043,3,5,677656,158368,158316,158368,6691004,6691004,158316,6691004,ours,ours,4.278995756718529,4.280401222870714,4.278995756718529,4.280401222870714,0.03283491614467504,-0.03284570100305917,新增精选方案/p3/n5/case_043_multicore_res.json,delivery,方案/p3/n5/case_043_multicore_res.json,unified_v2_best_known_replayed,ledger comparison; union not independently replayed
case_044,1,1,154407,162836,162836,162836,4741728,4741728,162836,4741728,team13,tie,0.9482362622515905,0.9482362622515905,0.9482362622515905,0.9482362622515905,0.0,0.0,A题研究/直接迭代/第六轮成果/方案/p1/n1/case_044_multicore_res.json,repository,方案/p1/n1/case_044_multicore_res.json,round6,ledger comparison; union not independently replayed
case_044,1,2,154407,96349,96349,96349,222208,222208,96349,222208,team13,tie,1.6025802032195455,1.6025802032195455,1.6025802032195455,1.6025802032195455,0.0,0.0,A题研究/直接迭代/第六轮成果/方案/p1/n2/case_044_multicore_res.json,repository,方案/p1/n2/case_044_multicore_res.json,round6,ledger comparison; union not independently replayed
case_044,1,3,154407,96349,96349,96349,222208,222208,96349,222208,team13,tie,1.6025802032195455,1.6025802032195455,1.6025802032195455,1.6025802032195455,0.0,0.0,A题研究/直接迭代/第六轮成果/方案/p1/n3/case_044_multicore_res.json,repository,方案/p1/n3/case_044_multicore_res.json,round6,ledger comparison; union not independently replayed
case_044,1,4,154407,96349,96349,96349,222208,222208,96349,222208,team13,tie,1.6025802032195455,1.6025802032195455,1.6025802032195455,1.6025802032195455,0.0,0.0,A题研究/直接迭代/第六轮成果/方案/p1/n4/case_044_multicore_res.json,repository,方案/p1/n4/case_044_multicore_res.json,round6,ledger comparison; union not independently replayed
case_044,1,5,154407,96349,96349,96349,222208,222208,96349,222208,team13,tie,1.6025802032195455,1.6025802032195455,1.6025802032195455,1.6025802032195455,0.0,0.0,A题研究/直接迭代/第六轮成果/方案/p1/n5/case_044_multicore_res.json,repository,方案/p1/n5/case_044_multicore_res.json,round6,ledger comparison; union not independently replayed
case_044,2,1,154407,154407,154407,154407,4438112,4438112,154407,4438112,team13,tie,1.0,1.0,1.0,1.0,0.0,0.0,A题研究/直接迭代/第六轮成果/方案/p2/n1/case_044_multicore_res.json,repository,方案/p2/n1/case_044_multicore_res.json,round6,ledger comparison; union not independently replayed
case_044,2,2,154407,44806,44806,44806,1020512,1020512,44806,1020512,team13,tie,3.446123287059769,3.446123287059769,3.446123287059769,3.446123287059769,0.0,0.0,A题研究/直接迭代/第六轮成果/方案/p2/n2/case_044_multicore_res.json,repository,方案/p2/n2/case_044_multicore_res.json,round6,ledger comparison; union not independently replayed
case_044,2,3,154407,44806,44806,44806,1020512,1020512,44806,1020512,team13,tie,3.446123287059769,3.446123287059769,3.446123287059769,3.446123287059769,0.0,0.0,A题研究/直接迭代/第六轮成果/方案/p2/n3/case_044_multicore_res.json,repository,方案/p2/n3/case_044_multicore_res.json,round6,ledger comparison; union not independently replayed
case_044,2,4,154407,44806,44806,44806,1020512,1020512,44806,1020512,team13,tie,3.446123287059769,3.446123287059769,3.446123287059769,3.446123287059769,0.0,0.0,A题研究/直接迭代/第六轮成果/方案/p2/n4/case_044_multicore_res.json,repository,方案/p2/n4/case_044_multicore_res.json,round6,ledger comparison; union not independently replayed
case_044,2,5,154407,44806,44806,44806,1020512,1020512,44806,1020512,team13,tie,3.446123287059769,3.446123287059769,3.446123287059769,3.446123287059769,0.0,0.0,A题研究/直接迭代/第六轮成果/方案/p2/n5/case_044_multicore_res.json,repository,方案/p2/n5/case_044_multicore_res.json,round6,ledger comparison; union not independently replayed
case_044,3,1,154407,107814,107814,107814,4438112,4438112,107814,4438112,team13,tie,1.4321609438477378,1.4321609438477378,1.4321609438477378,1.4321609438477378,0.0,0.0,A题研究/直接迭代/第六轮成果/方案/p3/n1/case_044_multicore_res.json,repository,方案/p3/n1/case_044_multicore_res.json,round6,ledger comparison; union not independently replayed
case_044,3,2,154407,43843,43843,43843,1021024,1021024,43843,1021024,team13,tie,3.521816481536391,3.521816481536391,3.521816481536391,3.521816481536391,0.0,0.0,A题研究/直接迭代/第六轮成果/方案/p3/n2/case_044_multicore_res.json,repository,方案/p3/n2/case_044_multicore_res.json,round6,ledger comparison; union not independently replayed
case_044,3,3,154407,43843,43843,43843,1021024,1021024,43843,1021024,team13,tie,3.521816481536391,3.521816481536391,3.521816481536391,3.521816481536391,0.0,0.0,A题研究/直接迭代/第六轮成果/方案/p3/n3/case_044_multicore_res.json,repository,方案/p3/n3/case_044_multicore_res.json,round6,ledger comparison; union not independently replayed
case_044,3,4,154407,43843,43843,43843,1021024,1021024,43843,1021024,team13,tie,3.521816481536391,3.521816481536391,3.521816481536391,3.521816481536391,0.0,0.0,A题研究/直接迭代/第六轮成果/方案/p3/n4/case_044_multicore_res.json,repository,方案/p3/n4/case_044_multicore_res.json,round6,ledger comparison; union not independently replayed
case_044,3,5,154407,43210,43210,43210,1021280,1021280,43210,1021280,team13,tie,3.5734089331173338,3.5734089331173338,3.5734089331173338,3.5734089331173338,0.0,0.0,A题研究/直接迭代/第六轮成果/方案/p3/n5/case_044_multicore_res.json,repository,方案/p3/n5/case_044_multicore_res.json,round6,ledger comparison; union not independently replayed
case_045,1,1,125614,125852,125852,125852,0,0,125852,0,team13,tie,0.998108889807075,0.998108889807075,0.998108889807075,0.998108889807075,0.0,0.0,A题研究/直接迭代/第六轮成果/方案/p1/n1/case_045_multicore_res.json,repository,方案/p1/n1/case_045_multicore_res.json,round6,ledger comparison; union not independently replayed
case_045,1,2,125614,63059,63059,63059,0,0,63059,0,team13,tie,1.99200748505368,1.99200748505368,1.99200748505368,1.99200748505368,0.0,0.0,A题研究/直接迭代/第六轮成果/方案/p1/n2/case_045_multicore_res.json,repository,方案/p1/n2/case_045_multicore_res.json,round6,ledger comparison; union not independently replayed
case_045,1,3,125614,42452,42452,42452,0,0,42452,0,team13,tie,2.9589654197682087,2.9589654197682087,2.9589654197682087,2.9589654197682087,0.0,0.0,A题研究/直接迭代/第六轮成果/方案/p1/n3/case_045_multicore_res.json,repository,方案/p1/n3/case_045_multicore_res.json,round6,ledger comparison; union not independently replayed
case_045,1,4,125614,31878,31878,31878,0,0,31878,0,team13,tie,3.940460505677897,3.940460505677897,3.940460505677897,3.940460505677897,0.0,0.0,A题研究/直接迭代/第六轮成果/方案/p1/n4/case_045_multicore_res.json,repository,方案/p1/n4/case_045_multicore_res.json,round6,ledger comparison; union not independently replayed
case_045,1,5,125614,26153,26153,26153,0,0,26153,0,team13,tie,4.8030436278820785,4.8030436278820785,4.8030436278820785,4.8030436278820785,0.0,0.0,A题研究/直接迭代/第六轮成果/方案/p1/n5/case_045_multicore_res.json,repository,方案/p1/n5/case_045_multicore_res.json,round6,ledger comparison; union not independently replayed
case_045,2,1,125614,125614,125614,125614,0,0,125614,0,team13,tie,1.0,1.0,1.0,1.0,0.0,0.0,A题研究/直接迭代/第六轮成果/方案/p2/n1/case_045_multicore_res.json,repository,方案/p2/n1/case_045_multicore_res.json,round6,ledger comparison; union not independently replayed
case_045,2,2,125614,62983,62983,62983,0,0,62983,0,team13,tie,1.9944111903211978,1.9944111903211978,1.9944111903211978,1.9944111903211978,0.0,0.0,A题研究/直接迭代/第六轮成果/方案/p2/n2/case_045_multicore_res.json,repository,方案/p2/n2/case_045_multicore_res.json,round6,ledger comparison; union not independently replayed
case_045,2,3,125614,42214,42214,42214,0,0,42214,0,team13,tie,2.975647889325816,2.975647889325816,2.975647889325816,2.975647889325816,0.0,0.0,A题研究/直接迭代/第六轮成果/方案/p2/n3/case_045_multicore_res.json,repository,方案/p2/n3/case_045_multicore_res.json,round6,ledger comparison; union not independently replayed
case_045,2,4,125614,31878,31878,31878,0,0,31878,0,team13,tie,3.940460505677897,3.940460505677897,3.940460505677897,3.940460505677897,0.0,0.0,A题研究/直接迭代/第六轮成果/方案/p2/n4/case_045_multicore_res.json,repository,方案/p2/n4/case_045_multicore_res.json,round6,ledger comparison; union not independently replayed
case_045,2,5,125614,25770,25770,25770,0,0,25770,0,team13,tie,4.874427629025999,4.874427629025999,4.874427629025999,4.874427629025999,0.0,0.0,A题研究/直接迭代/第六轮成果/方案/p2/n5/case_045_multicore_res.json,repository,方案/p2/n5/case_045_multicore_res.json,round6,ledger comparison; union not independently replayed
case_045,3,1,125614,125614,125614,125614,0,0,125614,0,team13,tie,1.0,1.0,1.0,1.0,0.0,0.0,A题研究/直接迭代/第六轮成果/方案/p3/n1/case_045_multicore_res.json,repository,方案/p3/n1/case_045_multicore_res.json,round6,ledger comparison; union not independently replayed
case_045,3,2,125614,62983,62983,62983,0,0,62983,0,team13,tie,1.9944111903211978,1.9944111903211978,1.9944111903211978,1.9944111903211978,0.0,0.0,A题研究/直接迭代/第六轮成果/方案/p3/n2/case_045_multicore_res.json,repository,方案/p3/n2/case_045_multicore_res.json,round6,ledger comparison; union not independently replayed
case_045,3,3,125614,42214,42214,42214,0,0,42214,0,team13,tie,2.975647889325816,2.975647889325816,2.975647889325816,2.975647889325816,0.0,0.0,A题研究/直接迭代/第六轮成果/方案/p3/n3/case_045_multicore_res.json,repository,方案/p3/n3/case_045_multicore_res.json,round6,ledger comparison; union not independently replayed
case_045,3,4,125614,31878,31878,31878,0,0,31878,0,team13,tie,3.940460505677897,3.940460505677897,3.940460505677897,3.940460505677897,0.0,0.0,A题研究/直接迭代/第六轮成果/方案/p3/n4/case_045_multicore_res.json,repository,方案/p3/n4/case_045_multicore_res.json,round6,ledger comparison; union not independently replayed
case_045,3,5,125614,25770,25770,25770,0,0,25770,0,team13,tie,4.874427629025999,4.874427629025999,4.874427629025999,4.874427629025999,0.0,0.0,A题研究/直接迭代/第六轮成果/方案/p3/n5/case_045_multicore_res.json,repository,方案/p3/n5/case_045_multicore_res.json,round6,ledger comparison; union not independently replayed
case_046,1,1,276455,276455,276455,276455,3176288,3176288,276455,3176288,team13,tie,1.0,1.0,1.0,1.0,0.0,0.0,A题研究/直接迭代/第六轮成果/方案/p1/n1/case_046_multicore_res.json,repository,方案/p1/n1/case_046_multicore_res.json,round6,ledger comparison; union not independently replayed
case_046,1,2,276455,158876,158876,158876,6512800,6512800,158876,6512800,team13,tie,1.7400677257735593,1.7400677257735593,1.7400677257735593,1.7400677257735593,0.0,0.0,A题研究/直接迭代/第六轮成果/方案/p1/n2/case_046_multicore_res.json,repository,方案/p1/n2/case_046_multicore_res.json,round6,ledger comparison; union not independently replayed
case_046,1,3,276455,133411,133411,133411,5513376,5513376,133411,5513376,team13,tie,2.072205440331007,2.072205440331007,2.072205440331007,2.072205440331007,0.0,0.0,A题研究/直接迭代/第六轮成果/方案/p1/n3/case_046_multicore_res.json,repository,方案/p1/n3/case_046_multicore_res.json,round6,ledger comparison; union not independently replayed
case_046,1,4,276455,124612,124612,124612,4513952,4513952,124612,4513952,team13,tie,2.218526305652746,2.218526305652746,2.218526305652746,2.218526305652746,0.0,0.0,A题研究/直接迭代/第六轮成果/方案/p1/n4/case_046_multicore_res.json,repository,方案/p1/n4/case_046_multicore_res.json,round6,ledger comparison; union not independently replayed
case_046,1,5,276455,124612,123920,124612,5365312,4513952,123920,5365312,ours,ours,2.218526305652746,2.2309151065203356,2.218526305652746,2.2309151065203356,0.5553237248419052,-0.5584247901872175,新增精选方案/p1/n5/case_046_multicore_res.json,delivery,方案/p1/n5/case_046_multicore_res.json,unified_v2_best_known_replayed,ledger comparison; union not independently replayed
case_046,2,1,276455,276455,276455,276455,3176288,3176288,276455,3176288,team13,tie,1.0,1.0,1.0,1.0,0.0,0.0,A题研究/直接迭代/第六轮成果/方案/p2/n1/case_046_multicore_res.json,repository,方案/p2/n1/case_046_multicore_res.json,round6,ledger comparison; union not independently replayed
case_046,2,2,276455,105690,105690,105690,930400,930400,105690,930400,team13,tie,2.615715772542341,2.615715772542341,2.615715772542341,2.615715772542341,0.0,0.0,A题研究/直接迭代/第六轮成果/方案/p2/n2/case_046_multicore_res.json,repository,方案/p2/n2/case_046_multicore_res.json,round6,ledger comparison; union not independently replayed
case_046,2,3,276455,97230,97230,97004,2502848,2356416,97004,2356416,team13,team13,2.843309678082896,2.843309678082896,2.8499340233392436,2.8499340233392436,0.0,0.23243854777331707,A题研究/直接迭代/第六轮成果/方案/p2/n3/case_046_multicore_res.json,repository,方案/p2/n3/case_046_multicore_res.json,round6,ledger comparison; union not independently replayed
case_046,2,4,276455,78100,78100,78100,2791200,2791200,78100,2791200,team13,tie,3.5397567221510884,3.5397567221510884,3.5397567221510884,3.5397567221510884,0.0,0.0,A题研究/直接迭代/第六轮成果/方案/p2/n4/case_046_multicore_res.json,repository,方案/p2/n4/case_046_multicore_res.json,round6,ledger comparison; union not independently replayed
case_046,2,5,276455,77211,77211,76824,2582304,2512672,76824,2512672,team13,team13,3.580513139319527,3.580513139319527,3.5985499323128187,3.5985499323128187,0.0,0.5012239188716627,A题研究/直接迭代/第六轮成果/方案/p2/n5/case_046_multicore_res.json,repository,方案/p2/n5/case_046_multicore_res.json,round6,ledger comparison; union not independently replayed
case_046,3,1,276455,244994,244994,244994,3176288,3176288,244994,3176288,team13,tie,1.1284153897646474,1.1284153897646474,1.1284153897646474,1.1284153897646474,0.0,0.0,A题研究/直接迭代/第六轮成果/方案/p3/n1/case_046_multicore_res.json,repository,方案/p3/n1/case_046_multicore_res.json,round6,ledger comparison; union not independently replayed
case_046,3,2,276455,105690,105690,105690,930400,930400,105690,930400,team13,tie,2.615715772542341,2.615715772542341,2.615715772542341,2.615715772542341,0.0,0.0,A题研究/直接迭代/第六轮成果/方案/p3/n2/case_046_multicore_res.json,repository,方案/p3/n2/case_046_multicore_res.json,round6,ledger comparison; union not independently replayed
case_046,3,3,276455,92874,92874,91054,2435264,2356416,91054,2356416,team13,team13,2.976667312703232,2.976667312703232,3.0361653524282293,3.0361653524282293,0.0,1.9596442491978339,A题研究/直接迭代/第六轮成果/方案/p3/n3/case_046_multicore_res.json,repository,方案/p3/n3/case_046_multicore_res.json,round6,ledger comparison; union not independently replayed
case_046,3,4,276455,77208,77208,58678,2721568,2582304,58678,2582304,team13,team13,3.5806522640140916,3.5806522640140916,4.711390981287706,4.711390981287706,0.0,24.00010361620557,A题研究/直接迭代/第六轮成果/方案/p3/n4/case_046_multicore_res.json,repository,方案/p3/n4/case_046_multicore_res.json,round6,ledger comparison; union not independently replayed
case_046,3,5,276455,73405,73405,58678,2582304,2582304,58678,2582304,team13,team13,3.7661603433008652,3.7661603433008652,4.711390981287706,4.711390981287706,0.0,20.062666030924326,A题研究/直接迭代/第六轮成果/方案/p3/n5/case_046_multicore_res.json,repository,方案/p3/n5/case_046_multicore_res.json,round6,ledger comparison; union not independently replayed
case_047,1,1,326508,323254,323254,323254,501350,501350,323254,501350,team13,tie,1.0100663874228935,1.0100663874228935,1.0100663874228935,1.0100663874228935,0.0,0.0,A题研究/直接迭代/第六轮成果/方案/p1/n1/case_047_multicore_res.json,repository,方案/p1/n1/case_047_multicore_res.json,round6,ledger comparison; union not independently replayed
case_047,1,2,326508,323254,323254,319012,501350,1051490,319012,1051490,team13,team13,1.0100663874228935,1.0100663874228935,1.0234975486815543,1.0234975486815543,0.0,1.3122807451725227,A题研究/直接迭代/第六轮成果/方案/p1/n2/case_047_multicore_res.json,repository,方案/p1/n2/case_047_multicore_res.json,round6,ledger comparison; union not independently replayed
case_047,1,3,326508,323254,323254,219173,501350,3421374,219173,3421374,team13,team13,1.0100663874228935,1.0100663874228935,1.4897272930516077,1.4897272930516077,0.0,32.197900103324315,A题研究/直接迭代/第六轮成果/方案/p1/n3/case_047_multicore_res.json,repository,方案/p1/n3/case_047_multicore_res.json,round6,ledger comparison; union not independently replayed
case_047,1,4,326508,323254,323254,190683,501350,3231082,190683,3231082,team13,team13,1.0100663874228935,1.0100663874228935,1.7123078617391168,1.7123078617391168,0.0,41.01140279779987,A题研究/直接迭代/第六轮成果/方案/p1/n4/case_047_multicore_res.json,repository,方案/p1/n4/case_047_multicore_res.json,round6,ledger comparison; union not independently replayed
case_047,1,5,326508,321049,208139,190683,3590396,3231082,190683,3231082,team13,team13,1.0170036349591496,1.5687016849317044,1.7123078617391168,1.7123078617391168,0.0,8.386703116667228,新增精选方案/p1/n5/case_047_multicore_res.json,delivery,方案/p1/n5/case_047_multicore_res.json,unified_v2_best_known_replayed,ledger comparison; union not independently replayed
case_047,2,1,326508,326508,326508,326508,0,0,326508,0,team13,tie,1.0,1.0,1.0,1.0,0.0,0.0,A题研究/直接迭代/第六轮成果/方案/p2/n1/case_047_multicore_res.json,repository,方案/p2/n1/case_047_multicore_res.json,round6,ledger comparison; union not independently replayed
case_047,2,2,326508,185848,185848,185848,902790,902790,185848,902790,team13,tie,1.7568550643536653,1.7568550643536653,1.7568550643536653,1.7568550643536653,0.0,0.0,A题研究/直接迭代/第六轮成果/方案/p2/n2/case_047_multicore_res.json,repository,方案/p2/n2/case_047_multicore_res.json,round6,ledger comparison; union not independently replayed
case_047,2,3,326508,128075,128075,128075,1560748,1560748,128075,1560748,team13,tie,2.549349990240094,2.549349990240094,2.549349990240094,2.549349990240094,0.0,0.0,A题研究/直接迭代/第六轮成果/方案/p2/n3/case_047_multicore_res.json,repository,方案/p2/n3/case_047_multicore_res.json,round6,ledger comparison; union not independently replayed
case_047,2,4,326508,110320,110320,110320,2112370,2112370,110320,2112370,team13,tie,2.9596446700507615,2.9596446700507615,2.9596446700507615,2.9596446700507615,0.0,0.0,A题研究/直接迭代/第六轮成果/方案/p2/n4/case_047_multicore_res.json,repository,方案/p2/n4/case_047_multicore_res.json,round6,ledger comparison; union not independently replayed
case_047,2,5,326508,95504,95409,95504,2658872,2651832,95409,2658872,ours,ours,3.418788741832803,3.422192874886017,3.418788741832803,3.422192874886017,0.09947227341263742,-0.09957131926756624,新增精选方案/p2/n5/case_047_multicore_res.json,delivery,方案/p2/n5/case_047_multicore_res.json,unified_v2_best_known_replayed,ledger comparison; union not independently replayed
case_047,3,1,326508,326508,326508,326508,0,0,326508,0,team13,tie,1.0,1.0,1.0,1.0,0.0,0.0,A题研究/直接迭代/第六轮成果/方案/p3/n1/case_047_multicore_res.json,repository,方案/p3/n1/case_047_multicore_res.json,round6,ledger comparison; union not independently replayed
case_047,3,2,326508,185722,185722,185722,902790,902790,185722,902790,team13,tie,1.7580469734334112,1.7580469734334112,1.7580469734334112,1.7580469734334112,0.0,0.0,A题研究/直接迭代/第六轮成果/方案/p3/n2/case_047_multicore_res.json,repository,方案/p3/n2/case_047_multicore_res.json,round6,ledger comparison; union not independently replayed
case_047,3,3,326508,127936,127936,127936,1560748,1560748,127936,1560748,team13,tie,2.5521198099049527,2.5521198099049527,2.5521198099049527,2.5521198099049527,0.0,0.0,A题研究/直接迭代/第六轮成果/方案/p3/n3/case_047_multicore_res.json,repository,方案/p3/n3/case_047_multicore_res.json,round6,ledger comparison; union not independently replayed
case_047,3,4,326508,109306,109306,109306,2112370,2112370,109306,2112370,team13,tie,2.9871004336449967,2.9871004336449967,2.9871004336449967,2.9871004336449967,0.0,0.0,A题研究/直接迭代/第六轮成果/方案/p3/n4/case_047_multicore_res.json,repository,方案/p3/n4/case_047_multicore_res.json,round6,ledger comparison; union not independently replayed
case_047,3,5,326508,93047,92870,93036,2658872,2651832,92870,2658872,ours,ours,3.509065311079347,3.515753203402606,3.5094802012124338,3.515753203402606,0.17842555569886898,-0.17874448153332168,新增精选方案/p3/n5/case_047_multicore_res.json,delivery,方案/p3/n5/case_047_multicore_res.json,unified_v2_best_known_replayed,ledger comparison; union not independently replayed
case_048,1,1,222220,222532,222532,222532,42438,42438,222532,42438,team13,tie,0.9985979544514946,0.9985979544514946,0.9985979544514946,0.9985979544514946,0.0,0.0,A题研究/直接迭代/第六轮成果/方案/p1/n1/case_048_multicore_res.json,repository,方案/p1/n1/case_048_multicore_res.json,round6,ledger comparison; union not independently replayed
case_048,1,2,222220,222220,222220,222220,0,0,222220,0,team13,tie,1.0,1.0,1.0,1.0,0.0,0.0,A题研究/直接迭代/第六轮成果/方案/p1/n2/case_048_multicore_res.json,repository,方案/p1/n2/case_048_multicore_res.json,round6,ledger comparison; union not independently replayed
case_048,1,3,222220,222220,191033,122039,3320606,1391956,122039,1391956,team13,team13,1.0,1.1632545162354149,1.820893320987553,1.820893320987553,0.0,36.116273104646844,A题研究/直接迭代/闭环验证_20260925/下一阶段攻坚/重划实证_v1/精选方案/case_048_p1_n3.json,repository,方案/p1/n3/case_048_multicore_res.json,本轮从头_new,ledger comparison; union not independently replayed
case_048,1,4,222220,222220,222220,119999,0,1391956,119999,1391956,team13,team13,1.0,1.0,1.8518487654063784,1.8518487654063784,0.0,45.999909999099984,A题研究/直接迭代/第六轮成果/方案/p1/n4/case_048_multicore_res.json,repository,方案/p1/n4/case_048_multicore_res.json,round6,ledger comparison; union not independently replayed
case_048,1,5,222220,211661,136675,119999,1154096,1391956,119999,1391956,team13,team13,1.0498863749108245,1.6259008597036766,1.8518487654063784,1.8518487654063784,0.0,12.201207243460765,新增精选方案/p1/n5/case_048_multicore_res.json,delivery,方案/p1/n5/case_048_multicore_res.json,unified_v2_best_known_replayed,ledger comparison; union not independently replayed
case_048,2,1,222220,222220,222220,222220,0,0,222220,0,team13,tie,1.0,1.0,1.0,1.0,0.0,0.0,A题研究/直接迭代/第六轮成果/方案/p2/n1/case_048_multicore_res.json,repository,方案/p2/n1/case_048_multicore_res.json,round6,ledger comparison; union not independently replayed
case_048,2,2,222220,114065,114065,114065,479718,479718,114065,479718,team13,tie,1.9481874369876824,1.9481874369876824,1.9481874369876824,1.9481874369876824,0.0,0.0,A题研究/直接迭代/第六轮成果/方案/p2/n2/case_048_multicore_res.json,repository,方案/p2/n2/case_048_multicore_res.json,round6,ledger comparison; union not independently replayed
case_048,2,3,222220,103645,103645,103645,725004,725004,103645,725004,team13,tie,2.144049399392156,2.144049399392156,2.144049399392156,2.144049399392156,0.0,0.0,A题研究/直接迭代/第六轮成果/方案/p2/n3/case_048_multicore_res.json,repository,方案/p2/n3/case_048_multicore_res.json,round6,ledger comparison; union not independently replayed
case_048,2,4,222220,102067,102067,102067,792656,792656,102067,792656,team13,tie,2.177197331164823,2.177197331164823,2.177197331164823,2.177197331164823,0.0,0.0,A题研究/直接迭代/第六轮成果/方案/p2/n4/case_048_multicore_res.json,repository,方案/p2/n4/case_048_multicore_res.json,round6,ledger comparison; union not independently replayed
case_048,2,5,222220,98926,98926,98594,1236696,1236440,98594,1236440,team13,team13,2.2463255362594263,2.2463255362594263,2.25388968902773,2.25388968902773,0.0,0.33560439116107066,新增精选方案/p2/n5/case_048_multicore_res.json,delivery,方案/p2/n5/case_048_multicore_res.json,unified_v2_best_known_replayed,ledger comparison; union not independently replayed
case_048,3,1,222220,222220,222220,222220,0,0,222220,0,team13,tie,1.0,1.0,1.0,1.0,0.0,0.0,A题研究/直接迭代/第六轮成果/方案/p3/n1/case_048_multicore_res.json,repository,方案/p3/n1/case_048_multicore_res.json,round6,ledger comparison; union not independently replayed
case_048,3,2,222220,114065,114065,114065,479718,479718,114065,479718,team13,tie,1.9481874369876824,1.9481874369876824,1.9481874369876824,1.9481874369876824,0.0,0.0,A题研究/直接迭代/第六轮成果/方案/p3/n2/case_048_multicore_res.json,repository,方案/p3/n2/case_048_multicore_res.json,round6,ledger comparison; union not independently replayed
case_048,3,3,222220,103311,103311,103311,725004,725004,103311,725004,team13,tie,2.1509810184781872,2.1509810184781872,2.1509810184781872,2.1509810184781872,0.0,0.0,A题研究/直接迭代/第六轮成果/方案/p3/n3/case_048_multicore_res.json,repository,方案/p3/n3/case_048_multicore_res.json,round6,ledger comparison; union not independently replayed
case_048,3,4,222220,101542,101542,101542,792656,792656,101542,792656,team13,tie,2.188454038722893,2.188454038722893,2.188454038722893,2.188454038722893,0.0,0.0,A题研究/直接迭代/第六轮成果/方案/p3/n4/case_048_multicore_res.json,repository,方案/p3/n4/case_048_multicore_res.json,round6,ledger comparison; union not independently replayed
case_048,3,5,222220,98781,98781,98366,1236696,1236440,98366,1236440,team13,team13,2.2496229031898847,2.2496229031898847,2.259113921476933,2.259113921476933,0.0,0.42012127838348956,新增精选方案/p3/n5/case_048_multicore_res.json,delivery,方案/p3/n5/case_048_multicore_res.json,unified_v2_best_known_replayed,ledger comparison; union not independently replayed
case_049,1,1,196276,196276,196276,196276,0,0,196276,0,team13,tie,1.0,1.0,1.0,1.0,0.0,0.0,A题研究/直接迭代/第六轮成果/方案/p1/n1/case_049_multicore_res.json,repository,方案/p1/n1/case_049_multicore_res.json,round6,ledger comparison; union not independently replayed
case_049,1,2,196276,160206,160206,160206,0,0,160206,0,team13,tie,1.2251476224361135,1.2251476224361135,1.2251476224361135,1.2251476224361135,0.0,0.0,A题研究/直接迭代/第六轮成果/方案/p1/n2/case_049_multicore_res.json,repository,方案/p1/n2/case_049_multicore_res.json,round6,ledger comparison; union not independently replayed
case_049,1,3,196276,142360,142360,142360,746906,746906,142360,746906,team13,tie,1.3787299803315538,1.3787299803315538,1.3787299803315538,1.3787299803315538,0.0,0.0,A题研究/直接迭代/第六轮成果/方案/p1/n3/case_049_multicore_res.json,repository,方案/p1/n3/case_049_multicore_res.json,round6,ledger comparison; union not independently replayed
case_049,1,4,196276,141356,141356,141356,353564,353564,141356,353564,team13,tie,1.388522595432808,1.388522595432808,1.388522595432808,1.388522595432808,0.0,0.0,A题研究/直接迭代/第六轮成果/方案/p1/n4/case_049_multicore_res.json,repository,方案/p1/n4/case_049_multicore_res.json,round6,ledger comparison; union not independently replayed
case_049,1,5,196276,124981,124981,86941,1462062,2643504,86941,2643504,team13,team13,1.5704467078996007,1.5704467078996007,2.257576977490482,2.257576977490482,0.0,30.43662636720782,A题研究/直接迭代/第六轮成果/方案/p1/n5/case_049_multicore_res.json,repository,方案/p1/n5/case_049_multicore_res.json,round6,ledger comparison; union not independently replayed
case_049,2,1,196276,196276,196276,196276,0,0,196276,0,team13,tie,1.0,1.0,1.0,1.0,0.0,0.0,A题研究/直接迭代/第六轮成果/方案/p2/n1/case_049_multicore_res.json,repository,方案/p2/n1/case_049_multicore_res.json,round6,ledger comparison; union not independently replayed
case_049,2,2,196276,121112,121112,121112,3169338,3169338,121112,3169338,team13,tie,1.6206156285091486,1.6206156285091486,1.6206156285091486,1.6206156285091486,0.0,0.0,A题研究/直接迭代/第六轮成果/方案/p2/n2/case_049_multicore_res.json,repository,方案/p2/n2/case_049_multicore_res.json,round6,ledger comparison; union not independently replayed
case_049,2,3,196276,93625,93625,93625,3835440,3835440,93625,3835440,team13,tie,2.0964058744993324,2.0964058744993324,2.0964058744993324,2.0964058744993324,0.0,0.0,A题研究/直接迭代/第六轮成果/方案/p2/n3/case_049_multicore_res.json,repository,方案/p2/n3/case_049_multicore_res.json,round6,ledger comparison; union not independently replayed
case_049,2,4,196276,93550,93550,93550,4523478,4523478,93550,4523478,team13,tie,2.0980865847140566,2.0980865847140566,2.0980865847140566,2.0980865847140566,0.0,0.0,A题研究/直接迭代/第六轮成果/方案/p2/n4/case_049_multicore_res.json,repository,方案/p2/n4/case_049_multicore_res.json,round6,ledger comparison; union not independently replayed
case_049,2,5,196276,59914,59914,59914,1782112,1782112,59914,1782112,team13,tie,3.2759622125045897,3.2759622125045897,3.2759622125045897,3.2759622125045897,0.0,0.0,A题研究/直接迭代/第六轮成果/方案/p2/n5/case_049_multicore_res.json,repository,方案/p2/n5/case_049_multicore_res.json,round6,ledger comparison; union not independently replayed
case_049,3,1,196276,196276,196276,196276,0,0,196276,0,team13,tie,1.0,1.0,1.0,1.0,0.0,0.0,A题研究/直接迭代/第六轮成果/方案/p3/n1/case_049_multicore_res.json,repository,方案/p3/n1/case_049_multicore_res.json,round6,ledger comparison; union not independently replayed
case_049,3,2,196276,121088,121088,121088,3169338,3169338,121088,3169338,team13,tie,1.6209368393234673,1.6209368393234673,1.6209368393234673,1.6209368393234673,0.0,0.0,A题研究/直接迭代/第六轮成果/方案/p3/n2/case_049_multicore_res.json,repository,方案/p3/n2/case_049_multicore_res.json,round6,ledger comparison; union not independently replayed
case_049,3,3,196276,91236,91236,91236,3835440,3835440,91236,3835440,team13,tie,2.151299925468017,2.151299925468017,2.151299925468017,2.151299925468017,0.0,0.0,A题研究/直接迭代/第六轮成果/方案/p3/n3/case_049_multicore_res.json,repository,方案/p3/n3/case_049_multicore_res.json,round6,ledger comparison; union not independently replayed
case_049,3,4,196276,88719,88719,88719,4523478,4523478,88719,4523478,team13,tie,2.2123333220617907,2.2123333220617907,2.2123333220617907,2.2123333220617907,0.0,0.0,A题研究/直接迭代/第六轮成果/方案/p3/n4/case_049_multicore_res.json,repository,方案/p3/n4/case_049_multicore_res.json,round6,ledger comparison; union not independently replayed
case_049,3,5,196276,59456,59456,59456,1786208,1786208,59456,1786208,team13,tie,3.301197524219591,3.301197524219591,3.301197524219591,3.301197524219591,0.0,0.0,A题研究/直接迭代/第六轮成果/方案/p3/n5/case_049_multicore_res.json,repository,方案/p3/n5/case_049_multicore_res.json,round6,ledger comparison; union not independently replayed
case_050,1,1,149690,149552,149552,149552,96048,96048,149552,96048,team13,tie,1.0009227559644807,1.0009227559644807,1.0009227559644807,1.0009227559644807,0.0,0.0,A题研究/直接迭代/第六轮成果/方案/p1/n1/case_050_multicore_res.json,repository,方案/p1/n1/case_050_multicore_res.json,round6,ledger comparison; union not independently replayed
case_050,1,2,149690,102445,102445,102445,64082,64082,102445,64082,team13,tie,1.4611742886426864,1.4611742886426864,1.4611742886426864,1.4611742886426864,0.0,0.0,A题研究/直接迭代/第六轮成果/方案/p1/n2/case_050_multicore_res.json,repository,方案/p1/n2/case_050_multicore_res.json,round6,ledger comparison; union not independently replayed
case_050,1,3,149690,91511,91511,91511,466052,466052,91511,466052,team13,tie,1.6357596354536612,1.6357596354536612,1.6357596354536612,1.6357596354536612,0.0,0.0,A题研究/直接迭代/第六轮成果/方案/p1/n3/case_050_multicore_res.json,repository,方案/p1/n3/case_050_multicore_res.json,round6,ledger comparison; union not independently replayed
case_050,1,4,149690,91511,91511,91511,466052,466052,91511,466052,team13,tie,1.6357596354536612,1.6357596354536612,1.6357596354536612,1.6357596354536612,0.0,0.0,A题研究/直接迭代/第六轮成果/方案/p1/n4/case_050_multicore_res.json,repository,方案/p1/n4/case_050_multicore_res.json,round6,ledger comparison; union not independently replayed
case_050,1,5,149690,77776,77776,77776,907036,907036,77776,907036,team13,tie,1.9246297058218473,1.9246297058218473,1.9246297058218473,1.9246297058218473,0.0,0.0,A题研究/直接迭代/第六轮成果/方案/p1/n5/case_050_multicore_res.json,repository,方案/p1/n5/case_050_multicore_res.json,round6,ledger comparison; union not independently replayed
case_050,2,1,149690,149690,149690,149690,0,0,149690,0,team13,tie,1.0,1.0,1.0,1.0,0.0,0.0,A题研究/直接迭代/第六轮成果/方案/p2/n1/case_050_multicore_res.json,repository,方案/p2/n1/case_050_multicore_res.json,round6,ledger comparison; union not independently replayed
case_050,2,2,149690,88024,88024,88024,950954,950954,88024,950954,team13,tie,1.700558938471326,1.700558938471326,1.700558938471326,1.700558938471326,0.0,0.0,A题研究/直接迭代/第六轮成果/方案/p2/n2/case_050_multicore_res.json,repository,方案/p2/n2/case_050_multicore_res.json,round6,ledger comparison; union not independently replayed
case_050,2,3,149690,56006,56006,56006,1214252,1214252,56006,1214252,team13,tie,2.6727493482841123,2.6727493482841123,2.6727493482841123,2.6727493482841123,0.0,0.0,A题研究/直接迭代/第六轮成果/方案/p2/n3/case_050_multicore_res.json,repository,方案/p2/n3/case_050_multicore_res.json,round6,ledger comparison; union not independently replayed
case_050,2,4,149690,56006,56006,56006,1214252,1214252,56006,1214252,team13,tie,2.6727493482841123,2.6727493482841123,2.6727493482841123,2.6727493482841123,0.0,0.0,A题研究/直接迭代/第六轮成果/方案/p2/n4/case_050_multicore_res.json,repository,方案/p2/n4/case_050_multicore_res.json,round6,ledger comparison; union not independently replayed
case_050,2,5,149690,48502,48502,48502,1481220,1481220,48502,1481220,team13,tie,3.0862644839388067,3.0862644839388067,3.0862644839388067,3.0862644839388067,0.0,0.0,A题研究/直接迭代/第六轮成果/方案/p2/n5/case_050_multicore_res.json,repository,方案/p2/n5/case_050_multicore_res.json,round6,ledger comparison; union not independently replayed
case_050,3,1,149690,149690,149690,149690,0,0,149690,0,team13,tie,1.0,1.0,1.0,1.0,0.0,0.0,A题研究/直接迭代/第六轮成果/方案/p3/n1/case_050_multicore_res.json,repository,方案/p3/n1/case_050_multicore_res.json,round6,ledger comparison; union not independently replayed
case_050,3,2,149690,87754,87754,87754,950954,950954,87754,950954,team13,tie,1.7057911890056294,1.7057911890056294,1.7057911890056294,1.7057911890056294,0.0,0.0,A题研究/直接迭代/第六轮成果/方案/p3/n2/case_050_multicore_res.json,repository,方案/p3/n2/case_050_multicore_res.json,round6,ledger comparison; union not independently replayed
case_050,3,3,149690,55123,55123,55123,1214252,1214252,55123,1214252,team13,tie,2.7155633764490323,2.7155633764490323,2.7155633764490323,2.7155633764490323,0.0,0.0,A题研究/直接迭代/第六轮成果/方案/p3/n3/case_050_multicore_res.json,repository,方案/p3/n3/case_050_multicore_res.json,round6,ledger comparison; union not independently replayed
case_050,3,4,149690,55123,55123,55123,1214252,1214252,55123,1214252,team13,tie,2.7155633764490323,2.7155633764490323,2.7155633764490323,2.7155633764490323,0.0,0.0,A题研究/直接迭代/第六轮成果/方案/p3/n4/case_050_multicore_res.json,repository,方案/p3/n4/case_050_multicore_res.json,round6,ledger comparison; union not independently replayed
case_050,3,5,149690,45172,45172,45172,1481220,1481220,45172,1481220,team13,tie,3.313778446825467,3.313778446825467,3.313778446825467,3.313778446825467,0.0,0.0,A题研究/直接迭代/第六轮成果/方案/p3/n5/case_050_multicore_res.json,repository,方案/p3/n5/case_050_multicore_res.json,round6,ledger comparison; union not independently replayed
case_051,1,1,607628,607628,607628,607628,0,0,607628,0,team13,tie,1.0,1.0,1.0,1.0,0.0,0.0,A题研究/直接迭代/第六轮成果/方案/p1/n1/case_051_multicore_res.json,repository,方案/p1/n1/case_051_multicore_res.json,round6,ledger comparison; union not independently replayed
case_051,1,2,607628,607628,607628,607628,0,0,607628,0,team13,tie,1.0,1.0,1.0,1.0,0.0,0.0,A题研究/直接迭代/第六轮成果/方案/p1/n2/case_051_multicore_res.json,repository,方案/p1/n2/case_051_multicore_res.json,round6,ledger comparison; union not independently replayed
case_051,1,3,607628,607628,607628,607628,0,0,607628,0,team13,tie,1.0,1.0,1.0,1.0,0.0,0.0,A题研究/直接迭代/第六轮成果/方案/p1/n3/case_051_multicore_res.json,repository,方案/p1/n3/case_051_multicore_res.json,round6,ledger comparison; union not independently replayed
case_051,1,4,607628,607628,607628,607628,0,0,607628,0,team13,tie,1.0,1.0,1.0,1.0,0.0,0.0,A题研究/直接迭代/第六轮成果/方案/p1/n4/case_051_multicore_res.json,repository,方案/p1/n4/case_051_multicore_res.json,round6,ledger comparison; union not independently replayed
case_051,1,5,607628,607628,290405,607628,9046256,0,290405,9046256,ours,ours,1.0,2.0923468948537387,1.0,2.0923468948537387,52.20677783117302,-109.23468948537388,新增精选方案/p1/n5/case_051_multicore_res.json,delivery,方案/p1/n5/case_051_multicore_res.json,unified_v2_best_known_replayed,ledger comparison; union not independently replayed
case_051,2,1,607628,607628,607628,607628,0,0,607628,0,team13,tie,1.0,1.0,1.0,1.0,0.0,0.0,A题研究/直接迭代/第六轮成果/方案/p2/n1/case_051_multicore_res.json,repository,方案/p2/n1/case_051_multicore_res.json,round6,ledger comparison; union not independently replayed
case_051,2,2,607628,319230,319230,319230,394080,394080,319230,394080,team13,tie,1.903417598596623,1.903417598596623,1.903417598596623,1.903417598596623,0.0,0.0,A题研究/直接迭代/第六轮成果/方案/p2/n2/case_051_multicore_res.json,repository,方案/p2/n2/case_051_multicore_res.json,round6,ledger comparison; union not independently replayed
case_051,2,3,607628,228533,228533,228533,263200,263200,228533,263200,team13,tie,2.6588195140307964,2.6588195140307964,2.6588195140307964,2.6588195140307964,0.0,0.0,A题研究/直接迭代/第六轮成果/方案/p2/n3/case_051_multicore_res.json,repository,方案/p2/n3/case_051_multicore_res.json,round6,ledger comparison; union not independently replayed
case_051,2,4,607628,179465,179465,179465,197848,197848,179465,197848,team13,tie,3.385774384977572,3.385774384977572,3.385774384977572,3.385774384977572,0.0,0.0,A题研究/直接迭代/第六轮成果/方案/p2/n4/case_051_multicore_res.json,repository,方案/p2/n4/case_051_multicore_res.json,round6,ledger comparison; union not independently replayed
case_051,2,5,607628,162296,162296,162296,3507604,3507604,162296,3507604,team13,tie,3.7439493271553212,3.7439493271553212,3.7439493271553212,3.7439493271553212,0.0,0.0,A题研究/直接迭代/第六轮成果/方案/p2/n5/case_051_multicore_res.json,repository,方案/p2/n5/case_051_multicore_res.json,round6,ledger comparison; union not independently replayed
case_051,3,1,607628,607628,607628,607628,0,0,607628,0,team13,tie,1.0,1.0,1.0,1.0,0.0,0.0,A题研究/直接迭代/第六轮成果/方案/p3/n1/case_051_multicore_res.json,repository,方案/p3/n1/case_051_multicore_res.json,round6,ledger comparison; union not independently replayed
case_051,3,2,607628,318398,318398,318398,394080,394080,318398,394080,team13,tie,1.9083913843679923,1.9083913843679923,1.9083913843679923,1.9083913843679923,0.0,0.0,A题研究/直接迭代/第六轮成果/方案/p3/n2/case_051_multicore_res.json,repository,方案/p3/n2/case_051_multicore_res.json,round6,ledger comparison; union not independently replayed
case_051,3,3,607628,227940,227940,227940,263200,263200,227940,263200,team13,tie,2.66573659735018,2.66573659735018,2.66573659735018,2.66573659735018,0.0,0.0,A题研究/直接迭代/第六轮成果/方案/p3/n3/case_051_multicore_res.json,repository,方案/p3/n3/case_051_multicore_res.json,round6,ledger comparison; union not independently replayed
case_051,3,4,607628,178974,178974,178974,197848,197848,178974,197848,team13,tie,3.395062970040341,3.395062970040341,3.395062970040341,3.395062970040341,0.0,0.0,A题研究/直接迭代/第六轮成果/方案/p3/n4/case_051_multicore_res.json,repository,方案/p3/n4/case_051_multicore_res.json,round6,ledger comparison; union not independently replayed
case_051,3,5,607628,159635,159635,159635,3507604,3507604,159635,3507604,team13,tie,3.806358254768691,3.806358254768691,3.806358254768691,3.806358254768691,0.0,0.0,A题研究/直接迭代/第六轮成果/方案/p3/n5/case_051_multicore_res.json,repository,方案/p3/n5/case_051_multicore_res.json,round6,ledger comparison; union not independently replayed
case_052,1,1,180301,180301,180301,180301,0,0,180301,0,team13,tie,1.0,1.0,1.0,1.0,0.0,0.0,A题研究/直接迭代/第六轮成果/方案/p1/n1/case_052_multicore_res.json,repository,方案/p1/n1/case_052_multicore_res.json,round6,ledger comparison; union not independently replayed
case_052,1,2,180301,86401,86401,86401,135168,135168,86401,135168,team13,tie,2.0867929769331375,2.0867929769331375,2.0867929769331375,2.0867929769331375,0.0,0.0,A题研究/直接迭代/第六轮成果/方案/p1/n2/case_052_multicore_res.json,repository,方案/p1/n2/case_052_multicore_res.json,round6,ledger comparison; union not independently replayed
case_052,1,3,180301,63144,63144,63144,181248,181248,63144,181248,team13,tie,2.8553940200177372,2.8553940200177372,2.8553940200177372,2.8553940200177372,0.0,0.0,A题研究/直接迭代/第六轮成果/方案/p1/n3/case_052_multicore_res.json,repository,方案/p1/n3/case_052_multicore_res.json,round6,ledger comparison; union not independently replayed
case_052,1,4,180301,47938,47938,47938,259584,259584,47938,259584,team13,tie,3.7611289582377236,3.7611289582377236,3.7611289582377236,3.7611289582377236,0.0,0.0,A题研究/直接迭代/第六轮成果/方案/p1/n4/case_052_multicore_res.json,repository,方案/p1/n4/case_052_multicore_res.json,round6,ledger comparison; union not independently replayed
case_052,1,5,180301,44240,44240,44240,854016,854016,44240,854016,team13,tie,4.075519891500904,4.075519891500904,4.075519891500904,4.075519891500904,0.0,0.0,A题研究/直接迭代/第六轮成果/方案/p1/n5/case_052_multicore_res.json,repository,方案/p1/n5/case_052_multicore_res.json,round6,ledger comparison; union not independently replayed
case_052,2,1,180301,180301,180301,180301,0,0,180301,0,team13,tie,1.0,1.0,1.0,1.0,0.0,0.0,A题研究/直接迭代/第六轮成果/方案/p2/n1/case_052_multicore_res.json,repository,方案/p2/n1/case_052_multicore_res.json,round6,ledger comparison; union not independently replayed
case_052,2,2,180301,85972,85972,85972,102912,102912,85972,102912,team13,tie,2.0972060670916113,2.0972060670916113,2.0972060670916113,2.0972060670916113,0.0,0.0,A题研究/直接迭代/第六轮成果/方案/p2/n2/case_052_multicore_res.json,repository,方案/p2/n2/case_052_multicore_res.json,round6,ledger comparison; union not independently replayed
case_052,2,3,180301,54776,54776,54776,181248,181248,54776,181248,team13,tie,3.2916058127647143,3.2916058127647143,3.2916058127647143,3.2916058127647143,0.0,0.0,A题研究/直接迭代/第六轮成果/方案/p2/n3/case_052_multicore_res.json,repository,方案/p2/n3/case_052_multicore_res.json,round6,ledger comparison; union not independently replayed
case_052,2,4,180301,40702,40702,40702,259584,259584,40702,259584,team13,tie,4.429782320279101,4.429782320279101,4.429782320279101,4.429782320279101,0.0,0.0,A题研究/直接迭代/第六轮成果/方案/p2/n4/case_052_multicore_res.json,repository,方案/p2/n4/case_052_multicore_res.json,round6,ledger comparison; union not independently replayed
case_052,2,5,180301,32948,32948,32948,328704,328704,32948,328704,team13,tie,5.472289668568654,5.472289668568654,5.472289668568654,5.472289668568654,0.0,0.0,A题研究/直接迭代/第六轮成果/方案/p2/n5/case_052_multicore_res.json,repository,方案/p2/n5/case_052_multicore_res.json,round6,ledger comparison; union not independently replayed
case_052,3,1,180301,180301,180301,180301,0,0,180301,0,team13,tie,1.0,1.0,1.0,1.0,0.0,0.0,A题研究/直接迭代/第六轮成果/方案/p3/n1/case_052_multicore_res.json,repository,方案/p3/n1/case_052_multicore_res.json,round6,ledger comparison; union not independently replayed
case_052,3,2,180301,85972,85972,85972,102912,102912,85972,102912,team13,tie,2.0972060670916113,2.0972060670916113,2.0972060670916113,2.0972060670916113,0.0,0.0,A题研究/直接迭代/第六轮成果/方案/p3/n2/case_052_multicore_res.json,repository,方案/p3/n2/case_052_multicore_res.json,round6,ledger comparison; union not independently replayed
case_052,3,3,180301,54776,54776,54776,181248,181248,54776,181248,team13,tie,3.2916058127647143,3.2916058127647143,3.2916058127647143,3.2916058127647143,0.0,0.0,A题研究/直接迭代/第六轮成果/方案/p3/n3/case_052_multicore_res.json,repository,方案/p3/n3/case_052_multicore_res.json,round6,ledger comparison; union not independently replayed
case_052,3,4,180301,40702,40702,40702,259584,259584,40702,259584,team13,tie,4.429782320279101,4.429782320279101,4.429782320279101,4.429782320279101,0.0,0.0,A题研究/直接迭代/第六轮成果/方案/p3/n4/case_052_multicore_res.json,repository,方案/p3/n4/case_052_multicore_res.json,round6,ledger comparison; union not independently replayed
case_052,3,5,180301,32948,32948,32186,328704,328704,32186,328704,team13,team13,5.472289668568654,5.472289668568654,5.601845522898154,5.601845522898154,0.0,2.3127352191331774,A题研究/直接迭代/第六轮成果/方案/p3/n5/case_052_multicore_res.json,repository,方案/p3/n5/case_052_multicore_res.json,round6,ledger comparison; union not independently replayed
case_053,1,1,1472686,1471981,1471981,1471981,6711364,6711364,1471981,6711364,team13,tie,1.0004789463994441,1.0004789463994441,1.0004789463994441,1.0004789463994441,0.0,0.0,A题研究/直接迭代/第六轮成果/方案/p1/n1/case_053_multicore_res.json,repository,方案/p1/n1/case_053_multicore_res.json,round6,ledger comparison; union not independently replayed
case_053,1,2,1472686,770331,770331,770331,6759168,6759168,770331,6759168,team13,tie,1.9117574133716546,1.9117574133716546,1.9117574133716546,1.9117574133716546,0.0,0.0,A题研究/直接迭代/第六轮成果/方案/p1/n2/case_053_multicore_res.json,repository,方案/p1/n2/case_053_multicore_res.json,round6,ledger comparison; union not independently replayed
case_053,1,3,1472686,546106,546106,546106,5882944,5882944,546106,5882944,team13,tie,2.6967035703691224,2.6967035703691224,2.6967035703691224,2.6967035703691224,0.0,0.0,A题研究/直接迭代/第六轮成果/方案/p1/n3/case_053_multicore_res.json,repository,方案/p1/n3/case_053_multicore_res.json,round6,ledger comparison; union not independently replayed
case_053,1,4,1472686,492232,492232,492232,6360992,6360992,492232,6360992,team13,tie,2.991853434965626,2.991853434965626,2.991853434965626,2.991853434965626,0.0,0.0,A题研究/直接迭代/第六轮成果/方案/p1/n4/case_053_multicore_res.json,repository,方案/p1/n4/case_053_multicore_res.json,round6,ledger comparison; union not independently replayed
case_053,1,5,1472686,470274,470274,470274,15299978,15299978,470274,15299978,team13,tie,3.1315488417390713,3.1315488417390713,3.1315488417390713,3.1315488417390713,0.0,0.0,A题研究/直接迭代/第六轮成果/方案/p1/n5/case_053_multicore_res.json,repository,方案/p1/n5/case_053_multicore_res.json,round6,ledger comparison; union not independently replayed
case_053,2,1,1472686,1472686,1472686,1472686,5405536,5405536,1472686,5405536,team13,tie,1.0,1.0,1.0,1.0,0.0,0.0,A题研究/直接迭代/第六轮成果/方案/p2/n1/case_053_multicore_res.json,repository,方案/p2/n1/case_053_multicore_res.json,round6,ledger comparison; union not independently replayed
case_053,2,2,1472686,709198,709198,709198,10834526,10834526,709198,10834526,team13,tie,2.076551259309812,2.076551259309812,2.076551259309812,2.076551259309812,0.0,0.0,A题研究/直接迭代/第六轮成果/方案/p2/n2/case_053_multicore_res.json,repository,方案/p2/n2/case_053_multicore_res.json,round6,ledger comparison; union not independently replayed
case_053,2,3,1472686,526435,526435,421712,5882944,1219468,421712,1219468,team13,team13,2.7974697730963936,2.7974697730963936,3.4921605266153204,3.4921605266153204,0.0,19.89286426624369,A题研究/直接迭代/第六轮成果/方案/p2/n3/case_053_multicore_res.json,repository,方案/p2/n3/case_053_multicore_res.json,round6,ledger comparison; union not independently replayed
case_053,2,4,1472686,432146,432146,421712,17979556,1219468,421712,1219468,team13,team13,3.4078436454346446,3.4078436454346446,3.4921605266153204,3.4921605266153204,0.0,2.4144617791209466,A题研究/直接迭代/第六轮成果/方案/p2/n4/case_053_multicore_res.json,repository,方案/p2/n4/case_053_multicore_res.json,round6,ledger comparison; union not independently replayed
case_053,2,5,1472686,432146,420197,418489,13948808,5518068,418489,5518068,team13,team13,3.4078436454346446,3.504751342822533,3.5190554590443237,3.5190554590443237,0.0,0.40647601006195133,新增精选方案/p2/n5/case_053_multicore_res.json,delivery,方案/p2/n5/case_053_multicore_res.json,unified_v2_best_known_replayed,ledger comparison; union not independently replayed
case_053,3,1,1472686,1428109,1428109,1428109,5405536,5405536,1428109,5405536,team13,tie,1.0312140039730862,1.0312140039730862,1.0312140039730862,1.0312140039730862,0.0,0.0,A题研究/直接迭代/第六轮成果/方案/p3/n1/case_053_multicore_res.json,repository,方案/p3/n1/case_053_multicore_res.json,round6,ledger comparison; union not independently replayed
case_053,3,2,1472686,707962,707962,707962,10834526,10834526,707962,10834526,team13,tie,2.080176619649077,2.080176619649077,2.080176619649077,2.080176619649077,0.0,0.0,A题研究/直接迭代/第六轮成果/方案/p3/n2/case_053_multicore_res.json,repository,方案/p3/n2/case_053_multicore_res.json,round6,ledger comparison; union not independently replayed
case_053,3,3,1472686,526435,526435,421712,5882944,1219468,421712,1219468,team13,team13,2.7974697730963936,2.7974697730963936,3.4921605266153204,3.4921605266153204,0.0,19.89286426624369,A题研究/直接迭代/第六轮成果/方案/p3/n3/case_053_multicore_res.json,repository,方案/p3/n3/case_053_multicore_res.json,round6,ledger comparison; union not independently replayed
case_053,3,4,1472686,402244,402244,402244,17995940,17995940,402244,17995940,team13,tie,3.661175803741013,3.661175803741013,3.661175803741013,3.661175803741013,0.0,0.0,A题研究/直接迭代/第六轮成果/方案/p3/n4/case_053_multicore_res.json,repository,方案/p3/n4/case_053_multicore_res.json,round6,ledger comparison; union not independently replayed
case_053,3,5,1472686,380122,380122,380122,21711392,21711392,380122,21711392,team13,tie,3.8742456369270917,3.8742456369270917,3.8742456369270917,3.8742456369270917,0.0,0.0,A题研究/直接迭代/第六轮成果/方案/p3/n5/case_053_multicore_res.json,repository,方案/p3/n5/case_053_multicore_res.json,round6,ledger comparison; union not independently replayed
case_054,1,1,815051,813161,813161,813161,1156360,1156360,813161,1156360,team13,tie,1.002324262968834,1.002324262968834,1.002324262968834,1.002324262968834,0.0,0.0,A题研究/直接迭代/第六轮成果/方案/p1/n1/case_054_multicore_res.json,repository,方案/p1/n1/case_054_multicore_res.json,round6,ledger comparison; union not independently replayed
case_054,1,2,815051,517960,517960,517960,49152,49152,517960,49152,team13,tie,1.5735790408525754,1.5735790408525754,1.5735790408525754,1.5735790408525754,0.0,0.0,A题研究/直接迭代/第六轮成果/方案/p1/n2/case_054_multicore_res.json,repository,方案/p1/n2/case_054_multicore_res.json,round6,ledger comparison; union not independently replayed
case_054,1,3,815051,517960,517960,517960,49152,49152,517960,49152,team13,tie,1.5735790408525754,1.5735790408525754,1.5735790408525754,1.5735790408525754,0.0,0.0,A题研究/直接迭代/第六轮成果/方案/p1/n3/case_054_multicore_res.json,repository,方案/p1/n3/case_054_multicore_res.json,round6,ledger comparison; union not independently replayed
case_054,1,4,815051,517960,517960,517960,49152,49152,517960,49152,team13,tie,1.5735790408525754,1.5735790408525754,1.5735790408525754,1.5735790408525754,0.0,0.0,A题研究/直接迭代/第六轮成果/方案/p1/n4/case_054_multicore_res.json,repository,方案/p1/n4/case_054_multicore_res.json,round6,ledger comparison; union not independently replayed
case_054,1,5,815051,447227,387450,447227,13481052,2686120,387450,13481052,ours,ours,1.8224548160106613,2.1036288553361726,1.8224548160106613,2.1036288553361726,13.366142920709168,-15.428313330752363,新增精选方案/p1/n5/case_054_multicore_res.json,delivery,方案/p1/n5/case_054_multicore_res.json,unified_v2_best_known_replayed,ledger comparison; union not independently replayed
case_054,2,1,815051,815051,815051,815051,0,0,815051,0,team13,tie,1.0,1.0,1.0,1.0,0.0,0.0,A题研究/直接迭代/第六轮成果/方案/p2/n1/case_054_multicore_res.json,repository,方案/p2/n1/case_054_multicore_res.json,round6,ledger comparison; union not independently replayed
case_054,2,2,815051,467888,467888,467888,8232922,8232922,467888,8232922,team13,tie,1.7419788496392299,1.7419788496392299,1.7419788496392299,1.7419788496392299,0.0,0.0,A题研究/直接迭代/第六轮成果/方案/p2/n2/case_054_multicore_res.json,repository,方案/p2/n2/case_054_multicore_res.json,round6,ledger comparison; union not independently replayed
case_054,2,3,815051,306968,306968,306968,4800036,4800036,306968,4800036,team13,tie,2.655166010789398,2.655166010789398,2.655166010789398,2.655166010789398,0.0,0.0,A题研究/直接迭代/第六轮成果/方案/p2/n3/case_054_multicore_res.json,repository,方案/p2/n3/case_054_multicore_res.json,round6,ledger comparison; union not independently replayed
case_054,2,4,815051,252914,252914,252914,5695422,5695422,252914,5695422,team13,tie,3.2226408976964502,3.2226408976964502,3.2226408976964502,3.2226408976964502,0.0,0.0,A题研究/直接迭代/第六轮成果/方案/p2/n4/case_054_multicore_res.json,repository,方案/p2/n4/case_054_multicore_res.json,round6,ledger comparison; union not independently replayed
case_054,2,5,815051,217984,217984,217984,6504128,6504128,217984,6504128,team13,tie,3.739040480035232,3.739040480035232,3.739040480035232,3.739040480035232,0.0,0.0,A题研究/直接迭代/第六轮成果/方案/p2/n5/case_054_multicore_res.json,repository,方案/p2/n5/case_054_multicore_res.json,round6,ledger comparison; union not independently replayed
case_054,3,1,815051,815051,815051,815051,0,0,815051,0,team13,tie,1.0,1.0,1.0,1.0,0.0,0.0,A题研究/直接迭代/第六轮成果/方案/p3/n1/case_054_multicore_res.json,repository,方案/p3/n1/case_054_multicore_res.json,round6,ledger comparison; union not independently replayed
case_054,3,2,815051,467045,467045,467045,8232922,8232922,467045,8232922,team13,tie,1.7451230609470179,1.7451230609470179,1.7451230609470179,1.7451230609470179,0.0,0.0,A题研究/直接迭代/第六轮成果/方案/p3/n2/case_054_multicore_res.json,repository,方案/p3/n2/case_054_multicore_res.json,round6,ledger comparison; union not independently replayed
case_054,3,3,815051,306732,306732,306732,4800036,4800036,306732,4800036,team13,tie,2.657208898973697,2.657208898973697,2.657208898973697,2.657208898973697,0.0,0.0,A题研究/直接迭代/第六轮成果/方案/p3/n3/case_054_multicore_res.json,repository,方案/p3/n3/case_054_multicore_res.json,round6,ledger comparison; union not independently replayed
case_054,3,4,815051,250944,250944,250944,5695422,5695422,250944,5695422,team13,tie,3.247939779393012,3.247939779393012,3.247939779393012,3.247939779393012,0.0,0.0,A题研究/直接迭代/第六轮成果/方案/p3/n4/case_054_multicore_res.json,repository,方案/p3/n4/case_054_multicore_res.json,round6,ledger comparison; union not independently replayed
case_054,3,5,815051,212882,212882,212882,6504128,6504128,212882,6504128,team13,tie,3.8286515534427523,3.8286515534427523,3.8286515534427523,3.8286515534427523,0.0,0.0,A题研究/直接迭代/第六轮成果/方案/p3/n5/case_054_multicore_res.json,repository,方案/p3/n5/case_054_multicore_res.json,round6,ledger comparison; union not independently replayed
case_055,1,1,118835,120124,120124,120124,86016,86016,120124,86016,team13,tie,0.9892694215976824,0.9892694215976824,0.9892694215976824,0.9892694215976824,0.0,0.0,A题研究/直接迭代/第六轮成果/方案/p1/n1/case_055_multicore_res.json,repository,方案/p1/n1/case_055_multicore_res.json,round6,ledger comparison; union not independently replayed
case_055,1,2,118835,60867,60867,60867,74240,74240,60867,74240,team13,tie,1.9523715642302069,1.9523715642302069,1.9523715642302069,1.9523715642302069,0.0,0.0,A题研究/直接迭代/第六轮成果/方案/p1/n2/case_055_multicore_res.json,repository,方案/p1/n2/case_055_multicore_res.json,round6,ledger comparison; union not independently replayed
case_055,1,3,118835,43004,43004,43004,74240,74240,43004,74240,team13,tie,2.763347595572505,2.763347595572505,2.763347595572505,2.763347595572505,0.0,0.0,A题研究/直接迭代/第六轮成果/方案/p1/n3/case_055_multicore_res.json,repository,方案/p1/n3/case_055_multicore_res.json,round6,ledger comparison; union not independently replayed
case_055,1,4,118835,31367,31367,31367,115712,115712,31367,115712,team13,tie,3.788535722255874,3.788535722255874,3.788535722255874,3.788535722255874,0.0,0.0,A题研究/直接迭代/第六轮成果/方案/p1/n4/case_055_multicore_res.json,repository,方案/p1/n4/case_055_multicore_res.json,round6,ledger comparison; union not independently replayed
case_055,1,5,118835,26781,26781,26781,198656,198656,26781,198656,team13,tie,4.437287629289422,4.437287629289422,4.437287629289422,4.437287629289422,0.0,0.0,A题研究/直接迭代/第六轮成果/方案/p1/n5/case_055_multicore_res.json,repository,方案/p1/n5/case_055_multicore_res.json,round6,ledger comparison; union not independently replayed
case_055,2,1,118835,118835,118835,118835,69632,69632,118835,69632,team13,tie,1.0,1.0,1.0,1.0,0.0,0.0,A题研究/直接迭代/第六轮成果/方案/p2/n1/case_055_multicore_res.json,repository,方案/p2/n1/case_055_multicore_res.json,round6,ledger comparison; union not independently replayed
case_055,2,2,118835,51558,51558,51558,16384,16384,51558,16384,team13,tie,2.3048799410372784,2.3048799410372784,2.3048799410372784,2.3048799410372784,0.0,0.0,A题研究/直接迭代/第六轮成果/方案/p2/n2/case_055_multicore_res.json,repository,方案/p2/n2/case_055_multicore_res.json,round6,ledger comparison; union not independently replayed
case_055,2,3,118835,40867,40867,40867,68608,68608,40867,68608,team13,tie,2.9078474074436587,2.9078474074436587,2.9078474074436587,2.9078474074436587,0.0,0.0,A题研究/直接迭代/第六轮成果/方案/p2/n3/case_055_multicore_res.json,repository,方案/p2/n3/case_055_multicore_res.json,round6,ledger comparison; union not independently replayed
case_055,2,4,118835,29477,29477,29477,197632,197632,29477,197632,team13,tie,4.031448247786409,4.031448247786409,4.031448247786409,4.031448247786409,0.0,0.0,A题研究/直接迭代/第六轮成果/方案/p2/n4/case_055_multicore_res.json,repository,方案/p2/n4/case_055_multicore_res.json,round6,ledger comparison; union not independently replayed
case_055,2,5,118835,26309,26309,20296,157184,198656,20296,198656,team13,team13,4.516895359002623,4.516895359002623,5.855094599921166,5.855094599921166,0.0,22.85529666653997,A题研究/直接迭代/第六轮成果/方案/p2/n5/case_055_multicore_res.json,repository,方案/p2/n5/case_055_multicore_res.json,round6,ledger comparison; union not independently replayed
case_055,3,1,118835,118835,118835,118835,69632,69632,118835,69632,team13,tie,1.0,1.0,1.0,1.0,0.0,0.0,A题研究/直接迭代/第六轮成果/方案/p3/n1/case_055_multicore_res.json,repository,方案/p3/n1/case_055_multicore_res.json,round6,ledger comparison; union not independently replayed
case_055,3,2,118835,51557,51557,51557,16384,16384,51557,16384,team13,tie,2.304924646507749,2.304924646507749,2.304924646507749,2.304924646507749,0.0,0.0,A题研究/直接迭代/第六轮成果/方案/p3/n2/case_055_multicore_res.json,repository,方案/p3/n2/case_055_multicore_res.json,round6,ledger comparison; union not independently replayed
case_055,3,3,118835,40867,40867,40867,68608,68608,40867,68608,team13,tie,2.9078474074436587,2.9078474074436587,2.9078474074436587,2.9078474074436587,0.0,0.0,A题研究/直接迭代/第六轮成果/方案/p3/n3/case_055_multicore_res.json,repository,方案/p3/n3/case_055_multicore_res.json,round6,ledger comparison; union not independently replayed
case_055,3,4,118835,29504,29504,29504,197632,197632,29504,197632,team13,tie,4.027758947939263,4.027758947939263,4.027758947939263,4.027758947939263,0.0,0.0,A题研究/直接迭代/第六轮成果/方案/p3/n4/case_055_multicore_res.json,repository,方案/p3/n4/case_055_multicore_res.json,round6,ledger comparison; union not independently replayed
case_055,3,5,118835,26309,26309,20015,157184,198656,20015,198656,team13,team13,4.516895359002623,4.516895359002623,5.937297027229578,5.937297027229578,0.0,23.923372230035344,A题研究/直接迭代/第六轮成果/方案/p3/n5/case_055_multicore_res.json,repository,方案/p3/n5/case_055_multicore_res.json,round6,ledger comparison; union not independently replayed
case_056,1,1,277285,277456,277456,277456,432166,432166,277456,432166,team13,tie,0.9993836860619342,0.9993836860619342,0.9993836860619342,0.9993836860619342,0.0,0.0,A题研究/直接迭代/第六轮成果/方案/p1/n1/case_056_multicore_res.json,repository,方案/p1/n1/case_056_multicore_res.json,round6,ledger comparison; union not independently replayed
case_056,1,2,277285,265710,265710,265710,0,0,265710,0,team13,tie,1.0435625305784502,1.0435625305784502,1.0435625305784502,1.0435625305784502,0.0,0.0,A题研究/直接迭代/第六轮成果/方案/p1/n2/case_056_multicore_res.json,repository,方案/p1/n2/case_056_multicore_res.json,round6,ledger comparison; union not independently replayed
case_056,1,3,277285,255706,244205,255706,1764804,110810,244205,1764804,ours,ours,1.084389885258852,1.1354599619172416,1.084389885258852,1.1354599619172416,4.497743502303431,-4.709567781167467,A题研究/直接迭代/闭环验证_20260925/下一阶段攻坚/重划实证_v1/精选方案/case_056_p1_n3.json,repository,方案/p1/n3/case_056_multicore_res.json,本轮从头_new,ledger comparison; union not independently replayed
case_056,1,4,277285,222412,222412,222412,952620,952620,222412,952620,team13,tie,1.2467178029962411,1.2467178029962411,1.2467178029962411,1.2467178029962411,0.0,0.0,A题研究/直接迭代/第六轮成果/方案/p1/n4/case_056_multicore_res.json,repository,方案/p1/n4/case_056_multicore_res.json,round6,ledger comparison; union not independently replayed
case_056,1,5,277285,210746,174670,138785,5343558,4461966,138785,4461966,team13,team13,1.3157307849259299,1.5874792465792638,1.9979464639550384,1.9979464639550384,0.0,20.54445525848744,新增精选方案/p1/n5/case_056_multicore_res.json,delivery,方案/p1/n5/case_056_multicore_res.json,unified_v2_best_known_replayed,ledger comparison; union not independently replayed
case_056,2,1,277285,277285,277285,277285,0,0,277285,0,team13,tie,1.0,1.0,1.0,1.0,0.0,0.0,A题研究/直接迭代/第六轮成果/方案/p2/n1/case_056_multicore_res.json,repository,方案/p2/n1/case_056_multicore_res.json,round6,ledger comparison; union not independently replayed
case_056,2,2,277285,172826,172826,172826,3631650,3631650,172826,3631650,team13,tie,1.6044171594551746,1.6044171594551746,1.6044171594551746,1.6044171594551746,0.0,0.0,A题研究/直接迭代/第六轮成果/方案/p2/n2/case_056_multicore_res.json,repository,方案/p2/n2/case_056_multicore_res.json,round6,ledger comparison; union not independently replayed
case_056,2,3,277285,125443,125443,125443,5730556,5730556,125443,5730556,team13,tie,2.2104461787425365,2.2104461787425365,2.2104461787425365,2.2104461787425365,0.0,0.0,A题研究/直接迭代/第六轮成果/方案/p2/n3/case_056_multicore_res.json,repository,方案/p2/n3/case_056_multicore_res.json,round6,ledger comparison; union not independently replayed
case_056,2,4,277285,125443,125443,125443,5730556,5730556,125443,5730556,team13,tie,2.2104461787425365,2.2104461787425365,2.2104461787425365,2.2104461787425365,0.0,0.0,A题研究/直接迭代/第六轮成果/方案/p2/n4/case_056_multicore_res.json,repository,方案/p2/n4/case_056_multicore_res.json,round6,ledger comparison; union not independently replayed
case_056,2,5,277285,92627,92627,92521,2734524,2734524,92521,2734524,team13,team13,2.9935655910263748,2.9935655910263748,2.9969952767479815,2.9969952767479815,0.0,0.11443747503427915,A题研究/直接迭代/第六轮成果/方案/p2/n5/case_056_multicore_res.json,repository,方案/p2/n5/case_056_multicore_res.json,round6,ledger comparison; union not independently replayed
case_056,3,1,277285,277285,277285,277285,0,0,277285,0,team13,tie,1.0,1.0,1.0,1.0,0.0,0.0,A题研究/直接迭代/第六轮成果/方案/p3/n1/case_056_multicore_res.json,repository,方案/p3/n1/case_056_multicore_res.json,round6,ledger comparison; union not independently replayed
case_056,3,2,277285,172496,172496,172496,3631650,3631650,172496,3631650,team13,tie,1.6074865504127631,1.6074865504127631,1.6074865504127631,1.6074865504127631,0.0,0.0,A题研究/直接迭代/第六轮成果/方案/p3/n2/case_056_multicore_res.json,repository,方案/p3/n2/case_056_multicore_res.json,round6,ledger comparison; union not independently replayed
case_056,3,3,277285,122694,122694,122694,5730556,5730556,122694,5730556,team13,tie,2.2599719627691655,2.2599719627691655,2.2599719627691655,2.2599719627691655,0.0,0.0,A题研究/直接迭代/第六轮成果/方案/p3/n3/case_056_multicore_res.json,repository,方案/p3/n3/case_056_multicore_res.json,round6,ledger comparison; union not independently replayed
case_056,3,4,277285,122455,122455,122455,5819338,5819338,122455,5819338,team13,tie,2.2643828345106365,2.2643828345106365,2.2643828345106365,2.2643828345106365,0.0,0.0,A题研究/直接迭代/第六轮成果/方案/p3/n4/case_056_multicore_res.json,repository,方案/p3/n4/case_056_multicore_res.json,round6,ledger comparison; union not independently replayed
case_056,3,5,277285,91994,91994,91897,2734524,2734524,91897,2734524,team13,team13,3.014163967215253,3.014163967215253,3.0173455063821453,3.0173455063821453,0.0,0.10544165923864757,A题研究/直接迭代/第六轮成果/方案/p3/n5/case_056_multicore_res.json,repository,方案/p3/n5/case_056_multicore_res.json,round6,ledger comparison; union not independently replayed
case_057,1,1,59726,59726,59726,59726,94216,94216,59726,94216,team13,tie,1.0,1.0,1.0,1.0,0.0,0.0,A题研究/直接迭代/第六轮成果/方案/p1/n1/case_057_multicore_res.json,repository,方案/p1/n1/case_057_multicore_res.json,round6,ledger comparison; union not independently replayed
case_057,1,2,59726,33201,33201,33201,70272,70272,33201,70272,team13,tie,1.7989217192253246,1.7989217192253246,1.7989217192253246,1.7989217192253246,0.0,0.0,A题研究/直接迭代/第六轮成果/方案/p1/n2/case_057_multicore_res.json,repository,方案/p1/n2/case_057_multicore_res.json,round6,ledger comparison; union not independently replayed
case_057,1,3,59726,22973,22973,22973,70272,70272,22973,70272,team13,tie,2.599834588429896,2.599834588429896,2.599834588429896,2.599834588429896,0.0,0.0,A题研究/直接迭代/第六轮成果/方案/p1/n3/case_057_multicore_res.json,repository,方案/p1/n3/case_057_multicore_res.json,round6,ledger comparison; union not independently replayed
case_057,1,4,59726,18187,18187,18187,70272,70272,18187,70272,team13,tie,3.2839940616924177,3.2839940616924177,3.2839940616924177,3.2839940616924177,0.0,0.0,A题研究/直接迭代/第六轮成果/方案/p1/n4/case_057_multicore_res.json,repository,方案/p1/n4/case_057_multicore_res.json,round6,ledger comparison; union not independently replayed
case_057,1,5,59726,14268,14268,14268,70272,70272,14268,70272,team13,tie,4.186010653209981,4.186010653209981,4.186010653209981,4.186010653209981,0.0,0.0,A题研究/直接迭代/第六轮成果/方案/p1/n5/case_057_multicore_res.json,repository,方案/p1/n5/case_057_multicore_res.json,round6,ledger comparison; union not independently replayed
case_057,2,1,59726,59726,59726,59726,94216,94216,59726,94216,team13,tie,1.0,1.0,1.0,1.0,0.0,0.0,A题研究/直接迭代/第六轮成果/方案/p2/n1/case_057_multicore_res.json,repository,方案/p2/n1/case_057_multicore_res.json,round6,ledger comparison; union not independently replayed
case_057,2,2,59726,32260,32260,32260,1186582,1186582,32260,1186582,team13,tie,1.8513949163050216,1.8513949163050216,1.8513949163050216,1.8513949163050216,0.0,0.0,A题研究/直接迭代/第六轮成果/方案/p2/n2/case_057_multicore_res.json,repository,方案/p2/n2/case_057_multicore_res.json,round6,ledger comparison; union not independently replayed
case_057,2,3,59726,22235,22235,22235,57640,57640,22235,57640,team13,tie,2.686125477850236,2.686125477850236,2.686125477850236,2.686125477850236,0.0,0.0,A题研究/直接迭代/第六轮成果/方案/p2/n3/case_057_multicore_res.json,repository,方案/p2/n3/case_057_multicore_res.json,round6,ledger comparison; union not independently replayed
case_057,2,4,59726,17942,17942,17942,288,288,17942,288,team13,tie,3.3288373648422693,3.3288373648422693,3.3288373648422693,3.3288373648422693,0.0,0.0,A题研究/直接迭代/第六轮成果/方案/p2/n4/case_057_multicore_res.json,repository,方案/p2/n4/case_057_multicore_res.json,round6,ledger comparison; union not independently replayed
case_057,2,5,59726,16003,14028,14371,14112,27936,14028,14112,ours,ours,3.732175217146785,4.257627601938979,4.156008628487927,4.257627601938979,2.3867510959571403,-2.4451097804391253,新增精选方案/p2/n5/case_057_multicore_res.json,delivery,方案/p2/n5/case_057_multicore_res.json,unified_v2_best_known_replayed,ledger comparison; union not independently replayed
case_057,3,1,59726,59726,59726,59726,94216,94216,59726,94216,team13,tie,1.0,1.0,1.0,1.0,0.0,0.0,A题研究/直接迭代/第六轮成果/方案/p3/n1/case_057_multicore_res.json,repository,方案/p3/n1/case_057_multicore_res.json,round6,ledger comparison; union not independently replayed
case_057,3,2,59726,29663,29663,29663,1186582,1186582,29663,1186582,team13,tie,2.013484812729663,2.013484812729663,2.013484812729663,2.013484812729663,0.0,0.0,A题研究/直接迭代/第六轮成果/方案/p3/n2/case_057_multicore_res.json,repository,方案/p3/n2/case_057_multicore_res.json,round6,ledger comparison; union not independently replayed
case_057,3,3,59726,22235,22235,22235,57640,57640,22235,57640,team13,tie,2.686125477850236,2.686125477850236,2.686125477850236,2.686125477850236,0.0,0.0,A题研究/直接迭代/第六轮成果/方案/p3/n3/case_057_multicore_res.json,repository,方案/p3/n3/case_057_multicore_res.json,round6,ledger comparison; union not independently replayed
case_057,3,4,59726,17942,17942,17942,288,288,17942,288,team13,tie,3.3288373648422693,3.3288373648422693,3.3288373648422693,3.3288373648422693,0.0,0.0,A题研究/直接迭代/第六轮成果/方案/p3/n4/case_057_multicore_res.json,repository,方案/p3/n4/case_057_multicore_res.json,round6,ledger comparison; union not independently replayed
case_057,3,5,59726,16003,14028,14371,14112,27936,14028,14112,ours,ours,3.732175217146785,4.257627601938979,4.156008628487927,4.257627601938979,2.3867510959571403,-2.4451097804391253,新增精选方案/p3/n5/case_057_multicore_res.json,delivery,方案/p3/n5/case_057_multicore_res.json,unified_v2_best_known_replayed,ledger comparison; union not independently replayed
case_058,1,1,4539717,4365891,4365891,4365891,32440320,32440320,4365891,32440320,team13,tie,1.0398145533179826,1.0398145533179826,1.0398145533179826,1.0398145533179826,0.0,0.0,A题研究/直接迭代/第六轮成果/方案/p1/n1/case_058_multicore_res.json,repository,方案/p1/n1/case_058_multicore_res.json,round6,ledger comparison; union not independently replayed
case_058,1,2,4539717,2260323,2260323,2260323,30367744,30367744,2260323,30367744,team13,tie,2.0084372897147884,2.0084372897147884,2.0084372897147884,2.0084372897147884,0.0,0.0,A题研究/直接迭代/第六轮成果/方案/p1/n2/case_058_multicore_res.json,repository,方案/p1/n2/case_058_multicore_res.json,round6,ledger comparison; union not independently replayed
case_058,1,3,4539717,1516388,1516388,1516388,31899648,31899648,1516388,31899648,team13,tie,2.993770064126068,2.993770064126068,2.993770064126068,2.993770064126068,0.0,0.0,A题研究/直接迭代/第六轮成果/方案/p1/n3/case_058_multicore_res.json,repository,方案/p1/n3/case_058_multicore_res.json,round6,ledger comparison; union not independently replayed
case_058,1,4,4539717,1134997,1134997,1134997,35819520,35819520,1134997,35819520,team13,tie,3.9997612328490737,3.9997612328490737,3.9997612328490737,3.9997612328490737,0.0,0.0,A题研究/直接迭代/第六轮成果/方案/p1/n4/case_058_multicore_res.json,repository,方案/p1/n4/case_058_multicore_res.json,round6,ledger comparison; union not independently replayed
case_058,1,5,4539717,943984,943984,943984,36671488,36671488,943984,36671488,team13,tie,4.8091037559958645,4.8091037559958645,4.8091037559958645,4.8091037559958645,0.0,0.0,A题研究/直接迭代/第六轮成果/方案/p1/n5/case_058_multicore_res.json,repository,方案/p1/n5/case_058_multicore_res.json,round6,ledger comparison; union not independently replayed
case_058,2,1,4539717,4539717,4539717,4539717,28696576,28696576,4539717,28696576,team13,tie,1.0,1.0,1.0,1.0,0.0,0.0,A题研究/直接迭代/第六轮成果/方案/p2/n1/case_058_multicore_res.json,repository,方案/p2/n1/case_058_multicore_res.json,round6,ledger comparison; union not independently replayed
case_058,2,2,4539717,2263305,2263305,2263305,29569024,29569024,2263305,29569024,team13,tie,2.005791088695514,2.005791088695514,2.005791088695514,2.005791088695514,0.0,0.0,A题研究/直接迭代/第六轮成果/方案/p2/n2/case_058_multicore_res.json,repository,方案/p2/n2/case_058_multicore_res.json,round6,ledger comparison; union not independently replayed
case_058,2,3,4539717,1554261,1554261,1554261,30400512,30400512,1554261,30400512,team13,tie,2.9208202483366694,2.9208202483366694,2.9208202483366694,2.9208202483366694,0.0,0.0,A题研究/直接迭代/第六轮成果/方案/p2/n3/case_058_multicore_res.json,repository,方案/p2/n3/case_058_multicore_res.json,round6,ledger comparison; union not independently replayed
case_058,2,4,4539717,1131299,1131299,1131299,34217984,34217984,1131299,34217984,team13,tie,4.012835687117199,4.012835687117199,4.012835687117199,4.012835687117199,0.0,0.0,A题研究/直接迭代/第六轮成果/方案/p2/n4/case_058_multicore_res.json,repository,方案/p2/n4/case_058_multicore_res.json,round6,ledger comparison; union not independently replayed
case_058,2,5,4539717,911208,911208,911208,36388864,36388864,911208,36388864,team13,tie,4.982086417151737,4.982086417151737,4.982086417151737,4.982086417151737,0.0,0.0,A题研究/直接迭代/第六轮成果/方案/p2/n5/case_058_multicore_res.json,repository,方案/p2/n5/case_058_multicore_res.json,round6,ledger comparison; union not independently replayed
case_058,3,1,4539717,4539717,4539717,4539717,28696576,28696576,4539717,28696576,team13,tie,1.0,1.0,1.0,1.0,0.0,0.0,A题研究/直接迭代/第六轮成果/方案/p3/n1/case_058_multicore_res.json,repository,方案/p3/n1/case_058_multicore_res.json,round6,ledger comparison; union not independently replayed
case_058,3,2,4539717,2262720,2262720,2262720,29569024,29569024,2262720,29569024,team13,tie,2.0063096627068306,2.0063096627068306,2.0063096627068306,2.0063096627068306,0.0,0.0,A题研究/直接迭代/第六轮成果/方案/p3/n2/case_058_multicore_res.json,repository,方案/p3/n2/case_058_multicore_res.json,round6,ledger comparison; union not independently replayed
case_058,3,3,4539717,1554261,1554261,1554261,30400512,30400512,1554261,30400512,team13,tie,2.9208202483366694,2.9208202483366694,2.9208202483366694,2.9208202483366694,0.0,0.0,A题研究/直接迭代/第六轮成果/方案/p3/n3/case_058_multicore_res.json,repository,方案/p3/n3/case_058_multicore_res.json,round6,ledger comparison; union not independently replayed
case_058,3,4,4539717,1126957,1126957,1126957,34217984,34217984,1126957,34217984,team13,tie,4.028296554349456,4.028296554349456,4.028296554349456,4.028296554349456,0.0,0.0,A题研究/直接迭代/第六轮成果/方案/p3/n4/case_058_multicore_res.json,repository,方案/p3/n4/case_058_multicore_res.json,round6,ledger comparison; union not independently replayed
case_058,3,5,4539717,898391,880410,898391,18444288,36298752,880410,18444288,ours,ours,5.053163934189011,5.156366919957747,5.053163934189011,5.156366919957747,2.0014670672346413,-2.042343907951971,新增精选方案/p3/n5/case_058_multicore_res.json,delivery,方案/p3/n5/case_058_multicore_res.json,unified_v2_best_known_replayed,ledger comparison; union not independently replayed
case_059,1,1,829473,795946,795946,795946,2621440,2621440,795946,2621440,team13,tie,1.042122204270139,1.042122204270139,1.042122204270139,1.042122204270139,0.0,0.0,A题研究/直接迭代/第六轮成果/方案/p1/n1/case_059_multicore_res.json,repository,方案/p1/n1/case_059_multicore_res.json,round6,ledger comparison; union not independently replayed
case_059,1,2,829473,369318,369318,369318,360448,360448,369318,360448,team13,tie,2.2459587672412393,2.2459587672412393,2.2459587672412393,2.2459587672412393,0.0,0.0,A题研究/直接迭代/第六轮成果/方案/p1/n2/case_059_multicore_res.json,repository,方案/p1/n2/case_059_multicore_res.json,round6,ledger comparison; union not independently replayed
case_059,1,3,829473,254768,254768,254768,2117632,2117632,254768,2117632,team13,tie,3.2557974313885576,3.2557974313885576,3.2557974313885576,3.2557974313885576,0.0,0.0,A题研究/直接迭代/第六轮成果/方案/p1/n3/case_059_multicore_res.json,repository,方案/p1/n3/case_059_multicore_res.json,round6,ledger comparison; union not independently replayed
case_059,1,4,829473,185216,185216,185216,1081344,1081344,185216,1081344,team13,tie,4.478408992743607,4.478408992743607,4.478408992743607,4.478408992743607,0.0,0.0,A题研究/直接迭代/第六轮成果/方案/p1/n4/case_059_multicore_res.json,repository,方案/p1/n4/case_059_multicore_res.json,round6,ledger comparison; union not independently replayed
case_059,1,5,829473,150782,150782,150782,4325376,4325376,150782,4325376,team13,tie,5.501140719714555,5.501140719714555,5.501140719714555,5.501140719714555,0.0,0.0,A题研究/直接迭代/第六轮成果/方案/p1/n5/case_059_multicore_res.json,repository,方案/p1/n5/case_059_multicore_res.json,round6,ledger comparison; union not independently replayed
case_059,2,1,829473,829473,829473,829473,1691648,1691648,829473,1691648,team13,tie,1.0,1.0,1.0,1.0,0.0,0.0,A题研究/直接迭代/第六轮成果/方案/p2/n1/case_059_multicore_res.json,repository,方案/p2/n1/case_059_multicore_res.json,round6,ledger comparison; union not independently replayed
case_059,2,2,829473,369318,369318,369318,360448,360448,369318,360448,team13,tie,2.2459587672412393,2.2459587672412393,2.2459587672412393,2.2459587672412393,0.0,0.0,A题研究/直接迭代/第六轮成果/方案/p2/n2/case_059_multicore_res.json,repository,方案/p2/n2/case_059_multicore_res.json,round6,ledger comparison; union not independently replayed
case_059,2,3,829473,253549,253549,253549,1183744,1183744,253549,1183744,team13,tie,3.2714504888601414,3.2714504888601414,3.2714504888601414,3.2714504888601414,0.0,0.0,A题研究/直接迭代/第六轮成果/方案/p2/n3/case_059_multicore_res.json,repository,方案/p2/n3/case_059_multicore_res.json,round6,ledger comparison; union not independently replayed
case_059,2,4,829473,185216,185216,185216,1081344,1081344,185216,1081344,team13,tie,4.478408992743607,4.478408992743607,4.478408992743607,4.478408992743607,0.0,0.0,A题研究/直接迭代/第六轮成果/方案/p2/n4/case_059_multicore_res.json,repository,方案/p2/n4/case_059_multicore_res.json,round6,ledger comparison; union not independently replayed
case_059,2,5,829473,150736,148571,150736,4087808,1757184,148571,4087808,ours,ours,5.502819498991615,5.583007450983032,5.502819498991615,5.583007450983032,1.4362859569047925,-1.4572157419684872,新增精选方案/p2/n5/case_059_multicore_res.json,delivery,方案/p2/n5/case_059_multicore_res.json,unified_v2_best_known_replayed,ledger comparison; union not independently replayed
case_059,3,1,829473,815938,815938,815938,1691648,1691648,815938,1691648,team13,tie,1.0165882701871956,1.0165882701871956,1.0165882701871956,1.0165882701871956,0.0,0.0,A题研究/直接迭代/第六轮成果/方案/p3/n1/case_059_multicore_res.json,repository,方案/p3/n1/case_059_multicore_res.json,round6,ledger comparison; union not independently replayed
case_059,3,2,829473,369318,369318,369318,360448,360448,369318,360448,team13,tie,2.2459587672412393,2.2459587672412393,2.2459587672412393,2.2459587672412393,0.0,0.0,A题研究/直接迭代/第六轮成果/方案/p3/n2/case_059_multicore_res.json,repository,方案/p3/n2/case_059_multicore_res.json,round6,ledger comparison; union not independently replayed
case_059,3,3,829473,253549,253549,253549,1183744,1183744,253549,1183744,team13,tie,3.2714504888601414,3.2714504888601414,3.2714504888601414,3.2714504888601414,0.0,0.0,A题研究/直接迭代/第六轮成果/方案/p3/n3/case_059_multicore_res.json,repository,方案/p3/n3/case_059_multicore_res.json,round6,ledger comparison; union not independently replayed
case_059,3,4,829473,185216,185216,185216,1081344,1081344,185216,1081344,team13,tie,4.478408992743607,4.478408992743607,4.478408992743607,4.478408992743607,0.0,0.0,A题研究/直接迭代/第六轮成果/方案/p3/n4/case_059_multicore_res.json,repository,方案/p3/n4/case_059_multicore_res.json,round6,ledger comparison; union not independently replayed
case_059,3,5,829473,150736,150528,150736,4362240,1757184,150528,4362240,ours,ours,5.502819498991615,5.51042330994898,5.502819498991615,5.51042330994898,0.13798959770724428,-0.13818027210883432,新增精选方案/p3/n5/case_059_multicore_res.json,delivery,方案/p3/n5/case_059_multicore_res.json,unified_v2_best_known_replayed,ledger comparison; union not independently replayed
case_060,1,1,888789,867900,867900,867900,3635336,3635336,867900,3635336,team13,tie,1.0240684410646388,1.0240684410646388,1.0240684410646388,1.0240684410646388,0.0,0.0,A题研究/直接迭代/第六轮成果/方案/p1/n1/case_060_multicore_res.json,repository,方案/p1/n1/case_060_multicore_res.json,round6,ledger comparison; union not independently replayed
case_060,1,2,888789,457717,457717,457717,3319936,3319936,457717,3319936,team13,tie,1.9417871741709396,1.9417871741709396,1.9417871741709396,1.9417871741709396,0.0,0.0,A题研究/直接迭代/第六轮成果/方案/p1/n2/case_060_multicore_res.json,repository,方案/p1/n2/case_060_multicore_res.json,round6,ledger comparison; union not independently replayed
case_060,1,3,888789,312009,312009,312009,8109056,8109056,312009,8109056,team13,tie,2.8486005211388132,2.8486005211388132,2.8486005211388132,2.8486005211388132,0.0,0.0,A题研究/直接迭代/第六轮成果/方案/p1/n3/case_060_multicore_res.json,repository,方案/p1/n3/case_060_multicore_res.json,round6,ledger comparison; union not independently replayed
case_060,1,4,888789,231814,231814,231814,3975424,3975424,231814,3975424,team13,tie,3.83406092815792,3.83406092815792,3.83406092815792,3.83406092815792,0.0,0.0,A题研究/直接迭代/第六轮成果/方案/p1/n4/case_060_multicore_res.json,repository,方案/p1/n4/case_060_multicore_res.json,round6,ledger comparison; union not independently replayed
case_060,1,5,888789,183430,183430,183430,3628416,3628416,183430,3628416,team13,tie,4.845385160551709,4.845385160551709,4.845385160551709,4.845385160551709,0.0,0.0,A题研究/直接迭代/第六轮成果/方案/p1/n5/case_060_multicore_res.json,repository,方案/p1/n5/case_060_multicore_res.json,round6,ledger comparison; union not independently replayed
case_060,2,1,888789,888789,888789,888789,2068520,2068520,888789,2068520,team13,tie,1.0,1.0,1.0,1.0,0.0,0.0,A题研究/直接迭代/第六轮成果/方案/p2/n1/case_060_multicore_res.json,repository,方案/p2/n1/case_060_multicore_res.json,round6,ledger comparison; union not independently replayed
case_060,2,2,888789,427562,427562,427562,2034816,2034816,427562,2034816,team13,tie,2.078737118827211,2.078737118827211,2.078737118827211,2.078737118827211,0.0,0.0,A题研究/直接迭代/第六轮成果/方案/p2/n2/case_060_multicore_res.json,repository,方案/p2/n2/case_060_multicore_res.json,round6,ledger comparison; union not independently replayed
case_060,2,3,888789,298513,298513,298064,1904640,1913856,298064,1913856,team13,team13,2.977387919454094,2.977387919454094,2.981873020559343,2.981873020559343,0.0,0.1504122098535121,A题研究/直接迭代/第六轮成果/方案/p2/n3/case_060_multicore_res.json,repository,方案/p2/n3/case_060_multicore_res.json,round6,ledger comparison; union not independently replayed
case_060,2,4,888789,228155,228155,225360,3979520,3954944,225360,3954944,team13,team13,3.8955490784773508,3.8955490784773508,3.9438631522896697,3.9438631522896697,0.0,1.2250443777256703,A题研究/直接迭代/第六轮成果/方案/p2/n4/case_060_multicore_res.json,repository,方案/p2/n4/case_060_multicore_res.json,round6,ledger comparison; union not independently replayed
case_060,2,5,888789,181232,171445,161681,3393792,3521920,161681,3521920,team13,team13,4.904150481151231,5.184105689871387,5.497176538987265,5.497176538987265,0.0,5.6951208842485945,新增精选方案/p2/n5/case_060_multicore_res.json,delivery,方案/p2/n5/case_060_multicore_res.json,unified_v2_best_known_replayed,ledger comparison; union not independently replayed
case_060,3,1,888789,887801,887801,887801,2068520,2068520,887801,2068520,team13,tie,1.001112862003985,1.001112862003985,1.001112862003985,1.001112862003985,0.0,0.0,A题研究/直接迭代/第六轮成果/方案/p3/n1/case_060_multicore_res.json,repository,方案/p3/n1/case_060_multicore_res.json,round6,ledger comparison; union not independently replayed
case_060,3,2,888789,427523,427523,427523,2034816,2034816,427523,2034816,team13,tie,2.078926747800703,2.078926747800703,2.078926747800703,2.078926747800703,0.0,0.0,A题研究/直接迭代/第六轮成果/方案/p3/n2/case_060_multicore_res.json,repository,方案/p3/n2/case_060_multicore_res.json,round6,ledger comparison; union not independently replayed
case_060,3,3,888789,298485,298485,297940,1904640,1913856,297940,1913856,team13,team13,2.9776672194582643,2.9776672194582643,2.983114049808686,2.983114049808686,0.0,0.18258873980266932,A题研究/直接迭代/第六轮成果/方案/p3/n3/case_060_multicore_res.json,repository,方案/p3/n3/case_060_multicore_res.json,round6,ledger comparison; union not independently replayed
case_060,3,4,888789,226610,226610,225156,3979520,3954944,225156,3954944,team13,team13,3.922108468293544,3.922108468293544,3.947436444065448,3.947436444065448,0.0,0.6416309959842881,A题研究/直接迭代/第六轮成果/方案/p3/n4/case_060_multicore_res.json,repository,方案/p3/n4/case_060_multicore_res.json,round6,ledger comparison; union not independently replayed
case_060,3,5,888789,180655,180655,153683,3641728,3508608,153683,3508608,team13,team13,4.919814010129805,4.919814010129805,5.783261648978742,5.783261648978742,0.0,14.930115413356948,A题研究/直接迭代/第六轮成果/方案/p3/n5/case_060_multicore_res.json,repository,方案/p3/n5/case_060_multicore_res.json,round6,ledger comparison; union not independently replayed
case_061,1,1,77191,77396,77396,77396,15360,15360,77396,15360,team13,tie,0.9973512843040984,0.9973512843040984,0.9973512843040984,0.9973512843040984,0.0,0.0,A题研究/直接迭代/第六轮成果/方案/p1/n1/case_061_multicore_res.json,repository,方案/p1/n1/case_061_multicore_res.json,round6,ledger comparison; union not independently replayed
case_061,1,2,77191,39298,39298,39298,34560,34560,39298,34560,team13,tie,1.9642475444042953,1.9642475444042953,1.9642475444042953,1.9642475444042953,0.0,0.0,A题研究/直接迭代/第六轮成果/方案/p1/n2/case_061_multicore_res.json,repository,方案/p1/n2/case_061_multicore_res.json,round6,ledger comparison; union not independently replayed
case_061,1,3,77191,28342,28342,28342,43008,43008,28342,43008,team13,tie,2.723555147837132,2.723555147837132,2.723555147837132,2.723555147837132,0.0,0.0,A题研究/直接迭代/第六轮成果/方案/p1/n3/case_061_multicore_res.json,repository,方案/p1/n3/case_061_multicore_res.json,round6,ledger comparison; union not independently replayed
case_061,1,4,77191,26992,26992,26992,278016,278016,26992,278016,team13,tie,2.859773266152934,2.859773266152934,2.859773266152934,2.859773266152934,0.0,0.0,A题研究/直接迭代/第六轮成果/方案/p1/n4/case_061_multicore_res.json,repository,方案/p1/n4/case_061_multicore_res.json,round6,ledger comparison; union not independently replayed
case_061,1,5,77191,22283,22272,22283,204420,83712,22272,204420,ours,ours,3.46412063007674,3.4658315373563218,3.46412063007674,3.4658315373563218,0.04936498676121337,-0.04938936781608838,新增精选方案/p1/n5/case_061_multicore_res.json,delivery,方案/p1/n5/case_061_multicore_res.json,unified_v2_best_known_replayed,ledger comparison; union not independently replayed
case_061,2,1,77191,77191,77191,77191,0,0,77191,0,team13,tie,1.0,1.0,1.0,1.0,0.0,0.0,A题研究/直接迭代/第六轮成果/方案/p2/n1/case_061_multicore_res.json,repository,方案/p2/n1/case_061_multicore_res.json,round6,ledger comparison; union not independently replayed
case_061,2,2,77191,38566,38566,38566,34560,34560,38566,34560,team13,tie,2.00152984494114,2.00152984494114,2.00152984494114,2.00152984494114,0.0,0.0,A题研究/直接迭代/第六轮成果/方案/p2/n2/case_061_multicore_res.json,repository,方案/p2/n2/case_061_multicore_res.json,round6,ledger comparison; union not independently replayed
case_061,2,3,77191,25837,25837,25837,43008,43008,25837,43008,team13,tie,2.9876146611448697,2.9876146611448697,2.9876146611448697,2.9876146611448697,0.0,0.0,A题研究/直接迭代/第六轮成果/方案/p2/n3/case_061_multicore_res.json,repository,方案/p2/n3/case_061_multicore_res.json,round6,ledger comparison; union not independently replayed
case_061,2,4,77191,23801,23801,23801,62208,62208,23801,62208,team13,tie,3.2431830595353137,3.2431830595353137,3.2431830595353137,3.2431830595353137,0.0,0.0,A题研究/直接迭代/第六轮成果/方案/p2/n4/case_061_multicore_res.json,repository,方案/p2/n4/case_061_multicore_res.json,round6,ledger comparison; union not independently replayed
case_061,2,5,77191,21715,21254,21715,305762,96000,21254,305762,ours,ours,3.554731752244992,3.631834007716195,3.554731752244992,3.631834007716195,2.122956481694682,-2.1690034816975734,新增精选方案/p2/n5/case_061_multicore_res.json,delivery,方案/p2/n5/case_061_multicore_res.json,unified_v2_best_known_replayed,ledger comparison; union not independently replayed
case_061,3,1,77191,77191,77191,77191,0,0,77191,0,team13,tie,1.0,1.0,1.0,1.0,0.0,0.0,A题研究/直接迭代/第六轮成果/方案/p3/n1/case_061_multicore_res.json,repository,方案/p3/n1/case_061_multicore_res.json,round6,ledger comparison; union not independently replayed
case_061,3,2,77191,38566,38566,38566,34560,34560,38566,34560,team13,tie,2.00152984494114,2.00152984494114,2.00152984494114,2.00152984494114,0.0,0.0,A题研究/直接迭代/第六轮成果/方案/p3/n2/case_061_multicore_res.json,repository,方案/p3/n2/case_061_multicore_res.json,round6,ledger comparison; union not independently replayed
case_061,3,3,77191,25837,25837,25837,43008,43008,25837,43008,team13,tie,2.9876146611448697,2.9876146611448697,2.9876146611448697,2.9876146611448697,0.0,0.0,A题研究/直接迭代/第六轮成果/方案/p3/n3/case_061_multicore_res.json,repository,方案/p3/n3/case_061_multicore_res.json,round6,ledger comparison; union not independently replayed
case_061,3,4,77191,23801,23801,23801,62208,62208,23801,62208,team13,tie,3.2431830595353137,3.2431830595353137,3.2431830595353137,3.2431830595353137,0.0,0.0,A题研究/直接迭代/第六轮成果/方案/p3/n4/case_061_multicore_res.json,repository,方案/p3/n4/case_061_multicore_res.json,round6,ledger comparison; union not independently replayed
case_061,3,5,77191,21715,20986,21715,305762,96000,20986,305762,ours,ours,3.554731752244992,3.6782140474602114,3.554731752244992,3.6782140474602114,3.3571264103154475,-3.473744401029255,新增精选方案/p3/n5/case_061_multicore_res.json,delivery,方案/p3/n5/case_061_multicore_res.json,unified_v2_best_known_replayed,ledger comparison; union not independently replayed
case_062,1,1,2854809,2977362,2977362,2977362,10254336,10254336,2977362,10254336,team13,tie,0.9588383945250863,0.9588383945250863,0.9588383945250863,0.9588383945250863,0.0,0.0,A题研究/直接迭代/第六轮成果/方案/p1/n1/case_062_multicore_res.json,repository,方案/p1/n1/case_062_multicore_res.json,round6,ledger comparison; union not independently replayed
case_062,1,2,2854809,2784050,2784050,2784050,43739136,43739136,2784050,43739136,team13,tie,1.025415851008423,1.025415851008423,1.025415851008423,1.025415851008423,0.0,0.0,A题研究/直接迭代/第六轮成果/方案/p1/n2/case_062_multicore_res.json,repository,方案/p1/n2/case_062_multicore_res.json,round6,ledger comparison; union not independently replayed
case_062,1,3,2854809,2784050,2784050,2784050,43739136,43739136,2784050,43739136,team13,tie,1.025415851008423,1.025415851008423,1.025415851008423,1.025415851008423,0.0,0.0,A题研究/直接迭代/第六轮成果/方案/p1/n3/case_062_multicore_res.json,repository,方案/p1/n3/case_062_multicore_res.json,round6,ledger comparison; union not independently replayed
case_062,1,4,2854809,2127630,2127630,2127630,5597184,5597184,2127630,5597184,team13,tie,1.3417788807264421,1.3417788807264421,1.3417788807264421,1.3417788807264421,0.0,0.0,A题研究/直接迭代/第六轮成果/方案/p1/n4/case_062_multicore_res.json,repository,方案/p1/n4/case_062_multicore_res.json,round6,ledger comparison; union not independently replayed
case_062,1,5,2854809,942950,789139,942950,23235072,23235072,789139,23235072,ours,ours,3.0275295614825812,3.6176250318384975,3.0275295614825812,3.6176250318384975,16.311681425314173,-19.490989546835213,A题研究/直接迭代/联合推进成果_20260925/方案/case_062_p1_n5.json,repository,方案/p1/n5/case_062_multicore_res.json,previous_joint_delivery,ledger comparison; union not independently replayed
case_062,2,1,2854809,2854809,2854809,2854809,0,0,2854809,0,team13,tie,1.0,1.0,1.0,1.0,0.0,0.0,A题研究/直接迭代/第六轮成果/方案/p2/n1/case_062_multicore_res.json,repository,方案/p2/n1/case_062_multicore_res.json,round6,ledger comparison; union not independently replayed
case_062,2,2,2854809,1578487,1578487,1578487,10948608,10948608,1578487,10948608,team13,tie,1.80857301960675,1.80857301960675,1.80857301960675,1.80857301960675,0.0,0.0,A题研究/直接迭代/第六轮成果/方案/p2/n2/case_062_multicore_res.json,repository,方案/p2/n2/case_062_multicore_res.json,round6,ledger comparison; union not independently replayed
case_062,2,3,2854809,1083732,1083732,1083732,10716672,10716672,1083732,10716672,team13,tie,2.6342389077742467,2.6342389077742467,2.6342389077742467,2.6342389077742467,0.0,0.0,A题研究/直接迭代/第六轮成果/方案/p2/n3/case_062_multicore_res.json,repository,方案/p2/n3/case_062_multicore_res.json,round6,ledger comparison; union not independently replayed
case_062,2,4,2854809,837097,837097,837097,10033152,10033152,837097,10033152,team13,tie,3.410368213002794,3.410368213002794,3.410368213002794,3.410368213002794,0.0,0.0,A题研究/直接迭代/第六轮成果/方案/p2/n4/case_062_multicore_res.json,repository,方案/p2/n4/case_062_multicore_res.json,round6,ledger comparison; union not independently replayed
case_062,2,5,2854809,690843,644927,690843,7099392,9735168,644927,7099392,ours,ours,4.132355687182182,4.426561455792671,4.132355687182182,4.426561455792671,6.646372620117735,-7.119565470200495,新增精选方案/p2/n5/case_062_multicore_res.json,delivery,方案/p2/n5/case_062_multicore_res.json,unified_v2_best_known_replayed,ledger comparison; union not independently replayed
case_062,3,1,2854809,2854809,2854809,2854809,0,0,2854809,0,team13,tie,1.0,1.0,1.0,1.0,0.0,0.0,A题研究/直接迭代/第六轮成果/方案/p3/n1/case_062_multicore_res.json,repository,方案/p3/n1/case_062_multicore_res.json,round6,ledger comparison; union not independently replayed
case_062,3,2,2854809,1578487,1578487,1578487,10948608,10948608,1578487,10948608,team13,tie,1.80857301960675,1.80857301960675,1.80857301960675,1.80857301960675,0.0,0.0,A题研究/直接迭代/第六轮成果/方案/p3/n2/case_062_multicore_res.json,repository,方案/p3/n2/case_062_multicore_res.json,round6,ledger comparison; union not independently replayed
case_062,3,3,2854809,1083732,1083732,1083732,10716672,10716672,1083732,10716672,team13,tie,2.6342389077742467,2.6342389077742467,2.6342389077742467,2.6342389077742467,0.0,0.0,A题研究/直接迭代/第六轮成果/方案/p3/n3/case_062_multicore_res.json,repository,方案/p3/n3/case_062_multicore_res.json,round6,ledger comparison; union not independently replayed
case_062,3,4,2854809,837097,837097,837097,10033152,10033152,837097,10033152,team13,tie,3.410368213002794,3.410368213002794,3.410368213002794,3.410368213002794,0.0,0.0,A题研究/直接迭代/第六轮成果/方案/p3/n4/case_062_multicore_res.json,repository,方案/p3/n4/case_062_multicore_res.json,round6,ledger comparison; union not independently replayed
case_062,3,5,2854809,690843,644927,690843,7099392,9735168,644927,7099392,ours,ours,4.132355687182182,4.426561455792671,4.132355687182182,4.426561455792671,6.646372620117735,-7.119565470200495,新增精选方案/p3/n5/case_062_multicore_res.json,delivery,方案/p3/n5/case_062_multicore_res.json,unified_v2_best_known_replayed,ledger comparison; union not independently replayed
case_063,1,1,1070397,1102415,1102415,1102415,2949120,2949120,1102415,2949120,team13,tie,0.9709564909766286,0.9709564909766286,0.9709564909766286,0.9709564909766286,0.0,0.0,A题研究/直接迭代/第六轮成果/方案/p1/n1/case_063_multicore_res.json,repository,方案/p1/n1/case_063_multicore_res.json,round6,ledger comparison; union not independently replayed
case_063,1,2,1070397,538131,538131,538131,99840,99840,538131,99840,team13,tie,1.9891011668162586,1.9891011668162586,1.9891011668162586,1.9891011668162586,0.0,0.0,A题研究/直接迭代/第六轮成果/方案/p1/n2/case_063_multicore_res.json,repository,方案/p1/n2/case_063_multicore_res.json,round6,ledger comparison; union not independently replayed
case_063,1,3,1070397,447415,447415,447415,2543616,2543616,447415,2543616,team13,tie,2.392403026273147,2.392403026273147,2.392403026273147,2.392403026273147,0.0,0.0,A题研究/直接迭代/第六轮成果/方案/p1/n3/case_063_multicore_res.json,repository,方案/p1/n3/case_063_multicore_res.json,round6,ledger comparison; union not independently replayed
case_063,1,4,1070397,327110,327110,327110,6325248,6325248,327110,6325248,team13,tie,3.272284552596986,3.272284552596986,3.272284552596986,3.272284552596986,0.0,0.0,A题研究/直接迭代/第六轮成果/方案/p1/n4/case_063_multicore_res.json,repository,方案/p1/n4/case_063_multicore_res.json,round6,ledger comparison; union not independently replayed
case_063,1,5,1070397,286820,252654,286820,8812032,8812032,252654,8812032,ours,ours,3.731946865630012,4.2366121256738465,3.731946865630012,4.2366121256738465,11.912000557841152,-13.522841514482264,A题研究/直接迭代/联合推进成果_20260925/方案/case_063_p1_n5.json,repository,方案/p1/n5/case_063_multicore_res.json,previous_joint_delivery,ledger comparison; union not independently replayed
case_063,2,1,1070397,1070397,1070397,1070397,0,0,1070397,0,team13,tie,1.0,1.0,1.0,1.0,0.0,0.0,A题研究/直接迭代/第六轮成果/方案/p2/n1/case_063_multicore_res.json,repository,方案/p2/n1/case_063_multicore_res.json,round6,ledger comparison; union not independently replayed
case_063,2,2,1070397,549818,549818,549818,15203328,15203328,549818,15203328,team13,tie,1.9468205842660662,1.9468205842660662,1.9468205842660662,1.9468205842660662,0.0,0.0,A题研究/直接迭代/第六轮成果/方案/p2/n2/case_063_multicore_res.json,repository,方案/p2/n2/case_063_multicore_res.json,round6,ledger comparison; union not independently replayed
case_063,2,3,1070397,335762,335762,335762,6199296,6199296,335762,6199296,team13,tie,3.1879634979539078,3.1879634979539078,3.1879634979539078,3.1879634979539078,0.0,0.0,A题研究/直接迭代/第六轮成果/方案/p2/n3/case_063_multicore_res.json,repository,方案/p2/n3/case_063_multicore_res.json,round6,ledger comparison; union not independently replayed
case_063,2,4,1070397,273116,273116,273116,6474240,6474240,273116,6474240,team13,tie,3.919202829566924,3.919202829566924,3.919202829566924,3.919202829566924,0.0,0.0,A题研究/直接迭代/第六轮成果/方案/p2/n4/case_063_multicore_res.json,repository,方案/p2/n4/case_063_multicore_res.json,round6,ledger comparison; union not independently replayed
case_063,2,5,1070397,206194,206194,206194,3164160,3164160,206194,3164160,team13,tie,5.191213129383009,5.191213129383009,5.191213129383009,5.191213129383009,0.0,0.0,A题研究/直接迭代/第六轮成果/方案/p2/n5/case_063_multicore_res.json,repository,方案/p2/n5/case_063_multicore_res.json,round6,ledger comparison; union not independently replayed
case_063,3,1,1070397,1070397,1070397,1070397,0,0,1070397,0,team13,tie,1.0,1.0,1.0,1.0,0.0,0.0,A题研究/直接迭代/第六轮成果/方案/p3/n1/case_063_multicore_res.json,repository,方案/p3/n1/case_063_multicore_res.json,round6,ledger comparison; union not independently replayed
case_063,3,2,1070397,548808,548808,548808,15203328,15203328,548808,15203328,team13,tie,1.950403419775222,1.950403419775222,1.950403419775222,1.950403419775222,0.0,0.0,A题研究/直接迭代/第六轮成果/方案/p3/n2/case_063_multicore_res.json,repository,方案/p3/n2/case_063_multicore_res.json,round6,ledger comparison; union not independently replayed
case_063,3,3,1070397,335063,335063,335063,6199296,6199296,335063,6199296,team13,tie,3.19461414719023,3.19461414719023,3.19461414719023,3.19461414719023,0.0,0.0,A题研究/直接迭代/第六轮成果/方案/p3/n3/case_063_multicore_res.json,repository,方案/p3/n3/case_063_multicore_res.json,round6,ledger comparison; union not independently replayed
case_063,3,4,1070397,272966,272966,272966,6474240,6474240,272966,6474240,team13,tie,3.9213565059384687,3.9213565059384687,3.9213565059384687,3.9213565059384687,0.0,0.0,A题研究/直接迭代/第六轮成果/方案/p3/n4/case_063_multicore_res.json,repository,方案/p3/n4/case_063_multicore_res.json,round6,ledger comparison; union not independently replayed
case_063,3,5,1070397,206181,206181,206181,3164160,3164160,206181,3164160,team13,tie,5.191540442620804,5.191540442620804,5.191540442620804,5.191540442620804,0.0,0.0,A题研究/直接迭代/第六轮成果/方案/p3/n5/case_063_multicore_res.json,repository,方案/p3/n5/case_063_multicore_res.json,round6,ledger comparison; union not independently replayed
case_064,1,1,19116,19116,19116,19116,0,0,19116,0,team13,tie,1.0,1.0,1.0,1.0,0.0,0.0,A题研究/直接迭代/第六轮成果/方案/p1/n1/case_064_multicore_res.json,repository,方案/p1/n1/case_064_multicore_res.json,round6,ledger comparison; union not independently replayed
case_064,1,2,19116,17896,17896,17896,48856,48856,17896,48856,team13,tie,1.0681716584711667,1.0681716584711667,1.0681716584711667,1.0681716584711667,0.0,0.0,A题研究/直接迭代/第六轮成果/方案/p1/n2/case_064_multicore_res.json,repository,方案/p1/n2/case_064_multicore_res.json,round6,ledger comparison; union not independently replayed
case_064,1,3,19116,17896,17896,17896,48856,48856,17896,48856,team13,tie,1.0681716584711667,1.0681716584711667,1.0681716584711667,1.0681716584711667,0.0,0.0,A题研究/直接迭代/第六轮成果/方案/p1/n3/case_064_multicore_res.json,repository,方案/p1/n3/case_064_multicore_res.json,round6,ledger comparison; union not independently replayed
case_064,1,4,19116,16863,16863,16863,48856,48856,16863,48856,team13,tie,1.1336061199074898,1.1336061199074898,1.1336061199074898,1.1336061199074898,0.0,0.0,A题研究/直接迭代/第六轮成果/方案/p1/n4/case_064_multicore_res.json,repository,方案/p1/n4/case_064_multicore_res.json,round6,ledger comparison; union not independently replayed
case_064,1,5,19116,16370,16370,15177,134330,207694,15177,207694,team13,team13,1.1677458766035431,1.1677458766035431,1.2595374579956513,1.2595374579956513,0.0,7.287721441661576,A题研究/直接迭代/第六轮成果/方案/p1/n5/case_064_multicore_res.json,repository,方案/p1/n5/case_064_multicore_res.json,round6,ledger comparison; union not independently replayed
case_064,2,1,19116,19116,18831,19116,0,0,18831,0,ours,ours,1.0,1.0151346184483034,1.0,1.0151346184483034,1.4908976773383542,-1.5134618448303438,新增精选方案/p2/n1/case_064_multicore_res.json,delivery,方案/p2/n1/case_064_multicore_res.json,unified_v2_best_known_replayed,ledger comparison; union not independently replayed
case_064,2,2,19116,14566,14566,14566,33828,33828,14566,33828,team13,tie,1.3123712755732528,1.3123712755732528,1.3123712755732528,1.3123712755732528,0.0,0.0,A题研究/直接迭代/第六轮成果/方案/p2/n2/case_064_multicore_res.json,repository,方案/p2/n2/case_064_multicore_res.json,round6,ledger comparison; union not independently replayed
case_064,2,3,19116,10854,10854,10854,102764,102764,10854,102764,team13,tie,1.7611940298507462,1.7611940298507462,1.7611940298507462,1.7611940298507462,0.0,0.0,A题研究/直接迭代/第六轮成果/方案/p2/n3/case_064_multicore_res.json,repository,方案/p2/n3/case_064_multicore_res.json,round6,ledger comparison; union not independently replayed
case_064,2,4,19116,9171,9171,9171,122668,122668,9171,122668,team13,tie,2.084396467124632,2.084396467124632,2.084396467124632,2.084396467124632,0.0,0.0,A题研究/直接迭代/第六轮成果/方案/p2/n4/case_064_multicore_res.json,repository,方案/p2/n4/case_064_multicore_res.json,round6,ledger comparison; union not independently replayed
case_064,2,5,19116,8559,8545,8539,127410,127474,8539,127474,team13,team13,2.2334384858044163,2.2370977179637213,2.2386696334465395,2.2386696334465395,0.0,0.0702165008777067,新增精选方案/p2/n5/case_064_multicore_res.json,delivery,方案/p2/n5/case_064_multicore_res.json,unified_v2_best_known_replayed,ledger comparison; union not independently replayed
case_064,3,1,19116,19116,18831,19116,0,0,18831,0,ours,ours,1.0,1.0151346184483034,1.0,1.0151346184483034,1.4908976773383542,-1.5134618448303438,新增精选方案/p3/n1/case_064_multicore_res.json,delivery,方案/p3/n1/case_064_multicore_res.json,unified_v2_best_known_replayed,ledger comparison; union not independently replayed
case_064,3,2,19116,14566,14566,14566,33828,33828,14566,33828,team13,tie,1.3123712755732528,1.3123712755732528,1.3123712755732528,1.3123712755732528,0.0,0.0,A题研究/直接迭代/第六轮成果/方案/p3/n2/case_064_multicore_res.json,repository,方案/p3/n2/case_064_multicore_res.json,round6,ledger comparison; union not independently replayed
case_064,3,3,19116,10823,10823,10823,102764,102764,10823,102764,team13,tie,1.766238566016816,1.766238566016816,1.766238566016816,1.766238566016816,0.0,0.0,A题研究/直接迭代/第六轮成果/方案/p3/n3/case_064_multicore_res.json,repository,方案/p3/n3/case_064_multicore_res.json,round6,ledger comparison; union not independently replayed
case_064,3,4,19116,9149,9149,9149,122668,122668,9149,122668,team13,tie,2.0894086785441033,2.0894086785441033,2.0894086785441033,2.0894086785441033,0.0,0.0,A题研究/直接迭代/第六轮成果/方案/p3/n4/case_064_multicore_res.json,repository,方案/p3/n4/case_064_multicore_res.json,round6,ledger comparison; union not independently replayed
case_064,3,5,19116,8516,8510,8510,127410,127474,8510,127410,ours,tie,2.2447158290277125,2.246298472385429,2.246298472385429,2.246298472385429,0.0,0.0,新增精选方案/p3/n5/case_064_multicore_res.json,delivery,方案/p3/n5/case_064_multicore_res.json,unified_v2_best_known_replayed,ledger comparison; union not independently replayed
case_065,1,1,53068,53068,53068,53068,0,0,53068,0,team13,tie,1.0,1.0,1.0,1.0,0.0,0.0,A题研究/直接迭代/第六轮成果/方案/p1/n1/case_065_multicore_res.json,repository,方案/p1/n1/case_065_multicore_res.json,round6,ledger comparison; union not independently replayed
case_065,1,2,53068,26308,26308,26308,41616,41616,26308,41616,team13,tie,2.017181085601338,2.017181085601338,2.017181085601338,2.017181085601338,0.0,0.0,A题研究/直接迭代/第六轮成果/方案/p1/n2/case_065_multicore_res.json,repository,方案/p1/n2/case_065_multicore_res.json,round6,ledger comparison; union not independently replayed
case_065,1,3,53068,18088,18088,18088,69408,69408,18088,69408,team13,tie,2.9338788146837684,2.9338788146837684,2.9338788146837684,2.9338788146837684,0.0,0.0,A题研究/直接迭代/第六轮成果/方案/p1/n3/case_065_multicore_res.json,repository,方案/p1/n3/case_065_multicore_res.json,round6,ledger comparison; union not independently replayed
case_065,1,4,53068,13210,13210,13210,96912,96912,13210,96912,team13,tie,4.017259651778955,4.017259651778955,4.017259651778955,4.017259651778955,0.0,0.0,A题研究/直接迭代/第六轮成果/方案/p1/n4/case_065_multicore_res.json,repository,方案/p1/n4/case_065_multicore_res.json,round6,ledger comparison; union not independently replayed
case_065,1,5,53068,11994,11994,11994,110736,110736,11994,110736,team13,tie,4.424545606136402,4.424545606136402,4.424545606136402,4.424545606136402,0.0,0.0,A题研究/直接迭代/第六轮成果/方案/p1/n5/case_065_multicore_res.json,repository,方案/p1/n5/case_065_multicore_res.json,round6,ledger comparison; union not independently replayed
case_065,2,1,53068,53068,53068,53068,0,0,53068,0,team13,tie,1.0,1.0,1.0,1.0,0.0,0.0,A题研究/直接迭代/第六轮成果/方案/p2/n1/case_065_multicore_res.json,repository,方案/p2/n1/case_065_multicore_res.json,round6,ledger comparison; union not independently replayed
case_065,2,2,53068,23611,23611,23611,13968,13968,23611,13968,team13,tie,2.2475964592774553,2.2475964592774553,2.2475964592774553,2.2475964592774553,0.0,0.0,A题研究/直接迭代/第六轮成果/方案/p2/n2/case_065_multicore_res.json,repository,方案/p2/n2/case_065_multicore_res.json,round6,ledger comparison; union not independently replayed
case_065,2,3,53068,17093,17093,17093,27936,27936,17093,27936,team13,tie,3.104662727432282,3.104662727432282,3.104662727432282,3.104662727432282,0.0,0.0,A题研究/直接迭代/第六轮成果/方案/p2/n3/case_065_multicore_res.json,repository,方案/p2/n3/case_065_multicore_res.json,round6,ledger comparison; union not independently replayed
case_065,2,4,53068,12999,12999,12999,41616,41616,12999,41616,team13,tie,4.082467882144781,4.082467882144781,4.082467882144781,4.082467882144781,0.0,0.0,A题研究/直接迭代/第六轮成果/方案/p2/n4/case_065_multicore_res.json,repository,方案/p2/n4/case_065_multicore_res.json,round6,ledger comparison; union not independently replayed
case_065,2,5,53068,9869,9869,8714,55440,55584,8714,55584,team13,team13,5.377241868477049,5.377241868477049,6.0899701629561624,6.0899701629561624,0.0,11.703313405613535,A题研究/直接迭代/第六轮成果/方案/p2/n5/case_065_multicore_res.json,repository,方案/p2/n5/case_065_multicore_res.json,round6,ledger comparison; union not independently replayed
case_065,3,1,53068,53068,53068,53068,0,0,53068,0,team13,tie,1.0,1.0,1.0,1.0,0.0,0.0,A题研究/直接迭代/第六轮成果/方案/p3/n1/case_065_multicore_res.json,repository,方案/p3/n1/case_065_multicore_res.json,round6,ledger comparison; union not independently replayed
case_065,3,2,53068,23611,23611,23611,13968,13968,23611,13968,team13,tie,2.2475964592774553,2.2475964592774553,2.2475964592774553,2.2475964592774553,0.0,0.0,A题研究/直接迭代/第六轮成果/方案/p3/n2/case_065_multicore_res.json,repository,方案/p3/n2/case_065_multicore_res.json,round6,ledger comparison; union not independently replayed
case_065,3,3,53068,17093,17093,17093,27936,27936,17093,27936,team13,tie,3.104662727432282,3.104662727432282,3.104662727432282,3.104662727432282,0.0,0.0,A题研究/直接迭代/第六轮成果/方案/p3/n3/case_065_multicore_res.json,repository,方案/p3/n3/case_065_multicore_res.json,round6,ledger comparison; union not independently replayed
case_065,3,4,53068,12999,12999,12999,41616,41616,12999,41616,team13,tie,4.082467882144781,4.082467882144781,4.082467882144781,4.082467882144781,0.0,0.0,A题研究/直接迭代/第六轮成果/方案/p3/n4/case_065_multicore_res.json,repository,方案/p3/n4/case_065_multicore_res.json,round6,ledger comparison; union not independently replayed
case_065,3,5,53068,9869,9869,8335,55440,55584,8335,55584,team13,team13,5.377241868477049,5.377241868477049,6.366886622675465,6.366886622675465,0.0,15.543621440875466,A题研究/直接迭代/第六轮成果/方案/p3/n5/case_065_multicore_res.json,repository,方案/p3/n5/case_065_multicore_res.json,round6,ledger comparison; union not independently replayed
case_066,1,1,359070,358492,358492,358492,403768,403768,358492,403768,team13,tie,1.0016123093402363,1.0016123093402363,1.0016123093402363,1.0016123093402363,0.0,0.0,A题研究/直接迭代/第六轮成果/方案/p1/n1/case_066_multicore_res.json,repository,方案/p1/n1/case_066_multicore_res.json,round6,ledger comparison; union not independently replayed
case_066,1,2,359070,247728,247728,247728,142662,142662,247728,142662,team13,tie,1.449452625460182,1.449452625460182,1.449452625460182,1.449452625460182,0.0,0.0,A题研究/直接迭代/第六轮成果/方案/p1/n2/case_066_multicore_res.json,repository,方案/p1/n2/case_066_multicore_res.json,round6,ledger comparison; union not independently replayed
case_066,1,3,359070,234251,234251,160671,1119442,3191810,160671,3191810,team13,team13,1.5328429761239013,1.5328429761239013,2.234815243572269,2.234815243572269,0.0,31.410751715040707,A题研究/直接迭代/第六轮成果/方案/p1/n3/case_066_multicore_res.json,repository,方案/p1/n3/case_066_multicore_res.json,round6,ledger comparison; union not independently replayed
case_066,1,4,359070,203497,203497,134704,1859170,3435846,134704,3435846,team13,team13,1.7644977567236864,1.7644977567236864,2.665622401710417,2.665622401710417,0.0,33.80541236480145,A题研究/直接迭代/第六轮成果/方案/p1/n4/case_066_multicore_res.json,repository,方案/p1/n4/case_066_multicore_res.json,round6,ledger comparison; union not independently replayed
case_066,1,5,359070,199028,187146,125828,4424914,4268418,125828,4268418,team13,team13,1.8041180135458328,1.9186624346766696,2.8536573735575548,2.8536573735575548,0.0,32.7647932630139,新增精选方案/p1/n5/case_066_multicore_res.json,delivery,方案/p1/n5/case_066_multicore_res.json,unified_v2_best_known_replayed,ledger comparison; union not independently replayed
case_066,2,1,359070,359070,359070,359070,0,0,359070,0,team13,tie,1.0,1.0,1.0,1.0,0.0,0.0,A题研究/直接迭代/第六轮成果/方案/p2/n1/case_066_multicore_res.json,repository,方案/p2/n1/case_066_multicore_res.json,round6,ledger comparison; union not independently replayed
case_066,2,2,359070,193251,193251,193251,1315736,1315736,193251,1315736,team13,tie,1.858049893661611,1.858049893661611,1.858049893661611,1.858049893661611,0.0,0.0,A题研究/直接迭代/第六轮成果/方案/p2/n2/case_066_multicore_res.json,repository,方案/p2/n2/case_066_multicore_res.json,round6,ledger comparison; union not independently replayed
case_066,2,3,359070,136691,136691,136691,2152710,2152710,136691,2152710,team13,tie,2.6268737517466403,2.6268737517466403,2.6268737517466403,2.6268737517466403,0.0,0.0,A题研究/直接迭代/第六轮成果/方案/p2/n3/case_066_multicore_res.json,repository,方案/p2/n3/case_066_multicore_res.json,round6,ledger comparison; union not independently replayed
case_066,2,4,359070,121966,121966,121966,2619424,2619424,121966,2619424,team13,tie,2.944017185117164,2.944017185117164,2.944017185117164,2.944017185117164,0.0,0.0,A题研究/直接迭代/第六轮成果/方案/p2/n4/case_066_multicore_res.json,repository,方案/p2/n4/case_066_multicore_res.json,round6,ledger comparison; union not independently replayed
case_066,2,5,359070,114172,114172,114172,3267848,3267848,114172,3267848,team13,tie,3.144991766807974,3.144991766807974,3.144991766807974,3.144991766807974,0.0,0.0,A题研究/直接迭代/第六轮成果/方案/p2/n5/case_066_multicore_res.json,repository,方案/p2/n5/case_066_multicore_res.json,round6,ledger comparison; union not independently replayed
case_066,3,1,359070,359070,359070,359070,0,0,359070,0,team13,tie,1.0,1.0,1.0,1.0,0.0,0.0,A题研究/直接迭代/第六轮成果/方案/p3/n1/case_066_multicore_res.json,repository,方案/p3/n1/case_066_multicore_res.json,round6,ledger comparison; union not independently replayed
case_066,3,2,359070,193085,193085,193085,1315736,1315736,193085,1315736,team13,tie,1.859647305590802,1.859647305590802,1.859647305590802,1.859647305590802,0.0,0.0,A题研究/直接迭代/第六轮成果/方案/p3/n2/case_066_multicore_res.json,repository,方案/p3/n2/case_066_multicore_res.json,round6,ledger comparison; union not independently replayed
case_066,3,3,359070,134574,134574,134574,2152710,2152710,134574,2152710,team13,tie,2.668197422979179,2.668197422979179,2.668197422979179,2.668197422979179,0.0,0.0,A题研究/直接迭代/第六轮成果/方案/p3/n3/case_066_multicore_res.json,repository,方案/p3/n3/case_066_multicore_res.json,round6,ledger comparison; union not independently replayed
case_066,3,4,359070,120257,120257,120257,2619424,2619424,120257,2619424,team13,tie,2.9858552932469626,2.9858552932469626,2.9858552932469626,2.9858552932469626,0.0,0.0,A题研究/直接迭代/第六轮成果/方案/p3/n4/case_066_multicore_res.json,repository,方案/p3/n4/case_066_multicore_res.json,round6,ledger comparison; union not independently replayed
case_066,3,5,359070,106776,106776,106776,3267848,3267848,106776,3267848,team13,tie,3.3628343447965836,3.3628343447965836,3.3628343447965836,3.3628343447965836,0.0,0.0,A题研究/直接迭代/第六轮成果/方案/p3/n5/case_066_multicore_res.json,repository,方案/p3/n5/case_066_multicore_res.json,round6,ledger comparison; union not independently replayed
case_067,1,1,63834834,63950466,63950466,63950466,261050752,261050752,63950466,261050752,team13,tie,0.9981918505488294,0.9981918505488294,0.9981918505488294,0.9981918505488294,0.0,0.0,A题研究/直接迭代/第六轮成果/方案/p1/n1/case_067_multicore_res.json,repository,方案/p1/n1/case_067_multicore_res.json,round6,ledger comparison; union not independently replayed
case_067,1,2,63834834,33768704,33768704,33768704,264024576,264024576,33768704,264024576,team13,tie,1.890354868223548,1.890354868223548,1.890354868223548,1.890354868223548,0.0,0.0,A题研究/直接迭代/第六轮成果/方案/p1/n2/case_067_multicore_res.json,repository,方案/p1/n2/case_067_multicore_res.json,round6,ledger comparison; union not independently replayed
case_067,1,3,63834834,23568859,23568859,23568859,263599744,263599744,23568859,263599744,team13,tie,2.7084397254869232,2.7084397254869232,2.7084397254869232,2.7084397254869232,0.0,0.0,A题研究/直接迭代/第六轮成果/方案/p1/n3/case_067_multicore_res.json,repository,方案/p1/n3/case_067_multicore_res.json,round6,ledger comparison; union not independently replayed
case_067,1,4,63834834,18473155,18473155,18473155,263174912,263174912,18473155,263174912,team13,tie,3.4555458447677183,3.4555458447677183,3.4555458447677183,3.4555458447677183,0.0,0.0,A题研究/直接迭代/第六轮成果/方案/p1/n4/case_067_multicore_res.json,repository,方案/p1/n4/case_067_multicore_res.json,round6,ledger comparison; union not independently replayed
case_067,1,5,63834834,15233731,13604111,14756232,245932160,263006336,13604111,245932160,ours,ours,4.190361113767862,4.692319402568827,4.325957602184623,4.692319402568827,7.807691014887808,-8.468917961636734,新增精选方案/p1/n5/case_067_multicore_res.json,delivery,方案/p1/n5/case_067_multicore_res.json,unified_v2_best_known_replayed,ledger comparison; union not independently replayed
case_067,2,1,63834834,63834834,63834834,63834834,264449408,264449408,63834834,264449408,team13,tie,1.0,1.0,1.0,1.0,0.0,0.0,A题研究/直接迭代/第六轮成果/方案/p2/n1/case_067_multicore_res.json,repository,方案/p2/n1/case_067_multicore_res.json,round6,ledger comparison; union not independently replayed
case_067,2,2,63834834,30166430,30166430,30166430,60981632,60981632,30166430,60981632,team13,tie,2.1160884466607417,2.1160884466607417,2.1160884466607417,2.1160884466607417,0.0,0.0,A题研究/直接迭代/第六轮成果/方案/p2/n2/case_067_multicore_res.json,repository,方案/p2/n2/case_067_multicore_res.json,round6,ledger comparison; union not independently replayed
case_067,2,3,63834834,20034746,20034746,20034746,62186240,62186240,20034746,62186240,team13,tie,3.1862063037884285,3.1862063037884285,3.1862063037884285,3.1862063037884285,0.0,0.0,A题研究/直接迭代/第六轮成果/方案/p2/n3/case_067_multicore_res.json,repository,方案/p2/n3/case_067_multicore_res.json,round6,ledger comparison; union not independently replayed
case_067,2,4,63834834,15025891,15025891,15025891,69837952,69837952,15025891,69837952,team13,tie,4.248322711777957,4.248322711777957,4.248322711777957,4.248322711777957,0.0,0.0,A题研究/直接迭代/第六轮成果/方案/p2/n4/case_067_multicore_res.json,repository,方案/p2/n4/case_067_multicore_res.json,round6,ledger comparison; union not independently replayed
case_067,2,5,63834834,12057191,12057191,12055757,77944320,78601728,12055757,78601728,team13,team13,5.294337130431126,5.294337130431126,5.294966877650238,5.294966877650238,0.0,0.011893317440192508,A题研究/直接迭代/第六轮成果/方案/p2/n5/case_067_multicore_res.json,repository,方案/p2/n5/case_067_multicore_res.json,round6,ledger comparison; union not independently replayed
case_067,3,1,63834834,63834834,63834834,63834834,264449408,264449408,63834834,264449408,team13,tie,1.0,1.0,1.0,1.0,0.0,0.0,A题研究/直接迭代/第六轮成果/方案/p3/n1/case_067_multicore_res.json,repository,方案/p3/n1/case_067_multicore_res.json,round6,ledger comparison; union not independently replayed
case_067,3,2,63834834,30145037,30145037,30145037,60981632,60981632,30145037,60981632,team13,tie,2.1175901691545445,2.1175901691545445,2.1175901691545445,2.1175901691545445,0.0,0.0,A题研究/直接迭代/第六轮成果/方案/p3/n2/case_067_multicore_res.json,repository,方案/p3/n2/case_067_multicore_res.json,round6,ledger comparison; union not independently replayed
case_067,3,3,63834834,20005690,20005690,20005690,62186240,62186240,20005690,62186240,team13,tie,3.190833907753244,3.190833907753244,3.190833907753244,3.190833907753244,0.0,0.0,A题研究/直接迭代/第六轮成果/方案/p3/n3/case_067_multicore_res.json,repository,方案/p3/n3/case_067_multicore_res.json,round6,ledger comparison; union not independently replayed
case_067,3,4,63834834,14964449,14964449,14964449,69837952,69837952,14964449,69837952,team13,tie,4.265765749210011,4.265765749210011,4.265765749210011,4.265765749210011,0.0,0.0,A题研究/直接迭代/第六轮成果/方案/p3/n4/case_067_multicore_res.json,repository,方案/p3/n4/case_067_multicore_res.json,round6,ledger comparison; union not independently replayed
case_067,3,5,63834834,12007191,12007191,11993835,77944320,78601728,11993835,78601728,team13,team13,5.316383657093486,5.316383657093486,5.322303833594509,5.322303833594509,0.0,0.11123334341895941,A题研究/直接迭代/第六轮成果/方案/p3/n5/case_067_multicore_res.json,repository,方案/p3/n5/case_067_multicore_res.json,round6,ledger comparison; union not independently replayed
case_068,1,1,362095,361497,361497,361497,359444,359444,361497,359444,team13,tie,1.001654232261955,1.001654232261955,1.001654232261955,1.001654232261955,0.0,0.0,A题研究/直接迭代/第六轮成果/方案/p1/n1/case_068_multicore_res.json,repository,方案/p1/n1/case_068_multicore_res.json,round6,ledger comparison; union not independently replayed
case_068,1,2,362095,302089,302089,302089,200380,200380,302089,200380,team13,tie,1.198636825571272,1.198636825571272,1.198636825571272,1.198636825571272,0.0,0.0,A题研究/直接迭代/第六轮成果/方案/p1/n2/case_068_multicore_res.json,repository,方案/p1/n2/case_068_multicore_res.json,round6,ledger comparison; union not independently replayed
case_068,1,3,362095,301848,290734,301848,403836,105814,290734,403836,ours,ours,1.199593835307837,1.245451168421994,1.199593835307837,1.245451168421994,3.681985635154117,-3.822738310620699,A题研究/直接迭代/闭环验证_20260925/下一阶段攻坚/重划实证_v1/精选方案/case_068_p1_n3.json,repository,方案/p1/n3/case_068_multicore_res.json,本轮从头_new,ledger comparison; union not independently replayed
case_068,1,4,362095,287436,287436,287436,657174,657174,287436,657174,team13,tie,1.259741298932632,1.259741298932632,1.259741298932632,1.259741298932632,0.0,0.0,A题研究/直接迭代/第六轮成果/方案/p1/n4/case_068_multicore_res.json,repository,方案/p1/n4/case_068_multicore_res.json,round6,ledger comparison; union not independently replayed
case_068,1,5,362095,268666,210185,143172,3327518,3694350,143172,3694350,team13,team13,1.347751483254301,1.7227442491138758,2.529090883692342,2.529090883692342,0.0,31.882865095035328,新增精选方案/p1/n5/case_068_multicore_res.json,delivery,方案/p1/n5/case_068_multicore_res.json,unified_v2_best_known_replayed,ledger comparison; union not independently replayed
case_068,2,1,362095,362095,362095,362095,0,0,362095,0,team13,tie,1.0,1.0,1.0,1.0,0.0,0.0,A题研究/直接迭代/第六轮成果/方案/p2/n1/case_068_multicore_res.json,repository,方案/p2/n1/case_068_multicore_res.json,round6,ledger comparison; union not independently replayed
case_068,2,2,362095,204172,204172,204172,2205494,2205494,204172,2205494,team13,tie,1.7734802029661265,1.7734802029661265,1.7734802029661265,1.7734802029661265,0.0,0.0,A题研究/直接迭代/第六轮成果/方案/p2/n2/case_068_multicore_res.json,repository,方案/p2/n2/case_068_multicore_res.json,round6,ledger comparison; union not independently replayed
case_068,2,3,362095,153006,153006,153006,3406314,3406314,153006,3406314,team13,tie,2.3665411813915793,2.3665411813915793,2.3665411813915793,2.3665411813915793,0.0,0.0,A题研究/直接迭代/第六轮成果/方案/p2/n3/case_068_multicore_res.json,repository,方案/p2/n3/case_068_multicore_res.json,round6,ledger comparison; union not independently replayed
case_068,2,4,362095,142255,142255,142255,3895504,3895504,142255,3895504,team13,tie,2.5453938350145866,2.5453938350145866,2.5453938350145866,2.5453938350145866,0.0,0.0,A题研究/直接迭代/第六轮成果/方案/p2/n4/case_068_multicore_res.json,repository,方案/p2/n4/case_068_multicore_res.json,round6,ledger comparison; union not independently replayed
case_068,2,5,362095,134477,133097,134477,4092568,4188824,133097,4092568,ours,ours,2.6926165812741214,2.7205346476629826,2.6926165812741214,2.7205346476629826,1.0261977884694073,-1.0368377949916185,新增精选方案/p2/n5/case_068_multicore_res.json,delivery,方案/p2/n5/case_068_multicore_res.json,unified_v2_best_known_replayed,ledger comparison; union not independently replayed
case_068,3,1,362095,362095,362095,362095,0,0,362095,0,team13,tie,1.0,1.0,1.0,1.0,0.0,0.0,A题研究/直接迭代/第六轮成果/方案/p3/n1/case_068_multicore_res.json,repository,方案/p3/n1/case_068_multicore_res.json,round6,ledger comparison; union not independently replayed
case_068,3,2,362095,201418,201418,201418,2205494,2205494,201418,2205494,team13,tie,1.7977291006762057,1.7977291006762057,1.7977291006762057,1.7977291006762057,0.0,0.0,A题研究/直接迭代/第六轮成果/方案/p3/n2/case_068_multicore_res.json,repository,方案/p3/n2/case_068_multicore_res.json,round6,ledger comparison; union not independently replayed
case_068,3,3,362095,150684,150684,150684,3406314,3406314,150684,3406314,team13,tie,2.403008945873484,2.403008945873484,2.403008945873484,2.403008945873484,0.0,0.0,A题研究/直接迭代/第六轮成果/方案/p3/n3/case_068_multicore_res.json,repository,方案/p3/n3/case_068_multicore_res.json,round6,ledger comparison; union not independently replayed
case_068,3,4,362095,130760,130760,130760,3895504,3895504,130760,3895504,team13,tie,2.769157234628327,2.769157234628327,2.769157234628327,2.769157234628327,0.0,0.0,A题研究/直接迭代/第六轮成果/方案/p3/n4/case_068_multicore_res.json,repository,方案/p3/n4/case_068_multicore_res.json,round6,ledger comparison; union not independently replayed
case_068,3,5,362095,123937,121619,123937,4175156,4188824,121619,4175156,ours,ours,2.9216053317411266,2.9772897326897936,2.9216053317411266,2.9772897326897936,1.8703050743522964,-1.9059521949695402,新增精选方案/p3/n5/case_068_multicore_res.json,delivery,方案/p3/n5/case_068_multicore_res.json,unified_v2_best_known_replayed,ledger comparison; union not independently replayed
case_069,1,1,25144,25419,25419,25419,24832,24832,25419,24832,team13,tie,0.9891813210590503,0.9891813210590503,0.9891813210590503,0.9891813210590503,0.0,0.0,A题研究/直接迭代/第六轮成果/方案/p1/n1/case_069_multicore_res.json,repository,方案/p1/n1/case_069_multicore_res.json,round6,ledger comparison; union not independently replayed
case_069,1,2,25144,24830,24830,24830,71044,71044,24830,71044,team13,tie,1.0126459927507048,1.0126459927507048,1.0126459927507048,1.0126459927507048,0.0,0.0,A题研究/直接迭代/第六轮成果/方案/p1/n2/case_069_multicore_res.json,repository,方案/p1/n2/case_069_multicore_res.json,round6,ledger comparison; union not independently replayed
case_069,1,3,25144,22899,22899,22899,192108,192108,22899,192108,team13,tie,1.0980392156862746,1.0980392156862746,1.0980392156862746,1.0980392156862746,0.0,0.0,A题研究/直接迭代/第六轮成果/方案/p1/n3/case_069_multicore_res.json,repository,方案/p1/n3/case_069_multicore_res.json,round6,ledger comparison; union not independently replayed
case_069,1,4,25144,17041,17041,17041,626568,626568,17041,626568,team13,tie,1.47550026406901,1.47550026406901,1.47550026406901,1.47550026406901,0.0,0.0,A题研究/直接迭代/第六轮成果/方案/p1/n4/case_069_multicore_res.json,repository,方案/p1/n4/case_069_multicore_res.json,round6,ledger comparison; union not independently replayed
case_069,1,5,25144,16908,16521,15487,622330,554768,15487,554768,team13,team13,1.487106695055595,1.5219417710792325,1.623555239878608,1.623555239878608,0.0,6.258701047152105,A题研究/直接迭代/闭环验证_20260925/精选方案/case_069_p1_n5.json,repository,方案/p1/n5/case_069_multicore_res.json,my_runs/iterative_holdout_b8_v1/case_069/n5/iterative/summary.json,ledger comparison; union not independently replayed
case_069,2,1,25144,25144,25144,25144,0,0,25144,0,team13,tie,1.0,1.0,1.0,1.0,0.0,0.0,A题研究/直接迭代/第六轮成果/方案/p2/n1/case_069_multicore_res.json,repository,方案/p2/n1/case_069_multicore_res.json,round6,ledger comparison; union not independently replayed
case_069,2,2,25144,13478,13478,13478,322852,322852,13478,322852,team13,tie,1.8655586882326756,1.8655586882326756,1.8655586882326756,1.8655586882326756,0.0,0.0,A题研究/直接迭代/第六轮成果/方案/p2/n2/case_069_multicore_res.json,repository,方案/p2/n2/case_069_multicore_res.json,round6,ledger comparison; union not independently replayed
case_069,2,3,25144,10770,10770,10770,341068,341068,10770,341068,team13,tie,2.3346332404828227,2.3346332404828227,2.3346332404828227,2.3346332404828227,0.0,0.0,A题研究/直接迭代/第六轮成果/方案/p2/n3/case_069_multicore_res.json,repository,方案/p2/n3/case_069_multicore_res.json,round6,ledger comparison; union not independently replayed
case_069,2,4,25144,10455,10455,10455,433744,433744,10455,433744,team13,tie,2.4049736967957913,2.4049736967957913,2.4049736967957913,2.4049736967957913,0.0,0.0,A题研究/直接迭代/第六轮成果/方案/p2/n4/case_069_multicore_res.json,repository,方案/p2/n4/case_069_multicore_res.json,round6,ledger comparison; union not independently replayed
case_069,2,5,25144,10453,10453,10453,433744,433744,10453,433744,team13,tie,2.4054338467425618,2.4054338467425618,2.4054338467425618,2.4054338467425618,0.0,0.0,A题研究/直接迭代/第六轮成果/方案/p2/n5/case_069_multicore_res.json,repository,方案/p2/n5/case_069_multicore_res.json,round6,ledger comparison; union not independently replayed
case_069,3,1,25144,25144,25144,25144,0,0,25144,0,team13,tie,1.0,1.0,1.0,1.0,0.0,0.0,A题研究/直接迭代/第六轮成果/方案/p3/n1/case_069_multicore_res.json,repository,方案/p3/n1/case_069_multicore_res.json,round6,ledger comparison; union not independently replayed
case_069,3,2,25144,13447,13447,13447,322852,322852,13447,322852,team13,tie,1.8698594482040605,1.8698594482040605,1.8698594482040605,1.8698594482040605,0.0,0.0,A题研究/直接迭代/第六轮成果/方案/p3/n2/case_069_multicore_res.json,repository,方案/p3/n2/case_069_multicore_res.json,round6,ledger comparison; union not independently replayed
case_069,3,3,25144,10221,10221,10221,341068,341068,10221,341068,team13,tie,2.4600332648468837,2.4600332648468837,2.4600332648468837,2.4600332648468837,0.0,0.0,A题研究/直接迭代/第六轮成果/方案/p3/n3/case_069_multicore_res.json,repository,方案/p3/n3/case_069_multicore_res.json,round6,ledger comparison; union not independently replayed
case_069,3,4,25144,9422,9422,9422,433744,433744,9422,433744,team13,tie,2.6686478454680533,2.6686478454680533,2.6686478454680533,2.6686478454680533,0.0,0.0,A题研究/直接迭代/第六轮成果/方案/p3/n4/case_069_multicore_res.json,repository,方案/p3/n4/case_069_multicore_res.json,round6,ledger comparison; union not independently replayed
case_069,3,5,25144,9390,9390,9107,433744,426832,9107,426832,team13,team13,2.6777422790202343,2.6777422790202343,2.760953112990008,2.760953112990008,0.0,3.0138445154419546,A题研究/直接迭代/第六轮成果/方案/p3/n5/case_069_multicore_res.json,repository,方案/p3/n5/case_069_multicore_res.json,round6,ledger comparison; union not independently replayed
case_070,1,1,117300,115224,115224,115224,115200,115200,115224,115200,team13,tie,1.018017079775047,1.018017079775047,1.018017079775047,1.018017079775047,0.0,0.0,A题研究/直接迭代/第六轮成果/方案/p1/n1/case_070_multicore_res.json,repository,方案/p1/n1/case_070_multicore_res.json,round6,ledger comparison; union not independently replayed
case_070,1,2,117300,58498,58498,58498,129536,129536,58498,129536,team13,tie,2.005196758863551,2.005196758863551,2.005196758863551,2.005196758863551,0.0,0.0,A题研究/直接迭代/第六轮成果/方案/p1/n2/case_070_multicore_res.json,repository,方案/p1/n2/case_070_multicore_res.json,round6,ledger comparison; union not independently replayed
case_070,1,3,117300,41525,41525,41525,494592,494592,41525,494592,team13,tie,2.8248043347381095,2.8248043347381095,2.8248043347381095,2.8248043347381095,0.0,0.0,A题研究/直接迭代/第六轮成果/方案/p1/n3/case_070_multicore_res.json,repository,方案/p1/n3/case_070_multicore_res.json,round6,ledger comparison; union not independently replayed
case_070,1,4,117300,33986,33986,33986,670208,670208,33986,670208,team13,tie,3.451421173424351,3.451421173424351,3.451421173424351,3.451421173424351,0.0,0.0,A题研究/直接迭代/第六轮成果/方案/p1/n4/case_070_multicore_res.json,repository,方案/p1/n4/case_070_multicore_res.json,round6,ledger comparison; union not independently replayed
case_070,1,5,117300,26669,26669,26669,462848,462848,26669,462848,team13,tie,4.3983651430499835,4.3983651430499835,4.3983651430499835,4.3983651430499835,0.0,0.0,A题研究/直接迭代/第六轮成果/方案/p1/n5/case_070_multicore_res.json,repository,方案/p1/n5/case_070_multicore_res.json,round6,ledger comparison; union not independently replayed
case_070,2,1,117300,117300,117300,117300,0,0,117300,0,team13,tie,1.0,1.0,1.0,1.0,0.0,0.0,A题研究/直接迭代/第六轮成果/方案/p2/n1/case_070_multicore_res.json,repository,方案/p2/n1/case_070_multicore_res.json,round6,ledger comparison; union not independently replayed
case_070,2,2,117300,53120,53120,53120,129536,129536,53120,129536,team13,tie,2.2082078313253013,2.2082078313253013,2.2082078313253013,2.2082078313253013,0.0,0.0,A题研究/直接迭代/第六轮成果/方案/p2/n2/case_070_multicore_res.json,repository,方案/p2/n2/case_070_multicore_res.json,round6,ledger comparison; union not independently replayed
case_070,2,3,117300,40678,40678,40678,259072,259072,40678,259072,team13,tie,2.8836225969811693,2.8836225969811693,2.8836225969811693,2.8836225969811693,0.0,0.0,A题研究/直接迭代/第六轮成果/方案/p2/n3/case_070_multicore_res.json,repository,方案/p2/n3/case_070_multicore_res.json,round6,ledger comparison; union not independently replayed
case_070,2,4,117300,31817,31817,31817,360960,360960,31817,360960,team13,tie,3.6867083634534996,3.6867083634534996,3.6867083634534996,3.6867083634534996,0.0,0.0,A题研究/直接迭代/第六轮成果/方案/p2/n4/case_070_multicore_res.json,repository,方案/p2/n4/case_070_multicore_res.json,round6,ledger comparison; union not independently replayed
case_070,2,5,117300,26669,26669,22710,462592,462848,22710,462848,team13,team13,4.3983651430499835,4.3983651430499835,5.165125495376486,5.165125495376486,0.0,14.844951066781654,新增精选方案/p2/n5/case_070_multicore_res.json,delivery,方案/p2/n5/case_070_multicore_res.json,unified_v2_best_known_replayed,ledger comparison; union not independently replayed
case_070,3,1,117300,117300,117300,117300,0,0,117300,0,team13,tie,1.0,1.0,1.0,1.0,0.0,0.0,A题研究/直接迭代/第六轮成果/方案/p3/n1/case_070_multicore_res.json,repository,方案/p3/n1/case_070_multicore_res.json,round6,ledger comparison; union not independently replayed
case_070,3,2,117300,53120,53120,53120,129536,129536,53120,129536,team13,tie,2.2082078313253013,2.2082078313253013,2.2082078313253013,2.2082078313253013,0.0,0.0,A题研究/直接迭代/第六轮成果/方案/p3/n2/case_070_multicore_res.json,repository,方案/p3/n2/case_070_multicore_res.json,round6,ledger comparison; union not independently replayed
case_070,3,3,117300,40678,40678,40678,259072,259072,40678,259072,team13,tie,2.8836225969811693,2.8836225969811693,2.8836225969811693,2.8836225969811693,0.0,0.0,A题研究/直接迭代/第六轮成果/方案/p3/n3/case_070_multicore_res.json,repository,方案/p3/n3/case_070_multicore_res.json,round6,ledger comparison; union not independently replayed
case_070,3,4,117300,31817,31817,31817,360960,360960,31817,360960,team13,tie,3.6867083634534996,3.6867083634534996,3.6867083634534996,3.6867083634534996,0.0,0.0,A题研究/直接迭代/第六轮成果/方案/p3/n4/case_070_multicore_res.json,repository,方案/p3/n4/case_070_multicore_res.json,round6,ledger comparison; union not independently replayed
case_070,3,5,117300,26655,26634,21056,420864,462848,21056,462848,team13,team13,4.400675295441756,4.404145077720207,5.570858662613982,5.570858662613982,0.0,20.943155365322518,新增精选方案/p3/n5/case_070_multicore_res.json,delivery,方案/p3/n5/case_070_multicore_res.json,unified_v2_best_known_replayed,ledger comparison; union not independently replayed
case_071,1,1,18919,18919,18799,18919,57220,0,18799,57220,ours,ours,1.0,1.0063833182616098,1.0,1.0063833182616098,0.6342829959300134,-0.6383318261609761,新增精选方案/p1/n1/case_071_multicore_res.json,delivery,方案/p1/n1/case_071_multicore_res.json,unified_v2_best_known_replayed,ledger comparison; union not independently replayed
case_071,1,2,18919,18799,18533,18799,313296,57220,18533,313296,ours,ours,1.0063833182616098,1.0208277127286463,1.0063833182616098,1.0208277127286463,1.414968881323475,-1.4352776129067157,新增精选方案/p1/n2/case_071_multicore_res.json,delivery,方案/p1/n2/case_071_multicore_res.json,unified_v2_best_known_replayed,ledger comparison; union not independently replayed
case_071,1,3,18919,17281,17281,17281,148042,148042,17281,148042,team13,tie,1.0947861813552457,1.0947861813552457,1.0947861813552457,1.0947861813552457,0.0,0.0,A题研究/直接迭代/第六轮成果/方案/p1/n3/case_071_multicore_res.json,repository,方案/p1/n3/case_071_multicore_res.json,round6,ledger comparison; union not independently replayed
case_071,1,4,18919,13897,13897,13897,465378,465378,13897,465378,team13,tie,1.3613729581924157,1.3613729581924157,1.3613729581924157,1.3613729581924157,0.0,0.0,A题研究/直接迭代/第六轮成果/方案/p1/n4/case_071_multicore_res.json,repository,方案/p1/n4/case_071_multicore_res.json,round6,ledger comparison; union not independently replayed
case_071,1,5,18919,11491,11491,9628,230346,301972,9628,301972,team13,team13,1.6464189365590463,1.6464189365590463,1.9649979227253842,1.9649979227253842,0.0,16.212688190757984,A题研究/直接迭代/第六轮成果/方案/p1/n5/case_071_multicore_res.json,repository,方案/p1/n5/case_071_multicore_res.json,round6,ledger comparison; union not independently replayed
case_071,2,1,18919,17062,17062,17062,0,0,17062,0,team13,tie,1.108838354237487,1.108838354237487,1.108838354237487,1.108838354237487,0.0,0.0,A题研究/直接迭代/第六轮成果/方案/p2/n1/case_071_multicore_res.json,repository,方案/p2/n1/case_071_multicore_res.json,round6,ledger comparison; union not independently replayed
case_071,2,2,18919,10697,10697,10697,133732,133732,10697,133732,team13,tie,1.7686267177713377,1.7686267177713377,1.7686267177713377,1.7686267177713377,0.0,0.0,A题研究/直接迭代/第六轮成果/方案/p2/n2/case_071_multicore_res.json,repository,方案/p2/n2/case_071_multicore_res.json,round6,ledger comparison; union not independently replayed
case_071,2,3,18919,9725,9725,9715,257388,272428,9715,272428,team13,team13,1.9453984575835475,1.9453984575835475,1.9474009264024703,1.9474009264024703,0.0,0.10282776349614942,A题研究/直接迭代/第六轮成果/方案/p2/n3/case_071_multicore_res.json,repository,方案/p2/n3/case_071_multicore_res.json,round6,ledger comparison; union not independently replayed
case_071,2,4,18919,8852,8852,8852,302060,302060,8852,302060,team13,tie,2.137257117035698,2.137257117035698,2.137257117035698,2.137257117035698,0.0,0.0,A题研究/直接迭代/第六轮成果/方案/p2/n4/case_071_multicore_res.json,repository,方案/p2/n4/case_071_multicore_res.json,round6,ledger comparison; union not independently replayed
case_071,2,5,18919,8852,8708,8107,302062,304174,8107,304174,team13,team13,2.137257117035698,2.172599908130455,2.333662267176514,2.333662267176514,0.0,6.901699586587052,新增精选方案/p2/n5/case_071_multicore_res.json,delivery,方案/p2/n5/case_071_multicore_res.json,unified_v2_best_known_replayed,ledger comparison; union not independently replayed
case_071,3,1,18919,17062,17062,17062,0,0,17062,0,team13,tie,1.108838354237487,1.108838354237487,1.108838354237487,1.108838354237487,0.0,0.0,A题研究/直接迭代/第六轮成果/方案/p3/n1/case_071_multicore_res.json,repository,方案/p3/n1/case_071_multicore_res.json,round6,ledger comparison; union not independently replayed
case_071,3,2,18919,10679,10679,10679,133732,133732,10679,133732,team13,tie,1.7716078284483565,1.7716078284483565,1.7716078284483565,1.7716078284483565,0.0,0.0,A题研究/直接迭代/第六轮成果/方案/p3/n2/case_071_multicore_res.json,repository,方案/p3/n2/case_071_multicore_res.json,round6,ledger comparison; union not independently replayed
case_071,3,3,18919,9521,9521,9177,257388,272428,9177,272428,team13,team13,1.9870811889507405,1.9870811889507405,2.061566960880462,2.061566960880462,0.0,3.6130658544270555,A题研究/直接迭代/第六轮成果/方案/p3/n3/case_071_multicore_res.json,repository,方案/p3/n3/case_071_multicore_res.json,round6,ledger comparison; union not independently replayed
case_071,3,4,18919,8463,8463,8463,302060,302060,8463,302060,team13,tie,2.2354956871085903,2.2354956871085903,2.2354956871085903,2.2354956871085903,0.0,0.0,A题研究/直接迭代/第六轮成果/方案/p3/n4/case_071_multicore_res.json,repository,方案/p3/n4/case_071_multicore_res.json,round6,ledger comparison; union not independently replayed
case_071,3,5,18919,7494,7473,7485,361106,344498,7473,361106,ours,ours,2.5245529757139042,2.531647263481868,2.5275885103540414,2.531647263481868,0.16032064128256307,-0.16057808109193328,新增精选方案/p3/n5/case_071_multicore_res.json,delivery,方案/p3/n5/case_071_multicore_res.json,unified_v2_best_known_replayed,ledger comparison; union not independently replayed
case_072,1,1,23897828,23450122,23151799,23450122,110610890,175833776,23151799,110610890,ours,ours,1.0190918409720853,1.0322233706330985,1.0190918409720853,1.0322233706330985,1.2721596928152445,-1.2885521336808425,新增精选方案/p1/n1/case_072_multicore_res.json,delivery,方案/p1/n1/case_072_multicore_res.json,unified_v2_best_known_replayed,ledger comparison; union not independently replayed
case_072,1,2,23897828,11587687,11587687,11587687,133786400,133786400,11587687,133786400,team13,tie,2.0623466961094135,2.0623466961094135,2.0623466961094135,2.0623466961094135,0.0,0.0,A题研究/直接迭代/第六轮成果/方案/p1/n2/case_072_multicore_res.json,repository,方案/p1/n2/case_072_multicore_res.json,round6,ledger comparison; union not independently replayed
case_072,1,3,23897828,7803551,7803551,7803551,160006832,160006832,7803551,160006832,team13,tie,3.062429911715833,3.062429911715833,3.062429911715833,3.062429911715833,0.0,0.0,A题研究/直接迭代/第六轮成果/方案/p1/n3/case_072_multicore_res.json,repository,方案/p1/n3/case_072_multicore_res.json,round6,ledger comparison; union not independently replayed
case_072,1,4,23897828,5841178,5841178,5841178,153652000,153652000,5841178,153652000,team13,tie,4.091268576304301,4.091268576304301,4.091268576304301,4.091268576304301,0.0,0.0,A题研究/直接迭代/第六轮成果/方案/p1/n4/case_072_multicore_res.json,repository,方案/p1/n4/case_072_multicore_res.json,round6,ledger comparison; union not independently replayed
case_072,1,5,23897828,4714200,4714200,4714200,154667808,154667808,4714200,154667808,team13,tie,5.069328412031734,5.069328412031734,5.069328412031734,5.069328412031734,0.0,0.0,A题研究/直接迭代/第六轮成果/方案/p1/n5/case_072_multicore_res.json,repository,方案/p1/n5/case_072_multicore_res.json,round6,ledger comparison; union not independently replayed
case_072,2,1,23897828,23897828,23718216,23897828,91789712,108613680,23718216,91789712,ours,ours,1.0,1.007572744931575,1.0,1.007572744931575,0.7515829472033997,-0.7572744931575004,新增精选方案/p2/n1/case_072_multicore_res.json,delivery,方案/p2/n1/case_072_multicore_res.json,unified_v2_best_known_replayed,ledger comparison; union not independently replayed
case_072,2,2,23897828,11789600,11789600,11789600,105091120,105091120,11789600,105091120,team13,tie,2.0270261925765083,2.0270261925765083,2.0270261925765083,2.0270261925765083,0.0,0.0,A题研究/直接迭代/第六轮成果/方案/p2/n2/case_072_multicore_res.json,repository,方案/p2/n2/case_072_multicore_res.json,round6,ledger comparison; union not independently replayed
case_072,2,3,23897828,7937183,7915818,7937183,117916336,116763424,7915818,117916336,ours,ours,3.0108702294000276,3.0189966469668708,3.0108702294000276,3.0189966469668708,0.26917610441891116,-0.2699026177711561,新增精选方案/p2/n3/case_072_multicore_res.json,delivery,方案/p2/n3/case_072_multicore_res.json,unified_v2_best_known_replayed,ledger comparison; union not independently replayed
case_072,2,4,23897828,5959314,5959314,5959314,123079600,123079600,5959314,123079600,team13,tie,4.010164257161143,4.010164257161143,4.010164257161143,4.010164257161143,0.0,0.0,A题研究/直接迭代/第六轮成果/方案/p2/n4/case_072_multicore_res.json,repository,方案/p2/n4/case_072_multicore_res.json,round6,ledger comparison; union not independently replayed
case_072,2,5,23897828,4806756,4806756,4806756,130830384,130830384,4806756,130830384,team13,tie,4.971716475727081,4.971716475727081,4.971716475727081,4.971716475727081,0.0,0.0,A题研究/直接迭代/第六轮成果/方案/p2/n5/case_072_multicore_res.json,repository,方案/p2/n5/case_072_multicore_res.json,round6,ledger comparison; union not independently replayed
case_072,3,1,23897828,23890756,23822009,23890756,83521584,108613680,23822009,83521584,ours,ours,1.000296014073393,1.0031827290469078,1.000296014073393,1.0031827290469078,0.28775564908870566,-0.28858607181283524,新增精选方案/p3/n1/case_072_multicore_res.json,delivery,方案/p3/n1/case_072_multicore_res.json,unified_v2_best_known_replayed,ledger comparison; union not independently replayed
case_072,3,2,23897828,11777495,11775412,11777495,105540384,105115696,11775412,105540384,ours,ours,2.029109585697128,2.02946852305465,2.029109585697128,2.02946852305465,0.017686273694028642,-0.017689402290121947,新增精选方案/p3/n2/case_072_multicore_res.json,delivery,方案/p3/n2/case_072_multicore_res.json,unified_v2_best_known_replayed,ledger comparison; union not independently replayed
case_072,3,3,23897828,7931579,7902885,7931579,119358128,116763424,7902885,119358128,ours,ours,3.0129975380690275,3.0239372077412234,3.0129975380690275,3.0239372077412234,0.361769075237095,-0.3630825957862127,新增精选方案/p3/n3/case_072_multicore_res.json,delivery,方案/p3/n3/case_072_multicore_res.json,unified_v2_best_known_replayed,ledger comparison; union not independently replayed
case_072,3,4,23897828,5951324,5951324,5951324,123079456,123079456,5951324,123079456,team13,tie,4.015548136851565,4.015548136851565,4.015548136851565,4.015548136851565,0.0,0.0,A题研究/直接迭代/第六轮成果/方案/p3/n4/case_072_multicore_res.json,repository,方案/p3/n4/case_072_multicore_res.json,round6,ledger comparison; union not independently replayed
case_072,3,5,23897828,4795217,4795217,4795217,130830384,130830384,4795217,130830384,team13,tie,4.983680196328967,4.983680196328967,4.983680196328967,4.983680196328967,0.0,0.0,A题研究/直接迭代/第六轮成果/方案/p3/n5/case_072_multicore_res.json,repository,方案/p3/n5/case_072_multicore_res.json,round6,ledger comparison; union not independently replayed
case_073,1,1,10081626,10133074,10133074,10133074,139772800,139772800,10133074,139772800,team13,tie,0.9949227647997044,0.9949227647997044,0.9949227647997044,0.9949227647997044,0.0,0.0,A题研究/直接迭代/第六轮成果/方案/p1/n1/case_073_multicore_res.json,repository,方案/p1/n1/case_073_multicore_res.json,round6,ledger comparison; union not independently replayed
case_073,1,2,10081626,5980423,5980423,5980423,141121024,141121024,5980423,141121024,team13,tie,1.6857713910872192,1.6857713910872192,1.6857713910872192,1.6857713910872192,0.0,0.0,A题研究/直接迭代/第六轮成果/方案/p1/n2/case_073_multicore_res.json,repository,方案/p1/n2/case_073_multicore_res.json,round6,ledger comparison; union not independently replayed
case_073,1,3,10081626,4515227,4515227,4515227,140671616,140671616,4515227,140671616,team13,tie,2.232806013961203,2.232806013961203,2.232806013961203,2.232806013961203,0.0,0.0,A题研究/直接迭代/第六轮成果/方案/p1/n3/case_073_multicore_res.json,repository,方案/p1/n3/case_073_multicore_res.json,round6,ledger comparison; union not independently replayed
case_073,1,4,10081626,3903787,3903787,3903787,140222208,140222208,3903787,140222208,team13,tie,2.5825246100773427,2.5825246100773427,2.5825246100773427,2.5825246100773427,0.0,0.0,A题研究/直接迭代/第六轮成果/方案/p1/n4/case_073_multicore_res.json,repository,方案/p1/n4/case_073_multicore_res.json,round6,ledger comparison; union not independently replayed
case_073,1,5,10081626,3517515,3420654,3218828,147850496,138985984,3218828,138985984,team13,team13,2.8661216796516857,2.947280256933323,3.132079750766428,3.132079750766428,0.0,5.900216742178543,新增精选方案/p1/n5/case_073_multicore_res.json,delivery,方案/p1/n5/case_073_multicore_res.json,unified_v2_best_known_replayed,ledger comparison; union not independently replayed
case_073,2,1,10081626,10081626,10081626,10081626,141570432,141570432,10081626,141570432,team13,tie,1.0,1.0,1.0,1.0,0.0,0.0,A题研究/直接迭代/第六轮成果/方案/p2/n1/case_073_multicore_res.json,repository,方案/p2/n1/case_073_multicore_res.json,round6,ledger comparison; union not independently replayed
case_073,2,2,10081626,4145658,4145658,4145658,10114688,10114688,4145658,10114688,team13,tie,2.431851831482481,2.431851831482481,2.431851831482481,2.431851831482481,0.0,0.0,A题研究/直接迭代/第六轮成果/方案/p2/n2/case_073_multicore_res.json,repository,方案/p2/n2/case_073_multicore_res.json,round6,ledger comparison; union not independently replayed
case_073,2,3,10081626,2863798,2863798,2863798,7443200,7443200,2863798,7443200,team13,tie,3.520369104245481,3.520369104245481,3.520369104245481,3.520369104245481,0.0,0.0,A题研究/直接迭代/第六轮成果/方案/p2/n3/case_073_multicore_res.json,repository,方案/p2/n3/case_073_multicore_res.json,round6,ledger comparison; union not independently replayed
case_073,2,4,10081626,2152516,2152516,2152516,19069056,19069056,2152516,19069056,team13,tie,4.68364741539668,4.68364741539668,4.68364741539668,4.68364741539668,0.0,0.0,A题研究/直接迭代/第六轮成果/方案/p2/n4/case_073_multicore_res.json,repository,方案/p2/n4/case_073_multicore_res.json,round6,ledger comparison; union not independently replayed
case_073,2,5,10081626,1792821,1792821,1792821,22805504,22805504,1792821,22805504,team13,tie,5.623331052012443,5.623331052012443,5.623331052012443,5.623331052012443,0.0,0.0,A题研究/直接迭代/第六轮成果/方案/p2/n5/case_073_multicore_res.json,repository,方案/p2/n5/case_073_multicore_res.json,round6,ledger comparison; union not independently replayed
case_073,3,1,10081626,10081626,10081626,10081626,141570432,141570432,10081626,141570432,team13,tie,1.0,1.0,1.0,1.0,0.0,0.0,A题研究/直接迭代/第六轮成果/方案/p3/n1/case_073_multicore_res.json,repository,方案/p3/n1/case_073_multicore_res.json,round6,ledger comparison; union not independently replayed
case_073,3,2,10081626,4137477,4137477,4137477,10114688,10114688,4137477,10114688,team13,tie,2.436660312552795,2.436660312552795,2.436660312552795,2.436660312552795,0.0,0.0,A题研究/直接迭代/第六轮成果/方案/p3/n2/case_073_multicore_res.json,repository,方案/p3/n2/case_073_multicore_res.json,round6,ledger comparison; union not independently replayed
case_073,3,3,10081626,2863798,2863798,2863798,7443200,7443200,2863798,7443200,team13,tie,3.520369104245481,3.520369104245481,3.520369104245481,3.520369104245481,0.0,0.0,A题研究/直接迭代/第六轮成果/方案/p3/n3/case_073_multicore_res.json,repository,方案/p3/n3/case_073_multicore_res.json,round6,ledger comparison; union not independently replayed
case_073,3,4,10081626,2120862,2120862,2120862,19694720,19694720,2120862,19694720,team13,tie,4.753551150428458,4.753551150428458,4.753551150428458,4.753551150428458,0.0,0.0,A题研究/直接迭代/第六轮成果/方案/p3/n4/case_073_multicore_res.json,repository,方案/p3/n4/case_073_multicore_res.json,round6,ledger comparison; union not independently replayed
case_073,3,5,10081626,1751868,1751868,1751868,22805504,22805504,1751868,22805504,team13,tie,5.7547863195172235,5.7547863195172235,5.7547863195172235,5.7547863195172235,0.0,0.0,A题研究/直接迭代/第六轮成果/方案/p3/n5/case_073_multicore_res.json,repository,方案/p3/n5/case_073_multicore_res.json,round6,ledger comparison; union not independently replayed
case_074,1,1,1682239,1672889,1672889,1672889,7536648,7536648,1672889,7536648,team13,tie,1.0055891335288833,1.0055891335288833,1.0055891335288833,1.0055891335288833,0.0,0.0,A题研究/直接迭代/第六轮成果/方案/p1/n1/case_074_multicore_res.json,repository,方案/p1/n1/case_074_multicore_res.json,round6,ledger comparison; union not independently replayed
case_074,1,2,1682239,826889,826300,826889,7245824,6168576,826300,7245824,ours,ours,2.034419371886674,2.0358695389083867,2.034419371886674,2.0358695389083867,0.07123084235005628,-0.07128161684617496,A题研究/直接迭代/闭环验证_20260925/精选方案/case_074_p1_n2.json,repository,方案/p1/n2/case_074_multicore_res.json,my_runs/iterative_holdout_b8_v1/case_074/n2/single/summary.json,ledger comparison; union not independently replayed
case_074,1,3,1682239,548347,548347,548347,7626752,7626752,548347,7626752,team13,tie,3.06783660711192,3.06783660711192,3.06783660711192,3.06783660711192,0.0,0.0,A题研究/直接迭代/第六轮成果/方案/p1/n3/case_074_multicore_res.json,repository,方案/p1/n3/case_074_multicore_res.json,round6,ledger comparison; union not independently replayed
case_074,1,4,1682239,423479,414388,423479,8101888,8101888,414388,8101888,ours,ours,3.9724260234864066,4.059574601581127,3.9724260234864066,4.059574601581127,2.146741632997151,-2.193837659391673,A题研究/直接迭代/闭环验证_20260925/精选方案/case_074_p1_n4.json,repository,方案/p1/n4/case_074_multicore_res.json,my_runs/iterative_holdout_b8_v1/case_074/n4/iterative/summary.json,ledger comparison; union not independently replayed
case_074,1,5,1682239,330675,330675,330675,8142848,8142848,330675,8142848,team13,tie,5.087288122779164,5.087288122779164,5.087288122779164,5.087288122779164,0.0,0.0,A题研究/直接迭代/第六轮成果/方案/p1/n5/case_074_multicore_res.json,repository,方案/p1/n5/case_074_multicore_res.json,round6,ledger comparison; union not independently replayed
case_074,2,1,1682239,1682239,1682239,1682239,6070280,6070280,1682239,6070280,team13,tie,1.0,1.0,1.0,1.0,0.0,0.0,A题研究/直接迭代/第六轮成果/方案/p2/n1/case_074_multicore_res.json,repository,方案/p2/n1/case_074_multicore_res.json,round6,ledger comparison; union not independently replayed
case_074,2,2,1682239,820615,820615,820615,6176768,6176768,820615,6176768,team13,tie,2.04997349548814,2.04997349548814,2.04997349548814,2.04997349548814,0.0,0.0,A题研究/直接迭代/第六轮成果/方案/p2/n2/case_074_multicore_res.json,repository,方案/p2/n2/case_074_multicore_res.json,round6,ledger comparison; union not independently replayed
case_074,2,3,1682239,545184,545184,545184,7626752,7626752,545184,7626752,team13,tie,3.0856353084463226,3.0856353084463226,3.0856353084463226,3.0856353084463226,0.0,0.0,A题研究/直接迭代/第六轮成果/方案/p2/n3/case_074_multicore_res.json,repository,方案/p2/n3/case_074_multicore_res.json,round6,ledger comparison; union not independently replayed
case_074,2,4,1682239,412510,412510,412510,7225348,7225348,412510,7225348,team13,tie,4.078056289544496,4.078056289544496,4.078056289544496,4.078056289544496,0.0,0.0,A题研究/直接迭代/第六轮成果/方案/p2/n4/case_074_multicore_res.json,repository,方案/p2/n4/case_074_multicore_res.json,round6,ledger comparison; union not independently replayed
case_074,2,5,1682239,331744,331744,327346,5619712,5636096,327346,5636096,team13,team13,5.070895027491077,5.070895027491077,5.139024151814899,5.139024151814899,0.0,1.3257210379087447,A题研究/直接迭代/第六轮成果/方案/p2/n5/case_074_multicore_res.json,repository,方案/p2/n5/case_074_multicore_res.json,round6,ledger comparison; union not independently replayed
case_074,3,1,1682239,1678120,1678120,1678120,6070280,6070280,1678120,6070280,team13,tie,1.002454532452983,1.002454532452983,1.002454532452983,1.002454532452983,0.0,0.0,A题研究/直接迭代/第六轮成果/方案/p3/n1/case_074_multicore_res.json,repository,方案/p3/n1/case_074_multicore_res.json,round6,ledger comparison; union not independently replayed
case_074,3,2,1682239,819556,819556,819556,6176768,6176768,819556,6176768,team13,tie,2.0526223955410003,2.0526223955410003,2.0526223955410003,2.0526223955410003,0.0,0.0,A题研究/直接迭代/第六轮成果/方案/p3/n2/case_074_multicore_res.json,repository,方案/p3/n2/case_074_multicore_res.json,round6,ledger comparison; union not independently replayed
case_074,3,3,1682239,543845,543845,543845,7626752,7626752,543845,7626752,team13,tie,3.0932324467449366,3.0932324467449366,3.0932324467449366,3.0932324467449366,0.0,0.0,A题研究/直接迭代/第六轮成果/方案/p3/n3/case_074_multicore_res.json,repository,方案/p3/n3/case_074_multicore_res.json,round6,ledger comparison; union not independently replayed
case_074,3,4,1682239,412345,412345,412345,7225348,7225348,412345,7225348,team13,tie,4.079688125234937,4.079688125234937,4.079688125234937,4.079688125234937,0.0,0.0,A题研究/直接迭代/第六轮成果/方案/p3/n4/case_074_multicore_res.json,repository,方案/p3/n4/case_074_multicore_res.json,round6,ledger comparison; union not independently replayed
case_074,3,5,1682239,329495,326695,324857,7864320,5636096,324857,5636096,team13,team13,5.105506912092748,5.149264604600622,5.178398495337949,5.178398495337949,0.0,0.562604263915889,新增精选方案/p3/n5/case_074_multicore_res.json,delivery,方案/p3/n5/case_074_multicore_res.json,unified_v2_best_known_replayed,ledger comparison; union not independently replayed
case_075,1,1,1441809,1436708,1436708,1436708,875304,875304,1436708,875304,team13,tie,1.0035504778980837,1.0035504778980837,1.0035504778980837,1.0035504778980837,0.0,0.0,A题研究/直接迭代/第六轮成果/方案/p1/n1/case_075_multicore_res.json,repository,方案/p1/n1/case_075_multicore_res.json,round6,ledger comparison; union not independently replayed
case_075,1,2,1441809,1436708,1436708,868958,875304,8082280,868958,8082280,team13,team13,1.0035504778980837,1.0035504778980837,1.6592389965913197,1.6592389965913197,0.0,39.51742455669489,A题研究/直接迭代/第六轮成果/方案/p1/n2/case_075_multicore_res.json,repository,方案/p1/n2/case_075_multicore_res.json,round6,ledger comparison; union not independently replayed
case_075,1,3,1441809,1436708,1436708,667406,875304,8839578,667406,8839578,team13,team13,1.0035504778980837,1.0035504778980837,2.1603177076622027,2.1603177076622027,0.0,53.54616247699602,A题研究/直接迭代/第六轮成果/方案/p1/n3/case_075_multicore_res.json,repository,方案/p1/n3/case_075_multicore_res.json,round6,ledger comparison; union not independently replayed
case_075,1,4,1441809,1436708,1436708,534068,875304,10475926,534068,10475926,team13,team13,1.0035504778980837,1.0035504778980837,2.699673075338721,2.699673075338721,0.0,62.82696275095565,A题研究/直接迭代/第六轮成果/方案/p1/n4/case_075_multicore_res.json,repository,方案/p1/n4/case_075_multicore_res.json,round6,ledger comparison; union not independently replayed
case_075,1,5,1441809,1322078,720755,478842,20569380,12535518,478842,12535518,team13,team13,1.0905627353302907,2.000414842769041,3.0110328667911337,3.0110328667911337,0.0,33.56383237022289,A题研究/直接迭代/闭环验证_20260925/下一阶段攻坚/重划实证_v1/精选方案/case_075_p1_n5.json,repository,方案/p1/n5/case_075_multicore_res.json,本轮开发重划,ledger comparison; union not independently replayed
case_075,2,1,1441809,1441809,1441809,1441809,0,0,1441809,0,team13,tie,1.0,1.0,1.0,1.0,0.0,0.0,A题研究/直接迭代/第六轮成果/方案/p2/n1/case_075_multicore_res.json,repository,方案/p2/n1/case_075_multicore_res.json,round6,ledger comparison; union not independently replayed
case_075,2,2,1441809,745608,745608,745608,3907972,3907972,745608,3907972,team13,tie,1.9337359577686934,1.9337359577686934,1.9337359577686934,1.9337359577686934,0.0,0.0,A题研究/直接迭代/第六轮成果/方案/p2/n2/case_075_multicore_res.json,repository,方案/p2/n2/case_075_multicore_res.json,round6,ledger comparison; union not independently replayed
case_075,2,3,1441809,563822,563822,563822,12172972,12172972,563822,12172972,team13,tie,2.5572059976375523,2.5572059976375523,2.5572059976375523,2.5572059976375523,0.0,0.0,A题研究/直接迭代/第六轮成果/方案/p2/n3/case_075_multicore_res.json,repository,方案/p2/n3/case_075_multicore_res.json,round6,ledger comparison; union not independently replayed
case_075,2,4,1441809,458423,458423,458423,7116882,7116882,458423,7116882,team13,tie,3.1451497852420145,3.1451497852420145,3.1451497852420145,3.1451497852420145,0.0,0.0,A题研究/直接迭代/第六轮成果/方案/p2/n4/case_075_multicore_res.json,repository,方案/p2/n4/case_075_multicore_res.json,round6,ledger comparison; union not independently replayed
case_075,2,5,1441809,392249,392249,392249,12764184,12764184,392249,12764184,team13,tie,3.6757493326942834,3.6757493326942834,3.6757493326942834,3.6757493326942834,0.0,0.0,A题研究/直接迭代/第六轮成果/方案/p2/n5/case_075_multicore_res.json,repository,方案/p2/n5/case_075_multicore_res.json,round6,ledger comparison; union not independently replayed
case_075,3,1,1441809,1441809,1441809,1441809,0,0,1441809,0,team13,tie,1.0,1.0,1.0,1.0,0.0,0.0,A题研究/直接迭代/第六轮成果/方案/p3/n1/case_075_multicore_res.json,repository,方案/p3/n1/case_075_multicore_res.json,round6,ledger comparison; union not independently replayed
case_075,3,2,1441809,745220,745220,745220,3907972,3907972,745220,3907972,team13,tie,1.9347427605270926,1.9347427605270926,1.9347427605270926,1.9347427605270926,0.0,0.0,A题研究/直接迭代/第六轮成果/方案/p3/n2/case_075_multicore_res.json,repository,方案/p3/n2/case_075_multicore_res.json,round6,ledger comparison; union not independently replayed
case_075,3,3,1441809,562643,562643,562643,12172972,12172972,562643,12172972,team13,tie,2.5625645391482696,2.5625645391482696,2.5625645391482696,2.5625645391482696,0.0,0.0,A题研究/直接迭代/第六轮成果/方案/p3/n3/case_075_multicore_res.json,repository,方案/p3/n3/case_075_multicore_res.json,round6,ledger comparison; union not independently replayed
case_075,3,4,1441809,455143,455143,455143,7116882,7116882,455143,7116882,team13,tie,3.1678153898884527,3.1678153898884527,3.1678153898884527,3.1678153898884527,0.0,0.0,A题研究/直接迭代/第六轮成果/方案/p3/n4/case_075_multicore_res.json,repository,方案/p3/n4/case_075_multicore_res.json,round6,ledger comparison; union not independently replayed
case_075,3,5,1441809,379091,379091,379091,12764184,12764184,379091,12764184,team13,tie,3.8033321814551124,3.8033321814551124,3.8033321814551124,3.8033321814551124,0.0,0.0,A题研究/直接迭代/第六轮成果/方案/p3/n5/case_075_multicore_res.json,repository,方案/p3/n5/case_075_multicore_res.json,round6,ledger comparison; union not independently replayed
case_076,1,1,6185113,6433423,6122549,6433423,50593792,74277888,6122549,50593792,ours,ours,0.9614031286299688,1.0102186197284824,0.9614031286299688,1.0102186197284824,4.83217099202089,-5.07752571682154,新增精选方案/p1/n1/case_076_multicore_res.json,delivery,方案/p1/n1/case_076_multicore_res.json,unified_v2_best_known_replayed,ledger comparison; union not independently replayed
case_076,1,2,6185113,3218778,3063226,3218778,50492416,74277888,3063226,50492416,ours,ours,1.9215717890454078,2.0191500725052607,1.9215717890454078,2.0191500725052607,4.832641455856845,-5.078045171985357,新增精选方案/p1/n2/case_076_multicore_res.json,delivery,方案/p1/n2/case_076_multicore_res.json,unified_v2_best_known_replayed,ledger comparison; union not independently replayed
case_076,1,3,6185113,2148577,2047233,2148577,51227648,74277888,2047233,51227648,ours,ours,2.878702043259329,3.021206184151975,2.878702043259329,3.021206184151975,4.716796279584113,-4.950291442156307,新增精选方案/p1/n3/case_076_multicore_res.json,delivery,方案/p1/n3/case_076_multicore_res.json,unified_v2_best_known_replayed,ledger comparison; union not independently replayed
case_076,1,4,6185113,1612294,1535415,1612294,52128768,74277888,1535415,52128768,ours,ours,3.83621907666964,4.028300492049381,3.83621907666964,4.028300492049381,4.768299081929229,-5.007050211180686,新增精选方案/p1/n4/case_076_multicore_res.json,delivery,方案/p1/n4/case_076_multicore_res.json,unified_v2_best_known_replayed,ledger comparison; union not independently replayed
case_076,1,5,6185113,1229020,1229020,1229020,38182912,38182912,1229020,38182912,team13,tie,5.0325568339001805,5.0325568339001805,5.0325568339001805,5.0325568339001805,0.0,0.0,A题研究/直接迭代/第六轮成果/方案/p1/n5/case_076_multicore_res.json,repository,方案/p1/n5/case_076_multicore_res.json,round6,ledger comparison; union not independently replayed
case_076,2,1,6185113,6185113,6185113,6185113,28280832,28280832,6185113,28280832,team13,tie,1.0,1.0,1.0,1.0,0.0,0.0,A题研究/直接迭代/第六轮成果/方案/p2/n1/case_076_multicore_res.json,repository,方案/p2/n1/case_076_multicore_res.json,round6,ledger comparison; union not independently replayed
case_076,2,2,6185113,3063348,3063348,3063348,29871104,29871104,3063348,29871104,team13,tie,2.0190696584260097,2.0190696584260097,2.0190696584260097,2.0190696584260097,0.0,0.0,A题研究/直接迭代/第六轮成果/方案/p2/n2/case_076_multicore_res.json,repository,方案/p2/n2/case_076_multicore_res.json,round6,ledger comparison; union not independently replayed
case_076,2,3,6185113,2045432,2045432,2045432,32451584,32451584,2045432,32451584,team13,tie,3.0238663519491236,3.0238663519491236,3.0238663519491236,3.0238663519491236,0.0,0.0,A题研究/直接迭代/第六轮成果/方案/p2/n3/case_076_multicore_res.json,repository,方案/p2/n3/case_076_multicore_res.json,round6,ledger comparison; union not independently replayed
case_076,2,4,6185113,1533060,1533060,1533060,33171456,33171456,1533060,33171456,team13,tie,4.034488539261346,4.034488539261346,4.034488539261346,4.034488539261346,0.0,0.0,A题研究/直接迭代/第六轮成果/方案/p2/n4/case_076_multicore_res.json,repository,方案/p2/n4/case_076_multicore_res.json,round6,ledger comparison; union not independently replayed
case_076,2,5,6185113,1232186,1232186,1231756,33310720,35959808,1231756,35959808,team13,team13,5.01962609541092,5.01962609541092,5.021378422349881,5.021378422349881,0.0,0.034897328812366624,A题研究/直接迭代/第六轮成果/方案/p2/n5/case_076_multicore_res.json,repository,方案/p2/n5/case_076_multicore_res.json,round6,ledger comparison; union not independently replayed
case_076,3,1,6185113,6183098,6126965,6183098,16629760,28280832,6126965,16629760,ours,ours,1.0003258884138664,1.0094905063110367,1.0003258884138664,1.0094905063110367,0.9078458727324046,-0.9161632227375316,新增精选方案/p3/n1/case_076_multicore_res.json,delivery,方案/p3/n1/case_076_multicore_res.json,unified_v2_best_known_replayed,ledger comparison; union not independently replayed
case_076,3,2,6185113,3061439,3061439,3061439,29871104,29871104,3061439,29871104,team13,tie,2.020328675501945,2.020328675501945,2.020328675501945,2.020328675501945,0.0,0.0,A题研究/直接迭代/第六轮成果/方案/p3/n2/case_076_multicore_res.json,repository,方案/p3/n2/case_076_multicore_res.json,round6,ledger comparison; union not independently replayed
case_076,3,3,6185113,2044010,2044010,2044010,32451584,32451584,2044010,32451584,team13,tie,3.0259700295008343,3.0259700295008343,3.0259700295008343,3.0259700295008343,0.0,0.0,A题研究/直接迭代/第六轮成果/方案/p3/n3/case_076_multicore_res.json,repository,方案/p3/n3/case_076_multicore_res.json,round6,ledger comparison; union not independently replayed
case_076,3,4,6185113,1530771,1530771,1530771,33171456,33171456,1530771,33171456,team13,tie,4.040521410452641,4.040521410452641,4.040521410452641,4.040521410452641,0.0,0.0,A题研究/直接迭代/第六轮成果/方案/p3/n4/case_076_multicore_res.json,repository,方案/p3/n4/case_076_multicore_res.json,round6,ledger comparison; union not independently replayed
case_076,3,5,6185113,1229998,1223447,1225408,18843648,38180864,1223447,18843648,ours,ours,5.028555330984278,5.055480948500425,5.047390746592155,5.055480948500425,0.16002833342038114,-0.1602848345698682,新增精选方案/p3/n5/case_076_multicore_res.json,delivery,方案/p3/n5/case_076_multicore_res.json,unified_v2_best_known_replayed,ledger comparison; union not independently replayed
case_077,1,1,495320,496124,496124,496124,173148,173148,496124,173148,team13,tie,0.9983794373987148,0.9983794373987148,0.9983794373987148,0.9983794373987148,0.0,0.0,A题研究/直接迭代/第六轮成果/方案/p1/n1/case_077_multicore_res.json,repository,方案/p1/n1/case_077_multicore_res.json,round6,ledger comparison; union not independently replayed
case_077,1,2,495320,246965,246965,246965,172032,172032,246965,172032,team13,tie,2.0056283279007148,2.0056283279007148,2.0056283279007148,2.0056283279007148,0.0,0.0,A题研究/直接迭代/第六轮成果/方案/p1/n2/case_077_multicore_res.json,repository,方案/p1/n2/case_077_multicore_res.json,round6,ledger comparison; union not independently replayed
case_077,1,3,495320,177148,177148,177148,286720,286720,177148,286720,team13,tie,2.7960801138031477,2.7960801138031477,2.7960801138031477,2.7960801138031477,0.0,0.0,A题研究/直接迭代/第六轮成果/方案/p1/n3/case_077_multicore_res.json,repository,方案/p1/n3/case_077_multicore_res.json,round6,ledger comparison; union not independently replayed
case_077,1,4,495320,144734,144734,144734,172032,172032,144734,172032,team13,tie,3.4222781101883455,3.4222781101883455,3.4222781101883455,3.4222781101883455,0.0,0.0,A题研究/直接迭代/第六轮成果/方案/p1/n4/case_077_multicore_res.json,repository,方案/p1/n4/case_077_multicore_res.json,round6,ledger comparison; union not independently replayed
case_077,1,5,495320,119429,119125,119429,1463442,401408,119125,1463442,ours,ours,4.14740138492326,4.157985309548793,4.14740138492326,4.157985309548793,0.25454454110810376,-0.25519412381951323,新增精选方案/p1/n5/case_077_multicore_res.json,delivery,方案/p1/n5/case_077_multicore_res.json,unified_v2_best_known_replayed,ledger comparison; union not independently replayed
case_077,2,1,495320,495320,495320,495320,0,0,495320,0,team13,tie,1.0,1.0,1.0,1.0,0.0,0.0,A题研究/直接迭代/第六轮成果/方案/p2/n1/case_077_multicore_res.json,repository,方案/p2/n1/case_077_multicore_res.json,round6,ledger comparison; union not independently replayed
case_077,2,2,495320,244870,244870,244870,57344,57344,244870,57344,team13,tie,2.0227876015845143,2.0227876015845143,2.0227876015845143,2.0227876015845143,0.0,0.0,A题研究/直接迭代/第六轮成果/方案/p2/n2/case_077_multicore_res.json,repository,方案/p2/n2/case_077_multicore_res.json,round6,ledger comparison; union not independently replayed
case_077,2,3,495320,173746,173746,173746,114688,114688,173746,114688,team13,tie,2.8508282205057958,2.8508282205057958,2.8508282205057958,2.8508282205057958,0.0,0.0,A题研究/直接迭代/第六轮成果/方案/p2/n3/case_077_multicore_res.json,repository,方案/p2/n3/case_077_multicore_res.json,round6,ledger comparison; union not independently replayed
case_077,2,4,495320,133684,133684,133684,598016,598016,133684,598016,team13,tie,3.705155441189671,3.705155441189671,3.705155441189671,3.705155441189671,0.0,0.0,A题研究/直接迭代/第六轮成果/方案/p2/n4/case_077_multicore_res.json,repository,方案/p2/n4/case_077_multicore_res.json,round6,ledger comparison; union not independently replayed
case_077,2,5,495320,114545,114545,110038,172032,172032,110038,172032,team13,team13,4.324239381902309,4.324239381902309,4.501354077682255,4.501354077682255,0.0,3.934698153564098,A题研究/直接迭代/第六轮成果/方案/p2/n5/case_077_multicore_res.json,repository,方案/p2/n5/case_077_multicore_res.json,round6,ledger comparison; union not independently replayed
case_077,3,1,495320,495320,495320,495320,0,0,495320,0,team13,tie,1.0,1.0,1.0,1.0,0.0,0.0,A题研究/直接迭代/第六轮成果/方案/p3/n1/case_077_multicore_res.json,repository,方案/p3/n1/case_077_multicore_res.json,round6,ledger comparison; union not independently replayed
case_077,3,2,495320,244870,244870,244870,57344,57344,244870,57344,team13,tie,2.0227876015845143,2.0227876015845143,2.0227876015845143,2.0227876015845143,0.0,0.0,A题研究/直接迭代/第六轮成果/方案/p3/n2/case_077_multicore_res.json,repository,方案/p3/n2/case_077_multicore_res.json,round6,ledger comparison; union not independently replayed
case_077,3,3,495320,173746,173746,173746,114688,114688,173746,114688,team13,tie,2.8508282205057958,2.8508282205057958,2.8508282205057958,2.8508282205057958,0.0,0.0,A题研究/直接迭代/第六轮成果/方案/p3/n3/case_077_multicore_res.json,repository,方案/p3/n3/case_077_multicore_res.json,round6,ledger comparison; union not independently replayed
case_077,3,4,495320,133491,133491,133491,598016,598016,133491,598016,team13,tie,3.7105123191825666,3.7105123191825666,3.7105123191825666,3.7105123191825666,0.0,0.0,A题研究/直接迭代/第六轮成果/方案/p3/n4/case_077_multicore_res.json,repository,方案/p3/n4/case_077_multicore_res.json,round6,ledger comparison; union not independently replayed
case_077,3,5,495320,114545,109574,110038,172032,172032,109574,172032,ours,ours,4.324239381902309,4.520415427017358,4.501354077682255,4.520415427017358,0.4216725131318322,-0.42345811962691826,新增精选方案/p3/n5/case_077_multicore_res.json,delivery,方案/p3/n5/case_077_multicore_res.json,unified_v2_best_known_replayed,ledger comparison; union not independently replayed
case_078,1,1,2296143,2296143,2296143,2296143,12644568,12644568,2296143,12644568,team13,tie,1.0,1.0,1.0,1.0,0.0,0.0,A题研究/直接迭代/第六轮成果/方案/p1/n1/case_078_multicore_res.json,repository,方案/p1/n1/case_078_multicore_res.json,round6,ledger comparison; union not independently replayed
case_078,1,2,2296143,1080972,1080972,1080972,15039360,15039360,1080972,15039360,team13,tie,2.1241466013920807,2.1241466013920807,2.1241466013920807,2.1241466013920807,0.0,0.0,A题研究/直接迭代/第六轮成果/方案/p1/n2/case_078_multicore_res.json,repository,方案/p1/n2/case_078_multicore_res.json,round6,ledger comparison; union not independently replayed
case_078,1,3,2296143,850256,850256,850256,15039360,15039360,850256,15039360,team13,tie,2.7005313693758115,2.7005313693758115,2.7005313693758115,2.7005313693758115,0.0,0.0,A题研究/直接迭代/第六轮成果/方案/p1/n3/case_078_multicore_res.json,repository,方案/p1/n3/case_078_multicore_res.json,round6,ledger comparison; union not independently replayed
case_078,1,4,2296143,619540,619540,619540,15039360,15039360,619540,15039360,team13,tie,3.706206217516222,3.706206217516222,3.706206217516222,3.706206217516222,0.0,0.0,A题研究/直接迭代/第六轮成果/方案/p1/n4/case_078_multicore_res.json,repository,方案/p1/n4/case_078_multicore_res.json,round6,ledger comparison; union not independently replayed
case_078,1,5,2296143,619540,553407,619540,15862656,15039360,553407,15862656,ours,ours,3.706206217516222,4.149103643430603,3.706206217516222,4.149103643430603,10.674532717822904,-11.950156033443736,新增精选方案/p1/n5/case_078_multicore_res.json,delivery,方案/p1/n5/case_078_multicore_res.json,unified_v2_best_known_replayed,ledger comparison; union not independently replayed
case_078,2,1,2296143,2296143,2296143,2296143,12644568,12644568,2296143,12644568,team13,tie,1.0,1.0,1.0,1.0,0.0,0.0,A题研究/直接迭代/第六轮成果/方案/p2/n1/case_078_multicore_res.json,repository,方案/p2/n1/case_078_multicore_res.json,round6,ledger comparison; union not independently replayed
case_078,2,2,2296143,1029517,1029517,1029517,2910336,2910336,1029517,2910336,team13,tie,2.2303109127872585,2.2303109127872585,2.2303109127872585,2.2303109127872585,0.0,0.0,A题研究/直接迭代/第六轮成果/方案/p2/n2/case_078_multicore_res.json,repository,方案/p2/n2/case_078_multicore_res.json,round6,ledger comparison; union not independently replayed
case_078,2,3,2296143,691742,691742,691742,8567040,8567040,691742,8567040,team13,tie,3.31936328862495,3.31936328862495,3.31936328862495,3.31936328862495,0.0,0.0,A题研究/直接迭代/第六轮成果/方案/p2/n3/case_078_multicore_res.json,repository,方案/p2/n3/case_078_multicore_res.json,round6,ledger comparison; union not independently replayed
case_078,2,4,2296143,517385,517385,517385,7595328,7595328,517385,7595328,team13,tie,4.437977521574843,4.437977521574843,4.437977521574843,4.437977521574843,0.0,0.0,A题研究/直接迭代/第六轮成果/方案/p2/n4/case_078_multicore_res.json,repository,方案/p2/n4/case_078_multicore_res.json,round6,ledger comparison; union not independently replayed
case_078,2,5,2296143,488618,469283,488618,11867136,14085120,469283,11867136,ours,ours,4.699259953583372,4.892874875075381,4.699259953583372,4.892874875075381,3.957078945106407,-4.120115154395099,新增精选方案/p2/n5/case_078_multicore_res.json,delivery,方案/p2/n5/case_078_multicore_res.json,unified_v2_best_known_replayed,ledger comparison; union not independently replayed
case_078,3,1,2296143,2296143,2296143,2296143,12644568,12644568,2296143,12644568,team13,tie,1.0,1.0,1.0,1.0,0.0,0.0,A题研究/直接迭代/第六轮成果/方案/p3/n1/case_078_multicore_res.json,repository,方案/p3/n1/case_078_multicore_res.json,round6,ledger comparison; union not independently replayed
case_078,3,2,2296143,1029517,1029517,1029517,2910336,2910336,1029517,2910336,team13,tie,2.2303109127872585,2.2303109127872585,2.2303109127872585,2.2303109127872585,0.0,0.0,A题研究/直接迭代/第六轮成果/方案/p3/n2/case_078_multicore_res.json,repository,方案/p3/n2/case_078_multicore_res.json,round6,ledger comparison; union not independently replayed
case_078,3,3,2296143,691338,691338,691338,8567040,8567040,691338,8567040,team13,tie,3.3213030384558637,3.3213030384558637,3.3213030384558637,3.3213030384558637,0.0,0.0,A题研究/直接迭代/第六轮成果/方案/p3/n3/case_078_multicore_res.json,repository,方案/p3/n3/case_078_multicore_res.json,round6,ledger comparison; union not independently replayed
case_078,3,4,2296143,515912,515912,515912,7595328,7595328,515912,7595328,team13,tie,4.450648560219572,4.450648560219572,4.450648560219572,4.450648560219572,0.0,0.0,A题研究/直接迭代/第六轮成果/方案/p3/n4/case_078_multicore_res.json,repository,方案/p3/n4/case_078_multicore_res.json,round6,ledger comparison; union not independently replayed
case_078,3,5,2296143,459213,454208,459213,11867136,13757952,454208,11867136,ours,ours,5.000169855818542,5.055267630689023,5.000169855818542,5.055267630689023,1.0899081689760504,-1.101918063970686,新增精选方案/p3/n5/case_078_multicore_res.json,delivery,方案/p3/n5/case_078_multicore_res.json,unified_v2_best_known_replayed,ledger comparison; union not independently replayed
case_079,1,1,31052251,29441984,29441984,29441984,40415232,40415232,29441984,40415232,team13,tie,1.0546928834687228,1.0546928834687228,1.0546928834687228,1.0546928834687228,0.0,0.0,A题研究/直接迭代/第六轮成果/方案/p1/n1/case_079_multicore_res.json,repository,方案/p1/n1/case_079_multicore_res.json,round6,ledger comparison; union not independently replayed
case_079,1,2,31052251,14893820,14893820,14893820,91508736,91508736,14893820,91508736,team13,tie,2.0849084385335663,2.0849084385335663,2.0849084385335663,2.0849084385335663,0.0,0.0,A题研究/直接迭代/第六轮成果/方案/p1/n2/case_079_multicore_res.json,repository,方案/p1/n2/case_079_multicore_res.json,round6,ledger comparison; union not independently replayed
case_079,1,3,31052251,9965372,9965372,9965372,91508736,91508736,9965372,91508736,team13,tie,3.116015237564639,3.116015237564639,3.116015237564639,3.116015237564639,0.0,0.0,A题研究/直接迭代/第六轮成果/方案/p1/n3/case_079_multicore_res.json,repository,方案/p1/n3/case_079_multicore_res.json,round6,ledger comparison; union not independently replayed
case_079,1,4,31052251,7501148,7501148,7501148,91508736,91508736,7501148,91508736,team13,tie,4.1396664883828445,4.1396664883828445,4.1396664883828445,4.1396664883828445,0.0,0.0,A题研究/直接迭代/第六轮成果/方案/p1/n4/case_079_multicore_res.json,repository,方案/p1/n4/case_079_multicore_res.json,round6,ledger comparison; union not independently replayed
case_079,1,5,31052251,6056359,6056359,6056359,37085184,37085184,6056359,37085184,team13,tie,5.12721438739018,5.12721438739018,5.12721438739018,5.12721438739018,0.0,0.0,A题研究/直接迭代/第六轮成果/方案/p1/n5/case_079_multicore_res.json,repository,方案/p1/n5/case_079_multicore_res.json,round6,ledger comparison; union not independently replayed
case_079,2,1,31052251,31052251,31052251,31052251,32448512,32448512,31052251,32448512,team13,tie,1.0,1.0,1.0,1.0,0.0,0.0,A题研究/直接迭代/第六轮成果/方案/p2/n1/case_079_multicore_res.json,repository,方案/p2/n1/case_079_multicore_res.json,round6,ledger comparison; union not independently replayed
case_079,2,2,31052251,15446486,15446486,15446486,31780864,31780864,15446486,31780864,team13,tie,2.010311665708304,2.010311665708304,2.010311665708304,2.010311665708304,0.0,0.0,A题研究/直接迭代/第六轮成果/方案/p2/n2/case_079_multicore_res.json,repository,方案/p2/n2/case_079_multicore_res.json,round6,ledger comparison; union not independently replayed
case_079,2,3,31052251,10178800,10178800,10178800,39981056,39981056,10178800,39981056,team13,tie,3.050678960191771,3.050678960191771,3.050678960191771,3.050678960191771,0.0,0.0,A题研究/直接迭代/第六轮成果/方案/p2/n3/case_079_multicore_res.json,repository,方案/p2/n3/case_079_multicore_res.json,round6,ledger comparison; union not independently replayed
case_079,2,4,31052251,7635624,7635624,7635624,30445568,30445568,7635624,30445568,team13,tie,4.066760097144647,4.066760097144647,4.066760097144647,4.066760097144647,0.0,0.0,A题研究/直接迭代/第六轮成果/方案/p2/n4/case_079_multicore_res.json,repository,方案/p2/n4/case_079_multicore_res.json,round6,ledger comparison; union not independently replayed
case_079,2,5,31052251,6008220,6008220,6002829,38438912,38426624,6002829,38426624,team13,team13,5.168294603060474,5.168294603060474,5.172936127282653,5.172936127282653,0.0,0.0897270739087408,A题研究/直接迭代/第六轮成果/方案/p2/n5/case_079_multicore_res.json,repository,方案/p2/n5/case_079_multicore_res.json,round6,ledger comparison; union not independently replayed
case_079,3,1,31052251,31052251,31052251,31052251,32448512,32448512,31052251,32448512,team13,tie,1.0,1.0,1.0,1.0,0.0,0.0,A题研究/直接迭代/第六轮成果/方案/p3/n1/case_079_multicore_res.json,repository,方案/p3/n1/case_079_multicore_res.json,round6,ledger comparison; union not independently replayed
case_079,3,2,31052251,15446486,15446486,15446486,31780864,31780864,15446486,31780864,team13,tie,2.010311665708304,2.010311665708304,2.010311665708304,2.010311665708304,0.0,0.0,A题研究/直接迭代/第六轮成果/方案/p3/n2/case_079_multicore_res.json,repository,方案/p3/n2/case_079_multicore_res.json,round6,ledger comparison; union not independently replayed
case_079,3,3,31052251,10174866,10174866,10174866,39981056,39981056,10174866,39981056,team13,tie,3.051858471649651,3.051858471649651,3.051858471649651,3.051858471649651,0.0,0.0,A题研究/直接迭代/第六轮成果/方案/p3/n3/case_079_multicore_res.json,repository,方案/p3/n3/case_079_multicore_res.json,round6,ledger comparison; union not independently replayed
case_079,3,4,31052251,7635624,7635624,7635624,30445568,30445568,7635624,30445568,team13,tie,4.066760097144647,4.066760097144647,4.066760097144647,4.066760097144647,0.0,0.0,A题研究/直接迭代/第六轮成果/方案/p3/n4/case_079_multicore_res.json,repository,方案/p3/n4/case_079_multicore_res.json,round6,ledger comparison; union not independently replayed
case_079,3,5,31052251,6007100,5992556,6001928,39710720,38426624,5992556,39710720,ours,ours,5.169258211116845,5.181804058234917,5.173712680325389,5.181804058234917,0.15614982385659948,-0.15639403286344944,新增精选方案/p3/n5/case_079_multicore_res.json,delivery,方案/p3/n5/case_079_multicore_res.json,unified_v2_best_known_replayed,ledger comparison; union not independently replayed
case_080,1,1,292138,292124,292124,292124,1048576,1048576,292124,1048576,team13,tie,1.0000479248538292,1.0000479248538292,1.0000479248538292,1.0000479248538292,0.0,0.0,A题研究/直接迭代/第六轮成果/方案/p1/n1/case_080_multicore_res.json,repository,方案/p1/n1/case_080_multicore_res.json,round6,ledger comparison; union not independently replayed
case_080,1,2,292138,145926,145926,145926,2191360,2191360,145926,2191360,team13,tie,2.0019598974822856,2.0019598974822856,2.0019598974822856,2.0019598974822856,0.0,0.0,A题研究/直接迭代/第六轮成果/方案/p1/n2/case_080_multicore_res.json,repository,方案/p1/n2/case_080_multicore_res.json,round6,ledger comparison; union not independently replayed
case_080,1,3,292138,100325,100325,100325,3047424,3047424,100325,3047424,team13,tie,2.9119162721156244,2.9119162721156244,2.9119162721156244,2.9119162721156244,0.0,0.0,A题研究/直接迭代/第六轮成果/方案/p1/n3/case_080_multicore_res.json,repository,方案/p1/n3/case_080_multicore_res.json,round6,ledger comparison; union not independently replayed
case_080,1,4,292138,95868,95868,95868,2793472,2793472,95868,2793472,team13,tie,3.047294196186423,3.047294196186423,3.047294196186423,3.047294196186423,0.0,0.0,A题研究/直接迭代/第六轮成果/方案/p1/n4/case_080_multicore_res.json,repository,方案/p1/n4/case_080_multicore_res.json,round6,ledger comparison; union not independently replayed
case_080,1,5,292138,95868,95868,95868,2793472,2793472,95868,2793472,team13,tie,3.047294196186423,3.047294196186423,3.047294196186423,3.047294196186423,0.0,0.0,A题研究/直接迭代/第六轮成果/方案/p1/n5/case_080_multicore_res.json,repository,方案/p1/n5/case_080_multicore_res.json,round6,ledger comparison; union not independently replayed
case_080,2,1,292138,292138,292138,292138,548864,548864,292138,548864,team13,tie,1.0,1.0,1.0,1.0,0.0,0.0,A题研究/直接迭代/第六轮成果/方案/p2/n1/case_080_multicore_res.json,repository,方案/p2/n1/case_080_multicore_res.json,round6,ledger comparison; union not independently replayed
case_080,2,2,292138,145926,145926,145926,2191360,2191360,145926,2191360,team13,tie,2.0019598974822856,2.0019598974822856,2.0019598974822856,2.0019598974822856,0.0,0.0,A题研究/直接迭代/第六轮成果/方案/p2/n2/case_080_multicore_res.json,repository,方案/p2/n2/case_080_multicore_res.json,round6,ledger comparison; union not independently replayed
case_080,2,3,292138,100325,100325,100325,3047424,3047424,100325,3047424,team13,tie,2.9119162721156244,2.9119162721156244,2.9119162721156244,2.9119162721156244,0.0,0.0,A题研究/直接迭代/第六轮成果/方案/p2/n3/case_080_multicore_res.json,repository,方案/p2/n3/case_080_multicore_res.json,round6,ledger comparison; union not independently replayed
case_080,2,4,292138,90653,90653,90653,1650688,1650688,90653,1650688,team13,tie,3.2225960530815305,3.2225960530815305,3.2225960530815305,3.2225960530815305,0.0,0.0,A题研究/直接迭代/第六轮成果/方案/p2/n4/case_080_multicore_res.json,repository,方案/p2/n4/case_080_multicore_res.json,round6,ledger comparison; union not independently replayed
case_080,2,5,292138,79721,79721,79721,2109440,2109440,79721,2109440,team13,tie,3.6645049610516676,3.6645049610516676,3.6645049610516676,3.6645049610516676,0.0,0.0,A题研究/直接迭代/第六轮成果/方案/p2/n5/case_080_multicore_res.json,repository,方案/p2/n5/case_080_multicore_res.json,round6,ledger comparison; union not independently replayed
case_080,3,1,292138,291826,291826,291826,548864,548864,291826,548864,team13,tie,1.0010691302351402,1.0010691302351402,1.0010691302351402,1.0010691302351402,0.0,0.0,A题研究/直接迭代/第六轮成果/方案/p3/n1/case_080_multicore_res.json,repository,方案/p3/n1/case_080_multicore_res.json,round6,ledger comparison; union not independently replayed
case_080,3,2,292138,145674,145674,145674,2191360,2191360,145674,2191360,team13,tie,2.005423067946236,2.005423067946236,2.005423067946236,2.005423067946236,0.0,0.0,A题研究/直接迭代/第六轮成果/方案/p3/n2/case_080_multicore_res.json,repository,方案/p3/n2/case_080_multicore_res.json,round6,ledger comparison; union not independently replayed
case_080,3,3,292138,100325,100325,100325,3047424,3047424,100325,3047424,team13,tie,2.9119162721156244,2.9119162721156244,2.9119162721156244,2.9119162721156244,0.0,0.0,A题研究/直接迭代/第六轮成果/方案/p3/n3/case_080_multicore_res.json,repository,方案/p3/n3/case_080_multicore_res.json,round6,ledger comparison; union not independently replayed
case_080,3,4,292138,90143,90143,90143,4190208,4190208,90143,4190208,team13,tie,3.2408284614445937,3.2408284614445937,3.2408284614445937,3.2408284614445937,0.0,0.0,A题研究/直接迭代/第六轮成果/方案/p3/n4/case_080_multicore_res.json,repository,方案/p3/n4/case_080_multicore_res.json,round6,ledger comparison; union not independently replayed
case_080,3,5,292138,75051,74411,75051,4255744,2109440,74411,4255744,ours,ours,3.892526415370881,3.92600556369354,3.892526415370881,3.92600556369354,0.8527534609798715,-0.860087890231287,新增精选方案/p3/n5/case_080_multicore_res.json,delivery,方案/p3/n5/case_080_multicore_res.json,unified_v2_best_known_replayed,ledger comparison; union not independently replayed
case_081,1,1,151795,152305,152305,152305,0,0,152305,0,team13,tie,0.9966514559600801,0.9966514559600801,0.9966514559600801,0.9966514559600801,0.0,0.0,A题研究/直接迭代/第六轮成果/方案/p1/n1/case_081_multicore_res.json,repository,方案/p1/n1/case_081_multicore_res.json,round6,ledger comparison; union not independently replayed
case_081,1,2,151795,76860,76860,76860,0,0,76860,0,team13,tie,1.9749544626593807,1.9749544626593807,1.9749544626593807,1.9749544626593807,0.0,0.0,A题研究/直接迭代/第六轮成果/方案/p1/n2/case_081_multicore_res.json,repository,方案/p1/n2/case_081_multicore_res.json,round6,ledger comparison; union not independently replayed
case_081,1,3,151795,51943,51943,51943,0,0,51943,0,team13,tie,2.9223379473653814,2.9223379473653814,2.9223379473653814,2.9223379473653814,0.0,0.0,A题研究/直接迭代/第六轮成果/方案/p1/n3/case_081_multicore_res.json,repository,方案/p1/n3/case_081_multicore_res.json,round6,ledger comparison; union not independently replayed
case_081,1,4,151795,39588,39588,39588,0,0,39588,0,team13,tie,3.834369000707285,3.834369000707285,3.834369000707285,3.834369000707285,0.0,0.0,A题研究/直接迭代/第六轮成果/方案/p1/n4/case_081_multicore_res.json,repository,方案/p1/n4/case_081_multicore_res.json,round6,ledger comparison; union not independently replayed
case_081,1,5,151795,30943,30943,30943,0,0,30943,0,team13,tie,4.905632937982743,4.905632937982743,4.905632937982743,4.905632937982743,0.0,0.0,A题研究/直接迭代/第六轮成果/方案/p1/n5/case_081_multicore_res.json,repository,方案/p1/n5/case_081_multicore_res.json,round6,ledger comparison; union not independently replayed
case_081,2,1,151795,151795,151795,151795,0,0,151795,0,team13,tie,1.0,1.0,1.0,1.0,0.0,0.0,A题研究/直接迭代/第六轮成果/方案/p2/n1/case_081_multicore_res.json,repository,方案/p2/n1/case_081_multicore_res.json,round6,ledger comparison; union not independently replayed
case_081,2,2,151795,76860,76860,76860,0,0,76860,0,team13,tie,1.9749544626593807,1.9749544626593807,1.9749544626593807,1.9749544626593807,0.0,0.0,A题研究/直接迭代/第六轮成果/方案/p2/n2/case_081_multicore_res.json,repository,方案/p2/n2/case_081_multicore_res.json,round6,ledger comparison; union not independently replayed
case_081,2,3,151795,51943,51943,51943,0,0,51943,0,team13,tie,2.9223379473653814,2.9223379473653814,2.9223379473653814,2.9223379473653814,0.0,0.0,A题研究/直接迭代/第六轮成果/方案/p2/n3/case_081_multicore_res.json,repository,方案/p2/n3/case_081_multicore_res.json,round6,ledger comparison; union not independently replayed
case_081,2,4,151795,39588,39588,39588,0,0,39588,0,team13,tie,3.834369000707285,3.834369000707285,3.834369000707285,3.834369000707285,0.0,0.0,A题研究/直接迭代/第六轮成果/方案/p2/n4/case_081_multicore_res.json,repository,方案/p2/n4/case_081_multicore_res.json,round6,ledger comparison; union not independently replayed
case_081,2,5,151795,30943,30943,30943,0,0,30943,0,team13,tie,4.905632937982743,4.905632937982743,4.905632937982743,4.905632937982743,0.0,0.0,A题研究/直接迭代/第六轮成果/方案/p2/n5/case_081_multicore_res.json,repository,方案/p2/n5/case_081_multicore_res.json,round6,ledger comparison; union not independently replayed
case_081,3,1,151795,151795,151795,151795,0,0,151795,0,team13,tie,1.0,1.0,1.0,1.0,0.0,0.0,A题研究/直接迭代/第六轮成果/方案/p3/n1/case_081_multicore_res.json,repository,方案/p3/n1/case_081_multicore_res.json,round6,ledger comparison; union not independently replayed
case_081,3,2,151795,76860,76860,76860,0,0,76860,0,team13,tie,1.9749544626593807,1.9749544626593807,1.9749544626593807,1.9749544626593807,0.0,0.0,A题研究/直接迭代/第六轮成果/方案/p3/n2/case_081_multicore_res.json,repository,方案/p3/n2/case_081_multicore_res.json,round6,ledger comparison; union not independently replayed
case_081,3,3,151795,51943,51943,51943,0,0,51943,0,team13,tie,2.9223379473653814,2.9223379473653814,2.9223379473653814,2.9223379473653814,0.0,0.0,A题研究/直接迭代/第六轮成果/方案/p3/n3/case_081_multicore_res.json,repository,方案/p3/n3/case_081_multicore_res.json,round6,ledger comparison; union not independently replayed
case_081,3,4,151795,39588,39588,39588,0,0,39588,0,team13,tie,3.834369000707285,3.834369000707285,3.834369000707285,3.834369000707285,0.0,0.0,A题研究/直接迭代/第六轮成果/方案/p3/n4/case_081_multicore_res.json,repository,方案/p3/n4/case_081_multicore_res.json,round6,ledger comparison; union not independently replayed
case_081,3,5,151795,30943,30943,30943,0,0,30943,0,team13,tie,4.905632937982743,4.905632937982743,4.905632937982743,4.905632937982743,0.0,0.0,A题研究/直接迭代/第六轮成果/方案/p3/n5/case_081_multicore_res.json,repository,方案/p3/n5/case_081_multicore_res.json,round6,ledger comparison; union not independently replayed
case_082,1,1,721041,715454,715454,715454,514706,514706,715454,514706,team13,tie,1.0078090275545317,1.0078090275545317,1.0078090275545317,1.0078090275545317,0.0,0.0,A题研究/直接迭代/第六轮成果/方案/p1/n1/case_082_multicore_res.json,repository,方案/p1/n1/case_082_multicore_res.json,round6,ledger comparison; union not independently replayed
case_082,1,2,721041,657900,657900,657900,1030938,1030938,657900,1030938,team13,tie,1.0959735522115823,1.0959735522115823,1.0959735522115823,1.0959735522115823,0.0,0.0,A题研究/直接迭代/第六轮成果/方案/p1/n2/case_082_multicore_res.json,repository,方案/p1/n2/case_082_multicore_res.json,round6,ledger comparison; union not independently replayed
case_082,1,3,721041,656864,656864,656864,816014,816014,656864,816014,team13,tie,1.0977021118526817,1.0977021118526817,1.0977021118526817,1.0977021118526817,0.0,0.0,A题研究/直接迭代/第六轮成果/方案/p1/n3/case_082_multicore_res.json,repository,方案/p1/n3/case_082_multicore_res.json,round6,ledger comparison; union not independently replayed
case_082,1,4,721041,427273,427273,427273,2277584,2277584,427273,2277584,team13,tie,1.6875416888031773,1.6875416888031773,1.6875416888031773,1.6875416888031773,0.0,0.0,A题研究/直接迭代/第六轮成果/方案/p1/n4/case_082_multicore_res.json,repository,方案/p1/n4/case_082_multicore_res.json,round6,ledger comparison; union not independently replayed
case_082,1,5,721041,386894,356186,386894,6760886,2689236,356186,6760886,ours,ours,1.8636655001111415,2.0243384074612703,1.8636655001111415,2.0243384074612703,7.937057695389438,-8.621338289545344,新增精选方案/p1/n5/case_082_multicore_res.json,delivery,方案/p1/n5/case_082_multicore_res.json,unified_v2_best_known_replayed,ledger comparison; union not independently replayed
case_082,2,1,721041,721041,721041,721041,0,0,721041,0,team13,tie,1.0,1.0,1.0,1.0,0.0,0.0,A题研究/直接迭代/第六轮成果/方案/p2/n1/case_082_multicore_res.json,repository,方案/p2/n1/case_082_multicore_res.json,round6,ledger comparison; union not independently replayed
case_082,2,2,721041,426708,426708,426708,3885638,3885638,426708,3885638,team13,tie,1.68977614668579,1.68977614668579,1.68977614668579,1.68977614668579,0.0,0.0,A题研究/直接迭代/第六轮成果/方案/p2/n2/case_082_multicore_res.json,repository,方案/p2/n2/case_082_multicore_res.json,round6,ledger comparison; union not independently replayed
case_082,2,3,721041,270489,270489,270489,5756268,5756268,270489,5756268,team13,tie,2.665694353559664,2.665694353559664,2.665694353559664,2.665694353559664,0.0,0.0,A题研究/直接迭代/第六轮成果/方案/p2/n3/case_082_multicore_res.json,repository,方案/p2/n3/case_082_multicore_res.json,round6,ledger comparison; union not independently replayed
case_082,2,4,721041,211881,211881,211881,6752624,6752624,211881,6752624,team13,tie,3.4030469933594802,3.4030469933594802,3.4030469933594802,3.4030469933594802,0.0,0.0,A题研究/直接迭代/第六轮成果/方案/p2/n4/case_082_multicore_res.json,repository,方案/p2/n4/case_082_multicore_res.json,round6,ledger comparison; union not independently replayed
case_082,2,5,721041,206067,206067,206067,8262966,8262966,206067,8262966,team13,tie,3.4990609850194354,3.4990609850194354,3.4990609850194354,3.4990609850194354,0.0,0.0,A题研究/直接迭代/第六轮成果/方案/p2/n5/case_082_multicore_res.json,repository,方案/p2/n5/case_082_multicore_res.json,round6,ledger comparison; union not independently replayed
case_082,3,1,721041,721041,721041,721041,0,0,721041,0,team13,tie,1.0,1.0,1.0,1.0,0.0,0.0,A题研究/直接迭代/第六轮成果/方案/p3/n1/case_082_multicore_res.json,repository,方案/p3/n1/case_082_multicore_res.json,round6,ledger comparison; union not independently replayed
case_082,3,2,721041,426720,426720,426720,3885638,3885638,426720,3885638,team13,tie,1.689728627671541,1.689728627671541,1.689728627671541,1.689728627671541,0.0,0.0,A题研究/直接迭代/第六轮成果/方案/p3/n2/case_082_multicore_res.json,repository,方案/p3/n2/case_082_multicore_res.json,round6,ledger comparison; union not independently replayed
case_082,3,3,721041,269306,269306,269306,5756268,5756268,269306,5756268,team13,tie,2.67740414249961,2.67740414249961,2.67740414249961,2.67740414249961,0.0,0.0,A题研究/直接迭代/第六轮成果/方案/p3/n3/case_082_multicore_res.json,repository,方案/p3/n3/case_082_multicore_res.json,round6,ledger comparison; union not independently replayed
case_082,3,4,721041,209447,209447,209447,6752624,6752624,209447,6752624,team13,tie,3.442594069143984,3.442594069143984,3.442594069143984,3.442594069143984,0.0,0.0,A题研究/直接迭代/第六轮成果/方案/p3/n4/case_082_multicore_res.json,repository,方案/p3/n4/case_082_multicore_res.json,round6,ledger comparison; union not independently replayed
case_082,3,5,721041,195762,195762,195762,8262966,8262966,195762,8262966,team13,tie,3.6832531339075,3.6832531339075,3.6832531339075,3.6832531339075,0.0,0.0,A题研究/直接迭代/第六轮成果/方案/p3/n5/case_082_multicore_res.json,repository,方案/p3/n5/case_082_multicore_res.json,round6,ledger comparison; union not independently replayed
case_083,1,1,1057993,1074172,1074172,1074172,14977600,14977600,1074172,14977600,team13,tie,0.9849381663271803,0.9849381663271803,0.9849381663271803,0.9849381663271803,0.0,0.0,A题研究/直接迭代/第六轮成果/方案/p1/n1/case_083_multicore_res.json,repository,方案/p1/n1/case_083_multicore_res.json,round6,ledger comparison; union not independently replayed
case_083,1,2,1057993,624895,624895,624895,27912000,27912000,624895,27912000,team13,tie,1.693073236303699,1.693073236303699,1.693073236303699,1.693073236303699,0.0,0.0,A题研究/直接迭代/第六轮成果/方案/p1/n2/case_083_multicore_res.json,repository,方案/p1/n2/case_083_multicore_res.json,round6,ledger comparison; union not independently replayed
case_083,1,3,1057993,482813,482813,482813,15511648,15511648,482813,15511648,team13,tie,2.191310093141651,2.191310093141651,2.191310093141651,2.191310093141651,0.0,0.0,A题研究/直接迭代/第六轮成果/方案/p1/n3/case_083_multicore_res.json,repository,方案/p1/n3/case_083_multicore_res.json,round6,ledger comparison; union not independently replayed
case_083,1,4,1057993,450029,450029,450029,14977600,14977600,450029,14977600,team13,tie,2.350944050272316,2.350944050272316,2.350944050272316,2.350944050272316,0.0,0.0,A题研究/直接迭代/第六轮成果/方案/p1/n4/case_083_multicore_res.json,repository,方案/p1/n4/case_083_multicore_res.json,round6,ledger comparison; union not independently replayed
case_083,1,5,1057993,412888,412888,412888,17453280,17453280,412888,17453280,team13,tie,2.562421286159927,2.562421286159927,2.562421286159927,2.562421286159927,0.0,0.0,A题研究/直接迭代/第六轮成果/方案/p1/n5/case_083_multicore_res.json,repository,方案/p1/n5/case_083_multicore_res.json,round6,ledger comparison; union not independently replayed
case_083,2,1,1057993,1057993,1057993,1057993,13934688,13934688,1057993,13934688,team13,tie,1.0,1.0,1.0,1.0,0.0,0.0,A题研究/直接迭代/第六轮成果/方案/p2/n1/case_083_multicore_res.json,repository,方案/p2/n1/case_083_multicore_res.json,round6,ledger comparison; union not independently replayed
case_083,2,2,1057993,411909,411909,411909,8206944,8206944,411909,8206944,team13,tie,2.5685114916158667,2.5685114916158667,2.5685114916158667,2.5685114916158667,0.0,0.0,A题研究/直接迭代/第六轮成果/方案/p2/n2/case_083_multicore_res.json,repository,方案/p2/n2/case_083_multicore_res.json,round6,ledger comparison; union not independently replayed
case_083,2,3,1057993,315399,315399,315399,11712704,11712704,315399,11712704,team13,tie,3.354458955164728,3.354458955164728,3.354458955164728,3.354458955164728,0.0,0.0,A题研究/直接迭代/第六轮成果/方案/p2/n3/case_083_multicore_res.json,repository,方案/p2/n3/case_083_multicore_res.json,round6,ledger comparison; union not independently replayed
case_083,2,4,1057993,265354,265354,265354,11609888,11609888,265354,11609888,team13,tie,3.987100250985476,3.987100250985476,3.987100250985476,3.987100250985476,0.0,0.0,A题研究/直接迭代/第六轮成果/方案/p2/n4/case_083_multicore_res.json,repository,方案/p2/n4/case_083_multicore_res.json,round6,ledger comparison; union not independently replayed
case_083,2,5,1057993,259240,223224,174587,10885504,3768704,174587,3768704,team13,team13,4.081133312760376,4.7396023725047485,6.0599758286699466,6.0599758286699466,0.0,21.788427767623553,新增精选方案/p2/n5/case_083_multicore_res.json,delivery,方案/p2/n5/case_083_multicore_res.json,unified_v2_best_known_replayed,ledger comparison; union not independently replayed
case_083,3,1,1057993,946145,946145,946145,13934688,13934688,946145,13934688,team13,tie,1.1182144385902795,1.1182144385902795,1.1182144385902795,1.1182144385902795,0.0,0.0,A题研究/直接迭代/第六轮成果/方案/p3/n1/case_083_multicore_res.json,repository,方案/p3/n1/case_083_multicore_res.json,round6,ledger comparison; union not independently replayed
case_083,3,2,1057993,411871,411871,411871,8206944,8206944,411871,8206944,team13,tie,2.5687484673599257,2.5687484673599257,2.5687484673599257,2.5687484673599257,0.0,0.0,A题研究/直接迭代/第六轮成果/方案/p3/n2/case_083_multicore_res.json,repository,方案/p3/n2/case_083_multicore_res.json,round6,ledger comparison; union not independently replayed
case_083,3,3,1057993,305255,305255,305255,11712704,11712704,305255,11712704,team13,tie,3.4659317619695007,3.4659317619695007,3.4659317619695007,3.4659317619695007,0.0,0.0,A题研究/直接迭代/第六轮成果/方案/p3/n3/case_083_multicore_res.json,repository,方案/p3/n3/case_083_multicore_res.json,round6,ledger comparison; union not independently replayed
case_083,3,4,1057993,250483,250483,250483,11610912,11610912,250483,11610912,team13,tie,4.223811595996534,4.223811595996534,4.223811595996534,4.223811595996534,0.0,0.0,A题研究/直接迭代/第六轮成果/方案/p3/n4/case_083_multicore_res.json,repository,方案/p3/n4/case_083_multicore_res.json,round6,ledger comparison; union not independently replayed
case_083,3,5,1057993,222425,222425,171099,13235584,3754368,171099,3754368,team13,team13,4.7566280768798475,4.7566280768798475,6.183513638302971,6.183513638302971,0.0,23.075643475328768,A题研究/直接迭代/第六轮成果/方案/p3/n5/case_083_multicore_res.json,repository,方案/p3/n5/case_083_multicore_res.json,round6,ledger comparison; union not independently replayed
case_084,1,1,2507412,2509460,2509460,2509460,0,0,2509460,0,team13,tie,0.9991838881671754,0.9991838881671754,0.9991838881671754,0.9991838881671754,0.0,0.0,A题研究/直接迭代/第六轮成果/方案/p1/n1/case_084_multicore_res.json,repository,方案/p1/n1/case_084_multicore_res.json,round6,ledger comparison; union not independently replayed
case_084,1,2,2507412,1255052,1255052,1255052,0,0,1255052,0,team13,tie,1.9978550689533183,1.9978550689533183,1.9978550689533183,1.9978550689533183,0.0,0.0,A题研究/直接迭代/第六轮成果/方案/p1/n2/case_084_multicore_res.json,repository,方案/p1/n2/case_084_multicore_res.json,round6,ledger comparison; union not independently replayed
case_084,1,3,2507412,836220,836220,836220,0,0,836220,0,team13,tie,2.998507569778288,2.998507569778288,2.998507569778288,2.998507569778288,0.0,0.0,A题研究/直接迭代/第六轮成果/方案/p1/n3/case_084_multicore_res.json,repository,方案/p1/n3/case_084_multicore_res.json,round6,ledger comparison; union not independently replayed
case_084,1,4,2507412,629028,629028,629028,0,0,629028,0,team13,tie,3.986169137144928,3.986169137144928,3.986169137144928,3.986169137144928,0.0,0.0,A题研究/直接迭代/第六轮成果/方案/p1/n4/case_084_multicore_res.json,repository,方案/p1/n4/case_084_multicore_res.json,round6,ledger comparison; union not independently replayed
case_084,1,5,2507412,503472,503472,503472,0,0,503472,0,team13,tie,4.98024120507198,4.98024120507198,4.98024120507198,4.98024120507198,0.0,0.0,A题研究/直接迭代/第六轮成果/方案/p1/n5/case_084_multicore_res.json,repository,方案/p1/n5/case_084_multicore_res.json,round6,ledger comparison; union not independently replayed
case_084,2,1,2507412,2507412,2507412,2507412,0,0,2507412,0,team13,tie,1.0,1.0,1.0,1.0,0.0,0.0,A题研究/直接迭代/第六轮成果/方案/p2/n1/case_084_multicore_res.json,repository,方案/p2/n1/case_084_multicore_res.json,round6,ledger comparison; union not independently replayed
case_084,2,2,2507412,1253576,1253576,1253576,9216,9216,1253576,9216,team13,tie,2.0002074066510525,2.0002074066510525,2.0002074066510525,2.0002074066510525,0.0,0.0,A题研究/直接迭代/第六轮成果/方案/p2/n2/case_084_multicore_res.json,repository,方案/p2/n2/case_084_multicore_res.json,round6,ledger comparison; union not independently replayed
case_084,2,3,2507412,836220,836220,836220,0,0,836220,0,team13,tie,2.998507569778288,2.998507569778288,2.998507569778288,2.998507569778288,0.0,0.0,A题研究/直接迭代/第六轮成果/方案/p2/n3/case_084_multicore_res.json,repository,方案/p2/n3/case_084_multicore_res.json,round6,ledger comparison; union not independently replayed
case_084,2,4,2507412,627552,627552,627552,9216,9216,627552,9216,team13,tie,3.9955445923206363,3.9955445923206363,3.9955445923206363,3.9955445923206363,0.0,0.0,A题研究/直接迭代/第六轮成果/方案/p2/n4/case_084_multicore_res.json,repository,方案/p2/n4/case_084_multicore_res.json,round6,ledger comparison; union not independently replayed
case_084,2,5,2507412,503472,503472,503472,0,0,503472,0,team13,tie,4.98024120507198,4.98024120507198,4.98024120507198,4.98024120507198,0.0,0.0,A题研究/直接迭代/第六轮成果/方案/p2/n5/case_084_multicore_res.json,repository,方案/p2/n5/case_084_multicore_res.json,round6,ledger comparison; union not independently replayed
case_084,3,1,2507412,2507412,2507412,2507412,0,0,2507412,0,team13,tie,1.0,1.0,1.0,1.0,0.0,0.0,A题研究/直接迭代/第六轮成果/方案/p3/n1/case_084_multicore_res.json,repository,方案/p3/n1/case_084_multicore_res.json,round6,ledger comparison; union not independently replayed
case_084,3,2,2507412,1253576,1253576,1253576,9216,9216,1253576,9216,team13,tie,2.0002074066510525,2.0002074066510525,2.0002074066510525,2.0002074066510525,0.0,0.0,A题研究/直接迭代/第六轮成果/方案/p3/n2/case_084_multicore_res.json,repository,方案/p3/n2/case_084_multicore_res.json,round6,ledger comparison; union not independently replayed
case_084,3,3,2507412,836220,836220,836220,0,0,836220,0,team13,tie,2.998507569778288,2.998507569778288,2.998507569778288,2.998507569778288,0.0,0.0,A题研究/直接迭代/第六轮成果/方案/p3/n3/case_084_multicore_res.json,repository,方案/p3/n3/case_084_multicore_res.json,round6,ledger comparison; union not independently replayed
case_084,3,4,2507412,627552,627552,627552,9216,9216,627552,9216,team13,tie,3.9955445923206363,3.9955445923206363,3.9955445923206363,3.9955445923206363,0.0,0.0,A题研究/直接迭代/第六轮成果/方案/p3/n4/case_084_multicore_res.json,repository,方案/p3/n4/case_084_multicore_res.json,round6,ledger comparison; union not independently replayed
case_084,3,5,2507412,503472,503472,503472,0,0,503472,0,team13,tie,4.98024120507198,4.98024120507198,4.98024120507198,4.98024120507198,0.0,0.0,A题研究/直接迭代/第六轮成果/方案/p3/n5/case_084_multicore_res.json,repository,方案/p3/n5/case_084_multicore_res.json,round6,ledger comparison; union not independently replayed
case_085,1,1,3187899,3155166,3155166,3155166,3497710,3497710,3155166,3497710,team13,tie,1.0103744145315967,1.0103744145315967,1.0103744145315967,1.0103744145315967,0.0,0.0,A题研究/直接迭代/第六轮成果/方案/p1/n1/case_085_multicore_res.json,repository,方案/p1/n1/case_085_multicore_res.json,round6,ledger comparison; union not independently replayed
case_085,1,2,3187899,3155166,3155166,2219240,3497710,15481456,2219240,15481456,team13,team13,1.0103744145315967,1.0103744145315967,1.4364823092590255,1.4364823092590255,0.0,29.663288714444814,A题研究/直接迭代/第六轮成果/方案/p1/n2/case_085_multicore_res.json,repository,方案/p1/n2/case_085_multicore_res.json,round6,ledger comparison; union not independently replayed
case_085,1,3,3187899,3152050,3152050,1760397,2399134,23425634,1760397,23425634,team13,team13,1.011373233292619,1.011373233292619,1.8108977690827694,1.8108977690827694,0.0,44.15072730445265,A题研究/直接迭代/第六轮成果/方案/p1/n3/case_085_multicore_res.json,repository,方案/p1/n3/case_085_multicore_res.json,round6,ledger comparison; union not independently replayed
case_085,1,4,3187899,3152050,3152050,1403663,2399134,26256478,1403663,26256478,team13,team13,1.011373233292619,1.011373233292619,2.2711284688703772,2.2711284688703772,0.0,55.46825082089434,A题研究/直接迭代/第六轮成果/方案/p1/n4/case_085_multicore_res.json,repository,方案/p1/n4/case_085_multicore_res.json,round6,ledger comparison; union not independently replayed
case_085,1,5,3187899,2760933,2568855,873645,14201940,23398256,873645,23398256,team13,team13,1.1546455491676184,1.240980514665094,3.648963823978847,3.648963823978847,0.0,65.9908792049376,新增精选方案/p1/n5/case_085_multicore_res.json,delivery,方案/p1/n5/case_085_multicore_res.json,unified_v2_best_known_replayed,ledger comparison; union not independently replayed
case_085,2,1,3187899,3187899,3187899,3187899,0,0,3187899,0,team13,tie,1.0,1.0,1.0,1.0,0.0,0.0,A题研究/直接迭代/第六轮成果/方案/p2/n1/case_085_multicore_res.json,repository,方案/p2/n1/case_085_multicore_res.json,round6,ledger comparison; union not independently replayed
case_085,2,2,3187899,1582933,1582933,1582933,10318712,10318712,1582933,10318712,team13,tie,2.013919098281481,2.013919098281481,2.013919098281481,2.013919098281481,0.0,0.0,A题研究/直接迭代/第六轮成果/方案/p2/n2/case_085_multicore_res.json,repository,方案/p2/n2/case_085_multicore_res.json,round6,ledger comparison; union not independently replayed
case_085,2,3,3187899,1074433,1074433,1074433,34838636,34838636,1074433,34838636,team13,tie,2.967052389492877,2.967052389492877,2.967052389492877,2.967052389492877,0.0,0.0,A题研究/直接迭代/第六轮成果/方案/p2/n3/case_085_multicore_res.json,repository,方案/p2/n3/case_085_multicore_res.json,round6,ledger comparison; union not independently replayed
case_085,2,4,3187899,964456,964456,964456,30035794,30035794,964456,30035794,team13,tie,3.305385626715993,3.305385626715993,3.305385626715993,3.305385626715993,0.0,0.0,A题研究/直接迭代/第六轮成果/方案/p2/n4/case_085_multicore_res.json,repository,方案/p2/n4/case_085_multicore_res.json,round6,ledger comparison; union not independently replayed
case_085,2,5,3187899,869620,869620,869620,38726264,38726264,869620,38726264,team13,tie,3.66585290126722,3.66585290126722,3.66585290126722,3.66585290126722,0.0,0.0,A题研究/直接迭代/第六轮成果/方案/p2/n5/case_085_multicore_res.json,repository,方案/p2/n5/case_085_multicore_res.json,round6,ledger comparison; union not independently replayed
case_085,3,1,3187899,3187899,3187899,3187899,0,0,3187899,0,team13,tie,1.0,1.0,1.0,1.0,0.0,0.0,A题研究/直接迭代/第六轮成果/方案/p3/n1/case_085_multicore_res.json,repository,方案/p3/n1/case_085_multicore_res.json,round6,ledger comparison; union not independently replayed
case_085,3,2,3187899,1582931,1582931,1582931,10318712,10318712,1582931,10318712,team13,tie,2.013921642825872,2.013921642825872,2.013921642825872,2.013921642825872,0.0,0.0,A题研究/直接迭代/第六轮成果/方案/p3/n2/case_085_multicore_res.json,repository,方案/p3/n2/case_085_multicore_res.json,round6,ledger comparison; union not independently replayed
case_085,3,3,3187899,1066007,1066007,1066007,34838636,34838636,1066007,34838636,team13,tie,2.9905047527830493,2.9905047527830493,2.9905047527830493,2.9905047527830493,0.0,0.0,A题研究/直接迭代/第六轮成果/方案/p3/n3/case_085_multicore_res.json,repository,方案/p3/n3/case_085_multicore_res.json,round6,ledger comparison; union not independently replayed
case_085,3,4,3187899,958408,958408,958408,30035794,30035794,958408,30035794,team13,tie,3.3262441465430173,3.3262441465430173,3.3262441465430173,3.3262441465430173,0.0,0.0,A题研究/直接迭代/第六轮成果/方案/p3/n4/case_085_multicore_res.json,repository,方案/p3/n4/case_085_multicore_res.json,round6,ledger comparison; union not independently replayed
case_085,3,5,3187899,816858,816858,815053,38726264,38726264,815053,38726264,team13,team13,3.902635464181045,3.902635464181045,3.9112781622790176,3.9112781622790176,0.0,0.22096863836799097,A题研究/直接迭代/第六轮成果/方案/p3/n5/case_085_multicore_res.json,repository,方案/p3/n5/case_085_multicore_res.json,round6,ledger comparison; union not independently replayed
case_086,1,1,118403,117789,117789,117789,459442,459442,117789,459442,team13,tie,1.0052127108643423,1.0052127108643423,1.0052127108643423,1.0052127108643423,0.0,0.0,A题研究/直接迭代/第六轮成果/方案/p1/n1/case_086_multicore_res.json,repository,方案/p1/n1/case_086_multicore_res.json,round6,ledger comparison; union not independently replayed
case_086,1,2,118403,117789,117789,117789,459442,459442,117789,459442,team13,tie,1.0052127108643423,1.0052127108643423,1.0052127108643423,1.0052127108643423,0.0,0.0,A题研究/直接迭代/第六轮成果/方案/p1/n2/case_086_multicore_res.json,repository,方案/p1/n2/case_086_multicore_res.json,round6,ledger comparison; union not independently replayed
case_086,1,3,118403,117789,117789,117789,459442,459442,117789,459442,team13,tie,1.0052127108643423,1.0052127108643423,1.0052127108643423,1.0052127108643423,0.0,0.0,A题研究/直接迭代/第六轮成果/方案/p1/n3/case_086_multicore_res.json,repository,方案/p1/n3/case_086_multicore_res.json,round6,ledger comparison; union not independently replayed
case_086,1,4,118403,86066,86066,86066,1676764,1676764,86066,1676764,team13,tie,1.375723282132317,1.375723282132317,1.375723282132317,1.375723282132317,0.0,0.0,A题研究/直接迭代/第六轮成果/方案/p1/n4/case_086_multicore_res.json,repository,方案/p1/n4/case_086_multicore_res.json,round6,ledger comparison; union not independently replayed
case_086,1,5,118403,86066,83505,58819,3050334,2614486,58819,2614486,team13,team13,1.375723282132317,1.4179150949044967,2.0130060014621125,2.0130060014621125,0.0,29.562301658583323,新增精选方案/p1/n5/case_086_multicore_res.json,delivery,方案/p1/n5/case_086_multicore_res.json,unified_v2_best_known_replayed,ledger comparison; union not independently replayed
case_086,2,1,118403,118403,118403,118403,0,0,118403,0,team13,tie,1.0,1.0,1.0,1.0,0.0,0.0,A题研究/直接迭代/第六轮成果/方案/p2/n1/case_086_multicore_res.json,repository,方案/p2/n1/case_086_multicore_res.json,round6,ledger comparison; union not independently replayed
case_086,2,2,118403,64138,64138,64138,788550,788550,64138,788550,team13,tie,1.8460662945523714,1.8460662945523714,1.8460662945523714,1.8460662945523714,0.0,0.0,A题研究/直接迭代/第六轮成果/方案/p2/n2/case_086_multicore_res.json,repository,方案/p2/n2/case_086_multicore_res.json,round6,ledger comparison; union not independently replayed
case_086,2,3,118403,47404,47404,47404,1305868,1305868,47404,1305868,team13,tie,2.497742806514218,2.497742806514218,2.497742806514218,2.497742806514218,0.0,0.0,A题研究/直接迭代/第六轮成果/方案/p2/n3/case_086_multicore_res.json,repository,方案/p2/n3/case_086_multicore_res.json,round6,ledger comparison; union not independently replayed
case_086,2,4,118403,45893,45893,45893,1780850,1780850,45893,1780850,team13,tie,2.579979517573486,2.579979517573486,2.579979517573486,2.579979517573486,0.0,0.0,A题研究/直接迭代/第六轮成果/方案/p2/n4/case_086_multicore_res.json,repository,方案/p2/n4/case_086_multicore_res.json,round6,ledger comparison; union not independently replayed
case_086,2,5,118403,45893,45893,44890,1780850,1797234,44890,1797234,team13,team13,2.579979517573486,2.579979517573486,2.6376253063042996,2.6376253063042996,0.0,2.1855184886584,A题研究/直接迭代/第六轮成果/方案/p2/n5/case_086_multicore_res.json,repository,方案/p2/n5/case_086_multicore_res.json,round6,ledger comparison; union not independently replayed
case_086,3,1,118403,118403,118403,118403,0,0,118403,0,team13,tie,1.0,1.0,1.0,1.0,0.0,0.0,A题研究/直接迭代/第六轮成果/方案/p3/n1/case_086_multicore_res.json,repository,方案/p3/n1/case_086_multicore_res.json,round6,ledger comparison; union not independently replayed
case_086,3,2,118403,64138,64138,64138,788550,788550,64138,788550,team13,tie,1.8460662945523714,1.8460662945523714,1.8460662945523714,1.8460662945523714,0.0,0.0,A题研究/直接迭代/第六轮成果/方案/p3/n2/case_086_multicore_res.json,repository,方案/p3/n2/case_086_multicore_res.json,round6,ledger comparison; union not independently replayed
case_086,3,3,118403,45981,45981,45981,1301260,1301260,45981,1301260,team13,tie,2.575041865118201,2.575041865118201,2.575041865118201,2.575041865118201,0.0,0.0,A题研究/直接迭代/第六轮成果/方案/p3/n3/case_086_multicore_res.json,repository,方案/p3/n3/case_086_multicore_res.json,round6,ledger comparison; union not independently replayed
case_086,3,4,118403,43507,43507,43507,1780850,1780850,43507,1780850,team13,tie,2.7214701082584414,2.7214701082584414,2.7214701082584414,2.7214701082584414,0.0,0.0,A题研究/直接迭代/第六轮成果/方案/p3/n4/case_086_multicore_res.json,repository,方案/p3/n4/case_086_multicore_res.json,round6,ledger comparison; union not independently replayed
case_086,3,5,118403,42862,42862,40127,2118390,2115702,40127,2115702,team13,team13,2.7624235919929077,2.7624235919929077,2.9507065068407807,2.9507065068407807,0.0,6.38094349307079,A题研究/直接迭代/第六轮成果/方案/p3/n5/case_086_multicore_res.json,repository,方案/p3/n5/case_086_multicore_res.json,round6,ledger comparison; union not independently replayed
case_087,1,1,3974071,3924648,3924648,3924648,12097580,12097580,3924648,12097580,team13,tie,1.01259297649114,1.01259297649114,1.01259297649114,1.01259297649114,0.0,0.0,A题研究/直接迭代/第六轮成果/方案/p1/n1/case_087_multicore_res.json,repository,方案/p1/n1/case_087_multicore_res.json,round6,ledger comparison; union not independently replayed
case_087,1,2,3974071,1987606,1973521,1987606,18718080,10142208,1973521,18718080,ours,ours,1.999425942566082,2.0136958258868285,1.999425942566082,2.0136958258868285,0.7086414510723005,-0.7136990181508152,新增精选方案/p1/n2/case_087_multicore_res.json,delivery,方案/p1/n2/case_087_multicore_res.json,unified_v2_best_known_replayed,ledger comparison; union not independently replayed
case_087,1,3,3974071,1377417,1377417,1377417,11289600,11289600,1377417,11289600,team13,tie,2.885161864562438,2.885161864562438,2.885161864562438,2.885161864562438,0.0,0.0,A题研究/直接迭代/第六轮成果/方案/p1/n3/case_087_multicore_res.json,repository,方案/p1/n3/case_087_multicore_res.json,round6,ledger comparison; union not independently replayed
case_087,1,4,3974071,1056721,1056721,1056721,11358720,11358720,1056721,11358720,team13,tie,3.760757096717109,3.760757096717109,3.760757096717109,3.760757096717109,0.0,0.0,A题研究/直接迭代/第六轮成果/方案/p1/n4/case_087_multicore_res.json,repository,方案/p1/n4/case_087_multicore_res.json,round6,ledger comparison; union not independently replayed
case_087,1,5,3974071,879179,879179,879179,14544428,14544428,879179,14544428,team13,tie,4.52020692031998,4.52020692031998,4.52020692031998,4.52020692031998,0.0,0.0,A题研究/直接迭代/第六轮成果/方案/p1/n5/case_087_multicore_res.json,repository,方案/p1/n5/case_087_multicore_res.json,round6,ledger comparison; union not independently replayed
case_087,2,1,3974071,3974071,3974071,3974071,7902720,7902720,3974071,7902720,team13,tie,1.0,1.0,1.0,1.0,0.0,0.0,A题研究/直接迭代/第六轮成果/方案/p2/n1/case_087_multicore_res.json,repository,方案/p2/n1/case_087_multicore_res.json,round6,ledger comparison; union not independently replayed
case_087,2,2,3974071,1973360,1973360,1973360,6578688,6578688,1973360,6578688,team13,tie,2.013860116755179,2.013860116755179,2.013860116755179,2.013860116755179,0.0,0.0,A题研究/直接迭代/第六轮成果/方案/p2/n2/case_087_multicore_res.json,repository,方案/p2/n2/case_087_multicore_res.json,round6,ledger comparison; union not independently replayed
case_087,2,3,3974071,1366372,1322596,1366372,10114560,7497216,1322596,10114560,ours,ours,2.908483926778359,3.0047505058233956,2.908483926778359,3.0047505058233956,3.2038127244996217,-3.3098542563261946,新增精选方案/p2/n3/case_087_multicore_res.json,delivery,方案/p2/n3/case_087_multicore_res.json,unified_v2_best_known_replayed,ledger comparison; union not independently replayed
case_087,2,4,3974071,1034680,1003734,1034680,11796480,7437312,1003734,11796480,ours,ours,3.8408696408551437,3.959287022258885,3.8408696408551437,3.959287022258885,2.9908764062318793,-3.08308775034023,新增精选方案/p2/n4/case_087_multicore_res.json,delivery,方案/p2/n4/case_087_multicore_res.json,unified_v2_best_known_replayed,ledger comparison; union not independently replayed
case_087,2,5,3974071,865736,802148,797842,12298752,13390484,797842,13390484,team13,team13,4.5903959174621365,4.954286490772277,4.981025065113143,4.981025065113143,0.0,0.5368086687244755,新增精选方案/p2/n5/case_087_multicore_res.json,delivery,方案/p2/n5/case_087_multicore_res.json,unified_v2_best_known_replayed,ledger comparison; union not independently replayed
case_087,3,1,3974071,3969779,3961605,3969779,7736832,7902720,3961605,7736832,ours,ours,1.0010811684982968,1.0031467044291391,1.0010811684982968,1.0031467044291391,0.20590566880422934,-0.20633051503116118,新增精选方案/p3/n1/case_087_multicore_res.json,delivery,方案/p3/n1/case_087_multicore_res.json,unified_v2_best_known_replayed,ledger comparison; union not independently replayed
case_087,3,2,3974071,1972406,1955672,1972406,6216192,6578688,1955672,6216192,ours,ours,2.0148341670021286,2.0320743969336372,2.0148341670021286,2.0320743969336372,0.8484054499935612,-0.8556649581320297,新增精选方案/p3/n2/case_087_multicore_res.json,delivery,方案/p3/n2/case_087_multicore_res.json,unified_v2_best_known_replayed,ledger comparison; union not independently replayed
case_087,3,3,3974071,1366359,1335295,1366359,10985472,7497216,1335295,10985472,ours,ours,2.908511599074621,2.9761745531886215,2.908511599074621,2.9761745531886215,2.2734874216805423,-2.3263773173718194,新增精选方案/p3/n3/case_087_multicore_res.json,delivery,方案/p3/n3/case_087_multicore_res.json,unified_v2_best_known_replayed,ledger comparison; union not independently replayed
case_087,3,4,3974071,1034661,1022400,1034661,13086720,7437312,1022400,13086720,ours,ours,3.8409401726749146,3.887002151799687,3.8409401726749146,3.887002151799687,1.1850258200511998,-1.1992370892018878,新增精选方案/p3/n4/case_087_multicore_res.json,delivery,方案/p3/n4/case_087_multicore_res.json,unified_v2_best_known_replayed,ledger comparison; union not independently replayed
case_087,3,5,3974071,865731,796883,790623,9105408,13385876,790623,13385876,team13,team13,4.590422429137919,4.987019424432445,5.026505679698162,5.026505679698162,0.0,0.7855607410372611,新增精选方案/p3/n5/case_087_multicore_res.json,delivery,方案/p3/n5/case_087_multicore_res.json,unified_v2_best_known_replayed,ledger comparison; union not independently replayed
case_088,1,1,243623,243217,243217,243217,178124,178124,243217,178124,team13,tie,1.001669291209085,1.001669291209085,1.001669291209085,1.001669291209085,0.0,0.0,A题研究/直接迭代/第六轮成果/方案/p1/n1/case_088_multicore_res.json,repository,方案/p1/n1/case_088_multicore_res.json,round6,ledger comparison; union not independently replayed
case_088,1,2,243623,201411,201411,201411,348602,348602,201411,348602,team13,tie,1.209581403200421,1.209581403200421,1.209581403200421,1.209581403200421,0.0,0.0,A题研究/直接迭代/第六轮成果/方案/p1/n2/case_088_multicore_res.json,repository,方案/p1/n2/case_088_multicore_res.json,round6,ledger comparison; union not independently replayed
case_088,1,3,243623,201396,201396,201396,431884,431884,201396,431884,team13,tie,1.2096714929790064,1.2096714929790064,1.2096714929790064,1.2096714929790064,0.0,0.0,A题研究/直接迭代/第六轮成果/方案/p1/n3/case_088_multicore_res.json,repository,方案/p1/n3/case_088_multicore_res.json,round6,ledger comparison; union not independently replayed
case_088,1,4,243623,186407,186407,186407,894280,894280,186407,894280,team13,tie,1.3069412629354047,1.3069412629354047,1.3069412629354047,1.3069412629354047,0.0,0.0,A题研究/直接迭代/第六轮成果/方案/p1/n4/case_088_multicore_res.json,repository,方案/p1/n4/case_088_multicore_res.json,round6,ledger comparison; union not independently replayed
case_088,1,5,243623,174545,146562,97719,3239746,2707564,97719,2707564,team13,team13,1.3957604056260564,1.662252152672589,2.4930975552349084,2.4930975552349084,0.0,33.3258279772383,新增精选方案/p1/n5/case_088_multicore_res.json,delivery,方案/p1/n5/case_088_multicore_res.json,unified_v2_best_known_replayed,ledger comparison; union not independently replayed
case_088,2,1,243623,243623,243623,243623,0,0,243623,0,team13,tie,1.0,1.0,1.0,1.0,0.0,0.0,A题研究/直接迭代/第六轮成果/方案/p2/n1/case_088_multicore_res.json,repository,方案/p2/n1/case_088_multicore_res.json,round6,ledger comparison; union not independently replayed
case_088,2,2,243623,135939,135939,135939,1312570,1312570,135939,1312570,team13,tie,1.7921494199604233,1.7921494199604233,1.7921494199604233,1.7921494199604233,0.0,0.0,A题研究/直接迭代/第六轮成果/方案/p2/n2/case_088_multicore_res.json,repository,方案/p2/n2/case_088_multicore_res.json,round6,ledger comparison; union not independently replayed
case_088,2,3,243623,99006,99006,95670,2078542,2093894,95670,2093894,team13,team13,2.4606892511564955,2.4606892511564955,2.546493153548657,2.546493153548657,0.0,3.3694927580146694,A题研究/直接迭代/第六轮成果/方案/p2/n3/case_088_multicore_res.json,repository,方案/p2/n3/case_088_multicore_res.json,round6,ledger comparison; union not independently replayed
case_088,2,4,243623,89756,89756,89756,2468882,2468882,89756,2468882,team13,tie,2.714280939435804,2.714280939435804,2.714280939435804,2.714280939435804,0.0,0.0,A题研究/直接迭代/第六轮成果/方案/p2/n4/case_088_multicore_res.json,repository,方案/p2/n4/case_088_multicore_res.json,round6,ledger comparison; union not independently replayed
case_088,2,5,243623,89756,89756,89206,2468882,2475026,89206,2475026,team13,team13,2.714280939435804,2.714280939435804,2.7310158509517297,2.7310158509517297,0.0,0.6127724051874006,A题研究/直接迭代/第六轮成果/方案/p2/n5/case_088_multicore_res.json,repository,方案/p2/n5/case_088_multicore_res.json,round6,ledger comparison; union not independently replayed
case_088,3,1,243623,243623,243623,243623,0,0,243623,0,team13,tie,1.0,1.0,1.0,1.0,0.0,0.0,A题研究/直接迭代/第六轮成果/方案/p3/n1/case_088_multicore_res.json,repository,方案/p3/n1/case_088_multicore_res.json,round6,ledger comparison; union not independently replayed
case_088,3,2,243623,133987,133987,133987,1312570,1312570,133987,1312570,team13,tie,1.8182584877637382,1.8182584877637382,1.8182584877637382,1.8182584877637382,0.0,0.0,A题研究/直接迭代/第六轮成果/方案/p3/n2/case_088_multicore_res.json,repository,方案/p3/n2/case_088_multicore_res.json,round6,ledger comparison; union not independently replayed
case_088,3,3,243623,95079,95079,92714,2078542,2093894,92714,2093894,team13,team13,2.5623218586649,2.5623218586649,2.6276829820739045,2.6276829820739045,0.0,2.487405210403981,A题研究/直接迭代/第六轮成果/方案/p3/n3/case_088_multicore_res.json,repository,方案/p3/n3/case_088_multicore_res.json,round6,ledger comparison; union not independently replayed
case_088,3,4,243623,82216,82216,82216,2468882,2468882,82216,2468882,team13,tie,2.9632066750997375,2.9632066750997375,2.9632066750997375,2.9632066750997375,0.0,0.0,A题研究/直接迭代/第六轮成果/方案/p3/n4/case_088_multicore_res.json,repository,方案/p3/n4/case_088_multicore_res.json,round6,ledger comparison; union not independently replayed
case_088,3,5,243623,82216,82216,79900,2468882,2468858,79900,2468858,team13,team13,2.9632066750997375,2.9632066750997375,3.04909887359199,3.04909887359199,0.0,2.816969932859781,A题研究/直接迭代/第六轮成果/方案/p3/n5/case_088_multicore_res.json,repository,方案/p3/n5/case_088_multicore_res.json,round6,ledger comparison; union not independently replayed
case_089,1,1,693092,694660,694660,694660,954880,954880,694660,954880,team13,tie,0.9977427806408891,0.9977427806408891,0.9977427806408891,0.9977427806408891,0.0,0.0,A题研究/直接迭代/第六轮成果/方案/p1/n1/case_089_multicore_res.json,repository,方案/p1/n1/case_089_multicore_res.json,round6,ledger comparison; union not independently replayed
case_089,1,2,693092,346832,346832,346832,238720,238720,346832,238720,team13,tie,1.998350786547954,1.998350786547954,1.998350786547954,1.998350786547954,0.0,0.0,A题研究/直接迭代/第六轮成果/方案/p1/n2/case_089_multicore_res.json,repository,方案/p1/n2/case_089_multicore_res.json,round6,ledger comparison; union not independently replayed
case_089,1,3,693092,243614,243614,243614,477440,477440,243614,477440,team13,tie,2.8450417463692563,2.8450417463692563,2.8450417463692563,2.8450417463692563,0.0,0.0,A题研究/直接迭代/第六轮成果/方案/p1/n3/case_089_multicore_res.json,repository,方案/p1/n3/case_089_multicore_res.json,round6,ledger comparison; union not independently replayed
case_089,1,4,693092,178160,178160,178160,716160,716160,178160,716160,team13,tie,3.8902784014369107,3.8902784014369107,3.8902784014369107,3.8902784014369107,0.0,0.0,A题研究/直接迭代/第六轮成果/方案/p1/n4/case_089_multicore_res.json,repository,方案/p1/n4/case_089_multicore_res.json,round6,ledger comparison; union not independently replayed
case_089,1,5,693092,147432,147432,147432,954880,954880,147432,954880,team13,tie,4.701096098540344,4.701096098540344,4.701096098540344,4.701096098540344,0.0,0.0,A题研究/直接迭代/第六轮成果/方案/p1/n5/case_089_multicore_res.json,repository,方案/p1/n5/case_089_multicore_res.json,round6,ledger comparison; union not independently replayed
case_089,2,1,693092,693092,693092,693092,0,0,693092,0,team13,tie,1.0,1.0,1.0,1.0,0.0,0.0,A题研究/直接迭代/第六轮成果/方案/p2/n1/case_089_multicore_res.json,repository,方案/p2/n1/case_089_multicore_res.json,round6,ledger comparison; union not independently replayed
case_089,2,2,693092,313368,313368,313368,2204224,2204224,313368,2204224,team13,tie,2.2117510403104337,2.2117510403104337,2.2117510403104337,2.2117510403104337,0.0,0.0,A题研究/直接迭代/第六轮成果/方案/p2/n2/case_089_multicore_res.json,repository,方案/p2/n2/case_089_multicore_res.json,round6,ledger comparison; union not independently replayed
case_089,2,3,693092,230533,230533,230533,7132416,7132416,230533,7132416,team13,tie,3.0064762962352463,3.0064762962352463,3.0064762962352463,3.0064762962352463,0.0,0.0,A题研究/直接迭代/第六轮成果/方案/p2/n3/case_089_multicore_res.json,repository,方案/p2/n3/case_089_multicore_res.json,round6,ledger comparison; union not independently replayed
case_089,2,4,693092,169868,169868,169868,3906944,3906944,169868,3906944,team13,tie,4.0801799043963545,4.0801799043963545,4.0801799043963545,4.0801799043963545,0.0,0.0,A题研究/直接迭代/第六轮成果/方案/p2/n4/case_089_multicore_res.json,repository,方案/p2/n4/case_089_multicore_res.json,round6,ledger comparison; union not independently replayed
case_089,2,5,693092,140432,139679,140432,954880,4102400,139679,954880,ours,ours,4.935427822718469,4.962034378825736,4.935427822718469,4.962034378825736,0.5362025749117039,-0.5390932065664877,新增精选方案/p2/n5/case_089_multicore_res.json,delivery,方案/p2/n5/case_089_multicore_res.json,unified_v2_best_known_replayed,ledger comparison; union not independently replayed
case_089,3,1,693092,693092,693092,693092,0,0,693092,0,team13,tie,1.0,1.0,1.0,1.0,0.0,0.0,A题研究/直接迭代/第六轮成果/方案/p3/n1/case_089_multicore_res.json,repository,方案/p3/n1/case_089_multicore_res.json,round6,ledger comparison; union not independently replayed
case_089,3,2,693092,313350,313350,313350,2204224,2204224,313350,2204224,team13,tie,2.2118780915908727,2.2118780915908727,2.2118780915908727,2.2118780915908727,0.0,0.0,A题研究/直接迭代/第六轮成果/方案/p3/n2/case_089_multicore_res.json,repository,方案/p3/n2/case_089_multicore_res.json,round6,ledger comparison; union not independently replayed
case_089,3,3,693092,227310,227310,227310,7132416,7132416,227310,7132416,team13,tie,3.0491047468215213,3.0491047468215213,3.0491047468215213,3.0491047468215213,0.0,0.0,A题研究/直接迭代/第六轮成果/方案/p3/n3/case_089_multicore_res.json,repository,方案/p3/n3/case_089_multicore_res.json,round6,ledger comparison; union not independently replayed
case_089,3,4,693092,169216,169216,169216,3906944,3906944,169216,3906944,team13,tie,4.095901096822995,4.095901096822995,4.095901096822995,4.095901096822995,0.0,0.0,A题研究/直接迭代/第六轮成果/方案/p3/n4/case_089_multicore_res.json,repository,方案/p3/n4/case_089_multicore_res.json,round6,ledger comparison; union not independently replayed
case_089,3,5,693092,139354,139354,139354,4102400,4102400,139354,4102400,team13,tie,4.973606785596394,4.973606785596394,4.973606785596394,4.973606785596394,0.0,0.0,A题研究/直接迭代/第六轮成果/方案/p3/n5/case_089_multicore_res.json,repository,方案/p3/n5/case_089_multicore_res.json,round6,ledger comparison; union not independently replayed
case_090,1,1,1178363,1174025,1174025,1174025,21498480,21498480,1174025,21498480,team13,tie,1.0036949809416325,1.0036949809416325,1.0036949809416325,1.0036949809416325,0.0,0.0,A题研究/直接迭代/第六轮成果/方案/p1/n1/case_090_multicore_res.json,repository,方案/p1/n1/case_090_multicore_res.json,round6,ledger comparison; union not independently replayed
case_090,1,2,1178363,679752,679752,679752,25781760,25781760,679752,25781760,team13,tie,1.7335189892784428,1.7335189892784428,1.7335189892784428,1.7335189892784428,0.0,0.0,A题研究/直接迭代/第六轮成果/方案/p1/n2/case_090_multicore_res.json,repository,方案/p1/n2/case_090_multicore_res.json,round6,ledger comparison; union not independently replayed
case_090,1,3,1178363,589444,589444,589444,25781760,25781760,589444,25781760,team13,tie,1.999109330148411,1.999109330148411,1.999109330148411,1.999109330148411,0.0,0.0,A题研究/直接迭代/第六轮成果/方案/p1/n3/case_090_multicore_res.json,repository,方案/p1/n3/case_090_multicore_res.json,round6,ledger comparison; union not independently replayed
case_090,1,4,1178363,565296,565296,565296,25781760,25781760,565296,25781760,team13,tie,2.084506170218788,2.084506170218788,2.084506170218788,2.084506170218788,0.0,0.0,A题研究/直接迭代/第六轮成果/方案/p1/n4/case_090_multicore_res.json,repository,方案/p1/n4/case_090_multicore_res.json,round6,ledger comparison; union not independently replayed
case_090,1,5,1178363,494219,467065,494219,22536552,24269112,467065,22536552,ours,ours,2.384293197954753,2.52291008746106,2.384293197954753,2.52291008746106,5.494325390161037,-5.8137518332566085,新增精选方案/p1/n5/case_090_multicore_res.json,delivery,方案/p1/n5/case_090_multicore_res.json,unified_v2_best_known_replayed,ledger comparison; union not independently replayed
case_090,2,1,1178363,1178363,1178363,1178363,21233592,21233592,1178363,21233592,team13,tie,1.0,1.0,1.0,1.0,0.0,0.0,A题研究/直接迭代/第六轮成果/方案/p2/n1/case_090_multicore_res.json,repository,方案/p2/n1/case_090_multicore_res.json,round6,ledger comparison; union not independently replayed
case_090,2,2,1178363,431288,431288,431288,3818928,3818928,431288,3818928,team13,tie,2.7321951920758285,2.7321951920758285,2.7321951920758285,2.7321951920758285,0.0,0.0,A题研究/直接迭代/第六轮成果/方案/p2/n2/case_090_multicore_res.json,repository,方案/p2/n2/case_090_multicore_res.json,round6,ledger comparison; union not independently replayed
case_090,2,3,1178363,320550,320550,317582,6061440,5976960,317582,5976960,team13,team13,3.676066136328186,3.676066136328186,3.710421245536586,3.710421245536586,0.0,0.925908594603031,A题研究/直接迭代/第六轮成果/方案/p2/n3/case_090_multicore_res.json,repository,方案/p2/n3/case_090_multicore_res.json,round6,ledger comparison; union not independently replayed
case_090,2,4,1178363,290083,290083,285675,7972848,7641072,285675,7641072,team13,team13,4.0621580720000825,4.0621580720000825,4.124837665178962,4.124837665178962,0.0,1.5195650899914814,A题研究/直接迭代/第六轮成果/方案/p2/n4/case_090_multicore_res.json,repository,方案/p2/n4/case_090_multicore_res.json,round6,ledger comparison; union not independently replayed
case_090,2,5,1178363,290083,290083,240698,7972848,7443456,240698,7443456,team13,team13,4.0621580720000825,4.0621580720000825,4.895607774057117,4.895607774057117,0.0,17.02443783330978,A题研究/直接迭代/第六轮成果/方案/p2/n5/case_090_multicore_res.json,repository,方案/p2/n5/case_090_multicore_res.json,round6,ledger comparison; union not independently replayed
case_090,3,1,1178363,1178363,1178363,1178363,21233592,21233592,1178363,21233592,team13,tie,1.0,1.0,1.0,1.0,0.0,0.0,A题研究/直接迭代/第六轮成果/方案/p3/n1/case_090_multicore_res.json,repository,方案/p3/n1/case_090_multicore_res.json,round6,ledger comparison; union not independently replayed
case_090,3,2,1178363,431243,431243,431243,3818928,3818928,431243,3818928,team13,tie,2.73248029533233,2.73248029533233,2.73248029533233,2.73248029533233,0.0,0.0,A题研究/直接迭代/第六轮成果/方案/p3/n2/case_090_multicore_res.json,repository,方案/p3/n2/case_090_multicore_res.json,round6,ledger comparison; union not independently replayed
case_090,3,3,1178363,309744,309744,309744,6104832,6104832,309744,6104832,team13,tie,3.8043125936257036,3.8043125936257036,3.8043125936257036,3.8043125936257036,0.0,0.0,A题研究/直接迭代/第六轮成果/方案/p3/n3/case_090_multicore_res.json,repository,方案/p3/n3/case_090_multicore_res.json,round6,ledger comparison; union not independently replayed
case_090,3,4,1178363,256211,256211,255669,7972848,7641072,255669,7641072,team13,team13,4.599189730339447,4.599189730339447,4.6089396837317,4.6089396837317,0.0,0.2115443911463566,A题研究/直接迭代/第六轮成果/方案/p3/n4/case_090_multicore_res.json,repository,方案/p3/n4/case_090_multicore_res.json,round6,ledger comparison; union not independently replayed
case_090,3,5,1178363,232265,232265,194679,10140672,7936512,194679,7936512,team13,team13,5.073355865067918,5.073355865067918,6.052851103611586,6.052851103611586,0.0,16.18237788732697,A题研究/直接迭代/第六轮成果/方案/p3/n5/case_090_multicore_res.json,repository,方案/p3/n5/case_090_multicore_res.json,round6,ledger comparison; union not independently replayed
case_091,1,1,9186769,9265852,9081554,9265852,63131456,111883264,9081554,63131456,ours,ours,0.9914651129761192,1.0115855722489786,0.9914651129761192,1.0115855722489786,1.9890021986105566,-2.029366339725569,新增精选方案/p1/n1/case_091_multicore_res.json,delivery,方案/p1/n1/case_091_multicore_res.json,unified_v2_best_known_replayed,ledger comparison; union not independently replayed
case_091,1,2,9186769,4634582,4553097,4634582,65804096,111883264,4553097,65804096,ours,ours,1.982221697663349,2.017696745753495,1.982221697663349,2.017696745753495,1.7581952374561505,-1.7896609714223022,新增精选方案/p1/n2/case_091_multicore_res.json,delivery,方案/p1/n2/case_091_multicore_res.json,unified_v2_best_known_replayed,ledger comparison; union not independently replayed
case_091,1,3,9186769,3101467,3051053,3101467,68833088,60050240,3051053,68833088,ours,ours,2.962072141989581,3.0110158689475406,2.962072141989581,3.0110158689475406,1.625488841248346,-1.6523475665614518,新增精选方案/p1/n3/case_091_multicore_res.json,delivery,方案/p1/n3/case_091_multicore_res.json,unified_v2_best_known_replayed,ledger comparison; union not independently replayed
case_091,1,4,9186769,2315897,2308294,2315897,70513824,69360288,2308294,70513824,ours,ours,3.9668296992482825,3.9798955419023745,3.9668296992482825,3.9798955419023745,0.32829612025059296,-0.3293774536519134,新增精选方案/p1/n4/case_091_multicore_res.json,delivery,方案/p1/n4/case_091_multicore_res.json,unified_v2_best_known_replayed,ledger comparison; union not independently replayed
case_091,1,5,9186769,1861235,1861235,1861235,66314752,66314752,1861235,66314752,team13,tie,4.935845822800452,4.935845822800452,4.935845822800452,4.935845822800452,0.0,0.0,A题研究/直接迭代/第六轮成果/方案/p1/n5/case_091_multicore_res.json,repository,方案/p1/n5/case_091_multicore_res.json,round6,ledger comparison; union not independently replayed
case_091,2,1,9186769,9186769,9141689,9186769,38633088,53947008,9141689,38633088,ours,ours,1.0,1.0049312550448828,1.0,1.0049312550448828,0.49070570948284153,-0.49312550448827874,新增精选方案/p2/n1/case_091_multicore_res.json,delivery,方案/p2/n1/case_091_multicore_res.json,unified_v2_best_known_replayed,ledger comparison; union not independently replayed
case_091,2,2,9186769,4553404,4546046,4553404,52254688,53119456,4546046,52254688,ours,ours,2.017560708428244,2.0208262300909405,2.017560708428244,2.0208262300909405,0.16159339254764316,-0.16185493943527973,新增精选方案/p2/n2/case_091_multicore_res.json,delivery,方案/p2/n2/case_091_multicore_res.json,unified_v2_best_known_replayed,ledger comparison; union not independently replayed
case_091,2,3,9186769,3069773,3053142,3025509,62295872,61863936,3025509,61863936,team13,team13,2.9926541799670527,3.0089556922016727,3.0364375052263934,3.0364375052263934,0.0,0.9050676319673268,新增精选方案/p2/n3/case_091_multicore_res.json,delivery,方案/p2/n3/case_091_multicore_res.json,unified_v2_best_known_replayed,ledger comparison; union not independently replayed
case_091,2,4,9186769,2313039,2313039,2313039,41001120,41001120,2313039,41001120,team13,tie,3.9717311294794424,3.9717311294794424,3.9717311294794424,3.9717311294794424,0.0,0.0,A题研究/直接迭代/第六轮成果/方案/p2/n4/case_091_multicore_res.json,repository,方案/p2/n4/case_091_multicore_res.json,round6,ledger comparison; union not independently replayed
case_091,2,5,9186769,1867312,1867312,1860293,57919488,75841024,1860293,75841024,team13,team13,4.919782553745705,4.919782553745705,4.938345196159959,4.938345196159959,0.0,0.3758879073234689,A题研究/直接迭代/第六轮成果/方案/p2/n5/case_091_multicore_res.json,repository,方案/p2/n5/case_091_multicore_res.json,round6,ledger comparison; union not independently replayed
case_091,3,1,9186769,9168820,9168820,9168820,53947008,53947008,9168820,53947008,team13,tie,1.001957612866214,1.001957612866214,1.001957612866214,1.001957612866214,0.0,0.0,A题研究/直接迭代/第六轮成果/方案/p3/n1/case_091_multicore_res.json,repository,方案/p3/n1/case_091_multicore_res.json,round6,ledger comparison; union not independently replayed
case_091,3,2,9186769,4542858,4542858,4542858,53119456,53119456,4542858,53119456,team13,tie,2.022244366872132,2.022244366872132,2.022244366872132,2.022244366872132,0.0,0.0,A题研究/直接迭代/第六轮成果/方案/p3/n2/case_091_multicore_res.json,repository,方案/p3/n2/case_091_multicore_res.json,round6,ledger comparison; union not independently replayed
case_091,3,3,9186769,3050790,3050790,3014454,38704448,61863936,3014454,61863936,team13,team13,3.0112754401319,3.0112754401319,3.0475731260122063,3.0475731260122063,0.0,1.191035764506898,A题研究/直接迭代/第六轮成果/方案/p3/n3/case_091_multicore_res.json,repository,方案/p3/n3/case_091_multicore_res.json,round6,ledger comparison; union not independently replayed
case_091,3,4,9186769,2300004,2300004,2300004,66074432,66074432,2300004,66074432,team13,tie,3.9942404447992264,3.9942404447992264,3.9942404447992264,3.9942404447992264,0.0,0.0,A题研究/直接迭代/第六轮成果/方案/p3/n4/case_091_multicore_res.json,repository,方案/p3/n4/case_091_multicore_res.json,round6,ledger comparison; union not independently replayed
case_091,3,5,9186769,1863993,1863993,1818751,57919488,74685440,1818751,74685440,team13,team13,4.928542650106519,4.928542650106519,5.051141690093916,5.051141690093916,0.0,2.4271550375993933,A题研究/直接迭代/第六轮成果/方案/p3/n5/case_091_multicore_res.json,repository,方案/p3/n5/case_091_multicore_res.json,round6,ledger comparison; union not independently replayed
case_092,1,1,4815554,4912704,4912704,4912704,71983424,71983424,4912704,71983424,team13,tie,0.9802247397767095,0.9802247397767095,0.9802247397767095,0.9802247397767095,0.0,0.0,A题研究/直接迭代/第六轮成果/方案/p1/n1/case_092_multicore_res.json,repository,方案/p1/n1/case_092_multicore_res.json,round6,ledger comparison; union not independently replayed
case_092,1,2,4815554,2821724,2821724,2821724,131186400,131186400,2821724,131186400,team13,tie,1.7065999367762403,1.7065999367762403,1.7065999367762403,1.7065999367762403,0.0,0.0,A题研究/直接迭代/第六轮成果/方案/p1/n2/case_092_multicore_res.json,repository,方案/p1/n2/case_092_multicore_res.json,round6,ledger comparison; union not independently replayed
case_092,1,3,4815554,2231804,2231804,2231804,66784736,66784736,2231804,66784736,team13,tie,2.157695747476033,2.157695747476033,2.157695747476033,2.157695747476033,0.0,0.0,A题研究/直接迭代/第六轮成果/方案/p1/n3/case_092_multicore_res.json,repository,方案/p1/n3/case_092_multicore_res.json,round6,ledger comparison; union not independently replayed
case_092,1,4,4815554,1927728,1927728,1927728,67180384,67180384,1927728,67180384,team13,tie,2.4980464048869964,2.4980464048869964,2.4980464048869964,2.4980464048869964,0.0,0.0,A题研究/直接迭代/第六轮成果/方案/p1/n4/case_092_multicore_res.json,repository,方案/p1/n4/case_092_multicore_res.json,round6,ledger comparison; union not independently replayed
case_092,1,5,4815554,1618214,1618214,1618214,69058400,69058400,1618214,69058400,team13,tie,2.975844974768479,2.975844974768479,2.975844974768479,2.975844974768479,0.0,0.0,A题研究/直接迭代/第六轮成果/方案/p1/n5/case_092_multicore_res.json,repository,方案/p1/n5/case_092_multicore_res.json,round6,ledger comparison; union not independently replayed
case_092,2,1,4815554,4815554,4815554,4815554,66000096,66000096,4815554,66000096,team13,tie,1.0,1.0,1.0,1.0,0.0,0.0,A题研究/直接迭代/第六轮成果/方案/p2/n1/case_092_multicore_res.json,repository,方案/p2/n1/case_092_multicore_res.json,round6,ledger comparison; union not independently replayed
case_092,2,2,4815554,2126364,2126364,2126364,19020384,19020384,2126364,19020384,team13,tie,2.2646893946662003,2.2646893946662003,2.2646893946662003,2.2646893946662003,0.0,0.0,A题研究/直接迭代/第六轮成果/方案/p2/n2/case_092_multicore_res.json,repository,方案/p2/n2/case_092_multicore_res.json,round6,ledger comparison; union not independently replayed
case_092,2,3,4815554,1357066,1357066,1357066,10514624,10514624,1357066,10514624,team13,tie,3.548503904747448,3.548503904747448,3.548503904747448,3.548503904747448,0.0,0.0,A题研究/直接迭代/第六轮成果/方案/p2/n3/case_092_multicore_res.json,repository,方案/p2/n3/case_092_multicore_res.json,round6,ledger comparison; union not independently replayed
case_092,2,4,4815554,1122381,1122381,1122381,39622432,39622432,1122381,39622432,team13,tie,4.290480683475575,4.290480683475575,4.290480683475575,4.290480683475575,0.0,0.0,A题研究/直接迭代/第六轮成果/方案/p2/n4/case_092_multicore_res.json,repository,方案/p2/n4/case_092_multicore_res.json,round6,ledger comparison; union not independently replayed
case_092,2,5,4815554,786613,786613,786613,4327808,4327808,786613,4327808,team13,tie,6.121884586194228,6.121884586194228,6.121884586194228,6.121884586194228,0.0,0.0,A题研究/直接迭代/第六轮成果/方案/p2/n5/case_092_multicore_res.json,repository,方案/p2/n5/case_092_multicore_res.json,round6,ledger comparison; union not independently replayed
case_092,3,1,4815554,4333631,4333631,4333631,66000096,66000096,4333631,66000096,team13,tie,1.111205361047122,1.111205361047122,1.111205361047122,1.111205361047122,0.0,0.0,A题研究/直接迭代/第六轮成果/方案/p3/n1/case_092_multicore_res.json,repository,方案/p3/n1/case_092_multicore_res.json,round6,ledger comparison; union not independently replayed
case_092,3,2,4815554,2126411,2126411,2126411,19020384,19020384,2126411,19020384,team13,tie,2.264639338302896,2.264639338302896,2.264639338302896,2.264639338302896,0.0,0.0,A题研究/直接迭代/第六轮成果/方案/p3/n2/case_092_multicore_res.json,repository,方案/p3/n2/case_092_multicore_res.json,round6,ledger comparison; union not independently replayed
case_092,3,3,4815554,1348155,1348155,1348155,10514624,10514624,1348155,10514624,team13,tie,3.571958713946097,3.571958713946097,3.571958713946097,3.571958713946097,0.0,0.0,A题研究/直接迭代/第六轮成果/方案/p3/n3/case_092_multicore_res.json,repository,方案/p3/n3/case_092_multicore_res.json,round6,ledger comparison; union not independently replayed
case_092,3,4,4815554,1121490,1121490,1121490,39622432,39622432,1121490,39622432,team13,tie,4.293889379307885,4.293889379307885,4.293889379307885,4.293889379307885,0.0,0.0,A题研究/直接迭代/第六轮成果/方案/p3/n4/case_092_multicore_res.json,repository,方案/p3/n4/case_092_multicore_res.json,round6,ledger comparison; union not independently replayed
case_092,3,5,4815554,774426,774426,774426,4327808,4327808,774426,4327808,team13,tie,6.21822356170893,6.21822356170893,6.21822356170893,6.21822356170893,0.0,0.0,A题研究/直接迭代/第六轮成果/方案/p3/n5/case_092_multicore_res.json,repository,方案/p3/n5/case_092_multicore_res.json,round6,ledger comparison; union not independently replayed
case_093,1,1,74205,74205,74205,74205,0,0,74205,0,team13,tie,1.0,1.0,1.0,1.0,0.0,0.0,A题研究/直接迭代/第六轮成果/方案/p1/n1/case_093_multicore_res.json,repository,方案/p1/n1/case_093_multicore_res.json,round6,ledger comparison; union not independently replayed
case_093,1,2,74205,37827,37827,37827,8192,8192,37827,8192,team13,tie,1.9616940280751844,1.9616940280751844,1.9616940280751844,1.9616940280751844,0.0,0.0,A题研究/直接迭代/第六轮成果/方案/p1/n2/case_093_multicore_res.json,repository,方案/p1/n2/case_093_multicore_res.json,round6,ledger comparison; union not independently replayed
case_093,1,3,74205,25103,25103,25103,16384,16384,25103,16384,team13,tie,2.956021192686133,2.956021192686133,2.956021192686133,2.956021192686133,0.0,0.0,A题研究/直接迭代/第六轮成果/方案/p1/n3/case_093_multicore_res.json,repository,方案/p1/n3/case_093_multicore_res.json,round6,ledger comparison; union not independently replayed
case_093,1,4,74205,19779,19779,19779,24576,24576,19779,24576,team13,tie,3.751706355225239,3.751706355225239,3.751706355225239,3.751706355225239,0.0,0.0,A题研究/直接迭代/第六轮成果/方案/p1/n4/case_093_multicore_res.json,repository,方案/p1/n4/case_093_multicore_res.json,round6,ledger comparison; union not independently replayed
case_093,1,5,74205,15876,15876,15876,32768,32768,15876,32768,team13,tie,4.674036281179139,4.674036281179139,4.674036281179139,4.674036281179139,0.0,0.0,A题研究/直接迭代/第六轮成果/方案/p1/n5/case_093_multicore_res.json,repository,方案/p1/n5/case_093_multicore_res.json,round6,ledger comparison; union not independently replayed
case_093,2,1,74205,74205,74205,74205,0,0,74205,0,team13,tie,1.0,1.0,1.0,1.0,0.0,0.0,A题研究/直接迭代/第六轮成果/方案/p2/n1/case_093_multicore_res.json,repository,方案/p2/n1/case_093_multicore_res.json,round6,ledger comparison; union not independently replayed
case_093,2,2,74205,37559,37559,37559,12288,12288,37559,12288,team13,tie,1.9756915785830294,1.9756915785830294,1.9756915785830294,1.9756915785830294,0.0,0.0,A题研究/直接迭代/第六轮成果/方案/p2/n2/case_093_multicore_res.json,repository,方案/p2/n2/case_093_multicore_res.json,round6,ledger comparison; union not independently replayed
case_093,2,3,74205,25103,25103,25103,16384,16384,25103,16384,team13,tie,2.956021192686133,2.956021192686133,2.956021192686133,2.956021192686133,0.0,0.0,A题研究/直接迭代/第六轮成果/方案/p2/n3/case_093_multicore_res.json,repository,方案/p2/n3/case_093_multicore_res.json,round6,ledger comparison; union not independently replayed
case_093,2,4,74205,19546,19546,19546,28672,28672,19546,28672,team13,tie,3.796428936866878,3.796428936866878,3.796428936866878,3.796428936866878,0.0,0.0,A题研究/直接迭代/第六轮成果/方案/p2/n4/case_093_multicore_res.json,repository,方案/p2/n4/case_093_multicore_res.json,round6,ledger comparison; union not independently replayed
case_093,2,5,74205,15630,15630,15630,32768,32768,15630,32768,team13,tie,4.747600767754319,4.747600767754319,4.747600767754319,4.747600767754319,0.0,0.0,A题研究/直接迭代/第六轮成果/方案/p2/n5/case_093_multicore_res.json,repository,方案/p2/n5/case_093_multicore_res.json,round6,ledger comparison; union not independently replayed
case_093,3,1,74205,74205,74205,74205,0,0,74205,0,team13,tie,1.0,1.0,1.0,1.0,0.0,0.0,A题研究/直接迭代/第六轮成果/方案/p3/n1/case_093_multicore_res.json,repository,方案/p3/n1/case_093_multicore_res.json,round6,ledger comparison; union not independently replayed
case_093,3,2,74205,37559,37559,37559,12288,12288,37559,12288,team13,tie,1.9756915785830294,1.9756915785830294,1.9756915785830294,1.9756915785830294,0.0,0.0,A题研究/直接迭代/第六轮成果/方案/p3/n2/case_093_multicore_res.json,repository,方案/p3/n2/case_093_multicore_res.json,round6,ledger comparison; union not independently replayed
case_093,3,3,74205,25103,25103,25103,16384,16384,25103,16384,team13,tie,2.956021192686133,2.956021192686133,2.956021192686133,2.956021192686133,0.0,0.0,A题研究/直接迭代/第六轮成果/方案/p3/n3/case_093_multicore_res.json,repository,方案/p3/n3/case_093_multicore_res.json,round6,ledger comparison; union not independently replayed
case_093,3,4,74205,19475,19475,19475,28672,28672,19475,28672,team13,tie,3.8102695763799743,3.8102695763799743,3.8102695763799743,3.8102695763799743,0.0,0.0,A题研究/直接迭代/第六轮成果/方案/p3/n4/case_093_multicore_res.json,repository,方案/p3/n4/case_093_multicore_res.json,round6,ledger comparison; union not independently replayed
case_093,3,5,74205,15630,15630,15630,32768,32768,15630,32768,team13,tie,4.747600767754319,4.747600767754319,4.747600767754319,4.747600767754319,0.0,0.0,A题研究/直接迭代/第六轮成果/方案/p3/n5/case_093_multicore_res.json,repository,方案/p3/n5/case_093_multicore_res.json,round6,ledger comparison; union not independently replayed
case_094,1,1,94892,94892,94892,94892,0,0,94892,0,team13,tie,1.0,1.0,1.0,1.0,0.0,0.0,A题研究/直接迭代/第六轮成果/方案/p1/n1/case_094_multicore_res.json,repository,方案/p1/n1/case_094_multicore_res.json,round6,ledger comparison; union not independently replayed
case_094,1,2,94892,44002,44002,44002,170784,170784,44002,170784,team13,tie,2.1565383391664015,2.1565383391664015,2.1565383391664015,2.1565383391664015,0.0,0.0,A题研究/直接迭代/第六轮成果/方案/p1/n2/case_094_multicore_res.json,repository,方案/p1/n2/case_094_multicore_res.json,round6,ledger comparison; union not independently replayed
case_094,1,3,94892,35671,35671,35671,221472,221472,35671,221472,team13,tie,2.6602001625970675,2.6602001625970675,2.6602001625970675,2.6602001625970675,0.0,0.0,A题研究/直接迭代/第六轮成果/方案/p1/n3/case_094_multicore_res.json,repository,方案/p1/n3/case_094_multicore_res.json,round6,ledger comparison; union not independently replayed
case_094,1,4,94892,23422,23422,23422,318816,318816,23422,318816,team13,tie,4.051404662283323,4.051404662283323,4.051404662283323,4.051404662283323,0.0,0.0,A题研究/直接迭代/第六轮成果/方案/p1/n4/case_094_multicore_res.json,repository,方案/p1/n4/case_094_multicore_res.json,round6,ledger comparison; union not independently replayed
case_094,1,5,94892,23422,23422,23422,318816,318816,23422,318816,team13,tie,4.051404662283323,4.051404662283323,4.051404662283323,4.051404662283323,0.0,0.0,A题研究/直接迭代/第六轮成果/方案/p1/n5/case_094_multicore_res.json,repository,方案/p1/n5/case_094_multicore_res.json,round6,ledger comparison; union not independently replayed
case_094,2,1,94892,94892,94892,94892,0,0,94892,0,team13,tie,1.0,1.0,1.0,1.0,0.0,0.0,A题研究/直接迭代/第六轮成果/方案/p2/n1/case_094_multicore_res.json,repository,方案/p2/n1/case_094_multicore_res.json,round6,ledger comparison; union not independently replayed
case_094,2,2,94892,42158,42158,42158,106272,106272,42158,106272,team13,tie,2.250865790597277,2.250865790597277,2.250865790597277,2.250865790597277,0.0,0.0,A题研究/直接迭代/第六轮成果/方案/p2/n2/case_094_multicore_res.json,repository,方案/p2/n2/case_094_multicore_res.json,round6,ledger comparison; union not independently replayed
case_094,2,3,94892,30112,30112,25046,322848,212544,25046,212544,team13,team13,3.1513018065887355,3.1513018065887355,3.7887087758524314,3.7887087758524314,0.0,16.823857598299686,A题研究/直接迭代/第六轮成果/方案/p2/n3/case_094_multicore_res.json,repository,方案/p2/n3/case_094_multicore_res.json,round6,ledger comparison; union not independently replayed
case_094,2,4,94892,21760,21760,21760,318816,318816,21760,318816,team13,tie,4.360845588235295,4.360845588235295,4.360845588235295,4.360845588235295,0.0,0.0,A题研究/直接迭代/第六轮成果/方案/p2/n4/case_094_multicore_res.json,repository,方案/p2/n4/case_094_multicore_res.json,round6,ledger comparison; union not independently replayed
case_094,2,5,94892,20970,20365,17465,424224,259200,17465,259200,team13,team13,4.525131139723414,4.659562975693592,5.433266533066132,5.433266533066132,0.0,14.240117849251167,新增精选方案/p2/n5/case_094_multicore_res.json,delivery,方案/p2/n5/case_094_multicore_res.json,unified_v2_best_known_replayed,ledger comparison; union not independently replayed
case_094,3,1,94892,94892,94892,94892,0,0,94892,0,team13,tie,1.0,1.0,1.0,1.0,0.0,0.0,A题研究/直接迭代/第六轮成果/方案/p3/n1/case_094_multicore_res.json,repository,方案/p3/n1/case_094_multicore_res.json,round6,ledger comparison; union not independently replayed
case_094,3,2,94892,41343,41343,41343,106272,106272,41343,106272,team13,tie,2.29523740415548,2.29523740415548,2.29523740415548,2.29523740415548,0.0,0.0,A题研究/直接迭代/第六轮成果/方案/p3/n2/case_094_multicore_res.json,repository,方案/p3/n2/case_094_multicore_res.json,round6,ledger comparison; union not independently replayed
case_094,3,3,94892,29719,29719,25046,322848,212544,25046,212544,team13,team13,3.192974191594603,3.192974191594603,3.7887087758524314,3.7887087758524314,0.0,15.723947642922031,A题研究/直接迭代/第六轮成果/方案/p3/n3/case_094_multicore_res.json,repository,方案/p3/n3/case_094_multicore_res.json,round6,ledger comparison; union not independently replayed
case_094,3,4,94892,21760,21760,21760,318816,318816,21760,318816,team13,tie,4.360845588235295,4.360845588235295,4.360845588235295,4.360845588235295,0.0,0.0,A题研究/直接迭代/第六轮成果/方案/p3/n4/case_094_multicore_res.json,repository,方案/p3/n4/case_094_multicore_res.json,round6,ledger comparison; union not independently replayed
case_094,3,5,94892,20156,20156,16243,283776,259200,16243,259200,team13,team13,4.70787854733082,4.70787854733082,5.842024256602844,5.842024256602844,0.0,19.413574121849575,A题研究/直接迭代/第六轮成果/方案/p3/n5/case_094_multicore_res.json,repository,方案/p3/n5/case_094_multicore_res.json,round6,ledger comparison; union not independently replayed
case_095,1,1,2084853,2086080,2086080,2086080,0,0,2086080,0,team13,tie,0.9994118154624942,0.9994118154624942,0.9994118154624942,0.9994118154624942,0.0,0.0,A题研究/直接迭代/第六轮成果/方案/p1/n1/case_095_multicore_res.json,repository,方案/p1/n1/case_095_multicore_res.json,round6,ledger comparison; union not independently replayed
case_095,1,2,2084853,1042860,1042860,1042860,73728,73728,1042860,73728,team13,tie,1.9991686324147058,1.9991686324147058,1.9991686324147058,1.9991686324147058,0.0,0.0,A题研究/直接迭代/第六轮成果/方案/p1/n2/case_095_multicore_res.json,repository,方案/p1/n2/case_095_multicore_res.json,round6,ledger comparison; union not independently replayed
case_095,1,3,2084853,695775,695775,695775,0,0,695775,0,team13,tie,2.9964471273040854,2.9964471273040854,2.9964471273040854,2.9964471273040854,0.0,0.0,A题研究/直接迭代/第六轮成果/方案/p1/n3/case_095_multicore_res.json,repository,方案/p1/n3/case_095_multicore_res.json,round6,ledger comparison; union not independently replayed
case_095,1,4,2084853,524422,524422,524422,0,0,524422,0,team13,tie,3.9755254356224565,3.9755254356224565,3.9755254356224565,3.9755254356224565,0.0,0.0,A题研究/直接迭代/第六轮成果/方案/p1/n4/case_095_multicore_res.json,repository,方案/p1/n4/case_095_multicore_res.json,round6,ledger comparison; union not independently replayed
case_095,1,5,2084853,420852,420852,420852,0,0,420852,0,team13,tie,4.953886401870491,4.953886401870491,4.953886401870491,4.953886401870491,0.0,0.0,A题研究/直接迭代/第六轮成果/方案/p1/n5/case_095_multicore_res.json,repository,方案/p1/n5/case_095_multicore_res.json,round6,ledger comparison; union not independently replayed
case_095,2,1,2084853,2084853,2084853,2084853,0,0,2084853,0,team13,tie,1.0,1.0,1.0,1.0,0.0,0.0,A题研究/直接迭代/第六轮成果/方案/p2/n1/case_095_multicore_res.json,repository,方案/p2/n1/case_095_multicore_res.json,round6,ledger comparison; union not independently replayed
case_095,2,2,2084853,1042890,1042890,1042890,0,0,1042890,0,team13,tie,1.9991111238960964,1.9991111238960964,1.9991111238960964,1.9991111238960964,0.0,0.0,A题研究/直接迭代/第六轮成果/方案/p2/n2/case_095_multicore_res.json,repository,方案/p2/n2/case_095_multicore_res.json,round6,ledger comparison; union not independently replayed
case_095,2,3,2084853,695775,695775,695775,0,0,695775,0,team13,tie,2.9964471273040854,2.9964471273040854,2.9964471273040854,2.9964471273040854,0.0,0.0,A题研究/直接迭代/第六轮成果/方案/p2/n3/case_095_multicore_res.json,repository,方案/p2/n3/case_095_multicore_res.json,round6,ledger comparison; union not independently replayed
case_095,2,4,2084853,524422,524422,524422,0,0,524422,0,team13,tie,3.9755254356224565,3.9755254356224565,3.9755254356224565,3.9755254356224565,0.0,0.0,A题研究/直接迭代/第六轮成果/方案/p2/n4/case_095_multicore_res.json,repository,方案/p2/n4/case_095_multicore_res.json,round6,ledger comparison; union not independently replayed
case_095,2,5,2084853,420852,420749,220188,6446208,0,220188,0,team13,team13,4.953886401870491,4.955099120853525,9.468513270477954,9.468513270477954,0.0,47.667611806564004,新增精选方案/p2/n5/case_095_multicore_res.json,delivery,方案/p2/n5/case_095_multicore_res.json,unified_v2_best_known_replayed,ledger comparison; union not independently replayed
case_095,3,1,2084853,2084853,2084853,2084853,0,0,2084853,0,team13,tie,1.0,1.0,1.0,1.0,0.0,0.0,A题研究/直接迭代/第六轮成果/方案/p3/n1/case_095_multicore_res.json,repository,方案/p3/n1/case_095_multicore_res.json,round6,ledger comparison; union not independently replayed
case_095,3,2,2084853,1042890,1042890,1042890,0,0,1042890,0,team13,tie,1.9991111238960964,1.9991111238960964,1.9991111238960964,1.9991111238960964,0.0,0.0,A题研究/直接迭代/第六轮成果/方案/p3/n2/case_095_multicore_res.json,repository,方案/p3/n2/case_095_multicore_res.json,round6,ledger comparison; union not independently replayed
case_095,3,3,2084853,695775,695775,695775,0,0,695775,0,team13,tie,2.9964471273040854,2.9964471273040854,2.9964471273040854,2.9964471273040854,0.0,0.0,A题研究/直接迭代/第六轮成果/方案/p3/n3/case_095_multicore_res.json,repository,方案/p3/n3/case_095_multicore_res.json,round6,ledger comparison; union not independently replayed
case_095,3,4,2084853,524422,524422,524422,0,0,524422,0,team13,tie,3.9755254356224565,3.9755254356224565,3.9755254356224565,3.9755254356224565,0.0,0.0,A题研究/直接迭代/第六轮成果/方案/p3/n4/case_095_multicore_res.json,repository,方案/p3/n4/case_095_multicore_res.json,round6,ledger comparison; union not independently replayed
case_095,3,5,2084853,420852,420852,220188,0,0,220188,0,team13,team13,4.953886401870491,4.953886401870491,9.468513270477954,9.468513270477954,0.0,47.68041971999658,A题研究/直接迭代/第六轮成果/方案/p3/n5/case_095_multicore_res.json,repository,方案/p3/n5/case_095_multicore_res.json,round6,ledger comparison; union not independently replayed
case_096,1,1,84194,84343,84343,84343,65664,65664,84343,65664,team13,tie,0.9982334040762126,0.9982334040762126,0.9982334040762126,0.9982334040762126,0.0,0.0,A题研究/直接迭代/第六轮成果/方案/p1/n1/case_096_multicore_res.json,repository,方案/p1/n1/case_096_multicore_res.json,round6,ledger comparison; union not independently replayed
case_096,1,2,84194,46535,46535,46535,120960,120960,46535,120960,team13,tie,1.809261845922424,1.809261845922424,1.809261845922424,1.809261845922424,0.0,0.0,A题研究/直接迭代/第六轮成果/方案/p1/n2/case_096_multicore_res.json,repository,方案/p1/n2/case_096_multicore_res.json,round6,ledger comparison; union not independently replayed
case_096,1,3,84194,33662,33662,33662,67392,67392,33662,67392,team13,tie,2.5011585764363375,2.5011585764363375,2.5011585764363375,2.5011585764363375,0.0,0.0,A题研究/直接迭代/第六轮成果/方案/p1/n3/case_096_multicore_res.json,repository,方案/p1/n3/case_096_multicore_res.json,round6,ledger comparison; union not independently replayed
case_096,1,4,84194,26984,26984,26984,78336,78336,26984,78336,team13,tie,3.120145271271865,3.120145271271865,3.120145271271865,3.120145271271865,0.0,0.0,A题研究/直接迭代/第六轮成果/方案/p1/n4/case_096_multicore_res.json,repository,方案/p1/n4/case_096_multicore_res.json,round6,ledger comparison; union not independently replayed
case_096,1,5,84194,26984,26984,24966,78336,798822,24966,798822,team13,team13,3.120145271271865,3.120145271271865,3.372346391091885,3.372346391091885,0.0,7.4785057812036815,A题研究/直接迭代/第六轮成果/方案/p1/n5/case_096_multicore_res.json,repository,方案/p1/n5/case_096_multicore_res.json,round6,ledger comparison; union not independently replayed
case_096,2,1,84194,84194,84194,84194,0,0,84194,0,team13,tie,1.0,1.0,1.0,1.0,0.0,0.0,A题研究/直接迭代/第六轮成果/方案/p2/n1/case_096_multicore_res.json,repository,方案/p2/n1/case_096_multicore_res.json,round6,ledger comparison; union not independently replayed
case_096,2,2,84194,34851,34851,34851,816880,816880,34851,816880,team13,tie,2.4158273794152247,2.4158273794152247,2.4158273794152247,2.4158273794152247,0.0,0.0,A题研究/直接迭代/第六轮成果/方案/p2/n2/case_096_multicore_res.json,repository,方案/p2/n2/case_096_multicore_res.json,round6,ledger comparison; union not independently replayed
case_096,2,3,84194,24231,24231,24231,764004,764004,24231,764004,team13,tie,3.474639924064215,3.474639924064215,3.474639924064215,3.474639924064215,0.0,0.0,A题研究/直接迭代/第六轮成果/方案/p2/n3/case_096_multicore_res.json,repository,方案/p2/n3/case_096_multicore_res.json,round6,ledger comparison; union not independently replayed
case_096,2,4,84194,24231,24231,24231,764004,764004,24231,764004,team13,tie,3.474639924064215,3.474639924064215,3.474639924064215,3.474639924064215,0.0,0.0,A题研究/直接迭代/第六轮成果/方案/p2/n4/case_096_multicore_res.json,repository,方案/p2/n4/case_096_multicore_res.json,round6,ledger comparison; union not independently replayed
case_096,2,5,84194,24231,24231,24231,764004,764004,24231,764004,team13,tie,3.474639924064215,3.474639924064215,3.474639924064215,3.474639924064215,0.0,0.0,A题研究/直接迭代/第六轮成果/方案/p2/n5/case_096_multicore_res.json,repository,方案/p2/n5/case_096_multicore_res.json,round6,ledger comparison; union not independently replayed
case_096,3,1,84194,84194,84194,84194,0,0,84194,0,team13,tie,1.0,1.0,1.0,1.0,0.0,0.0,A题研究/直接迭代/第六轮成果/方案/p3/n1/case_096_multicore_res.json,repository,方案/p3/n1/case_096_multicore_res.json,round6,ledger comparison; union not independently replayed
case_096,3,2,84194,34370,34370,34370,816880,816880,34370,816880,team13,tie,2.449636310736107,2.449636310736107,2.449636310736107,2.449636310736107,0.0,0.0,A题研究/直接迭代/第六轮成果/方案/p3/n2/case_096_multicore_res.json,repository,方案/p3/n2/case_096_multicore_res.json,round6,ledger comparison; union not independently replayed
case_096,3,3,84194,24072,24072,24072,764004,764004,24072,764004,team13,tie,3.497590561648388,3.497590561648388,3.497590561648388,3.497590561648388,0.0,0.0,A题研究/直接迭代/第六轮成果/方案/p3/n3/case_096_multicore_res.json,repository,方案/p3/n3/case_096_multicore_res.json,round6,ledger comparison; union not independently replayed
case_096,3,4,84194,24072,24072,24072,764004,764004,24072,764004,team13,tie,3.497590561648388,3.497590561648388,3.497590561648388,3.497590561648388,0.0,0.0,A题研究/直接迭代/第六轮成果/方案/p3/n4/case_096_multicore_res.json,repository,方案/p3/n4/case_096_multicore_res.json,round6,ledger comparison; union not independently replayed
case_096,3,5,84194,24072,21779,24072,235312,764004,21779,235312,ours,ours,3.497590561648388,3.8658340603333485,3.497590561648388,3.8658340603333485,9.525589896975738,-10.528490747968222,新增精选方案/p3/n5/case_096_multicore_res.json,delivery,方案/p3/n5/case_096_multicore_res.json,unified_v2_best_known_replayed,ledger comparison; union not independently replayed
case_097,1,1,11491509,11215101,11215101,11215101,12988416,12988416,11215101,12988416,team13,tie,1.024646055349836,1.024646055349836,1.024646055349836,1.024646055349836,0.0,0.0,A题研究/直接迭代/第六轮成果/方案/p1/n1/case_097_multicore_res.json,repository,方案/p1/n1/case_097_multicore_res.json,round6,ledger comparison; union not independently replayed
case_097,1,2,11491509,5156692,5156692,5156692,11927552,11927552,5156692,11927552,team13,tie,2.2284652641654765,2.2284652641654765,2.2284652641654765,2.2284652641654765,0.0,0.0,A题研究/直接迭代/第六轮成果/方案/p1/n2/case_097_multicore_res.json,repository,方案/p1/n2/case_097_multicore_res.json,round6,ledger comparison; union not independently replayed
case_097,1,3,11491509,3577028,3577028,3577028,29818880,29818880,3577028,29818880,team13,tie,3.2125856996366817,3.2125856996366817,3.2125856996366817,3.2125856996366817,0.0,0.0,A题研究/直接迭代/第六轮成果/方案/p1/n3/case_097_multicore_res.json,repository,方案/p1/n3/case_097_multicore_res.json,round6,ledger comparison; union not independently replayed
case_097,1,4,11491509,2579804,2579804,2579804,11927552,11927552,2579804,11927552,team13,tie,4.454411652978289,4.454411652978289,4.454411652978289,4.454411652978289,0.0,0.0,A题研究/直接迭代/第六轮成果/方案/p1/n4/case_097_multicore_res.json,repository,方案/p1/n4/case_097_multicore_res.json,round6,ledger comparison; union not independently replayed
case_097,1,5,11491509,2102348,2102348,2102348,21311488,21311488,2102348,21311488,team13,tie,5.466035594487687,5.466035594487687,5.466035594487687,5.466035594487687,0.0,0.0,A题研究/直接迭代/第六轮成果/方案/p1/n5/case_097_multicore_res.json,repository,方案/p1/n5/case_097_multicore_res.json,round6,ledger comparison; union not independently replayed
case_097,2,1,11491509,11491509,11491509,11491509,10584064,10584064,11491509,10584064,team13,tie,1.0,1.0,1.0,1.0,0.0,0.0,A题研究/直接迭代/第六轮成果/方案/p2/n1/case_097_multicore_res.json,repository,方案/p2/n1/case_097_multicore_res.json,round6,ledger comparison; union not independently replayed
case_097,2,2,11491509,5601821,5601821,5601821,11821056,11821056,5601821,11821056,team13,tie,2.0513881111160104,2.0513881111160104,2.0513881111160104,2.0513881111160104,0.0,0.0,A题研究/直接迭代/第六轮成果/方案/p2/n2/case_097_multicore_res.json,repository,方案/p2/n2/case_097_multicore_res.json,round6,ledger comparison; union not independently replayed
case_097,2,3,11491509,3651847,3651847,3651847,16058368,16058368,3651847,16058368,team13,tie,3.146766280186437,3.146766280186437,3.146766280186437,3.146766280186437,0.0,0.0,A题研究/直接迭代/第六轮成果/方案/p2/n3/case_097_multicore_res.json,repository,方案/p2/n3/case_097_multicore_res.json,round6,ledger comparison; union not independently replayed
case_097,2,4,11491509,2624984,2624984,2624984,14254080,14254080,2624984,14254080,team13,tie,4.3777443976801385,4.3777443976801385,4.3777443976801385,4.3777443976801385,0.0,0.0,A题研究/直接迭代/第六轮成果/方案/p2/n4/case_097_multicore_res.json,repository,方案/p2/n4/case_097_multicore_res.json,round6,ledger comparison; union not independently replayed
case_097,2,5,11491509,2102294,2102294,2102294,21319680,21319680,2102294,21319680,team13,tie,5.466175996316405,5.466175996316405,5.466175996316405,5.466175996316405,0.0,0.0,A题研究/直接迭代/第六轮成果/方案/p2/n5/case_097_multicore_res.json,repository,方案/p2/n5/case_097_multicore_res.json,round6,ledger comparison; union not independently replayed
case_097,3,1,11491509,11491509,11491509,11491509,10584064,10584064,11491509,10584064,team13,tie,1.0,1.0,1.0,1.0,0.0,0.0,A题研究/直接迭代/第六轮成果/方案/p3/n1/case_097_multicore_res.json,repository,方案/p3/n1/case_097_multicore_res.json,round6,ledger comparison; union not independently replayed
case_097,3,2,11491509,5601821,5601821,5601821,11821056,11821056,5601821,11821056,team13,tie,2.0513881111160104,2.0513881111160104,2.0513881111160104,2.0513881111160104,0.0,0.0,A题研究/直接迭代/第六轮成果/方案/p3/n2/case_097_multicore_res.json,repository,方案/p3/n2/case_097_multicore_res.json,round6,ledger comparison; union not independently replayed
case_097,3,3,11491509,3651113,3651113,3651113,16058368,16058368,3651113,16058368,team13,tie,3.147398889051092,3.147398889051092,3.147398889051092,3.147398889051092,0.0,0.0,A题研究/直接迭代/第六轮成果/方案/p3/n3/case_097_multicore_res.json,repository,方案/p3/n3/case_097_multicore_res.json,round6,ledger comparison; union not independently replayed
case_097,3,4,11491509,2624356,2624356,2624356,14254080,14254080,2624356,14254080,team13,tie,4.37879197791763,4.37879197791763,4.37879197791763,4.37879197791763,0.0,0.0,A题研究/直接迭代/第六轮成果/方案/p3/n4/case_097_multicore_res.json,repository,方案/p3/n4/case_097_multicore_res.json,round6,ledger comparison; union not independently replayed
case_097,3,5,11491509,2101714,2101714,2101714,21319680,21319680,2101714,21319680,team13,tie,5.467684470865208,5.467684470865208,5.467684470865208,5.467684470865208,0.0,0.0,A题研究/直接迭代/第六轮成果/方案/p3/n5/case_097_multicore_res.json,repository,方案/p3/n5/case_097_multicore_res.json,round6,ledger comparison; union not independently replayed
case_098,1,1,177430,177600,177600,177600,0,0,177600,0,team13,tie,0.9990427927927928,0.9990427927927928,0.9990427927927928,0.9990427927927928,0.0,0.0,A题研究/直接迭代/第六轮成果/方案/p1/n1/case_098_multicore_res.json,repository,方案/p1/n1/case_098_multicore_res.json,round6,ledger comparison; union not independently replayed
case_098,1,2,177430,89756,89756,89756,0,0,89756,0,team13,tie,1.9768037791345425,1.9768037791345425,1.9768037791345425,1.9768037791345425,0.0,0.0,A题研究/直接迭代/第六轮成果/方案/p1/n2/case_098_multicore_res.json,repository,方案/p1/n2/case_098_multicore_res.json,round6,ledger comparison; union not independently replayed
case_098,1,3,177430,89756,89756,89756,0,0,89756,0,team13,tie,1.9768037791345425,1.9768037791345425,1.9768037791345425,1.9768037791345425,0.0,0.0,A题研究/直接迭代/第六轮成果/方案/p1/n3/case_098_multicore_res.json,repository,方案/p1/n3/case_098_multicore_res.json,round6,ledger comparison; union not independently replayed
case_098,1,4,177430,89756,89756,89756,0,0,89756,0,team13,tie,1.9768037791345425,1.9768037791345425,1.9768037791345425,1.9768037791345425,0.0,0.0,A题研究/直接迭代/第六轮成果/方案/p1/n4/case_098_multicore_res.json,repository,方案/p1/n4/case_098_multicore_res.json,round6,ledger comparison; union not independently replayed
case_098,1,5,177430,89756,82199,89756,1028624,0,82199,1028624,ours,ours,1.9768037791345425,2.1585420747211037,1.9768037791345425,2.1585420747211037,8.419492847274835,-9.193542500517049,新增精选方案/p1/n5/case_098_multicore_res.json,delivery,方案/p1/n5/case_098_multicore_res.json,unified_v2_best_known_replayed,ledger comparison; union not independently replayed
case_098,2,1,177430,177430,177430,177430,0,0,177430,0,team13,tie,1.0,1.0,1.0,1.0,0.0,0.0,A题研究/直接迭代/第六轮成果/方案/p2/n1/case_098_multicore_res.json,repository,方案/p2/n1/case_098_multicore_res.json,round6,ledger comparison; union not independently replayed
case_098,2,2,177430,89620,89620,89620,0,0,89620,0,team13,tie,1.9798036152644498,1.9798036152644498,1.9798036152644498,1.9798036152644498,0.0,0.0,A题研究/直接迭代/第六轮成果/方案/p2/n2/case_098_multicore_res.json,repository,方案/p2/n2/case_098_multicore_res.json,round6,ledger comparison; union not independently replayed
case_098,2,3,177430,63811,63811,63811,1054616,1054616,63811,1054616,team13,tie,2.780555076710912,2.780555076710912,2.780555076710912,2.780555076710912,0.0,0.0,A题研究/直接迭代/第六轮成果/方案/p2/n3/case_098_multicore_res.json,repository,方案/p2/n3/case_098_multicore_res.json,round6,ledger comparison; union not independently replayed
case_098,2,4,177430,63811,63811,63811,1054616,1054616,63811,1054616,team13,tie,2.780555076710912,2.780555076710912,2.780555076710912,2.780555076710912,0.0,0.0,A题研究/直接迭代/第六轮成果/方案/p2/n4/case_098_multicore_res.json,repository,方案/p2/n4/case_098_multicore_res.json,round6,ledger comparison; union not independently replayed
case_098,2,5,177430,45597,45597,45597,858868,858868,45597,858868,team13,tie,3.891264776191416,3.891264776191416,3.891264776191416,3.891264776191416,0.0,0.0,A题研究/直接迭代/第六轮成果/方案/p2/n5/case_098_multicore_res.json,repository,方案/p2/n5/case_098_multicore_res.json,round6,ledger comparison; union not independently replayed
case_098,3,1,177430,177430,177430,177430,0,0,177430,0,team13,tie,1.0,1.0,1.0,1.0,0.0,0.0,A题研究/直接迭代/第六轮成果/方案/p3/n1/case_098_multicore_res.json,repository,方案/p3/n1/case_098_multicore_res.json,round6,ledger comparison; union not independently replayed
case_098,3,2,177430,89620,89620,89620,0,0,89620,0,team13,tie,1.9798036152644498,1.9798036152644498,1.9798036152644498,1.9798036152644498,0.0,0.0,A题研究/直接迭代/第六轮成果/方案/p3/n2/case_098_multicore_res.json,repository,方案/p3/n2/case_098_multicore_res.json,round6,ledger comparison; union not independently replayed
case_098,3,3,177430,62695,62695,62695,1054616,1054616,62695,1054616,team13,tie,2.8300502432410877,2.8300502432410877,2.8300502432410877,2.8300502432410877,0.0,0.0,A题研究/直接迭代/第六轮成果/方案/p3/n3/case_098_multicore_res.json,repository,方案/p3/n3/case_098_multicore_res.json,round6,ledger comparison; union not independently replayed
case_098,3,4,177430,62695,62695,62695,1054616,1054616,62695,1054616,team13,tie,2.8300502432410877,2.8300502432410877,2.8300502432410877,2.8300502432410877,0.0,0.0,A题研究/直接迭代/第六轮成果/方案/p3/n4/case_098_multicore_res.json,repository,方案/p3/n4/case_098_multicore_res.json,round6,ledger comparison; union not independently replayed
case_098,3,5,177430,44288,44288,44288,875252,875252,44288,875252,team13,tie,4.006277095375722,4.006277095375722,4.006277095375722,4.006277095375722,0.0,0.0,A题研究/直接迭代/第六轮成果/方案/p3/n5/case_098_multicore_res.json,repository,方案/p3/n5/case_098_multicore_res.json,round6,ledger comparison; union not independently replayed
case_099,1,1,1622999,1611716,1611716,1611716,7073792,7073792,1611716,7073792,team13,tie,1.0070006130112252,1.0070006130112252,1.0070006130112252,1.0070006130112252,0.0,0.0,A题研究/直接迭代/第六轮成果/方案/p1/n1/case_099_multicore_res.json,repository,方案/p1/n1/case_099_multicore_res.json,round6,ledger comparison; union not independently replayed
case_099,1,2,1622999,807246,807246,807246,8232960,8232960,807246,8232960,team13,tie,2.0105382993536045,2.0105382993536045,2.0105382993536045,2.0105382993536045,0.0,0.0,A题研究/直接迭代/第六轮成果/方案/p1/n2/case_099_multicore_res.json,repository,方案/p1/n2/case_099_multicore_res.json,round6,ledger comparison; union not independently replayed
case_099,1,3,1622999,537682,537682,537682,9621504,9621504,537682,9621504,team13,tie,3.018510941411466,3.018510941411466,3.018510941411466,3.018510941411466,0.0,0.0,A题研究/直接迭代/第六轮成果/方案/p1/n3/case_099_multicore_res.json,repository,方案/p1/n3/case_099_multicore_res.json,round6,ledger comparison; union not independently replayed
case_099,1,4,1622999,405655,405655,405655,9764864,9764864,405655,9764864,team13,tie,4.000934291454561,4.000934291454561,4.000934291454561,4.000934291454561,0.0,0.0,A题研究/直接迭代/第六轮成果/方案/p1/n4/case_099_multicore_res.json,repository,方案/p1/n4/case_099_multicore_res.json,round6,ledger comparison; union not independently replayed
case_099,1,5,1622999,337075,337075,337075,10698752,10698752,337075,10698752,team13,tie,4.814949195282949,4.814949195282949,4.814949195282949,4.814949195282949,0.0,0.0,A题研究/直接迭代/第六轮成果/方案/p1/n5/case_099_multicore_res.json,repository,方案/p1/n5/case_099_multicore_res.json,round6,ledger comparison; union not independently replayed
case_099,2,1,1622999,1622999,1622999,1622999,5484544,5484544,1622999,5484544,team13,tie,1.0,1.0,1.0,1.0,0.0,0.0,A题研究/直接迭代/第六轮成果/方案/p2/n1/case_099_multicore_res.json,repository,方案/p2/n1/case_099_multicore_res.json,round6,ledger comparison; union not independently replayed
case_099,2,2,1622999,809444,809444,809444,3375104,3375104,809444,3375104,team13,tie,2.0050787948270665,2.0050787948270665,2.0050787948270665,2.0050787948270665,0.0,0.0,A题研究/直接迭代/第六轮成果/方案/p2/n2/case_099_multicore_res.json,repository,方案/p2/n2/case_099_multicore_res.json,round6,ledger comparison; union not independently replayed
case_099,2,3,1622999,539401,539401,539401,8294400,8294400,539401,8294400,team13,tie,3.0088913442874596,3.0088913442874596,3.0088913442874596,3.0088913442874596,0.0,0.0,A题研究/直接迭代/第六轮成果/方案/p2/n3/case_099_multicore_res.json,repository,方案/p2/n3/case_099_multicore_res.json,round6,ledger comparison; union not independently replayed
case_099,2,4,1622999,405317,405317,405317,9764864,9764864,405317,9764864,team13,tie,4.00427073130414,4.00427073130414,4.00427073130414,4.00427073130414,0.0,0.0,A题研究/直接迭代/第六轮成果/方案/p2/n4/case_099_multicore_res.json,repository,方案/p2/n4/case_099_multicore_res.json,round6,ledger comparison; union not independently replayed
case_099,2,5,1622999,330651,330651,330651,6586368,6586368,330651,6586368,team13,tie,4.908495664613142,4.908495664613142,4.908495664613142,4.908495664613142,0.0,0.0,A题研究/直接迭代/第六轮成果/方案/p2/n5/case_099_multicore_res.json,repository,方案/p2/n5/case_099_multicore_res.json,round6,ledger comparison; union not independently replayed
case_099,3,1,1622999,1618902,1618902,1618902,5484544,5484544,1618902,5484544,team13,tie,1.002530727616619,1.002530727616619,1.002530727616619,1.002530727616619,0.0,0.0,A题研究/直接迭代/第六轮成果/方案/p3/n1/case_099_multicore_res.json,repository,方案/p3/n1/case_099_multicore_res.json,round6,ledger comparison; union not independently replayed
case_099,3,2,1622999,806972,806972,806972,7319552,7319552,806972,7319552,team13,tie,2.0112209593393575,2.0112209593393575,2.0112209593393575,2.0112209593393575,0.0,0.0,A题研究/直接迭代/第六轮成果/方案/p3/n2/case_099_multicore_res.json,repository,方案/p3/n2/case_099_multicore_res.json,round6,ledger comparison; union not independently replayed
case_099,3,3,1622999,538579,538579,538579,8294400,8294400,538579,8294400,team13,tie,3.0134836300709833,3.0134836300709833,3.0134836300709833,3.0134836300709833,0.0,0.0,A题研究/直接迭代/第六轮成果/方案/p3/n3/case_099_multicore_res.json,repository,方案/p3/n3/case_099_multicore_res.json,round6,ledger comparison; union not independently replayed
case_099,3,4,1622999,403402,403402,403402,9764864,9764864,403402,9764864,team13,tie,4.0232795077862775,4.0232795077862775,4.0232795077862775,4.0232795077862775,0.0,0.0,A题研究/直接迭代/第六轮成果/方案/p3/n4/case_099_multicore_res.json,repository,方案/p3/n4/case_099_multicore_res.json,round6,ledger comparison; union not independently replayed
case_099,3,5,1622999,325469,325469,325469,8830976,8830976,325469,8830976,team13,tie,4.986646961769017,4.986646961769017,4.986646961769017,4.986646961769017,0.0,0.0,A题研究/直接迭代/第六轮成果/方案/p3/n5/case_099_multicore_res.json,repository,方案/p3/n5/case_099_multicore_res.json,round6,ledger comparison; union not independently replayed
case_100,1,1,151223,151461,151461,151461,0,0,151461,0,team13,tie,0.9984286383953626,0.9984286383953626,0.9984286383953626,0.9984286383953626,0.0,0.0,A题研究/直接迭代/第六轮成果/方案/p1/n1/case_100_multicore_res.json,repository,方案/p1/n1/case_100_multicore_res.json,round6,ledger comparison; union not independently replayed
case_100,1,2,151223,82475,82475,82475,534528,534528,82475,534528,team13,tie,1.8335616853591998,1.8335616853591998,1.8335616853591998,1.8335616853591998,0.0,0.0,A题研究/直接迭代/第六轮成果/方案/p1/n2/case_100_multicore_res.json,repository,方案/p1/n2/case_100_multicore_res.json,round6,ledger comparison; union not independently replayed
case_100,1,3,151223,57811,57811,57811,72192,72192,57811,72192,team13,tie,2.6158170590372074,2.6158170590372074,2.6158170590372074,2.6158170590372074,0.0,0.0,A题研究/直接迭代/第六轮成果/方案/p1/n3/case_100_multicore_res.json,repository,方案/p1/n3/case_100_multicore_res.json,round6,ledger comparison; union not independently replayed
case_100,1,4,151223,57811,57811,57811,72192,72192,57811,72192,team13,tie,2.6158170590372074,2.6158170590372074,2.6158170590372074,2.6158170590372074,0.0,0.0,A题研究/直接迭代/第六轮成果/方案/p1/n4/case_100_multicore_res.json,repository,方案/p1/n4/case_100_multicore_res.json,round6,ledger comparison; union not independently replayed
case_100,1,5,151223,57811,57811,57811,0,55296,57811,0,ours,tie,2.6158170590372074,2.6158170590372074,2.6158170590372074,2.6158170590372074,0.0,0.0,A题研究/直接迭代/联合推进成果_20260925/方案/case_100_p1_n5.json,repository,方案/p1/n5/case_100_multicore_res.json,previous_joint_delivery,ledger comparison; union not independently replayed
case_100,2,1,151223,151223,151223,151223,0,0,151223,0,team13,tie,1.0,1.0,1.0,1.0,0.0,0.0,A题研究/直接迭代/第六轮成果/方案/p2/n1/case_100_multicore_res.json,repository,方案/p2/n1/case_100_multicore_res.json,round6,ledger comparison; union not independently replayed
case_100,2,2,151223,80697,80697,80697,3197966,3197966,80697,3197966,team13,tie,1.873960618114676,1.873960618114676,1.873960618114676,1.873960618114676,0.0,0.0,A题研究/直接迭代/第六轮成果/方案/p2/n2/case_100_multicore_res.json,repository,方案/p2/n2/case_100_multicore_res.json,round6,ledger comparison; union not independently replayed
case_100,2,3,151223,57811,57811,57811,0,0,57811,0,team13,tie,2.6158170590372074,2.6158170590372074,2.6158170590372074,2.6158170590372074,0.0,0.0,A题研究/直接迭代/第六轮成果/方案/p2/n3/case_100_multicore_res.json,repository,方案/p2/n3/case_100_multicore_res.json,round6,ledger comparison; union not independently replayed
case_100,2,4,151223,57811,57811,57811,0,0,57811,0,team13,tie,2.6158170590372074,2.6158170590372074,2.6158170590372074,2.6158170590372074,0.0,0.0,A题研究/直接迭代/第六轮成果/方案/p2/n4/case_100_multicore_res.json,repository,方案/p2/n4/case_100_multicore_res.json,round6,ledger comparison; union not independently replayed
case_100,2,5,151223,57811,57811,57811,0,0,57811,0,team13,tie,2.6158170590372074,2.6158170590372074,2.6158170590372074,2.6158170590372074,0.0,0.0,A题研究/直接迭代/第六轮成果/方案/p2/n5/case_100_multicore_res.json,repository,方案/p2/n5/case_100_multicore_res.json,round6,ledger comparison; union not independently replayed
case_100,3,1,151223,151223,151223,151223,0,0,151223,0,team13,tie,1.0,1.0,1.0,1.0,0.0,0.0,A题研究/直接迭代/第六轮成果/方案/p3/n1/case_100_multicore_res.json,repository,方案/p3/n1/case_100_multicore_res.json,round6,ledger comparison; union not independently replayed
case_100,3,2,151223,79693,79693,79693,3197966,3197966,79693,3197966,team13,tie,1.8975694226594557,1.8975694226594557,1.8975694226594557,1.8975694226594557,0.0,0.0,A题研究/直接迭代/第六轮成果/方案/p3/n2/case_100_multicore_res.json,repository,方案/p3/n2/case_100_multicore_res.json,round6,ledger comparison; union not independently replayed
case_100,3,3,151223,57811,57811,57811,0,0,57811,0,team13,tie,2.6158170590372074,2.6158170590372074,2.6158170590372074,2.6158170590372074,0.0,0.0,A题研究/直接迭代/第六轮成果/方案/p3/n3/case_100_multicore_res.json,repository,方案/p3/n3/case_100_multicore_res.json,round6,ledger comparison; union not independently replayed
case_100,3,4,151223,57811,57811,57811,0,0,57811,0,team13,tie,2.6158170590372074,2.6158170590372074,2.6158170590372074,2.6158170590372074,0.0,0.0,A题研究/直接迭代/第六轮成果/方案/p3/n4/case_100_multicore_res.json,repository,方案/p3/n4/case_100_multicore_res.json,round6,ledger comparison; union not independently replayed
case_100,3,5,151223,57811,57811,57811,0,0,57811,0,team13,tie,2.6158170590372074,2.6158170590372074,2.6158170590372074,2.6158170590372074,0.0,0.0,A题研究/直接迭代/第六轮成果/方案/p3/n5/case_100_multicore_res.json,repository,方案/p3/n5/case_100_multicore_res.json,round6,ledger comparison; union not independently replayed
