case,problem,cores,mode,makespan,added_copy,byte_hit_rate,time_ratio,copy_saved_vs_fastest,plan,plan_sha256
case_001,2,5,min_copy_within_1pct_time,47502,4608,,1.0,0,p2/case_001/min_copy_within_1pct_time.json,811c489eb7d6113f0afaa4b601c2327b28ff85d87c97f113bb17239be950b2e6
case_001,2,5,min_copy_within_3pct_time,47502,4608,,1.0,0,p2/case_001/min_copy_within_3pct_time.json,811c489eb7d6113f0afaa4b601c2327b28ff85d87c97f113bb17239be950b2e6
case_001,2,5,time_first,47502,4608,,1.0,0,p2/case_001/time_first.json,811c489eb7d6113f0afaa4b601c2327b28ff85d87c97f113bb17239be950b2e6
case_002,2,5,min_copy_within_1pct_time,51909,663552,,1.0,0,p2/case_002/min_copy_within_1pct_time.json,dbb6eb87c3bfbec2d089e17d1fc848141a2b1d1d4abb9d51121ef024f10b3f37
case_002,2,5,min_copy_within_3pct_time,51909,663552,,1.0,0,p2/case_002/min_copy_within_3pct_time.json,dbb6eb87c3bfbec2d089e17d1fc848141a2b1d1d4abb9d51121ef024f10b3f37
case_002,2,5,time_first,51909,663552,,1.0,0,p2/case_002/time_first.json,dbb6eb87c3bfbec2d089e17d1fc848141a2b1d1d4abb9d51121ef024f10b3f37
case_003,2,5,min_copy_within_1pct_time,269541,13187602,,1.0,0,p2/case_003/min_copy_within_1pct_time.json,7e4f982da638b5a3fe856963cd2a89b26e65741d7add74335ba11ba65936f71f
case_003,2,5,min_copy_within_3pct_time,269541,13187602,,1.0,0,p2/case_003/min_copy_within_3pct_time.json,7e4f982da638b5a3fe856963cd2a89b26e65741d7add74335ba11ba65936f71f
case_003,2,5,time_first,269541,13187602,,1.0,0,p2/case_003/time_first.json,7e4f982da638b5a3fe856963cd2a89b26e65741d7add74335ba11ba65936f71f
case_004,2,5,min_copy_within_1pct_time,84042,457728,,1.008677492528715,254976,p2/case_004/min_copy_within_1pct_time.json,73c8aacdb33481b18778b84a35d699e1afe9686be411b1beb3b7b18ea5cf75cf
case_004,2,5,min_copy_within_3pct_time,85097,442368,,1.0213396704233129,270336,p2/case_004/min_copy_within_3pct_time.json,b03e3741c898cf381ee18da80b34a27d466e71fdc1a41672504e7911f5de5870
case_004,2,5,time_first,83319,712704,,1.0,0,p2/case_004/time_first.json,1e1ce8b3c1c01e0f6dc8b9119d0128d7f5c83b1e12966d543de1b1f0e4801992
case_005,2,5,min_copy_within_1pct_time,40901,1937016,,1.0,0,p2/case_005/min_copy_within_1pct_time.json,c526ca6ad53a3da7f5d1f5d7661e23cd5967b0c1366a258068c33b0c88fba96f
case_005,2,5,min_copy_within_3pct_time,40901,1937016,,1.0,0,p2/case_005/min_copy_within_3pct_time.json,c526ca6ad53a3da7f5d1f5d7661e23cd5967b0c1366a258068c33b0c88fba96f
case_005,2,5,time_first,40901,1937016,,1.0,0,p2/case_005/time_first.json,c526ca6ad53a3da7f5d1f5d7661e23cd5967b0c1366a258068c33b0c88fba96f
case_006,2,5,min_copy_within_1pct_time,31729,63616,,1.0,0,p2/case_006/min_copy_within_1pct_time.json,3aa8111a2c51a154355d695532ece49f7731f289086dc4e21e523e85487d1139
case_006,2,5,min_copy_within_3pct_time,31729,63616,,1.0,0,p2/case_006/min_copy_within_3pct_time.json,3aa8111a2c51a154355d695532ece49f7731f289086dc4e21e523e85487d1139
case_006,2,5,time_first,31729,63616,,1.0,0,p2/case_006/time_first.json,3aa8111a2c51a154355d695532ece49f7731f289086dc4e21e523e85487d1139
case_007,2,5,min_copy_within_1pct_time,196870,110592,,1.0,0,p2/case_007/min_copy_within_1pct_time.json,71b49abfdc7708499bc2d60707658ae852ac0c6c86e6b92e741953d214f002c5
case_007,2,5,min_copy_within_3pct_time,196870,110592,,1.0,0,p2/case_007/min_copy_within_3pct_time.json,71b49abfdc7708499bc2d60707658ae852ac0c6c86e6b92e741953d214f002c5
case_007,2,5,time_first,196870,110592,,1.0,0,p2/case_007/time_first.json,71b49abfdc7708499bc2d60707658ae852ac0c6c86e6b92e741953d214f002c5
case_008,2,5,min_copy_within_1pct_time,55855,0,,1.0,0,p2/case_008/min_copy_within_1pct_time.json,e88b516d4f6a3167d37e45a5dc30ed4ac5c281a3d7a2bc650c29bf1748f78719
case_008,2,5,min_copy_within_3pct_time,55855,0,,1.0,0,p2/case_008/min_copy_within_3pct_time.json,e88b516d4f6a3167d37e45a5dc30ed4ac5c281a3d7a2bc650c29bf1748f78719
case_008,2,5,time_first,55855,0,,1.0,0,p2/case_008/time_first.json,e88b516d4f6a3167d37e45a5dc30ed4ac5c281a3d7a2bc650c29bf1748f78719
case_009,2,5,min_copy_within_1pct_time,42596,1332918,,1.0,0,p2/case_009/min_copy_within_1pct_time.json,732f324d3a391235e96410052c26dedbbdae1629326f4c78bb418bb80ae0bb7e
case_009,2,5,min_copy_within_3pct_time,42596,1332918,,1.0,0,p2/case_009/min_copy_within_3pct_time.json,732f324d3a391235e96410052c26dedbbdae1629326f4c78bb418bb80ae0bb7e
case_009,2,5,time_first,42596,1332918,,1.0,0,p2/case_009/time_first.json,732f324d3a391235e96410052c26dedbbdae1629326f4c78bb418bb80ae0bb7e
case_010,2,5,min_copy_within_1pct_time,19138,554512,,1.0,0,p2/case_010/min_copy_within_1pct_time.json,75e0e66226f632c335896d19b39dc646d1bf6b2f6b4f60d661f711db075c268a
case_010,2,5,min_copy_within_3pct_time,19138,554512,,1.0,0,p2/case_010/min_copy_within_3pct_time.json,75e0e66226f632c335896d19b39dc646d1bf6b2f6b4f60d661f711db075c268a
case_010,2,5,time_first,19138,554512,,1.0,0,p2/case_010/time_first.json,75e0e66226f632c335896d19b39dc646d1bf6b2f6b4f60d661f711db075c268a
case_011,2,5,min_copy_within_1pct_time,46253,1624064,,1.0,0,p2/case_011/min_copy_within_1pct_time.json,d595328c1b0a6086d3bf75238712e1631e1c35f4d87f16386e299da68ecbffe8
case_011,2,5,min_copy_within_3pct_time,46777,1622016,,1.011328994876008,2048,p2/case_011/min_copy_within_3pct_time.json,eb96163c1fc9e2c4f73447cf95966f21ae4d783659122f379d0e8b046b04dbbe
case_011,2,5,time_first,46253,1624064,,1.0,0,p2/case_011/time_first.json,d595328c1b0a6086d3bf75238712e1631e1c35f4d87f16386e299da68ecbffe8
case_012,2,5,min_copy_within_1pct_time,12279,49536,,1.0,0,p2/case_012/min_copy_within_1pct_time.json,295689f2c0d8888fca27a1a7d53048a57434f4f644d0c699302b64194798f41d
case_012,2,5,min_copy_within_3pct_time,12279,49536,,1.0,0,p2/case_012/min_copy_within_3pct_time.json,295689f2c0d8888fca27a1a7d53048a57434f4f644d0c699302b64194798f41d
case_012,2,5,time_first,12279,49536,,1.0,0,p2/case_012/time_first.json,295689f2c0d8888fca27a1a7d53048a57434f4f644d0c699302b64194798f41d
case_013,2,5,min_copy_within_1pct_time,54363,32768,,1.0043044522445963,4096,p2/case_013/min_copy_within_1pct_time.json,3b76e6ddcb1b70103c11d6b51d3cf93c3293c1509bc3058be8ec5a38d714d7e0
case_013,2,5,min_copy_within_3pct_time,54363,32768,,1.0043044522445963,4096,p2/case_013/min_copy_within_3pct_time.json,3b76e6ddcb1b70103c11d6b51d3cf93c3293c1509bc3058be8ec5a38d714d7e0
case_013,2,5,time_first,54130,36864,,1.0,0,p2/case_013/time_first.json,b62560d51dfbefd11e50af9705cfb2b3971a97738bc576db696c586dac2aee34
case_014,2,5,min_copy_within_1pct_time,3606914,88585392,,1.0062530338959408,344064,p2/case_014/min_copy_within_1pct_time.json,bbca5bada3aae64dbe8e6ae4b8bb14a6dab454846d8ad518aeedc0ff3b9aefc6
case_014,2,5,min_copy_within_3pct_time,3606914,88585392,,1.0062530338959408,344064,p2/case_014/min_copy_within_3pct_time.json,bbca5bada3aae64dbe8e6ae4b8bb14a6dab454846d8ad518aeedc0ff3b9aefc6
case_014,2,5,time_first,3584500,88929456,,1.0,0,p2/case_014/time_first.json,9d2edf59be39d457e614f5113234242cb70dc2bd0a9ddfc96f874c3579e0bf09
case_015,2,5,min_copy_within_1pct_time,33367,313344,,1.0,0,p2/case_015/min_copy_within_1pct_time.json,ed2364b0d6fc0d5479b728ba8a1967deb38d4125e4773fb74010b798acd5585f
case_015,2,5,min_copy_within_3pct_time,33367,313344,,1.0,0,p2/case_015/min_copy_within_3pct_time.json,ed2364b0d6fc0d5479b728ba8a1967deb38d4125e4773fb74010b798acd5585f
case_015,2,5,time_first,33367,313344,,1.0,0,p2/case_015/time_first.json,ed2364b0d6fc0d5479b728ba8a1967deb38d4125e4773fb74010b798acd5585f
case_016,2,5,min_copy_within_1pct_time,2243300,247664,,1.0002434506860762,4,p2/case_016/min_copy_within_1pct_time.json,d8f326f4a2a8dafed7647d788b616510082b9064fadcea584a425d3a95c63c28
case_016,2,5,min_copy_within_3pct_time,2243300,247664,,1.0002434506860762,4,p2/case_016/min_copy_within_3pct_time.json,d8f326f4a2a8dafed7647d788b616510082b9064fadcea584a425d3a95c63c28
case_016,2,5,time_first,2242754,247668,,1.0,0,p2/case_016/time_first.json,d1ef02e9a9b164cc2e9c0644fa19aa58e064fbb1feabf6c458dc36c9caeed9f6
case_017,2,5,min_copy_within_1pct_time,27587,330624,,1.0,0,p2/case_017/min_copy_within_1pct_time.json,04493e840abb4ae427d3830c37383ba2b9bef448f49f0b202e36e7993aa629fb
case_017,2,5,min_copy_within_3pct_time,27587,330624,,1.0,0,p2/case_017/min_copy_within_3pct_time.json,04493e840abb4ae427d3830c37383ba2b9bef448f49f0b202e36e7993aa629fb
case_017,2,5,time_first,27587,330624,,1.0,0,p2/case_017/time_first.json,04493e840abb4ae427d3830c37383ba2b9bef448f49f0b202e36e7993aa629fb
case_018,2,5,min_copy_within_1pct_time,196754,4681728,,1.0,0,p2/case_018/min_copy_within_1pct_time.json,e3b240dea79ce2c369fbb3412eb1a5a2d6c1b61dc8f29a3fa2188cbe1bd113e4
case_018,2,5,min_copy_within_3pct_time,196754,4681728,,1.0,0,p2/case_018/min_copy_within_3pct_time.json,e3b240dea79ce2c369fbb3412eb1a5a2d6c1b61dc8f29a3fa2188cbe1bd113e4
case_018,2,5,time_first,196754,4681728,,1.0,0,p2/case_018/time_first.json,e3b240dea79ce2c369fbb3412eb1a5a2d6c1b61dc8f29a3fa2188cbe1bd113e4
case_019,2,5,min_copy_within_1pct_time,22206,81504,,1.0,0,p2/case_019/min_copy_within_1pct_time.json,a2793544b545f430005d3dbe1e8ca84ad18612e45e12320d135be40020b25b8c
case_019,2,5,min_copy_within_3pct_time,22206,81504,,1.0,0,p2/case_019/min_copy_within_3pct_time.json,a2793544b545f430005d3dbe1e8ca84ad18612e45e12320d135be40020b25b8c
case_019,2,5,time_first,22206,81504,,1.0,0,p2/case_019/time_first.json,a2793544b545f430005d3dbe1e8ca84ad18612e45e12320d135be40020b25b8c
case_020,2,5,min_copy_within_1pct_time,107187,0,,1.0,0,p2/case_020/min_copy_within_1pct_time.json,0b84c2b8325700c09af637a0efa8252ea91118b73f6b976111afd4317536a447
case_020,2,5,min_copy_within_3pct_time,107187,0,,1.0,0,p2/case_020/min_copy_within_3pct_time.json,0b84c2b8325700c09af637a0efa8252ea91118b73f6b976111afd4317536a447
case_020,2,5,time_first,107187,0,,1.0,0,p2/case_020/time_first.json,0b84c2b8325700c09af637a0efa8252ea91118b73f6b976111afd4317536a447
case_021,2,5,min_copy_within_1pct_time,1250168,11431936,,1.0,0,p2/case_021/min_copy_within_1pct_time.json,eaf84907925df6a12e976bb635bff67f52638d57354a7d0ac0192965e8450e10
case_021,2,5,min_copy_within_3pct_time,1268458,5773312,,1.0146300337234675,5658624,p2/case_021/min_copy_within_3pct_time.json,b05d1b2405857e67b7fab9000be5e26c286022bb3a6b6d0fe6b8a47f89ee47cd
case_021,2,5,time_first,1250168,11431936,,1.0,0,p2/case_021/time_first.json,eaf84907925df6a12e976bb635bff67f52638d57354a7d0ac0192965e8450e10
case_022,2,5,min_copy_within_1pct_time,11654,20736,,1.0,0,p2/case_022/min_copy_within_1pct_time.json,b6098c2c7e72faa611b442a712314cfe89cb0b659e6487eb1555f79b9443413b
case_022,2,5,min_copy_within_3pct_time,11654,20736,,1.0,0,p2/case_022/min_copy_within_3pct_time.json,b6098c2c7e72faa611b442a712314cfe89cb0b659e6487eb1555f79b9443413b
case_022,2,5,time_first,11654,20736,,1.0,0,p2/case_022/time_first.json,b6098c2c7e72faa611b442a712314cfe89cb0b659e6487eb1555f79b9443413b
case_023,2,5,min_copy_within_1pct_time,17694,280992,,1.0,0,p2/case_023/min_copy_within_1pct_time.json,aa419f2cabd50dc4e40fb3797195d3e2b652aea3b9de413323c89155bd90f98d
case_023,2,5,min_copy_within_3pct_time,17694,280992,,1.0,0,p2/case_023/min_copy_within_3pct_time.json,aa419f2cabd50dc4e40fb3797195d3e2b652aea3b9de413323c89155bd90f98d
case_023,2,5,time_first,17694,280992,,1.0,0,p2/case_023/time_first.json,aa419f2cabd50dc4e40fb3797195d3e2b652aea3b9de413323c89155bd90f98d
case_024,2,5,min_copy_within_1pct_time,747674,235424,,1.0017001493827078,4,p2/case_024/min_copy_within_1pct_time.json,c2cfc9770e5761d48baab4db97be281c92d499f76a8aeae5ed08629cc7524795
case_024,2,5,min_copy_within_3pct_time,747674,235424,,1.0017001493827078,4,p2/case_024/min_copy_within_3pct_time.json,c2cfc9770e5761d48baab4db97be281c92d499f76a8aeae5ed08629cc7524795
case_024,2,5,time_first,746405,235428,,1.0,0,p2/case_024/time_first.json,aca5957249c3735e652e34aa283d9c62d7d83eca19dc68ace0204e0c74415629
case_025,2,5,min_copy_within_1pct_time,942938,110592,,1.0006239719849312,7680,p2/case_025/min_copy_within_1pct_time.json,c7b7c79a1105825d864864a1f45a3ee16960f02f7e4cc0821f4a283ede83cff8
case_025,2,5,min_copy_within_3pct_time,942938,110592,,1.0006239719849312,7680,p2/case_025/min_copy_within_3pct_time.json,c7b7c79a1105825d864864a1f45a3ee16960f02f7e4cc0821f4a283ede83cff8
case_025,2,5,time_first,942350,118272,,1.0,0,p2/case_025/time_first.json,9c60bb2359e412cc005ccb9ca6d0e61767371262575c1dc8c0ee8a15224c23d4
case_026,2,5,min_copy_within_1pct_time,30215,891952,,1.0,0,p2/case_026/min_copy_within_1pct_time.json,496982f2e76379dfd25ad227e832f11125b3b3ebaa1a4edf41a39bca30299d26
case_026,2,5,min_copy_within_3pct_time,30215,891952,,1.0,0,p2/case_026/min_copy_within_3pct_time.json,496982f2e76379dfd25ad227e832f11125b3b3ebaa1a4edf41a39bca30299d26
case_026,2,5,time_first,30215,891952,,1.0,0,p2/case_026/time_first.json,496982f2e76379dfd25ad227e832f11125b3b3ebaa1a4edf41a39bca30299d26
case_027,2,5,min_copy_within_1pct_time,448117,16119808,,1.0,0,p2/case_027/min_copy_within_1pct_time.json,7f2074cc3d9856759710684fb20d6b05ed1a69d69c8c54ad7b06aa52f60dd5e6
case_027,2,5,min_copy_within_3pct_time,448117,16119808,,1.0,0,p2/case_027/min_copy_within_3pct_time.json,7f2074cc3d9856759710684fb20d6b05ed1a69d69c8c54ad7b06aa52f60dd5e6
case_027,2,5,time_first,448117,16119808,,1.0,0,p2/case_027/time_first.json,7f2074cc3d9856759710684fb20d6b05ed1a69d69c8c54ad7b06aa52f60dd5e6
case_028,2,5,min_copy_within_1pct_time,8032082,22602240,,1.0,0,p2/case_028/min_copy_within_1pct_time.json,05b026fb2cdecf1f8aa3377653f92b653abaca5b14ccf3b217feb9bb6108df48
case_028,2,5,min_copy_within_3pct_time,8032082,22602240,,1.0,0,p2/case_028/min_copy_within_3pct_time.json,05b026fb2cdecf1f8aa3377653f92b653abaca5b14ccf3b217feb9bb6108df48
case_028,2,5,time_first,8032082,22602240,,1.0,0,p2/case_028/time_first.json,05b026fb2cdecf1f8aa3377653f92b653abaca5b14ccf3b217feb9bb6108df48
case_029,2,5,min_copy_within_1pct_time,9383,0,,1.0,0,p2/case_029/min_copy_within_1pct_time.json,06053f139e9c60361d8a80d72059e67564fb1939e21106eb273feeb36b617af4
case_029,2,5,min_copy_within_3pct_time,9383,0,,1.0,0,p2/case_029/min_copy_within_3pct_time.json,06053f139e9c60361d8a80d72059e67564fb1939e21106eb273feeb36b617af4
case_029,2,5,time_first,9383,0,,1.0,0,p2/case_029/time_first.json,06053f139e9c60361d8a80d72059e67564fb1939e21106eb273feeb36b617af4
case_030,2,5,min_copy_within_1pct_time,564267,7110656,,1.0081561259384457,1592320,p2/case_030/min_copy_within_1pct_time.json,250f282c9961fc016d6264db05019f3e4908360fcf11a570eaca98e793fd5327
case_030,2,5,min_copy_within_3pct_time,564267,7110656,,1.0081561259384457,1592320,p2/case_030/min_copy_within_3pct_time.json,250f282c9961fc016d6264db05019f3e4908360fcf11a570eaca98e793fd5327
case_030,2,5,time_first,559702,8702976,,1.0,0,p2/case_030/time_first.json,a64273a6951bf192db7edb24a67a29dd17639703d4a268f35b9c940356ac787b
case_031,2,5,min_copy_within_1pct_time,274096,7092992,,1.003533103162951,122368,p2/case_031/min_copy_within_1pct_time.json,e492c71ec2915302f13185f281631cc71c1746e72e863448e73c2e5257c4e294
case_031,2,5,min_copy_within_3pct_time,274096,7092992,,1.003533103162951,122368,p2/case_031/min_copy_within_3pct_time.json,e492c71ec2915302f13185f281631cc71c1746e72e863448e73c2e5257c4e294
case_031,2,5,time_first,273131,7215360,,1.0,0,p2/case_031/time_first.json,3af72d47c822770a56023addb1ef17fb101e537b7ce07419960e922c5c69a5a2
case_032,2,5,min_copy_within_1pct_time,10396,12360,,1.0,0,p2/case_032/min_copy_within_1pct_time.json,08a9f6c087acb0cdbc2f5191af07cecb7db86aa6114be2a0b9e3b48ffef06758
case_032,2,5,min_copy_within_3pct_time,10396,12360,,1.0,0,p2/case_032/min_copy_within_3pct_time.json,08a9f6c087acb0cdbc2f5191af07cecb7db86aa6114be2a0b9e3b48ffef06758
case_032,2,5,time_first,10396,12360,,1.0,0,p2/case_032/time_first.json,08a9f6c087acb0cdbc2f5191af07cecb7db86aa6114be2a0b9e3b48ffef06758
case_033,2,5,min_copy_within_1pct_time,349438,7936128,,1.0,0,p2/case_033/min_copy_within_1pct_time.json,91b43d2ec5a1f0fd05e45738a067b8cdb55980cc98a6fd42dd28acca7e74b996
case_033,2,5,min_copy_within_3pct_time,349438,7936128,,1.0,0,p2/case_033/min_copy_within_3pct_time.json,91b43d2ec5a1f0fd05e45738a067b8cdb55980cc98a6fd42dd28acca7e74b996
case_033,2,5,time_first,349438,7936128,,1.0,0,p2/case_033/time_first.json,91b43d2ec5a1f0fd05e45738a067b8cdb55980cc98a6fd42dd28acca7e74b996
case_034,2,5,min_copy_within_1pct_time,150655,2807808,,1.0,0,p2/case_034/min_copy_within_1pct_time.json,9e1444e75742bf6053299798d07113012196060be8c7782fc1dd97369ee344ad
case_034,2,5,min_copy_within_3pct_time,150655,2807808,,1.0,0,p2/case_034/min_copy_within_3pct_time.json,9e1444e75742bf6053299798d07113012196060be8c7782fc1dd97369ee344ad
case_034,2,5,time_first,150655,2807808,,1.0,0,p2/case_034/time_first.json,9e1444e75742bf6053299798d07113012196060be8c7782fc1dd97369ee344ad
case_035,2,5,min_copy_within_1pct_time,80677,0,,1.0,0,p2/case_035/min_copy_within_1pct_time.json,f6dcd3f9c7aefb903c9c639befa9cc4eb6cd26a47fb5aed5c4f7e0b81b360481
case_035,2,5,min_copy_within_3pct_time,80677,0,,1.0,0,p2/case_035/min_copy_within_3pct_time.json,f6dcd3f9c7aefb903c9c639befa9cc4eb6cd26a47fb5aed5c4f7e0b81b360481
case_035,2,5,time_first,80677,0,,1.0,0,p2/case_035/time_first.json,f6dcd3f9c7aefb903c9c639befa9cc4eb6cd26a47fb5aed5c4f7e0b81b360481
case_036,2,5,min_copy_within_1pct_time,187182,4608,,1.0,0,p2/case_036/min_copy_within_1pct_time.json,a8ec22794d86949a719bf8210c3210fda5bfb9c3340186eb2d8fe2ac97ccdf9a
case_036,2,5,min_copy_within_3pct_time,187182,4608,,1.0,0,p2/case_036/min_copy_within_3pct_time.json,a8ec22794d86949a719bf8210c3210fda5bfb9c3340186eb2d8fe2ac97ccdf9a
case_036,2,5,time_first,187182,4608,,1.0,0,p2/case_036/time_first.json,a8ec22794d86949a719bf8210c3210fda5bfb9c3340186eb2d8fe2ac97ccdf9a
case_037,2,5,min_copy_within_1pct_time,43013,778240,,1.0,0,p2/case_037/min_copy_within_1pct_time.json,4aa7e2d81681ee56802a32a8224932b5ae960a12353369f4a7f1d735b45ec629
case_037,2,5,min_copy_within_3pct_time,43013,778240,,1.0,0,p2/case_037/min_copy_within_3pct_time.json,4aa7e2d81681ee56802a32a8224932b5ae960a12353369f4a7f1d735b45ec629
case_037,2,5,time_first,43013,778240,,1.0,0,p2/case_037/time_first.json,4aa7e2d81681ee56802a32a8224932b5ae960a12353369f4a7f1d735b45ec629
case_038,2,5,min_copy_within_1pct_time,270964,8558592,,1.00422869807244,84480,p2/case_038/min_copy_within_1pct_time.json,06aff0b41fc01f0c9f0ffae59c2e86eb5eaf82b99f2d5ec8a0da4e987ef4333c
case_038,2,5,min_copy_within_3pct_time,270964,8558592,,1.00422869807244,84480,p2/case_038/min_copy_within_3pct_time.json,06aff0b41fc01f0c9f0ffae59c2e86eb5eaf82b99f2d5ec8a0da4e987ef4333c
case_038,2,5,time_first,269823,8643072,,1.0,0,p2/case_038/time_first.json,fd3719750c5e6bb22a480b75d8ecb98278575a9828be3e2fbd032c581a55122c
case_039,2,5,min_copy_within_1pct_time,308167,10448896,,1.0,0,p2/case_039/min_copy_within_1pct_time.json,67e1e61de5fcb983ea1ed7e6206c7aecc963b2906b64bb43510e782cba445622
case_039,2,5,min_copy_within_3pct_time,308167,10448896,,1.0,0,p2/case_039/min_copy_within_3pct_time.json,67e1e61de5fcb983ea1ed7e6206c7aecc963b2906b64bb43510e782cba445622
case_039,2,5,time_first,308167,10448896,,1.0,0,p2/case_039/time_first.json,67e1e61de5fcb983ea1ed7e6206c7aecc963b2906b64bb43510e782cba445622
case_040,2,5,min_copy_within_1pct_time,100854,66048,,1.0,0,p2/case_040/min_copy_within_1pct_time.json,bf007604e2ed7cb803d469f4b07cb06b81321496d00087e5c48cedcfada338b8
case_040,2,5,min_copy_within_3pct_time,100854,66048,,1.0,0,p2/case_040/min_copy_within_3pct_time.json,bf007604e2ed7cb803d469f4b07cb06b81321496d00087e5c48cedcfada338b8
case_040,2,5,time_first,100854,66048,,1.0,0,p2/case_040/time_first.json,bf007604e2ed7cb803d469f4b07cb06b81321496d00087e5c48cedcfada338b8
case_041,2,5,min_copy_within_1pct_time,1201449,33183744,,1.0053680481057443,3622912,p2/case_041/min_copy_within_1pct_time.json,fc723404af88f2b119b975098b0d0a1fa9216be567e480874570ac0b6dee0f5a
case_041,2,5,min_copy_within_3pct_time,1224295,27172864,,1.024485495810161,9633792,p2/case_041/min_copy_within_3pct_time.json,2582c9d0cc55f677302ba890dd2f825dbe118662482915380b5c66d8b68827de
case_041,2,5,time_first,1195034,36806656,,1.0,0,p2/case_041/time_first.json,d1df213026385c9cc21c4ec8dba2212e8aae3d818a8d979c31618ee1dc2ea426
case_042,2,5,min_copy_within_1pct_time,349483,8738816,,1.0,0,p2/case_042/min_copy_within_1pct_time.json,c78f17cbe3b0e6efb15845e933dd727aa1175c859024621fe09bc0810892b89b
case_042,2,5,min_copy_within_3pct_time,358905,6982656,,1.0269598235107287,1756160,p2/case_042/min_copy_within_3pct_time.json,1851cb0a43b9fd6c51a6e204f8aac585ee50efdcb81792bc6d8fe5469660eee5
case_042,2,5,time_first,349483,8738816,,1.0,0,p2/case_042/time_first.json,c78f17cbe3b0e6efb15845e933dd727aa1175c859024621fe09bc0810892b89b
case_043,2,5,min_copy_within_1pct_time,220742,1865524,,1.0,0,p2/case_043/min_copy_within_1pct_time.json,47a0a2c4e1f9929af4e0bc0e0abc6cda44a5328b320146b1215ecb2d43f486e2
case_043,2,5,min_copy_within_3pct_time,220742,1865524,,1.0,0,p2/case_043/min_copy_within_3pct_time.json,47a0a2c4e1f9929af4e0bc0e0abc6cda44a5328b320146b1215ecb2d43f486e2
case_043,2,5,time_first,220742,1865524,,1.0,0,p2/case_043/time_first.json,47a0a2c4e1f9929af4e0bc0e0abc6cda44a5328b320146b1215ecb2d43f486e2
case_044,2,5,min_copy_within_1pct_time,43839,930400,,1.0,0,p2/case_044/min_copy_within_1pct_time.json,ef35f73a1f2552bf432b1bbcbef50756595da741b6b20b4bb69297e5136f08ff
case_044,2,5,min_copy_within_3pct_time,43839,930400,,1.0,0,p2/case_044/min_copy_within_3pct_time.json,ef35f73a1f2552bf432b1bbcbef50756595da741b6b20b4bb69297e5136f08ff
case_044,2,5,time_first,43839,930400,,1.0,0,p2/case_044/time_first.json,ef35f73a1f2552bf432b1bbcbef50756595da741b6b20b4bb69297e5136f08ff
case_045,2,5,min_copy_within_1pct_time,25770,0,,1.0,0,p2/case_045/min_copy_within_1pct_time.json,a42dd59c93a57f988db6d6d76ddc50c4bb293ca5c3cfabc2086a7f010b00f534
case_045,2,5,min_copy_within_3pct_time,25770,0,,1.0,0,p2/case_045/min_copy_within_3pct_time.json,a42dd59c93a57f988db6d6d76ddc50c4bb293ca5c3cfabc2086a7f010b00f534
case_045,2,5,time_first,25770,0,,1.0,0,p2/case_045/time_first.json,a42dd59c93a57f988db6d6d76ddc50c4bb293ca5c3cfabc2086a7f010b00f534
case_046,2,5,min_copy_within_1pct_time,77846,2791200,,1.0,0,p2/case_046/min_copy_within_1pct_time.json,06766164545d1f3344b98cd9509bc23f12b77e8a71bda5520df692562dfa3f7d
case_046,2,5,min_copy_within_3pct_time,77846,2791200,,1.0,0,p2/case_046/min_copy_within_3pct_time.json,06766164545d1f3344b98cd9509bc23f12b77e8a71bda5520df692562dfa3f7d
case_046,2,5,time_first,77846,2791200,,1.0,0,p2/case_046/time_first.json,06766164545d1f3344b98cd9509bc23f12b77e8a71bda5520df692562dfa3f7d
case_047,2,5,min_copy_within_1pct_time,87055,2698072,,1.0,0,p2/case_047/min_copy_within_1pct_time.json,d90a84db08c765d90b7a1f784bd17581c34531a6efceff4cee3f507a5dc0897d
case_047,2,5,min_copy_within_3pct_time,87055,2698072,,1.0,0,p2/case_047/min_copy_within_3pct_time.json,d90a84db08c765d90b7a1f784bd17581c34531a6efceff4cee3f507a5dc0897d
case_047,2,5,time_first,87055,2698072,,1.0,0,p2/case_047/time_first.json,d90a84db08c765d90b7a1f784bd17581c34531a6efceff4cee3f507a5dc0897d
case_048,2,5,min_copy_within_1pct_time,94648,880530,,1.0,0,p2/case_048/min_copy_within_1pct_time.json,97505041c300624291d6b4154586aa255d1a4c37270cac95fe9cf14be27af224
case_048,2,5,min_copy_within_3pct_time,94648,880530,,1.0,0,p2/case_048/min_copy_within_3pct_time.json,97505041c300624291d6b4154586aa255d1a4c37270cac95fe9cf14be27af224
case_048,2,5,time_first,94648,880530,,1.0,0,p2/case_048/time_first.json,97505041c300624291d6b4154586aa255d1a4c37270cac95fe9cf14be27af224
case_049,2,5,min_copy_within_1pct_time,102732,5301640,,1.0,0,p2/case_049/min_copy_within_1pct_time.json,5d99ada9b6080d8cb46d6176146cb6fb77a7d8c61e1d4de9353a093b98dcea17
case_049,2,5,min_copy_within_3pct_time,102732,5301640,,1.0,0,p2/case_049/min_copy_within_3pct_time.json,5d99ada9b6080d8cb46d6176146cb6fb77a7d8c61e1d4de9353a093b98dcea17
case_049,2,5,time_first,102732,5301640,,1.0,0,p2/case_049/time_first.json,5d99ada9b6080d8cb46d6176146cb6fb77a7d8c61e1d4de9353a093b98dcea17
case_050,2,5,min_copy_within_1pct_time,96590,13824,,1.0,0,p2/case_050/min_copy_within_1pct_time.json,63f4d5ddc46694ecdf9d6988ade95dfbccee5a3d1d4a795475d8ca7c8662f7e0
case_050,2,5,min_copy_within_3pct_time,96590,13824,,1.0,0,p2/case_050/min_copy_within_3pct_time.json,63f4d5ddc46694ecdf9d6988ade95dfbccee5a3d1d4a795475d8ca7c8662f7e0
case_050,2,5,time_first,96590,13824,,1.0,0,p2/case_050/time_first.json,63f4d5ddc46694ecdf9d6988ade95dfbccee5a3d1d4a795475d8ca7c8662f7e0
case_051,2,5,min_copy_within_1pct_time,180878,230808,,1.0,0,p2/case_051/min_copy_within_1pct_time.json,6426425352b6b939b824c40b65bc71e0d8f2ccf39632e9a093e068b2f2cbd38e
case_051,2,5,min_copy_within_3pct_time,183148,230804,,1.0125498955096806,4,p2/case_051/min_copy_within_3pct_time.json,5b4d4b71e19d68ba826d61b74dcc47bdd31a8336e9bd0ea4ec821f61fd464e59
case_051,2,5,time_first,180878,230808,,1.0,0,p2/case_051/time_first.json,6426425352b6b939b824c40b65bc71e0d8f2ccf39632e9a093e068b2f2cbd38e
case_052,2,5,min_copy_within_1pct_time,33407,328704,,1.0,0,p2/case_052/min_copy_within_1pct_time.json,39db1943f515170d19d7c20608cf3e7d9d37a05279dc4573c17413ce1eed33bf
case_052,2,5,min_copy_within_3pct_time,33407,328704,,1.0,0,p2/case_052/min_copy_within_3pct_time.json,39db1943f515170d19d7c20608cf3e7d9d37a05279dc4573c17413ce1eed33bf
case_052,2,5,time_first,33407,328704,,1.0,0,p2/case_052/time_first.json,39db1943f515170d19d7c20608cf3e7d9d37a05279dc4573c17413ce1eed33bf
case_053,2,5,min_copy_within_1pct_time,374457,3247692,,1.0,0,p2/case_053/min_copy_within_1pct_time.json,f97ef2fe0e4f32ddbe897621aaa8b9306df0e35ded4fcfbd87dcf4ce7a479805
case_053,2,5,min_copy_within_3pct_time,374457,3247692,,1.0,0,p2/case_053/min_copy_within_3pct_time.json,f97ef2fe0e4f32ddbe897621aaa8b9306df0e35ded4fcfbd87dcf4ce7a479805
case_053,2,5,time_first,374457,3247692,,1.0,0,p2/case_053/time_first.json,f97ef2fe0e4f32ddbe897621aaa8b9306df0e35ded4fcfbd87dcf4ce7a479805
case_054,2,5,min_copy_within_1pct_time,318908,15559744,,1.0,0,p2/case_054/min_copy_within_1pct_time.json,7033665e195ae92f072ecc54e165ec55da02e13ca309156d0206eb8e208d1dfc
case_054,2,5,min_copy_within_3pct_time,318908,15559744,,1.0,0,p2/case_054/min_copy_within_3pct_time.json,7033665e195ae92f072ecc54e165ec55da02e13ca309156d0206eb8e208d1dfc
case_054,2,5,time_first,318908,15559744,,1.0,0,p2/case_054/time_first.json,7033665e195ae92f072ecc54e165ec55da02e13ca309156d0206eb8e208d1dfc
case_055,2,5,min_copy_within_1pct_time,19824,198656,,1.0,0,p2/case_055/min_copy_within_1pct_time.json,39e1a006bcd6a3403c57a5ca54ded2acb550104405a550e4f0d2ff92f9ba4324
case_055,2,5,min_copy_within_3pct_time,19824,198656,,1.0,0,p2/case_055/min_copy_within_3pct_time.json,39e1a006bcd6a3403c57a5ca54ded2acb550104405a550e4f0d2ff92f9ba4324
case_055,2,5,time_first,19824,198656,,1.0,0,p2/case_055/time_first.json,39e1a006bcd6a3403c57a5ca54ded2acb550104405a550e4f0d2ff92f9ba4324
case_056,2,5,min_copy_within_1pct_time,131597,6688132,,1.0,0,p2/case_056/min_copy_within_1pct_time.json,6096401fc06c117ab1afc5391a7179e64a309aa3ce4d13b5ce139433797861fd
case_056,2,5,min_copy_within_3pct_time,131597,6688132,,1.0,0,p2/case_056/min_copy_within_3pct_time.json,6096401fc06c117ab1afc5391a7179e64a309aa3ce4d13b5ce139433797861fd
case_056,2,5,time_first,131597,6688132,,1.0,0,p2/case_056/time_first.json,6096401fc06c117ab1afc5391a7179e64a309aa3ce4d13b5ce139433797861fd
case_057,2,5,min_copy_within_1pct_time,14372,27936,,1.0,0,p2/case_057/min_copy_within_1pct_time.json,afc33452dd684bae402e33d66febb09a42f32b94990844b7a9c60be945049a1a
case_057,2,5,min_copy_within_3pct_time,14372,27936,,1.0,0,p2/case_057/min_copy_within_3pct_time.json,afc33452dd684bae402e33d66febb09a42f32b94990844b7a9c60be945049a1a
case_057,2,5,time_first,14372,27936,,1.0,0,p2/case_057/time_first.json,afc33452dd684bae402e33d66febb09a42f32b94990844b7a9c60be945049a1a
case_058,2,5,min_copy_within_1pct_time,920697,34725888,,1.0089830136986302,802816,p2/case_058/min_copy_within_1pct_time.json,33b326f31fb18dc4a125b5f2bd550276e79d32ff50ab4c40ee5fba7f312fe106
case_058,2,5,min_copy_within_3pct_time,933280,34562048,,1.022772602739726,966656,p2/case_058/min_copy_within_3pct_time.json,a1c3fbb7cc7b6397115e848a785f6b0460a87948229ef637f82b62bb144e3314
case_058,2,5,time_first,912500,35528704,,1.0,0,p2/case_058/time_first.json,02609869003f37d62581ef4f97591bd6a1e12e5f02c484630cff8931a2a4168e
case_059,2,5,min_copy_within_1pct_time,150736,1757184,,1.0,0,p2/case_059/min_copy_within_1pct_time.json,a2210f8cade4cd42c3282ca8aea6c0080fae556095d1dc2451c00987c5390ead
case_059,2,5,min_copy_within_3pct_time,150736,1757184,,1.0,0,p2/case_059/min_copy_within_3pct_time.json,a2210f8cade4cd42c3282ca8aea6c0080fae556095d1dc2451c00987c5390ead
case_059,2,5,time_first,150736,1757184,,1.0,0,p2/case_059/time_first.json,a2210f8cade4cd42c3282ca8aea6c0080fae556095d1dc2451c00987c5390ead
case_060,2,5,min_copy_within_1pct_time,164455,3644800,,1.0071407137039237,95232,p2/case_060/min_copy_within_1pct_time.json,c94610c6820f26b2b2dd11bc0d73edc1e5d8ceadc706087c198802b84200aece
case_060,2,5,min_copy_within_3pct_time,165264,3588480,,1.0120951196957542,151552,p2/case_060/min_copy_within_3pct_time.json,76f298c5aa192d3974f66f85f95a096dc32ee6f1fd2959ad52f4b36a7c755262
case_060,2,5,time_first,163289,3740032,,1.0,0,p2/case_060/time_first.json,79276bc069933aecd9feb1e3d223f5d8e3bdea621b99ec064eb4654bd68b0cf5
case_061,2,5,min_copy_within_1pct_time,21711,83712,,1.0,0,p2/case_061/min_copy_within_1pct_time.json,e2c2aec889dd9ff4031d048d1d53536923cdffa5c268b3a2431df1cb3b9765ac
case_061,2,5,min_copy_within_3pct_time,21711,83712,,1.0,0,p2/case_061/min_copy_within_3pct_time.json,e2c2aec889dd9ff4031d048d1d53536923cdffa5c268b3a2431df1cb3b9765ac
case_061,2,5,time_first,21711,83712,,1.0,0,p2/case_061/time_first.json,e2c2aec889dd9ff4031d048d1d53536923cdffa5c268b3a2431df1cb3b9765ac
case_062,2,5,min_copy_within_1pct_time,691832,9781248,,1.0001532398666524,3072,p2/case_062/min_copy_within_1pct_time.json,f6cc8b49d5617fca4f9bffd53d7236c5a229192eaef1a53de8452acca941a926
case_062,2,5,min_copy_within_3pct_time,691832,9781248,,1.0001532398666524,3072,p2/case_062/min_copy_within_3pct_time.json,f6cc8b49d5617fca4f9bffd53d7236c5a229192eaef1a53de8452acca941a926
case_062,2,5,time_first,691726,9784320,,1.0,0,p2/case_062/time_first.json,1b34c0aed6572c5c287e9f88aa31702dcba689744123172c21543db081398c29
case_063,2,5,min_copy_within_1pct_time,208430,3350016,,1.0,0,p2/case_063/min_copy_within_1pct_time.json,22d020873595325ed6dd46d6a7448c81eb4620957100073786169fc4d7a90967
case_063,2,5,min_copy_within_3pct_time,208430,3350016,,1.0,0,p2/case_063/min_copy_within_3pct_time.json,22d020873595325ed6dd46d6a7448c81eb4620957100073786169fc4d7a90967
case_063,2,5,time_first,208430,3350016,,1.0,0,p2/case_063/time_first.json,22d020873595325ed6dd46d6a7448c81eb4620957100073786169fc4d7a90967
case_064,2,5,min_copy_within_1pct_time,8559,130674,,1.0,0,p2/case_064/min_copy_within_1pct_time.json,79150deb07d9d17f9a7fc316f8ac95f4ac3ff1fdb059f62c55caf491ae4832f5
case_064,2,5,min_copy_within_3pct_time,8559,130674,,1.0,0,p2/case_064/min_copy_within_3pct_time.json,79150deb07d9d17f9a7fc316f8ac95f4ac3ff1fdb059f62c55caf491ae4832f5
case_064,2,5,time_first,8559,130674,,1.0,0,p2/case_064/time_first.json,79150deb07d9d17f9a7fc316f8ac95f4ac3ff1fdb059f62c55caf491ae4832f5
case_065,2,5,min_copy_within_1pct_time,8456,55584,,1.0,0,p2/case_065/min_copy_within_1pct_time.json,eccdadeaca8b9b69a3828cd6f488ecbb509c382ba1c9057677544ea5c5247f67
case_065,2,5,min_copy_within_3pct_time,8456,55584,,1.0,0,p2/case_065/min_copy_within_3pct_time.json,eccdadeaca8b9b69a3828cd6f488ecbb509c382ba1c9057677544ea5c5247f67
case_065,2,5,time_first,8456,55584,,1.0,0,p2/case_065/time_first.json,eccdadeaca8b9b69a3828cd6f488ecbb509c382ba1c9057677544ea5c5247f67
case_066,2,5,min_copy_within_1pct_time,143083,6000546,,1.0,0,p2/case_066/min_copy_within_1pct_time.json,83c3bc55b9f5dfab4e0c202480b98971f326edca50c810313ff2494621a04abc
case_066,2,5,min_copy_within_3pct_time,143083,6000546,,1.0,0,p2/case_066/min_copy_within_3pct_time.json,83c3bc55b9f5dfab4e0c202480b98971f326edca50c810313ff2494621a04abc
case_066,2,5,time_first,143083,6000546,,1.0,0,p2/case_066/time_first.json,83c3bc55b9f5dfab4e0c202480b98971f326edca50c810313ff2494621a04abc
case_067,2,5,min_copy_within_1pct_time,12508969,17327616,,1.0,0,p2/case_067/min_copy_within_1pct_time.json,f4421a283a197303927b4cb774b3b7139f5290994efaa632da66ffd1d5e45797
case_067,2,5,min_copy_within_3pct_time,12508969,17327616,,1.0,0,p2/case_067/min_copy_within_3pct_time.json,f4421a283a197303927b4cb774b3b7139f5290994efaa632da66ffd1d5e45797
case_067,2,5,time_first,12508969,17327616,,1.0,0,p2/case_067/time_first.json,f4421a283a197303927b4cb774b3b7139f5290994efaa632da66ffd1d5e45797
case_068,2,5,min_copy_within_1pct_time,132141,4188824,,1.0,0,p2/case_068/min_copy_within_1pct_time.json,9e43ab6b5ddeecc9d32006e7004bdc6ed86a854ec1a7a701e167cbe0b2c5884e
case_068,2,5,min_copy_within_3pct_time,132141,4188824,,1.0,0,p2/case_068/min_copy_within_3pct_time.json,9e43ab6b5ddeecc9d32006e7004bdc6ed86a854ec1a7a701e167cbe0b2c5884e
case_068,2,5,time_first,132141,4188824,,1.0,0,p2/case_068/time_first.json,9e43ab6b5ddeecc9d32006e7004bdc6ed86a854ec1a7a701e167cbe0b2c5884e
case_069,2,5,min_copy_within_1pct_time,11517,494258,,1.0,0,p2/case_069/min_copy_within_1pct_time.json,1f16e925ee6137aafab622c54081d06496a5cbd868e4bafd49721f096c8c9e4c
case_069,2,5,min_copy_within_3pct_time,11517,494258,,1.0,0,p2/case_069/min_copy_within_3pct_time.json,1f16e925ee6137aafab622c54081d06496a5cbd868e4bafd49721f096c8c9e4c
case_069,2,5,time_first,11517,494258,,1.0,0,p2/case_069/time_first.json,1f16e925ee6137aafab622c54081d06496a5cbd868e4bafd49721f096c8c9e4c
case_070,2,5,min_copy_within_1pct_time,22310,462848,,1.0,0,p2/case_070/min_copy_within_1pct_time.json,94fa50702b6833464dc89d67268e2694a0b0421e4f9fa4bbb19fe441cbef7ec3
case_070,2,5,min_copy_within_3pct_time,22310,462848,,1.0,0,p2/case_070/min_copy_within_3pct_time.json,94fa50702b6833464dc89d67268e2694a0b0421e4f9fa4bbb19fe441cbef7ec3
case_070,2,5,time_first,22310,462848,,1.0,0,p2/case_070/time_first.json,94fa50702b6833464dc89d67268e2694a0b0421e4f9fa4bbb19fe441cbef7ec3
case_071,2,5,min_copy_within_1pct_time,9399,377650,,1.0,0,p2/case_071/min_copy_within_1pct_time.json,2d990d886c16c21f1a4b046c64af4bbd722f560d2b2c02d5c5ea977be922c071
case_071,2,5,min_copy_within_3pct_time,9399,377650,,1.0,0,p2/case_071/min_copy_within_3pct_time.json,2d990d886c16c21f1a4b046c64af4bbd722f560d2b2c02d5c5ea977be922c071
case_071,2,5,time_first,9399,377650,,1.0,0,p2/case_071/time_first.json,2d990d886c16c21f1a4b046c64af4bbd722f560d2b2c02d5c5ea977be922c071
case_072,2,5,min_copy_within_1pct_time,4750689,129737392,,1.0026645904318725,10821632,p2/case_072/min_copy_within_1pct_time.json,5d2c8700d09050e00a6ca4dc87c3cdb518c6e8a6b3ed0112bb1a0afbe7cfd6be
case_072,2,5,min_copy_within_3pct_time,4750689,129737392,,1.0026645904318725,10821632,p2/case_072/min_copy_within_3pct_time.json,5d2c8700d09050e00a6ca4dc87c3cdb518c6e8a6b3ed0112bb1a0afbe7cfd6be
case_072,2,5,time_first,4738064,140559024,,1.0,0,p2/case_072/time_first.json,b5b6460f9ec2b2241dcd70a02b61e724062de42edaf392f88ae666fcfc279d3d
case_073,2,5,min_copy_within_1pct_time,1846409,14886400,,1.0,0,p2/case_073/min_copy_within_1pct_time.json,fc39c08331b76962c9875509fb180fe532ea458b7ed12dc738e95f2715fb4df2
case_073,2,5,min_copy_within_3pct_time,1846409,14886400,,1.0,0,p2/case_073/min_copy_within_3pct_time.json,fc39c08331b76962c9875509fb180fe532ea458b7ed12dc738e95f2715fb4df2
case_073,2,5,time_first,1846409,14886400,,1.0,0,p2/case_073/time_first.json,fc39c08331b76962c9875509fb180fe532ea458b7ed12dc738e95f2715fb4df2
case_074,2,5,min_copy_within_1pct_time,333090,7634944,,1.0051117092541852,507904,p2/case_074/min_copy_within_1pct_time.json,ccc303a3b0d75eaa55067d5b4bb45efbd7267b468747a1a82472139f1ba9d88f
case_074,2,5,min_copy_within_3pct_time,333090,7634944,,1.0051117092541852,507904,p2/case_074/min_copy_within_3pct_time.json,ccc303a3b0d75eaa55067d5b4bb45efbd7267b468747a1a82472139f1ba9d88f
case_074,2,5,time_first,331396,8142848,,1.0,0,p2/case_074/time_first.json,835116fcdf907adb0b7a4ce88e1c8a08e99b48ba3959ec41e6c7c592cf26b829
case_075,2,5,min_copy_within_1pct_time,396278,13510296,,1.0,0,p2/case_075/min_copy_within_1pct_time.json,e565670e027b3d67d280ee9ae71e6a70c1727772745d914b2754d2921196d009
case_075,2,5,min_copy_within_3pct_time,396278,13510296,,1.0,0,p2/case_075/min_copy_within_3pct_time.json,e565670e027b3d67d280ee9ae71e6a70c1727772745d914b2754d2921196d009
case_075,2,5,time_first,396278,13510296,,1.0,0,p2/case_075/time_first.json,e565670e027b3d67d280ee9ae71e6a70c1727772745d914b2754d2921196d009
case_076,2,5,min_copy_within_1pct_time,1237337,34928640,,1.0040385926190398,3185664,p2/case_076/min_copy_within_1pct_time.json,f871dd05956631a8189f552b96e204b2e4493a4f5cfd53d3630cacfe699c9029
case_076,2,5,min_copy_within_3pct_time,1237337,34928640,,1.0040385926190398,3185664,p2/case_076/min_copy_within_3pct_time.json,f871dd05956631a8189f552b96e204b2e4493a4f5cfd53d3630cacfe699c9029
case_076,2,5,time_first,1232360,38114304,,1.0,0,p2/case_076/time_first.json,cf8189e2dfe8754cab637d49c0521afdf1b89e2c47391ae4bd9db132174568a9
case_077,2,5,min_copy_within_1pct_time,102246,1165830,,1.0,0,p2/case_077/min_copy_within_1pct_time.json,32195a94f1fdbf37eb5b51f49461a8f31dc943d0e4375d0361996505526be65a
case_077,2,5,min_copy_within_3pct_time,102246,1165830,,1.0,0,p2/case_077/min_copy_within_3pct_time.json,32195a94f1fdbf37eb5b51f49461a8f31dc943d0e4375d0361996505526be65a
case_077,2,5,time_first,102246,1165830,,1.0,0,p2/case_077/time_first.json,32195a94f1fdbf37eb5b51f49461a8f31dc943d0e4375d0361996505526be65a
case_078,2,5,min_copy_within_1pct_time,483929,13886976,,1.0,0,p2/case_078/min_copy_within_1pct_time.json,e7d10623d18c2e3fd5844c4efa8ca590993d0ceeb871be905c27b45f9aea2b6f
case_078,2,5,min_copy_within_3pct_time,491068,13883904,,1.014752164057124,3072,p2/case_078/min_copy_within_3pct_time.json,148ea518905969043aacdf187f4a5d34ac9b58ce18c2625e17114fcb8a1dd23b
case_078,2,5,time_first,483929,13886976,,1.0,0,p2/case_078/time_first.json,e7d10623d18c2e3fd5844c4efa8ca590993d0ceeb871be905c27b45f9aea2b6f
case_079,2,5,min_copy_within_1pct_time,6082915,35659776,,1.0097817227452237,14204928,p2/case_079/min_copy_within_1pct_time.json,61bcac44cc022b66fb29474e18ab42a30b62e41b607ef245963e7bb0bf742953
case_079,2,5,min_copy_within_3pct_time,6082915,35659776,,1.0097817227452237,14204928,p2/case_079/min_copy_within_3pct_time.json,61bcac44cc022b66fb29474e18ab42a30b62e41b607ef245963e7bb0bf742953
case_079,2,5,time_first,6023990,49864704,,1.0,0,p2/case_079/time_first.json,cb8665fe4c0bf291395d04d2aaad169d841f6ccc8ed321e84bacc8d4bc134877
case_080,2,5,min_copy_within_1pct_time,75882,1904640,,1.0,0,p2/case_080/min_copy_within_1pct_time.json,d8d290a3218153cfdda90e3835603a3372cc316617d955dca8411856c55c594a
case_080,2,5,min_copy_within_3pct_time,75882,1904640,,1.0,0,p2/case_080/min_copy_within_3pct_time.json,d8d290a3218153cfdda90e3835603a3372cc316617d955dca8411856c55c594a
case_080,2,5,time_first,75882,1904640,,1.0,0,p2/case_080/time_first.json,d8d290a3218153cfdda90e3835603a3372cc316617d955dca8411856c55c594a
case_081,2,5,min_copy_within_1pct_time,30943,0,,1.0,0,p2/case_081/min_copy_within_1pct_time.json,eb6a279de1dc36e4d189241e1acc4e92b9c4ea1e18d7da5caf86ae8609ae4a93
case_081,2,5,min_copy_within_3pct_time,30943,0,,1.0,0,p2/case_081/min_copy_within_3pct_time.json,eb6a279de1dc36e4d189241e1acc4e92b9c4ea1e18d7da5caf86ae8609ae4a93
case_081,2,5,time_first,30943,0,,1.0,0,p2/case_081/time_first.json,eb6a279de1dc36e4d189241e1acc4e92b9c4ea1e18d7da5caf86ae8609ae4a93
case_082,2,5,min_copy_within_1pct_time,210560,8635512,,1.0,0,p2/case_082/min_copy_within_1pct_time.json,0468fe3e487d4e3aeb02ae40fd28897487bdbd0c3397345592db0c99c972d902
case_082,2,5,min_copy_within_3pct_time,210560,8635512,,1.0,0,p2/case_082/min_copy_within_3pct_time.json,0468fe3e487d4e3aeb02ae40fd28897487bdbd0c3397345592db0c99c972d902
case_082,2,5,time_first,210560,8635512,,1.0,0,p2/case_082/time_first.json,0468fe3e487d4e3aeb02ae40fd28897487bdbd0c3397345592db0c99c972d902
case_083,2,5,min_copy_within_1pct_time,184594,3721600,,1.0,0,p2/case_083/min_copy_within_1pct_time.json,b222e3129289cd55fecc88d68ba89068e382a573082f7b7dd550c9561ea87d67
case_083,2,5,min_copy_within_3pct_time,184594,3721600,,1.0,0,p2/case_083/min_copy_within_3pct_time.json,b222e3129289cd55fecc88d68ba89068e382a573082f7b7dd550c9561ea87d67
case_083,2,5,time_first,184594,3721600,,1.0,0,p2/case_083/time_first.json,b222e3129289cd55fecc88d68ba89068e382a573082f7b7dd550c9561ea87d67
case_084,2,5,min_copy_within_1pct_time,256584,0,,1.0,0,p2/case_084/min_copy_within_1pct_time.json,20b8a41e57591aece22c71debec2d53f52e018da8b07af1e2f53a94107d4bd93
case_084,2,5,min_copy_within_3pct_time,256584,0,,1.0,0,p2/case_084/min_copy_within_3pct_time.json,20b8a41e57591aece22c71debec2d53f52e018da8b07af1e2f53a94107d4bd93
case_084,2,5,time_first,256584,0,,1.0,0,p2/case_084/time_first.json,20b8a41e57591aece22c71debec2d53f52e018da8b07af1e2f53a94107d4bd93
case_085,2,5,min_copy_within_1pct_time,881711,38447480,,1.0,0,p2/case_085/min_copy_within_1pct_time.json,21f6af78e57a9a7b9c1e2b8643faab52ae7b4abe0ffcd6953a75e420cf0a12fd
case_085,2,5,min_copy_within_3pct_time,881711,38447480,,1.0,0,p2/case_085/min_copy_within_3pct_time.json,21f6af78e57a9a7b9c1e2b8643faab52ae7b4abe0ffcd6953a75e420cf0a12fd
case_085,2,5,time_first,881711,38447480,,1.0,0,p2/case_085/time_first.json,21f6af78e57a9a7b9c1e2b8643faab52ae7b4abe0ffcd6953a75e420cf0a12fd
case_086,2,5,min_copy_within_1pct_time,48477,2347960,,1.0,0,p2/case_086/min_copy_within_1pct_time.json,f5794fe012a0117203cee06baf348a873b4f4f437c50e12e1d2d3d7ac32d7b93
case_086,2,5,min_copy_within_3pct_time,48477,2347960,,1.0,0,p2/case_086/min_copy_within_3pct_time.json,f5794fe012a0117203cee06baf348a873b4f4f437c50e12e1d2d3d7ac32d7b93
case_086,2,5,time_first,48477,2347960,,1.0,0,p2/case_086/time_first.json,f5794fe012a0117203cee06baf348a873b4f4f437c50e12e1d2d3d7ac32d7b93
case_087,2,5,min_copy_within_1pct_time,797842,13390484,,1.0,0,p2/case_087/min_copy_within_1pct_time.json,15f5ce4f01882eb89ef819556157d5a3c95ada0bc5d191bc85b1463f50eb37ca
case_087,2,5,min_copy_within_3pct_time,797842,13390484,,1.0,0,p2/case_087/min_copy_within_3pct_time.json,15f5ce4f01882eb89ef819556157d5a3c95ada0bc5d191bc85b1463f50eb37ca
case_087,2,5,time_first,797842,13390484,,1.0,0,p2/case_087/time_first.json,15f5ce4f01882eb89ef819556157d5a3c95ada0bc5d191bc85b1463f50eb37ca
case_088,2,5,min_copy_within_1pct_time,87617,2844972,,1.0,0,p2/case_088/min_copy_within_1pct_time.json,451446e5cd4342ea820622c864048264b9a3c81c0edfd75b341ff3603554d776
case_088,2,5,min_copy_within_3pct_time,87617,2844972,,1.0,0,p2/case_088/min_copy_within_3pct_time.json,451446e5cd4342ea820622c864048264b9a3c81c0edfd75b341ff3603554d776
case_088,2,5,time_first,87617,2844972,,1.0,0,p2/case_088/time_first.json,451446e5cd4342ea820622c864048264b9a3c81c0edfd75b341ff3603554d776
case_089,2,5,min_copy_within_1pct_time,118946,954880,,1.0,0,p2/case_089/min_copy_within_1pct_time.json,5e6d237c04531687ff4b73f71fd5849d4e1bb5051bf39b16f56cabf45fbaa42e
case_089,2,5,min_copy_within_3pct_time,118946,954880,,1.0,0,p2/case_089/min_copy_within_3pct_time.json,5e6d237c04531687ff4b73f71fd5849d4e1bb5051bf39b16f56cabf45fbaa42e
case_089,2,5,time_first,118946,954880,,1.0,0,p2/case_089/time_first.json,5e6d237c04531687ff4b73f71fd5849d4e1bb5051bf39b16f56cabf45fbaa42e
case_090,2,5,min_copy_within_1pct_time,260978,8593920,,1.0,0,p2/case_090/min_copy_within_1pct_time.json,5d1432e1390265a1bbfddd0f0e445e5de368c09339ac387ea9c3930890054052
case_090,2,5,min_copy_within_3pct_time,260978,8593920,,1.0,0,p2/case_090/min_copy_within_3pct_time.json,5d1432e1390265a1bbfddd0f0e445e5de368c09339ac387ea9c3930890054052
case_090,2,5,time_first,260978,8593920,,1.0,0,p2/case_090/time_first.json,5d1432e1390265a1bbfddd0f0e445e5de368c09339ac387ea9c3930890054052
case_091,2,5,min_copy_within_1pct_time,1861618,74683904,,1.0,0,p2/case_091/min_copy_within_1pct_time.json,69d275bb6bfe69e30da6a1d15b5d5a5630d954cfd4d9b5e7572f5f870596cbde
case_091,2,5,min_copy_within_3pct_time,1882479,73417216,,1.0112058435189175,1266688,p2/case_091/min_copy_within_3pct_time.json,e919bcc976a07cda98747fb2c38d345a15f74103b7c056e8893c221226bc27dc
case_091,2,5,time_first,1861618,74683904,,1.0,0,p2/case_091/time_first.json,69d275bb6bfe69e30da6a1d15b5d5a5630d954cfd4d9b5e7572f5f870596cbde
case_092,2,5,min_copy_within_1pct_time,784691,3950976,,1.0,0,p2/case_092/min_copy_within_1pct_time.json,97453af7d55f3cc75980a63e308547735472f738245cb4b8361c8bb974c3260c
case_092,2,5,min_copy_within_3pct_time,784691,3950976,,1.0,0,p2/case_092/min_copy_within_3pct_time.json,97453af7d55f3cc75980a63e308547735472f738245cb4b8361c8bb974c3260c
case_092,2,5,time_first,784691,3950976,,1.0,0,p2/case_092/time_first.json,97453af7d55f3cc75980a63e308547735472f738245cb4b8361c8bb974c3260c
case_093,2,5,min_copy_within_1pct_time,15630,32768,,1.0,0,p2/case_093/min_copy_within_1pct_time.json,0c4cfb67aa1d454f8b52227073e9a4415f09b4f4745686100b7c04f43fd2dec5
case_093,2,5,min_copy_within_3pct_time,15630,32768,,1.0,0,p2/case_093/min_copy_within_3pct_time.json,0c4cfb67aa1d454f8b52227073e9a4415f09b4f4745686100b7c04f43fd2dec5
case_093,2,5,time_first,15630,32768,,1.0,0,p2/case_093/time_first.json,0c4cfb67aa1d454f8b52227073e9a4415f09b4f4745686100b7c04f43fd2dec5
case_094,2,5,min_copy_within_1pct_time,17170,304256,,1.0,0,p2/case_094/min_copy_within_1pct_time.json,46c68dd838ca0dd80b0150678a038037c02690e38cf978664d7a0ce5cddfeecb
case_094,2,5,min_copy_within_3pct_time,17465,259200,,1.0171811298776936,45056,p2/case_094/min_copy_within_3pct_time.json,79985c6dd1c1792cbc5d10e9823e97f7129cb8748881bdcc5ea862edc41ff6f5
case_094,2,5,time_first,17170,304256,,1.0,0,p2/case_094/time_first.json,46c68dd838ca0dd80b0150678a038037c02690e38cf978664d7a0ce5cddfeecb
case_095,2,5,min_copy_within_1pct_time,220188,0,,1.0,0,p2/case_095/min_copy_within_1pct_time.json,51f798d4c5e9bdad79964b2049ab3a8fb50a166ef79fc04747291d0797b1d982
case_095,2,5,min_copy_within_3pct_time,220188,0,,1.0,0,p2/case_095/min_copy_within_3pct_time.json,51f798d4c5e9bdad79964b2049ab3a8fb50a166ef79fc04747291d0797b1d982
case_095,2,5,time_first,220188,0,,1.0,0,p2/case_095/time_first.json,51f798d4c5e9bdad79964b2049ab3a8fb50a166ef79fc04747291d0797b1d982
case_096,2,5,min_copy_within_1pct_time,27053,134784,,1.001258373737,7168,p2/case_096/min_copy_within_1pct_time.json,09383e1162ac5fa2de53c01e12bcfbc1beb637f732c7301779d2316861228546
case_096,2,5,min_copy_within_3pct_time,27053,134784,,1.001258373737,7168,p2/case_096/min_copy_within_3pct_time.json,09383e1162ac5fa2de53c01e12bcfbc1beb637f732c7301779d2316861228546
case_096,2,5,time_first,27019,141952,,1.0,0,p2/case_096/time_first.json,b9081f486073359196dbedd41bc1d2eeed10c696794389c85fcae11312586a4a
case_097,2,5,min_copy_within_1pct_time,2094984,17039360,,1.0,0,p2/case_097/min_copy_within_1pct_time.json,8a42ce6572a9ce8e7b899de42512f9113409c36c4b7b1c5fa897077ffa2ea177
case_097,2,5,min_copy_within_3pct_time,2094984,17039360,,1.0,0,p2/case_097/min_copy_within_3pct_time.json,8a42ce6572a9ce8e7b899de42512f9113409c36c4b7b1c5fa897077ffa2ea177
case_097,2,5,time_first,2094984,17039360,,1.0,0,p2/case_097/time_first.json,8a42ce6572a9ce8e7b899de42512f9113409c36c4b7b1c5fa897077ffa2ea177
case_098,2,5,min_copy_within_1pct_time,47834,1120136,,1.0008788081687312,94208,p2/case_098/min_copy_within_1pct_time.json,3f74f61b0576f89e8fdfdf971f43d570193aa24f37d42dcaddb8d1044868c0fa
case_098,2,5,min_copy_within_3pct_time,47834,1120136,,1.0008788081687312,94208,p2/case_098/min_copy_within_3pct_time.json,3f74f61b0576f89e8fdfdf971f43d570193aa24f37d42dcaddb8d1044868c0fa
case_098,2,5,time_first,47792,1214344,,1.0,0,p2/case_098/time_first.json,25a0171c0ebfa0354c5607ec8394da543a39dec7e3201f15bfc2e48cb595b55f
case_099,2,5,min_copy_within_1pct_time,321604,7065600,,1.0,0,p2/case_099/min_copy_within_1pct_time.json,4fc8e53a70b1899afc0740b20a9df67854097f4ca63de6c49abf61736be01254
case_099,2,5,min_copy_within_3pct_time,321604,7065600,,1.0,0,p2/case_099/min_copy_within_3pct_time.json,4fc8e53a70b1899afc0740b20a9df67854097f4ca63de6c49abf61736be01254
case_099,2,5,time_first,321604,7065600,,1.0,0,p2/case_099/time_first.json,4fc8e53a70b1899afc0740b20a9df67854097f4ca63de6c49abf61736be01254
case_100,2,5,min_copy_within_1pct_time,58085,211968,,1.0,0,p2/case_100/min_copy_within_1pct_time.json,bbf30f1bd665f39b76cb0ec29292b88053e7e5b778b098e1de55a727df007a97
case_100,2,5,min_copy_within_3pct_time,58085,211968,,1.0,0,p2/case_100/min_copy_within_3pct_time.json,bbf30f1bd665f39b76cb0ec29292b88053e7e5b778b098e1de55a727df007a97
case_100,2,5,time_first,58085,211968,,1.0,0,p2/case_100/time_first.json,bbf30f1bd665f39b76cb0ec29292b88053e7e5b778b098e1de55a727df007a97
case_001,3,5,max_byte_hit_within_1pct_time_no_extra_copy,47502,4608,0.0,1.0,0,p3/case_001/max_byte_hit_within_1pct_time_no_extra_copy.json,811c489eb7d6113f0afaa4b601c2327b28ff85d87c97f113bb17239be950b2e6
case_001,3,5,min_copy_within_1pct_time,47502,4608,0.0,1.0,0,p3/case_001/min_copy_within_1pct_time.json,811c489eb7d6113f0afaa4b601c2327b28ff85d87c97f113bb17239be950b2e6
case_001,3,5,min_copy_within_3pct_time,47502,4608,0.0,1.0,0,p3/case_001/min_copy_within_3pct_time.json,811c489eb7d6113f0afaa4b601c2327b28ff85d87c97f113bb17239be950b2e6
case_001,3,5,time_first,47502,4608,0.0,1.0,0,p3/case_001/time_first.json,811c489eb7d6113f0afaa4b601c2327b28ff85d87c97f113bb17239be950b2e6
case_002,3,5,max_byte_hit_within_1pct_time_no_extra_copy,59289,642048,0.0,1.0,0,p3/case_002/max_byte_hit_within_1pct_time_no_extra_copy.json,42885e152e7339b219b2be72d7ff14c966e84d2faf783a5a1b281f46f1e8c562
case_002,3,5,min_copy_within_1pct_time,59289,642048,0.0,1.0,0,p3/case_002/min_copy_within_1pct_time.json,42885e152e7339b219b2be72d7ff14c966e84d2faf783a5a1b281f46f1e8c562
case_002,3,5,min_copy_within_3pct_time,59289,642048,0.0,1.0,0,p3/case_002/min_copy_within_3pct_time.json,42885e152e7339b219b2be72d7ff14c966e84d2faf783a5a1b281f46f1e8c562
case_002,3,5,time_first,59289,642048,0.0,1.0,0,p3/case_002/time_first.json,42885e152e7339b219b2be72d7ff14c966e84d2faf783a5a1b281f46f1e8c562
case_003,3,5,max_byte_hit_within_1pct_time_no_extra_copy,238032,13187602,0.2873533880692084,1.0,0,p3/case_003/max_byte_hit_within_1pct_time_no_extra_copy.json,116943e57cf8dfbd457114eab4b63cb33e49d5cbd975bf8b5e6824ed25e4ced7
case_003,3,5,min_copy_within_1pct_time,238032,13187602,0.2873533880692084,1.0,0,p3/case_003/min_copy_within_1pct_time.json,116943e57cf8dfbd457114eab4b63cb33e49d5cbd975bf8b5e6824ed25e4ced7
case_003,3,5,min_copy_within_3pct_time,238032,13187602,0.2873533880692084,1.0,0,p3/case_003/min_copy_within_3pct_time.json,116943e57cf8dfbd457114eab4b63cb33e49d5cbd975bf8b5e6824ed25e4ced7
case_003,3,5,time_first,238032,13187602,0.2873533880692084,1.0,0,p3/case_003/time_first.json,116943e57cf8dfbd457114eab4b63cb33e49d5cbd975bf8b5e6824ed25e4ced7
case_004,3,5,max_byte_hit_within_1pct_time_no_extra_copy,82161,457728,0.20748299319727892,1.0,0,p3/case_004/max_byte_hit_within_1pct_time_no_extra_copy.json,73c8aacdb33481b18778b84a35d699e1afe9686be411b1beb3b7b18ea5cf75cf
case_004,3,5,min_copy_within_1pct_time,82161,457728,0.20748299319727892,1.0,0,p3/case_004/min_copy_within_1pct_time.json,73c8aacdb33481b18778b84a35d699e1afe9686be411b1beb3b7b18ea5cf75cf
case_004,3,5,min_copy_within_3pct_time,82161,457728,0.20748299319727892,1.0,0,p3/case_004/min_copy_within_3pct_time.json,73c8aacdb33481b18778b84a35d699e1afe9686be411b1beb3b7b18ea5cf75cf
case_004,3,5,time_first,82161,457728,0.20748299319727892,1.0,0,p3/case_004/time_first.json,73c8aacdb33481b18778b84a35d699e1afe9686be411b1beb3b7b18ea5cf75cf
case_005,3,5,max_byte_hit_within_1pct_time_no_extra_copy,32209,1783126,0.4438917125769342,1.0,0,p3/case_005/max_byte_hit_within_1pct_time_no_extra_copy.json,ce80228cdf9403a210ac974f78307f00788bcd38884b42e8fc38374b4c3fc9db
case_005,3,5,min_copy_within_1pct_time,32209,1783126,0.4438917125769342,1.0,0,p3/case_005/min_copy_within_1pct_time.json,ce80228cdf9403a210ac974f78307f00788bcd38884b42e8fc38374b4c3fc9db
case_005,3,5,min_copy_within_3pct_time,32209,1783126,0.4438917125769342,1.0,0,p3/case_005/min_copy_within_3pct_time.json,ce80228cdf9403a210ac974f78307f00788bcd38884b42e8fc38374b4c3fc9db
case_005,3,5,time_first,32209,1783126,0.4438917125769342,1.0,0,p3/case_005/time_first.json,ce80228cdf9403a210ac974f78307f00788bcd38884b42e8fc38374b4c3fc9db
case_006,3,5,max_byte_hit_within_1pct_time_no_extra_copy,31729,63616,0.10482467703664645,1.0,0,p3/case_006/max_byte_hit_within_1pct_time_no_extra_copy.json,3480ffe29861442d7438b88acf18db2466cdaacbcf90ddd6054e6b6e75e28ced
case_006,3,5,min_copy_within_1pct_time,31729,63616,0.0896388083311363,1.0,0,p3/case_006/min_copy_within_1pct_time.json,3aa8111a2c51a154355d695532ece49f7731f289086dc4e21e523e85487d1139
case_006,3,5,min_copy_within_3pct_time,31729,63616,0.0896388083311363,1.0,0,p3/case_006/min_copy_within_3pct_time.json,3aa8111a2c51a154355d695532ece49f7731f289086dc4e21e523e85487d1139
case_006,3,5,time_first,31729,63616,0.0896388083311363,1.0,0,p3/case_006/time_first.json,3aa8111a2c51a154355d695532ece49f7731f289086dc4e21e523e85487d1139
case_007,3,5,max_byte_hit_within_1pct_time_no_extra_copy,196870,110592,0.0,1.0,0,p3/case_007/max_byte_hit_within_1pct_time_no_extra_copy.json,71b49abfdc7708499bc2d60707658ae852ac0c6c86e6b92e741953d214f002c5
case_007,3,5,min_copy_within_1pct_time,196870,110592,0.0,1.0,0,p3/case_007/min_copy_within_1pct_time.json,71b49abfdc7708499bc2d60707658ae852ac0c6c86e6b92e741953d214f002c5
case_007,3,5,min_copy_within_3pct_time,196870,110592,0.0,1.0,0,p3/case_007/min_copy_within_3pct_time.json,71b49abfdc7708499bc2d60707658ae852ac0c6c86e6b92e741953d214f002c5
case_007,3,5,time_first,196870,110592,0.0,1.0,0,p3/case_007/time_first.json,71b49abfdc7708499bc2d60707658ae852ac0c6c86e6b92e741953d214f002c5
case_008,3,5,max_byte_hit_within_1pct_time_no_extra_copy,55855,0,0.0,1.0,0,p3/case_008/max_byte_hit_within_1pct_time_no_extra_copy.json,e88b516d4f6a3167d37e45a5dc30ed4ac5c281a3d7a2bc650c29bf1748f78719
case_008,3,5,min_copy_within_1pct_time,55855,0,0.0,1.0,0,p3/case_008/min_copy_within_1pct_time.json,e88b516d4f6a3167d37e45a5dc30ed4ac5c281a3d7a2bc650c29bf1748f78719
case_008,3,5,min_copy_within_3pct_time,55855,0,0.0,1.0,0,p3/case_008/min_copy_within_3pct_time.json,e88b516d4f6a3167d37e45a5dc30ed4ac5c281a3d7a2bc650c29bf1748f78719
case_008,3,5,time_first,55855,0,0.0,1.0,0,p3/case_008/time_first.json,e88b516d4f6a3167d37e45a5dc30ed4ac5c281a3d7a2bc650c29bf1748f78719
case_009,3,5,max_byte_hit_within_1pct_time_no_extra_copy,37274,1327286,0.36854246992413386,1.0,0,p3/case_009/max_byte_hit_within_1pct_time_no_extra_copy.json,466ec3afb693248d5f918cb8877998937a7b7d85102e370f56fcf12a1acbc21f
case_009,3,5,min_copy_within_1pct_time,37274,1327286,0.36854246992413386,1.0,0,p3/case_009/min_copy_within_1pct_time.json,466ec3afb693248d5f918cb8877998937a7b7d85102e370f56fcf12a1acbc21f
case_009,3,5,min_copy_within_3pct_time,37274,1327286,0.36854246992413386,1.0,0,p3/case_009/min_copy_within_3pct_time.json,466ec3afb693248d5f918cb8877998937a7b7d85102e370f56fcf12a1acbc21f
case_009,3,5,time_first,37274,1327286,0.36854246992413386,1.0,0,p3/case_009/time_first.json,466ec3afb693248d5f918cb8877998937a7b7d85102e370f56fcf12a1acbc21f
case_010,3,5,max_byte_hit_within_1pct_time_no_extra_copy,18774,554512,0.31744794675805843,1.0,0,p3/case_010/max_byte_hit_within_1pct_time_no_extra_copy.json,747742990ad23bcb56b00f447d7213252272dbe89b786db265a52a6f65453b63
case_010,3,5,min_copy_within_1pct_time,18774,554512,0.31744794675805843,1.0,0,p3/case_010/min_copy_within_1pct_time.json,747742990ad23bcb56b00f447d7213252272dbe89b786db265a52a6f65453b63
case_010,3,5,min_copy_within_3pct_time,18774,554512,0.31744794675805843,1.0,0,p3/case_010/min_copy_within_3pct_time.json,747742990ad23bcb56b00f447d7213252272dbe89b786db265a52a6f65453b63
case_010,3,5,time_first,18774,554512,0.31744794675805843,1.0,0,p3/case_010/time_first.json,747742990ad23bcb56b00f447d7213252272dbe89b786db265a52a6f65453b63
case_011,3,5,max_byte_hit_within_1pct_time_no_extra_copy,46329,1626112,0.6581439393939394,1.0016431366614058,0,p3/case_011/max_byte_hit_within_1pct_time_no_extra_copy.json,c748160d0b8b8cbe4f27b249919499f1cef3cd56bab0db6c028c84ab2c66e946
case_011,3,5,min_copy_within_1pct_time,46253,1626112,0.5454545454545454,1.0,0,p3/case_011/min_copy_within_1pct_time.json,1d1d83952b6f7b37e8253dbe4a0deb5cc3f946d4998c5b240ca96c7698392578
case_011,3,5,min_copy_within_3pct_time,46777,1622016,0.6231060606060606,1.011328994876008,4096,p3/case_011/min_copy_within_3pct_time.json,0c08c1429a2e43be321d6d26cd8329414ea03ea4c71a1187105093910cdeefcb
case_011,3,5,time_first,46253,1626112,0.5454545454545454,1.0,0,p3/case_011/time_first.json,1d1d83952b6f7b37e8253dbe4a0deb5cc3f946d4998c5b240ca96c7698392578
case_012,3,5,max_byte_hit_within_1pct_time_no_extra_copy,12279,49536,0.09282801631086592,1.000570404172099,0,p3/case_012/max_byte_hit_within_1pct_time_no_extra_copy.json,0c758d6a049b88544c4c811a3f6530e8ec91abae32a62e861a20001fc4b656cc
case_012,3,5,min_copy_within_1pct_time,12272,49536,0.05468937395058767,1.0,0,p3/case_012/min_copy_within_1pct_time.json,295689f2c0d8888fca27a1a7d53048a57434f4f644d0c699302b64194798f41d
case_012,3,5,min_copy_within_3pct_time,12272,49536,0.05468937395058767,1.0,0,p3/case_012/min_copy_within_3pct_time.json,295689f2c0d8888fca27a1a7d53048a57434f4f644d0c699302b64194798f41d
case_012,3,5,time_first,12272,49536,0.05468937395058767,1.0,0,p3/case_012/time_first.json,295689f2c0d8888fca27a1a7d53048a57434f4f644d0c699302b64194798f41d
case_013,3,5,max_byte_hit_within_1pct_time_no_extra_copy,53849,36864,0.013930348258706468,1.0,0,p3/case_013/max_byte_hit_within_1pct_time_no_extra_copy.json,d9fc96b4bbc5bacf15b3abd7db2c49bff255d0dea2b2603df44b35eaa20ff0f0
case_013,3,5,min_copy_within_1pct_time,54363,32768,0.0,1.0095452097531987,4096,p3/case_013/min_copy_within_1pct_time.json,3b76e6ddcb1b70103c11d6b51d3cf93c3293c1509bc3058be8ec5a38d714d7e0
case_013,3,5,min_copy_within_3pct_time,54363,32768,0.0,1.0095452097531987,4096,p3/case_013/min_copy_within_3pct_time.json,3b76e6ddcb1b70103c11d6b51d3cf93c3293c1509bc3058be8ec5a38d714d7e0
case_013,3,5,time_first,53849,36864,0.013930348258706468,1.0,0,p3/case_013/time_first.json,d9fc96b4bbc5bacf15b3abd7db2c49bff255d0dea2b2603df44b35eaa20ff0f0
case_014,3,5,max_byte_hit_within_1pct_time_no_extra_copy,3587526,88585392,0.3755282291145585,1.003670820737997,344064,p3/case_014/max_byte_hit_within_1pct_time_no_extra_copy.json,bbca5bada3aae64dbe8e6ae4b8bb14a6dab454846d8ad518aeedc0ff3b9aefc6
case_014,3,5,min_copy_within_1pct_time,3587526,88585392,0.3755282291145585,1.003670820737997,344064,p3/case_014/min_copy_within_1pct_time.json,bbca5bada3aae64dbe8e6ae4b8bb14a6dab454846d8ad518aeedc0ff3b9aefc6
case_014,3,5,min_copy_within_3pct_time,3587526,88585392,0.3755282291145585,1.003670820737997,344064,p3/case_014/min_copy_within_3pct_time.json,bbca5bada3aae64dbe8e6ae4b8bb14a6dab454846d8ad518aeedc0ff3b9aefc6
case_014,3,5,time_first,3574405,88929456,0.2673517905952803,1.0,0,p3/case_014/time_first.json,9d2edf59be39d457e614f5113234242cb70dc2bd0a9ddfc96f874c3579e0bf09
case_015,3,5,max_byte_hit_within_1pct_time_no_extra_copy,32109,313344,0.23231420924241084,1.0,0,p3/case_015/max_byte_hit_within_1pct_time_no_extra_copy.json,ed2364b0d6fc0d5479b728ba8a1967deb38d4125e4773fb74010b798acd5585f
case_015,3,5,min_copy_within_1pct_time,32109,313344,0.23231420924241084,1.0,0,p3/case_015/min_copy_within_1pct_time.json,ed2364b0d6fc0d5479b728ba8a1967deb38d4125e4773fb74010b798acd5585f
case_015,3,5,min_copy_within_3pct_time,32109,313344,0.23231420924241084,1.0,0,p3/case_015/min_copy_within_3pct_time.json,ed2364b0d6fc0d5479b728ba8a1967deb38d4125e4773fb74010b798acd5585f
case_015,3,5,time_first,32109,313344,0.23231420924241084,1.0,0,p3/case_015/time_first.json,ed2364b0d6fc0d5479b728ba8a1967deb38d4125e4773fb74010b798acd5585f
case_016,3,5,max_byte_hit_within_1pct_time_no_extra_copy,1969433,40355696,0.017457807920163798,1.0,0,p3/case_016/max_byte_hit_within_1pct_time_no_extra_copy.json,c1573cb169a2cd981ceb464fcef71ae97e8c842bee78b6d4f51a43d3017e5cb6
case_016,3,5,min_copy_within_1pct_time,1969433,40355696,0.017457807920163798,1.0,0,p3/case_016/min_copy_within_1pct_time.json,c1573cb169a2cd981ceb464fcef71ae97e8c842bee78b6d4f51a43d3017e5cb6
case_016,3,5,min_copy_within_3pct_time,1969433,40355696,0.017457807920163798,1.0,0,p3/case_016/min_copy_within_3pct_time.json,c1573cb169a2cd981ceb464fcef71ae97e8c842bee78b6d4f51a43d3017e5cb6
case_016,3,5,time_first,1969433,40355696,0.017457807920163798,1.0,0,p3/case_016/time_first.json,c1573cb169a2cd981ceb464fcef71ae97e8c842bee78b6d4f51a43d3017e5cb6
case_017,3,5,max_byte_hit_within_1pct_time_no_extra_copy,25560,330624,0.2683478449699795,1.0,0,p3/case_017/max_byte_hit_within_1pct_time_no_extra_copy.json,04493e840abb4ae427d3830c37383ba2b9bef448f49f0b202e36e7993aa629fb
case_017,3,5,min_copy_within_1pct_time,25560,330624,0.2683478449699795,1.0,0,p3/case_017/min_copy_within_1pct_time.json,04493e840abb4ae427d3830c37383ba2b9bef448f49f0b202e36e7993aa629fb
case_017,3,5,min_copy_within_3pct_time,25560,330624,0.2683478449699795,1.0,0,p3/case_017/min_copy_within_3pct_time.json,04493e840abb4ae427d3830c37383ba2b9bef448f49f0b202e36e7993aa629fb
case_017,3,5,time_first,25560,330624,0.2683478449699795,1.0,0,p3/case_017/time_first.json,04493e840abb4ae427d3830c37383ba2b9bef448f49f0b202e36e7993aa629fb
case_018,3,5,max_byte_hit_within_1pct_time_no_extra_copy,196222,4681728,0.6895812202238839,1.0,0,p3/case_018/max_byte_hit_within_1pct_time_no_extra_copy.json,e3b240dea79ce2c369fbb3412eb1a5a2d6c1b61dc8f29a3fa2188cbe1bd113e4
case_018,3,5,min_copy_within_1pct_time,196222,4681728,0.6895812202238839,1.0,0,p3/case_018/min_copy_within_1pct_time.json,e3b240dea79ce2c369fbb3412eb1a5a2d6c1b61dc8f29a3fa2188cbe1bd113e4
case_018,3,5,min_copy_within_3pct_time,196222,4681728,0.6895812202238839,1.0,0,p3/case_018/min_copy_within_3pct_time.json,e3b240dea79ce2c369fbb3412eb1a5a2d6c1b61dc8f29a3fa2188cbe1bd113e4
case_018,3,5,time_first,196222,4681728,0.6895812202238839,1.0,0,p3/case_018/time_first.json,e3b240dea79ce2c369fbb3412eb1a5a2d6c1b61dc8f29a3fa2188cbe1bd113e4
case_019,3,5,max_byte_hit_within_1pct_time_no_extra_copy,22206,80224,0.06527199263662033,1.0,0,p3/case_019/max_byte_hit_within_1pct_time_no_extra_copy.json,adf2a40e409992dfdeb74bc07791531d083d46d76370fcd55381b79e8f91634f
case_019,3,5,min_copy_within_1pct_time,22206,80224,0.06527199263662033,1.0,0,p3/case_019/min_copy_within_1pct_time.json,adf2a40e409992dfdeb74bc07791531d083d46d76370fcd55381b79e8f91634f
case_019,3,5,min_copy_within_3pct_time,22206,80224,0.06527199263662033,1.0,0,p3/case_019/min_copy_within_3pct_time.json,adf2a40e409992dfdeb74bc07791531d083d46d76370fcd55381b79e8f91634f
case_019,3,5,time_first,22206,80224,0.06527199263662033,1.0,0,p3/case_019/time_first.json,adf2a40e409992dfdeb74bc07791531d083d46d76370fcd55381b79e8f91634f
case_020,3,5,max_byte_hit_within_1pct_time_no_extra_copy,107187,0,0.0,1.0,0,p3/case_020/max_byte_hit_within_1pct_time_no_extra_copy.json,0b84c2b8325700c09af637a0efa8252ea91118b73f6b976111afd4317536a447
case_020,3,5,min_copy_within_1pct_time,107187,0,0.0,1.0,0,p3/case_020/min_copy_within_1pct_time.json,0b84c2b8325700c09af637a0efa8252ea91118b73f6b976111afd4317536a447
case_020,3,5,min_copy_within_3pct_time,107187,0,0.0,1.0,0,p3/case_020/min_copy_within_3pct_time.json,0b84c2b8325700c09af637a0efa8252ea91118b73f6b976111afd4317536a447
case_020,3,5,time_first,107187,0,0.0,1.0,0,p3/case_020/time_first.json,0b84c2b8325700c09af637a0efa8252ea91118b73f6b976111afd4317536a447
case_021,3,5,max_byte_hit_within_1pct_time_no_extra_copy,1260826,11743232,0.6472980825101685,1.0095540534264718,17055744,p3/case_021/max_byte_hit_within_1pct_time_no_extra_copy.json,617bbdf5fbc558a11abcc1c19c36a3417dcb431ad4d22f54b81edc4c9026e524
case_021,3,5,min_copy_within_1pct_time,1249311,11431936,0.5702614379084967,1.000333895430677,17367040,p3/case_021/min_copy_within_1pct_time.json,55fa011cf953a284656288cef9cbfd1c3429987551077e9527ad15b8f6f9385f
case_021,3,5,min_copy_within_3pct_time,1249311,11431936,0.5702614379084967,1.000333895430677,17367040,p3/case_021/min_copy_within_3pct_time.json,55fa011cf953a284656288cef9cbfd1c3429987551077e9527ad15b8f6f9385f
case_021,3,5,time_first,1248894,28798976,0.34908161333080856,1.0,0,p3/case_021/time_first.json,ace269dbb1bec1db459d2bf8e954f42d596d9f21ecb57071172bef4c07a1c6ff
case_022,3,5,max_byte_hit_within_1pct_time_no_extra_copy,11713,13824,0.060801182245210326,1.0,0,p3/case_022/max_byte_hit_within_1pct_time_no_extra_copy.json,b1514b40deca883322e397e9c9c0f45422770cabe3c43a7f45d569fdb68847d5
case_022,3,5,min_copy_within_1pct_time,11713,13824,0.060801182245210326,1.0,0,p3/case_022/min_copy_within_1pct_time.json,b1514b40deca883322e397e9c9c0f45422770cabe3c43a7f45d569fdb68847d5
case_022,3,5,min_copy_within_3pct_time,11713,13824,0.060801182245210326,1.0,0,p3/case_022/min_copy_within_3pct_time.json,b1514b40deca883322e397e9c9c0f45422770cabe3c43a7f45d569fdb68847d5
case_022,3,5,time_first,11713,13824,0.060801182245210326,1.0,0,p3/case_022/time_first.json,b1514b40deca883322e397e9c9c0f45422770cabe3c43a7f45d569fdb68847d5
case_023,3,5,max_byte_hit_within_1pct_time_no_extra_copy,16725,280992,0.129456282494819,1.0,0,p3/case_023/max_byte_hit_within_1pct_time_no_extra_copy.json,aa419f2cabd50dc4e40fb3797195d3e2b652aea3b9de413323c89155bd90f98d
case_023,3,5,min_copy_within_1pct_time,16725,280992,0.129456282494819,1.0,0,p3/case_023/min_copy_within_1pct_time.json,aa419f2cabd50dc4e40fb3797195d3e2b652aea3b9de413323c89155bd90f98d
case_023,3,5,min_copy_within_3pct_time,16725,280992,0.129456282494819,1.0,0,p3/case_023/min_copy_within_3pct_time.json,aa419f2cabd50dc4e40fb3797195d3e2b652aea3b9de413323c89155bd90f98d
case_023,3,5,time_first,16725,280992,0.129456282494819,1.0,0,p3/case_023/time_first.json,aa419f2cabd50dc4e40fb3797195d3e2b652aea3b9de413323c89155bd90f98d
case_024,3,5,max_byte_hit_within_1pct_time_no_extra_copy,656897,13604768,0.048950191870088006,1.0,0,p3/case_024/max_byte_hit_within_1pct_time_no_extra_copy.json,7a87881ccf8ef1c8b28a1c330511fe77bb295b6d24dfcb86bb7b94f6f6c659b8
case_024,3,5,min_copy_within_1pct_time,656897,13604768,0.048950191870088006,1.0,0,p3/case_024/min_copy_within_1pct_time.json,7a87881ccf8ef1c8b28a1c330511fe77bb295b6d24dfcb86bb7b94f6f6c659b8
case_024,3,5,min_copy_within_3pct_time,656897,13604768,0.048950191870088006,1.0,0,p3/case_024/min_copy_within_3pct_time.json,7a87881ccf8ef1c8b28a1c330511fe77bb295b6d24dfcb86bb7b94f6f6c659b8
case_024,3,5,time_first,656897,13604768,0.048950191870088006,1.0,0,p3/case_024/time_first.json,7a87881ccf8ef1c8b28a1c330511fe77bb295b6d24dfcb86bb7b94f6f6c659b8
case_025,3,5,max_byte_hit_within_1pct_time_no_extra_copy,942350,118272,0.010873504893077202,1.0,0,p3/case_025/max_byte_hit_within_1pct_time_no_extra_copy.json,9c60bb2359e412cc005ccb9ca6d0e61767371262575c1dc8c0ee8a15224c23d4
case_025,3,5,min_copy_within_1pct_time,942938,110592,0.0,1.0006239719849312,7680,p3/case_025/min_copy_within_1pct_time.json,c7b7c79a1105825d864864a1f45a3ee16960f02f7e4cc0821f4a283ede83cff8
case_025,3,5,min_copy_within_3pct_time,942938,110592,0.0,1.0006239719849312,7680,p3/case_025/min_copy_within_3pct_time.json,c7b7c79a1105825d864864a1f45a3ee16960f02f7e4cc0821f4a283ede83cff8
case_025,3,5,time_first,942350,118272,0.010873504893077202,1.0,0,p3/case_025/time_first.json,9c60bb2359e412cc005ccb9ca6d0e61767371262575c1dc8c0ee8a15224c23d4
case_026,3,5,max_byte_hit_within_1pct_time_no_extra_copy,25514,887856,0.28912451433792397,1.0,0,p3/case_026/max_byte_hit_within_1pct_time_no_extra_copy.json,b18cdb2c07e7a99be8ee7ed46b8b6b4af97b03d94b402a0db5acb9072bb16f0d
case_026,3,5,min_copy_within_1pct_time,25514,887856,0.28912451433792397,1.0,0,p3/case_026/min_copy_within_1pct_time.json,b18cdb2c07e7a99be8ee7ed46b8b6b4af97b03d94b402a0db5acb9072bb16f0d
case_026,3,5,min_copy_within_3pct_time,25514,887856,0.28912451433792397,1.0,0,p3/case_026/min_copy_within_3pct_time.json,b18cdb2c07e7a99be8ee7ed46b8b6b4af97b03d94b402a0db5acb9072bb16f0d
case_026,3,5,time_first,25514,887856,0.28912451433792397,1.0,0,p3/case_026/time_first.json,b18cdb2c07e7a99be8ee7ed46b8b6b4af97b03d94b402a0db5acb9072bb16f0d
case_027,3,5,max_byte_hit_within_1pct_time_no_extra_copy,448117,16119808,0.2557190991310516,1.0,0,p3/case_027/max_byte_hit_within_1pct_time_no_extra_copy.json,7f2074cc3d9856759710684fb20d6b05ed1a69d69c8c54ad7b06aa52f60dd5e6
case_027,3,5,min_copy_within_1pct_time,448117,16119808,0.2401134953005852,1.0,0,p3/case_027/min_copy_within_1pct_time.json,b0fa9da47632fb703a9ce2cb951749603d2d7c5e076b971a6d84c7f158f716bc
case_027,3,5,min_copy_within_3pct_time,448117,16119808,0.2401134953005852,1.0,0,p3/case_027/min_copy_within_3pct_time.json,b0fa9da47632fb703a9ce2cb951749603d2d7c5e076b971a6d84c7f158f716bc
case_027,3,5,time_first,448117,16119808,0.2401134953005852,1.0,0,p3/case_027/time_first.json,b0fa9da47632fb703a9ce2cb951749603d2d7c5e076b971a6d84c7f158f716bc
case_028,3,5,max_byte_hit_within_1pct_time_no_extra_copy,7970583,22602240,0.3282047895756295,1.0,0,p3/case_028/max_byte_hit_within_1pct_time_no_extra_copy.json,05b026fb2cdecf1f8aa3377653f92b653abaca5b14ccf3b217feb9bb6108df48
case_028,3,5,min_copy_within_1pct_time,7970583,22602240,0.3282047895756295,1.0,0,p3/case_028/min_copy_within_1pct_time.json,05b026fb2cdecf1f8aa3377653f92b653abaca5b14ccf3b217feb9bb6108df48
case_028,3,5,min_copy_within_3pct_time,7970583,22602240,0.3282047895756295,1.0,0,p3/case_028/min_copy_within_3pct_time.json,05b026fb2cdecf1f8aa3377653f92b653abaca5b14ccf3b217feb9bb6108df48
case_028,3,5,time_first,7970583,22602240,0.3282047895756295,1.0,0,p3/case_028/time_first.json,05b026fb2cdecf1f8aa3377653f92b653abaca5b14ccf3b217feb9bb6108df48
case_029,3,5,max_byte_hit_within_1pct_time_no_extra_copy,9383,0,0.0,1.0,0,p3/case_029/max_byte_hit_within_1pct_time_no_extra_copy.json,06053f139e9c60361d8a80d72059e67564fb1939e21106eb273feeb36b617af4
case_029,3,5,min_copy_within_1pct_time,9383,0,0.0,1.0,0,p3/case_029/min_copy_within_1pct_time.json,06053f139e9c60361d8a80d72059e67564fb1939e21106eb273feeb36b617af4
case_029,3,5,min_copy_within_3pct_time,9383,0,0.0,1.0,0,p3/case_029/min_copy_within_3pct_time.json,06053f139e9c60361d8a80d72059e67564fb1939e21106eb273feeb36b617af4
case_029,3,5,time_first,9383,0,0.0,1.0,0,p3/case_029/time_first.json,06053f139e9c60361d8a80d72059e67564fb1939e21106eb273feeb36b617af4
case_030,3,5,max_byte_hit_within_1pct_time_no_extra_copy,560217,8692736,0.7723139729077751,1.001494509109176,1802240,p3/case_030/max_byte_hit_within_1pct_time_no_extra_copy.json,db0bdff56840d05393482e1403185af98ad3db949a6c9b834305e98232728556
case_030,3,5,min_copy_within_1pct_time,560217,8692736,0.7678604564854333,1.001494509109176,1802240,p3/case_030/min_copy_within_1pct_time.json,7c79a353eb32f48932dbf153e94de57bbbe28aff7b919a91d9662a3d8543873e
case_030,3,5,min_copy_within_3pct_time,560217,8692736,0.7678604564854333,1.001494509109176,1802240,p3/case_030/min_copy_within_3pct_time.json,7c79a353eb32f48932dbf153e94de57bbbe28aff7b919a91d9662a3d8543873e
case_030,3,5,time_first,559381,10494976,0.7201842688960928,1.0,0,p3/case_030/time_first.json,ae1c3d311cc96a64722bb09697f7b6a92886ff7cd3dfa9dcde4e886b40610b55
case_031,3,5,max_byte_hit_within_1pct_time_no_extra_copy,274023,7091968,0.5904421238735722,1.003647990858047,125440,p3/case_031/max_byte_hit_within_1pct_time_no_extra_copy.json,9488d0024d7bb557ad5c131ccd1823294d7c22813954acbb961a40f8b577713e
case_031,3,5,min_copy_within_1pct_time,274023,7091968,0.5904421238735722,1.003647990858047,125440,p3/case_031/min_copy_within_1pct_time.json,9488d0024d7bb557ad5c131ccd1823294d7c22813954acbb961a40f8b577713e
case_031,3,5,min_copy_within_3pct_time,274023,7091968,0.5904421238735722,1.003647990858047,125440,p3/case_031/min_copy_within_3pct_time.json,9488d0024d7bb557ad5c131ccd1823294d7c22813954acbb961a40f8b577713e
case_031,3,5,time_first,273027,7217408,0.42688383404925023,1.0,0,p3/case_031/time_first.json,e4e61f63bb23944bc2beef8aba2f18c9d6d10db33e5f49cbeb5aeca944f839e9
case_032,3,5,max_byte_hit_within_1pct_time_no_extra_copy,10059,26696,0.02776321978095814,1.0,0,p3/case_032/max_byte_hit_within_1pct_time_no_extra_copy.json,a6ab576a049d9a38910a54bff21509de620142c0fbe390870ef60492228fd58d
case_032,3,5,min_copy_within_1pct_time,10059,26696,0.02776321978095814,1.0,0,p3/case_032/min_copy_within_1pct_time.json,a6ab576a049d9a38910a54bff21509de620142c0fbe390870ef60492228fd58d
case_032,3,5,min_copy_within_3pct_time,10359,12360,0.04239904499238464,1.029824038174769,14336,p3/case_032/min_copy_within_3pct_time.json,08a9f6c087acb0cdbc2f5191af07cecb7db86aa6114be2a0b9e3b48ffef06758
case_032,3,5,time_first,10059,26696,0.02776321978095814,1.0,0,p3/case_032/time_first.json,a6ab576a049d9a38910a54bff21509de620142c0fbe390870ef60492228fd58d
case_033,3,5,max_byte_hit_within_1pct_time_no_extra_copy,349144,7934592,0.42679368570382714,1.0,0,p3/case_033/max_byte_hit_within_1pct_time_no_extra_copy.json,55857776cabdbe5e68a15d6959f71ee771f7bba935e87fcbf150c23771ec54e3
case_033,3,5,min_copy_within_1pct_time,349144,7934592,0.42679368570382714,1.0,0,p3/case_033/min_copy_within_1pct_time.json,55857776cabdbe5e68a15d6959f71ee771f7bba935e87fcbf150c23771ec54e3
case_033,3,5,min_copy_within_3pct_time,349144,7934592,0.42679368570382714,1.0,0,p3/case_033/min_copy_within_3pct_time.json,55857776cabdbe5e68a15d6959f71ee771f7bba935e87fcbf150c23771ec54e3
case_033,3,5,time_first,349144,7934592,0.42679368570382714,1.0,0,p3/case_033/time_first.json,55857776cabdbe5e68a15d6959f71ee771f7bba935e87fcbf150c23771ec54e3
case_034,3,5,max_byte_hit_within_1pct_time_no_extra_copy,150655,2807808,0.5130272621207785,1.0,0,p3/case_034/max_byte_hit_within_1pct_time_no_extra_copy.json,9e1444e75742bf6053299798d07113012196060be8c7782fc1dd97369ee344ad
case_034,3,5,min_copy_within_1pct_time,150655,2807808,0.5130272621207785,1.0,0,p3/case_034/min_copy_within_1pct_time.json,9e1444e75742bf6053299798d07113012196060be8c7782fc1dd97369ee344ad
case_034,3,5,min_copy_within_3pct_time,150655,2807808,0.5130272621207785,1.0,0,p3/case_034/min_copy_within_3pct_time.json,9e1444e75742bf6053299798d07113012196060be8c7782fc1dd97369ee344ad
case_034,3,5,time_first,150655,2807808,0.5130272621207785,1.0,0,p3/case_034/time_first.json,9e1444e75742bf6053299798d07113012196060be8c7782fc1dd97369ee344ad
case_035,3,5,max_byte_hit_within_1pct_time_no_extra_copy,40778,1130532,0.34067248273355144,1.0,0,p3/case_035/max_byte_hit_within_1pct_time_no_extra_copy.json,00a42463894648589a3e2949a5e0b85e05b328ad3af558a38c31b66d59dc0e0a
case_035,3,5,min_copy_within_1pct_time,40778,1130532,0.34067248273355144,1.0,0,p3/case_035/min_copy_within_1pct_time.json,00a42463894648589a3e2949a5e0b85e05b328ad3af558a38c31b66d59dc0e0a
case_035,3,5,min_copy_within_3pct_time,40778,1130532,0.34067248273355144,1.0,0,p3/case_035/min_copy_within_3pct_time.json,00a42463894648589a3e2949a5e0b85e05b328ad3af558a38c31b66d59dc0e0a
case_035,3,5,time_first,40778,1130532,0.34067248273355144,1.0,0,p3/case_035/time_first.json,00a42463894648589a3e2949a5e0b85e05b328ad3af558a38c31b66d59dc0e0a
case_036,3,5,max_byte_hit_within_1pct_time_no_extra_copy,187182,4608,0.0,1.0,0,p3/case_036/max_byte_hit_within_1pct_time_no_extra_copy.json,a8ec22794d86949a719bf8210c3210fda5bfb9c3340186eb2d8fe2ac97ccdf9a
case_036,3,5,min_copy_within_1pct_time,187182,4608,0.0,1.0,0,p3/case_036/min_copy_within_1pct_time.json,a8ec22794d86949a719bf8210c3210fda5bfb9c3340186eb2d8fe2ac97ccdf9a
case_036,3,5,min_copy_within_3pct_time,187182,4608,0.0,1.0,0,p3/case_036/min_copy_within_3pct_time.json,a8ec22794d86949a719bf8210c3210fda5bfb9c3340186eb2d8fe2ac97ccdf9a
case_036,3,5,time_first,187182,4608,0.0,1.0,0,p3/case_036/time_first.json,a8ec22794d86949a719bf8210c3210fda5bfb9c3340186eb2d8fe2ac97ccdf9a
case_037,3,5,max_byte_hit_within_1pct_time_no_extra_copy,43013,778240,0.3421875,1.0,0,p3/case_037/max_byte_hit_within_1pct_time_no_extra_copy.json,4aa7e2d81681ee56802a32a8224932b5ae960a12353369f4a7f1d735b45ec629
case_037,3,5,min_copy_within_1pct_time,43013,778240,0.3421875,1.0,0,p3/case_037/min_copy_within_1pct_time.json,4aa7e2d81681ee56802a32a8224932b5ae960a12353369f4a7f1d735b45ec629
case_037,3,5,min_copy_within_3pct_time,43013,778240,0.3421875,1.0,0,p3/case_037/min_copy_within_3pct_time.json,4aa7e2d81681ee56802a32a8224932b5ae960a12353369f4a7f1d735b45ec629
case_037,3,5,time_first,43013,778240,0.3421875,1.0,0,p3/case_037/time_first.json,4aa7e2d81681ee56802a32a8224932b5ae960a12353369f4a7f1d735b45ec629
case_038,3,5,max_byte_hit_within_1pct_time_no_extra_copy,267532,8640000,0.6165758275871297,1.0015311298540372,0,p3/case_038/max_byte_hit_within_1pct_time_no_extra_copy.json,fed83807508fe17eef9e67a59dc164912f3365b364fdc3de51409dbf360da163
case_038,3,5,min_copy_within_1pct_time,267123,8640000,0.6048890962145632,1.0,0,p3/case_038/min_copy_within_1pct_time.json,ca4964acbb43fb56e044328548b9b950b6ee303f2340c588a160e46ab734302c
case_038,3,5,min_copy_within_3pct_time,270964,8558592,0.7242710315721753,1.01437914369036,81408,p3/case_038/min_copy_within_3pct_time.json,06aff0b41fc01f0c9f0ffae59c2e86eb5eaf82b99f2d5ec8a0da4e987ef4333c
case_038,3,5,time_first,267123,8640000,0.6048890962145632,1.0,0,p3/case_038/time_first.json,ca4964acbb43fb56e044328548b9b950b6ee303f2340c588a160e46ab734302c
case_039,3,5,max_byte_hit_within_1pct_time_no_extra_copy,288160,20160512,0.6485984464707869,1.0,0,p3/case_039/max_byte_hit_within_1pct_time_no_extra_copy.json,32fcdc4f23f90cc4e87ca77ade9fe735315623912ed70282aaec693494bba98e
case_039,3,5,min_copy_within_1pct_time,288160,20160512,0.6485984464707869,1.0,0,p3/case_039/min_copy_within_1pct_time.json,32fcdc4f23f90cc4e87ca77ade9fe735315623912ed70282aaec693494bba98e
case_039,3,5,min_copy_within_3pct_time,288160,20160512,0.6485984464707869,1.0,0,p3/case_039/min_copy_within_3pct_time.json,32fcdc4f23f90cc4e87ca77ade9fe735315623912ed70282aaec693494bba98e
case_039,3,5,time_first,288160,20160512,0.6485984464707869,1.0,0,p3/case_039/time_first.json,32fcdc4f23f90cc4e87ca77ade9fe735315623912ed70282aaec693494bba98e
case_040,3,5,max_byte_hit_within_1pct_time_no_extra_copy,57659,2288112,0.24838614609894547,1.0,0,p3/case_040/max_byte_hit_within_1pct_time_no_extra_copy.json,d4e95a168c2fc578b122f6f16670a5724c8596d9ebe1de56c72c8b2f935544e3
case_040,3,5,min_copy_within_1pct_time,57659,2288112,0.24838614609894547,1.0,0,p3/case_040/min_copy_within_1pct_time.json,d4e95a168c2fc578b122f6f16670a5724c8596d9ebe1de56c72c8b2f935544e3
case_040,3,5,min_copy_within_3pct_time,57659,2288112,0.24838614609894547,1.0,0,p3/case_040/min_copy_within_3pct_time.json,d4e95a168c2fc578b122f6f16670a5724c8596d9ebe1de56c72c8b2f935544e3
case_040,3,5,time_first,57659,2288112,0.24838614609894547,1.0,0,p3/case_040/time_first.json,d4e95a168c2fc578b122f6f16670a5724c8596d9ebe1de56c72c8b2f935544e3
case_041,3,5,max_byte_hit_within_1pct_time_no_extra_copy,1193991,35555328,0.4411073189230186,1.0017249262753423,5074944,p3/case_041/max_byte_hit_within_1pct_time_no_extra_copy.json,fd2f13f81d02d37e8536ba468451a2046f91ee3d8b310b78c3883467ba1b5ba3
case_041,3,5,min_copy_within_1pct_time,1194092,33183744,0.4052203335213083,1.0018096624396464,7446528,p3/case_041/min_copy_within_1pct_time.json,fc723404af88f2b119b975098b0d0a1fa9216be567e480874570ac0b6dee0f5a
case_041,3,5,min_copy_within_3pct_time,1194092,33183744,0.4052203335213083,1.0018096624396464,7446528,p3/case_041/min_copy_within_3pct_time.json,fc723404af88f2b119b975098b0d0a1fa9216be567e480874570ac0b6dee0f5a
case_041,3,5,time_first,1191935,40630272,0.3202129810608614,1.0,0,p3/case_041/time_first.json,f4279e3316d6c7fdbcae9d0738c9176f4276c3d379c3cf2e4ec8e4ee9ea17926
case_042,3,5,max_byte_hit_within_1pct_time_no_extra_copy,347203,8738816,0.27289588388255287,1.0,0,p3/case_042/max_byte_hit_within_1pct_time_no_extra_copy.json,c78f17cbe3b0e6efb15845e933dd727aa1175c859024621fe09bc0810892b89b
case_042,3,5,min_copy_within_1pct_time,347203,8738816,0.27289588388255287,1.0,0,p3/case_042/min_copy_within_1pct_time.json,c78f17cbe3b0e6efb15845e933dd727aa1175c859024621fe09bc0810892b89b
case_042,3,5,min_copy_within_3pct_time,352395,6324224,0.5550939357810485,1.014953787841695,2414592,p3/case_042/min_copy_within_3pct_time.json,e8f648c13d72df120605bd9d093f55b54f4e058a1bf098ee2779a16427d0a233
case_042,3,5,time_first,347203,8738816,0.27289588388255287,1.0,0,p3/case_042/time_first.json,c78f17cbe3b0e6efb15845e933dd727aa1175c859024621fe09bc0810892b89b
case_043,3,5,max_byte_hit_within_1pct_time_no_extra_copy,219768,1859380,0.3627891029022105,1.0,0,p3/case_043/max_byte_hit_within_1pct_time_no_extra_copy.json,672e4dffd2414e7909ddd6bcd7961b94553052352197a48386335eff05fb20f2
case_043,3,5,min_copy_within_1pct_time,219768,1859380,0.3627891029022105,1.0,0,p3/case_043/min_copy_within_1pct_time.json,672e4dffd2414e7909ddd6bcd7961b94553052352197a48386335eff05fb20f2
case_043,3,5,min_copy_within_3pct_time,219768,1859380,0.3627891029022105,1.0,0,p3/case_043/min_copy_within_3pct_time.json,672e4dffd2414e7909ddd6bcd7961b94553052352197a48386335eff05fb20f2
case_043,3,5,time_first,219768,1859380,0.3627891029022105,1.0,0,p3/case_043/time_first.json,672e4dffd2414e7909ddd6bcd7961b94553052352197a48386335eff05fb20f2
case_044,3,5,max_byte_hit_within_1pct_time_no_extra_copy,43790,930400,0.0015122166717640262,1.0,0,p3/case_044/max_byte_hit_within_1pct_time_no_extra_copy.json,ef35f73a1f2552bf432b1bbcbef50756595da741b6b20b4bb69297e5136f08ff
case_044,3,5,min_copy_within_1pct_time,43790,930400,0.0015122166717640262,1.0,0,p3/case_044/min_copy_within_1pct_time.json,ef35f73a1f2552bf432b1bbcbef50756595da741b6b20b4bb69297e5136f08ff
case_044,3,5,min_copy_within_3pct_time,43790,930400,0.0015122166717640262,1.0,0,p3/case_044/min_copy_within_3pct_time.json,ef35f73a1f2552bf432b1bbcbef50756595da741b6b20b4bb69297e5136f08ff
case_044,3,5,time_first,43790,930400,0.0015122166717640262,1.0,0,p3/case_044/time_first.json,ef35f73a1f2552bf432b1bbcbef50756595da741b6b20b4bb69297e5136f08ff
case_045,3,5,max_byte_hit_within_1pct_time_no_extra_copy,25770,0,0.0,1.0,0,p3/case_045/max_byte_hit_within_1pct_time_no_extra_copy.json,a42dd59c93a57f988db6d6d76ddc50c4bb293ca5c3cfabc2086a7f010b00f534
case_045,3,5,min_copy_within_1pct_time,25770,0,0.0,1.0,0,p3/case_045/min_copy_within_1pct_time.json,a42dd59c93a57f988db6d6d76ddc50c4bb293ca5c3cfabc2086a7f010b00f534
case_045,3,5,min_copy_within_3pct_time,25770,0,0.0,1.0,0,p3/case_045/min_copy_within_3pct_time.json,a42dd59c93a57f988db6d6d76ddc50c4bb293ca5c3cfabc2086a7f010b00f534
case_045,3,5,time_first,25770,0,0.0,1.0,0,p3/case_045/time_first.json,a42dd59c93a57f988db6d6d76ddc50c4bb293ca5c3cfabc2086a7f010b00f534
case_046,3,5,max_byte_hit_within_1pct_time_no_extra_copy,77846,2791200,0.0,1.0,0,p3/case_046/max_byte_hit_within_1pct_time_no_extra_copy.json,06766164545d1f3344b98cd9509bc23f12b77e8a71bda5520df692562dfa3f7d
case_046,3,5,min_copy_within_1pct_time,77846,2791200,0.0,1.0,0,p3/case_046/min_copy_within_1pct_time.json,06766164545d1f3344b98cd9509bc23f12b77e8a71bda5520df692562dfa3f7d
case_046,3,5,min_copy_within_3pct_time,77846,2791200,0.0,1.0,0,p3/case_046/min_copy_within_3pct_time.json,06766164545d1f3344b98cd9509bc23f12b77e8a71bda5520df692562dfa3f7d
case_046,3,5,time_first,77846,2791200,0.0,1.0,0,p3/case_046/time_first.json,06766164545d1f3344b98cd9509bc23f12b77e8a71bda5520df692562dfa3f7d
case_047,3,5,max_byte_hit_within_1pct_time_no_extra_copy,83861,2696024,0.4415147875650962,1.0,0,p3/case_047/max_byte_hit_within_1pct_time_no_extra_copy.json,d0e1cf20911921ad8ce4e34dbcd7b98b82f29baddfa31cea8eb49b33f0aaef33
case_047,3,5,min_copy_within_1pct_time,83861,2696024,0.4415147875650962,1.0,0,p3/case_047/min_copy_within_1pct_time.json,d0e1cf20911921ad8ce4e34dbcd7b98b82f29baddfa31cea8eb49b33f0aaef33
case_047,3,5,min_copy_within_3pct_time,83861,2696024,0.4415147875650962,1.0,0,p3/case_047/min_copy_within_3pct_time.json,d0e1cf20911921ad8ce4e34dbcd7b98b82f29baddfa31cea8eb49b33f0aaef33
case_047,3,5,time_first,83861,2696024,0.4415147875650962,1.0,0,p3/case_047/time_first.json,d0e1cf20911921ad8ce4e34dbcd7b98b82f29baddfa31cea8eb49b33f0aaef33
case_048,3,5,max_byte_hit_within_1pct_time_no_extra_copy,97672,805526,0.207031478523052,1.0,0,p3/case_048/max_byte_hit_within_1pct_time_no_extra_copy.json,e554328d3e270c580743e958551cb366aed5239e2b7dcdfcf5818768c50cbef2
case_048,3,5,min_copy_within_1pct_time,97672,805526,0.207031478523052,1.0,0,p3/case_048/min_copy_within_1pct_time.json,e554328d3e270c580743e958551cb366aed5239e2b7dcdfcf5818768c50cbef2
case_048,3,5,min_copy_within_3pct_time,97672,805526,0.207031478523052,1.0,0,p3/case_048/min_copy_within_3pct_time.json,e554328d3e270c580743e958551cb366aed5239e2b7dcdfcf5818768c50cbef2
case_048,3,5,time_first,97672,805526,0.207031478523052,1.0,0,p3/case_048/time_first.json,e554328d3e270c580743e958551cb366aed5239e2b7dcdfcf5818768c50cbef2
case_049,3,5,max_byte_hit_within_1pct_time_no_extra_copy,95813,5284936,0.1523863246603417,1.0,0,p3/case_049/max_byte_hit_within_1pct_time_no_extra_copy.json,4eb2daf396db9947d662e9aafba9f51a5ed27458f8d5c05ddfbb1c1c18aaa9cb
case_049,3,5,min_copy_within_1pct_time,95813,5284936,0.1523863246603417,1.0,0,p3/case_049/min_copy_within_1pct_time.json,4eb2daf396db9947d662e9aafba9f51a5ed27458f8d5c05ddfbb1c1c18aaa9cb
case_049,3,5,min_copy_within_3pct_time,95813,5284936,0.1523863246603417,1.0,0,p3/case_049/min_copy_within_3pct_time.json,4eb2daf396db9947d662e9aafba9f51a5ed27458f8d5c05ddfbb1c1c18aaa9cb
case_049,3,5,time_first,95813,5284936,0.1523863246603417,1.0,0,p3/case_049/time_first.json,4eb2daf396db9947d662e9aafba9f51a5ed27458f8d5c05ddfbb1c1c18aaa9cb
case_050,3,5,max_byte_hit_within_1pct_time_no_extra_copy,96617,16128,0.034581717318476,1.0,0,p3/case_050/max_byte_hit_within_1pct_time_no_extra_copy.json,f9059cec3aa7024df7bba8fe0818e1e28ee8f7875a04872580aba24166cb7db3
case_050,3,5,min_copy_within_1pct_time,96617,16128,0.034581717318476,1.0,0,p3/case_050/min_copy_within_1pct_time.json,f9059cec3aa7024df7bba8fe0818e1e28ee8f7875a04872580aba24166cb7db3
case_050,3,5,min_copy_within_3pct_time,96617,16128,0.034581717318476,1.0,0,p3/case_050/min_copy_within_3pct_time.json,f9059cec3aa7024df7bba8fe0818e1e28ee8f7875a04872580aba24166cb7db3
case_050,3,5,time_first,96617,16128,0.034581717318476,1.0,0,p3/case_050/time_first.json,f9059cec3aa7024df7bba8fe0818e1e28ee8f7875a04872580aba24166cb7db3
case_051,3,5,max_byte_hit_within_1pct_time_no_extra_copy,161479,3507604,0.15494134258491382,1.0,0,p3/case_051/max_byte_hit_within_1pct_time_no_extra_copy.json,be893a506dfffb76e5f8768d3b36bde5fcbf6ef7671d3a8071ed381052bdcb8c
case_051,3,5,min_copy_within_1pct_time,161479,3507604,0.15494134258491382,1.0,0,p3/case_051/min_copy_within_1pct_time.json,be893a506dfffb76e5f8768d3b36bde5fcbf6ef7671d3a8071ed381052bdcb8c
case_051,3,5,min_copy_within_3pct_time,161479,3507604,0.15494134258491382,1.0,0,p3/case_051/min_copy_within_3pct_time.json,be893a506dfffb76e5f8768d3b36bde5fcbf6ef7671d3a8071ed381052bdcb8c
case_051,3,5,time_first,161479,3507604,0.15494134258491382,1.0,0,p3/case_051/time_first.json,be893a506dfffb76e5f8768d3b36bde5fcbf6ef7671d3a8071ed381052bdcb8c
case_052,3,5,max_byte_hit_within_1pct_time_no_extra_copy,31139,328704,0.1895133954132082,1.0,0,p3/case_052/max_byte_hit_within_1pct_time_no_extra_copy.json,7f5110d6ed1291d7437d4595f91d52f24c8a8980a0c744c348e18cf599f6dbed
case_052,3,5,min_copy_within_1pct_time,31139,328704,0.1895133954132082,1.0,0,p3/case_052/min_copy_within_1pct_time.json,7f5110d6ed1291d7437d4595f91d52f24c8a8980a0c744c348e18cf599f6dbed
case_052,3,5,min_copy_within_3pct_time,31139,328704,0.1895133954132082,1.0,0,p3/case_052/min_copy_within_3pct_time.json,7f5110d6ed1291d7437d4595f91d52f24c8a8980a0c744c348e18cf599f6dbed
case_052,3,5,time_first,31139,328704,0.1895133954132082,1.0,0,p3/case_052/time_first.json,7f5110d6ed1291d7437d4595f91d52f24c8a8980a0c744c348e18cf599f6dbed
case_053,3,5,max_byte_hit_within_1pct_time_no_extra_copy,374457,3247692,0.020520021907168538,1.0,0,p3/case_053/max_byte_hit_within_1pct_time_no_extra_copy.json,f97ef2fe0e4f32ddbe897621aaa8b9306df0e35ded4fcfbd87dcf4ce7a479805
case_053,3,5,min_copy_within_1pct_time,374457,3247692,0.020520021907168538,1.0,0,p3/case_053/min_copy_within_1pct_time.json,f97ef2fe0e4f32ddbe897621aaa8b9306df0e35ded4fcfbd87dcf4ce7a479805
case_053,3,5,min_copy_within_3pct_time,374457,3247692,0.020520021907168538,1.0,0,p3/case_053/min_copy_within_3pct_time.json,f97ef2fe0e4f32ddbe897621aaa8b9306df0e35ded4fcfbd87dcf4ce7a479805
case_053,3,5,time_first,374457,3247692,0.020520021907168538,1.0,0,p3/case_053/time_first.json,f97ef2fe0e4f32ddbe897621aaa8b9306df0e35ded4fcfbd87dcf4ce7a479805
case_054,3,5,max_byte_hit_within_1pct_time_no_extra_copy,356049,15561792,0.17325732653087675,1.0,0,p3/case_054/max_byte_hit_within_1pct_time_no_extra_copy.json,ac6570c52c896c353c4db88f801e156dc3d0bbb2f6d8469d10636e97e9afbb53
case_054,3,5,min_copy_within_1pct_time,356353,15558720,0.17208635758046512,1.0008538150647803,3072,p3/case_054/min_copy_within_1pct_time.json,9753290a9870afe63ec54f9222b495e283d91ae873022ce2b55be5dc13bbdffe
case_054,3,5,min_copy_within_3pct_time,356353,15558720,0.17208635758046512,1.0008538150647803,3072,p3/case_054/min_copy_within_3pct_time.json,9753290a9870afe63ec54f9222b495e283d91ae873022ce2b55be5dc13bbdffe
case_054,3,5,time_first,356049,15561792,0.17325732653087675,1.0,0,p3/case_054/time_first.json,ac6570c52c896c353c4db88f801e156dc3d0bbb2f6d8469d10636e97e9afbb53
case_055,3,5,max_byte_hit_within_1pct_time_no_extra_copy,19462,198656,0.19750881909096643,1.0,0,p3/case_055/max_byte_hit_within_1pct_time_no_extra_copy.json,146fe28744743e5c37f2d14408a34e3c1f1b61993ab9408762c7e50370759d74
case_055,3,5,min_copy_within_1pct_time,19462,198656,0.19750881909096643,1.0,0,p3/case_055/min_copy_within_1pct_time.json,146fe28744743e5c37f2d14408a34e3c1f1b61993ab9408762c7e50370759d74
case_055,3,5,min_copy_within_3pct_time,19462,198656,0.19750881909096643,1.0,0,p3/case_055/min_copy_within_3pct_time.json,146fe28744743e5c37f2d14408a34e3c1f1b61993ab9408762c7e50370759d74
case_055,3,5,time_first,19462,198656,0.19750881909096643,1.0,0,p3/case_055/time_first.json,146fe28744743e5c37f2d14408a34e3c1f1b61993ab9408762c7e50370759d74
case_056,3,5,max_byte_hit_within_1pct_time_no_extra_copy,122274,6671748,0.17091779973584553,1.0,0,p3/case_056/max_byte_hit_within_1pct_time_no_extra_copy.json,4cb9c2b51e89ed263de9c7172fa5ac87758fa2a384ecdd4a7850eb6c6e433a30
case_056,3,5,min_copy_within_1pct_time,122274,6671748,0.17091779973584553,1.0,0,p3/case_056/min_copy_within_1pct_time.json,4cb9c2b51e89ed263de9c7172fa5ac87758fa2a384ecdd4a7850eb6c6e433a30
case_056,3,5,min_copy_within_3pct_time,122274,6671748,0.17091779973584553,1.0,0,p3/case_056/min_copy_within_3pct_time.json,4cb9c2b51e89ed263de9c7172fa5ac87758fa2a384ecdd4a7850eb6c6e433a30
case_056,3,5,time_first,122274,6671748,0.17091779973584553,1.0,0,p3/case_056/time_first.json,4cb9c2b51e89ed263de9c7172fa5ac87758fa2a384ecdd4a7850eb6c6e433a30
case_057,3,5,max_byte_hit_within_1pct_time_no_extra_copy,14372,27936,0.07663692925568687,1.0,0,p3/case_057/max_byte_hit_within_1pct_time_no_extra_copy.json,afc33452dd684bae402e33d66febb09a42f32b94990844b7a9c60be945049a1a
case_057,3,5,min_copy_within_1pct_time,14372,27936,0.07663692925568687,1.0,0,p3/case_057/min_copy_within_1pct_time.json,afc33452dd684bae402e33d66febb09a42f32b94990844b7a9c60be945049a1a
case_057,3,5,min_copy_within_3pct_time,14372,27936,0.07663692925568687,1.0,0,p3/case_057/min_copy_within_3pct_time.json,afc33452dd684bae402e33d66febb09a42f32b94990844b7a9c60be945049a1a
case_057,3,5,time_first,14372,27936,0.07663692925568687,1.0,0,p3/case_057/time_first.json,afc33452dd684bae402e33d66febb09a42f32b94990844b7a9c60be945049a1a
case_058,3,5,max_byte_hit_within_1pct_time_no_extra_copy,896066,35528704,0.3073102900278109,1.0,0,p3/case_058/max_byte_hit_within_1pct_time_no_extra_copy.json,02609869003f37d62581ef4f97591bd6a1e12e5f02c484630cff8931a2a4168e
case_058,3,5,min_copy_within_1pct_time,903728,34725888,0.29420505200594355,1.0085507094343498,802816,p3/case_058/min_copy_within_1pct_time.json,33b326f31fb18dc4a125b5f2bd550276e79d32ff50ab4c40ee5fba7f312fe106
case_058,3,5,min_copy_within_3pct_time,912018,34562048,0.29090004972650424,1.0178022601013765,966656,p3/case_058/min_copy_within_3pct_time.json,a1c3fbb7cc7b6397115e848a785f6b0460a87948229ef637f82b62bb144e3314
case_058,3,5,time_first,896066,35528704,0.3073102900278109,1.0,0,p3/case_058/time_first.json,02609869003f37d62581ef4f97591bd6a1e12e5f02c484630cff8931a2a4168e
case_059,3,5,max_byte_hit_within_1pct_time_no_extra_copy,150736,4325376,0.7681818181818182,1.0,0,p3/case_059/max_byte_hit_within_1pct_time_no_extra_copy.json,ca0745ee163996cc42b7bcc95c8e9512cef49ee63bab8482e19297b14dfe4bd7
case_059,3,5,min_copy_within_1pct_time,150736,4325376,0.7378787878787879,1.0,0,p3/case_059/min_copy_within_1pct_time.json,d2c49cbd893d8ef50523efe08eaa45282f905df615791c8640e801357da6e5a9
case_059,3,5,min_copy_within_3pct_time,150736,4325376,0.7378787878787879,1.0,0,p3/case_059/min_copy_within_3pct_time.json,d2c49cbd893d8ef50523efe08eaa45282f905df615791c8640e801357da6e5a9
case_059,3,5,time_first,150736,4325376,0.7378787878787879,1.0,0,p3/case_059/time_first.json,d2c49cbd893d8ef50523efe08eaa45282f905df615791c8640e801357da6e5a9
case_060,3,5,max_byte_hit_within_1pct_time_no_extra_copy,158821,3588480,0.41577630988263964,1.0,0,p3/case_060/max_byte_hit_within_1pct_time_no_extra_copy.json,76f298c5aa192d3974f66f85f95a096dc32ee6f1fd2959ad52f4b36a7c755262
case_060,3,5,min_copy_within_1pct_time,158821,3588480,0.41577630988263964,1.0,0,p3/case_060/min_copy_within_1pct_time.json,76f298c5aa192d3974f66f85f95a096dc32ee6f1fd2959ad52f4b36a7c755262
case_060,3,5,min_copy_within_3pct_time,158821,3588480,0.41577630988263964,1.0,0,p3/case_060/min_copy_within_3pct_time.json,76f298c5aa192d3974f66f85f95a096dc32ee6f1fd2959ad52f4b36a7c755262
case_060,3,5,time_first,158821,3588480,0.41577630988263964,1.0,0,p3/case_060/time_first.json,76f298c5aa192d3974f66f85f95a096dc32ee6f1fd2959ad52f4b36a7c755262
case_061,3,5,max_byte_hit_within_1pct_time_no_extra_copy,21840,83712,0.13335287408323085,1.0059416885449772,0,p3/case_061/max_byte_hit_within_1pct_time_no_extra_copy.json,3c9186ada7fd189017c13aa46cf7bfcf2ba04189485725a1d9a08c2c568032e9
case_061,3,5,min_copy_within_1pct_time,21711,83712,0.09257217864493396,1.0,0,p3/case_061/min_copy_within_1pct_time.json,e2c2aec889dd9ff4031d048d1d53536923cdffa5c268b3a2431df1cb3b9765ac
case_061,3,5,min_copy_within_3pct_time,21711,83712,0.09257217864493396,1.0,0,p3/case_061/min_copy_within_3pct_time.json,e2c2aec889dd9ff4031d048d1d53536923cdffa5c268b3a2431df1cb3b9765ac
case_061,3,5,time_first,21711,83712,0.09257217864493396,1.0,0,p3/case_061/time_first.json,e2c2aec889dd9ff4031d048d1d53536923cdffa5c268b3a2431df1cb3b9765ac
case_062,3,5,max_byte_hit_within_1pct_time_no_extra_copy,690990,9735168,0.0,1.0,0,p3/case_062/max_byte_hit_within_1pct_time_no_extra_copy.json,c1844dbfd84546e68e863e7d32c243af6351b44b25f7155c0cacfcd3de78683c
case_062,3,5,min_copy_within_1pct_time,690990,9735168,0.0,1.0,0,p3/case_062/min_copy_within_1pct_time.json,c1844dbfd84546e68e863e7d32c243af6351b44b25f7155c0cacfcd3de78683c
case_062,3,5,min_copy_within_3pct_time,690990,9735168,0.0,1.0,0,p3/case_062/min_copy_within_3pct_time.json,c1844dbfd84546e68e863e7d32c243af6351b44b25f7155c0cacfcd3de78683c
case_062,3,5,time_first,690990,9735168,0.0,1.0,0,p3/case_062/time_first.json,c1844dbfd84546e68e863e7d32c243af6351b44b25f7155c0cacfcd3de78683c
case_063,3,5,max_byte_hit_within_1pct_time_no_extra_copy,250837,2998272,0.0,1.0,0,p3/case_063/max_byte_hit_within_1pct_time_no_extra_copy.json,67b31a96e7d6b228429261e6f1bd01e7f0cf71dcf369417c1fca08dc66c910fe
case_063,3,5,min_copy_within_1pct_time,250837,2998272,0.0,1.0,0,p3/case_063/min_copy_within_1pct_time.json,67b31a96e7d6b228429261e6f1bd01e7f0cf71dcf369417c1fca08dc66c910fe
case_063,3,5,min_copy_within_3pct_time,250837,2998272,0.0,1.0,0,p3/case_063/min_copy_within_3pct_time.json,67b31a96e7d6b228429261e6f1bd01e7f0cf71dcf369417c1fca08dc66c910fe
case_063,3,5,time_first,250837,2998272,0.0,1.0,0,p3/case_063/time_first.json,67b31a96e7d6b228429261e6f1bd01e7f0cf71dcf369417c1fca08dc66c910fe
case_064,3,5,max_byte_hit_within_1pct_time_no_extra_copy,8628,130674,0.4025447525447525,1.0,0,p3/case_064/max_byte_hit_within_1pct_time_no_extra_copy.json,dccb1d44a7da3efe93d3298ed8d782f7fd3c7ef1263352759e928fde87bc4942
case_064,3,5,min_copy_within_1pct_time,8628,130674,0.4025447525447525,1.0,0,p3/case_064/min_copy_within_1pct_time.json,dccb1d44a7da3efe93d3298ed8d782f7fd3c7ef1263352759e928fde87bc4942
case_064,3,5,min_copy_within_3pct_time,8628,130674,0.4025447525447525,1.0,0,p3/case_064/min_copy_within_3pct_time.json,dccb1d44a7da3efe93d3298ed8d782f7fd3c7ef1263352759e928fde87bc4942
case_064,3,5,time_first,8628,130674,0.4025447525447525,1.0,0,p3/case_064/time_first.json,dccb1d44a7da3efe93d3298ed8d782f7fd3c7ef1263352759e928fde87bc4942
case_065,3,5,max_byte_hit_within_1pct_time_no_extra_copy,8163,55584,0.10456397901515323,1.0,0,p3/case_065/max_byte_hit_within_1pct_time_no_extra_copy.json,eccdadeaca8b9b69a3828cd6f488ecbb509c382ba1c9057677544ea5c5247f67
case_065,3,5,min_copy_within_1pct_time,8163,55584,0.10456397901515323,1.0,0,p3/case_065/min_copy_within_1pct_time.json,eccdadeaca8b9b69a3828cd6f488ecbb509c382ba1c9057677544ea5c5247f67
case_065,3,5,min_copy_within_3pct_time,8163,55584,0.10456397901515323,1.0,0,p3/case_065/min_copy_within_3pct_time.json,eccdadeaca8b9b69a3828cd6f488ecbb509c382ba1c9057677544ea5c5247f67
case_065,3,5,time_first,8163,55584,0.10456397901515323,1.0,0,p3/case_065/time_first.json,eccdadeaca8b9b69a3828cd6f488ecbb509c382ba1c9057677544ea5c5247f67
case_066,3,5,max_byte_hit_within_1pct_time_no_extra_copy,124922,6000546,0.29008532297500744,1.0,0,p3/case_066/max_byte_hit_within_1pct_time_no_extra_copy.json,83c3bc55b9f5dfab4e0c202480b98971f326edca50c810313ff2494621a04abc
case_066,3,5,min_copy_within_1pct_time,124922,6000546,0.29008532297500744,1.0,0,p3/case_066/min_copy_within_1pct_time.json,83c3bc55b9f5dfab4e0c202480b98971f326edca50c810313ff2494621a04abc
case_066,3,5,min_copy_within_3pct_time,124922,6000546,0.29008532297500744,1.0,0,p3/case_066/min_copy_within_3pct_time.json,83c3bc55b9f5dfab4e0c202480b98971f326edca50c810313ff2494621a04abc
case_066,3,5,time_first,124922,6000546,0.29008532297500744,1.0,0,p3/case_066/time_first.json,83c3bc55b9f5dfab4e0c202480b98971f326edca50c810313ff2494621a04abc
case_067,3,5,max_byte_hit_within_1pct_time_no_extra_copy,12474515,17327616,0.1772327880048049,1.0,0,p3/case_067/max_byte_hit_within_1pct_time_no_extra_copy.json,f4421a283a197303927b4cb774b3b7139f5290994efaa632da66ffd1d5e45797
case_067,3,5,min_copy_within_1pct_time,12474515,17327616,0.1772327880048049,1.0,0,p3/case_067/min_copy_within_1pct_time.json,f4421a283a197303927b4cb774b3b7139f5290994efaa632da66ffd1d5e45797
case_067,3,5,min_copy_within_3pct_time,12474515,17327616,0.1772327880048049,1.0,0,p3/case_067/min_copy_within_3pct_time.json,f4421a283a197303927b4cb774b3b7139f5290994efaa632da66ffd1d5e45797
case_067,3,5,time_first,12474515,17327616,0.1772327880048049,1.0,0,p3/case_067/time_first.json,f4421a283a197303927b4cb774b3b7139f5290994efaa632da66ffd1d5e45797
case_068,3,5,max_byte_hit_within_1pct_time_no_extra_copy,114148,4188824,0.2503727047267238,1.0,0,p3/case_068/max_byte_hit_within_1pct_time_no_extra_copy.json,9e43ab6b5ddeecc9d32006e7004bdc6ed86a854ec1a7a701e167cbe0b2c5884e
case_068,3,5,min_copy_within_1pct_time,114148,4188824,0.2503727047267238,1.0,0,p3/case_068/min_copy_within_1pct_time.json,9e43ab6b5ddeecc9d32006e7004bdc6ed86a854ec1a7a701e167cbe0b2c5884e
case_068,3,5,min_copy_within_3pct_time,114148,4188824,0.2503727047267238,1.0,0,p3/case_068/min_copy_within_3pct_time.json,9e43ab6b5ddeecc9d32006e7004bdc6ed86a854ec1a7a701e167cbe0b2c5884e
case_068,3,5,time_first,114148,4188824,0.2503727047267238,1.0,0,p3/case_068/time_first.json,9e43ab6b5ddeecc9d32006e7004bdc6ed86a854ec1a7a701e167cbe0b2c5884e
case_069,3,5,max_byte_hit_within_1pct_time_no_extra_copy,10246,448496,0.39069952914832595,1.0,0,p3/case_069/max_byte_hit_within_1pct_time_no_extra_copy.json,8a68ff1a7c4e3a785728c5823ee4edc77031973622944435ad6f810b180a238a
case_069,3,5,min_copy_within_1pct_time,10246,448496,0.39069952914832595,1.0,0,p3/case_069/min_copy_within_1pct_time.json,8a68ff1a7c4e3a785728c5823ee4edc77031973622944435ad6f810b180a238a
case_069,3,5,min_copy_within_3pct_time,10246,448496,0.39069952914832595,1.0,0,p3/case_069/min_copy_within_3pct_time.json,8a68ff1a7c4e3a785728c5823ee4edc77031973622944435ad6f810b180a238a
case_069,3,5,time_first,10246,448496,0.39069952914832595,1.0,0,p3/case_069/time_first.json,8a68ff1a7c4e3a785728c5823ee4edc77031973622944435ad6f810b180a238a
case_070,3,5,max_byte_hit_within_1pct_time_no_extra_copy,21056,462848,0.3016179792592324,1.0066934404283803,0,p3/case_070/max_byte_hit_within_1pct_time_no_extra_copy.json,6f2085d09b57699f9d4da5b49b815ba7af465478caa512aa0f9746d5a2de0ef9
case_070,3,5,min_copy_within_1pct_time,20916,462848,0.2215732078404361,1.0,0,p3/case_070/min_copy_within_1pct_time.json,94fa50702b6833464dc89d67268e2694a0b0421e4f9fa4bbb19fe441cbef7ec3
case_070,3,5,min_copy_within_3pct_time,20916,462848,0.2215732078404361,1.0,0,p3/case_070/min_copy_within_3pct_time.json,94fa50702b6833464dc89d67268e2694a0b0421e4f9fa4bbb19fe441cbef7ec3
case_070,3,5,time_first,20916,462848,0.2215732078404361,1.0,0,p3/case_070/time_first.json,94fa50702b6833464dc89d67268e2694a0b0421e4f9fa4bbb19fe441cbef7ec3
case_071,3,5,max_byte_hit_within_1pct_time_no_extra_copy,7982,362354,0.42693496293886657,1.0,0,p3/case_071/max_byte_hit_within_1pct_time_no_extra_copy.json,7d07ed19b7455b14d7a72cce497f599a098701cbcb62a492183c61b9f7a65dff
case_071,3,5,min_copy_within_1pct_time,7982,362354,0.42693496293886657,1.0,0,p3/case_071/min_copy_within_1pct_time.json,7d07ed19b7455b14d7a72cce497f599a098701cbcb62a492183c61b9f7a65dff
case_071,3,5,min_copy_within_3pct_time,7982,362354,0.42693496293886657,1.0,0,p3/case_071/min_copy_within_3pct_time.json,7d07ed19b7455b14d7a72cce497f599a098701cbcb62a492183c61b9f7a65dff
case_071,3,5,time_first,7982,362354,0.42693496293886657,1.0,0,p3/case_071/time_first.json,7d07ed19b7455b14d7a72cce497f599a098701cbcb62a492183c61b9f7a65dff
case_072,3,5,max_byte_hit_within_1pct_time_no_extra_copy,4697439,129737392,0.3256131676912537,1.0,0,p3/case_072/max_byte_hit_within_1pct_time_no_extra_copy.json,5d2c8700d09050e00a6ca4dc87c3cdb518c6e8a6b3ed0112bb1a0afbe7cfd6be
case_072,3,5,min_copy_within_1pct_time,4697439,129737392,0.3256131676912537,1.0,0,p3/case_072/min_copy_within_1pct_time.json,5d2c8700d09050e00a6ca4dc87c3cdb518c6e8a6b3ed0112bb1a0afbe7cfd6be
case_072,3,5,min_copy_within_3pct_time,4697439,129737392,0.3256131676912537,1.0,0,p3/case_072/min_copy_within_3pct_time.json,5d2c8700d09050e00a6ca4dc87c3cdb518c6e8a6b3ed0112bb1a0afbe7cfd6be
case_072,3,5,time_first,4697439,129737392,0.3256131676912537,1.0,0,p3/case_072/time_first.json,5d2c8700d09050e00a6ca4dc87c3cdb518c6e8a6b3ed0112bb1a0afbe7cfd6be
case_073,3,5,max_byte_hit_within_1pct_time_no_extra_copy,1713089,14886400,0.7909809511468188,1.0,0,p3/case_073/max_byte_hit_within_1pct_time_no_extra_copy.json,862c5c5efebde0ea76cf65abe50ef9bf962cefe7c7dd6a4a7b0515397c476be1
case_073,3,5,min_copy_within_1pct_time,1713089,14886400,0.7909809511468188,1.0,0,p3/case_073/min_copy_within_1pct_time.json,862c5c5efebde0ea76cf65abe50ef9bf962cefe7c7dd6a4a7b0515397c476be1
case_073,3,5,min_copy_within_3pct_time,1713089,14886400,0.7909809511468188,1.0,0,p3/case_073/min_copy_within_3pct_time.json,862c5c5efebde0ea76cf65abe50ef9bf962cefe7c7dd6a4a7b0515397c476be1
case_073,3,5,time_first,1713089,14886400,0.7909809511468188,1.0,0,p3/case_073/time_first.json,862c5c5efebde0ea76cf65abe50ef9bf962cefe7c7dd6a4a7b0515397c476be1
case_074,3,5,max_byte_hit_within_1pct_time_no_extra_copy,324729,8142848,0.5908428247604878,1.0,0,p3/case_074/max_byte_hit_within_1pct_time_no_extra_copy.json,835116fcdf907adb0b7a4ce88e1c8a08e99b48ba3959ec41e6c7c592cf26b829
case_074,3,5,min_copy_within_1pct_time,326680,7634944,0.35251724261484946,1.0060080867430996,507904,p3/case_074/min_copy_within_1pct_time.json,ccc303a3b0d75eaa55067d5b4bb45efbd7267b468747a1a82472139f1ba9d88f
case_074,3,5,min_copy_within_3pct_time,332942,7630848,0.352644092740561,1.0252918587499114,512000,p3/case_074/min_copy_within_3pct_time.json,938213f0c369f8bb834144b2cee6ba83797a04a236b003f4b93adb0be1079f84
case_074,3,5,time_first,324729,8142848,0.5908428247604878,1.0,0,p3/case_074/time_first.json,835116fcdf907adb0b7a4ce88e1c8a08e99b48ba3959ec41e6c7c592cf26b829
case_075,3,5,max_byte_hit_within_1pct_time_no_extra_copy,378486,13502104,0.3174036133601978,1.0,0,p3/case_075/max_byte_hit_within_1pct_time_no_extra_copy.json,a26a157e7f71881bc9c3a172b7432a064668f3b8d172caf29a3b04adc1833cdc
case_075,3,5,min_copy_within_1pct_time,378486,13502104,0.3174036133601978,1.0,0,p3/case_075/min_copy_within_1pct_time.json,a26a157e7f71881bc9c3a172b7432a064668f3b8d172caf29a3b04adc1833cdc
case_075,3,5,min_copy_within_3pct_time,378486,13502104,0.3174036133601978,1.0,0,p3/case_075/min_copy_within_3pct_time.json,a26a157e7f71881bc9c3a172b7432a064668f3b8d172caf29a3b04adc1833cdc
case_075,3,5,time_first,378486,13502104,0.3174036133601978,1.0,0,p3/case_075/time_first.json,a26a157e7f71881bc9c3a172b7432a064668f3b8d172caf29a3b04adc1833cdc
case_076,3,5,max_byte_hit_within_1pct_time_no_extra_copy,1226840,36488192,0.5350736143912366,1.0,0,p3/case_076/max_byte_hit_within_1pct_time_no_extra_copy.json,5a25e945928e86a440acc44e4a50f979e85a307cf7d9ca469e328a922f2bf172
case_076,3,5,min_copy_within_1pct_time,1227448,34928640,0.411501764475232,1.000495582146001,1559552,p3/case_076/min_copy_within_1pct_time.json,f871dd05956631a8189f552b96e204b2e4493a4f5cfd53d3630cacfe699c9029
case_076,3,5,min_copy_within_3pct_time,1227448,34928640,0.411501764475232,1.000495582146001,1559552,p3/case_076/min_copy_within_3pct_time.json,f871dd05956631a8189f552b96e204b2e4493a4f5cfd53d3630cacfe699c9029
case_076,3,5,time_first,1226840,36488192,0.5350736143912366,1.0,0,p3/case_076/time_first.json,5a25e945928e86a440acc44e4a50f979e85a307cf7d9ca469e328a922f2bf172
case_077,3,5,max_byte_hit_within_1pct_time_no_extra_copy,101185,1165830,0.033018342199395624,1.0,0,p3/case_077/max_byte_hit_within_1pct_time_no_extra_copy.json,32195a94f1fdbf37eb5b51f49461a8f31dc943d0e4375d0361996505526be65a
case_077,3,5,min_copy_within_1pct_time,101185,1165830,0.033018342199395624,1.0,0,p3/case_077/min_copy_within_1pct_time.json,32195a94f1fdbf37eb5b51f49461a8f31dc943d0e4375d0361996505526be65a
case_077,3,5,min_copy_within_3pct_time,101185,1165830,0.033018342199395624,1.0,0,p3/case_077/min_copy_within_3pct_time.json,32195a94f1fdbf37eb5b51f49461a8f31dc943d0e4375d0361996505526be65a
case_077,3,5,time_first,101185,1165830,0.033018342199395624,1.0,0,p3/case_077/time_first.json,32195a94f1fdbf37eb5b51f49461a8f31dc943d0e4375d0361996505526be65a
case_078,3,5,max_byte_hit_within_1pct_time_no_extra_copy,461892,13721088,0.3420141391138912,1.003428094735333,162816,p3/case_078/max_byte_hit_within_1pct_time_no_extra_copy.json,564cdcb167aeafefe1a4d161eca7f94a3ab64fa8ed9d9b21c8d9d609c7fec99c
case_078,3,5,min_copy_within_1pct_time,461892,13721088,0.3420141391138912,1.003428094735333,162816,p3/case_078/min_copy_within_1pct_time.json,564cdcb167aeafefe1a4d161eca7f94a3ab64fa8ed9d9b21c8d9d609c7fec99c
case_078,3,5,min_copy_within_3pct_time,466803,13719552,0.23548711407074288,1.0140968990732413,164352,p3/case_078/min_copy_within_3pct_time.json,a0bcab98837308e235ee8a5988cca7bdcf67f8fd0a91e4d72448f4fd99897b60
case_078,3,5,time_first,460314,13883904,0.31871102537088186,1.0,0,p3/case_078/time_first.json,aa5543c8e80111a3e77b4a794378cc609ddc785275454170a99e879f32f82826
case_079,3,5,max_byte_hit_within_1pct_time_no_extra_copy,6075472,47677440,0.2441611149398882,1.0087698878268616,2248704,p3/case_079/max_byte_hit_within_1pct_time_no_extra_copy.json,4ecb94fc7d792afb7d380b344b01cc857d4981292fd908149542b13cdf5f898b
case_079,3,5,min_copy_within_1pct_time,6075472,47677440,0.2441611149398882,1.0087698878268616,2248704,p3/case_079/min_copy_within_1pct_time.json,4ecb94fc7d792afb7d380b344b01cc857d4981292fd908149542b13cdf5f898b
case_079,3,5,min_copy_within_3pct_time,6075472,47677440,0.2441611149398882,1.0087698878268616,2248704,p3/case_079/min_copy_within_3pct_time.json,4ecb94fc7d792afb7d380b344b01cc857d4981292fd908149542b13cdf5f898b
case_079,3,5,time_first,6022654,49926144,0.21343481138318995,1.0,0,p3/case_079/time_first.json,247644f0a6a5b294c538006b0fd275b73184ad792b596c299efd2881366d9f22
case_080,3,5,max_byte_hit_within_1pct_time_no_extra_copy,73023,1904640,0.3032258064516129,1.0020858777840294,0,p3/case_080/max_byte_hit_within_1pct_time_no_extra_copy.json,ba919d429c3ecb0ea49fdb7a95a608fba90fa4ae55102e1f5fd65951af247e81
case_080,3,5,min_copy_within_1pct_time,72871,1904640,0.3010752688172043,1.0,0,p3/case_080/min_copy_within_1pct_time.json,d8d290a3218153cfdda90e3835603a3372cc316617d955dca8411856c55c594a
case_080,3,5,min_copy_within_3pct_time,72871,1904640,0.3010752688172043,1.0,0,p3/case_080/min_copy_within_3pct_time.json,d8d290a3218153cfdda90e3835603a3372cc316617d955dca8411856c55c594a
case_080,3,5,time_first,72871,1904640,0.3010752688172043,1.0,0,p3/case_080/time_first.json,d8d290a3218153cfdda90e3835603a3372cc316617d955dca8411856c55c594a
case_081,3,5,max_byte_hit_within_1pct_time_no_extra_copy,30943,0,0.0,1.0,0,p3/case_081/max_byte_hit_within_1pct_time_no_extra_copy.json,eb6a279de1dc36e4d189241e1acc4e92b9c4ea1e18d7da5caf86ae8609ae4a93
case_081,3,5,min_copy_within_1pct_time,30943,0,0.0,1.0,0,p3/case_081/min_copy_within_1pct_time.json,eb6a279de1dc36e4d189241e1acc4e92b9c4ea1e18d7da5caf86ae8609ae4a93
case_081,3,5,min_copy_within_3pct_time,30943,0,0.0,1.0,0,p3/case_081/min_copy_within_3pct_time.json,eb6a279de1dc36e4d189241e1acc4e92b9c4ea1e18d7da5caf86ae8609ae4a93
case_081,3,5,time_first,30943,0,0.0,1.0,0,p3/case_081/time_first.json,eb6a279de1dc36e4d189241e1acc4e92b9c4ea1e18d7da5caf86ae8609ae4a93
case_082,3,5,max_byte_hit_within_1pct_time_no_extra_copy,192108,8275254,0.30233621842234887,1.0,0,p3/case_082/max_byte_hit_within_1pct_time_no_extra_copy.json,4c04c0bce0155c1820f1827a20d769da26a53e0a6c45dfb03718fa8437b4ef88
case_082,3,5,min_copy_within_1pct_time,192108,8275254,0.30233621842234887,1.0,0,p3/case_082/min_copy_within_1pct_time.json,4c04c0bce0155c1820f1827a20d769da26a53e0a6c45dfb03718fa8437b4ef88
case_082,3,5,min_copy_within_3pct_time,192108,8275254,0.30233621842234887,1.0,0,p3/case_082/min_copy_within_3pct_time.json,4c04c0bce0155c1820f1827a20d769da26a53e0a6c45dfb03718fa8437b4ef88
case_082,3,5,time_first,192108,8275254,0.30233621842234887,1.0,0,p3/case_082/time_first.json,4c04c0bce0155c1820f1827a20d769da26a53e0a6c45dfb03718fa8437b4ef88
case_083,3,5,max_byte_hit_within_1pct_time_no_extra_copy,184594,3721600,0.18958848353999386,1.0,0,p3/case_083/max_byte_hit_within_1pct_time_no_extra_copy.json,b222e3129289cd55fecc88d68ba89068e382a573082f7b7dd550c9561ea87d67
case_083,3,5,min_copy_within_1pct_time,184594,3721600,0.18958848353999386,1.0,0,p3/case_083/min_copy_within_1pct_time.json,b222e3129289cd55fecc88d68ba89068e382a573082f7b7dd550c9561ea87d67
case_083,3,5,min_copy_within_3pct_time,184594,3721600,0.18958848353999386,1.0,0,p3/case_083/min_copy_within_3pct_time.json,b222e3129289cd55fecc88d68ba89068e382a573082f7b7dd550c9561ea87d67
case_083,3,5,time_first,184594,3721600,0.18958848353999386,1.0,0,p3/case_083/time_first.json,b222e3129289cd55fecc88d68ba89068e382a573082f7b7dd550c9561ea87d67
case_084,3,5,max_byte_hit_within_1pct_time_no_extra_copy,256584,0,0.0,1.0,0,p3/case_084/max_byte_hit_within_1pct_time_no_extra_copy.json,20b8a41e57591aece22c71debec2d53f52e018da8b07af1e2f53a94107d4bd93
case_084,3,5,min_copy_within_1pct_time,256584,0,0.0,1.0,0,p3/case_084/min_copy_within_1pct_time.json,20b8a41e57591aece22c71debec2d53f52e018da8b07af1e2f53a94107d4bd93
case_084,3,5,min_copy_within_3pct_time,256584,0,0.0,1.0,0,p3/case_084/min_copy_within_3pct_time.json,20b8a41e57591aece22c71debec2d53f52e018da8b07af1e2f53a94107d4bd93
case_084,3,5,time_first,256584,0,0.0,1.0,0,p3/case_084/time_first.json,20b8a41e57591aece22c71debec2d53f52e018da8b07af1e2f53a94107d4bd93
case_085,3,5,max_byte_hit_within_1pct_time_no_extra_copy,918105,38446456,0.24890381230250724,1.0,0,p3/case_085/max_byte_hit_within_1pct_time_no_extra_copy.json,d8a60436f063650d82eae0489b0c1f7797e47b68cd4d90621755ce1a916d3315
case_085,3,5,min_copy_within_1pct_time,918105,38446456,0.24890381230250724,1.0,0,p3/case_085/min_copy_within_1pct_time.json,d8a60436f063650d82eae0489b0c1f7797e47b68cd4d90621755ce1a916d3315
case_085,3,5,min_copy_within_3pct_time,930441,38442360,0.24832894150553544,1.0134363716568366,4096,p3/case_085/min_copy_within_3pct_time.json,3e9495045bf850afdf04f78ede4d7a055a9f863dd91acc184943720d4b158ec8
case_085,3,5,time_first,918105,38446456,0.24890381230250724,1.0,0,p3/case_085/time_first.json,d8a60436f063650d82eae0489b0c1f7797e47b68cd4d90621755ce1a916d3315
case_086,3,5,max_byte_hit_within_1pct_time_no_extra_copy,39500,2345464,0.44188906370854947,1.0,0,p3/case_086/max_byte_hit_within_1pct_time_no_extra_copy.json,228c8f5be5b1ab2b231f905e5a7449774a1dfa4d8bbd382797d28d3ac7b053b8
case_086,3,5,min_copy_within_1pct_time,39500,2345464,0.44188906370854947,1.0,0,p3/case_086/min_copy_within_1pct_time.json,228c8f5be5b1ab2b231f905e5a7449774a1dfa4d8bbd382797d28d3ac7b053b8
case_086,3,5,min_copy_within_3pct_time,39500,2345464,0.44188906370854947,1.0,0,p3/case_086/min_copy_within_3pct_time.json,228c8f5be5b1ab2b231f905e5a7449774a1dfa4d8bbd382797d28d3ac7b053b8
case_086,3,5,time_first,39500,2345464,0.44188906370854947,1.0,0,p3/case_086/time_first.json,228c8f5be5b1ab2b231f905e5a7449774a1dfa4d8bbd382797d28d3ac7b053b8
case_087,3,5,max_byte_hit_within_1pct_time_no_extra_copy,790292,13367444,0.2614837363507268,1.0,0,p3/case_087/max_byte_hit_within_1pct_time_no_extra_copy.json,2cb5c231412114be5cd807792de8607d3c0385e201530d77922c11e212395151
case_087,3,5,min_copy_within_1pct_time,790292,13367444,0.2614837363507268,1.0,0,p3/case_087/min_copy_within_1pct_time.json,2cb5c231412114be5cd807792de8607d3c0385e201530d77922c11e212395151
case_087,3,5,min_copy_within_3pct_time,790292,13367444,0.2614837363507268,1.0,0,p3/case_087/min_copy_within_3pct_time.json,2cb5c231412114be5cd807792de8607d3c0385e201530d77922c11e212395151
case_087,3,5,time_first,790292,13367444,0.2614837363507268,1.0,0,p3/case_087/time_first.json,2cb5c231412114be5cd807792de8607d3c0385e201530d77922c11e212395151
case_088,3,5,max_byte_hit_within_1pct_time_no_extra_copy,75604,2836780,0.2598511488930383,1.0,0,p3/case_088/max_byte_hit_within_1pct_time_no_extra_copy.json,7a8ddff03083d589de2f005cd307cb6add52a062aac82f7fe073870a5634c911
case_088,3,5,min_copy_within_1pct_time,75604,2836780,0.2598511488930383,1.0,0,p3/case_088/min_copy_within_1pct_time.json,7a8ddff03083d589de2f005cd307cb6add52a062aac82f7fe073870a5634c911
case_088,3,5,min_copy_within_3pct_time,75604,2836780,0.2598511488930383,1.0,0,p3/case_088/min_copy_within_3pct_time.json,7a8ddff03083d589de2f005cd307cb6add52a062aac82f7fe073870a5634c911
case_088,3,5,time_first,75604,2836780,0.2598511488930383,1.0,0,p3/case_088/time_first.json,7a8ddff03083d589de2f005cd307cb6add52a062aac82f7fe073870a5634c911
case_089,3,5,max_byte_hit_within_1pct_time_no_extra_copy,119788,954880,0.016973125884016973,1.0040400315155986,0,p3/case_089/max_byte_hit_within_1pct_time_no_extra_copy.json,8ade6afee314903e66bea9e8df82535b099e5fdbdb3c71f5bd688dc7969f514b
case_089,3,5,min_copy_within_1pct_time,119306,954880,0.0,1.0,0,p3/case_089/min_copy_within_1pct_time.json,71a9dce5a1398e6132e033d6b44212a79e7b3ec842352dbfcc64d13b7530c4c0
case_089,3,5,min_copy_within_3pct_time,119306,954880,0.0,1.0,0,p3/case_089/min_copy_within_3pct_time.json,71a9dce5a1398e6132e033d6b44212a79e7b3ec842352dbfcc64d13b7530c4c0
case_089,3,5,time_first,119306,954880,0.0,1.0,0,p3/case_089/time_first.json,71a9dce5a1398e6132e033d6b44212a79e7b3ec842352dbfcc64d13b7530c4c0
case_090,3,5,max_byte_hit_within_1pct_time_no_extra_copy,194679,8593920,0.5067287830763204,1.0,0,p3/case_090/max_byte_hit_within_1pct_time_no_extra_copy.json,5d1432e1390265a1bbfddd0f0e445e5de368c09339ac387ea9c3930890054052
case_090,3,5,min_copy_within_1pct_time,194679,8593920,0.5067287830763204,1.0,0,p3/case_090/min_copy_within_1pct_time.json,5d1432e1390265a1bbfddd0f0e445e5de368c09339ac387ea9c3930890054052
case_090,3,5,min_copy_within_3pct_time,194679,8593920,0.5067287830763204,1.0,0,p3/case_090/min_copy_within_3pct_time.json,5d1432e1390265a1bbfddd0f0e445e5de368c09339ac387ea9c3930890054052
case_090,3,5,time_first,194679,8593920,0.5067287830763204,1.0,0,p3/case_090/time_first.json,5d1432e1390265a1bbfddd0f0e445e5de368c09339ac387ea9c3930890054052
case_091,3,5,max_byte_hit_within_1pct_time_no_extra_copy,1820358,74683904,0.5260621734686152,1.0,0,p3/case_091/max_byte_hit_within_1pct_time_no_extra_copy.json,69d275bb6bfe69e30da6a1d15b5d5a5630d954cfd4d9b5e7572f5f870596cbde
case_091,3,5,min_copy_within_1pct_time,1820358,74683904,0.5260621734686152,1.0,0,p3/case_091/min_copy_within_1pct_time.json,69d275bb6bfe69e30da6a1d15b5d5a5630d954cfd4d9b5e7572f5f870596cbde
case_091,3,5,min_copy_within_3pct_time,1820358,74683904,0.5260621734686152,1.0,0,p3/case_091/min_copy_within_3pct_time.json,69d275bb6bfe69e30da6a1d15b5d5a5630d954cfd4d9b5e7572f5f870596cbde
case_091,3,5,time_first,1820358,74683904,0.5260621734686152,1.0,0,p3/case_091/time_first.json,69d275bb6bfe69e30da6a1d15b5d5a5630d954cfd4d9b5e7572f5f870596cbde
case_092,3,5,max_byte_hit_within_1pct_time_no_extra_copy,785869,3950976,0.16450183745163535,1.0,0,p3/case_092/max_byte_hit_within_1pct_time_no_extra_copy.json,97453af7d55f3cc75980a63e308547735472f738245cb4b8361c8bb974c3260c
case_092,3,5,min_copy_within_1pct_time,785869,3950976,0.16450183745163535,1.0,0,p3/case_092/min_copy_within_1pct_time.json,97453af7d55f3cc75980a63e308547735472f738245cb4b8361c8bb974c3260c
case_092,3,5,min_copy_within_3pct_time,785869,3950976,0.16450183745163535,1.0,0,p3/case_092/min_copy_within_3pct_time.json,97453af7d55f3cc75980a63e308547735472f738245cb4b8361c8bb974c3260c
case_092,3,5,time_first,785869,3950976,0.16450183745163535,1.0,0,p3/case_092/time_first.json,97453af7d55f3cc75980a63e308547735472f738245cb4b8361c8bb974c3260c
case_093,3,5,max_byte_hit_within_1pct_time_no_extra_copy,15664,32768,0.033783783783783786,1.0,0,p3/case_093/max_byte_hit_within_1pct_time_no_extra_copy.json,01fcf06e664c2f62a20ed391a32f73287e28dd3f25443378d7da5e069a55a1fe
case_093,3,5,min_copy_within_1pct_time,15664,32768,0.033783783783783786,1.0,0,p3/case_093/min_copy_within_1pct_time.json,01fcf06e664c2f62a20ed391a32f73287e28dd3f25443378d7da5e069a55a1fe
case_093,3,5,min_copy_within_3pct_time,15664,32768,0.033783783783783786,1.0,0,p3/case_093/min_copy_within_3pct_time.json,01fcf06e664c2f62a20ed391a32f73287e28dd3f25443378d7da5e069a55a1fe
case_093,3,5,time_first,15664,32768,0.033783783783783786,1.0,0,p3/case_093/time_first.json,01fcf06e664c2f62a20ed391a32f73287e28dd3f25443378d7da5e069a55a1fe
case_094,3,5,max_byte_hit_within_1pct_time_no_extra_copy,16243,259200,0.22195453151693023,1.0,0,p3/case_094/max_byte_hit_within_1pct_time_no_extra_copy.json,79985c6dd1c1792cbc5d10e9823e97f7129cb8748881bdcc5ea862edc41ff6f5
case_094,3,5,min_copy_within_1pct_time,16243,259200,0.22195453151693023,1.0,0,p3/case_094/min_copy_within_1pct_time.json,79985c6dd1c1792cbc5d10e9823e97f7129cb8748881bdcc5ea862edc41ff6f5
case_094,3,5,min_copy_within_3pct_time,16243,259200,0.22195453151693023,1.0,0,p3/case_094/min_copy_within_3pct_time.json,79985c6dd1c1792cbc5d10e9823e97f7129cb8748881bdcc5ea862edc41ff6f5
case_094,3,5,time_first,16243,259200,0.22195453151693023,1.0,0,p3/case_094/time_first.json,79985c6dd1c1792cbc5d10e9823e97f7129cb8748881bdcc5ea862edc41ff6f5
case_095,3,5,max_byte_hit_within_1pct_time_no_extra_copy,220188,0,0.0,1.0,0,p3/case_095/max_byte_hit_within_1pct_time_no_extra_copy.json,51f798d4c5e9bdad79964b2049ab3a8fb50a166ef79fc04747291d0797b1d982
case_095,3,5,min_copy_within_1pct_time,220188,0,0.0,1.0,0,p3/case_095/min_copy_within_1pct_time.json,51f798d4c5e9bdad79964b2049ab3a8fb50a166ef79fc04747291d0797b1d982
case_095,3,5,min_copy_within_3pct_time,220188,0,0.0,1.0,0,p3/case_095/min_copy_within_3pct_time.json,51f798d4c5e9bdad79964b2049ab3a8fb50a166ef79fc04747291d0797b1d982
case_095,3,5,time_first,220188,0,0.0,1.0,0,p3/case_095/time_first.json,51f798d4c5e9bdad79964b2049ab3a8fb50a166ef79fc04747291d0797b1d982
case_096,3,5,max_byte_hit_within_1pct_time_no_extra_copy,23645,1298500,0.3063342257528447,1.0,0,p3/case_096/max_byte_hit_within_1pct_time_no_extra_copy.json,847c30ea510d7c1ce6db27480decbf244acb352975e3fb5aae43bdf5f405ce2e
case_096,3,5,min_copy_within_1pct_time,23645,1298500,0.3063342257528447,1.0,0,p3/case_096/min_copy_within_1pct_time.json,847c30ea510d7c1ce6db27480decbf244acb352975e3fb5aae43bdf5f405ce2e
case_096,3,5,min_copy_within_3pct_time,23645,1298500,0.3063342257528447,1.0,0,p3/case_096/min_copy_within_3pct_time.json,847c30ea510d7c1ce6db27480decbf244acb352975e3fb5aae43bdf5f405ce2e
case_096,3,5,time_first,23645,1298500,0.3063342257528447,1.0,0,p3/case_096/time_first.json,847c30ea510d7c1ce6db27480decbf244acb352975e3fb5aae43bdf5f405ce2e
case_097,3,5,max_byte_hit_within_1pct_time_no_extra_copy,2094984,17039360,0.7840384615384616,1.0,0,p3/case_097/max_byte_hit_within_1pct_time_no_extra_copy.json,8a42ce6572a9ce8e7b899de42512f9113409c36c4b7b1c5fa897077ffa2ea177
case_097,3,5,min_copy_within_1pct_time,2094984,17039360,0.7840384615384616,1.0,0,p3/case_097/min_copy_within_1pct_time.json,8a42ce6572a9ce8e7b899de42512f9113409c36c4b7b1c5fa897077ffa2ea177
case_097,3,5,min_copy_within_3pct_time,2094984,17039360,0.7840384615384616,1.0,0,p3/case_097/min_copy_within_3pct_time.json,8a42ce6572a9ce8e7b899de42512f9113409c36c4b7b1c5fa897077ffa2ea177
case_097,3,5,time_first,2094984,17039360,0.7840384615384616,1.0,0,p3/case_097/time_first.json,8a42ce6572a9ce8e7b899de42512f9113409c36c4b7b1c5fa897077ffa2ea177
case_098,3,5,max_byte_hit_within_1pct_time_no_extra_copy,43258,1214340,0.35561971618357485,1.0,0,p3/case_098/max_byte_hit_within_1pct_time_no_extra_copy.json,2cc47149f8aca26dd3e5053811ed1fe9ec37e48a2be31ae57e3695b95d25f29d
case_098,3,5,min_copy_within_1pct_time,43258,1214340,0.35561971618357485,1.0,0,p3/case_098/min_copy_within_1pct_time.json,2cc47149f8aca26dd3e5053811ed1fe9ec37e48a2be31ae57e3695b95d25f29d
case_098,3,5,min_copy_within_3pct_time,43258,1214340,0.35561971618357485,1.0,0,p3/case_098/min_copy_within_3pct_time.json,2cc47149f8aca26dd3e5053811ed1fe9ec37e48a2be31ae57e3695b95d25f29d
case_098,3,5,time_first,43258,1214340,0.35561971618357485,1.0,0,p3/case_098/time_first.json,2cc47149f8aca26dd3e5053811ed1fe9ec37e48a2be31ae57e3695b95d25f29d
case_099,3,5,max_byte_hit_within_1pct_time_no_extra_copy,321604,7065600,0.7104568365469237,1.0,0,p3/case_099/max_byte_hit_within_1pct_time_no_extra_copy.json,4fc8e53a70b1899afc0740b20a9df67854097f4ca63de6c49abf61736be01254
case_099,3,5,min_copy_within_1pct_time,321604,7065600,0.7104568365469237,1.0,0,p3/case_099/min_copy_within_1pct_time.json,4fc8e53a70b1899afc0740b20a9df67854097f4ca63de6c49abf61736be01254
case_099,3,5,min_copy_within_3pct_time,321604,7065600,0.7104568365469237,1.0,0,p3/case_099/min_copy_within_3pct_time.json,4fc8e53a70b1899afc0740b20a9df67854097f4ca63de6c49abf61736be01254
case_099,3,5,time_first,321604,7065600,0.7104568365469237,1.0,0,p3/case_099/time_first.json,4fc8e53a70b1899afc0740b20a9df67854097f4ca63de6c49abf61736be01254
case_100,3,5,max_byte_hit_within_1pct_time_no_extra_copy,58085,211968,0.327124236466278,1.0,0,p3/case_100/max_byte_hit_within_1pct_time_no_extra_copy.json,bbf30f1bd665f39b76cb0ec29292b88053e7e5b778b098e1de55a727df007a97
case_100,3,5,min_copy_within_1pct_time,58085,211968,0.327124236466278,1.0,0,p3/case_100/min_copy_within_1pct_time.json,bbf30f1bd665f39b76cb0ec29292b88053e7e5b778b098e1de55a727df007a97
case_100,3,5,min_copy_within_3pct_time,58085,211968,0.327124236466278,1.0,0,p3/case_100/min_copy_within_3pct_time.json,bbf30f1bd665f39b76cb0ec29292b88053e7e5b778b098e1de55a727df007a97
case_100,3,5,time_first,58085,211968,0.327124236466278,1.0,0,p3/case_100/time_first.json,bbf30f1bd665f39b76cb0ec29292b88053e7e5b778b098e1de55a727df007a97
